t_utc,t_unix,t_sclk,t_tid,tid,orbit,focusmode,alt,lst,long,lat,sza,ion_mass,cps_dt,abundance,sensitivity,SC_potential,precision,quality
2025-11-15T01:06:34,1763168793.847353,   816440361.37,3939.379555,63116,24808,osion,4.476287e+02,2.246250e+01,-1.540543e+02,4.695643e+01,1.256461e+02,2,37.039747,0.047141,550,-3.414330e+00,0.164311,SCP
2025-11-15T01:06:46,1763168805.847328,   816440373.37,3951.379555,63116,24808,osion,4.390588e+02,2.248722e+01,-1.537292e+02,4.632692e+01,1.263207e+02,2,37.039747,0.047141,550,-3.832499e+00,0.164311,SCP
2025-11-15T01:06:49,1763168808.847322,   816440376.37,3954.379555,63116,24808,osion,4.369352e+02,2.249333e+01,-1.536490e+02,4.616889e+01,1.264898e+02,2,37.039747,0.047141,550,-3.456131e+00,0.164311,SCP
2025-11-15T01:06:58,1763168817.847303,   816440385.37,3963.379555,63116,24808,osion,4.306097e+02,2.251167e+01,-1.534109e+02,4.569330e+01,1.269991e+02,2,37.039747,0.047141,550,-3.791080e+00,0.164311,SCP
2025-11-15T01:07:03,1763168822.847293,   816440390.37,3968.379555,63116,24808,osion,4.271253e+02,2.252194e+01,-1.532803e+02,4.542809e+01,1.272838e+02,2,37.039747,0.047141,550,-3.291780e+00,0.164311,SCP
2025-11-15T01:07:06,1763168825.847287,   816440393.37,3971.379555,63116,24808,osion,4.250449e+02,2.252778e+01,-1.532025e+02,4.526863e+01,1.274534e+02,2,148.205345,0.188625,550,-2.997755e+00,0.082143,SCP
2025-11-15T01:07:15,1763168834.847267,   816440402.37,3980.379555,63116,24808,osion,4.188502e+02,2.254556e+01,-1.529714e+02,4.478876e+01,1.279655e+02,2,37.039747,0.047141,550,-2.884313e+00,0.164311,SCP
2025-11-15T01:07:21,1763168840.847255,   816440408.37,3986.379555,63116,24808,osion,4.147595e+02,2.255750e+01,-1.528193e+02,4.446760e+01,1.283089e+02,2,37.039747,0.067345,550,-3.069081e+00,0.164311,SCP
2025-11-15T01:07:30,1763168849.847236,   816440417.37,3995.379555,63116,24808,osion,4.086826e+02,2.257500e+01,-1.525941e+02,4.398402e+01,1.288243e+02,2,74.082613,0.134696,550,-3.537066e+00,0.116183,SCP
2025-11-15T01:07:50,1763168869.847194,   816440437.37,4015.379555,63116,24808,osion,3.954358e+02,2.261278e+01,-1.521056e+02,4.290159e+01,1.299740e+02,2,37.039747,0.067345,550,-4.958457e+00,0.164311,SCP
2025-11-15T01:07:53,1763168872.847188,   816440440.37,4018.379555,63116,24808,osion,3.934798e+02,2.261833e+01,-1.520337e+02,4.273831e+01,1.301470e+02,2,37.039747,0.067345,550,-4.910997e+00,0.164311,SCP
2025-11-15T01:07:56,1763168875.847182,   816440443.37,4021.379555,63116,24808,osion,3.915320e+02,2.262389e+01,-1.519622e+02,4.257479e+01,1.303204e+02,2,37.039747,0.067345,550,-4.443399e+00,0.164311,SCP
2025-11-15T01:08:13,1763168892.847147,   816440460.37,4038.379555,63116,24808,osion,3.806501e+02,2.265528e+01,-1.515634e+02,4.164376e+01,1.313078e+02,2,111.195882,0.202174,550,-5.546801e+00,0.094832,SCP
2025-11-15T01:08:16,1763168895.847141,   816440463.37,4041.379555,63116,24808,osion,3.787575e+02,2.266056e+01,-1.514942e+02,4.147869e+01,1.314817e+02,2,37.039747,0.067345,550,-6.003879e+00,0.164311,SCP
2025-11-15T01:08:28,1763168907.847116,   816440475.37,4053.379555,63116,24808,osion,3.712713e+02,2.268222e+01,-1.512205e+02,4.081611e+01,1.321829e+02,2,74.082613,0.134696,550,-7.501024e+00,0.116183,SCP
2025-11-15T01:08:46,1763168925.847078,   816440493.37,4071.379555,63116,24808,osion,3.602975e+02,2.271361e+01,-1.508194e+02,3.981547e+01,1.332375e+02,2,37.039747,0.067345,550,-7.057133e+00,0.164311,SCP
2025-11-15T01:08:49,1763168928.847072,   816440496.37,4074.379555,63116,24808,osion,3.584987e+02,2.271889e+01,-1.507536e+02,3.964792e+01,1.334144e+02,2,37.039747,0.067345,550,-7.037361e+00,0.164311,SCP
2025-11-15T01:09:03,1763168942.847042,   816440510.37,4088.379555,63116,24808,osion,3.502197e+02,2.274278e+01,-1.504507e+02,3.886314e+01,1.342400e+02,2,37.039747,0.067345,550,-7.053949e+00,0.164311,SCP
2025-11-15T01:09:06,1763168945.847036,   816440513.37,4091.379555,63116,24808,osion,3.484705e+02,2.274806e+01,-1.503866e+02,3.869435e+01,1.344185e+02,2,37.039747,0.067345,550,-7.039191e+00,0.164311,SCP
2025-11-15T01:09:09,1763168948.847030,   816440516.37,4094.379555,63116,24808,osion,3.467302e+02,2.275306e+01,-1.503228e+02,3.852536e+01,1.345958e+02,2,111.195882,0.202174,550,-7.027892e+00,0.094832,SCP
2025-11-15T01:09:18,1763168957.847011,   816440525.37,4103.379555,63116,24808,osion,3.415625e+02,2.276806e+01,-1.501330e+02,3.801709e+01,1.351293e+02,2,37.039747,0.067345,550,-7.725862e+00,0.164311,SCP
2025-11-15T01:09:27,1763168966.846993,   816440534.37,4112.379555,63116,24808,osion,3.364753e+02,2.278306e+01,-1.499458e+02,3.750693e+01,1.356651e+02,2,37.039747,0.067345,550,-6.448647e+00,0.164311,SCP
2025-11-15T01:09:30,1763168969.846987,   816440537.37,4115.379555,63116,24808,osion,3.347976e+02,2.278806e+01,-1.498839e+02,3.733646e+01,1.358443e+02,2,74.082613,0.134696,550,-7.037625e+00,0.116183,SCP
2025-11-15T01:09:33,1763168972.846980,   816440540.37,4118.379555,63116,24808,osion,3.331290e+02,2.279278e+01,-1.498223e+02,3.716578e+01,1.360222e+02,2,37.039747,0.067345,550,-7.046687e+00,0.164311,SCP
2025-11-15T01:09:36,1763168975.846973,   816440543.37,4121.379555,63116,24808,osion,3.314695e+02,2.279778e+01,-1.497610e+02,3.699490e+01,1.362018e+02,2,37.039747,0.067345,550,-7.054092e+00,0.164311,SCP
2025-11-15T01:09:47,1763168986.846951,   816440554.37,4132.379555,63116,24808,osion,3.254626e+02,2.281556e+01,-1.495383e+02,3.636658e+01,1.368596e+02,2,74.082613,0.134696,550,-3.393364e+00,0.116183,SCP
2025-11-15T01:09:53,1763168992.846938,   816440560.37,4138.379555,63116,24808,osion,3.222382e+02,2.282528e+01,-1.494182e+02,3.602272e+01,1.372199e+02,2,37.039747,0.067345,550,-3.846024e+00,0.164311,SCP
2025-11-15T01:09:59,1763168998.846926,   816440566.37,4144.379555,63116,24808,osion,3.190509e+02,2.283472e+01,-1.492992e+02,3.567806e+01,1.375797e+02,2,37.039747,0.067345,550,-4.619312e+00,0.164311,SCP
2025-11-15T01:10:08,1763169007.846907,   816440575.37,4153.379555,63116,24808,osion,3.143397e+02,2.284889e+01,-1.491225e+02,3.515960e+01,1.381211e+02,2,37.039747,0.067345,550,-4.892645e+00,0.164311,SCP
2025-11-15T01:10:14,1763169013.846895,   816440581.37,4159.379555,63116,24808,osion,3.112458e+02,2.285833e+01,-1.490059e+02,3.481298e+01,1.384833e+02,2,111.195882,0.202174,550,-4.906593e+00,0.094832,SCP
2025-11-15T01:10:19,1763169018.846885,   816440586.37,4164.379555,63116,24808,osion,3.086964e+02,2.286611e+01,-1.489095e+02,3.452355e+01,1.387853e+02,2,37.039747,0.067345,550,-4.949215e+00,0.164311,SCP
2025-11-15T01:10:22,1763169021.846878,   816440589.37,4167.379555,63116,24808,osion,3.071794e+02,2.287083e+01,-1.488519e+02,3.434963e+01,1.389671e+02,2,185.254347,0.336826,550,-4.942364e+00,0.073471,SCP
2025-11-15T01:10:25,1763169024.846872,   816440592.37,4170.379555,63116,24808,osion,3.056719e+02,2.287556e+01,-1.487946e+02,3.417553e+01,1.391491e+02,2,148.205345,0.269464,550,-4.936847e+00,0.082143,SCP
2025-11-15T01:10:28,1763169027.846865,   816440595.37,4173.379555,63116,24808,osion,3.041739e+02,2.288000e+01,-1.487375e+02,3.400124e+01,1.393298e+02,2,111.195882,0.202174,550,-4.795261e+00,0.094832,SCP
2025-11-15T01:10:31,1763169030.846859,   816440598.37,4176.379555,63116,24808,osion,3.026854e+02,2.288472e+01,-1.486806e+02,3.382676e+01,1.395123e+02,2,74.082613,0.134696,550,-4.088070e+00,0.116183,SCP
2025-11-15T01:10:34,1763169033.846853,   816440601.37,4179.379555,63116,24808,osion,3.012065e+02,2.288917e+01,-1.486240e+02,3.365209e+01,1.396935e+02,2,37.039747,0.067345,550,-3.122254e+00,0.164311,SCP
2025-11-15T01:10:37,1763169036.846847,   816440604.37,4182.379555,63116,24808,osion,2.997373e+02,2.289389e+01,-1.485675e+02,3.347724e+01,1.398764e+02,2,74.082613,0.134696,550,-2.427999e+00,0.116183,SCP
2025-11-15T01:10:40,1763169039.846841,   816440607.37,4185.379555,63116,24808,osion,2.982776e+02,2.289833e+01,-1.485113e+02,3.330220e+01,1.400580e+02,2,111.195882,0.202174,550,-2.192808e+00,0.094832,SCP
2025-11-15T01:10:43,1763169042.846834,   816440610.37,4188.379555,63116,24808,osion,2.968276e+02,2.290306e+01,-1.484553e+02,3.312698e+01,1.402414e+02,2,111.195882,0.202174,550,-1.986073e+00,0.094832,SCP
2025-11-15T01:10:46,1763169045.846828,   816440613.37,4191.379555,63116,24808,osion,2.953873e+02,2.290750e+01,-1.483996e+02,3.295158e+01,1.404234e+02,2,37.039747,0.067345,550,-1.893607e+00,0.164311,SCP
2025-11-15T01:10:49,1763169048.846822,   816440616.37,4194.379555,63116,24808,osion,2.939567e+02,2.291194e+01,-1.483440e+02,3.277600e+01,1.406057e+02,2,37.039747,0.067345,550,-2.105955e+00,0.164311,SCP
2025-11-15T01:10:54,1763169053.846811,   816440621.37,4199.379555,63116,24808,osion,2.915939e+02,2.291944e+01,-1.482519e+02,3.248296e+01,1.409104e+02,2,37.039747,0.067345,550,-2.182859e+00,0.164311,SCP
2025-11-15T01:11:00,1763169059.846799,   816440627.37,4205.379555,63116,24808,osion,2.887944e+02,2.292833e+01,-1.481421e+02,3.213067e+01,1.412763e+02,2,37.039747,0.067345,550,-2.358449e+00,0.164311,SCP
2025-11-15T01:11:12,1763169071.846774,   816440639.37,4217.379555,63116,24808,osion,2.833132e+02,2.294611e+01,-1.479250e+02,3.142396e+01,1.420105e+02,2,185.254347,0.336826,550,-2.307355e+00,0.073471,SCP
2025-11-15T01:11:27,1763169086.846743,   816440654.37,4232.379555,63116,24808,osion,2.766847e+02,2.296806e+01,-1.476581e+02,3.053673e+01,1.429311e+02,2,37.039747,0.067345,550,-3.868698e+00,0.164311,SCP
2025-11-15T01:11:45,1763169104.846705,   816440672.37,4250.379555,63116,24808,osion,2.690612e+02,2.299389e+01,-1.473440e+02,2.946658e+01,1.440394e+02,2,37.039747,0.067345,550,-4.851299e+00,0.164311,SCP
2025-11-15T01:12:11,1763169130.846652,   816440698.37,4276.379555,63116,24808,osion,2.586955e+02,2.303028e+01,-1.469017e+02,2.791073e+01,1.456463e+02,2,37.039747,0.067345,550,-5.262944e+00,0.164311,SCP
2025-11-15T01:12:17,1763169136.846638,   816440704.37,4282.379555,63116,24808,osion,2.564131e+02,2.303861e+01,-1.468015e+02,2.755007e+01,1.460186e+02,2,37.039747,0.067345,550,-4.939000e+00,0.164311,SCP
2025-11-15T01:12:20,1763169139.846632,   816440707.37,4285.379555,63116,24808,osion,2.552874e+02,2.304278e+01,-1.467516e+02,2.736952e+01,1.462050e+02,2,37.039747,0.067345,550,-4.943702e+00,0.164311,SCP
2025-11-15T01:12:31,1763169150.846610,   816440718.37,4296.379555,63116,24808,osion,2.512491e+02,2.305778e+01,-1.465701e+02,2.670625e+01,1.468881e+02,2,37.039747,0.067345,550,-4.897181e+00,0.164311,SCP
2025-11-15T01:12:34,1763169153.846603,   816440721.37,4299.379555,63116,24808,osion,2.501721e+02,2.306194e+01,-1.465209e+02,2.652503e+01,1.470752e+02,2,37.039747,0.067345,550,-4.988659e+00,0.164311,SCP
2025-11-15T01:12:43,1763169162.846585,   816440730.37,4308.379555,63116,24808,osion,2.470040e+02,2.307417e+01,-1.463744e+02,2.598052e+01,1.476358e+02,2,74.082613,0.134696,550,-4.880812e+00,0.116183,SCP
2025-11-15T01:12:46,1763169165.846578,   816440733.37,4311.379555,63116,24808,osion,2.459691e+02,2.307806e+01,-1.463259e+02,2.579874e+01,1.478218e+02,2,74.082613,0.134696,550,-4.864294e+00,0.116183,SCP
2025-11-15T01:12:49,1763169168.846571,   816440736.37,4314.379555,63116,24808,osion,2.449447e+02,2.308222e+01,-1.462775e+02,2.561683e+01,1.480097e+02,2,37.039747,0.067345,550,-4.907369e+00,0.164311,SCP
2025-11-15T01:12:55,1763169174.846559,   816440742.37,4320.379555,63116,24808,osion,2.429276e+02,2.309028e+01,-1.461812e+02,2.525260e+01,1.483842e+02,2,37.039747,0.067345,550,-5.394366e+00,0.164311,SCP
2025-11-15T01:13:03,1763169182.846543,   816440750.37,4328.379555,63116,24808,osion,2.403043e+02,2.310083e+01,-1.460537e+02,2.476615e+01,1.488832e+02,2,74.082613,0.134696,550,-5.182166e+00,0.116183,SCP
2025-11-15T01:13:06,1763169185.846537,   816440753.37,4331.379555,63116,24808,osion,2.393401e+02,2.310500e+01,-1.460062e+02,2.458349e+01,1.490718e+02,2,74.082613,0.134696,550,-4.923357e+00,0.116183,SCP
2025-11-15T01:13:09,1763169188.846530,   816440756.37,4334.379555,63116,24808,osion,2.383866e+02,2.310889e+01,-1.459588e+02,2.440071e+01,1.492589e+02,2,37.039747,0.067345,550,-4.913422e+00,0.164311,SCP
2025-11-15T01:13:12,1763169191.846524,   816440759.37,4337.379555,63116,24808,osion,2.374437e+02,2.311278e+01,-1.459115e+02,2.421780e+01,1.494461e+02,2,37.039747,0.067345,550,-4.924294e+00,0.164311,SCP
2025-11-15T01:13:18,1763169197.846512,   816440765.37,4343.379555,63116,24808,osion,2.355902e+02,2.312083e+01,-1.458174e+02,2.385160e+01,1.498226e+02,2,37.039747,0.067345,550,-4.781879e+00,0.164311,SCP
2025-11-15T01:13:27,1763169206.846493,   816440774.37,4352.379555,63116,24808,osion,2.328907e+02,2.313250e+01,-1.456772e+02,2.330140e+01,1.503857e+02,2,37.039747,0.067345,550,-4.062297e+00,0.164311,SCP
2025-11-15T01:13:44,1763169223.846395,   816440791.37,4369.379555,63116,24808,osion,2.280571e+02,2.315444e+01,-1.454156e+02,2.225925e+01,1.514515e+02,2,37.039747,0.067345,550,-1.420775e+00,0.164311,SCP
2025-11-15T01:13:50,1763169229.846453,   816440797.37,4375.379555,63116,24808,osion,2.264345e+02,2.316222e+01,-1.453243e+02,2.189057e+01,1.518287e+02,2,37.039747,0.067345,550,-1.855980e+00,0.164311,SCP
2025-11-15T01:14:05,1763169244.847414,   816440812.37,4390.379555,63116,24808,osion,2.225694e+02,2.318139e+01,-1.450980e+02,2.096700e+01,1.527714e+02,2,37.039747,0.067345,550,-2.516702e+00,0.164311,SCP
2025-11-15T01:14:08,1763169247.847407,   816440815.37,4393.379555,63116,24808,osion,2.218293e+02,2.318528e+01,-1.450531e+02,2.078198e+01,1.529606e+02,2,37.039747,0.067345,550,-2.341501e+00,0.164311,SCP
2025-11-15T01:14:11,1763169250.847401,   816440818.37,4396.379555,63116,24808,osion,2.211002e+02,2.318889e+01,-1.450083e+02,2.059685e+01,1.531481e+02,2,37.039747,0.067345,550,-2.272577e+00,0.164311,SCP
2025-11-15T01:14:13,1763169252.847397,   816440820.37,4398.379555,63116,24808,osion,2.206203e+02,2.319167e+01,-1.449785e+02,2.047338e+01,1.532755e+02,2,37.039747,0.067345,550,-2.278724e+00,0.164311,SCP
2025-11-15T01:14:37,1763169276.847348,   816440844.37,4422.379555,63116,24808,osion,2.152449e+02,2.322167e+01,-1.446248e+02,1.898841e+01,1.547853e+02,2,37.039747,0.067345,550,-2.843360e+00,0.164311,SCP
2025-11-15T01:14:48,1763169287.847325,   816440855.37,4433.379555,63116,24808,osion,2.130191e+02,2.323528e+01,-1.444649e+02,1.830589e+01,1.554776e+02,2,74.082613,0.134696,550,-2.889775e+00,0.116183,SCP
2025-11-15T01:14:51,1763169290.847319,   816440858.37,4436.379555,63116,24808,osion,2.124381e+02,2.323889e+01,-1.444215e+02,1.811955e+01,1.556659e+02,2,74.082613,0.134696,550,-3.304560e+00,0.116183,SCP
2025-11-15T01:15:09,1763169308.847281,   816440876.37,4454.379555,63116,24808,osion,2.091878e+02,2.326111e+01,-1.441634e+02,1.699987e+01,1.567998e+02,2,74.082613,0.134696,550,-3.713084e+00,0.116183,SCP
2025-11-15T01:15:26,1763169325.847245,   816440893.37,4471.379555,63116,24808,osion,2.064902e+02,2.328167e+01,-1.439226e+02,1.593998e+01,1.578683e+02,2,37.039747,0.067345,550,-2.324920e+00,0.164311,SCP
2025-11-15T01:15:33,1763169332.847231,   816440900.37,4478.379555,63116,24808,osion,2.054850e+02,2.329000e+01,-1.438243e+02,1.550293e+01,1.583073e+02,2,37.039747,0.067345,550,-2.324365e+00,0.164311,SCP
2025-11-15T01:15:55,1763169354.847184,   816440922.37,4500.379555,63116,24808,osion,2.027279e+02,2.331639e+01,-1.435183e+02,1.412726e+01,1.596878e+02,2,74.082613,0.134696,550,-1.314595e+00,0.116183,SCP
2025-11-15T01:16:10,1763169369.847154,   816440937.37,4515.379555,63116,24808,osion,2.011991e+02,2.333417e+01,-1.433120e+02,1.318768e+01,1.606262e+02,2,37.039747,0.067345,550,-2.121480e+00,0.164311,SCP
2025-11-15T01:16:28,1763169387.847116,   816440955.37,4533.379555,63116,24808,osion,1.997418e+02,2.335556e+01,-1.430668e+02,1.205874e+01,1.617501e+02,2,74.082613,0.134696,550,-1.330395e+00,0.116183,SCP
2025-11-15T01:16:40,1763169399.847091,   816440967.37,4545.379555,63116,24808,osion,1.989993e+02,2.336944e+01,-1.429047e+02,1.130538e+01,1.624943e+02,2,37.039747,0.067345,550,-2.045908e+00,0.164311,SCP
2025-11-15T01:16:54,1763169413.847062,   816440981.37,4559.379555,63116,24808,osion,1.983651e+02,2.338583e+01,-1.427169e+02,1.042587e+01,1.633611e+02,2,111.195882,0.202174,550,-2.140425e+00,0.094832,SCP
2025-11-15T01:17:02,1763169421.847046,   816440989.37,4567.379555,63116,24808,osion,1.981151e+02,2.339500e+01,-1.426102e+02,9.923049e+00,1.638530e+02,2,37.039747,0.067345,550,-2.127736e+00,0.164311,SCP
2025-11-15T01:17:06,1763169425.847037,   816440993.37,4571.379555,63116,24808,osion,1.980207e+02,2.339972e+01,-1.425569e+02,9.671587e+00,1.640996e+02,2,74.082613,0.134696,550,-2.368640e+00,0.116183,SCP
2025-11-15T01:17:09,1763169428.847030,   816440996.37,4574.379555,63116,24808,osion,1.979633e+02,2.340333e+01,-1.425171e+02,9.482970e+00,1.642849e+02,2,37.039747,0.067345,550,-2.497023e+00,0.164311,SCP
2025-11-15T01:17:13,1763169432.847023,   816441000.37,4578.379555,63116,24808,osion,1.979048e+02,2.340778e+01,-1.424640e+02,9.231456e+00,1.645285e+02,2,74.082613,0.134696,550,-2.284985e+00,0.116183,SCP
2025-11-15T01:17:17,1763169436.847014,   816441004.37,4582.379555,63116,24808,osion,1.978666e+02,2.341250e+01,-1.424111e+02,8.979916e+00,1.647740e+02,2,111.195882,0.202174,550,-2.283573e+00,0.094832,SCP
2025-11-15T01:17:28,1763169447.846991,   816441015.37,4593.379555,63116,24808,osion,1.978672e+02,2.342500e+01,-1.422659e+02,8.288082e+00,1.654423e+02,2,37.039747,0.067345,550,-1.945475e+00,0.164311,SCP
2025-11-15T01:17:35,1763169454.846976,   816441022.37,4600.379555,63116,24808,osion,1.979481e+02,2.343306e+01,-1.421739e+02,7.847770e+00,1.658664e+02,2,37.039747,0.067345,550,-2.274821e+00,0.164311,SCP
2025-11-15T01:17:39,1763169458.846969,   816441026.37,4604.379555,63116,24808,osion,1.980225e+02,2.343778e+01,-1.421215e+02,7.596153e+00,1.661089e+02,2,37.039747,0.067345,550,-2.295688e+00,0.164311,SCP
2025-11-15T01:17:43,1763169462.846960,   816441030.37,4608.379555,63116,24808,osion,1.981173e+02,2.344222e+01,-1.420691e+02,7.344534e+00,1.663483e+02,2,37.039747,0.067345,550,-2.308080e+00,0.164311,SCP
2025-11-15T01:17:50,1763169469.846946,   816441037.37,4615.379555,63116,24808,osion,1.983325e+02,2.345028e+01,-1.419776e+02,6.904203e+00,1.667680e+02,2,74.082613,0.134696,550,-2.253857e+00,0.116183,SCP
2025-11-15T01:17:54,1763169473.846937,   816441041.37,4619.379555,63116,24808,osion,1.984835e+02,2.345472e+01,-1.419254e+02,6.652592e+00,1.670054e+02,2,74.082613,0.134696,550,-2.171509e+00,0.116183,SCP
2025-11-15T01:17:57,1763169476.846931,   816441044.37,4622.379555,63116,24808,osion,1.986102e+02,2.345833e+01,-1.418863e+02,6.463891e+00,1.671854e+02,2,37.039747,0.067345,550,-2.300515e+00,0.164311,SCP
2025-11-15T01:18:05,1763169484.846914,   816441052.37,4630.379555,63116,24808,osion,1.990043e+02,2.346722e+01,-1.417823e+02,5.960725e+00,1.676562e+02,2,37.039747,0.067345,550,-2.091787e+00,0.164311,SCP
2025-11-15T01:18:08,1763169487.846908,   816441055.37,4633.379555,63116,24808,osion,1.991732e+02,2.347083e+01,-1.417434e+02,5.772056e+00,1.678344e+02,2,37.039747,0.067345,550,-1.457174e+00,0.164311,SCP
2025-11-15T01:18:19,1763169498.846885,   816441066.37,4644.379555,63116,24808,osion,1.998906e+02,2.348333e+01,-1.416010e+02,5.080385e+00,1.684756e+02,2,74.082613,0.134696,550,-8.215109e-01,0.116183,SCP
2025-11-15T01:18:31,1763169510.846860,   816441078.37,4656.379555,63116,24808,osion,2.008492e+02,2.349667e+01,-1.414462e+02,4.326103e+00,1.691614e+02,2,37.039747,0.067345,550,-9.515439e-01,0.164311,SCP
2025-11-15T01:18:40,1763169519.846842,   816441087.37,4665.379555,63116,24808,osion,2.016885e+02,2.350694e+01,-1.413304e+02,3.760631e+00,1.696701e+02,2,37.039747,0.067345,550,-1.946764e+00,0.164311,SCP
2025-11-15T01:18:43,1763169522.846835,   816441090.37,4668.379555,63116,24808,osion,2.019911e+02,2.351028e+01,-1.412919e+02,3.572193e+00,1.698368e+02,2,37.039747,0.067345,550,-2.274412e+00,0.164311,SCP
2025-11-15T01:18:47,1763169526.846826,   816441094.37,4672.379555,63116,24808,osion,2.024125e+02,2.351472e+01,-1.412405e+02,3.320987e+00,1.700575e+02,2,74.082613,0.134696,550,-2.698886e+00,0.116183,SCP
2025-11-15T01:18:58,1763169537.846804,   816441105.37,4683.379555,63116,24808,osion,2.036759e+02,2.352722e+01,-1.410996e+02,2.630462e+00,1.706572e+02,2,148.205345,0.269464,550,-5.854538e+00,0.082143,SCP
2025-11-15T01:19:02,1763169541.846796,   816441109.37,4687.379555,63116,24808,osion,2.041734e+02,2.353167e+01,-1.410484e+02,2.379478e+00,1.708700e+02,2,74.082613,0.134696,550,-5.911107e+00,0.116183,SCP
2025-11-15T01:19:09,1763169548.846781,   816441116.37,4694.379555,63116,24808,osion,2.050928e+02,2.353944e+01,-1.409590e+02,1.940419e+00,1.712363e+02,2,37.039747,0.067345,550,-5.859714e+00,0.164311,SCP
2025-11-15T01:19:50,1763169589.846696,   816441157.37,4735.379555,63116,24808,osion,2.117192e+02,2.358528e+01,-1.404374e+02,-6.261598e-01,1.731700e+02,2,37.039747,0.067345,550,-1.133260e+00,0.164311,SCP
2025-11-15T01:20:01,1763169600.846672,   816441168.37,4746.379555,63116,24808,osion,2.138561e+02,2.359778e+01,-1.402979e+02,-1.312998e+00,1.736027e+02,2,37.039747,0.067345,550,-1.308197e+00,0.164311,SCP
2025-11-15T01:20:05,1763169604.846665,   816441172.37,4750.379555,63116,24808,osion,2.146706e+02,2.360222e+01,-1.402472e+02,-1.562545e+00,1.737459e+02,2,37.039747,0.067345,550,-1.882649e+00,0.164311,SCP
2025-11-15T01:20:09,1763169608.846656,   816441176.37,4754.379555,63116,24808,osion,2.155050e+02,2.360667e+01,-1.401965e+02,-1.811974e+00,1.738815e+02,2,74.082613,0.134696,550,-1.910870e+00,0.116183,SCP
2025-11-15T01:20:13,1763169612.846647,   816441180.37,4758.379555,63116,24808,osion,2.163594e+02,2.361111e+01,-1.401458e+02,-2.061281e+00,1.740090e+02,2,74.082613,0.134696,550,-1.588004e+00,0.116183,SCP
2025-11-15T01:20:16,1763169615.846642,   816441183.37,4761.379555,63116,24808,osion,2.170132e+02,2.361444e+01,-1.401079e+02,-2.248179e+00,1.740990e+02,2,111.195882,0.202174,550,-1.680406e+00,0.094832,SCP
2025-11-15T01:20:28,1763169627.846617,   816441195.37,4773.379555,63116,24808,osion,2.197400e+02,2.362778e+01,-1.399559e+02,-2.995047e+00,1.744065e+02,2,37.039747,0.067345,550,-1.916041e+00,0.164311,SCP
2025-11-15T01:20:31,1763169630.846610,   816441198.37,4776.379555,63116,24808,osion,2.204495e+02,2.363111e+01,-1.399180e+02,-3.181575e+00,1.744692e+02,2,37.039747,0.067345,550,-1.699471e+00,0.164311,SCP
2025-11-15T01:21:05,1763169664.846539,   816441232.37,4810.379555,63116,24808,osion,2.292644e+02,2.366889e+01,-1.394875e+02,-5.289792e+00,1.747193e+02,2,37.039747,0.067345,550,-1.886529e+00,0.164311,SCP
2025-11-15T01:21:12,1763169671.846525,   816441239.37,4817.379555,63116,24808,osion,2.312545e+02,2.367667e+01,-1.393988e+02,-5.722421e+00,1.746608e+02,2,74.082613,0.134696,550,-1.226841e+00,0.116183,SCP
2025-11-15T01:21:16,1763169675.846517,   816441243.37,4821.379555,63116,24808,osion,2.324184e+02,2.368139e+01,-1.393481e+02,-5.969404e+00,1.746147e+02,2,37.039747,0.067345,550,-1.192964e+00,0.164311,SCP
2025-11-15T01:21:23,1763169682.846502,   816441250.37,4828.379555,63116,24808,osion,2.345019e+02,2.368917e+01,-1.392593e+02,-6.401207e+00,1.745000e+02,2,74.082613,0.134696,550,-2.034041e+00,0.116183,SCP
2025-11-15T01:21:27,1763169686.846493,   816441254.37,4832.379555,63116,24808,osion,2.357190e+02,2.369361e+01,-1.392086e+02,-6.647709e+00,1.744195e+02,2,37.039747,0.067345,550,-2.358194e+00,0.164311,SCP
2025-11-15T01:21:34,1763169693.846479,   816441261.37,4839.379555,63116,24808,osion,2.378953e+02,2.370139e+01,-1.391197e+02,-7.078648e+00,1.742543e+02,2,37.039747,0.067345,550,-2.334771e+00,0.164311,SCP
2025-11-15T01:21:38,1763169697.846471,   816441265.37,4843.379555,63116,24808,osion,2.391653e+02,2.370583e+01,-1.390689e+02,-7.324645e+00,1.741468e+02,2,74.082613,0.134696,550,-2.615967e+00,0.116183,SCP
2025-11-15T01:21:41,1763169700.846465,   816441268.37,4846.379555,63116,24808,osion,2.401304e+02,2.370917e+01,-1.390308e+02,-7.509018e+00,1.740603e+02,2,111.195882,0.202174,550,-2.798786e+00,0.094832,SCP
2025-11-15T01:21:49,1763169708.846448,   816441276.37,4854.379555,63116,24808,osion,2.427564e+02,2.371806e+01,-1.389290e+02,-8.000153e+00,1.738072e+02,2,37.039747,0.067345,550,-6.236963e+00,0.164311,SCP
2025-11-15T01:21:58,1763169717.846429,   816441285.37,4863.379555,63116,24808,osion,2.458018e+02,2.372806e+01,-1.388144e+02,-8.551736e+00,1.734871e+02,2,74.082613,0.134696,550,-6.903491e+00,0.116183,SCP
2025-11-15T01:22:04,1763169723.846418,   816441291.37,4869.379555,63116,24808,osion,2.478854e+02,2.373500e+01,-1.387379e+02,-8.918890e+00,1.732581e+02,2,111.195882,0.202174,550,-3.622737e+00,0.094832,SCP
2025-11-15T01:22:07,1763169726.846400,   816441294.37,4872.379555,63116,24808,osion,2.489431e+02,2.373833e+01,-1.386996e+02,-9.102292e+00,1.731374e+02,2,111.195882,0.202174,550,-2.896538e+00,0.094832,SCP
2025-11-15T01:22:10,1763169729.846475,   816441297.37,4875.379555,63116,24808,osion,2.500115e+02,2.374167e+01,-1.386613e+02,-9.285577e+00,1.730138e+02,2,74.082613,0.134696,550,-2.307602e+00,0.116183,SCP
2025-11-15T01:22:13,1763169732.847354,   816441300.37,4878.379555,63116,24808,osion,2.510904e+02,2.374500e+01,-1.386229e+02,-9.468742e+00,1.728873e+02,2,74.082613,0.134696,550,-2.426761e+00,0.116183,SCP
2025-11-15T01:22:16,1763169735.846409,   816441303.37,4881.379555,63116,24808,osion,2.521799e+02,2.374833e+01,-1.385846e+02,-9.651788e+00,1.727581e+02,2,111.195882,0.202174,550,-2.690771e+00,0.094832,SCP
2025-11-15T01:22:19,1763169738.847484,   816441306.37,4884.379555,63116,24808,osion,2.532799e+02,2.375167e+01,-1.385462e+02,-9.834713e+00,1.726264e+02,2,259.348386,0.471543,550,-2.844851e+00,0.062095,SCP
2025-11-15T01:22:21,1763169740.847424,   816441308.37,4886.379555,63116,24808,osion,2.540191e+02,2.375389e+01,-1.385206e+02,-9.956594e+00,1.725373e+02,2,185.254347,0.336826,550,-2.896432e+00,0.073471,SCP
2025-11-15T01:22:24,1763169743.847366,   816441311.37,4889.379555,63116,24808,osion,2.551367e+02,2.375750e+01,-1.384822e+02,-1.013931e+01,1.724037e+02,2,148.205345,0.269464,550,-3.254623e+00,0.082143,SCP
2025-11-15T01:22:27,1763169746.847370,   816441314.37,4892.379555,63116,24808,osion,2.562648e+02,2.376083e+01,-1.384437e+02,-1.032191e+01,1.722658e+02,2,259.348386,0.471543,550,-3.164136e+00,0.062095,SCP
2025-11-15T01:22:30,1763169749.847362,   816441317.37,4895.379555,63116,24808,osion,2.574033e+02,2.376417e+01,-1.384052e+02,-1.050438e+01,1.721260e+02,2,259.348386,0.471543,550,-2.747811e+00,0.062095,SCP
2025-11-15T01:22:33,1763169752.847356,   816441320.37,4898.379555,63116,24808,osion,2.585523e+02,2.376750e+01,-1.383667e+02,-1.068672e+01,1.719842e+02,2,148.205345,0.269464,550,-2.263033e+00,0.082143,SCP
2025-11-15T01:22:36,1763169755.847350,   816441323.37,4901.379555,63116,24808,osion,2.597118e+02,2.377083e+01,-1.383282e+02,-1.086894e+01,1.718406e+02,2,111.195882,0.202174,550,-2.151265e+00,0.094832,SCP
2025-11-15T01:22:39,1763169758.847344,   816441326.37,4904.379555,63116,24808,osion,2.608816e+02,2.377417e+01,-1.382896e+02,-1.105103e+01,1.716953e+02,2,148.205345,0.269464,550,-1.989229e+00,0.082143,SCP
2025-11-15T01:22:42,1763169761.847338,   816441329.37,4907.379555,63116,24808,osion,2.620619e+02,2.377778e+01,-1.382510e+02,-1.123298e+01,1.715500e+02,2,111.195882,0.202174,550,-1.665077e+00,0.094832,SCP
2025-11-15T01:22:45,1763169764.847332,   816441332.37,4910.379555,63116,24808,osion,2.632525e+02,2.378111e+01,-1.382124e+02,-1.141481e+01,1.714015e+02,2,111.195882,0.202174,550,-1.038133e+00,0.094832,SCP
2025-11-15T01:22:48,1763169767.847326,   816441335.37,4913.379555,63116,24808,osion,2.644535e+02,2.378444e+01,-1.381738e+02,-1.159651e+01,1.712516e+02,2,37.039747,0.067345,550,-1.777035e+00,0.164311,SCP
2025-11-15T01:22:54,1763169773.847313,   816441341.37,4919.379555,63116,24808,osion,2.668864e+02,2.379111e+01,-1.380963e+02,-1.195949e+01,1.709478e+02,2,37.039747,0.067345,550,-2.090291e+00,0.164311,SCP
2025-11-15T01:22:56,1763169775.847309,   816441343.37,4921.379555,63116,24808,osion,2.677066e+02,2.379333e+01,-1.380705e+02,-1.208037e+01,1.708454e+02,2,37.039747,0.067345,550,-1.428992e+00,0.164311,SCP
2025-11-15T01:23:05,1763169784.847290,   816441352.37,4930.379555,63116,24808,osion,2.714536e+02,2.380361e+01,-1.379541e+02,-1.262356e+01,1.703800e+02,2,37.039747,0.067345,550,-1.324116e+00,0.164311,SCP
2025-11-15T01:23:08,1763169787.847283,   816441355.37,4933.379555,63116,24808,osion,2.727231e+02,2.380694e+01,-1.379152e+02,-1.280435e+01,1.702223e+02,2,37.039747,0.067345,550,-1.232381e+00,0.164311,SCP
2025-11-15T01:23:20,1763169799.847259,   816441367.37,4945.379555,63116,24808,osion,2.779027e+02,2.382083e+01,-1.377593e+02,-1.352608e+01,1.695853e+02,2,111.195882,0.202174,550,-2.360121e+00,0.094832,SCP
2025-11-15T01:23:23,1763169802.847253,   816441370.37,4948.379555,63116,24808,osion,2.792229e+02,2.382417e+01,-1.377202e+02,-1.370615e+01,1.694235e+02,2,148.205345,0.269464,550,-2.355827e+00,0.082143,SCP
2025-11-15T01:23:26,1763169805.847246,   816441373.37,4951.379555,63116,24808,osion,2.805532e+02,2.382750e+01,-1.376811e+02,-1.388608e+01,1.692611e+02,2,111.195882,0.202174,550,-2.332172e+00,0.094832,SCP
2025-11-15T01:23:29,1763169808.847239,   816441376.37,4954.379555,63116,24808,osion,2.818936e+02,2.383083e+01,-1.376419e+02,-1.406586e+01,1.690980e+02,2,74.082613,0.134696,550,-2.365667e+00,0.116183,SCP
2025-11-15T01:23:34,1763169813.847229,   816441381.37,4959.379555,63116,24808,osion,2.841498e+02,2.383667e+01,-1.375765e+02,-1.436517e+01,1.688257e+02,2,74.082613,0.134696,550,-2.373309e+00,0.116183,SCP
2025-11-15T01:23:40,1763169819.847217,   816441387.37,4965.379555,63116,24808,osion,2.868940e+02,2.384361e+01,-1.374979e+02,-1.472379e+01,1.684967e+02,2,74.082613,0.134696,550,-2.372684e+00,0.116183,SCP
2025-11-15T01:23:46,1763169825.847204,   816441393.37,4971.379555,63116,24808,osion,2.896779e+02,2.385028e+01,-1.374192e+02,-1.508181e+01,1.681648e+02,2,37.039747,0.067345,550,-2.441041e+00,0.164311,SCP
2025-11-15T01:23:49,1763169828.847198,   816441396.37,4974.379555,63116,24808,osion,2.910848e+02,2.385389e+01,-1.373797e+02,-1.526059e+01,1.679990e+02,2,37.039747,0.067345,550,-2.678295e+00,0.164311,SCP
2025-11-15T01:23:58,1763169837.847179,   816441405.37,4983.379555,63116,24808,osion,2.953646e+02,2.386417e+01,-1.372610e+02,-1.579600e+01,1.674975e+02,2,37.039747,0.067345,550,-2.325951e+00,0.164311,SCP
2025-11-15T01:24:01,1763169840.847173,   816441408.37,4986.379555,63116,24808,osion,2.968108e+02,2.386778e+01,-1.372214e+02,-1.597416e+01,1.673300e+02,2,37.039747,0.067345,550,-2.336835e+00,0.164311,SCP
2025-11-15T01:24:04,1763169843.847167,   816441411.37,4989.379555,63116,24808,osion,2.982668e+02,2.387111e+01,-1.371817e+02,-1.615216e+01,1.671615e+02,2,37.039747,0.067345,550,-2.833298e+00,0.164311,SCP
2025-11-15T01:24:09,1763169848.847157,   816441416.37,4994.379555,63116,24808,osion,3.007153e+02,2.387694e+01,-1.371154e+02,-1.644847e+01,1.668807e+02,2,37.039747,0.067345,550,-3.047504e+00,0.164311,SCP
2025-11-15T01:24:18,1763169857.847137,   816441425.37,5003.379555,63116,24808,osion,3.051904e+02,2.388722e+01,-1.369957e+02,-1.698071e+01,1.663729e+02,2,74.082613,0.134696,550,-3.973350e+00,0.116183,SCP
2025-11-15T01:24:30,1763169869.847113,   816441437.37,5015.379555,63116,24808,osion,3.112923e+02,2.390111e+01,-1.368353e+02,-1.768807e+01,1.656930e+02,2,111.195882,0.202174,550,-3.970635e+00,0.094832,SCP
2025-11-15T01:24:33,1763169872.847106,   816441440.37,5018.379555,63116,24808,osion,3.128417e+02,2.390472e+01,-1.367951e+02,-1.786449e+01,1.655227e+02,2,37.039747,0.067345,550,-4.245834e+00,0.164311,SCP
2025-11-15T01:24:41,1763169880.847090,   816441448.37,5026.379555,63116,24808,osion,3.170200e+02,2.391417e+01,-1.366875e+02,-1.833413e+01,1.650677e+02,2,37.039747,0.067345,550,-3.506863e+00,0.164311,SCP
2025-11-15T01:24:44,1763169883.847084,   816441451.37,5029.379555,63116,24808,osion,3.186042e+02,2.391750e+01,-1.366470e+02,-1.850994e+01,1.648965e+02,2,111.195882,0.202174,550,-3.167851e+00,0.094832,SCP
2025-11-15T01:24:47,1763169886.847078,   816441454.37,5032.379555,63116,24808,osion,3.201979e+02,2.392111e+01,-1.366065e+02,-1.868557e+01,1.647256e+02,2,111.195882,0.202174,550,-2.735183e+00,0.094832,SCP
2025-11-15T01:24:50,1763169889.847071,   816441457.37,5035.379555,63116,24808,osion,3.218009e+02,2.392472e+01,-1.365659e+02,-1.886104e+01,1.645545e+02,2,259.348386,0.471543,550,-2.372467e+00,0.062095,SCP
2025-11-15T01:24:53,1763169892.847064,   816441460.37,5038.379555,63116,24808,osion,3.234134e+02,2.392806e+01,-1.365252e+02,-1.903633e+01,1.643831e+02,2,370.397465,0.673450,550,-2.351390e+00,0.051960,SCP
2025-11-15T01:24:56,1763169895.847058,   816441463.37,5041.379555,63116,24808,osion,3.250352e+02,2.393167e+01,-1.364845e+02,-1.921144e+01,1.642118e+02,2,296.311945,0.538749,550,-2.808762e+00,0.058093,SCP
2025-11-15T01:24:59,1763169898.847052,   816441466.37,5044.379555,63116,24808,osion,3.266664e+02,2.393528e+01,-1.364437e+02,-1.938638e+01,1.640405e+02,2,333.360428,0.606110,550,-3.430321e+00,0.054770,SCP
2025-11-15T01:25:02,1763169901.847046,   816441469.37,5047.379555,63116,24808,osion,3.283068e+02,2.393861e+01,-1.364029e+02,-1.956115e+01,1.638688e+02,2,185.254347,0.336826,550,-4.041239e+00,0.073471,SCP
2025-11-15T01:25:05,1763169904.847040,   816441472.37,5050.379555,63116,24808,osion,3.299566e+02,2.394222e+01,-1.363620e+02,-1.973574e+01,1.636973e+02,2,518.564711,0.942845,550,-4.396224e+00,0.043914,SCP
2025-11-15T01:25:08,1763169907.847034,   816441475.37,5053.379555,63116,24808,osion,3.316156e+02,2.394583e+01,-1.363210e+02,-1.991015e+01,1.635258e+02,2,148.205345,0.269464,550,-4.405128e+00,0.082143,SCP
2025-11-15T01:25:11,1763169910.847027,   816441478.37,5056.379555,63116,24808,osion,3.332838e+02,2.394944e+01,-1.362799e+02,-2.008439e+01,1.633542e+02,2,74.082613,0.134696,550,-5.605182e+00,0.116183,SCP
2025-11-15T01:25:14,1763169913.847021,   816441481.37,5059.379555,63116,24808,osion,3.349612e+02,2.395278e+01,-1.362388e+02,-2.025845e+01,1.631824e+02,2,222.264248,0.404117,550,-7.052179e+00,0.067076,SCP
2025-11-15T01:25:17,1763169916.847015,   816441484.37,5062.379555,63116,24808,osion,3.366478e+02,2.395639e+01,-1.361976e+02,-2.043232e+01,1.630107e+02,2,148.205345,0.269464,550,-7.098259e+00,0.082143,SCP
2025-11-15T01:25:19,1763169918.847011,   816441486.37,5064.379555,63116,24808,osion,3.377773e+02,2.395889e+01,-1.361701e+02,-2.054814e+01,1.628963e+02,2,148.205345,0.269464,550,-7.104852e+00,0.082143,SCP
2025-11-15T01:25:22,1763169921.847005,   816441489.37,5067.379555,63116,24808,osion,3.394792e+02,2.396250e+01,-1.361288e+02,-2.072172e+01,1.627246e+02,2,74.082613,0.134696,550,-6.789792e+00,0.116183,SCP
2025-11-15T01:25:26,1763169925.846996,   816441493.37,5071.379555,63116,24808,osion,3.417624e+02,2.396722e+01,-1.360736e+02,-2.095287e+01,1.624956e+02,2,185.254347,0.336826,550,-5.437854e+00,0.073471,SCP
2025-11-15T01:25:32,1763169931.846983,   816441499.37,5077.379555,63116,24808,osion,3.452176e+02,2.397417e+01,-1.359906e+02,-2.129900e+01,1.621520e+02,2,481.557712,0.875559,550,-4.590071e+00,0.045570,SCP
2025-11-15T01:25:35,1763169934.846977,   816441502.37,5080.379555,63116,24808,osion,3.469587e+02,2.397778e+01,-1.359490e+02,-2.147178e+01,1.619803e+02,2,666.752059,1.212276,550,-4.006317e+00,0.038727,SCP
2025-11-15T01:25:38,1763169937.846971,   816441505.37,5083.379555,63116,24808,osion,3.487088e+02,2.398139e+01,-1.359072e+02,-2.164438e+01,1.618085e+02,2,407.425231,0.740773,550,-3.414152e+00,0.049542,SCP
2025-11-15T01:25:40,1763169939.846967,   816441507.37,5085.379555,63116,24808,osion,3.498805e+02,2.398389e+01,-1.358794e+02,-2.175935e+01,1.616941e+02,2,703.739826,1.279527,550,-3.216913e+00,0.037696,SCP
2025-11-15T01:25:43,1763169942.846961,   816441510.37,5088.379555,63116,24808,osion,3.516455e+02,2.398750e+01,-1.358376e+02,-2.193164e+01,1.615224e+02,2,555.567956,1.010124,550,-2.906356e+00,0.042426,SCP
2025-11-15T01:25:46,1763169945.846955,   816441513.37,5091.379555,63116,24808,osion,3.534195e+02,2.399111e+01,-1.357956e+02,-2.210374e+01,1.613507e+02,2,629.660278,1.144837,550,-2.759116e+00,0.039852,SCP
2025-11-15T01:25:49,1763169948.846948,   816441516.37,5094.379555,63116,24808,osion,3.552023e+02,2.399472e+01,-1.357536e+02,-2.227566e+01,1.611791e+02,2,296.311945,0.538749,550,-3.066353e+00,0.058093,SCP
2025-11-15T01:25:52,1763169951.846942,   816441519.37,5097.379555,63116,24808,osion,3.569940e+02,2.399833e+01,-1.357116e+02,-2.244739e+01,1.610075e+02,2,629.660278,1.144837,550,-2.616826e+00,0.039852,SCP
2025-11-15T01:25:55,1763169954.846936,   816441522.37,5100.379555,63116,24808,osion,3.587946e+02,1.944444e-03,-1.356694e+02,-2.261893e+01,1.608359e+02,2,740.826133,1.346957,550,-2.428171e+00,0.036740,SCP
2025-11-15T01:25:58,1763169957.846930,   816441525.37,5103.379555,63116,24808,osion,3.606039e+02,5.555556e-03,-1.356272e+02,-2.279028e+01,1.606644e+02,2,518.564711,0.942845,550,-2.375998e+00,0.043914,SCP
2025-11-15T01:26:01,1763169960.846924,   816441528.37,5106.379555,63116,24808,osion,3.624221e+02,9.166667e-03,-1.355848e+02,-2.296144e+01,1.604930e+02,2,814.890353,1.481619,550,-2.163234e+00,0.035031,SCP
2025-11-15T01:26:04,1763169963.846918,   816441531.37,5109.379555,63116,24808,osion,3.642490e+02,1.277778e-02,-1.355424e+02,-2.313241e+01,1.603216e+02,2,666.752059,1.212276,550,-1.959577e+00,0.038727,SCP
2025-11-15T01:26:07,1763169966.846911,   816441534.37,5112.379555,63116,24808,osion,3.660846e+02,1.638889e-02,-1.354999e+02,-2.330318e+01,1.601503e+02,2,851.869745,1.548854,550,-1.885149e+00,0.034262,SCP
2025-11-15T01:26:10,1763169969.846904,   816441537.37,5115.379555,63116,24808,osion,3.679289e+02,2.000000e-02,-1.354574e+02,-2.347377e+01,1.599790e+02,2,851.869745,1.548854,550,-1.846071e+00,0.034262,SCP
2025-11-15T01:26:13,1763169972.846898,   816441540.37,5118.379555,63116,24808,osion,3.697819e+02,2.388889e-02,-1.354147e+02,-2.364416e+01,1.598077e+02,2,962.996819,1.750903,550,-1.682505e+00,0.032225,SCP
2025-11-15T01:26:15,1763169974.846894,   816441542.37,5120.379555,63116,24808,osion,3.710220e+02,2.611111e-02,-1.353862e+02,-2.375764e+01,1.596937e+02,2,851.869745,1.548854,550,-1.590468e+00,0.034262,SCP
2025-11-15T01:26:18,1763169977.846888,   816441545.37,5123.379555,63116,24808,osion,3.728894e+02,3.000000e-02,-1.353434e+02,-2.392771e+01,1.595225e+02,2,481.557712,0.875559,550,-1.493699e+00,0.045570,SCP
2025-11-15T01:26:21,1763169980.846882,   816441548.37,5126.379555,63116,24808,osion,3.747654e+02,3.361111e-02,-1.353005e+02,-2.409758e+01,1.593515e+02,2,592.665819,1.077574,550,-1.499142e+00,0.041077,SCP
2025-11-15T01:26:24,1763169983.846875,   816441551.37,5129.379555,63116,24808,osion,3.766500e+02,3.722222e-02,-1.352575e+02,-2.426726e+01,1.591806e+02,2,444.445580,0.808083,550,-1.496789e+00,0.047434,SCP
2025-11-15T01:26:27,1763169986.846869,   816441554.37,5132.379555,63116,24808,osion,3.785431e+02,4.083333e-02,-1.352144e+02,-2.443674e+01,1.590098e+02,2,518.564711,0.942845,550,-1.580097e+00,0.043914,SCP
2025-11-15T01:26:30,1763169989.846863,   816441557.37,5135.379555,63116,24808,osion,3.804447e+02,4.472222e-02,-1.351712e+02,-2.460602e+01,1.588389e+02,2,407.425231,0.740773,550,-1.683315e+00,0.049542,SCP
2025-11-15T01:26:33,1763169992.846857,   816441560.37,5138.379555,63116,24808,osion,3.823548e+02,4.833333e-02,-1.351280e+02,-2.477511e+01,1.586683e+02,2,481.557712,0.875559,550,-1.693343e+00,0.045570,SCP
2025-11-15T01:26:36,1763169995.846851,   816441563.37,5141.379555,63116,24808,osion,3.842734e+02,5.194444e-02,-1.350846e+02,-2.494400e+01,1.584977e+02,2,333.360428,0.606110,550,-1.692275e+00,0.054770,SCP
2025-11-15T01:26:39,1763169998.846843,   816441566.37,5144.379555,63116,24808,osion,3.862004e+02,5.583333e-02,-1.350411e+02,-2.511268e+01,1.583271e+02,2,592.665819,1.077574,550,-1.771279e+00,0.041077,SCP
2025-11-15T01:26:42,1763170001.846837,   816441569.37,5147.379555,63116,24808,osion,3.881358e+02,5.944444e-02,-1.349976e+02,-2.528117e+01,1.581568e+02,2,518.564711,0.942845,550,-1.867076e+00,0.043914,SCP
2025-11-15T01:26:45,1763170004.846831,   816441572.37,5150.379555,63116,24808,osion,3.900796e+02,6.305556e-02,-1.349539e+02,-2.544946e+01,1.579865e+02,2,111.195882,0.202174,550,-1.870607e+00,0.094832,SCP
2025-11-15T01:26:48,1763170007.846825,   816441575.37,5153.379555,63116,24808,osion,3.920317e+02,6.694444e-02,-1.349102e+02,-2.561755e+01,1.578162e+02,2,407.425231,0.740773,550,-2.084737e+00,0.049542,SCP
2025-11-15T01:26:50,1763170009.846821,   816441577.37,5155.379555,63116,24808,osion,3.933377e+02,6.944444e-02,-1.348810e+02,-2.572949e+01,1.577028e+02,2,481.557712,0.875559,550,-2.230953e+00,0.045570,SCP
2025-11-15T01:26:53,1763170012.846815,   816441580.37,5158.379555,63116,24808,osion,3.953037e+02,7.305556e-02,-1.348371e+02,-2.589724e+01,1.575329e+02,2,666.752059,1.212276,550,-2.439301e+00,0.038727,SCP
2025-11-15T01:26:56,1763170015.846809,   816441583.37,5161.379555,63116,24808,osion,3.972780e+02,7.694444e-02,-1.347930e+02,-2.606479e+01,1.573628e+02,2,555.567956,1.010124,550,-2.672369e+00,0.042426,SCP
2025-11-15T01:26:59,1763170018.846802,   816441586.37,5164.379555,63116,24808,osion,3.992605e+02,8.055556e-02,-1.347489e+02,-2.623213e+01,1.571931e+02,2,740.826133,1.346957,550,-2.913775e+00,0.036740,SCP
2025-11-15T01:27:02,1763170021.846796,   816441589.37,5167.379555,63116,24808,osion,4.012512e+02,8.444444e-02,-1.347047e+02,-2.639928e+01,1.570233e+02,2,481.557712,0.875559,550,-3.173552e+00,0.045570,SCP
2025-11-15T01:27:05,1763170024.846790,   816441592.37,5170.379555,63116,24808,osion,4.032501e+02,8.805556e-02,-1.346604e+02,-2.656621e+01,1.568539e+02,2,370.397465,0.673450,550,-3.470105e+00,0.051960,SCP
2025-11-15T01:27:08,1763170027.846784,   816441595.37,5173.379555,63116,24808,osion,4.052571e+02,9.194444e-02,-1.346160e+02,-2.673294e+01,1.566843e+02,2,296.311945,0.538749,550,-3.804025e+00,0.058093,SCP
2025-11-15T01:27:11,1763170030.846778,   816441598.37,5176.379555,63116,24808,osion,4.072723e+02,9.555556e-02,-1.345715e+02,-2.689947e+01,1.565151e+02,2,407.425231,0.740773,550,-4.163333e+00,0.049542,SCP
2025-11-15T01:27:14,1763170033.846771,   816441601.37,5179.379555,63116,24808,osion,4.092956e+02,9.944444e-02,-1.345268e+02,-2.706579e+01,1.563458e+02,2,407.425231,0.740773,550,-4.412416e+00,0.049542,SCP
2025-11-15T01:27:17,1763170036.846766,   816441604.37,5182.379555,63116,24808,osion,4.113270e+02,1.033333e-01,-1.344821e+02,-2.723190e+01,1.561767e+02,2,592.665819,1.077574,550,-4.332711e+00,0.041077,SCP
2025-11-15T01:27:20,1763170039.846759,   816441607.37,5185.379555,63116,24808,osion,4.133664e+02,1.069444e-01,-1.344372e+02,-2.739781e+01,1.560079e+02,2,444.445580,0.808083,550,-4.724859e+00,0.047434,SCP
2025-11-15T01:27:23,1763170042.846753,   816441610.37,5188.379555,63116,24808,osion,4.154138e+02,1.108333e-01,-1.343923e+02,-2.756351e+01,1.558390e+02,2,333.360428,0.606110,550,-5.221973e+00,0.054770,SCP
2025-11-15T01:27:25,1763170044.846749,   816441612.37,5190.379555,63116,24808,osion,4.167832e+02,1.133333e-01,-1.343622e+02,-2.767386e+01,1.557265e+02,2,185.254347,0.336826,550,-5.585942e+00,0.073471,SCP
2025-11-15T01:27:28,1763170047.846742,   816441615.37,5193.379555,63116,24808,osion,4.188439e+02,1.172222e-01,-1.343171e+02,-2.783921e+01,1.555578e+02,2,222.264248,0.404117,550,-5.858960e+00,0.067076,SCP
2025-11-15T01:27:31,1763170050.846735,   816441618.37,5196.379555,63116,24808,osion,4.209126e+02,1.211111e-01,-1.342719e+02,-2.800435e+01,1.553893e+02,2,222.264248,0.404117,550,-5.388034e+00,0.067076,SCP
2025-11-15T01:27:34,1763170053.846730,   816441621.37,5199.379555,63116,24808,osion,4.229892e+02,1.250000e-01,-1.342265e+02,-2.816928e+01,1.552209e+02,2,259.348386,0.471543,550,-4.878434e+00,0.062095,SCP
2025-11-15T01:27:37,1763170056.846723,   816441624.37,5202.379555,63116,24808,osion,4.250736e+02,1.286111e-01,-1.341810e+02,-2.833400e+01,1.550529e+02,2,185.254347,0.336826,550,-5.494953e+00,0.073471,SCP
2025-11-15T01:27:40,1763170059.846717,   816441627.37,5205.379555,63116,24808,osion,4.271660e+02,1.325000e-01,-1.341354e+02,-2.849851e+01,1.548848e+02,2,333.360428,0.606110,550,-5.546529e+00,0.054770,SCP
2025-11-15T01:27:43,1763170062.846711,   816441630.37,5208.379555,63116,24808,osion,4.292661e+02,1.363889e-01,-1.340897e+02,-2.866281e+01,1.547168e+02,2,74.082613,0.134696,550,-5.546596e+00,0.116183,SCP
2025-11-15T01:27:46,1763170065.846705,   816441633.37,5211.379555,63116,24808,osion,4.313740e+02,1.402778e-01,-1.340439e+02,-2.882690e+01,1.545490e+02,2,259.348386,0.471543,550,-5.533395e+00,0.062095,SCP
2025-11-15T01:27:49,1763170068.846698,   816441636.37,5214.379555,63116,24808,osion,4.334897e+02,1.441667e-01,-1.339980e+02,-2.899077e+01,1.543813e+02,2,259.348386,0.471543,550,-5.513825e+00,0.062095,SCP
2025-11-15T01:27:55,1763170074.846686,   816441642.37,5220.379555,63116,24808,osion,4.377443e+02,1.519444e-01,-1.339057e+02,-2.931788e+01,1.540464e+02,2,888.946690,1.616267,550,-4.171964e+00,0.033540,SCP
2025-11-15T01:27:58,1763170077.846680,   816441645.37,5223.379555,63116,24808,osion,4.398831e+02,1.558333e-01,-1.338594e+02,-2.948111e+01,1.538792e+02,2,1222.282298,2.222332,550,-3.979632e+00,0.028603,SCP
2025-11-15T01:28:01,1763170080.846673,   816441648.37,5226.379555,63116,24808,osion,4.420296e+02,1.597222e-01,-1.338130e+02,-2.964413e+01,1.537121e+02,2,777.808973,1.414198,550,-4.400684e+00,0.035856,SCP
2025-11-15T01:28:04,1763170083.846667,   816441651.37,5229.379555,63116,24808,osion,4.441837e+02,1.636111e-01,-1.337665e+02,-2.980693e+01,1.535453e+02,2,518.564711,0.942845,550,-4.421913e+00,0.043914,SCP
2025-11-15T01:28:07,1763170086.846661,   816441654.37,5232.379555,63116,24808,osion,4.463454e+02,1.675000e-01,-1.337198e+02,-2.996952e+01,1.533785e+02,2,629.660278,1.144837,550,-4.400512e+00,0.039852,SCP
2025-11-15T01:28:10,1763170089.846654,   816441657.37,5235.379555,63116,24808,osion,4.485147e+02,1.713889e-01,-1.336730e+02,-3.013189e+01,1.532120e+02,2,851.869745,1.548854,550,-4.255362e+00,0.034262,SCP
2025-11-15T01:28:13,1763170092.846648,   816441660.37,5238.379555,63116,24808,osion,4.506915e+02,1.755556e-01,-1.336261e+02,-3.029405e+01,1.530452e+02,2,851.869745,1.548854,550,-3.815622e+00,0.034262,SCP
2025-11-15T01:28:16,1763170095.846642,   816441663.37,5241.379555,63116,24808,osion,4.528758e+02,1.794444e-01,-1.335790e+02,-3.045598e+01,1.528790e+02,2,926.023636,1.683679,550,-3.777472e+00,0.032862,SCP
2025-11-15T01:28:19,1763170098.846636,   816441666.37,5244.379555,63116,24808,osion,4.550675e+02,1.833333e-01,-1.335319e+02,-3.061770e+01,1.527129e+02,2,629.660278,1.144837,550,-4.325905e+00,0.039852,SCP
2025-11-15T01:28:21,1763170100.846632,   816441668.37,5246.379555,63116,24808,osion,4.565329e+02,1.861111e-01,-1.335003e+02,-3.072540e+01,1.526020e+02,2,777.808973,1.414198,550,-4.932098e+00,0.035856,SCP
2025-11-15T01:28:24,1763170103.846626,   816441671.37,5249.379555,63116,24808,osion,4.587370e+02,1.900000e-01,-1.334529e+02,-3.088675e+01,1.524363e+02,2,370.397465,0.673450,550,-5.697073e+00,0.051960,SCP
2025-11-15T01:28:27,1763170106.846620,   816441674.37,5252.379555,63116,24808,osion,4.609486e+02,1.938889e-01,-1.334054e+02,-3.104789e+01,1.522706e+02,2,296.311945,0.538749,550,-5.991778e+00,0.058093,SCP
2025-11-15T01:28:30,1763170109.846612,   816441677.37,5255.379555,63116,24808,osion,4.631676e+02,1.980556e-01,-1.333578e+02,-3.120881e+01,1.521048e+02,2,592.665819,1.077574,550,-5.969748e+00,0.041077,SCP
2025-11-15T01:28:33,1763170112.846606,   816441680.37,5258.379555,63116,24808,osion,4.653939e+02,2.019444e-01,-1.333100e+02,-3.136951e+01,1.519396e+02,2,407.425231,0.740773,550,-5.893936e+00,0.049542,SCP
2025-11-15T01:28:36,1763170115.846600,   816441683.37,5261.379555,63116,24808,osion,4.676275e+02,2.058333e-01,-1.332620e+02,-3.152999e+01,1.517745e+02,2,481.557712,0.875559,550,-5.884172e+00,0.045570,SCP
2025-11-15T01:28:39,1763170118.846594,   816441686.37,5264.379555,63116,24808,osion,4.698684e+02,2.100000e-01,-1.332140e+02,-3.169025e+01,1.516092e+02,2,296.311945,0.538749,550,-5.818082e+00,0.058093,SCP
2025-11-15T01:28:42,1763170121.846588,   816441689.37,5267.379555,63116,24808,osion,4.721165e+02,2.138889e-01,-1.331658e+02,-3.185029e+01,1.514445e+02,2,407.425231,0.740773,550,-5.499607e+00,0.049542,SCP
2025-11-15T01:28:45,1763170124.846581,   816441692.37,5270.379555,63116,24808,osion,4.743719e+02,2.180556e-01,-1.331175e+02,-3.201011e+01,1.512795e+02,2,407.425231,0.740773,550,-4.619847e+00,0.049542,SCP
2025-11-15T01:28:48,1763170127.846575,   816441695.37,5273.379555,63116,24808,osion,4.766344e+02,2.219444e-01,-1.330690e+02,-3.216970e+01,1.511151e+02,2,296.311945,0.538749,550,-5.324693e+00,0.058093,SCP
2025-11-15T01:28:51,1763170130.846569,   816441698.37,5276.379555,63116,24808,osion,4.789042e+02,2.261111e-01,-1.330204e+02,-3.232907e+01,1.509505e+02,2,444.445580,0.808083,550,-5.670227e+00,0.047434,SCP
2025-11-15T01:28:54,1763170133.846563,   816441701.37,5279.379555,63116,24808,osion,4.811811e+02,2.302778e-01,-1.329716e+02,-3.248822e+01,1.507861e+02,2,555.567956,1.010124,550,-5.694382e+00,0.042426,SCP
2025-11-15T01:28:56,1763170135.846559,   816441703.37,5281.379555,63116,24808,osion,4.827029e+02,2.327778e-01,-1.329390e+02,-3.259420e+01,1.506770e+02,2,703.739826,1.279527,550,-5.660599e+00,0.037696,SCP
2025-11-15T01:28:59,1763170138.846553,   816441706.37,5284.379555,63116,24808,osion,4.849916e+02,2.369444e-01,-1.328901e+02,-3.275298e+01,1.505129e+02,2,296.311945,0.538749,550,-5.151289e+00,0.058093,SCP
2025-11-15T01:29:02,1763170141.846547,   816441709.37,5287.379555,63116,24808,osion,4.872874e+02,2.411111e-01,-1.328409e+02,-3.291153e+01,1.503490e+02,2,259.348386,0.471543,550,-4.755812e+00,0.062095,SCP
2025-11-15T01:29:05,1763170144.846540,   816441712.37,5290.379555,63116,24808,osion,4.895902e+02,2.452778e-01,-1.327916e+02,-3.306986e+01,1.501852e+02,2,777.808973,1.414198,550,-5.432820e+00,0.035856,SCP
2025-11-15T01:29:08,1763170147.846534,   816441715.37,5293.379555,63116,24808,osion,4.919000e+02,2.491667e-01,-1.327422e+02,-3.322797e+01,1.500221e+02,2,444.445580,0.808083,550,-7.063049e+00,0.047434,SCP
2025-11-15T01:29:11,1763170150.846528,   816441718.37,5296.379555,63116,24808,osion,4.942168e+02,2.533333e-01,-1.326926e+02,-3.338585e+01,1.498588e+02,2,370.397465,0.673450,550,-7.481810e+00,0.051960,SCP
2025-11-15T01:29:14,1763170153.846522,   816441721.37,5299.379555,63116,24808,osion,4.965405e+02,2.575000e-01,-1.326429e+02,-3.354350e+01,1.496956e+02,2,814.890353,1.481619,550,-6.838494e+00,0.035031,SCP
2025-11-15T01:29:17,1763170156.846516,   816441724.37,5302.379555,63116,24808,osion,4.988712e+02,2.616667e-01,-1.325930e+02,-3.370093e+01,1.495326e+02,2,444.445580,0.808083,550,-5.546305e+00,0.047434,SCP
2025-11-15T01:29:20,1763170159.846509,   816441727.37,5305.379555,63116,24808,osion,5.012087e+02,2.658333e-01,-1.325430e+02,-3.385814e+01,1.493698e+02,2,629.660278,1.144837,550,-4.301028e+00,0.039852,SCP
2025-11-15T01:29:23,1763170162.846503,   816441730.37,5308.379555,63116,24808,osion,5.035531e+02,2.700000e-01,-1.324928e+02,-3.401511e+01,1.492072e+02,2,481.557712,0.875559,550,-3.815324e+00,0.045570,SCP
2025-11-15T01:29:26,1763170165.846496,   816441733.37,5311.379555,63116,24808,osion,5.059043e+02,2.741667e-01,-1.324425e+02,-3.417186e+01,1.490448e+02,2,777.808973,1.414198,550,-3.971203e+00,0.035856,SCP
2025-11-15T01:29:29,1763170168.846490,   816441736.37,5314.379555,63116,24808,osion,5.082623e+02,2.783333e-01,-1.323920e+02,-3.432839e+01,1.488825e+02,2,296.311945,0.538749,550,-4.536549e+00,0.058093,SCP
2025-11-15T01:29:31,1763170170.846486,   816441738.37,5316.379555,63116,24808,osion,5.098381e+02,2.811111e-01,-1.323582e+02,-3.443261e+01,1.487745e+02,2,518.564711,0.942845,550,-4.981483e+00,0.043914,SCP
2025-11-15T01:29:34,1763170173.846480,   816441741.37,5319.379555,63116,24808,osion,5.122074e+02,2.852778e-01,-1.323075e+02,-3.458875e+01,1.486126e+02,2,592.665819,1.077574,550,-5.505380e+00,0.041077,SCP
2025-11-15T01:29:37,1763170176.846473,   816441744.37,5322.379555,63116,24808,osion,5.145834e+02,2.894444e-01,-1.322566e+02,-3.474467e+01,1.484509e+02,2,370.397465,0.673450,550,-5.627018e+00,0.051960,SCP
2025-11-15T01:29:40,1763170179.846467,   816441747.37,5325.379555,63116,24808,osion,5.169661e+02,2.936111e-01,-1.322055e+02,-3.490035e+01,1.482894e+02,2,444.445580,0.808083,550,-6.689680e+00,0.047434,SCP
2025-11-15T01:29:43,1763170182.846461,   816441750.37,5328.379555,63116,24808,osion,5.193554e+02,2.980556e-01,-1.321543e+02,-3.505581e+01,1.481276e+02,2,481.557712,0.875559,550,-7.146593e+00,0.045570,SCP
2025-11-15T01:29:46,1763170185.846455,   816441753.37,5331.379555,63116,24808,osion,5.217515e+02,3.022222e-01,-1.321029e+02,-3.521104e+01,1.479665e+02,2,333.360428,0.606110,550,-6.818174e+00,0.054770,SCP
2025-11-15T01:29:49,1763170188.846449,   816441756.37,5334.379555,63116,24808,osion,5.241541e+02,3.063889e-01,-1.320513e+02,-3.536604e+01,1.478057e+02,2,296.311945,0.538749,550,-5.545146e+00,0.058093,SCP
2025-11-15T01:29:52,1763170191.846442,   816441759.37,5337.379555,63116,24808,osion,5.265633e+02,3.105556e-01,-1.319996e+02,-3.552081e+01,1.476450e+02,2,296.311945,0.538749,550,-6.602064e+00,0.058093,SCP
2025-11-15T01:09:27,1763168966.846993,   816440534.37,4112.379555,63116,24808,osion,3.364753e+02,2.278306e+01,-1.499458e+02,3.750693e+01,1.356651e+02,3,37.039747,0.067345,550,-6.448647e+00,0.164311,SCP
2025-11-15T01:10:19,1763169018.846885,   816440586.37,4164.379555,63116,24808,osion,3.086964e+02,2.286611e+01,-1.489095e+02,3.452355e+01,1.387853e+02,3,37.039747,0.067345,550,-4.949215e+00,0.164311,SCP
2025-11-15T01:10:28,1763169027.846865,   816440595.37,4173.379555,63116,24808,osion,3.041739e+02,2.288000e+01,-1.487375e+02,3.400124e+01,1.393298e+02,3,74.082613,0.134696,550,-4.795261e+00,0.116183,SCP
2025-11-15T01:11:03,1763169062.846792,   816440630.37,4208.379555,63116,24808,osion,2.874093e+02,2.293278e+01,-1.480875e+02,3.195425e+01,1.414595e+02,3,37.039747,0.067345,550,-2.233327e+00,0.164311,SCP
2025-11-15T01:13:09,1763169188.846530,   816440756.37,4334.379555,63116,24808,osion,2.383866e+02,2.310889e+01,-1.459588e+02,2.440071e+01,1.492589e+02,3,37.039747,0.067345,550,-4.913422e+00,0.164311,SCP
2025-11-15T01:15:40,1763169339.847216,   816440907.37,4485.379555,63116,24808,osion,2.045414e+02,2.329861e+01,-1.437265e+02,1.506555e+01,1.587483e+02,3,37.039747,0.067345,550,-2.298776e+00,0.164311,SCP
2025-11-15T01:17:13,1763169432.847023,   816441000.37,4578.379555,63116,24808,osion,1.979048e+02,2.340778e+01,-1.424640e+02,9.231456e+00,1.645285e+02,3,37.039747,0.067345,550,-2.284985e+00,0.164311,SCP
2025-11-15T01:18:12,1763169491.846900,   816441059.37,4637.379555,63116,24808,osion,1.994162e+02,2.347528e+01,-1.416916e+02,5.520516e+00,1.680675e+02,3,37.039747,0.067345,550,-8.636150e-01,0.164311,SCP
2025-11-15T01:18:19,1763169498.846885,   816441066.37,4644.379555,63116,24808,osion,1.998906e+02,2.348333e+01,-1.416010e+02,5.080385e+00,1.684756e+02,3,37.039747,0.067345,550,-8.215109e-01,0.164311,SCP
2025-11-15T01:20:01,1763169600.846672,   816441168.37,4746.379555,63116,24808,osion,2.138561e+02,2.359778e+01,-1.402979e+02,-1.312998e+00,1.736027e+02,3,37.039747,0.067345,550,-1.308197e+00,0.164311,SCP
2025-11-15T01:22:16,1763169735.846409,   816441303.37,4881.379555,63116,24808,osion,2.521799e+02,2.374833e+01,-1.385846e+02,-9.651788e+00,1.727581e+02,3,111.195882,0.202174,550,-2.690771e+00,0.094832,SCP
2025-11-15T01:22:19,1763169738.847484,   816441306.37,4884.379555,63116,24808,osion,2.532799e+02,2.375167e+01,-1.385462e+02,-9.834713e+00,1.726264e+02,3,74.082613,0.134696,550,-2.844851e+00,0.116183,SCP
2025-11-15T01:22:21,1763169740.847424,   816441308.37,4886.379555,63116,24808,osion,2.540191e+02,2.375389e+01,-1.385206e+02,-9.956594e+00,1.725373e+02,3,37.039747,0.067345,550,-2.896432e+00,0.164311,SCP
2025-11-15T01:23:34,1763169813.847229,   816441381.37,4959.379555,63116,24808,osion,2.841498e+02,2.383667e+01,-1.375765e+02,-1.436517e+01,1.688257e+02,3,74.082613,0.134696,550,-2.373309e+00,0.116183,SCP
2025-11-15T01:23:37,1763169816.847223,   816441384.37,4962.379555,63116,24808,osion,2.855169e+02,2.384000e+01,-1.375373e+02,-1.454456e+01,1.686610e+02,3,37.039747,0.067345,550,-2.367926e+00,0.164311,SCP
2025-11-15T01:24:47,1763169886.847078,   816441454.37,5032.379555,63116,24808,osion,3.201979e+02,2.392111e+01,-1.366065e+02,-1.868557e+01,1.647256e+02,3,37.039747,0.067345,550,-2.735183e+00,0.164311,SCP
2025-11-15T01:24:50,1763169889.847071,   816441457.37,5035.379555,63116,24808,osion,3.218009e+02,2.392472e+01,-1.365659e+02,-1.886104e+01,1.645545e+02,3,37.039747,0.067345,550,-2.372467e+00,0.164311,SCP
2025-11-15T01:25:05,1763169904.847040,   816441472.37,5050.379555,63116,24808,osion,3.299566e+02,2.394222e+01,-1.363620e+02,-1.973574e+01,1.636973e+02,3,37.039747,0.067345,550,-4.396224e+00,0.164311,SCP
2025-11-15T01:25:35,1763169934.846977,   816441502.37,5080.379555,63116,24808,osion,3.469587e+02,2.397778e+01,-1.359490e+02,-2.147178e+01,1.619803e+02,3,37.039747,0.067345,550,-4.006317e+00,0.164311,SCP
2025-11-15T01:25:46,1763169945.846955,   816441513.37,5091.379555,63116,24808,osion,3.534195e+02,2.399111e+01,-1.357956e+02,-2.210374e+01,1.613507e+02,3,111.195882,0.202174,550,-2.759116e+00,0.094832,SCP
2025-11-15T01:25:52,1763169951.846942,   816441519.37,5097.379555,63116,24808,osion,3.569940e+02,2.399833e+01,-1.357116e+02,-2.244739e+01,1.610075e+02,3,111.195882,0.202174,550,-2.616826e+00,0.094832,SCP
2025-11-15T01:25:55,1763169954.846936,   816441522.37,5100.379555,63116,24808,osion,3.587946e+02,1.944444e-03,-1.356694e+02,-2.261893e+01,1.608359e+02,3,37.039747,0.067345,550,-2.428171e+00,0.164311,SCP
2025-11-15T01:25:58,1763169957.846930,   816441525.37,5103.379555,63116,24808,osion,3.606039e+02,5.555556e-03,-1.356272e+02,-2.279028e+01,1.606644e+02,3,74.082613,0.134696,550,-2.375998e+00,0.116183,SCP
2025-11-15T01:26:07,1763169966.846911,   816441534.37,5112.379555,63116,24808,osion,3.660846e+02,1.638889e-02,-1.354999e+02,-2.330318e+01,1.601503e+02,3,74.082613,0.134696,550,-1.885149e+00,0.116183,SCP
2025-11-15T01:26:10,1763169969.846904,   816441537.37,5115.379555,63116,24808,osion,3.679289e+02,2.000000e-02,-1.354574e+02,-2.347377e+01,1.599790e+02,3,37.039747,0.067345,550,-1.846071e+00,0.164311,SCP
2025-11-15T01:26:15,1763169974.846894,   816441542.37,5120.379555,63116,24808,osion,3.710220e+02,2.611111e-02,-1.353862e+02,-2.375764e+01,1.596937e+02,3,37.039747,0.067345,550,-1.590468e+00,0.164311,SCP
2025-11-15T01:26:18,1763169977.846888,   816441545.37,5123.379555,63116,24808,osion,3.728894e+02,3.000000e-02,-1.353434e+02,-2.392771e+01,1.595225e+02,3,37.039747,0.067345,550,-1.493699e+00,0.164311,SCP
2025-11-15T01:26:21,1763169980.846882,   816441548.37,5126.379555,63116,24808,osion,3.747654e+02,3.361111e-02,-1.353005e+02,-2.409758e+01,1.593515e+02,3,74.082613,0.134696,550,-1.499142e+00,0.116183,SCP
2025-11-15T01:26:24,1763169983.846875,   816441551.37,5129.379555,63116,24808,osion,3.766500e+02,3.722222e-02,-1.352575e+02,-2.426726e+01,1.591806e+02,3,37.039747,0.067345,550,-1.496789e+00,0.164311,SCP
2025-11-15T01:26:27,1763169986.846869,   816441554.37,5132.379555,63116,24808,osion,3.785431e+02,4.083333e-02,-1.352144e+02,-2.443674e+01,1.590098e+02,3,111.195882,0.202174,550,-1.580097e+00,0.094832,SCP
2025-11-15T01:26:30,1763169989.846863,   816441557.37,5135.379555,63116,24808,osion,3.804447e+02,4.472222e-02,-1.351712e+02,-2.460602e+01,1.588389e+02,3,37.039747,0.067345,550,-1.683315e+00,0.164311,SCP
2025-11-15T01:26:42,1763170001.846837,   816441569.37,5147.379555,63116,24808,osion,3.881358e+02,5.944444e-02,-1.349976e+02,-2.528117e+01,1.581568e+02,3,74.082613,0.134696,550,-1.867076e+00,0.116183,SCP
2025-11-15T01:26:45,1763170004.846831,   816441572.37,5150.379555,63116,24808,osion,3.900796e+02,6.305556e-02,-1.349539e+02,-2.544946e+01,1.579865e+02,3,111.195882,0.202174,550,-1.870607e+00,0.094832,SCP
2025-11-15T01:26:48,1763170007.846825,   816441575.37,5153.379555,63116,24808,osion,3.920317e+02,6.694444e-02,-1.349102e+02,-2.561755e+01,1.578162e+02,3,74.082613,0.134696,550,-2.084737e+00,0.116183,SCP
2025-11-15T01:26:50,1763170009.846821,   816441577.37,5155.379555,63116,24808,osion,3.933377e+02,6.944444e-02,-1.348810e+02,-2.572949e+01,1.577028e+02,3,37.039747,0.067345,550,-2.230953e+00,0.164311,SCP
2025-11-15T01:26:56,1763170015.846809,   816441583.37,5161.379555,63116,24808,osion,3.972780e+02,7.694444e-02,-1.347930e+02,-2.606479e+01,1.573628e+02,3,37.039747,0.067345,550,-2.672369e+00,0.164311,SCP
2025-11-15T01:26:59,1763170018.846802,   816441586.37,5164.379555,63116,24808,osion,3.992605e+02,8.055556e-02,-1.347489e+02,-2.623213e+01,1.571931e+02,3,74.082613,0.134696,550,-2.913775e+00,0.116183,SCP
2025-11-15T01:27:02,1763170021.846796,   816441589.37,5167.379555,63116,24808,osion,4.012512e+02,8.444444e-02,-1.347047e+02,-2.639928e+01,1.570233e+02,3,74.082613,0.134696,550,-3.173552e+00,0.116183,SCP
2025-11-15T01:27:05,1763170024.846790,   816441592.37,5170.379555,63116,24808,osion,4.032501e+02,8.805556e-02,-1.346604e+02,-2.656621e+01,1.568539e+02,3,111.195882,0.202174,550,-3.470105e+00,0.094832,SCP
2025-11-15T01:27:11,1763170030.846778,   816441598.37,5176.379555,63116,24808,osion,4.072723e+02,9.555556e-02,-1.345715e+02,-2.689947e+01,1.565151e+02,3,37.039747,0.067345,550,-4.163333e+00,0.164311,SCP
2025-11-15T01:27:20,1763170039.846759,   816441607.37,5185.379555,63116,24808,osion,4.133664e+02,1.069444e-01,-1.344372e+02,-2.739781e+01,1.560079e+02,3,185.254347,0.336826,550,-4.724859e+00,0.073471,SCP
2025-11-15T01:27:25,1763170044.846749,   816441612.37,5190.379555,63116,24808,osion,4.167832e+02,1.133333e-01,-1.343622e+02,-2.767386e+01,1.557265e+02,3,74.082613,0.134696,550,-5.585942e+00,0.116183,SCP
2025-11-15T01:27:31,1763170050.846735,   816441618.37,5196.379555,63116,24808,osion,4.209126e+02,1.211111e-01,-1.342719e+02,-2.800435e+01,1.553893e+02,3,37.039747,0.067345,550,-5.388034e+00,0.164311,SCP
2025-11-15T01:27:43,1763170062.846711,   816441630.37,5208.379555,63116,24808,osion,4.292661e+02,1.363889e-01,-1.340897e+02,-2.866281e+01,1.547168e+02,3,111.195882,0.202174,550,-5.546596e+00,0.094832,SCP
2025-11-15T01:27:46,1763170065.846705,   816441633.37,5211.379555,63116,24808,osion,4.313740e+02,1.402778e-01,-1.340439e+02,-2.882690e+01,1.545490e+02,3,74.082613,0.134696,550,-5.533395e+00,0.116183,SCP
2025-11-15T01:27:58,1763170077.846680,   816441645.37,5223.379555,63116,24808,osion,4.398831e+02,1.558333e-01,-1.338594e+02,-2.948111e+01,1.538792e+02,3,37.039747,0.067345,550,-3.979632e+00,0.164311,SCP
2025-11-15T01:28:01,1763170080.846673,   816441648.37,5226.379555,63116,24808,osion,4.420296e+02,1.597222e-01,-1.338130e+02,-2.964413e+01,1.537121e+02,3,37.039747,0.067345,550,-4.400684e+00,0.164311,SCP
2025-11-15T01:28:04,1763170083.846667,   816441651.37,5229.379555,63116,24808,osion,4.441837e+02,1.636111e-01,-1.337665e+02,-2.980693e+01,1.535453e+02,3,37.039747,0.067345,550,-4.421913e+00,0.164311,SCP
2025-11-15T01:28:07,1763170086.846661,   816441654.37,5232.379555,63116,24808,osion,4.463454e+02,1.675000e-01,-1.337198e+02,-2.996952e+01,1.533785e+02,3,74.082613,0.134696,550,-4.400512e+00,0.116183,SCP
2025-11-15T01:28:10,1763170089.846654,   816441657.37,5235.379555,63116,24808,osion,4.485147e+02,1.713889e-01,-1.336730e+02,-3.013189e+01,1.532120e+02,3,37.039747,0.067345,550,-4.255362e+00,0.164311,SCP
2025-11-15T01:28:16,1763170095.846642,   816441663.37,5241.379555,63116,24808,osion,4.528758e+02,1.794444e-01,-1.335790e+02,-3.045598e+01,1.528790e+02,3,37.039747,0.067345,550,-3.777472e+00,0.164311,SCP
2025-11-15T01:28:21,1763170100.846632,   816441668.37,5246.379555,63116,24808,osion,4.565329e+02,1.861111e-01,-1.335003e+02,-3.072540e+01,1.526020e+02,3,37.039747,0.067345,550,-4.932098e+00,0.164311,SCP
2025-11-15T01:28:27,1763170106.846620,   816441674.37,5252.379555,63116,24808,osion,4.609486e+02,1.938889e-01,-1.334054e+02,-3.104789e+01,1.522706e+02,3,37.039747,0.067345,550,-5.991778e+00,0.164311,SCP
2025-11-15T01:28:30,1763170109.846612,   816441677.37,5255.379555,63116,24808,osion,4.631676e+02,1.980556e-01,-1.333578e+02,-3.120881e+01,1.521048e+02,3,37.039747,0.067345,550,-5.969748e+00,0.164311,SCP
2025-11-15T01:28:33,1763170112.846606,   816441680.37,5258.379555,63116,24808,osion,4.653939e+02,2.019444e-01,-1.333100e+02,-3.136951e+01,1.519396e+02,3,74.082613,0.134696,550,-5.893936e+00,0.116183,SCP
2025-11-15T01:28:36,1763170115.846600,   816441683.37,5261.379555,63116,24808,osion,4.676275e+02,2.058333e-01,-1.332620e+02,-3.152999e+01,1.517745e+02,3,37.039747,0.067345,550,-5.884172e+00,0.164311,SCP
2025-11-15T01:28:39,1763170118.846594,   816441686.37,5264.379555,63116,24808,osion,4.698684e+02,2.100000e-01,-1.332140e+02,-3.169025e+01,1.516092e+02,3,74.082613,0.134696,550,-5.818082e+00,0.116183,SCP
2025-11-15T01:28:42,1763170121.846588,   816441689.37,5267.379555,63116,24808,osion,4.721165e+02,2.138889e-01,-1.331658e+02,-3.185029e+01,1.514445e+02,3,37.039747,0.067345,550,-5.499607e+00,0.164311,SCP
2025-11-15T01:28:45,1763170124.846581,   816441692.37,5270.379555,63116,24808,osion,4.743719e+02,2.180556e-01,-1.331175e+02,-3.201011e+01,1.512795e+02,3,74.082613,0.134696,550,-4.619847e+00,0.116183,SCP
2025-11-15T01:28:51,1763170130.846569,   816441698.37,5276.379555,63116,24808,osion,4.789042e+02,2.261111e-01,-1.330204e+02,-3.232907e+01,1.509505e+02,3,74.082613,0.134696,550,-5.670227e+00,0.116183,SCP
2025-11-15T01:28:59,1763170138.846553,   816441706.37,5284.379555,63116,24808,osion,4.849916e+02,2.369444e-01,-1.328901e+02,-3.275298e+01,1.505129e+02,3,37.039747,0.067345,550,-5.151289e+00,0.164311,SCP
2025-11-15T01:29:02,1763170141.846547,   816441709.37,5287.379555,63116,24808,osion,4.872874e+02,2.411111e-01,-1.328409e+02,-3.291153e+01,1.503490e+02,3,111.195882,0.202174,550,-4.755812e+00,0.094832,SCP
2025-11-15T01:29:08,1763170147.846534,   816441715.37,5293.379555,63116,24808,osion,4.919000e+02,2.491667e-01,-1.327422e+02,-3.322797e+01,1.500221e+02,3,37.039747,0.067345,550,-7.063049e+00,0.164311,SCP
2025-11-15T01:29:31,1763170170.846486,   816441738.37,5316.379555,63116,24808,osion,5.098381e+02,2.811111e-01,-1.323582e+02,-3.443261e+01,1.487745e+02,3,111.195882,0.202174,550,-4.981483e+00,0.094832,SCP
2025-11-15T01:29:40,1763170179.846467,   816441747.37,5325.379555,63116,24808,osion,5.169661e+02,2.936111e-01,-1.322055e+02,-3.490035e+01,1.482894e+02,3,37.039747,0.067345,550,-6.689680e+00,0.164311,SCP
2025-11-15T01:29:46,1763170185.846455,   816441753.37,5331.379555,63116,24808,osion,5.217515e+02,3.022222e-01,-1.321029e+02,-3.521104e+01,1.479665e+02,3,37.039747,0.067345,550,-6.818174e+00,0.164311,SCP
2025-11-15T01:29:52,1763170191.846442,   816441759.37,5337.379555,63116,24808,osion,5.265633e+02,3.105556e-01,-1.319996e+02,-3.552081e+01,1.476450e+02,3,74.082613,0.134696,550,-6.602064e+00,0.116183,SCP
2025-11-15T01:07:09,1763168828.847281,   816440396.37,3974.379555,63116,24808,osion,4.229722e+02,2.253389e+01,-1.531250e+02,4.510892e+01,1.276247e+02,4,37.039747,0.047141,550,-2.725668e+00,0.164311,SCP
2025-11-15T01:07:27,1763168846.847243,   816440414.37,3992.379555,63116,24808,osion,4.107003e+02,2.256917e+01,-1.526688e+02,4.414546e+01,1.286522e+02,4,37.039747,0.067345,550,-3.250499e+00,0.164311,SCP
2025-11-15T01:08:05,1763168884.847163,   816440452.37,4030.379555,63116,24808,osion,3.857379e+02,2.264056e+01,-1.517497e+02,4.208282e+01,1.308422e+02,4,37.039747,0.067345,550,-4.234444e+00,0.164311,SCP
2025-11-15T01:08:19,1763168898.847135,   816440466.37,4044.379555,63116,24808,osion,3.768733e+02,2.266611e+01,-1.514253e+02,4.131339e+01,1.316573e+02,4,37.039747,0.067345,550,-6.467531e+00,0.164311,SCP
2025-11-15T01:08:40,1763168919.847090,   816440487.37,4065.379555,63116,24808,osion,3.639211e+02,2.270333e+01,-1.509519e+02,4.014991e+01,1.328858e+02,4,37.039747,0.067345,550,-6.285421e+00,0.164311,SCP
2025-11-15T01:10:22,1763169021.846878,   816440589.37,4167.379555,63116,24808,osion,3.071794e+02,2.287083e+01,-1.488519e+02,3.434963e+01,1.389671e+02,4,37.039747,0.067345,550,-4.942364e+00,0.164311,SCP
2025-11-15T01:12:40,1763169159.846591,   816440727.37,4305.379555,63116,24808,osion,2.480495e+02,2.307000e+01,-1.464231e+02,2.616216e+01,1.474482e+02,4,37.039747,0.067345,550,-5.051503e+00,0.164311,SCP
2025-11-15T01:16:36,1763169395.847100,   816440963.37,4541.379555,63116,24808,osion,1.992264e+02,2.336472e+01,-1.429587e+02,1.155656e+01,1.622457e+02,4,37.039747,0.067345,550,-1.978733e+00,0.164311,SCP
2025-11-15T01:16:58,1763169417.847054,   816440985.37,4563.379555,63116,24808,osion,1.982299e+02,2.339056e+01,-1.426635e+02,1.017448e+01,1.636084e+02,4,37.039747,0.067345,550,-2.260858e+00,0.164311,SCP
2025-11-15T01:17:50,1763169469.846946,   816441037.37,4615.379555,63116,24808,osion,1.983325e+02,2.345028e+01,-1.419776e+02,6.904203e+00,1.667680e+02,4,37.039747,0.067345,550,-2.253857e+00,0.164311,SCP
2025-11-15T01:18:12,1763169491.846900,   816441059.37,4637.379555,63116,24808,osion,1.994162e+02,2.347528e+01,-1.416916e+02,5.520516e+00,1.680675e+02,4,37.039747,0.067345,550,-8.636150e-01,0.164311,SCP
2025-11-15T01:18:43,1763169522.846835,   816441090.37,4668.379555,63116,24808,osion,2.019911e+02,2.351028e+01,-1.412919e+02,3.572193e+00,1.698368e+02,4,37.039747,0.067345,550,-2.274412e+00,0.164311,SCP
2025-11-15T01:21:08,1763169667.846533,   816441235.37,4813.379555,63116,24808,osion,2.301100e+02,2.367222e+01,-1.394495e+02,-5.475266e+00,1.746988e+02,4,37.039747,0.067345,550,-1.478246e+00,0.164311,SCP
2025-11-15T01:22:36,1763169755.847350,   816441323.37,4901.379555,63116,24808,osion,2.597118e+02,2.377083e+01,-1.383282e+02,-1.086894e+01,1.718406e+02,4,37.039747,0.067345,550,-2.151265e+00,0.164311,SCP
2025-11-15T01:22:39,1763169758.847344,   816441326.37,4904.379555,63116,24808,osion,2.608816e+02,2.377417e+01,-1.382896e+02,-1.105103e+01,1.716953e+02,4,37.039747,0.067345,550,-1.989229e+00,0.164311,SCP
2025-11-15T01:22:48,1763169767.847326,   816441335.37,4913.379555,63116,24808,osion,2.644535e+02,2.378444e+01,-1.381738e+02,-1.159651e+01,1.712516e+02,4,37.039747,0.067345,550,-1.777035e+00,0.164311,SCP
2025-11-15T01:25:35,1763169934.846977,   816441502.37,5080.379555,63116,24808,osion,3.469587e+02,2.397778e+01,-1.359490e+02,-2.147178e+01,1.619803e+02,4,74.082613,0.134696,550,-4.006317e+00,0.116183,SCP
2025-11-15T01:26:04,1763169963.846918,   816441531.37,5109.379555,63116,24808,osion,3.642490e+02,1.277778e-02,-1.355424e+02,-2.313241e+01,1.603216e+02,4,37.039747,0.067345,550,-1.959577e+00,0.164311,SCP
2025-11-15T01:26:21,1763169980.846882,   816441548.37,5126.379555,63116,24808,osion,3.747654e+02,3.361111e-02,-1.353005e+02,-2.409758e+01,1.593515e+02,4,37.039747,0.067345,550,-1.499142e+00,0.164311,SCP
2025-11-15T01:26:36,1763169995.846851,   816441563.37,5141.379555,63116,24808,osion,3.842734e+02,5.194444e-02,-1.350846e+02,-2.494400e+01,1.584977e+02,4,74.082613,0.134696,550,-1.692275e+00,0.116183,SCP
2025-11-15T01:26:50,1763170009.846821,   816441577.37,5155.379555,63116,24808,osion,3.933377e+02,6.944444e-02,-1.348810e+02,-2.572949e+01,1.577028e+02,4,37.039747,0.067345,550,-2.230953e+00,0.164311,SCP
2025-11-15T01:26:59,1763170018.846802,   816441586.37,5164.379555,63116,24808,osion,3.992605e+02,8.055556e-02,-1.347489e+02,-2.623213e+01,1.571931e+02,4,37.039747,0.067345,550,-2.913775e+00,0.164311,SCP
2025-11-15T01:27:17,1763170036.846766,   816441604.37,5182.379555,63116,24808,osion,4.113270e+02,1.033333e-01,-1.344821e+02,-2.723190e+01,1.561767e+02,4,37.039747,0.067345,550,-4.332711e+00,0.164311,SCP
2025-11-15T01:27:37,1763170056.846723,   816441624.37,5202.379555,63116,24808,osion,4.250736e+02,1.286111e-01,-1.341810e+02,-2.833400e+01,1.550529e+02,4,37.039747,0.067345,550,-5.494953e+00,0.164311,SCP
2025-11-15T01:27:55,1763170074.846686,   816441642.37,5220.379555,63116,24808,osion,4.377443e+02,1.519444e-01,-1.339057e+02,-2.931788e+01,1.540464e+02,4,37.039747,0.067345,550,-4.171964e+00,0.164311,SCP
2025-11-15T01:27:58,1763170077.846680,   816441645.37,5223.379555,63116,24808,osion,4.398831e+02,1.558333e-01,-1.338594e+02,-2.948111e+01,1.538792e+02,4,74.082613,0.134696,550,-3.979632e+00,0.116183,SCP
2025-11-15T01:28:01,1763170080.846673,   816441648.37,5226.379555,63116,24808,osion,4.420296e+02,1.597222e-01,-1.338130e+02,-2.964413e+01,1.537121e+02,4,37.039747,0.067345,550,-4.400684e+00,0.164311,SCP
2025-11-15T01:28:10,1763170089.846654,   816441657.37,5235.379555,63116,24808,osion,4.485147e+02,1.713889e-01,-1.336730e+02,-3.013189e+01,1.532120e+02,4,37.039747,0.067345,550,-4.255362e+00,0.164311,SCP
2025-11-15T01:28:16,1763170095.846642,   816441663.37,5241.379555,63116,24808,osion,4.528758e+02,1.794444e-01,-1.335790e+02,-3.045598e+01,1.528790e+02,4,37.039747,0.067345,550,-3.777472e+00,0.164311,SCP
2025-11-15T01:28:21,1763170100.846632,   816441668.37,5246.379555,63116,24808,osion,4.565329e+02,1.861111e-01,-1.335003e+02,-3.072540e+01,1.526020e+02,4,37.039747,0.067345,550,-4.932098e+00,0.164311,SCP
2025-11-15T01:28:51,1763170130.846569,   816441698.37,5276.379555,63116,24808,osion,4.789042e+02,2.261111e-01,-1.330204e+02,-3.232907e+01,1.509505e+02,4,37.039747,0.067345,550,-5.670227e+00,0.164311,SCP
2025-11-15T01:29:23,1763170162.846503,   816441730.37,5308.379555,63116,24808,osion,5.035531e+02,2.700000e-01,-1.324928e+02,-3.401511e+01,1.492072e+02,4,37.039747,0.067345,550,-3.815324e+00,0.164311,SCP
2025-11-15T01:29:26,1763170165.846496,   816441733.37,5311.379555,63116,24808,osion,5.059043e+02,2.741667e-01,-1.324425e+02,-3.417186e+01,1.490448e+02,4,37.039747,0.067345,550,-3.971203e+00,0.164311,SCP
2025-11-15T01:29:37,1763170176.846473,   816441744.37,5322.379555,63116,24808,osion,5.145834e+02,2.894444e-01,-1.322566e+02,-3.474467e+01,1.484509e+02,4,37.039747,0.067345,550,-5.627018e+00,0.164311,SCP
2025-11-15T01:29:40,1763170179.846467,   816441747.37,5325.379555,63116,24808,osion,5.169661e+02,2.936111e-01,-1.322055e+02,-3.490035e+01,1.482894e+02,4,37.039747,0.067345,550,-6.689680e+00,0.164311,SCP
2025-11-15T01:12:52,1763169171.846565,   816440739.37,4317.379555,63116,24808,osion,2.439309e+02,2.308611e+01,-1.462293e+02,2.543478e+01,1.481960e+02,8,37.039747,0.067345,550,-5.242861e+00,0.164311,SCP
2025-11-15T01:13:00,1763169179.846549,   816440747.37,4325.379555,63116,24808,osion,2.412792e+02,2.309694e+01,-1.461014e+02,2.494868e+01,1.486964e+02,8,37.039747,0.067345,550,-5.400026e+00,0.164311,SCP
2025-11-15T01:13:09,1763169188.846530,   816440756.37,4334.379555,63116,24808,osion,2.383866e+02,2.310889e+01,-1.459588e+02,2.440071e+01,1.492589e+02,8,37.039747,0.067345,550,-4.913422e+00,0.164311,SCP
2025-11-15T01:14:54,1763169293.847312,   816440861.37,4439.379555,63116,24808,osion,2.118684e+02,2.324250e+01,-1.443783e+02,1.793313e+01,1.558541e+02,8,37.039747,0.067345,550,-3.767406e+00,0.164311,SCP
2025-11-15T01:15:18,1763169317.847262,   816440885.37,4463.379555,63116,24808,osion,2.077145e+02,2.327194e+01,-1.440356e+02,1.643903e+01,1.573651e+02,8,74.082613,0.134696,550,-2.703074e+00,0.116183,SCP
2025-11-15T01:15:22,1763169321.847254,   816440889.37,4467.379555,63116,24808,osion,2.070923e+02,2.327694e+01,-1.439790e+02,1.618956e+01,1.576177e+02,8,37.039747,0.067345,550,-2.331938e+00,0.164311,SCP
2025-11-15T01:15:29,1763169328.847239,   816440896.37,4474.379555,63116,24808,osion,2.060518e+02,2.328528e+01,-1.438804e+02,1.575272e+01,1.580567e+02,8,37.039747,0.067345,550,-2.338916e+00,0.164311,SCP
2025-11-15T01:15:33,1763169332.847231,   816440900.37,4478.379555,63116,24808,osion,2.054850e+02,2.329000e+01,-1.438243e+02,1.550293e+01,1.583073e+02,8,74.082613,0.134696,550,-2.324365e+00,0.116183,SCP
2025-11-15T01:15:44,1763169343.847208,   816440911.37,4489.379555,63116,24808,osion,2.040300e+02,2.330333e+01,-1.436707e+02,1.481547e+01,1.589988e+02,8,37.039747,0.067345,550,-2.274458e+00,0.164311,SCP
2025-11-15T01:16:32,1763169391.847108,   816440959.37,4537.379555,63116,24808,osion,1.994739e+02,2.336028e+01,-1.430127e+02,1.180768e+01,1.619991e+02,8,37.039747,0.067345,550,-1.805895e+00,0.164311,SCP
2025-11-15T01:17:54,1763169473.846937,   816441041.37,4619.379555,63116,24808,osion,1.984835e+02,2.345472e+01,-1.419254e+02,6.652592e+00,1.670054e+02,8,37.039747,0.067345,550,-2.171509e+00,0.164311,SCP
2025-11-15T01:18:25,1763169504.846872,   816441072.37,4650.379555,63116,24808,osion,2.003469e+02,2.349000e+01,-1.415235e+02,4.703204e+00,1.688201e+02,8,37.039747,0.067345,550,-7.396788e-01,0.164311,SCP
2025-11-15T01:18:31,1763169510.846860,   816441078.37,4656.379555,63116,24808,osion,2.008492e+02,2.349667e+01,-1.414462e+02,4.326103e+00,1.691614e+02,8,37.039747,0.067345,550,-9.515439e-01,0.164311,SCP
2025-11-15T01:19:57,1763169596.846681,   816441164.37,4742.379555,63116,24808,osion,2.130615e+02,2.359333e+01,-1.403486e+02,-1.063336e+00,1.734524e+02,8,37.039747,0.067345,550,-1.308197e+00,0.164311,SCP
2025-11-15T01:20:13,1763169612.846647,   816441180.37,4758.379555,63116,24808,osion,2.163594e+02,2.361111e+01,-1.401458e+02,-2.061281e+00,1.740090e+02,8,37.039747,0.067345,550,-1.588004e+00,0.164311,SCP
2025-11-15T01:20:35,1763169634.846602,   816441202.37,4780.379555,63116,24808,osion,2.214129e+02,2.363556e+01,-1.398673e+02,-3.430158e+00,1.745431e+02,8,74.082613,0.134696,550,-1.451144e+00,0.116183,SCP
2025-11-15T01:22:27,1763169746.847370,   816441314.37,4892.379555,63116,24808,osion,2.562648e+02,2.376083e+01,-1.384437e+02,-1.032191e+01,1.722658e+02,8,37.039747,0.067345,550,-3.164136e+00,0.164311,SCP
2025-11-15T01:22:33,1763169752.847356,   816441320.37,4898.379555,63116,24808,osion,2.585523e+02,2.376750e+01,-1.383667e+02,-1.068672e+01,1.719842e+02,8,37.039747,0.067345,550,-2.263033e+00,0.164311,SCP
2025-11-15T01:23:17,1763169796.847265,   816441364.37,4942.379555,63116,24808,osion,2.765926e+02,2.381722e+01,-1.377983e+02,-1.334586e+01,1.697453e+02,8,37.039747,0.067345,550,-2.264194e+00,0.164311,SCP
2025-11-15T01:27:55,1763170074.846686,   816441642.37,5220.379555,63116,24808,osion,4.377443e+02,1.519444e-01,-1.339057e+02,-2.931788e+01,1.540464e+02,8,37.039747,0.067345,550,-4.171964e+00,0.164311,SCP
2025-11-15T01:29:29,1763170168.846490,   816441736.37,5314.379555,63116,24808,osion,5.082623e+02,2.783333e-01,-1.323920e+02,-3.432839e+01,1.488825e+02,8,74.082613,0.134696,550,-4.536549e+00,0.116183,SCP
2025-11-15T01:29:40,1763170179.846467,   816441747.37,5325.379555,63116,24808,osion,5.169661e+02,2.936111e-01,-1.322055e+02,-3.490035e+01,1.482894e+02,8,37.039747,0.067345,550,-6.689680e+00,0.164311,SCP
2025-11-15T01:07:15,1763168834.847267,   816440402.37,3980.379555,63116,24808,osion,4.188502e+02,2.254556e+01,-1.529714e+02,4.478876e+01,1.279655e+02,12,74.082613,0.094287,550,-2.884313e+00,0.116183,SCP
2025-11-15T01:07:18,1763168837.847261,   816440405.37,3983.379555,63116,24808,osion,4.168010e+02,2.255167e+01,-1.528951e+02,4.462830e+01,1.281377e+02,12,37.039747,0.047141,550,-3.080269e+00,0.164311,SCP
2025-11-15T01:08:43,1763168922.847084,   816440490.37,4068.379555,63116,24808,osion,3.621050e+02,2.270861e+01,-1.508855e+02,3.998280e+01,1.330622e+02,12,111.195882,0.202174,550,-6.461064e+00,0.094832,SCP
2025-11-15T01:08:49,1763168928.847072,   816440496.37,4074.379555,63116,24808,osion,3.584987e+02,2.271889e+01,-1.507536e+02,3.964792e+01,1.334144e+02,12,37.039747,0.067345,550,-7.037361e+00,0.164311,SCP
2025-11-15T01:09:42,1763168981.846961,   816440549.37,4127.379555,63116,24808,osion,3.281777e+02,2.280750e+01,-1.496391e+02,3.665252e+01,1.365603e+02,12,37.039747,0.067345,550,-6.298948e+00,0.164311,SCP
2025-11-15T01:09:56,1763168995.846932,   816440563.37,4141.379555,63116,24808,osion,3.206399e+02,2.283000e+01,-1.493586e+02,3.585049e+01,1.373996e+02,12,148.205345,0.269464,550,-4.212192e+00,0.082143,SCP
2025-11-15T01:14:08,1763169247.847407,   816440815.37,4393.379555,63116,24808,osion,2.218293e+02,2.318528e+01,-1.450531e+02,2.078198e+01,1.529606e+02,12,37.039747,0.067345,550,-2.341501e+00,0.164311,SCP
2025-11-15T01:14:11,1763169250.847401,   816440818.37,4396.379555,63116,24808,osion,2.211002e+02,2.318889e+01,-1.450083e+02,2.059685e+01,1.531481e+02,12,37.039747,0.067345,550,-2.272577e+00,0.164311,SCP
2025-11-15T01:14:16,1763169255.847391,   816440823.37,4401.379555,63116,24808,osion,2.199096e+02,2.319528e+01,-1.449339e+02,2.028809e+01,1.534631e+02,12,37.039747,0.067345,550,-2.594165e+00,0.164311,SCP
2025-11-15T01:14:19,1763169258.847385,   816440826.37,4404.379555,63116,24808,osion,2.192100e+02,2.319917e+01,-1.448894e+02,2.010270e+01,1.536526e+02,12,37.039747,0.067345,550,-2.685398e+00,0.164311,SCP
2025-11-15T01:14:43,1763169282.847335,   816440850.37,4428.379555,63116,24808,osion,2.140122e+02,2.322917e+01,-1.445374e+02,1.861627e+01,1.551634e+02,12,74.082613,0.134696,550,-2.884920e+00,0.116183,SCP
2025-11-15T01:14:48,1763169287.847325,   816440855.37,4433.379555,63116,24808,osion,2.130191e+02,2.323528e+01,-1.444649e+02,1.830589e+01,1.554776e+02,12,37.039747,0.067345,550,-2.889775e+00,0.164311,SCP
2025-11-15T01:15:22,1763169321.847254,   816440889.37,4467.379555,63116,24808,osion,2.070923e+02,2.327694e+01,-1.439790e+02,1.618956e+01,1.576177e+02,12,74.082613,0.134696,550,-2.331938e+00,0.116183,SCP
2025-11-15T01:15:52,1763169351.847191,   816440919.37,4497.379555,63116,24808,osion,2.030678e+02,2.331278e+01,-1.435597e+02,1.431502e+01,1.594996e+02,12,37.039747,0.067345,550,-1.740643e+00,0.164311,SCP
2025-11-15T01:16:32,1763169391.847108,   816440959.37,4537.379555,63116,24808,osion,1.994739e+02,2.336028e+01,-1.430127e+02,1.180768e+01,1.619991e+02,12,37.039747,0.067345,550,-1.805895e+00,0.164311,SCP
2025-11-15T01:17:20,1763169439.847008,   816441007.37,4585.379555,63116,24808,osion,1.978514e+02,2.341583e+01,-1.423714e+02,8.791248e+00,1.649560e+02,12,37.039747,0.067345,550,-2.309824e+00,0.164311,SCP
2025-11-15T01:17:24,1763169443.847000,   816441011.37,4589.379555,63116,24808,osion,1.978491e+02,2.342056e+01,-1.423186e+02,8.539672e+00,1.652006e+02,12,74.082613,0.134696,550,-2.146865e+00,0.116183,SCP
2025-11-15T01:17:31,1763169450.846985,   816441018.37,4596.379555,63116,24808,osion,1.978942e+02,2.342861e+01,-1.422265e+02,8.099380e+00,1.656257e+02,12,37.039747,0.067345,550,-2.066338e+00,0.164311,SCP
2025-11-15T01:17:57,1763169476.846931,   816441044.37,4622.379555,63116,24808,osion,1.986102e+02,2.345833e+01,-1.418863e+02,6.463891e+00,1.671854e+02,12,74.082613,0.134696,550,-2.300515e+00,0.116183,SCP
2025-11-15T01:18:25,1763169504.846872,   816441072.37,4650.379555,63116,24808,osion,2.003469e+02,2.349000e+01,-1.415235e+02,4.703204e+00,1.688201e+02,12,74.082613,0.134696,550,-7.396788e-01,0.116183,SCP
2025-11-15T01:18:31,1763169510.846860,   816441078.37,4656.379555,63116,24808,osion,2.008492e+02,2.349667e+01,-1.414462e+02,4.326103e+00,1.691614e+02,12,37.039747,0.067345,550,-9.515439e-01,0.164311,SCP
2025-11-15T01:18:43,1763169522.846835,   816441090.37,4668.379555,63116,24808,osion,2.019911e+02,2.351028e+01,-1.412919e+02,3.572193e+00,1.698368e+02,12,37.039747,0.067345,550,-2.274412e+00,0.164311,SCP
2025-11-15T01:18:47,1763169526.846826,   816441094.37,4672.379555,63116,24808,osion,2.024125e+02,2.351472e+01,-1.412405e+02,3.320987e+00,1.700575e+02,12,37.039747,0.067345,550,-2.698886e+00,0.164311,SCP
2025-11-15T01:18:51,1763169530.846819,   816441098.37,4676.379555,63116,24808,osion,2.028541e+02,2.351944e+01,-1.411892e+02,3.069835e+00,1.702794e+02,12,37.039747,0.067345,550,-3.664864e+00,0.164311,SCP
2025-11-15T01:18:55,1763169534.846810,   816441102.37,4680.379555,63116,24808,osion,2.033161e+02,2.352389e+01,-1.411380e+02,2.818742e+00,1.704961e+02,12,74.082613,0.134696,550,-5.028880e+00,0.116183,SCP
2025-11-15T01:18:58,1763169537.846804,   816441105.37,4683.379555,63116,24808,osion,2.036759e+02,2.352722e+01,-1.410996e+02,2.630462e+00,1.706572e+02,12,37.039747,0.067345,550,-5.854538e+00,0.164311,SCP
2025-11-15T01:19:06,1763169545.846787,   816441113.37,4691.379555,63116,24808,osion,2.046912e+02,2.353611e+01,-1.409973e+02,2.128560e+00,1.710803e+02,12,37.039747,0.067345,550,-5.884720e+00,0.164311,SCP
2025-11-15T01:19:13,1763169552.846772,   816441120.37,4698.379555,63116,24808,osion,2.056460e+02,2.354389e+01,-1.409080e+02,1.689627e+00,1.714418e+02,12,37.039747,0.067345,550,-5.353507e+00,0.164311,SCP
2025-11-15T01:19:17,1763169556.846765,   816441124.37,4702.379555,63116,24808,osion,2.062194e+02,2.354861e+01,-1.408570e+02,1.438912e+00,1.716476e+02,12,37.039747,0.067345,550,-5.316341e+00,0.164311,SCP
2025-11-15T01:19:28,1763169567.846742,   816441135.37,4713.379555,63116,24808,osion,2.079004e+02,2.356083e+01,-1.407169e+02,7.498625e-01,1.721872e+02,12,37.039747,0.067345,550,-1.573156e+00,0.164311,SCP
2025-11-15T01:19:35,1763169574.846727,   816441142.37,4720.379555,63116,24808,osion,2.090495e+02,2.356861e+01,-1.406279e+02,3.117211e-01,1.725153e+02,12,37.039747,0.067345,550,-2.310743e+00,0.164311,SCP
2025-11-15T01:19:43,1763169582.846710,   816441150.37,4728.379555,63116,24808,osion,2.104382e+02,2.357750e+01,-1.405262e+02,-1.886578e-01,1.728735e+02,12,37.039747,0.067345,550,-1.521440e+00,0.164311,SCP
2025-11-15T01:19:50,1763169589.846696,   816441157.37,4735.379555,63116,24808,osion,2.117192e+02,2.358528e+01,-1.404374e+02,-6.261598e-01,1.731700e+02,12,74.082613,0.134696,550,-1.133260e+00,0.116183,SCP
2025-11-15T01:19:54,1763169593.846688,   816441161.37,4739.379555,63116,24808,osion,2.124788e+02,2.358972e+01,-1.403866e+02,-8.760154e-01,1.733315e+02,12,111.195882,0.202174,550,-1.308192e+00,0.094832,SCP
2025-11-15T01:20:05,1763169604.846665,   816441172.37,4750.379555,63116,24808,osion,2.146706e+02,2.360222e+01,-1.402472e+02,-1.562545e+00,1.737459e+02,12,148.205345,0.269464,550,-1.882649e+00,0.082143,SCP
2025-11-15T01:20:09,1763169608.846656,   816441176.37,4754.379555,63116,24808,osion,2.155050e+02,2.360667e+01,-1.401965e+02,-1.811974e+00,1.738815e+02,12,37.039747,0.067345,550,-1.910870e+00,0.164311,SCP
2025-11-15T01:20:13,1763169612.846647,   816441180.37,4758.379555,63116,24808,osion,2.163594e+02,2.361111e+01,-1.401458e+02,-2.061281e+00,1.740090e+02,12,37.039747,0.067345,550,-1.588004e+00,0.164311,SCP
2025-11-15T01:20:16,1763169615.846642,   816441183.37,4761.379555,63116,24808,osion,2.170132e+02,2.361444e+01,-1.401079e+02,-2.248179e+00,1.740990e+02,12,37.039747,0.067345,550,-1.680406e+00,0.164311,SCP
2025-11-15T01:20:28,1763169627.846617,   816441195.37,4773.379555,63116,24808,osion,2.197400e+02,2.362778e+01,-1.399559e+02,-2.995047e+00,1.744065e+02,12,37.039747,0.067345,550,-1.916041e+00,0.164311,SCP
2025-11-15T01:20:35,1763169634.846602,   816441202.37,4780.379555,63116,24808,osion,2.214129e+02,2.363556e+01,-1.398673e+02,-3.430158e+00,1.745431e+02,12,74.082613,0.134696,550,-1.451144e+00,0.116183,SCP
2025-11-15T01:20:42,1763169641.846588,   816441209.37,4787.379555,63116,24808,osion,2.231462e+02,2.364333e+01,-1.397787e+02,-3.864834e+00,1.746453e+02,12,37.039747,0.067345,550,-1.457482e+00,0.164311,SCP
2025-11-15T01:20:46,1763169645.846579,   816441213.37,4791.379555,63116,24808,osion,2.241637e+02,2.364778e+01,-1.397281e+02,-4.113018e+00,1.746874e+02,12,37.039747,0.067345,550,-1.538778e+00,0.164311,SCP
2025-11-15T01:20:53,1763169652.846565,   816441220.37,4798.379555,63116,24808,osion,2.259915e+02,2.365556e+01,-1.396395e+02,-4.546978e+00,1.747318e+02,12,37.039747,0.067345,550,-1.915696e+00,0.164311,SCP
2025-11-15T01:20:57,1763169656.846556,   816441224.37,4802.379555,63116,24808,osion,2.270629e+02,2.366000e+01,-1.395888e+02,-4.794743e+00,1.747400e+02,12,37.039747,0.067345,550,-2.115299e+00,0.164311,SCP
2025-11-15T01:21:12,1763169671.846525,   816441239.37,4817.379555,63116,24808,osion,2.312545e+02,2.367667e+01,-1.393988e+02,-5.722421e+00,1.746608e+02,12,37.039747,0.067345,550,-1.226841e+00,0.164311,SCP
2025-11-15T01:21:23,1763169682.846502,   816441250.37,4828.379555,63116,24808,osion,2.345019e+02,2.368917e+01,-1.392593e+02,-6.401207e+00,1.745000e+02,12,37.039747,0.067345,550,-2.034041e+00,0.164311,SCP
2025-11-15T01:21:38,1763169697.846471,   816441265.37,4843.379555,63116,24808,osion,2.391653e+02,2.370583e+01,-1.390689e+02,-7.324645e+00,1.741468e+02,12,74.082613,0.134696,550,-2.615967e+00,0.116183,SCP
2025-11-15T01:21:41,1763169700.846465,   816441268.37,4846.379555,63116,24808,osion,2.401304e+02,2.370917e+01,-1.390308e+02,-7.509018e+00,1.740603e+02,12,37.039747,0.067345,550,-2.798786e+00,0.164311,SCP
2025-11-15T01:22:24,1763169743.847366,   816441311.37,4889.379555,63116,24808,osion,2.551367e+02,2.375750e+01,-1.384822e+02,-1.013931e+01,1.724037e+02,12,74.082613,0.134696,550,-3.254623e+00,0.116183,SCP
2025-11-15T01:22:27,1763169746.847370,   816441314.37,4892.379555,63116,24808,osion,2.562648e+02,2.376083e+01,-1.384437e+02,-1.032191e+01,1.722658e+02,12,74.082613,0.134696,550,-3.164136e+00,0.116183,SCP
2025-11-15T01:22:33,1763169752.847356,   816441320.37,4898.379555,63116,24808,osion,2.585523e+02,2.376750e+01,-1.383667e+02,-1.068672e+01,1.719842e+02,12,37.039747,0.067345,550,-2.263033e+00,0.164311,SCP
2025-11-15T01:22:36,1763169755.847350,   816441323.37,4901.379555,63116,24808,osion,2.597118e+02,2.377083e+01,-1.383282e+02,-1.086894e+01,1.718406e+02,12,148.205345,0.269464,550,-2.151265e+00,0.082143,SCP
2025-11-15T01:22:42,1763169761.847338,   816441329.37,4907.379555,63116,24808,osion,2.620619e+02,2.377778e+01,-1.382510e+02,-1.123298e+01,1.715500e+02,12,148.205345,0.269464,550,-1.665077e+00,0.082143,SCP
2025-11-15T01:22:59,1763169778.847302,   816441346.37,4924.379555,63116,24808,osion,2.689453e+02,2.379694e+01,-1.380317e+02,-1.226157e+01,1.706923e+02,12,37.039747,0.067345,550,-1.644309e+00,0.164311,SCP
2025-11-15T01:23:05,1763169784.847290,   816441352.37,4930.379555,63116,24808,osion,2.714536e+02,2.380361e+01,-1.379541e+02,-1.262356e+01,1.703800e+02,12,37.039747,0.067345,550,-1.324116e+00,0.164311,SCP
2025-11-15T01:23:08,1763169787.847283,   816441355.37,4933.379555,63116,24808,osion,2.727231e+02,2.380694e+01,-1.379152e+02,-1.280435e+01,1.702223e+02,12,37.039747,0.067345,550,-1.232381e+00,0.164311,SCP
2025-11-15T01:23:40,1763169819.847217,   816441387.37,4965.379555,63116,24808,osion,2.868940e+02,2.384361e+01,-1.374979e+02,-1.472379e+01,1.684967e+02,12,74.082613,0.134696,550,-2.372684e+00,0.116183,SCP
2025-11-15T01:23:46,1763169825.847204,   816441393.37,4971.379555,63116,24808,osion,2.896779e+02,2.385028e+01,-1.374192e+02,-1.508181e+01,1.681648e+02,12,37.039747,0.067345,550,-2.441041e+00,0.164311,SCP
2025-11-15T01:24:33,1763169872.847106,   816441440.37,5018.379555,63116,24808,osion,3.128417e+02,2.390472e+01,-1.367951e+02,-1.786449e+01,1.655227e+02,12,37.039747,0.067345,550,-4.245834e+00,0.164311,SCP
2025-11-15T01:24:36,1763169875.847100,   816441443.37,5021.379555,63116,24808,osion,3.144006e+02,2.390833e+01,-1.367548e+02,-1.804075e+01,1.653523e+02,12,74.082613,0.134696,550,-4.026024e+00,0.116183,SCP
2025-11-15T01:25:26,1763169925.846996,   816441493.37,5071.379555,63116,24808,osion,3.417624e+02,2.396722e+01,-1.360736e+02,-2.095287e+01,1.624956e+02,12,111.195882,0.202174,550,-5.437854e+00,0.094832,SCP
2025-11-15T01:25:32,1763169931.846983,   816441499.37,5077.379555,63116,24808,osion,3.452176e+02,2.397417e+01,-1.359906e+02,-2.129900e+01,1.621520e+02,12,37.039747,0.067345,550,-4.590071e+00,0.164311,SCP
2025-11-15T01:25:38,1763169937.846971,   816441505.37,5083.379555,63116,24808,osion,3.487088e+02,2.398139e+01,-1.359072e+02,-2.164438e+01,1.618085e+02,12,74.082613,0.134696,550,-3.414152e+00,0.116183,SCP
2025-11-15T01:25:43,1763169942.846961,   816441510.37,5088.379555,63116,24808,osion,3.516455e+02,2.398750e+01,-1.358376e+02,-2.193164e+01,1.615224e+02,12,37.039747,0.067345,550,-2.906356e+00,0.164311,SCP
2025-11-15T01:25:46,1763169945.846955,   816441513.37,5091.379555,63116,24808,osion,3.534195e+02,2.399111e+01,-1.357956e+02,-2.210374e+01,1.613507e+02,12,37.039747,0.067345,550,-2.759116e+00,0.164311,SCP
2025-11-15T01:25:49,1763169948.846948,   816441516.37,5094.379555,63116,24808,osion,3.552023e+02,2.399472e+01,-1.357536e+02,-2.227566e+01,1.611791e+02,12,111.195882,0.202174,550,-3.066353e+00,0.094832,SCP
2025-11-15T01:25:58,1763169957.846930,   816441525.37,5103.379555,63116,24808,osion,3.606039e+02,5.555556e-03,-1.356272e+02,-2.279028e+01,1.606644e+02,12,37.039747,0.067345,550,-2.375998e+00,0.164311,SCP
2025-11-15T01:26:07,1763169966.846911,   816441534.37,5112.379555,63116,24808,osion,3.660846e+02,1.638889e-02,-1.354999e+02,-2.330318e+01,1.601503e+02,12,37.039747,0.067345,550,-1.885149e+00,0.164311,SCP
2025-11-15T01:26:10,1763169969.846904,   816441537.37,5115.379555,63116,24808,osion,3.679289e+02,2.000000e-02,-1.354574e+02,-2.347377e+01,1.599790e+02,12,37.039747,0.067345,550,-1.846071e+00,0.164311,SCP
2025-11-15T01:26:18,1763169977.846888,   816441545.37,5123.379555,63116,24808,osion,3.728894e+02,3.000000e-02,-1.353434e+02,-2.392771e+01,1.595225e+02,12,74.082613,0.134696,550,-1.493699e+00,0.116183,SCP
2025-11-15T01:26:27,1763169986.846869,   816441554.37,5132.379555,63116,24808,osion,3.785431e+02,4.083333e-02,-1.352144e+02,-2.443674e+01,1.590098e+02,12,74.082613,0.134696,550,-1.580097e+00,0.116183,SCP
2025-11-15T01:26:33,1763169992.846857,   816441560.37,5138.379555,63116,24808,osion,3.823548e+02,4.833333e-02,-1.351280e+02,-2.477511e+01,1.586683e+02,12,37.039747,0.067345,550,-1.693343e+00,0.164311,SCP
2025-11-15T01:26:36,1763169995.846851,   816441563.37,5141.379555,63116,24808,osion,3.842734e+02,5.194444e-02,-1.350846e+02,-2.494400e+01,1.584977e+02,12,37.039747,0.067345,550,-1.692275e+00,0.164311,SCP
2025-11-15T01:26:42,1763170001.846837,   816441569.37,5147.379555,63116,24808,osion,3.881358e+02,5.944444e-02,-1.349976e+02,-2.528117e+01,1.581568e+02,12,37.039747,0.067345,550,-1.867076e+00,0.164311,SCP
2025-11-15T01:26:45,1763170004.846831,   816441572.37,5150.379555,63116,24808,osion,3.900796e+02,6.305556e-02,-1.349539e+02,-2.544946e+01,1.579865e+02,12,74.082613,0.134696,550,-1.870607e+00,0.116183,SCP
2025-11-15T01:26:50,1763170009.846821,   816441577.37,5155.379555,63116,24808,osion,3.933377e+02,6.944444e-02,-1.348810e+02,-2.572949e+01,1.577028e+02,12,37.039747,0.067345,550,-2.230953e+00,0.164311,SCP
2025-11-15T01:27:25,1763170044.846749,   816441612.37,5190.379555,63116,24808,osion,4.167832e+02,1.133333e-01,-1.343622e+02,-2.767386e+01,1.557265e+02,12,37.039747,0.067345,550,-5.585942e+00,0.164311,SCP
2025-11-15T01:27:28,1763170047.846742,   816441615.37,5193.379555,63116,24808,osion,4.188439e+02,1.172222e-01,-1.343171e+02,-2.783921e+01,1.555578e+02,12,74.082613,0.134696,550,-5.858960e+00,0.116183,SCP
2025-11-15T01:27:37,1763170056.846723,   816441624.37,5202.379555,63116,24808,osion,4.250736e+02,1.286111e-01,-1.341810e+02,-2.833400e+01,1.550529e+02,12,111.195882,0.202174,550,-5.494953e+00,0.094832,SCP
2025-11-15T01:27:55,1763170074.846686,   816441642.37,5220.379555,63116,24808,osion,4.377443e+02,1.519444e-01,-1.339057e+02,-2.931788e+01,1.540464e+02,12,74.082613,0.134696,550,-4.171964e+00,0.116183,SCP
2025-11-15T01:27:58,1763170077.846680,   816441645.37,5223.379555,63116,24808,osion,4.398831e+02,1.558333e-01,-1.338594e+02,-2.948111e+01,1.538792e+02,12,37.039747,0.067345,550,-3.979632e+00,0.164311,SCP
2025-11-15T01:28:07,1763170086.846661,   816441654.37,5232.379555,63116,24808,osion,4.463454e+02,1.675000e-01,-1.337198e+02,-2.996952e+01,1.533785e+02,12,37.039747,0.067345,550,-4.400512e+00,0.164311,SCP
2025-11-15T01:28:10,1763170089.846654,   816441657.37,5235.379555,63116,24808,osion,4.485147e+02,1.713889e-01,-1.336730e+02,-3.013189e+01,1.532120e+02,12,37.039747,0.067345,550,-4.255362e+00,0.164311,SCP
2025-11-15T01:28:16,1763170095.846642,   816441663.37,5241.379555,63116,24808,osion,4.528758e+02,1.794444e-01,-1.335790e+02,-3.045598e+01,1.528790e+02,12,37.039747,0.067345,550,-3.777472e+00,0.164311,SCP
2025-11-15T01:28:19,1763170098.846636,   816441666.37,5244.379555,63116,24808,osion,4.550675e+02,1.833333e-01,-1.335319e+02,-3.061770e+01,1.527129e+02,12,37.039747,0.067345,550,-4.325905e+00,0.164311,SCP
2025-11-15T01:28:21,1763170100.846632,   816441668.37,5246.379555,63116,24808,osion,4.565329e+02,1.861111e-01,-1.335003e+02,-3.072540e+01,1.526020e+02,12,37.039747,0.067345,550,-4.932098e+00,0.164311,SCP
2025-11-15T01:28:27,1763170106.846620,   816441674.37,5252.379555,63116,24808,osion,4.609486e+02,1.938889e-01,-1.334054e+02,-3.104789e+01,1.522706e+02,12,37.039747,0.067345,550,-5.991778e+00,0.164311,SCP
2025-11-15T01:28:30,1763170109.846612,   816441677.37,5255.379555,63116,24808,osion,4.631676e+02,1.980556e-01,-1.333578e+02,-3.120881e+01,1.521048e+02,12,37.039747,0.067345,550,-5.969748e+00,0.164311,SCP
2025-11-15T01:28:42,1763170121.846588,   816441689.37,5267.379555,63116,24808,osion,4.721165e+02,2.138889e-01,-1.331658e+02,-3.185029e+01,1.514445e+02,12,37.039747,0.067345,550,-5.499607e+00,0.164311,SCP
2025-11-15T01:28:45,1763170124.846581,   816441692.37,5270.379555,63116,24808,osion,4.743719e+02,2.180556e-01,-1.331175e+02,-3.201011e+01,1.512795e+02,12,37.039747,0.067345,550,-4.619847e+00,0.164311,SCP
2025-11-15T01:28:48,1763170127.846575,   816441695.37,5273.379555,63116,24808,osion,4.766344e+02,2.219444e-01,-1.330690e+02,-3.216970e+01,1.511151e+02,12,74.082613,0.134696,550,-5.324693e+00,0.116183,SCP
2025-11-15T01:28:51,1763170130.846569,   816441698.37,5276.379555,63116,24808,osion,4.789042e+02,2.261111e-01,-1.330204e+02,-3.232907e+01,1.509505e+02,12,37.039747,0.067345,550,-5.670227e+00,0.164311,SCP
2025-11-15T01:28:56,1763170135.846559,   816441703.37,5281.379555,63116,24808,osion,4.827029e+02,2.327778e-01,-1.329390e+02,-3.259420e+01,1.506770e+02,12,37.039747,0.067345,550,-5.660599e+00,0.164311,SCP
2025-11-15T01:28:59,1763170138.846553,   816441706.37,5284.379555,63116,24808,osion,4.849916e+02,2.369444e-01,-1.328901e+02,-3.275298e+01,1.505129e+02,12,111.195882,0.202174,550,-5.151289e+00,0.094832,SCP
2025-11-15T01:29:02,1763170141.846547,   816441709.37,5287.379555,63116,24808,osion,4.872874e+02,2.411111e-01,-1.328409e+02,-3.291153e+01,1.503490e+02,12,148.205345,0.269464,550,-4.755812e+00,0.082143,SCP
2025-11-15T01:29:05,1763170144.846540,   816441712.37,5290.379555,63116,24808,osion,4.895902e+02,2.452778e-01,-1.327916e+02,-3.306986e+01,1.501852e+02,12,37.039747,0.067345,550,-5.432820e+00,0.164311,SCP
2025-11-15T01:29:08,1763170147.846534,   816441715.37,5293.379555,63116,24808,osion,4.919000e+02,2.491667e-01,-1.327422e+02,-3.322797e+01,1.500221e+02,12,37.039747,0.067345,550,-7.063049e+00,0.164311,SCP
2025-11-15T01:29:14,1763170153.846522,   816441721.37,5299.379555,63116,24808,osion,4.965405e+02,2.575000e-01,-1.326429e+02,-3.354350e+01,1.496956e+02,12,37.039747,0.067345,550,-6.838494e+00,0.164311,SCP
2025-11-15T01:29:23,1763170162.846503,   816441730.37,5308.379555,63116,24808,osion,5.035531e+02,2.700000e-01,-1.324928e+02,-3.401511e+01,1.492072e+02,12,37.039747,0.067345,550,-3.815324e+00,0.164311,SCP
2025-11-15T01:29:26,1763170165.846496,   816441733.37,5311.379555,63116,24808,osion,5.059043e+02,2.741667e-01,-1.324425e+02,-3.417186e+01,1.490448e+02,12,74.082613,0.134696,550,-3.971203e+00,0.116183,SCP
2025-11-15T01:29:29,1763170168.846490,   816441736.37,5314.379555,63116,24808,osion,5.082623e+02,2.783333e-01,-1.323920e+02,-3.432839e+01,1.488825e+02,12,74.082613,0.134696,550,-4.536549e+00,0.116183,SCP
2025-11-15T01:29:40,1763170179.846467,   816441747.37,5325.379555,63116,24808,osion,5.169661e+02,2.936111e-01,-1.322055e+02,-3.490035e+01,1.482894e+02,12,74.082613,0.134696,550,-6.689680e+00,0.116183,SCP
2025-11-15T01:29:43,1763170182.846461,   816441750.37,5328.379555,63116,24808,osion,5.193554e+02,2.980556e-01,-1.321543e+02,-3.505581e+01,1.481276e+02,12,37.039747,0.067345,550,-7.146593e+00,0.164311,SCP
2025-11-15T01:29:49,1763170188.846449,   816441756.37,5334.379555,63116,24808,osion,5.241541e+02,3.063889e-01,-1.320513e+02,-3.536604e+01,1.478057e+02,12,74.082613,0.134696,550,-5.545146e+00,0.116183,SCP
2025-11-15T01:19:54,1763169593.846688,   816441161.37,4739.379555,63116,24808,osion,2.124788e+02,2.358972e+01,-1.403866e+02,-8.760154e-01,1.733315e+02,13,37.039747,0.067345,550,-1.308192e+00,0.164311,SCP
2025-11-15T01:24:47,1763169886.847078,   816441454.37,5032.379555,63116,24808,osion,3.201979e+02,2.392111e+01,-1.366065e+02,-1.868557e+01,1.647256e+02,13,37.039747,0.067345,550,-2.735183e+00,0.164311,SCP
2025-11-15T01:25:19,1763169918.847011,   816441486.37,5064.379555,63116,24808,osion,3.377773e+02,2.395889e+01,-1.361701e+02,-2.054814e+01,1.628963e+02,13,37.039747,0.067345,550,-7.104852e+00,0.164311,SCP
2025-11-15T01:25:55,1763169954.846936,   816441522.37,5100.379555,63116,24808,osion,3.587946e+02,1.944444e-03,-1.356694e+02,-2.261893e+01,1.608359e+02,13,37.039747,0.067345,550,-2.428171e+00,0.164311,SCP
2025-11-15T01:29:31,1763170170.846486,   816441738.37,5316.379555,63116,24808,osion,5.098381e+02,2.811111e-01,-1.323582e+02,-3.443261e+01,1.487745e+02,13,111.195882,0.202174,550,-4.981483e+00,0.094832,SCP
2025-11-15T01:29:46,1763170185.846455,   816441753.37,5331.379555,63116,24808,osion,5.217515e+02,3.022222e-01,-1.321029e+02,-3.521104e+01,1.479665e+02,13,37.039747,0.067345,550,-6.818174e+00,0.164311,SCP
2025-11-15T01:07:53,1763168872.847188,   816440440.37,4018.379555,63116,24808,osion,3.934798e+02,2.261833e+01,-1.520337e+02,4.273831e+01,1.301470e+02,14,37.039747,0.067345,550,-4.910997e+00,0.164311,SCP
2025-11-15T01:08:25,1763168904.847122,   816440472.37,4050.379555,63116,24808,osion,3.731302e+02,2.267667e+01,-1.512884e+02,4.098209e+01,1.320064e+02,14,74.082613,0.134696,550,-8.834594e+00,0.116183,SCP
2025-11-15T01:08:43,1763168922.847084,   816440490.37,4068.379555,63116,24808,osion,3.621050e+02,2.270861e+01,-1.508855e+02,3.998280e+01,1.330622e+02,14,37.039747,0.067345,550,-6.461064e+00,0.164311,SCP
2025-11-15T01:09:36,1763168975.846973,   816440543.37,4121.379555,63116,24808,osion,3.314695e+02,2.279778e+01,-1.497610e+02,3.699490e+01,1.362018e+02,14,74.082613,0.134696,550,-7.054092e+00,0.116183,SCP
2025-11-15T01:12:58,1763169177.846553,   816440745.37,4323.379555,63116,24808,osion,2.419350e+02,2.309417e+01,-1.461333e+02,2.507029e+01,1.485708e+02,14,37.039747,0.067345,550,-5.406511e+00,0.164311,SCP
2025-11-15T01:13:50,1763169229.846453,   816440797.37,4375.379555,63116,24808,osion,2.264345e+02,2.316222e+01,-1.453243e+02,2.189057e+01,1.518287e+02,14,74.082613,0.134696,550,-1.855980e+00,0.116183,SCP
2025-11-15T01:13:56,1763169235.847427,   816440803.37,4381.379555,63116,24808,osion,2.248556e+02,2.317000e+01,-1.452334e+02,2.152146e+01,1.522062e+02,14,37.039747,0.067345,550,-2.159888e+00,0.164311,SCP
2025-11-15T01:14:08,1763169247.847407,   816440815.37,4393.379555,63116,24808,osion,2.218293e+02,2.318528e+01,-1.450531e+02,2.078198e+01,1.529606e+02,14,37.039747,0.067345,550,-2.341501e+00,0.164311,SCP
2025-11-15T01:14:19,1763169258.847385,   816440826.37,4404.379555,63116,24808,osion,2.192100e+02,2.319917e+01,-1.448894e+02,2.010270e+01,1.536526e+02,14,37.039747,0.067345,550,-2.685398e+00,0.164311,SCP
2025-11-15T01:14:22,1763169261.847378,   816440829.37,4407.379555,63116,24808,osion,2.185214e+02,2.320278e+01,-1.448450e+02,1.991722e+01,1.538403e+02,14,74.082613,0.134696,550,-2.696930e+00,0.116183,SCP
2025-11-15T01:14:31,1763169270.847360,   816440838.37,4416.379555,63116,24808,osion,2.165222e+02,2.321417e+01,-1.447126e+02,1.936021e+01,1.544075e+02,14,74.082613,0.134696,550,-3.539730e+00,0.116183,SCP
2025-11-15T01:14:40,1763169279.847341,   816440847.37,4425.379555,63116,24808,osion,2.146230e+02,2.322528e+01,-1.445810e+02,1.880238e+01,1.549734e+02,14,74.082613,0.134696,550,-3.004744e+00,0.116183,SCP
2025-11-15T01:14:43,1763169282.847335,   816440850.37,4428.379555,63116,24808,osion,2.140122e+02,2.322917e+01,-1.445374e+02,1.861627e+01,1.551634e+02,14,37.039747,0.067345,550,-2.884920e+00,0.164311,SCP
2025-11-15T01:14:46,1763169285.847329,   816440853.37,4431.379555,63116,24808,osion,2.134126e+02,2.323278e+01,-1.444939e+02,1.843007e+01,1.553516e+02,14,74.082613,0.134696,550,-2.713256e+00,0.116183,SCP
2025-11-15T01:14:48,1763169287.847325,   816440855.37,4433.379555,63116,24808,osion,2.130191e+02,2.323528e+01,-1.444649e+02,1.830589e+01,1.554776e+02,14,74.082613,0.134696,550,-2.889775e+00,0.116183,SCP
2025-11-15T01:14:51,1763169290.847319,   816440858.37,4436.379555,63116,24808,osion,2.124381e+02,2.323889e+01,-1.444215e+02,1.811955e+01,1.556659e+02,14,111.195882,0.202174,550,-3.304560e+00,0.094832,SCP
2025-11-15T01:15:22,1763169321.847254,   816440889.37,4467.379555,63116,24808,osion,2.070923e+02,2.327694e+01,-1.439790e+02,1.618956e+01,1.576177e+02,14,37.039747,0.067345,550,-2.331938e+00,0.164311,SCP
2025-11-15T01:15:26,1763169325.847245,   816440893.37,4471.379555,63116,24808,osion,2.064902e+02,2.328167e+01,-1.439226e+02,1.593998e+01,1.578683e+02,14,37.039747,0.067345,550,-2.324920e+00,0.164311,SCP
2025-11-15T01:15:40,1763169339.847216,   816440907.37,4485.379555,63116,24808,osion,2.045414e+02,2.329861e+01,-1.437265e+02,1.506555e+01,1.587483e+02,14,37.039747,0.067345,550,-2.298776e+00,0.164311,SCP
2025-11-15T01:16:32,1763169391.847108,   816440959.37,4537.379555,63116,24808,osion,1.994739e+02,2.336028e+01,-1.430127e+02,1.180768e+01,1.619991e+02,14,37.039747,0.067345,550,-1.805895e+00,0.164311,SCP
2025-11-15T01:16:51,1763169410.847068,   816440978.37,4556.379555,63116,24808,osion,1.984800e+02,2.338222e+01,-1.427571e+02,1.061438e+01,1.631748e+02,14,37.039747,0.067345,550,-2.189909e+00,0.164311,SCP
2025-11-15T01:16:54,1763169413.847062,   816440981.37,4559.379555,63116,24808,osion,1.983651e+02,2.338583e+01,-1.427169e+02,1.042587e+01,1.633611e+02,14,37.039747,0.067345,550,-2.140425e+00,0.164311,SCP
2025-11-15T01:17:17,1763169436.847014,   816441004.37,4582.379555,63116,24808,osion,1.978666e+02,2.341250e+01,-1.424111e+02,8.979916e+00,1.647740e+02,14,74.082613,0.134696,550,-2.283573e+00,0.116183,SCP
2025-11-15T01:17:54,1763169473.846937,   816441041.37,4619.379555,63116,24808,osion,1.984835e+02,2.345472e+01,-1.419254e+02,6.652592e+00,1.670054e+02,14,37.039747,0.067345,550,-2.171509e+00,0.164311,SCP
2025-11-15T01:18:08,1763169487.846908,   816441055.37,4633.379555,63116,24808,osion,1.991732e+02,2.347083e+01,-1.417434e+02,5.772056e+00,1.678344e+02,14,74.082613,0.134696,550,-1.457174e+00,0.116183,SCP
2025-11-15T01:18:19,1763169498.846885,   816441066.37,4644.379555,63116,24808,osion,1.998906e+02,2.348333e+01,-1.416010e+02,5.080385e+00,1.684756e+02,14,111.195882,0.202174,550,-8.215109e-01,0.094832,SCP
2025-11-15T01:18:31,1763169510.846860,   816441078.37,4656.379555,63116,24808,osion,2.008492e+02,2.349667e+01,-1.414462e+02,4.326103e+00,1.691614e+02,14,37.039747,0.067345,550,-9.515439e-01,0.164311,SCP
2025-11-15T01:18:47,1763169526.846826,   816441094.37,4672.379555,63116,24808,osion,2.024125e+02,2.351472e+01,-1.412405e+02,3.320987e+00,1.700575e+02,14,37.039747,0.067345,550,-2.698886e+00,0.164311,SCP
2025-11-15T01:18:55,1763169534.846810,   816441102.37,4680.379555,63116,24808,osion,2.033161e+02,2.352389e+01,-1.411380e+02,2.818742e+00,1.704961e+02,14,37.039747,0.067345,550,-5.028880e+00,0.164311,SCP
2025-11-15T01:18:58,1763169537.846804,   816441105.37,4683.379555,63116,24808,osion,2.036759e+02,2.352722e+01,-1.410996e+02,2.630462e+00,1.706572e+02,14,74.082613,0.134696,550,-5.854538e+00,0.116183,SCP
2025-11-15T01:19:09,1763169548.846781,   816441116.37,4694.379555,63116,24808,osion,2.050928e+02,2.353944e+01,-1.409590e+02,1.940419e+00,1.712363e+02,14,37.039747,0.067345,550,-5.859714e+00,0.164311,SCP
2025-11-15T01:19:17,1763169556.846765,   816441124.37,4702.379555,63116,24808,osion,2.062194e+02,2.354861e+01,-1.408570e+02,1.438912e+00,1.716476e+02,14,37.039747,0.067345,550,-5.316341e+00,0.164311,SCP
2025-11-15T01:19:24,1763169563.846749,   816441131.37,4709.379555,63116,24808,osion,2.072715e+02,2.355639e+01,-1.407678e+02,1.000352e+00,1.719941e+02,14,37.039747,0.067345,550,-2.482061e+00,0.164311,SCP
2025-11-15T01:19:28,1763169567.846742,   816441135.37,4713.379555,63116,24808,osion,2.079004e+02,2.356083e+01,-1.407169e+02,7.498625e-01,1.721872e+02,14,37.039747,0.067345,550,-1.573156e+00,0.164311,SCP
2025-11-15T01:19:43,1763169582.846710,   816441150.37,4728.379555,63116,24808,osion,2.104382e+02,2.357750e+01,-1.405262e+02,-1.886578e-01,1.728735e+02,14,37.039747,0.067345,550,-1.521440e+00,0.164311,SCP
2025-11-15T01:19:46,1763169585.846704,   816441153.37,4731.379555,63116,24808,osion,2.109797e+02,2.358083e+01,-1.404881e+02,-3.761969e-01,1.730026e+02,14,185.254347,0.336826,550,-1.383171e+00,0.073471,SCP
2025-11-15T01:19:50,1763169589.846696,   816441157.37,4735.379555,63116,24808,osion,2.117192e+02,2.358528e+01,-1.404374e+02,-6.261598e-01,1.731700e+02,14,74.082613,0.134696,550,-1.133260e+00,0.116183,SCP
2025-11-15T01:20:01,1763169600.846672,   816441168.37,4746.379555,63116,24808,osion,2.138561e+02,2.359778e+01,-1.402979e+02,-1.312998e+00,1.736027e+02,14,37.039747,0.067345,550,-1.308197e+00,0.164311,SCP
2025-11-15T01:20:05,1763169604.846665,   816441172.37,4750.379555,63116,24808,osion,2.146706e+02,2.360222e+01,-1.402472e+02,-1.562545e+00,1.737459e+02,14,111.195882,0.202174,550,-1.882649e+00,0.094832,SCP
2025-11-15T01:20:09,1763169608.846656,   816441176.37,4754.379555,63116,24808,osion,2.155050e+02,2.360667e+01,-1.401965e+02,-1.811974e+00,1.738815e+02,14,74.082613,0.134696,550,-1.910870e+00,0.116183,SCP
2025-11-15T01:20:16,1763169615.846642,   816441183.37,4761.379555,63116,24808,osion,2.170132e+02,2.361444e+01,-1.401079e+02,-2.248179e+00,1.740990e+02,14,37.039747,0.067345,550,-1.680406e+00,0.164311,SCP
2025-11-15T01:20:20,1763169619.846633,   816441187.37,4765.379555,63116,24808,osion,2.179023e+02,2.361889e+01,-1.400572e+02,-2.497267e+00,1.742112e+02,14,37.039747,0.067345,550,-1.874971e+00,0.164311,SCP
2025-11-15T01:20:24,1763169623.846625,   816441191.37,4769.379555,63116,24808,osion,2.188112e+02,2.362333e+01,-1.400066e+02,-2.746223e+00,1.743139e+02,14,111.195882,0.202174,550,-1.930947e+00,0.094832,SCP
2025-11-15T01:20:28,1763169627.846617,   816441195.37,4773.379555,63116,24808,osion,2.197400e+02,2.362778e+01,-1.399559e+02,-2.995047e+00,1.744065e+02,14,37.039747,0.067345,550,-1.916041e+00,0.164311,SCP
2025-11-15T01:20:31,1763169630.846610,   816441198.37,4776.379555,63116,24808,osion,2.204495e+02,2.363111e+01,-1.399180e+02,-3.181575e+00,1.744692e+02,14,74.082613,0.134696,550,-1.699471e+00,0.116183,SCP
2025-11-15T01:20:35,1763169634.846602,   816441202.37,4780.379555,63116,24808,osion,2.214129e+02,2.363556e+01,-1.398673e+02,-3.430158e+00,1.745431e+02,14,74.082613,0.134696,550,-1.451144e+00,0.116183,SCP
2025-11-15T01:20:39,1763169638.846593,   816441206.37,4784.379555,63116,24808,osion,2.223959e+02,2.364000e+01,-1.398167e+02,-3.678598e+00,1.746059e+02,14,74.082613,0.134696,550,-1.459322e+00,0.116183,SCP
2025-11-15T01:20:46,1763169645.846579,   816441213.37,4791.379555,63116,24808,osion,2.241637e+02,2.364778e+01,-1.397281e+02,-4.113018e+00,1.746874e+02,14,37.039747,0.067345,550,-1.538778e+00,0.164311,SCP
2025-11-15T01:21:05,1763169664.846539,   816441232.37,4810.379555,63116,24808,osion,2.292644e+02,2.366889e+01,-1.394875e+02,-5.289792e+00,1.747193e+02,14,37.039747,0.067345,550,-1.886529e+00,0.164311,SCP
2025-11-15T01:21:08,1763169667.846533,   816441235.37,4813.379555,63116,24808,osion,2.301100e+02,2.367222e+01,-1.394495e+02,-5.475266e+00,1.746988e+02,14,37.039747,0.067345,550,-1.478246e+00,0.164311,SCP
2025-11-15T01:21:16,1763169675.846517,   816441243.37,4821.379555,63116,24808,osion,2.324184e+02,2.368139e+01,-1.393481e+02,-5.969404e+00,1.746147e+02,14,37.039747,0.067345,550,-1.192964e+00,0.164311,SCP
2025-11-15T01:21:49,1763169708.846448,   816441276.37,4854.379555,63116,24808,osion,2.427564e+02,2.371806e+01,-1.389290e+02,-8.000153e+00,1.738072e+02,14,37.039747,0.067345,550,-6.236963e+00,0.164311,SCP
2025-11-15T01:22:24,1763169743.847366,   816441311.37,4889.379555,63116,24808,osion,2.551367e+02,2.375750e+01,-1.384822e+02,-1.013931e+01,1.724037e+02,14,74.082613,0.134696,550,-3.254623e+00,0.116183,SCP
2025-11-15T01:22:27,1763169746.847370,   816441314.37,4892.379555,63116,24808,osion,2.562648e+02,2.376083e+01,-1.384437e+02,-1.032191e+01,1.722658e+02,14,37.039747,0.067345,550,-3.164136e+00,0.164311,SCP
2025-11-15T01:22:30,1763169749.847362,   816441317.37,4895.379555,63116,24808,osion,2.574033e+02,2.376417e+01,-1.384052e+02,-1.050438e+01,1.721260e+02,14,111.195882,0.202174,550,-2.747811e+00,0.094832,SCP
2025-11-15T01:22:39,1763169758.847344,   816441326.37,4904.379555,63116,24808,osion,2.608816e+02,2.377417e+01,-1.382896e+02,-1.105103e+01,1.716953e+02,14,111.195882,0.202174,550,-1.989229e+00,0.094832,SCP
2025-11-15T01:22:42,1763169761.847338,   816441329.37,4907.379555,63116,24808,osion,2.620619e+02,2.377778e+01,-1.382510e+02,-1.123298e+01,1.715500e+02,14,74.082613,0.134696,550,-1.665077e+00,0.116183,SCP
2025-11-15T01:22:45,1763169764.847332,   816441332.37,4910.379555,63116,24808,osion,2.632525e+02,2.378111e+01,-1.382124e+02,-1.141481e+01,1.714015e+02,14,74.082613,0.134696,550,-1.038133e+00,0.116183,SCP
2025-11-15T01:22:48,1763169767.847326,   816441335.37,4913.379555,63116,24808,osion,2.644535e+02,2.378444e+01,-1.381738e+02,-1.159651e+01,1.712516e+02,14,37.039747,0.067345,550,-1.777035e+00,0.164311,SCP
2025-11-15T01:23:02,1763169781.847296,   816441349.37,4927.379555,63116,24808,osion,2.701943e+02,2.380028e+01,-1.379929e+02,-1.244263e+01,1.705366e+02,14,37.039747,0.067345,550,-2.139010e+00,0.164311,SCP
2025-11-15T01:24:36,1763169875.847100,   816441443.37,5021.379555,63116,24808,osion,3.144006e+02,2.390833e+01,-1.367548e+02,-1.804075e+01,1.653523e+02,14,37.039747,0.067345,550,-4.026024e+00,0.164311,SCP
2025-11-15T01:24:41,1763169880.847090,   816441448.37,5026.379555,63116,24808,osion,3.170200e+02,2.391417e+01,-1.366875e+02,-1.833413e+01,1.650677e+02,14,74.082613,0.134696,550,-3.506863e+00,0.116183,SCP
2025-11-15T01:24:56,1763169895.847058,   816441463.37,5041.379555,63116,24808,osion,3.250352e+02,2.393167e+01,-1.364845e+02,-1.921144e+01,1.642118e+02,14,74.082613,0.134696,550,-2.808762e+00,0.116183,SCP
2025-11-15T01:25:32,1763169931.846983,   816441499.37,5077.379555,63116,24808,osion,3.452176e+02,2.397417e+01,-1.359906e+02,-2.129900e+01,1.621520e+02,14,74.082613,0.134696,550,-4.590071e+00,0.116183,SCP
2025-11-15T01:25:35,1763169934.846977,   816441502.37,5080.379555,63116,24808,osion,3.469587e+02,2.397778e+01,-1.359490e+02,-2.147178e+01,1.619803e+02,14,37.039747,0.067345,550,-4.006317e+00,0.164311,SCP
2025-11-15T01:25:38,1763169937.846971,   816441505.37,5083.379555,63116,24808,osion,3.487088e+02,2.398139e+01,-1.359072e+02,-2.164438e+01,1.618085e+02,14,37.039747,0.067345,550,-3.414152e+00,0.164311,SCP
2025-11-15T01:25:49,1763169948.846948,   816441516.37,5094.379555,63116,24808,osion,3.552023e+02,2.399472e+01,-1.357536e+02,-2.227566e+01,1.611791e+02,14,37.039747,0.067345,550,-3.066353e+00,0.164311,SCP
2025-11-15T01:26:13,1763169972.846898,   816441540.37,5118.379555,63116,24808,osion,3.697819e+02,2.388889e-02,-1.354147e+02,-2.364416e+01,1.598077e+02,14,74.082613,0.134696,550,-1.682505e+00,0.116183,SCP
2025-11-15T01:26:24,1763169983.846875,   816441551.37,5129.379555,63116,24808,osion,3.766500e+02,3.722222e-02,-1.352575e+02,-2.426726e+01,1.591806e+02,14,37.039747,0.067345,550,-1.496789e+00,0.164311,SCP
2025-11-15T01:26:27,1763169986.846869,   816441554.37,5132.379555,63116,24808,osion,3.785431e+02,4.083333e-02,-1.352144e+02,-2.443674e+01,1.590098e+02,14,37.039747,0.067345,550,-1.580097e+00,0.164311,SCP
2025-11-15T01:26:48,1763170007.846825,   816441575.37,5153.379555,63116,24808,osion,3.920317e+02,6.694444e-02,-1.349102e+02,-2.561755e+01,1.578162e+02,14,37.039747,0.067345,550,-2.084737e+00,0.164311,SCP
2025-11-15T01:26:53,1763170012.846815,   816441580.37,5158.379555,63116,24808,osion,3.953037e+02,7.305556e-02,-1.348371e+02,-2.589724e+01,1.575329e+02,14,37.039747,0.067345,550,-2.439301e+00,0.164311,SCP
2025-11-15T01:26:56,1763170015.846809,   816441583.37,5161.379555,63116,24808,osion,3.972780e+02,7.694444e-02,-1.347930e+02,-2.606479e+01,1.573628e+02,14,37.039747,0.067345,550,-2.672369e+00,0.164311,SCP
2025-11-15T01:27:55,1763170074.846686,   816441642.37,5220.379555,63116,24808,osion,4.377443e+02,1.519444e-01,-1.339057e+02,-2.931788e+01,1.540464e+02,14,37.039747,0.067345,550,-4.171964e+00,0.164311,SCP
2025-11-15T01:27:58,1763170077.846680,   816441645.37,5223.379555,63116,24808,osion,4.398831e+02,1.558333e-01,-1.338594e+02,-2.948111e+01,1.538792e+02,14,111.195882,0.202174,550,-3.979632e+00,0.094832,SCP
2025-11-15T01:28:07,1763170086.846661,   816441654.37,5232.379555,63116,24808,osion,4.463454e+02,1.675000e-01,-1.337198e+02,-2.996952e+01,1.533785e+02,14,37.039747,0.067345,550,-4.400512e+00,0.164311,SCP
2025-11-15T01:28:21,1763170100.846632,   816441668.37,5246.379555,63116,24808,osion,4.565329e+02,1.861111e-01,-1.335003e+02,-3.072540e+01,1.526020e+02,14,37.039747,0.067345,550,-4.932098e+00,0.164311,SCP
2025-11-15T01:28:30,1763170109.846612,   816441677.37,5255.379555,63116,24808,osion,4.631676e+02,1.980556e-01,-1.333578e+02,-3.120881e+01,1.521048e+02,14,74.082613,0.134696,550,-5.969748e+00,0.116183,SCP
2025-11-15T01:28:33,1763170112.846606,   816441680.37,5258.379555,63116,24808,osion,4.653939e+02,2.019444e-01,-1.333100e+02,-3.136951e+01,1.519396e+02,14,37.039747,0.067345,550,-5.893936e+00,0.164311,SCP
2025-11-15T01:28:36,1763170115.846600,   816441683.37,5261.379555,63116,24808,osion,4.676275e+02,2.058333e-01,-1.332620e+02,-3.152999e+01,1.517745e+02,14,37.039747,0.067345,550,-5.884172e+00,0.164311,SCP
2025-11-15T01:28:39,1763170118.846594,   816441686.37,5264.379555,63116,24808,osion,4.698684e+02,2.100000e-01,-1.332140e+02,-3.169025e+01,1.516092e+02,14,111.195882,0.202174,550,-5.818082e+00,0.094832,SCP
2025-11-15T01:29:02,1763170141.846547,   816441709.37,5287.379555,63116,24808,osion,4.872874e+02,2.411111e-01,-1.328409e+02,-3.291153e+01,1.503490e+02,14,74.082613,0.134696,550,-4.755812e+00,0.116183,SCP
2025-11-15T01:29:05,1763170144.846540,   816441712.37,5290.379555,63116,24808,osion,4.895902e+02,2.452778e-01,-1.327916e+02,-3.306986e+01,1.501852e+02,14,37.039747,0.067345,550,-5.432820e+00,0.164311,SCP
2025-11-15T01:29:17,1763170156.846516,   816441724.37,5302.379555,63116,24808,osion,4.988712e+02,2.616667e-01,-1.325930e+02,-3.370093e+01,1.495326e+02,14,74.082613,0.134696,550,-5.546305e+00,0.116183,SCP
2025-11-15T01:29:26,1763170165.846496,   816441733.37,5311.379555,63116,24808,osion,5.059043e+02,2.741667e-01,-1.324425e+02,-3.417186e+01,1.490448e+02,14,37.039747,0.067345,550,-3.971203e+00,0.164311,SCP
2025-11-15T01:29:37,1763170176.846473,   816441744.37,5322.379555,63116,24808,osion,5.145834e+02,2.894444e-01,-1.322566e+02,-3.474467e+01,1.484509e+02,14,37.039747,0.067345,550,-5.627018e+00,0.164311,SCP
2025-11-15T01:29:40,1763170179.846467,   816441747.37,5325.379555,63116,24808,osion,5.169661e+02,2.936111e-01,-1.322055e+02,-3.490035e+01,1.482894e+02,14,37.039747,0.067345,550,-6.689680e+00,0.164311,SCP
2025-11-15T01:29:49,1763170188.846449,   816441756.37,5334.379555,63116,24808,osion,5.241541e+02,3.063889e-01,-1.320513e+02,-3.536604e+01,1.478057e+02,14,37.039747,0.067345,550,-5.545146e+00,0.164311,SCP
2025-11-15T01:13:18,1763169197.846512,   816440765.37,4343.379555,63116,24808,osion,2.355902e+02,2.312083e+01,-1.458174e+02,2.385160e+01,1.498226e+02,1.450000e+01,37.039747,0.067345,550,-4.781879e+00,0.164311,SCP
2025-11-15T01:24:33,1763169872.847106,   816441440.37,5018.379555,63116,24808,osion,3.128417e+02,2.390472e+01,-1.367951e+02,-1.786449e+01,1.655227e+02,1.450000e+01,37.039747,0.067345,550,-4.245834e+00,0.164311,SCP
2025-11-15T01:24:39,1763169878.847094,   816441446.37,5024.379555,63116,24808,osion,3.159691e+02,2.391167e+01,-1.367144e+02,-1.821684e+01,1.651814e+02,1.450000e+01,37.039747,0.067345,550,-3.727048e+00,0.164311,SCP
2025-11-15T01:24:59,1763169898.847052,   816441466.37,5044.379555,63116,24808,osion,3.266664e+02,2.393528e+01,-1.364437e+02,-1.938638e+01,1.640405e+02,1.450000e+01,37.039747,0.067345,550,-3.430321e+00,0.164311,SCP
2025-11-15T01:06:58,1763168817.847303,   816440385.37,3963.379555,63116,24808,osion,4.306097e+02,2.251167e+01,-1.534109e+02,4.569330e+01,1.269991e+02,15,37.039747,0.047141,550,-3.791080e+00,0.164311,SCP
2025-11-15T01:10:17,1763169016.846889,   816440584.37,4162.379555,63116,24808,osion,3.097130e+02,2.286306e+01,-1.489480e+02,3.463938e+01,1.386647e+02,15,37.039747,0.067345,550,-4.951018e+00,0.164311,SCP
2025-11-15T01:13:18,1763169197.846512,   816440765.37,4343.379555,63116,24808,osion,2.355902e+02,2.312083e+01,-1.458174e+02,2.385160e+01,1.498226e+02,15,37.039747,0.067345,550,-4.781879e+00,0.164311,SCP
2025-11-15T01:14:22,1763169261.847378,   816440829.37,4407.379555,63116,24808,osion,2.185214e+02,2.320278e+01,-1.448450e+02,1.991722e+01,1.538403e+02,15,74.082613,0.134696,550,-2.696930e+00,0.116183,SCP
2025-11-15T01:18:55,1763169534.846810,   816441102.37,4680.379555,63116,24808,osion,2.033161e+02,2.352389e+01,-1.411380e+02,2.818742e+00,1.704961e+02,15,37.039747,0.067345,550,-5.028880e+00,0.164311,SCP
2025-11-15T01:22:54,1763169773.847313,   816441341.37,4919.379555,63116,24808,osion,2.668864e+02,2.379111e+01,-1.380963e+02,-1.195949e+01,1.709478e+02,15,37.039747,0.067345,550,-2.090291e+00,0.164311,SCP
2025-11-15T01:24:21,1763169860.847131,   816441428.37,5006.379555,63116,24808,osion,3.067015e+02,2.389083e+01,-1.369557e+02,-1.715780e+01,1.662035e+02,15,37.039747,0.067345,550,-4.281960e+00,0.164311,SCP
2025-11-15T01:27:40,1763170059.846717,   816441627.37,5205.379555,63116,24808,osion,4.271660e+02,1.325000e-01,-1.341354e+02,-2.849851e+01,1.548848e+02,15,37.039747,0.067345,550,-5.546529e+00,0.164311,SCP
2025-11-15T01:27:58,1763170077.846680,   816441645.37,5223.379555,63116,24808,osion,4.398831e+02,1.558333e-01,-1.338594e+02,-2.948111e+01,1.538792e+02,15,37.039747,0.067345,550,-3.979632e+00,0.164311,SCP
2025-11-15T01:28:01,1763170080.846673,   816441648.37,5226.379555,63116,24808,osion,4.420296e+02,1.597222e-01,-1.338130e+02,-2.964413e+01,1.537121e+02,15,37.039747,0.067345,550,-4.400684e+00,0.164311,SCP
2025-11-15T01:28:04,1763170083.846667,   816441651.37,5229.379555,63116,24808,osion,4.441837e+02,1.636111e-01,-1.337665e+02,-2.980693e+01,1.535453e+02,15,37.039747,0.067345,550,-4.421913e+00,0.164311,SCP
2025-11-15T01:28:56,1763170135.846559,   816441703.37,5281.379555,63116,24808,osion,4.827029e+02,2.327778e-01,-1.329390e+02,-3.259420e+01,1.506770e+02,15,37.039747,0.067345,550,-5.660599e+00,0.164311,SCP
2025-11-15T01:29:49,1763170188.846449,   816441756.37,5334.379555,63116,24808,osion,5.241541e+02,3.063889e-01,-1.320513e+02,-3.536604e+01,1.478057e+02,15,37.039747,0.067345,550,-5.545146e+00,0.164311,SCP
2025-11-15T01:07:03,1763168822.847293,   816440390.37,3968.379555,63116,24808,osion,4.271253e+02,2.252194e+01,-1.532803e+02,4.542809e+01,1.272838e+02,16,37.039747,0.047141,550,-3.291780e+00,0.164311,SCP
2025-11-15T01:07:09,1763168828.847281,   816440396.37,3974.379555,63116,24808,osion,4.229722e+02,2.253389e+01,-1.531250e+02,4.510892e+01,1.276247e+02,16,222.264248,0.282882,550,-2.725668e+00,0.067076,SCP
2025-11-15T01:07:12,1763168831.847274,   816440399.37,3977.379555,63116,24808,osion,4.209074e+02,2.253972e+01,-1.530480e+02,4.494896e+01,1.277949e+02,16,111.195882,0.141522,550,-2.715590e+00,0.094832,SCP
2025-11-15T01:07:18,1763168837.847261,   816440405.37,3983.379555,63116,24808,osion,4.168010e+02,2.255167e+01,-1.528951e+02,4.462830e+01,1.281377e+02,16,74.082613,0.094287,550,-3.080269e+00,0.116183,SCP
2025-11-15T01:07:21,1763168840.847255,   816440408.37,3986.379555,63116,24808,osion,4.147595e+02,2.255750e+01,-1.528193e+02,4.446760e+01,1.283089e+02,16,111.195882,0.202174,550,-3.069081e+00,0.094832,SCP
2025-11-15T01:07:24,1763168843.847249,   816440411.37,3989.379555,63116,24808,osion,4.127259e+02,2.256333e+01,-1.527438e+02,4.430665e+01,1.284804e+02,16,37.039747,0.067345,550,-3.085674e+00,0.164311,SCP
2025-11-15T01:07:27,1763168846.847243,   816440414.37,3992.379555,63116,24808,osion,4.107003e+02,2.256917e+01,-1.526688e+02,4.414546e+01,1.286522e+02,16,74.082613,0.134696,550,-3.250499e+00,0.116183,SCP
2025-11-15T01:07:33,1763168852.847230,   816440420.37,3998.379555,63116,24808,osion,4.066728e+02,2.258056e+01,-1.525198e+02,4.382234e+01,1.289953e+02,16,37.039747,0.067345,550,-3.894773e+00,0.164311,SCP
2025-11-15T01:07:36,1763168855.847224,   816440423.37,4001.379555,63116,24808,osion,4.046710e+02,2.258639e+01,-1.524458e+02,4.366041e+01,1.291681e+02,16,74.082613,0.134696,550,-4.236608e+00,0.116183,SCP
2025-11-15T01:07:59,1763168878.847176,   816440446.37,4024.379555,63116,24808,osion,3.895924e+02,2.262944e+01,-1.518910e+02,4.241104e+01,1.304940e+02,16,74.082613,0.134696,550,-4.103014e+00,0.116183,SCP
2025-11-15T01:08:19,1763168898.847135,   816440466.37,4044.379555,63116,24808,osion,3.768733e+02,2.266611e+01,-1.514253e+02,4.131339e+01,1.316573e+02,16,74.082613,0.134696,550,-6.467531e+00,0.116183,SCP
2025-11-15T01:08:37,1763168916.847097,   816440484.37,4062.379555,63116,24808,osion,3.657458e+02,2.269806e+01,-1.510185e+02,4.031680e+01,1.327097e+02,16,74.082613,0.134696,550,-6.986179e+00,0.116183,SCP
2025-11-15T01:08:40,1763168919.847090,   816440487.37,4065.379555,63116,24808,osion,3.639211e+02,2.270333e+01,-1.509519e+02,4.014991e+01,1.328858e+02,16,74.082613,0.134696,550,-6.285421e+00,0.116183,SCP
2025-11-15T01:08:43,1763168922.847084,   816440490.37,4068.379555,63116,24808,osion,3.621050e+02,2.270861e+01,-1.508855e+02,3.998280e+01,1.330622e+02,16,222.264248,0.404117,550,-6.461064e+00,0.067076,SCP
2025-11-15T01:08:46,1763168925.847078,   816440493.37,4071.379555,63116,24808,osion,3.602975e+02,2.271361e+01,-1.508194e+02,3.981547e+01,1.332375e+02,16,148.205345,0.269464,550,-7.057133e+00,0.082143,SCP
2025-11-15T01:08:49,1763168928.847072,   816440496.37,4074.379555,63116,24808,osion,3.584987e+02,2.271889e+01,-1.507536e+02,3.964792e+01,1.334144e+02,16,111.195882,0.202174,550,-7.037361e+00,0.094832,SCP
2025-11-15T01:08:51,1763168930.847068,   816440498.37,4076.379555,63116,24808,osion,3.573044e+02,2.272250e+01,-1.507100e+02,3.953610e+01,1.335331e+02,16,74.082613,0.134696,550,-6.621289e+00,0.116183,SCP
2025-11-15T01:08:57,1763168936.847054,   816440504.37,4082.379555,63116,24808,osion,3.537445e+02,2.273278e+01,-1.505797e+02,3.920005e+01,1.338867e+02,16,74.082613,0.134696,550,-7.019788e+00,0.116183,SCP
2025-11-15T01:09:00,1763168939.847048,   816440507.37,4085.379555,63116,24808,osion,3.519777e+02,2.273778e+01,-1.505151e+02,3.903170e+01,1.340633e+02,16,74.082613,0.134696,550,-7.063180e+00,0.116183,SCP
2025-11-15T01:09:03,1763168942.847042,   816440510.37,4088.379555,63116,24808,osion,3.502197e+02,2.274278e+01,-1.504507e+02,3.886314e+01,1.342400e+02,16,37.039747,0.067345,550,-7.053949e+00,0.164311,SCP
2025-11-15T01:09:06,1763168945.847036,   816440513.37,4091.379555,63116,24808,osion,3.484705e+02,2.274806e+01,-1.503866e+02,3.869435e+01,1.344185e+02,16,74.082613,0.134696,550,-7.039191e+00,0.116183,SCP
2025-11-15T01:09:12,1763168951.847024,   816440519.37,4097.379555,63116,24808,osion,3.449987e+02,2.275806e+01,-1.502592e+02,3.835615e+01,1.347734e+02,16,37.039747,0.067345,550,-7.666487e+00,0.164311,SCP
2025-11-15T01:09:15,1763168954.847018,   816440522.37,4100.379555,63116,24808,osion,3.432761e+02,2.276306e+01,-1.501960e+02,3.818672e+01,1.349512e+02,16,185.254347,0.336826,550,-7.930319e+00,0.073471,SCP
2025-11-15T01:09:18,1763168957.847011,   816440525.37,4103.379555,63116,24808,osion,3.415625e+02,2.276806e+01,-1.501330e+02,3.801709e+01,1.351293e+02,16,333.360428,0.606110,550,-7.725862e+00,0.054770,SCP
2025-11-15T01:09:33,1763168972.846980,   816440540.37,4118.379555,63116,24808,osion,3.331290e+02,2.279278e+01,-1.498223e+02,3.716578e+01,1.360222e+02,16,74.082613,0.134696,550,-7.046687e+00,0.116183,SCP
2025-11-15T01:09:36,1763168975.846973,   816440543.37,4121.379555,63116,24808,osion,3.314695e+02,2.279778e+01,-1.497610e+02,3.699490e+01,1.362018e+02,16,185.254347,0.336826,550,-7.054092e+00,0.073471,SCP
2025-11-15T01:09:39,1763168978.846967,   816440546.37,4124.379555,63116,24808,osion,3.298190e+02,2.280278e+01,-1.496999e+02,3.682381e+01,1.363817e+02,16,111.195882,0.202174,550,-7.053109e+00,0.094832,SCP
2025-11-15T01:09:42,1763168981.846961,   816440549.37,4127.379555,63116,24808,osion,3.281777e+02,2.280750e+01,-1.496391e+02,3.665252e+01,1.365603e+02,16,111.195882,0.202174,550,-6.298948e+00,0.094832,SCP
2025-11-15T01:09:47,1763168986.846951,   816440554.37,4132.379555,63116,24808,osion,3.254626e+02,2.281556e+01,-1.495383e+02,3.636658e+01,1.368596e+02,16,37.039747,0.067345,550,-3.393364e+00,0.164311,SCP
2025-11-15T01:09:50,1763168989.846945,   816440557.37,4135.379555,63116,24808,osion,3.238458e+02,2.282056e+01,-1.494781e+02,3.619475e+01,1.370403e+02,16,74.082613,0.134696,550,-3.490521e+00,0.116183,SCP
2025-11-15T01:09:59,1763168998.846926,   816440566.37,4144.379555,63116,24808,osion,3.190509e+02,2.283472e+01,-1.492992e+02,3.567806e+01,1.375797e+02,16,111.195882,0.202174,550,-4.619312e+00,0.094832,SCP
2025-11-15T01:10:02,1763169001.846920,   816440569.37,4147.379555,63116,24808,osion,3.174711e+02,2.283944e+01,-1.492401e+02,3.550544e+01,1.377599e+02,16,111.195882,0.202174,550,-4.931383e+00,0.094832,SCP
2025-11-15T01:10:14,1763169013.846895,   816440581.37,4159.379555,63116,24808,osion,3.112458e+02,2.285833e+01,-1.490059e+02,3.481298e+01,1.384833e+02,16,37.039747,0.067345,550,-4.906593e+00,0.164311,SCP
2025-11-15T01:10:31,1763169030.846859,   816440598.37,4176.379555,63116,24808,osion,3.026854e+02,2.288472e+01,-1.486806e+02,3.382676e+01,1.395123e+02,16,74.082613,0.134696,550,-4.088070e+00,0.116183,SCP
2025-11-15T01:10:37,1763169036.846847,   816440604.37,4182.379555,63116,24808,osion,2.997373e+02,2.289389e+01,-1.485675e+02,3.347724e+01,1.398764e+02,16,185.254347,0.336826,550,-2.427999e+00,0.073471,SCP
2025-11-15T01:10:43,1763169042.846834,   816440610.37,4188.379555,63116,24808,osion,2.968276e+02,2.290306e+01,-1.484553e+02,3.312698e+01,1.402414e+02,16,148.205345,0.269464,550,-1.986073e+00,0.082143,SCP
2025-11-15T01:10:46,1763169045.846828,   816440613.37,4191.379555,63116,24808,osion,2.953873e+02,2.290750e+01,-1.483996e+02,3.295158e+01,1.404234e+02,16,37.039747,0.067345,550,-1.893607e+00,0.164311,SCP
2025-11-15T01:10:54,1763169053.846811,   816440621.37,4199.379555,63116,24808,osion,2.915939e+02,2.291944e+01,-1.482519e+02,3.248296e+01,1.409104e+02,16,37.039747,0.067345,550,-2.182859e+00,0.164311,SCP
2025-11-15T01:10:57,1763169056.846805,   816440624.37,4202.379555,63116,24808,osion,2.901893e+02,2.292389e+01,-1.481969e+02,3.230690e+01,1.410933e+02,16,37.039747,0.067345,550,-2.378249e+00,0.164311,SCP
2025-11-15T01:11:00,1763169059.846799,   816440627.37,4205.379555,63116,24808,osion,2.887944e+02,2.292833e+01,-1.481421e+02,3.213067e+01,1.412763e+02,16,37.039747,0.067345,550,-2.358449e+00,0.164311,SCP
2025-11-15T01:11:03,1763169062.846792,   816440630.37,4208.379555,63116,24808,osion,2.874093e+02,2.293278e+01,-1.480875e+02,3.195425e+01,1.414595e+02,16,74.082613,0.134696,550,-2.233327e+00,0.116183,SCP
2025-11-15T01:11:06,1763169065.846786,   816440633.37,4211.379555,63116,24808,osion,2.860341e+02,2.293722e+01,-1.480331e+02,3.177766e+01,1.416430e+02,16,74.082613,0.134696,550,-2.094457e+00,0.116183,SCP
2025-11-15T01:11:09,1763169068.846780,   816440636.37,4214.379555,63116,24808,osion,2.846687e+02,2.294167e+01,-1.479790e+02,3.160090e+01,1.418266e+02,16,111.195882,0.202174,550,-2.076716e+00,0.094832,SCP
2025-11-15T01:11:12,1763169071.846774,   816440639.37,4217.379555,63116,24808,osion,2.833132e+02,2.294611e+01,-1.479250e+02,3.142396e+01,1.420105e+02,16,111.195882,0.202174,550,-2.307355e+00,0.094832,SCP
2025-11-15T01:11:15,1763169074.846768,   816440642.37,4220.379555,63116,24808,osion,2.819676e+02,2.295056e+01,-1.478712e+02,3.124686e+01,1.421945e+02,16,259.348386,0.471543,550,-2.264465e+00,0.062095,SCP
2025-11-15T01:11:18,1763169077.846761,   816440645.37,4223.379555,63116,24808,osion,2.806320e+02,2.295500e+01,-1.478176e+02,3.106958e+01,1.423788e+02,16,296.311945,0.538749,550,-2.095359e+00,0.058093,SCP
2025-11-15T01:11:21,1763169080.846756,   816440648.37,4226.379555,63116,24808,osion,2.793062e+02,2.295944e+01,-1.477642e+02,3.089213e+01,1.425632e+02,16,296.311945,0.538749,550,-2.088758e+00,0.058093,SCP
2025-11-15T01:11:24,1763169083.846749,   816440651.37,4229.379555,63116,24808,osion,2.779905e+02,2.296361e+01,-1.477111e+02,3.071452e+01,1.427463e+02,16,148.205345,0.269464,550,-3.613727e+00,0.082143,SCP
2025-11-15T01:11:42,1763169101.846711,   816440669.37,4247.379555,63116,24808,osion,2.703065e+02,2.298944e+01,-1.473959e+02,2.964534e+01,1.438534e+02,16,37.039747,0.067345,550,-4.075751e+00,0.164311,SCP
2025-11-15T01:11:50,1763169109.846695,   816440677.37,4255.379555,63116,24808,osion,2.670082e+02,2.300083e+01,-1.472579e+02,2.916829e+01,1.443471e+02,16,37.039747,0.067345,550,-4.949131e+00,0.164311,SCP
2025-11-15T01:11:53,1763169112.846689,   816440680.37,4258.379555,63116,24808,osion,2.657899e+02,2.300528e+01,-1.472065e+02,2.898910e+01,1.445335e+02,16,148.205345,0.269464,550,-4.954916e+00,0.082143,SCP
2025-11-15T01:11:59,1763169118.846676,   816440686.37,4264.379555,63116,24808,osion,2.633841e+02,2.301361e+01,-1.471042e+02,2.863026e+01,1.449038e+02,16,74.082613,0.134696,550,-5.576462e+00,0.116183,SCP
2025-11-15T01:12:05,1763169124.846664,   816440692.37,4270.379555,63116,24808,osion,2.610192e+02,2.302194e+01,-1.470026e+02,2.827080e+01,1.452747e+02,16,111.195882,0.202174,550,-5.561652e+00,0.094832,SCP
2025-11-15T01:12:20,1763169139.846632,   816440707.37,4285.379555,63116,24808,osion,2.552874e+02,2.304278e+01,-1.467516e+02,2.736952e+01,1.462050e+02,16,37.039747,0.067345,550,-4.943702e+00,0.164311,SCP
2025-11-15T01:12:31,1763169150.846610,   816440718.37,4296.379555,63116,24808,osion,2.512491e+02,2.305778e+01,-1.465701e+02,2.670625e+01,1.468881e+02,16,37.039747,0.067345,550,-4.897181e+00,0.164311,SCP
2025-11-15T01:12:34,1763169153.846603,   816440721.37,4299.379555,63116,24808,osion,2.501721e+02,2.306194e+01,-1.465209e+02,2.652503e+01,1.470752e+02,16,37.039747,0.067345,550,-4.988659e+00,0.164311,SCP
2025-11-15T01:12:37,1763169156.846597,   816440724.37,4302.379555,63116,24808,osion,2.491055e+02,2.306611e+01,-1.464719e+02,2.634366e+01,1.472625e+02,16,37.039747,0.067345,550,-5.379974e+00,0.164311,SCP
2025-11-15T01:12:40,1763169159.846591,   816440727.37,4305.379555,63116,24808,osion,2.480495e+02,2.307000e+01,-1.464231e+02,2.616216e+01,1.474482e+02,16,111.195882,0.202174,550,-5.051503e+00,0.094832,SCP
2025-11-15T01:12:43,1763169162.846585,   816440730.37,4308.379555,63116,24808,osion,2.470040e+02,2.307417e+01,-1.463744e+02,2.598052e+01,1.476358e+02,16,74.082613,0.134696,550,-4.880812e+00,0.116183,SCP
2025-11-15T01:12:49,1763169168.846571,   816440736.37,4314.379555,63116,24808,osion,2.449447e+02,2.308222e+01,-1.462775e+02,2.561683e+01,1.480097e+02,16,185.254347,0.336826,550,-4.907369e+00,0.073471,SCP
2025-11-15T01:12:52,1763169171.846565,   816440739.37,4317.379555,63116,24808,osion,2.439309e+02,2.308611e+01,-1.462293e+02,2.543478e+01,1.481960e+02,16,37.039747,0.067345,550,-5.242861e+00,0.164311,SCP
2025-11-15T01:12:55,1763169174.846559,   816440742.37,4320.379555,63116,24808,osion,2.429276e+02,2.309028e+01,-1.461812e+02,2.525260e+01,1.483842e+02,16,370.397465,0.673450,550,-5.394366e+00,0.051960,SCP
2025-11-15T01:12:58,1763169177.846553,   816440745.37,4323.379555,63116,24808,osion,2.419350e+02,2.309417e+01,-1.461333e+02,2.507029e+01,1.485708e+02,16,185.254347,0.336826,550,-5.406511e+00,0.073471,SCP
2025-11-15T01:13:00,1763169179.846549,   816440747.37,4325.379555,63116,24808,osion,2.412792e+02,2.309694e+01,-1.461014e+02,2.494868e+01,1.486964e+02,16,74.082613,0.134696,550,-5.400026e+00,0.116183,SCP
2025-11-15T01:13:03,1763169182.846543,   816440750.37,4328.379555,63116,24808,osion,2.403043e+02,2.310083e+01,-1.460537e+02,2.476615e+01,1.488832e+02,16,296.311945,0.538749,550,-5.182166e+00,0.058093,SCP
2025-11-15T01:13:06,1763169185.846537,   816440753.37,4331.379555,63116,24808,osion,2.393401e+02,2.310500e+01,-1.460062e+02,2.458349e+01,1.490718e+02,16,370.397465,0.673450,550,-4.923357e+00,0.051960,SCP
2025-11-15T01:13:09,1763169188.846530,   816440756.37,4334.379555,63116,24808,osion,2.383866e+02,2.310889e+01,-1.459588e+02,2.440071e+01,1.492589e+02,16,259.348386,0.471543,550,-4.913422e+00,0.062095,SCP
2025-11-15T01:13:12,1763169191.846524,   816440759.37,4337.379555,63116,24808,osion,2.374437e+02,2.311278e+01,-1.459115e+02,2.421780e+01,1.494461e+02,16,851.869745,1.548854,550,-4.924294e+00,0.034262,SCP
2025-11-15T01:13:15,1763169194.846518,   816440762.37,4340.379555,63116,24808,osion,2.365116e+02,2.311667e+01,-1.458644e+02,2.403476e+01,1.496335e+02,16,926.023636,1.683679,550,-4.919931e+00,0.032862,SCP
2025-11-15T01:13:18,1763169197.846512,   816440765.37,4343.379555,63116,24808,osion,2.355902e+02,2.312083e+01,-1.458174e+02,2.385160e+01,1.498226e+02,16,888.946690,1.616267,550,-4.781879e+00,0.033540,SCP
2025-11-15T01:13:21,1763169200.846506,   816440768.37,4346.379555,63116,24808,osion,2.346796e+02,2.312472e+01,-1.457705e+02,2.366832e+01,1.500102e+02,16,1074.111522,1.952930,550,-4.317539e+00,0.030512,SCP
2025-11-15T01:13:24,1763169203.846499,   816440771.37,4349.379555,63116,24808,osion,2.337797e+02,2.312861e+01,-1.457238e+02,2.348492e+01,1.501979e+02,16,370.397465,0.673450,550,-4.144444e+00,0.051960,SCP
2025-11-15T01:13:27,1763169206.846493,   816440774.37,4352.379555,63116,24808,osion,2.328907e+02,2.313250e+01,-1.456772e+02,2.330140e+01,1.503857e+02,16,444.445580,0.808083,550,-4.062297e+00,0.047434,SCP
2025-11-15T01:13:30,1763169209.846487,   816440777.37,4355.379555,63116,24808,osion,2.320124e+02,2.313639e+01,-1.456307e+02,2.311776e+01,1.505737e+02,16,222.264248,0.404117,550,-3.901465e+00,0.067076,SCP
2025-11-15T01:13:33,1763169212.846482,   816440780.37,4358.379555,63116,24808,osion,2.311449e+02,2.314028e+01,-1.455844e+02,2.293401e+01,1.507617e+02,16,259.348386,0.471543,550,-3.407397e+00,0.062095,SCP
2025-11-15T01:13:35,1763169214.846478,   816440782.37,4360.379555,63116,24808,osion,2.305726e+02,2.314278e+01,-1.455536e+02,2.281144e+01,1.508865e+02,16,222.264248,0.404117,550,-3.195658e+00,0.067076,SCP
2025-11-15T01:13:38,1763169217.846463,   816440785.37,4363.379555,63116,24808,osion,2.297233e+02,2.314667e+01,-1.455075e+02,2.262749e+01,1.510747e+02,16,444.445580,0.808083,550,-2.687253e+00,0.047434,SCP
2025-11-15T01:13:41,1763169220.846485,   816440788.37,4366.379555,63116,24808,osion,2.288847e+02,2.315056e+01,-1.454615e+02,2.244343e+01,1.512631e+02,16,259.348386,0.471543,550,-1.626721e+00,0.062095,SCP
2025-11-15T01:13:44,1763169223.846395,   816440791.37,4369.379555,63116,24808,osion,2.280571e+02,2.315444e+01,-1.454156e+02,2.225925e+01,1.514515e+02,16,148.205345,0.269464,550,-1.420775e+00,0.082143,SCP
2025-11-15T01:13:47,1763169226.847453,   816440794.37,4372.379555,63116,24808,osion,2.272403e+02,2.315833e+01,-1.453699e+02,2.207497e+01,1.516400e+02,16,222.264248,0.404117,550,-1.567160e+00,0.067076,SCP
2025-11-15T01:13:50,1763169229.846453,   816440797.37,4375.379555,63116,24808,osion,2.264345e+02,2.316222e+01,-1.453243e+02,2.189057e+01,1.518287e+02,16,74.082613,0.134696,550,-1.855980e+00,0.116183,SCP
2025-11-15T01:13:53,1763169232.847436,   816440800.37,4378.379555,63116,24808,osion,2.256395e+02,2.316611e+01,-1.452788e+02,2.170607e+01,1.520174e+02,16,111.195882,0.202174,550,-2.011626e+00,0.094832,SCP
2025-11-15T01:13:56,1763169235.847427,   816440803.37,4381.379555,63116,24808,osion,2.248556e+02,2.317000e+01,-1.452334e+02,2.152146e+01,1.522062e+02,16,37.039747,0.067345,550,-2.159888e+00,0.164311,SCP
2025-11-15T01:14:02,1763169241.847420,   816440809.37,4387.379555,63116,24808,osion,2.233205e+02,2.317750e+01,-1.451430e+02,2.115193e+01,1.525823e+02,16,148.205345,0.269464,550,-2.458986e+00,0.082143,SCP
2025-11-15T01:14:08,1763169247.847407,   816440815.37,4393.379555,63116,24808,osion,2.218293e+02,2.318528e+01,-1.450531e+02,2.078198e+01,1.529606e+02,16,111.195882,0.202174,550,-2.341501e+00,0.094832,SCP
2025-11-15T01:14:11,1763169250.847401,   816440818.37,4396.379555,63116,24808,osion,2.211002e+02,2.318889e+01,-1.450083e+02,2.059685e+01,1.531481e+02,16,296.311945,0.538749,550,-2.272577e+00,0.058093,SCP
2025-11-15T01:14:13,1763169252.847397,   816440820.37,4398.379555,63116,24808,osion,2.206203e+02,2.319167e+01,-1.449785e+02,2.047338e+01,1.532755e+02,16,222.264248,0.404117,550,-2.278724e+00,0.067076,SCP
2025-11-15T01:14:16,1763169255.847391,   816440823.37,4401.379555,63116,24808,osion,2.199096e+02,2.319528e+01,-1.449339e+02,2.028809e+01,1.534631e+02,16,407.425231,0.740773,550,-2.594165e+00,0.049542,SCP
2025-11-15T01:14:19,1763169258.847385,   816440826.37,4404.379555,63116,24808,osion,2.192100e+02,2.319917e+01,-1.448894e+02,2.010270e+01,1.536526e+02,16,888.946690,1.616267,550,-2.685398e+00,0.033540,SCP
2025-11-15T01:14:22,1763169261.847378,   816440829.37,4407.379555,63116,24808,osion,2.185214e+02,2.320278e+01,-1.448450e+02,1.991722e+01,1.538403e+02,16,666.752059,1.212276,550,-2.696930e+00,0.038727,SCP
2025-11-15T01:14:25,1763169264.847372,   816440832.37,4410.379555,63116,24808,osion,2.178439e+02,2.320667e+01,-1.448008e+02,1.973164e+01,1.540299e+02,16,1000.069774,1.818309,550,-2.913984e+00,0.031622,SCP
2025-11-15T01:14:28,1763169267.847366,   816440835.37,4413.379555,63116,24808,osion,2.171775e+02,2.321028e+01,-1.447566e+02,1.954597e+01,1.542177e+02,16,555.567956,1.010124,550,-3.243216e+00,0.042426,SCP
2025-11-15T01:14:31,1763169270.847360,   816440838.37,4416.379555,63116,24808,osion,2.165222e+02,2.321417e+01,-1.447126e+02,1.936021e+01,1.544075e+02,16,1481.524102,2.693680,550,-3.539730e+00,0.025980,SCP
2025-11-15T01:14:34,1763169273.847354,   816440841.37,4419.379555,63116,24808,osion,2.158780e+02,2.321778e+01,-1.446686e+02,1.917435e+01,1.545955e+02,16,777.808973,1.414198,550,-3.544163e+00,0.035856,SCP
2025-11-15T01:14:37,1763169276.847348,   816440844.37,4422.379555,63116,24808,osion,2.152449e+02,2.322167e+01,-1.446248e+02,1.898841e+01,1.547853e+02,16,1148.150038,2.087546,550,-2.843360e+00,0.029512,SCP
2025-11-15T01:14:40,1763169279.847341,   816440847.37,4425.379555,63116,24808,osion,2.146230e+02,2.322528e+01,-1.445810e+02,1.880238e+01,1.549734e+02,16,1333.375953,2.424320,550,-3.004744e+00,0.027386,SCP
2025-11-15T01:14:43,1763169282.847335,   816440850.37,4428.379555,63116,24808,osion,2.140122e+02,2.322917e+01,-1.445374e+02,1.861627e+01,1.551634e+02,16,1629.662823,2.963023,550,-2.884920e+00,0.024771,SCP
2025-11-15T01:14:46,1763169285.847329,   816440853.37,4431.379555,63116,24808,osion,2.134126e+02,2.323278e+01,-1.444939e+02,1.843007e+01,1.553516e+02,16,296.311945,0.538749,550,-2.713256e+00,0.058093,SCP
2025-11-15T01:14:48,1763169287.847325,   816440855.37,4433.379555,63116,24808,osion,2.130191e+02,2.323528e+01,-1.444649e+02,1.830589e+01,1.554776e+02,16,4111.123174,7.474770,550,-2.889775e+00,0.015596,SCP
2025-11-15T01:14:51,1763169290.847319,   816440858.37,4436.379555,63116,24808,osion,2.124381e+02,2.323889e+01,-1.444215e+02,1.811955e+01,1.556659e+02,16,1740.837561,3.165159,550,-3.304560e+00,0.023967,SCP
2025-11-15T01:14:54,1763169293.847312,   816440861.37,4439.379555,63116,24808,osion,2.118684e+02,2.324250e+01,-1.443783e+02,1.793313e+01,1.558541e+02,16,1037.042159,1.885531,550,-3.767406e+00,0.031053,SCP
2025-11-15T01:14:57,1763169296.847305,   816440864.37,4442.379555,63116,24808,osion,2.113098e+02,2.324639e+01,-1.443351e+02,1.774664e+01,1.560444e+02,16,851.869745,1.548854,550,-4.100951e+00,0.034262,SCP
2025-11-15T01:15:00,1763169299.847299,   816440867.37,4445.379555,63116,24808,osion,2.107624e+02,2.325000e+01,-1.442920e+02,1.756006e+01,1.562327e+02,16,629.660278,1.144837,550,-3.810143e+00,0.039852,SCP
2025-11-15T01:15:03,1763169302.847293,   816440870.37,4448.379555,63116,24808,osion,2.102263e+02,2.325361e+01,-1.442491e+02,1.737340e+01,1.564210e+02,16,740.826133,1.346957,550,-3.681912e+00,0.036740,SCP
2025-11-15T01:15:09,1763169308.847281,   816440876.37,4454.379555,63116,24808,osion,2.091878e+02,2.326111e+01,-1.441634e+02,1.699987e+01,1.567998e+02,16,926.023636,1.683679,550,-3.713084e+00,0.032862,SCP
2025-11-15T01:15:18,1763169317.847262,   816440885.37,4463.379555,63116,24808,osion,2.077145e+02,2.327194e+01,-1.440356e+02,1.643903e+01,1.573651e+02,16,962.996819,1.750903,550,-2.703074e+00,0.032225,SCP
2025-11-15T01:15:22,1763169321.847254,   816440889.37,4467.379555,63116,24808,osion,2.070923e+02,2.327694e+01,-1.439790e+02,1.618956e+01,1.576177e+02,16,1037.042159,1.885531,550,-2.331938e+00,0.031053,SCP
2025-11-15T01:15:26,1763169325.847245,   816440893.37,4471.379555,63116,24808,osion,2.064902e+02,2.328167e+01,-1.439226e+02,1.593998e+01,1.578683e+02,16,1000.069774,1.818309,550,-2.324920e+00,0.031622,SCP
2025-11-15T01:15:29,1763169328.847239,   816440896.37,4474.379555,63116,24808,osion,2.060518e+02,2.328528e+01,-1.438804e+02,1.575272e+01,1.580567e+02,16,1518.584704,2.761063,550,-2.338916e+00,0.025661,SCP
2025-11-15T01:15:33,1763169332.847231,   816440900.37,4478.379555,63116,24808,osion,2.054850e+02,2.329000e+01,-1.438243e+02,1.550293e+01,1.583073e+02,16,703.739826,1.279527,550,-2.324365e+00,0.037696,SCP
2025-11-15T01:15:37,1763169336.847222,   816440904.37,4482.379555,63116,24808,osion,2.049382e+02,2.329500e+01,-1.437683e+02,1.525304e+01,1.585599e+02,16,333.360428,0.606110,550,-2.314485e+00,0.054770,SCP
2025-11-15T01:15:40,1763169339.847216,   816440907.37,4485.379555,63116,24808,osion,2.045414e+02,2.329861e+01,-1.437265e+02,1.506555e+01,1.587483e+02,16,592.665819,1.077574,550,-2.298776e+00,0.041077,SCP
2025-11-15T01:15:44,1763169343.847208,   816440911.37,4489.379555,63116,24808,osion,2.040300e+02,2.330333e+01,-1.436707e+02,1.481547e+01,1.589988e+02,16,333.360428,0.606110,550,-2.274458e+00,0.054770,SCP
2025-11-15T01:15:48,1763169347.847200,   816440915.37,4493.379555,63116,24808,osion,2.035388e+02,2.330806e+01,-1.436152e+02,1.456530e+01,1.592492e+02,16,518.564711,0.942845,550,-2.627344e+00,0.043914,SCP
2025-11-15T01:15:52,1763169351.847191,   816440919.37,4497.379555,63116,24808,osion,2.030678e+02,2.331278e+01,-1.435597e+02,1.431502e+01,1.594996e+02,16,259.348386,0.471543,550,-1.740643e+00,0.062095,SCP
2025-11-15T01:15:55,1763169354.847184,   816440922.37,4500.379555,63116,24808,osion,2.027279e+02,2.331639e+01,-1.435183e+02,1.412726e+01,1.596878e+02,16,629.660278,1.144837,550,-1.314595e+00,0.039852,SCP
2025-11-15T01:15:59,1763169358.847177,   816440926.37,4504.379555,63116,24808,osion,2.022923e+02,2.332111e+01,-1.434631e+02,1.387682e+01,1.599381e+02,16,481.557712,0.875559,550,-1.675169e+00,0.045570,SCP
2025-11-15T01:16:03,1763169362.847168,   816440930.37,4508.379555,63116,24808,osion,2.018770e+02,2.332583e+01,-1.434080e+02,1.362630e+01,1.601882e+02,16,666.752059,1.212276,550,-2.168484e+00,0.038727,SCP
2025-11-15T01:16:06,1763169365.847162,   816440933.37,4511.379555,63116,24808,osion,2.015789e+02,2.332944e+01,-1.433668e+02,1.343835e+01,1.603762e+02,16,518.564711,0.942845,550,-2.226748e+00,0.043914,SCP
2025-11-15T01:16:10,1763169369.847154,   816440937.37,4515.379555,63116,24808,osion,2.011991e+02,2.333417e+01,-1.433120e+02,1.318768e+01,1.606262e+02,16,481.557712,0.875559,550,-2.121480e+00,0.045570,SCP
2025-11-15T01:16:14,1763169373.847145,   816440941.37,4519.379555,63116,24808,osion,2.008397e+02,2.333889e+01,-1.432573e+02,1.293693e+01,1.608760e+02,16,481.557712,0.875559,550,-2.120575e+00,0.045570,SCP
2025-11-15T01:16:17,1763169376.847139,   816440944.37,4522.379555,63116,24808,osion,2.005834e+02,2.334250e+01,-1.432163e+02,1.274882e+01,1.610637e+02,16,444.445580,0.808083,550,-2.106125e+00,0.047434,SCP
2025-11-15T01:16:21,1763169380.847130,   816440948.37,4526.379555,63116,24808,osion,2.002596e+02,2.334722e+01,-1.431619e+02,1.249794e+01,1.613133e+02,16,740.826133,1.346957,550,-1.920577e+00,0.036740,SCP
2025-11-15T01:16:25,1763169384.847123,   816440952.37,4530.379555,63116,24808,osion,1.999560e+02,2.335194e+01,-1.431075e+02,1.224699e+01,1.615626e+02,16,777.808973,1.414198,550,-1.912019e+00,0.035856,SCP
2025-11-15T01:16:28,1763169387.847116,   816440955.37,4533.379555,63116,24808,osion,1.997418e+02,2.335556e+01,-1.430668e+02,1.205874e+01,1.617501e+02,16,1037.042159,1.885531,550,-1.330395e+00,0.031053,SCP
2025-11-15T01:16:32,1763169391.847108,   816440959.37,4537.379555,63116,24808,osion,1.994739e+02,2.336028e+01,-1.430127e+02,1.180768e+01,1.619991e+02,16,1259.348428,2.289724,550,-1.805895e+00,0.028179,SCP
2025-11-15T01:16:36,1763169395.847100,   816440963.37,4541.379555,63116,24808,osion,1.992264e+02,2.336472e+01,-1.429587e+02,1.155656e+01,1.622457e+02,16,666.752059,1.212276,550,-1.978733e+00,0.038727,SCP
2025-11-15T01:16:40,1763169399.847091,   816440967.37,4545.379555,63116,24808,osion,1.989993e+02,2.336944e+01,-1.429047e+02,1.130538e+01,1.624943e+02,16,1000.069774,1.818309,550,-2.045908e+00,0.031622,SCP
2025-11-15T01:16:43,1763169402.847085,   816440970.37,4548.379555,63116,24808,osion,1.988423e+02,2.337306e+01,-1.428644e+02,1.111696e+01,1.626811e+02,16,1555.645307,2.828446,550,-2.184958e+00,0.025354,SCP
2025-11-15T01:16:47,1763169406.847076,   816440974.37,4552.379555,63116,24808,osion,1.986509e+02,2.337778e+01,-1.428107e+02,1.086570e+01,1.629292e+02,16,1111.180885,2.020329,550,-2.280659e+00,0.029999,SCP
2025-11-15T01:16:51,1763169410.847068,   816440978.37,4556.379555,63116,24808,osion,1.984800e+02,2.338222e+01,-1.427571e+02,1.061438e+01,1.631748e+02,16,888.946690,1.616267,550,-2.189909e+00,0.033540,SCP
2025-11-15T01:16:54,1763169413.847062,   816440981.37,4559.379555,63116,24808,osion,1.983651e+02,2.338583e+01,-1.427169e+02,1.042587e+01,1.633611e+02,16,814.890353,1.481619,550,-2.140425e+00,0.035031,SCP
2025-11-15T01:16:58,1763169417.847054,   816440985.37,4563.379555,63116,24808,osion,1.982299e+02,2.339056e+01,-1.426635e+02,1.017448e+01,1.636084e+02,16,259.348386,0.471543,550,-2.260858e+00,0.062095,SCP
2025-11-15T01:17:02,1763169421.847046,   816440989.37,4567.379555,63116,24808,osion,1.981151e+02,2.339500e+01,-1.426102e+02,9.923049e+00,1.638530e+02,16,259.348386,0.471543,550,-2.127736e+00,0.062095,SCP
2025-11-15T01:17:06,1763169425.847037,   816440993.37,4571.379555,63116,24808,osion,1.980207e+02,2.339972e+01,-1.425569e+02,9.671587e+00,1.640996e+02,16,37.039747,0.067345,550,-2.368640e+00,0.164311,SCP
2025-11-15T01:17:09,1763169428.847030,   816440996.37,4574.379555,63116,24808,osion,1.979633e+02,2.340333e+01,-1.425171e+02,9.482970e+00,1.642849e+02,16,74.082613,0.134696,550,-2.497023e+00,0.116183,SCP
2025-11-15T01:17:13,1763169432.847023,   816441000.37,4578.379555,63116,24808,osion,1.979048e+02,2.340778e+01,-1.424640e+02,9.231456e+00,1.645285e+02,16,74.082613,0.134696,550,-2.284985e+00,0.116183,SCP
2025-11-15T01:17:17,1763169436.847014,   816441004.37,4582.379555,63116,24808,osion,1.978666e+02,2.341250e+01,-1.424111e+02,8.979916e+00,1.647740e+02,16,148.205345,0.269464,550,-2.283573e+00,0.082143,SCP
2025-11-15T01:17:20,1763169439.847008,   816441007.37,4585.379555,63116,24808,osion,1.978514e+02,2.341583e+01,-1.423714e+02,8.791248e+00,1.649560e+02,16,74.082613,0.134696,550,-2.309824e+00,0.116183,SCP
2025-11-15T01:17:24,1763169443.847000,   816441011.37,4589.379555,63116,24808,osion,1.978491e+02,2.342056e+01,-1.423186e+02,8.539672e+00,1.652006e+02,16,148.205345,0.269464,550,-2.146865e+00,0.082143,SCP
2025-11-15T01:17:28,1763169447.846991,   816441015.37,4593.379555,63116,24808,osion,1.978672e+02,2.342500e+01,-1.422659e+02,8.288082e+00,1.654423e+02,16,555.567956,1.010124,550,-1.945475e+00,0.042426,SCP
2025-11-15T01:17:31,1763169450.846985,   816441018.37,4596.379555,63116,24808,osion,1.978942e+02,2.342861e+01,-1.422265e+02,8.099380e+00,1.656257e+02,16,111.195882,0.202174,550,-2.066338e+00,0.094832,SCP
2025-11-15T01:17:35,1763169454.846976,   816441022.37,4600.379555,63116,24808,osion,1.979481e+02,2.343306e+01,-1.421739e+02,7.847770e+00,1.658664e+02,16,296.311945,0.538749,550,-2.274821e+00,0.058093,SCP
2025-11-15T01:17:39,1763169458.846969,   816441026.37,4604.379555,63116,24808,osion,1.980225e+02,2.343778e+01,-1.421215e+02,7.596153e+00,1.661089e+02,16,148.205345,0.269464,550,-2.295688e+00,0.082143,SCP
2025-11-15T01:17:43,1763169462.846960,   816441030.37,4608.379555,63116,24808,osion,1.981173e+02,2.344222e+01,-1.420691e+02,7.344534e+00,1.663483e+02,16,481.557712,0.875559,550,-2.308080e+00,0.045570,SCP
2025-11-15T01:17:46,1763169465.846954,   816441033.37,4611.379555,63116,24808,osion,1.982018e+02,2.344556e+01,-1.420298e+02,7.155819e+00,1.665274e+02,16,1370.439174,2.491708,550,-2.291331e+00,0.027013,SCP
2025-11-15T01:17:50,1763169469.846946,   816441037.37,4615.379555,63116,24808,osion,1.983325e+02,2.345028e+01,-1.419776e+02,6.904203e+00,1.667680e+02,16,1259.348428,2.289724,550,-2.253857e+00,0.028179,SCP
2025-11-15T01:17:54,1763169473.846937,   816441041.37,4619.379555,63116,24808,osion,1.984835e+02,2.345472e+01,-1.419254e+02,6.652592e+00,1.670054e+02,16,1555.645307,2.828446,550,-2.171509e+00,0.025354,SCP
2025-11-15T01:17:57,1763169476.846931,   816441044.37,4622.379555,63116,24808,osion,1.986102e+02,2.345833e+01,-1.418863e+02,6.463891e+00,1.671854e+02,16,2407.411895,4.377112,550,-2.300515e+00,0.020381,SCP
2025-11-15T01:18:01,1763169480.846922,   816441048.37,4626.379555,63116,24808,osion,1.987970e+02,2.346278e+01,-1.418343e+02,6.212300e+00,1.674213e+02,16,2926.015296,5.320028,550,-2.114689e+00,0.018487,SCP
2025-11-15T01:18:05,1763169484.846914,   816441052.37,4630.379555,63116,24808,osion,1.990043e+02,2.346722e+01,-1.417823e+02,5.960725e+00,1.676562e+02,16,1814.850130,3.299727,550,-2.091787e+00,0.023474,SCP
2025-11-15T01:18:08,1763169487.846908,   816441055.37,4633.379555,63116,24808,osion,1.991732e+02,2.347083e+01,-1.417434e+02,5.772056e+00,1.678344e+02,16,2111.190328,3.838528,550,-1.457174e+00,0.021764,SCP
2025-11-15T01:18:12,1763169491.846900,   816441059.37,4637.379555,63116,24808,osion,1.994162e+02,2.347528e+01,-1.416916e+02,5.520516e+00,1.680675e+02,16,3111.157901,5.656651,550,-8.636150e-01,0.017928,SCP
2025-11-15T01:18:19,1763169498.846885,   816441066.37,4644.379555,63116,24808,osion,1.998906e+02,2.348333e+01,-1.416010e+02,5.080385e+00,1.684756e+02,16,11592.698768,21.077635,550,-8.215109e-01,0.009288,SCP
2025-11-15T01:18:25,1763169504.846872,   816441072.37,4650.379555,63116,24808,osion,2.003469e+02,2.349000e+01,-1.415235e+02,4.703204e+00,1.688201e+02,16,20519.035823,37.307339,550,-7.396788e-01,0.006981,SCP
2025-11-15T01:18:31,1763169510.846860,   816441078.37,4656.379555,63116,24808,osion,2.008492e+02,2.349667e+01,-1.414462e+02,4.326103e+00,1.691614e+02,16,3814.855180,6.936100,550,-9.515439e-01,0.016191,SCP
2025-11-15T01:18:40,1763169519.846842,   816441087.37,4665.379555,63116,24808,osion,2.016885e+02,2.350694e+01,-1.413304e+02,3.760631e+00,1.696701e+02,16,555.567956,1.010124,550,-1.946764e+00,0.042426,SCP
2025-11-15T01:18:43,1763169522.846835,   816441090.37,4668.379555,63116,24808,osion,2.019911e+02,2.351028e+01,-1.412919e+02,3.572193e+00,1.698368e+02,16,851.869745,1.548854,550,-2.274412e+00,0.034262,SCP
2025-11-15T01:18:47,1763169526.846826,   816441094.37,4672.379555,63116,24808,osion,2.024125e+02,2.351472e+01,-1.412405e+02,3.320987e+00,1.700575e+02,16,1592.604578,2.895645,550,-2.698886e+00,0.025058,SCP
2025-11-15T01:18:51,1763169530.846819,   816441098.37,4676.379555,63116,24808,osion,2.028541e+02,2.351944e+01,-1.411892e+02,3.069835e+00,1.702794e+02,16,1296.312732,2.356932,550,-3.664864e+00,0.027774,SCP
2025-11-15T01:18:55,1763169534.846810,   816441102.37,4680.379555,63116,24808,osion,2.033161e+02,2.352389e+01,-1.411380e+02,2.818742e+00,1.704961e+02,16,4629.654018,8.417553,550,-5.028880e+00,0.014697,SCP
2025-11-15T01:18:58,1763169537.846804,   816441105.37,4683.379555,63116,24808,osion,2.036759e+02,2.352722e+01,-1.410996e+02,2.630462e+00,1.706572e+02,16,3888.947513,7.070814,550,-5.854538e+00,0.016036,SCP
2025-11-15T01:19:02,1763169541.846796,   816441109.37,4687.379555,63116,24808,osion,2.041734e+02,2.353167e+01,-1.410484e+02,2.379478e+00,1.708700e+02,16,481.557712,0.875559,550,-5.911107e+00,0.045570,SCP
2025-11-15T01:19:06,1763169545.846787,   816441113.37,4691.379555,63116,24808,osion,2.046912e+02,2.353611e+01,-1.409973e+02,2.128560e+00,1.710803e+02,16,148.205345,0.269464,550,-5.884720e+00,0.082143,SCP
2025-11-15T01:19:09,1763169548.846781,   816441116.37,4694.379555,63116,24808,osion,2.050928e+02,2.353944e+01,-1.409590e+02,1.940419e+00,1.712363e+02,16,777.808973,1.414198,550,-5.859714e+00,0.035856,SCP
2025-11-15T01:19:13,1763169552.846772,   816441120.37,4698.379555,63116,24808,osion,2.056460e+02,2.354389e+01,-1.409080e+02,1.689627e+00,1.714418e+02,16,222.264248,0.404117,550,-5.353507e+00,0.067076,SCP
2025-11-15T01:19:17,1763169556.846765,   816441124.37,4702.379555,63116,24808,osion,2.062194e+02,2.354861e+01,-1.408570e+02,1.438912e+00,1.716476e+02,16,4407.485205,8.013610,550,-5.316341e+00,0.015063,SCP
2025-11-15T01:19:21,1763169560.846756,   816441128.37,4706.379555,63116,24808,osion,2.068130e+02,2.355306e+01,-1.408060e+02,1.188275e+00,1.718469e+02,16,37.039747,0.067345,550,-4.692466e+00,0.164311,SCP
2025-11-15T01:19:24,1763169563.846749,   816441131.37,4709.379555,63116,24808,osion,2.072715e+02,2.355639e+01,-1.407678e+02,1.000352e+00,1.719941e+02,16,1740.837561,3.165159,550,-2.482061e+00,0.023967,SCP
2025-11-15T01:19:28,1763169567.846742,   816441135.37,4713.379555,63116,24808,osion,2.079004e+02,2.356083e+01,-1.407169e+02,7.498625e-01,1.721872e+02,16,1962.973463,3.569043,550,-1.573156e+00,0.022571,SCP
2025-11-15T01:19:32,1763169571.846733,   816441139.37,4717.379555,63116,24808,osion,2.085495e+02,2.356528e+01,-1.406660e+02,4.994621e-01,1.723763e+02,16,1222.282298,2.222332,550,-2.085089e+00,0.028603,SCP
2025-11-15T01:19:35,1763169574.846727,   816441142.37,4720.379555,63116,24808,osion,2.090495e+02,2.356861e+01,-1.406279e+02,3.117211e-01,1.725153e+02,16,1111.180885,2.020329,550,-2.310743e+00,0.029999,SCP
2025-11-15T01:19:39,1763169578.846718,   816441146.37,4724.379555,63116,24808,osion,2.097338e+02,2.357306e+01,-1.405770e+02,6.148338e-02,1.726968e+02,16,1296.312732,2.356932,550,-1.982481e+00,0.027774,SCP
2025-11-15T01:19:43,1763169582.846710,   816441150.37,4728.379555,63116,24808,osion,2.104382e+02,2.357750e+01,-1.405262e+02,-1.886578e-01,1.728735e+02,16,3592.676578,6.532139,550,-1.521440e+00,0.016684,SCP
2025-11-15T01:19:46,1763169585.846704,   816441153.37,4731.379555,63116,24808,osion,2.109797e+02,2.358083e+01,-1.404881e+02,-3.761969e-01,1.730026e+02,16,7408.261329,13.469566,550,-1.383171e+00,0.011618,SCP
2025-11-15T01:19:50,1763169589.846696,   816441157.37,4735.379555,63116,24808,osion,2.117192e+02,2.358528e+01,-1.404374e+02,-6.261598e-01,1.731700e+02,16,6407.878121,11.650687,550,-1.133260e+00,0.012492,SCP
2025-11-15T01:19:54,1763169593.846688,   816441161.37,4739.379555,63116,24808,osion,2.124788e+02,2.358972e+01,-1.403866e+02,-8.760154e-01,1.733315e+02,16,4148.168428,7.542124,550,-1.308192e+00,0.015526,SCP
2025-11-15T01:19:57,1763169596.846681,   816441164.37,4742.379555,63116,24808,osion,2.130615e+02,2.359333e+01,-1.403486e+02,-1.063336e+00,1.734524e+02,16,3888.947513,7.070814,550,-1.308197e+00,0.016036,SCP
2025-11-15T01:20:01,1763169600.846672,   816441168.37,4746.379555,63116,24808,osion,2.138561e+02,2.359778e+01,-1.402979e+02,-1.312998e+00,1.736027e+02,16,4629.654018,8.417553,550,-1.308197e+00,0.014697,SCP
2025-11-15T01:20:05,1763169604.846665,   816441172.37,4750.379555,63116,24808,osion,2.146706e+02,2.360222e+01,-1.402472e+02,-1.562545e+00,1.737459e+02,16,4000.086014,7.272884,550,-1.882649e+00,0.015811,SCP
2025-11-15T01:20:09,1763169608.846656,   816441176.37,4754.379555,63116,24808,osion,2.155050e+02,2.360667e+01,-1.401965e+02,-1.811974e+00,1.738815e+02,16,4148.168428,7.542124,550,-1.910870e+00,0.015526,SCP
2025-11-15T01:20:13,1763169612.846647,   816441180.37,4758.379555,63116,24808,osion,2.163594e+02,2.361111e+01,-1.401458e+02,-2.061281e+00,1.740090e+02,16,3629.723759,6.599498,550,-1.588004e+00,0.016598,SCP
2025-11-15T01:20:16,1763169615.846642,   816441183.37,4761.379555,63116,24808,osion,2.170132e+02,2.361444e+01,-1.401079e+02,-2.248179e+00,1.740990e+02,16,3629.723759,6.599498,550,-1.680406e+00,0.016598,SCP
2025-11-15T01:20:20,1763169619.846633,   816441187.37,4765.379555,63116,24808,osion,2.179023e+02,2.361889e+01,-1.400572e+02,-2.497267e+00,1.742112e+02,16,1962.973463,3.569043,550,-1.874971e+00,0.022571,SCP
2025-11-15T01:20:24,1763169623.846625,   816441191.37,4769.379555,63116,24808,osion,2.188112e+02,2.362333e+01,-1.400066e+02,-2.746223e+00,1.743139e+02,16,2518.564752,4.579209,550,-1.930947e+00,0.019926,SCP
2025-11-15T01:20:28,1763169627.846617,   816441195.37,4773.379555,63116,24808,osion,2.197400e+02,2.362778e+01,-1.399559e+02,-2.995047e+00,1.744065e+02,16,2555.615704,4.646574,550,-1.916041e+00,0.019781,SCP
2025-11-15T01:20:31,1763169630.846610,   816441198.37,4776.379555,63116,24808,osion,2.204495e+02,2.363111e+01,-1.399180e+02,-3.181575e+00,1.744692e+02,16,3259.351134,5.926093,550,-1.699471e+00,0.017516,SCP
2025-11-15T01:20:35,1763169634.846602,   816441202.37,4780.379555,63116,24808,osion,2.214129e+02,2.363556e+01,-1.398673e+02,-3.430158e+00,1.745431e+02,16,3851.901347,7.003457,550,-1.451144e+00,0.016112,SCP
2025-11-15T01:20:39,1763169638.846593,   816441206.37,4784.379555,63116,24808,osion,2.223959e+02,2.364000e+01,-1.398167e+02,-3.678598e+00,1.746059e+02,16,3000.012976,5.454569,550,-1.459322e+00,0.018257,SCP
2025-11-15T01:20:42,1763169641.846588,   816441209.37,4787.379555,63116,24808,osion,2.231462e+02,2.364333e+01,-1.397787e+02,-3.864834e+00,1.746453e+02,16,3037.061284,5.521930,550,-1.457482e+00,0.018146,SCP
2025-11-15T01:20:46,1763169645.846579,   816441213.37,4791.379555,63116,24808,osion,2.241637e+02,2.364778e+01,-1.397281e+02,-4.113018e+00,1.746874e+02,16,2703.717932,4.915851,550,-1.538778e+00,0.019232,SCP
2025-11-15T01:20:50,1763169649.846570,   816441217.37,4795.379555,63116,24808,osion,2.252008e+02,2.365222e+01,-1.396775e+02,-4.361053e+00,1.747174e+02,16,1629.662823,2.963023,550,-1.935106e+00,0.024771,SCP
2025-11-15T01:20:53,1763169652.846565,   816441220.37,4798.379555,63116,24808,osion,2.259915e+02,2.365556e+01,-1.396395e+02,-4.546978e+00,1.747318e+02,16,962.996819,1.750903,550,-1.915696e+00,0.032225,SCP
2025-11-15T01:20:57,1763169656.846556,   816441224.37,4802.379555,63116,24808,osion,2.270629e+02,2.366000e+01,-1.395888e+02,-4.794743e+00,1.747400e+02,16,962.996819,1.750903,550,-2.115299e+00,0.032225,SCP
2025-11-15T01:21:01,1763169660.846548,   816441228.37,4806.379555,63116,24808,osion,2.281539e+02,2.366444e+01,-1.395382e+02,-5.042348e+00,1.747359e+02,16,1222.282298,2.222332,550,-1.894681e+00,0.028603,SCP
2025-11-15T01:21:05,1763169664.846539,   816441232.37,4810.379555,63116,24808,osion,2.292644e+02,2.366889e+01,-1.394875e+02,-5.289792e+00,1.747193e+02,16,740.826133,1.346957,550,-1.886529e+00,0.036740,SCP
2025-11-15T01:21:08,1763169667.846533,   816441235.37,4813.379555,63116,24808,osion,2.301100e+02,2.367222e+01,-1.394495e+02,-5.475266e+00,1.746988e+02,16,851.869745,1.548854,550,-1.478246e+00,0.034262,SCP
2025-11-15T01:21:12,1763169671.846525,   816441239.37,4817.379555,63116,24808,osion,2.312545e+02,2.367667e+01,-1.393988e+02,-5.722421e+00,1.746608e+02,16,888.946690,1.616267,550,-1.226841e+00,0.033540,SCP
2025-11-15T01:21:16,1763169675.846517,   816441243.37,4821.379555,63116,24808,osion,2.324184e+02,2.368139e+01,-1.393481e+02,-5.969404e+00,1.746147e+02,16,1444.463499,2.626297,550,-1.192964e+00,0.026312,SCP
2025-11-15T01:21:19,1763169678.846511,   816441246.37,4824.379555,63116,24808,osion,2.333041e+02,2.368472e+01,-1.393101e+02,-6.154529e+00,1.745697e+02,16,1629.662823,2.963023,550,-1.449881e+00,0.024771,SCP
2025-11-15T01:21:23,1763169682.846502,   816441250.37,4828.379555,63116,24808,osion,2.345019e+02,2.368917e+01,-1.392593e+02,-6.401207e+00,1.745000e+02,16,555.567956,1.010124,550,-2.034041e+00,0.042426,SCP
2025-11-15T01:21:27,1763169686.846493,   816441254.37,4832.379555,63116,24808,osion,2.357190e+02,2.369361e+01,-1.392086e+02,-6.647709e+00,1.744195e+02,16,185.254347,0.336826,550,-2.358194e+00,0.073471,SCP
2025-11-15T01:21:30,1763169689.846487,   816441257.37,4835.379555,63116,24808,osion,2.366445e+02,2.369694e+01,-1.391705e+02,-6.832465e+00,1.743524e+02,16,259.348386,0.471543,550,-2.334296e+00,0.062095,SCP
2025-11-15T01:21:34,1763169693.846479,   816441261.37,4839.379555,63116,24808,osion,2.378953e+02,2.370139e+01,-1.391197e+02,-7.078648e+00,1.742543e+02,16,333.360428,0.606110,550,-2.334771e+00,0.054770,SCP
2025-11-15T01:21:38,1763169697.846471,   816441265.37,4843.379555,63116,24808,osion,2.391653e+02,2.370583e+01,-1.390689e+02,-7.324645e+00,1.741468e+02,16,407.425231,0.740773,550,-2.615967e+00,0.049542,SCP
2025-11-15T01:21:41,1763169700.846465,   816441268.37,4846.379555,63116,24808,osion,2.401304e+02,2.370917e+01,-1.390308e+02,-7.509018e+00,1.740603e+02,16,259.348386,0.471543,550,-2.798786e+00,0.062095,SCP
2025-11-15T01:21:45,1763169704.846456,   816441272.37,4850.379555,63116,24808,osion,2.414339e+02,2.371361e+01,-1.389799e+02,-7.754682e+00,1.739377e+02,16,333.360428,0.606110,550,-3.337132e+00,0.054770,SCP
2025-11-15T01:21:49,1763169708.846448,   816441276.37,4854.379555,63116,24808,osion,2.427564e+02,2.371806e+01,-1.389290e+02,-8.000153e+00,1.738072e+02,16,185.254347,0.336826,550,-6.236963e+00,0.073471,SCP
2025-11-15T01:21:58,1763169717.846429,   816441285.37,4863.379555,63116,24808,osion,2.458018e+02,2.372806e+01,-1.388144e+02,-8.551736e+00,1.734871e+02,16,37.039747,0.067345,550,-6.903491e+00,0.164311,SCP
2025-11-15T01:22:01,1763169720.846423,   816441288.37,4866.379555,63116,24808,osion,2.468383e+02,2.373167e+01,-1.387761e+02,-8.735370e+00,1.733756e+02,16,37.039747,0.067345,550,-4.269205e+00,0.164311,SCP
2025-11-15T01:22:04,1763169723.846418,   816441291.37,4869.379555,63116,24808,osion,2.478854e+02,2.373500e+01,-1.387379e+02,-8.918890e+00,1.732581e+02,16,148.205345,0.269464,550,-3.622737e+00,0.082143,SCP
2025-11-15T01:22:07,1763169726.846400,   816441294.37,4872.379555,63116,24808,osion,2.489431e+02,2.373833e+01,-1.386996e+02,-9.102292e+00,1.731374e+02,16,74.082613,0.134696,550,-2.896538e+00,0.116183,SCP
2025-11-15T01:22:10,1763169729.846475,   816441297.37,4875.379555,63116,24808,osion,2.500115e+02,2.374167e+01,-1.386613e+02,-9.285577e+00,1.730138e+02,16,222.264248,0.404117,550,-2.307602e+00,0.067076,SCP
2025-11-15T01:22:13,1763169732.847354,   816441300.37,4878.379555,63116,24808,osion,2.510904e+02,2.374500e+01,-1.386229e+02,-9.468742e+00,1.728873e+02,16,666.752059,1.212276,550,-2.426761e+00,0.038727,SCP
2025-11-15T01:22:16,1763169735.846409,   816441303.37,4881.379555,63116,24808,osion,2.521799e+02,2.374833e+01,-1.385846e+02,-9.651788e+00,1.727581e+02,16,333.360428,0.606110,550,-2.690771e+00,0.054770,SCP
2025-11-15T01:22:19,1763169738.847484,   816441306.37,4884.379555,63116,24808,osion,2.532799e+02,2.375167e+01,-1.385462e+02,-9.834713e+00,1.726264e+02,16,222.264248,0.404117,550,-2.844851e+00,0.067076,SCP
2025-11-15T01:22:21,1763169740.847424,   816441308.37,4886.379555,63116,24808,osion,2.540191e+02,2.375389e+01,-1.385206e+02,-9.956594e+00,1.725373e+02,16,259.348386,0.471543,550,-2.896432e+00,0.062095,SCP
2025-11-15T01:22:24,1763169743.847366,   816441311.37,4889.379555,63116,24808,osion,2.551367e+02,2.375750e+01,-1.384822e+02,-1.013931e+01,1.724037e+02,16,296.311945,0.538749,550,-3.254623e+00,0.058093,SCP
2025-11-15T01:22:27,1763169746.847370,   816441314.37,4892.379555,63116,24808,osion,2.562648e+02,2.376083e+01,-1.384437e+02,-1.032191e+01,1.722658e+02,16,851.869745,1.548854,550,-3.164136e+00,0.034262,SCP
2025-11-15T01:22:30,1763169749.847362,   816441317.37,4895.379555,63116,24808,osion,2.574033e+02,2.376417e+01,-1.384052e+02,-1.050438e+01,1.721260e+02,16,4666.698450,8.484906,550,-2.747811e+00,0.014638,SCP
2025-11-15T01:22:33,1763169752.847356,   816441320.37,4898.379555,63116,24808,osion,2.585523e+02,2.376750e+01,-1.383667e+02,-1.068672e+01,1.719842e+02,16,2259.302400,4.107822,550,-2.263033e+00,0.021038,SCP
2025-11-15T01:22:36,1763169755.847350,   816441323.37,4901.379555,63116,24808,osion,2.597118e+02,2.377083e+01,-1.383282e+02,-1.086894e+01,1.718406e+02,16,2888.965735,5.252665,550,-2.151265e+00,0.018605,SCP
2025-11-15T01:22:39,1763169758.847344,   816441326.37,4904.379555,63116,24808,osion,2.608816e+02,2.377417e+01,-1.382896e+02,-1.105103e+01,1.716953e+02,16,1777.794004,3.232353,550,-1.989229e+00,0.023717,SCP
2025-11-15T01:22:42,1763169761.847338,   816441329.37,4907.379555,63116,24808,osion,2.620619e+02,2.377778e+01,-1.382510e+02,-1.123298e+01,1.715500e+02,16,1814.850130,3.299727,550,-1.665077e+00,0.023474,SCP
2025-11-15T01:22:45,1763169764.847332,   816441332.37,4910.379555,63116,24808,osion,2.632525e+02,2.378111e+01,-1.382124e+02,-1.141481e+01,1.714015e+02,16,666.752059,1.212276,550,-1.038133e+00,0.038727,SCP
2025-11-15T01:22:48,1763169767.847326,   816441335.37,4913.379555,63116,24808,osion,2.644535e+02,2.378444e+01,-1.381738e+02,-1.159651e+01,1.712516e+02,16,407.425231,0.740773,550,-1.777035e+00,0.049542,SCP
2025-11-15T01:22:51,1763169770.847319,   816441338.37,4916.379555,63116,24808,osion,2.656648e+02,2.378778e+01,-1.381351e+02,-1.177807e+01,1.711003e+02,16,222.264248,0.404117,550,-2.219779e+00,0.067076,SCP
2025-11-15T01:22:54,1763169773.847313,   816441341.37,4919.379555,63116,24808,osion,2.668864e+02,2.379111e+01,-1.380963e+02,-1.195949e+01,1.709478e+02,16,370.397465,0.673450,550,-2.090291e+00,0.051960,SCP
2025-11-15T01:22:56,1763169775.847309,   816441343.37,4921.379555,63116,24808,osion,2.677066e+02,2.379333e+01,-1.380705e+02,-1.208037e+01,1.708454e+02,16,185.254347,0.336826,550,-1.428992e+00,0.073471,SCP
2025-11-15T01:22:59,1763169778.847302,   816441346.37,4924.379555,63116,24808,osion,2.689453e+02,2.379694e+01,-1.380317e+02,-1.226157e+01,1.706923e+02,16,481.557712,0.875559,550,-1.644309e+00,0.045570,SCP
2025-11-15T01:23:02,1763169781.847296,   816441349.37,4927.379555,63116,24808,osion,2.701943e+02,2.380028e+01,-1.379929e+02,-1.244263e+01,1.705366e+02,16,296.311945,0.538749,550,-2.139010e+00,0.058093,SCP
2025-11-15T01:23:05,1763169784.847290,   816441352.37,4930.379555,63116,24808,osion,2.714536e+02,2.380361e+01,-1.379541e+02,-1.262356e+01,1.703800e+02,16,481.557712,0.875559,550,-1.324116e+00,0.045570,SCP
2025-11-15T01:23:08,1763169787.847283,   816441355.37,4933.379555,63116,24808,osion,2.727231e+02,2.380694e+01,-1.379152e+02,-1.280435e+01,1.702223e+02,16,333.360428,0.606110,550,-1.232381e+00,0.054770,SCP
2025-11-15T01:23:11,1763169790.847277,   816441358.37,4936.379555,63116,24808,osion,2.740028e+02,2.381056e+01,-1.378763e+02,-1.298499e+01,1.700650e+02,16,407.425231,0.740773,550,-1.294245e+00,0.049542,SCP
2025-11-15T01:23:14,1763169793.847271,   816441361.37,4939.379555,63116,24808,osion,2.752926e+02,2.381389e+01,-1.378373e+02,-1.316550e+01,1.699055e+02,16,555.567956,1.010124,550,-1.578582e+00,0.042426,SCP
2025-11-15T01:23:17,1763169796.847265,   816441364.37,4942.379555,63116,24808,osion,2.765926e+02,2.381722e+01,-1.377983e+02,-1.334586e+01,1.697453e+02,16,259.348386,0.471543,550,-2.264194e+00,0.062095,SCP
2025-11-15T01:23:20,1763169799.847259,   816441367.37,4945.379555,63116,24808,osion,2.779027e+02,2.382083e+01,-1.377593e+02,-1.352608e+01,1.695853e+02,16,222.264248,0.404117,550,-2.360121e+00,0.067076,SCP
2025-11-15T01:23:23,1763169802.847253,   816441370.37,4948.379555,63116,24808,osion,2.792229e+02,2.382417e+01,-1.377202e+02,-1.370615e+01,1.694235e+02,16,74.082613,0.134696,550,-2.355827e+00,0.116183,SCP
2025-11-15T01:23:26,1763169805.847246,   816441373.37,4951.379555,63116,24808,osion,2.805532e+02,2.382750e+01,-1.376811e+02,-1.388608e+01,1.692611e+02,16,185.254347,0.336826,550,-2.332172e+00,0.073471,SCP
2025-11-15T01:23:29,1763169808.847239,   816441376.37,4954.379555,63116,24808,osion,2.818936e+02,2.383083e+01,-1.376419e+02,-1.406586e+01,1.690980e+02,16,111.195882,0.202174,550,-2.365667e+00,0.094832,SCP
2025-11-15T01:23:31,1763169810.847235,   816441378.37,4956.379555,63116,24808,osion,2.827928e+02,2.383333e+01,-1.376158e+02,-1.418564e+01,1.689898e+02,16,222.264248,0.404117,550,-2.370889e+00,0.067076,SCP
2025-11-15T01:23:34,1763169813.847229,   816441381.37,4959.379555,63116,24808,osion,2.841498e+02,2.383667e+01,-1.375765e+02,-1.436517e+01,1.688257e+02,16,74.082613,0.134696,550,-2.373309e+00,0.116183,SCP
2025-11-15T01:23:37,1763169816.847223,   816441384.37,4962.379555,63116,24808,osion,2.855169e+02,2.384000e+01,-1.375373e+02,-1.454456e+01,1.686610e+02,16,222.264248,0.404117,550,-2.367926e+00,0.067076,SCP
2025-11-15T01:23:40,1763169819.847217,   816441387.37,4965.379555,63116,24808,osion,2.868940e+02,2.384361e+01,-1.374979e+02,-1.472379e+01,1.684967e+02,16,259.348386,0.471543,550,-2.372684e+00,0.062095,SCP
2025-11-15T01:23:43,1763169822.847210,   816441390.37,4968.379555,63116,24808,osion,2.882810e+02,2.384694e+01,-1.374586e+02,-1.490288e+01,1.683310e+02,16,185.254347,0.336826,550,-2.375221e+00,0.073471,SCP
2025-11-15T01:23:46,1763169825.847204,   816441393.37,4971.379555,63116,24808,osion,2.896779e+02,2.385028e+01,-1.374192e+02,-1.508181e+01,1.681648e+02,16,444.445580,0.808083,550,-2.441041e+00,0.047434,SCP
2025-11-15T01:23:49,1763169828.847198,   816441396.37,4974.379555,63116,24808,osion,2.910848e+02,2.385389e+01,-1.373797e+02,-1.526059e+01,1.679990e+02,16,370.397465,0.673450,550,-2.678295e+00,0.051960,SCP
2025-11-15T01:23:52,1763169831.847192,   816441399.37,4977.379555,63116,24808,osion,2.925015e+02,2.385722e+01,-1.373402e+02,-1.543922e+01,1.678319e+02,16,333.360428,0.606110,550,-2.730113e+00,0.054770,SCP
2025-11-15T01:23:55,1763169834.847186,   816441402.37,4980.379555,63116,24808,osion,2.939281e+02,2.386083e+01,-1.373006e+02,-1.561769e+01,1.676652e+02,16,296.311945,0.538749,550,-2.552854e+00,0.058093,SCP
2025-11-15T01:23:58,1763169837.847179,   816441405.37,4983.379555,63116,24808,osion,2.953646e+02,2.386417e+01,-1.372610e+02,-1.579600e+01,1.674975e+02,16,222.264248,0.404117,550,-2.325951e+00,0.067076,SCP
2025-11-15T01:24:01,1763169840.847173,   816441408.37,4986.379555,63116,24808,osion,2.968108e+02,2.386778e+01,-1.372214e+02,-1.597416e+01,1.673300e+02,16,296.311945,0.538749,550,-2.336835e+00,0.058093,SCP
2025-11-15T01:24:04,1763169843.847167,   816441411.37,4989.379555,63116,24808,osion,2.982668e+02,2.387111e+01,-1.371817e+02,-1.615216e+01,1.671615e+02,16,74.082613,0.134696,550,-2.833298e+00,0.116183,SCP
2025-11-15T01:24:06,1763169845.847163,   816441413.37,4991.379555,63116,24808,osion,2.992430e+02,2.387333e+01,-1.371552e+02,-1.627074e+01,1.670491e+02,16,37.039747,0.067345,550,-3.041079e+00,0.164311,SCP
2025-11-15T01:24:09,1763169848.847157,   816441416.37,4994.379555,63116,24808,osion,3.007153e+02,2.387694e+01,-1.371154e+02,-1.644847e+01,1.668807e+02,16,37.039747,0.067345,550,-3.047504e+00,0.164311,SCP
2025-11-15T01:24:12,1763169851.847151,   816441419.37,4997.379555,63116,24808,osion,3.021973e+02,2.388028e+01,-1.370755e+02,-1.662605e+01,1.667115e+02,16,148.205345,0.269464,550,-3.304078e+00,0.082143,SCP
2025-11-15T01:24:18,1763169857.847137,   816441425.37,5003.379555,63116,24808,osion,3.051904e+02,2.388722e+01,-1.369957e+02,-1.698071e+01,1.663729e+02,16,148.205345,0.269464,550,-3.973350e+00,0.082143,SCP
2025-11-15T01:24:21,1763169860.847131,   816441428.37,5006.379555,63116,24808,osion,3.067015e+02,2.389083e+01,-1.369557e+02,-1.715780e+01,1.662035e+02,16,148.205345,0.269464,550,-4.281960e+00,0.082143,SCP
2025-11-15T01:24:24,1763169863.847125,   816441431.37,5009.379555,63116,24808,osion,3.082221e+02,2.389417e+01,-1.369156e+02,-1.733472e+01,1.660333e+02,16,74.082613,0.134696,550,-4.278812e+00,0.116183,SCP
2025-11-15T01:24:27,1763169866.847119,   816441434.37,5012.379555,63116,24808,osion,3.097524e+02,2.389778e+01,-1.368755e+02,-1.751148e+01,1.658635e+02,16,37.039747,0.067345,550,-4.098788e+00,0.164311,SCP
2025-11-15T01:24:30,1763169869.847113,   816441437.37,5015.379555,63116,24808,osion,3.112923e+02,2.390111e+01,-1.368353e+02,-1.768807e+01,1.656930e+02,16,444.445580,0.808083,550,-3.970635e+00,0.047434,SCP
2025-11-15T01:24:33,1763169872.847106,   816441440.37,5018.379555,63116,24808,osion,3.128417e+02,2.390472e+01,-1.367951e+02,-1.786449e+01,1.655227e+02,16,1074.111522,1.952930,550,-4.245834e+00,0.030512,SCP
2025-11-15T01:24:36,1763169875.847100,   816441443.37,5021.379555,63116,24808,osion,3.144006e+02,2.390833e+01,-1.367548e+02,-1.804075e+01,1.653523e+02,16,629.660278,1.144837,550,-4.026024e+00,0.039852,SCP
2025-11-15T01:24:39,1763169878.847094,   816441446.37,5024.379555,63116,24808,osion,3.159691e+02,2.391167e+01,-1.367144e+02,-1.821684e+01,1.651814e+02,16,1037.042159,1.885531,550,-3.727048e+00,0.031053,SCP
2025-11-15T01:24:41,1763169880.847090,   816441448.37,5026.379555,63116,24808,osion,3.170200e+02,2.391417e+01,-1.366875e+02,-1.833413e+01,1.650677e+02,16,777.808973,1.414198,550,-3.506863e+00,0.035856,SCP
2025-11-15T01:24:44,1763169883.847084,   816441451.37,5029.379555,63116,24808,osion,3.186042e+02,2.391750e+01,-1.366470e+02,-1.850994e+01,1.648965e+02,16,555.567956,1.010124,550,-3.167851e+00,0.042426,SCP
2025-11-15T01:24:47,1763169886.847078,   816441454.37,5032.379555,63116,24808,osion,3.201979e+02,2.392111e+01,-1.366065e+02,-1.868557e+01,1.647256e+02,16,629.660278,1.144837,550,-2.735183e+00,0.039852,SCP
2025-11-15T01:24:50,1763169889.847071,   816441457.37,5035.379555,63116,24808,osion,3.218009e+02,2.392472e+01,-1.365659e+02,-1.886104e+01,1.645545e+02,16,481.557712,0.875559,550,-2.372467e+00,0.045570,SCP
2025-11-15T01:24:53,1763169892.847064,   816441460.37,5038.379555,63116,24808,osion,3.234134e+02,2.392806e+01,-1.365252e+02,-1.903633e+01,1.643831e+02,16,333.360428,0.606110,550,-2.351390e+00,0.054770,SCP
2025-11-15T01:24:56,1763169895.847058,   816441463.37,5041.379555,63116,24808,osion,3.250352e+02,2.393167e+01,-1.364845e+02,-1.921144e+01,1.642118e+02,16,555.567956,1.010124,550,-2.808762e+00,0.042426,SCP
2025-11-15T01:24:59,1763169898.847052,   816441466.37,5044.379555,63116,24808,osion,3.266664e+02,2.393528e+01,-1.364437e+02,-1.938638e+01,1.640405e+02,16,407.425231,0.740773,550,-3.430321e+00,0.049542,SCP
2025-11-15T01:25:02,1763169901.847046,   816441469.37,5047.379555,63116,24808,osion,3.283068e+02,2.393861e+01,-1.364029e+02,-1.956115e+01,1.638688e+02,16,296.311945,0.538749,550,-4.041239e+00,0.058093,SCP
2025-11-15T01:25:05,1763169904.847040,   816441472.37,5050.379555,63116,24808,osion,3.299566e+02,2.394222e+01,-1.363620e+02,-1.973574e+01,1.636973e+02,16,444.445580,0.808083,550,-4.396224e+00,0.047434,SCP
2025-11-15T01:25:08,1763169907.847034,   816441475.37,5053.379555,63116,24808,osion,3.316156e+02,2.394583e+01,-1.363210e+02,-1.991015e+01,1.635258e+02,16,74.082613,0.134696,550,-4.405128e+00,0.116183,SCP
2025-11-15T01:25:11,1763169910.847027,   816441478.37,5056.379555,63116,24808,osion,3.332838e+02,2.394944e+01,-1.362799e+02,-2.008439e+01,1.633542e+02,16,259.348386,0.471543,550,-5.605182e+00,0.062095,SCP
2025-11-15T01:25:14,1763169913.847021,   816441481.37,5059.379555,63116,24808,osion,3.349612e+02,2.395278e+01,-1.362388e+02,-2.025845e+01,1.631824e+02,16,222.264248,0.404117,550,-7.052179e+00,0.067076,SCP
2025-11-15T01:25:17,1763169916.847015,   816441484.37,5062.379555,63116,24808,osion,3.366478e+02,2.395639e+01,-1.361976e+02,-2.043232e+01,1.630107e+02,16,74.082613,0.134696,550,-7.098259e+00,0.116183,SCP
2025-11-15T01:25:19,1763169918.847011,   816441486.37,5064.379555,63116,24808,osion,3.377773e+02,2.395889e+01,-1.361701e+02,-2.054814e+01,1.628963e+02,16,74.082613,0.134696,550,-7.104852e+00,0.116183,SCP
2025-11-15T01:25:22,1763169921.847005,   816441489.37,5067.379555,63116,24808,osion,3.394792e+02,2.396250e+01,-1.361288e+02,-2.072172e+01,1.627246e+02,16,148.205345,0.269464,550,-6.789792e+00,0.082143,SCP
2025-11-15T01:25:26,1763169925.846996,   816441493.37,5071.379555,63116,24808,osion,3.417624e+02,2.396722e+01,-1.360736e+02,-2.095287e+01,1.624956e+02,16,222.264248,0.404117,550,-5.437854e+00,0.067076,SCP
2025-11-15T01:25:32,1763169931.846983,   816441499.37,5077.379555,63116,24808,osion,3.452176e+02,2.397417e+01,-1.359906e+02,-2.129900e+01,1.621520e+02,16,296.311945,0.538749,550,-4.590071e+00,0.058093,SCP
2025-11-15T01:25:35,1763169934.846977,   816441502.37,5080.379555,63116,24808,osion,3.469587e+02,2.397778e+01,-1.359490e+02,-2.147178e+01,1.619803e+02,16,296.311945,0.538749,550,-4.006317e+00,0.058093,SCP
2025-11-15T01:25:38,1763169937.846971,   816441505.37,5083.379555,63116,24808,osion,3.487088e+02,2.398139e+01,-1.359072e+02,-2.164438e+01,1.618085e+02,16,370.397465,0.673450,550,-3.414152e+00,0.051960,SCP
2025-11-15T01:25:40,1763169939.846967,   816441507.37,5085.379555,63116,24808,osion,3.498805e+02,2.398389e+01,-1.358794e+02,-2.175935e+01,1.616941e+02,16,148.205345,0.269464,550,-3.216913e+00,0.082143,SCP
2025-11-15T01:25:43,1763169942.846961,   816441510.37,5088.379555,63116,24808,osion,3.516455e+02,2.398750e+01,-1.358376e+02,-2.193164e+01,1.615224e+02,16,185.254347,0.336826,550,-2.906356e+00,0.073471,SCP
2025-11-15T01:25:46,1763169945.846955,   816441513.37,5091.379555,63116,24808,osion,3.534195e+02,2.399111e+01,-1.357956e+02,-2.210374e+01,1.613507e+02,16,444.445580,0.808083,550,-2.759116e+00,0.047434,SCP
2025-11-15T01:25:49,1763169948.846948,   816441516.37,5094.379555,63116,24808,osion,3.552023e+02,2.399472e+01,-1.357536e+02,-2.227566e+01,1.611791e+02,16,333.360428,0.606110,550,-3.066353e+00,0.054770,SCP
2025-11-15T01:25:52,1763169951.846942,   816441519.37,5097.379555,63116,24808,osion,3.569940e+02,2.399833e+01,-1.357116e+02,-2.244739e+01,1.610075e+02,16,222.264248,0.404117,550,-2.616826e+00,0.067076,SCP
2025-11-15T01:25:55,1763169954.846936,   816441522.37,5100.379555,63116,24808,osion,3.587946e+02,1.944444e-03,-1.356694e+02,-2.261893e+01,1.608359e+02,16,185.254347,0.336826,550,-2.428171e+00,0.073471,SCP
2025-11-15T01:25:58,1763169957.846930,   816441525.37,5103.379555,63116,24808,osion,3.606039e+02,5.555556e-03,-1.356272e+02,-2.279028e+01,1.606644e+02,16,148.205345,0.269464,550,-2.375998e+00,0.082143,SCP
2025-11-15T01:26:01,1763169960.846924,   816441528.37,5106.379555,63116,24808,osion,3.624221e+02,9.166667e-03,-1.355848e+02,-2.296144e+01,1.604930e+02,16,185.254347,0.336826,550,-2.163234e+00,0.073471,SCP
2025-11-15T01:26:04,1763169963.846918,   816441531.37,5109.379555,63116,24808,osion,3.642490e+02,1.277778e-02,-1.355424e+02,-2.313241e+01,1.603216e+02,16,407.425231,0.740773,550,-1.959577e+00,0.049542,SCP
2025-11-15T01:26:07,1763169966.846911,   816441534.37,5112.379555,63116,24808,osion,3.660846e+02,1.638889e-02,-1.354999e+02,-2.330318e+01,1.601503e+02,16,296.311945,0.538749,550,-1.885149e+00,0.058093,SCP
2025-11-15T01:26:10,1763169969.846904,   816441537.37,5115.379555,63116,24808,osion,3.679289e+02,2.000000e-02,-1.354574e+02,-2.347377e+01,1.599790e+02,16,185.254347,0.336826,550,-1.846071e+00,0.073471,SCP
2025-11-15T01:26:13,1763169972.846898,   816441540.37,5118.379555,63116,24808,osion,3.697819e+02,2.388889e-02,-1.354147e+02,-2.364416e+01,1.598077e+02,16,444.445580,0.808083,550,-1.682505e+00,0.047434,SCP
2025-11-15T01:26:15,1763169974.846894,   816441542.37,5120.379555,63116,24808,osion,3.710220e+02,2.611111e-02,-1.353862e+02,-2.375764e+01,1.596937e+02,16,481.557712,0.875559,550,-1.590468e+00,0.045570,SCP
2025-11-15T01:26:18,1763169977.846888,   816441545.37,5123.379555,63116,24808,osion,3.728894e+02,3.000000e-02,-1.353434e+02,-2.392771e+01,1.595225e+02,16,370.397465,0.673450,550,-1.493699e+00,0.051960,SCP
2025-11-15T01:26:21,1763169980.846882,   816441548.37,5126.379555,63116,24808,osion,3.747654e+02,3.361111e-02,-1.353005e+02,-2.409758e+01,1.593515e+02,16,518.564711,0.942845,550,-1.499142e+00,0.043914,SCP
2025-11-15T01:26:24,1763169983.846875,   816441551.37,5129.379555,63116,24808,osion,3.766500e+02,3.722222e-02,-1.352575e+02,-2.426726e+01,1.591806e+02,16,259.348386,0.471543,550,-1.496789e+00,0.062095,SCP
2025-11-15T01:26:27,1763169986.846869,   816441554.37,5132.379555,63116,24808,osion,3.785431e+02,4.083333e-02,-1.352144e+02,-2.443674e+01,1.590098e+02,16,777.808973,1.414198,550,-1.580097e+00,0.035856,SCP
2025-11-15T01:26:30,1763169989.846863,   816441557.37,5135.379555,63116,24808,osion,3.804447e+02,4.472222e-02,-1.351712e+02,-2.460602e+01,1.588389e+02,16,481.557712,0.875559,550,-1.683315e+00,0.045570,SCP
2025-11-15T01:26:33,1763169992.846857,   816441560.37,5138.379555,63116,24808,osion,3.823548e+02,4.833333e-02,-1.351280e+02,-2.477511e+01,1.586683e+02,16,222.264248,0.404117,550,-1.693343e+00,0.067076,SCP
2025-11-15T01:26:36,1763169995.846851,   816441563.37,5141.379555,63116,24808,osion,3.842734e+02,5.194444e-02,-1.350846e+02,-2.494400e+01,1.584977e+02,16,740.826133,1.346957,550,-1.692275e+00,0.036740,SCP
2025-11-15T01:26:39,1763169998.846843,   816441566.37,5144.379555,63116,24808,osion,3.862004e+02,5.583333e-02,-1.350411e+02,-2.511268e+01,1.583271e+02,16,296.311945,0.538749,550,-1.771279e+00,0.058093,SCP
2025-11-15T01:26:42,1763170001.846837,   816441569.37,5147.379555,63116,24808,osion,3.881358e+02,5.944444e-02,-1.349976e+02,-2.528117e+01,1.581568e+02,16,407.425231,0.740773,550,-1.867076e+00,0.049542,SCP
2025-11-15T01:26:45,1763170004.846831,   816441572.37,5150.379555,63116,24808,osion,3.900796e+02,6.305556e-02,-1.349539e+02,-2.544946e+01,1.579865e+02,16,407.425231,0.740773,550,-1.870607e+00,0.049542,SCP
2025-11-15T01:26:48,1763170007.846825,   816441575.37,5153.379555,63116,24808,osion,3.920317e+02,6.694444e-02,-1.349102e+02,-2.561755e+01,1.578162e+02,16,222.264248,0.404117,550,-2.084737e+00,0.067076,SCP
2025-11-15T01:26:50,1763170009.846821,   816441577.37,5155.379555,63116,24808,osion,3.933377e+02,6.944444e-02,-1.348810e+02,-2.572949e+01,1.577028e+02,16,259.348386,0.471543,550,-2.230953e+00,0.062095,SCP
2025-11-15T01:26:53,1763170012.846815,   816441580.37,5158.379555,63116,24808,osion,3.953037e+02,7.305556e-02,-1.348371e+02,-2.589724e+01,1.575329e+02,16,629.660278,1.144837,550,-2.439301e+00,0.039852,SCP
2025-11-15T01:26:56,1763170015.846809,   816441583.37,5161.379555,63116,24808,osion,3.972780e+02,7.694444e-02,-1.347930e+02,-2.606479e+01,1.573628e+02,16,259.348386,0.471543,550,-2.672369e+00,0.062095,SCP
2025-11-15T01:26:59,1763170018.846802,   816441586.37,5164.379555,63116,24808,osion,3.992605e+02,8.055556e-02,-1.347489e+02,-2.623213e+01,1.571931e+02,16,259.348386,0.471543,550,-2.913775e+00,0.062095,SCP
2025-11-15T01:27:02,1763170021.846796,   816441589.37,5167.379555,63116,24808,osion,4.012512e+02,8.444444e-02,-1.347047e+02,-2.639928e+01,1.570233e+02,16,74.082613,0.134696,550,-3.173552e+00,0.116183,SCP
2025-11-15T01:27:05,1763170024.846790,   816441592.37,5170.379555,63116,24808,osion,4.032501e+02,8.805556e-02,-1.346604e+02,-2.656621e+01,1.568539e+02,16,74.082613,0.134696,550,-3.470105e+00,0.116183,SCP
2025-11-15T01:27:08,1763170027.846784,   816441595.37,5173.379555,63116,24808,osion,4.052571e+02,9.194444e-02,-1.346160e+02,-2.673294e+01,1.566843e+02,16,111.195882,0.202174,550,-3.804025e+00,0.094832,SCP
2025-11-15T01:27:11,1763170030.846778,   816441598.37,5176.379555,63116,24808,osion,4.072723e+02,9.555556e-02,-1.345715e+02,-2.689947e+01,1.565151e+02,16,111.195882,0.202174,550,-4.163333e+00,0.094832,SCP
2025-11-15T01:27:14,1763170033.846771,   816441601.37,5179.379555,63116,24808,osion,4.092956e+02,9.944444e-02,-1.345268e+02,-2.706579e+01,1.563458e+02,16,37.039747,0.067345,550,-4.412416e+00,0.164311,SCP
2025-11-15T01:27:17,1763170036.846766,   816441604.37,5182.379555,63116,24808,osion,4.113270e+02,1.033333e-01,-1.344821e+02,-2.723190e+01,1.561767e+02,16,148.205345,0.269464,550,-4.332711e+00,0.082143,SCP
2025-11-15T01:27:20,1763170039.846759,   816441607.37,5185.379555,63116,24808,osion,4.133664e+02,1.069444e-01,-1.344372e+02,-2.739781e+01,1.560079e+02,16,148.205345,0.269464,550,-4.724859e+00,0.082143,SCP
2025-11-15T01:27:23,1763170042.846753,   816441610.37,5188.379555,63116,24808,osion,4.154138e+02,1.108333e-01,-1.343923e+02,-2.756351e+01,1.558390e+02,16,222.264248,0.404117,550,-5.221973e+00,0.067076,SCP
2025-11-15T01:27:25,1763170044.846749,   816441612.37,5190.379555,63116,24808,osion,4.167832e+02,1.133333e-01,-1.343622e+02,-2.767386e+01,1.557265e+02,16,74.082613,0.134696,550,-5.585942e+00,0.116183,SCP
2025-11-15T01:27:28,1763170047.846742,   816441615.37,5193.379555,63116,24808,osion,4.188439e+02,1.172222e-01,-1.343171e+02,-2.783921e+01,1.555578e+02,16,222.264248,0.404117,550,-5.858960e+00,0.067076,SCP
2025-11-15T01:27:31,1763170050.846735,   816441618.37,5196.379555,63116,24808,osion,4.209126e+02,1.211111e-01,-1.342719e+02,-2.800435e+01,1.553893e+02,16,185.254347,0.336826,550,-5.388034e+00,0.073471,SCP
2025-11-15T01:27:34,1763170053.846730,   816441621.37,5199.379555,63116,24808,osion,4.229892e+02,1.250000e-01,-1.342265e+02,-2.816928e+01,1.552209e+02,16,74.082613,0.134696,550,-4.878434e+00,0.116183,SCP
2025-11-15T01:27:37,1763170056.846723,   816441624.37,5202.379555,63116,24808,osion,4.250736e+02,1.286111e-01,-1.341810e+02,-2.833400e+01,1.550529e+02,16,185.254347,0.336826,550,-5.494953e+00,0.073471,SCP
2025-11-15T01:27:40,1763170059.846717,   816441627.37,5205.379555,63116,24808,osion,4.271660e+02,1.325000e-01,-1.341354e+02,-2.849851e+01,1.548848e+02,16,296.311945,0.538749,550,-5.546529e+00,0.058093,SCP
2025-11-15T01:27:43,1763170062.846711,   816441630.37,5208.379555,63116,24808,osion,4.292661e+02,1.363889e-01,-1.340897e+02,-2.866281e+01,1.547168e+02,16,518.564711,0.942845,550,-5.546596e+00,0.043914,SCP
2025-11-15T01:27:46,1763170065.846705,   816441633.37,5211.379555,63116,24808,osion,4.313740e+02,1.402778e-01,-1.340439e+02,-2.882690e+01,1.545490e+02,16,444.445580,0.808083,550,-5.533395e+00,0.047434,SCP
2025-11-15T01:27:49,1763170068.846698,   816441636.37,5214.379555,63116,24808,osion,4.334897e+02,1.441667e-01,-1.339980e+02,-2.899077e+01,1.543813e+02,16,370.397465,0.673450,550,-5.513825e+00,0.051960,SCP
2025-11-15T01:27:55,1763170074.846686,   816441642.37,5220.379555,63116,24808,osion,4.377443e+02,1.519444e-01,-1.339057e+02,-2.931788e+01,1.540464e+02,16,703.739826,1.279527,550,-4.171964e+00,0.037696,SCP
2025-11-15T01:27:58,1763170077.846680,   816441645.37,5223.379555,63116,24808,osion,4.398831e+02,1.558333e-01,-1.338594e+02,-2.948111e+01,1.538792e+02,16,740.826133,1.346957,550,-3.979632e+00,0.036740,SCP
2025-11-15T01:28:01,1763170080.846673,   816441648.37,5226.379555,63116,24808,osion,4.420296e+02,1.597222e-01,-1.338130e+02,-2.964413e+01,1.537121e+02,16,629.660278,1.144837,550,-4.400684e+00,0.039852,SCP
2025-11-15T01:28:04,1763170083.846667,   816441651.37,5229.379555,63116,24808,osion,4.441837e+02,1.636111e-01,-1.337665e+02,-2.980693e+01,1.535453e+02,16,444.445580,0.808083,550,-4.421913e+00,0.047434,SCP
2025-11-15T01:28:07,1763170086.846661,   816441654.37,5232.379555,63116,24808,osion,4.463454e+02,1.675000e-01,-1.337198e+02,-2.996952e+01,1.533785e+02,16,296.311945,0.538749,550,-4.400512e+00,0.058093,SCP
2025-11-15T01:28:10,1763170089.846654,   816441657.37,5235.379555,63116,24808,osion,4.485147e+02,1.713889e-01,-1.336730e+02,-3.013189e+01,1.532120e+02,16,444.445580,0.808083,550,-4.255362e+00,0.047434,SCP
2025-11-15T01:28:13,1763170092.846648,   816441660.37,5238.379555,63116,24808,osion,4.506915e+02,1.755556e-01,-1.336261e+02,-3.029405e+01,1.530452e+02,16,333.360428,0.606110,550,-3.815622e+00,0.054770,SCP
2025-11-15T01:28:16,1763170095.846642,   816441663.37,5241.379555,63116,24808,osion,4.528758e+02,1.794444e-01,-1.335790e+02,-3.045598e+01,1.528790e+02,16,518.564711,0.942845,550,-3.777472e+00,0.043914,SCP
2025-11-15T01:28:19,1763170098.846636,   816441666.37,5244.379555,63116,24808,osion,4.550675e+02,1.833333e-01,-1.335319e+02,-3.061770e+01,1.527129e+02,16,592.665819,1.077574,550,-4.325905e+00,0.041077,SCP
2025-11-15T01:28:21,1763170100.846632,   816441668.37,5246.379555,63116,24808,osion,4.565329e+02,1.861111e-01,-1.335003e+02,-3.072540e+01,1.526020e+02,16,444.445580,0.808083,550,-4.932098e+00,0.047434,SCP
2025-11-15T01:28:24,1763170103.846626,   816441671.37,5249.379555,63116,24808,osion,4.587370e+02,1.900000e-01,-1.334529e+02,-3.088675e+01,1.524363e+02,16,333.360428,0.606110,550,-5.697073e+00,0.054770,SCP
2025-11-15T01:28:27,1763170106.846620,   816441674.37,5252.379555,63116,24808,osion,4.609486e+02,1.938889e-01,-1.334054e+02,-3.104789e+01,1.522706e+02,16,222.264248,0.404117,550,-5.991778e+00,0.067076,SCP
2025-11-15T01:28:30,1763170109.846612,   816441677.37,5255.379555,63116,24808,osion,4.631676e+02,1.980556e-01,-1.333578e+02,-3.120881e+01,1.521048e+02,16,370.397465,0.673450,550,-5.969748e+00,0.051960,SCP
2025-11-15T01:28:33,1763170112.846606,   816441680.37,5258.379555,63116,24808,osion,4.653939e+02,2.019444e-01,-1.333100e+02,-3.136951e+01,1.519396e+02,16,333.360428,0.606110,550,-5.893936e+00,0.054770,SCP
2025-11-15T01:28:36,1763170115.846600,   816441683.37,5261.379555,63116,24808,osion,4.676275e+02,2.058333e-01,-1.332620e+02,-3.152999e+01,1.517745e+02,16,259.348386,0.471543,550,-5.884172e+00,0.062095,SCP
2025-11-15T01:28:39,1763170118.846594,   816441686.37,5264.379555,63116,24808,osion,4.698684e+02,2.100000e-01,-1.332140e+02,-3.169025e+01,1.516092e+02,16,370.397465,0.673450,550,-5.818082e+00,0.051960,SCP
2025-11-15T01:28:42,1763170121.846588,   816441689.37,5267.379555,63116,24808,osion,4.721165e+02,2.138889e-01,-1.331658e+02,-3.185029e+01,1.514445e+02,16,407.425231,0.740773,550,-5.499607e+00,0.049542,SCP
2025-11-15T01:28:45,1763170124.846581,   816441692.37,5270.379555,63116,24808,osion,4.743719e+02,2.180556e-01,-1.331175e+02,-3.201011e+01,1.512795e+02,16,296.311945,0.538749,550,-4.619847e+00,0.058093,SCP
2025-11-15T01:28:48,1763170127.846575,   816441695.37,5273.379555,63116,24808,osion,4.766344e+02,2.219444e-01,-1.330690e+02,-3.216970e+01,1.511151e+02,16,296.311945,0.538749,550,-5.324693e+00,0.058093,SCP
2025-11-15T01:28:51,1763170130.846569,   816441698.37,5276.379555,63116,24808,osion,4.789042e+02,2.261111e-01,-1.330204e+02,-3.232907e+01,1.509505e+02,16,370.397465,0.673450,550,-5.670227e+00,0.051960,SCP
2025-11-15T01:28:54,1763170133.846563,   816441701.37,5279.379555,63116,24808,osion,4.811811e+02,2.302778e-01,-1.329716e+02,-3.248822e+01,1.507861e+02,16,185.254347,0.336826,550,-5.694382e+00,0.073471,SCP
2025-11-15T01:28:56,1763170135.846559,   816441703.37,5281.379555,63116,24808,osion,4.827029e+02,2.327778e-01,-1.329390e+02,-3.259420e+01,1.506770e+02,16,296.311945,0.538749,550,-5.660599e+00,0.058093,SCP
2025-11-15T01:28:59,1763170138.846553,   816441706.37,5284.379555,63116,24808,osion,4.849916e+02,2.369444e-01,-1.328901e+02,-3.275298e+01,1.505129e+02,16,333.360428,0.606110,550,-5.151289e+00,0.054770,SCP
2025-11-15T01:29:02,1763170141.846547,   816441709.37,5287.379555,63116,24808,osion,4.872874e+02,2.411111e-01,-1.328409e+02,-3.291153e+01,1.503490e+02,16,333.360428,0.606110,550,-4.755812e+00,0.054770,SCP
2025-11-15T01:29:05,1763170144.846540,   816441712.37,5290.379555,63116,24808,osion,4.895902e+02,2.452778e-01,-1.327916e+02,-3.306986e+01,1.501852e+02,16,259.348386,0.471543,550,-5.432820e+00,0.062095,SCP
2025-11-15T01:29:08,1763170147.846534,   816441715.37,5293.379555,63116,24808,osion,4.919000e+02,2.491667e-01,-1.327422e+02,-3.322797e+01,1.500221e+02,16,259.348386,0.471543,550,-7.063049e+00,0.062095,SCP
2025-11-15T01:29:11,1763170150.846528,   816441718.37,5296.379555,63116,24808,osion,4.942168e+02,2.533333e-01,-1.326926e+02,-3.338585e+01,1.498588e+02,16,370.397465,0.673450,550,-7.481810e+00,0.051960,SCP
2025-11-15T01:29:14,1763170153.846522,   816441721.37,5299.379555,63116,24808,osion,4.965405e+02,2.575000e-01,-1.326429e+02,-3.354350e+01,1.496956e+02,16,444.445580,0.808083,550,-6.838494e+00,0.047434,SCP
2025-11-15T01:29:17,1763170156.846516,   816441724.37,5302.379555,63116,24808,osion,4.988712e+02,2.616667e-01,-1.325930e+02,-3.370093e+01,1.495326e+02,16,481.557712,0.875559,550,-5.546305e+00,0.045570,SCP
2025-11-15T01:29:20,1763170159.846509,   816441727.37,5305.379555,63116,24808,osion,5.012087e+02,2.658333e-01,-1.325430e+02,-3.385814e+01,1.493698e+02,16,370.397465,0.673450,550,-4.301028e+00,0.051960,SCP
2025-11-15T01:29:23,1763170162.846503,   816441730.37,5308.379555,63116,24808,osion,5.035531e+02,2.700000e-01,-1.324928e+02,-3.401511e+01,1.492072e+02,16,481.557712,0.875559,550,-3.815324e+00,0.045570,SCP
2025-11-15T01:29:26,1763170165.846496,   816441733.37,5311.379555,63116,24808,osion,5.059043e+02,2.741667e-01,-1.324425e+02,-3.417186e+01,1.490448e+02,16,555.567956,1.010124,550,-3.971203e+00,0.042426,SCP
2025-11-15T01:29:29,1763170168.846490,   816441736.37,5314.379555,63116,24808,osion,5.082623e+02,2.783333e-01,-1.323920e+02,-3.432839e+01,1.488825e+02,16,407.425231,0.740773,550,-4.536549e+00,0.049542,SCP
2025-11-15T01:29:31,1763170170.846486,   816441738.37,5316.379555,63116,24808,osion,5.098381e+02,2.811111e-01,-1.323582e+02,-3.443261e+01,1.487745e+02,16,518.564711,0.942845,550,-4.981483e+00,0.043914,SCP
2025-11-15T01:29:34,1763170173.846480,   816441741.37,5319.379555,63116,24808,osion,5.122074e+02,2.852778e-01,-1.323075e+02,-3.458875e+01,1.486126e+02,16,555.567956,1.010124,550,-5.505380e+00,0.042426,SCP
2025-11-15T01:29:37,1763170176.846473,   816441744.37,5322.379555,63116,24808,osion,5.145834e+02,2.894444e-01,-1.322566e+02,-3.474467e+01,1.484509e+02,16,259.348386,0.471543,550,-5.627018e+00,0.062095,SCP
2025-11-15T01:29:40,1763170179.846467,   816441747.37,5325.379555,63116,24808,osion,5.169661e+02,2.936111e-01,-1.322055e+02,-3.490035e+01,1.482894e+02,16,518.564711,0.942845,550,-6.689680e+00,0.043914,SCP
2025-11-15T01:29:43,1763170182.846461,   816441750.37,5328.379555,63116,24808,osion,5.193554e+02,2.980556e-01,-1.321543e+02,-3.505581e+01,1.481276e+02,16,259.348386,0.471543,550,-7.146593e+00,0.062095,SCP
2025-11-15T01:29:46,1763170185.846455,   816441753.37,5331.379555,63116,24808,osion,5.217515e+02,3.022222e-01,-1.321029e+02,-3.521104e+01,1.479665e+02,16,629.660278,1.144837,550,-6.818174e+00,0.039852,SCP
2025-11-15T01:29:49,1763170188.846449,   816441756.37,5334.379555,63116,24808,osion,5.241541e+02,3.063889e-01,-1.320513e+02,-3.536604e+01,1.478057e+02,16,407.425231,0.740773,550,-5.545146e+00,0.049542,SCP
2025-11-15T01:29:52,1763170191.846442,   816441759.37,5337.379555,63116,24808,osion,5.265633e+02,3.105556e-01,-1.319996e+02,-3.552081e+01,1.476450e+02,16,296.311945,0.538749,550,-6.602064e+00,0.058093,SCP
2025-11-15T01:07:06,1763168825.847287,   816440393.37,3971.379555,63116,24808,osion,4.250449e+02,2.252778e+01,-1.532025e+02,4.526863e+01,1.274534e+02,17,74.082613,0.094287,550,-2.997755e+00,0.116183,SCP
2025-11-15T01:07:24,1763168843.847249,   816440411.37,3989.379555,63116,24808,osion,4.127259e+02,2.256333e+01,-1.527438e+02,4.430665e+01,1.284804e+02,17,37.039747,0.067345,550,-3.085674e+00,0.164311,SCP
2025-11-15T01:09:33,1763168972.846980,   816440540.37,4118.379555,63116,24808,osion,3.331290e+02,2.279278e+01,-1.498223e+02,3.716578e+01,1.360222e+02,17,37.039747,0.067345,550,-7.046687e+00,0.164311,SCP
2025-11-15T01:09:39,1763168978.846967,   816440546.37,4124.379555,63116,24808,osion,3.298190e+02,2.280278e+01,-1.496999e+02,3.682381e+01,1.363817e+02,17,37.039747,0.067345,550,-7.053109e+00,0.164311,SCP
2025-11-15T01:09:56,1763168995.846932,   816440563.37,4141.379555,63116,24808,osion,3.206399e+02,2.283000e+01,-1.493586e+02,3.585049e+01,1.373996e+02,17,74.082613,0.134696,550,-4.212192e+00,0.116183,SCP
2025-11-15T01:10:34,1763169033.846853,   816440601.37,4179.379555,63116,24808,osion,3.012065e+02,2.288917e+01,-1.486240e+02,3.365209e+01,1.396935e+02,17,74.082613,0.134696,550,-3.122254e+00,0.116183,SCP
2025-11-15T01:10:54,1763169053.846811,   816440621.37,4199.379555,63116,24808,osion,2.915939e+02,2.291944e+01,-1.482519e+02,3.248296e+01,1.409104e+02,17,74.082613,0.134696,550,-2.182859e+00,0.116183,SCP
2025-11-15T01:11:03,1763169062.846792,   816440630.37,4208.379555,63116,24808,osion,2.874093e+02,2.293278e+01,-1.480875e+02,3.195425e+01,1.414595e+02,17,37.039747,0.067345,550,-2.233327e+00,0.164311,SCP
2025-11-15T01:11:21,1763169080.846756,   816440648.37,4226.379555,63116,24808,osion,2.793062e+02,2.295944e+01,-1.477642e+02,3.089213e+01,1.425632e+02,17,74.082613,0.134696,550,-2.088758e+00,0.116183,SCP
2025-11-15T01:12:25,1763169144.846622,   816440712.37,4290.379555,63116,24808,osion,2.534344e+02,2.304972e+01,-1.466688e+02,2.706827e+01,1.465160e+02,17,37.039747,0.067345,550,-4.219512e+00,0.164311,SCP
2025-11-15T01:12:58,1763169177.846553,   816440745.37,4323.379555,63116,24808,osion,2.419350e+02,2.309417e+01,-1.461333e+02,2.507029e+01,1.485708e+02,17,74.082613,0.134696,550,-5.406511e+00,0.116183,SCP
2025-11-15T01:13:21,1763169200.846506,   816440768.37,4346.379555,63116,24808,osion,2.346796e+02,2.312472e+01,-1.457705e+02,2.366832e+01,1.500102e+02,17,37.039747,0.067345,550,-4.317539e+00,0.164311,SCP
2025-11-15T01:13:24,1763169203.846499,   816440771.37,4349.379555,63116,24808,osion,2.337797e+02,2.312861e+01,-1.457238e+02,2.348492e+01,1.501979e+02,17,37.039747,0.067345,550,-4.144444e+00,0.164311,SCP
2025-11-15T01:13:50,1763169229.846453,   816440797.37,4375.379555,63116,24808,osion,2.264345e+02,2.316222e+01,-1.453243e+02,2.189057e+01,1.518287e+02,17,74.082613,0.134696,550,-1.855980e+00,0.116183,SCP
2025-11-15T01:13:53,1763169232.847436,   816440800.37,4378.379555,63116,24808,osion,2.256395e+02,2.316611e+01,-1.452788e+02,2.170607e+01,1.520174e+02,17,74.082613,0.134696,550,-2.011626e+00,0.116183,SCP
2025-11-15T01:14:22,1763169261.847378,   816440829.37,4407.379555,63116,24808,osion,2.185214e+02,2.320278e+01,-1.448450e+02,1.991722e+01,1.538403e+02,17,148.205345,0.269464,550,-2.696930e+00,0.082143,SCP
2025-11-15T01:14:25,1763169264.847372,   816440832.37,4410.379555,63116,24808,osion,2.178439e+02,2.320667e+01,-1.448008e+02,1.973164e+01,1.540299e+02,17,74.082613,0.134696,550,-2.913984e+00,0.116183,SCP
2025-11-15T01:14:31,1763169270.847360,   816440838.37,4416.379555,63116,24808,osion,2.165222e+02,2.321417e+01,-1.447126e+02,1.936021e+01,1.544075e+02,17,74.082613,0.134696,550,-3.539730e+00,0.116183,SCP
2025-11-15T01:14:34,1763169273.847354,   816440841.37,4419.379555,63116,24808,osion,2.158780e+02,2.321778e+01,-1.446686e+02,1.917435e+01,1.545955e+02,17,111.195882,0.202174,550,-3.544163e+00,0.094832,SCP
2025-11-15T01:14:37,1763169276.847348,   816440844.37,4422.379555,63116,24808,osion,2.152449e+02,2.322167e+01,-1.446248e+02,1.898841e+01,1.547853e+02,17,148.205345,0.269464,550,-2.843360e+00,0.082143,SCP
2025-11-15T01:14:40,1763169279.847341,   816440847.37,4425.379555,63116,24808,osion,2.146230e+02,2.322528e+01,-1.445810e+02,1.880238e+01,1.549734e+02,17,111.195882,0.202174,550,-3.004744e+00,0.094832,SCP
2025-11-15T01:14:43,1763169282.847335,   816440850.37,4428.379555,63116,24808,osion,2.140122e+02,2.322917e+01,-1.445374e+02,1.861627e+01,1.551634e+02,17,148.205345,0.269464,550,-2.884920e+00,0.082143,SCP
2025-11-15T01:14:46,1763169285.847329,   816440853.37,4431.379555,63116,24808,osion,2.134126e+02,2.323278e+01,-1.444939e+02,1.843007e+01,1.553516e+02,17,74.082613,0.134696,550,-2.713256e+00,0.116183,SCP
2025-11-15T01:14:48,1763169287.847325,   816440855.37,4433.379555,63116,24808,osion,2.130191e+02,2.323528e+01,-1.444649e+02,1.830589e+01,1.554776e+02,17,111.195882,0.202174,550,-2.889775e+00,0.094832,SCP
2025-11-15T01:14:51,1763169290.847319,   816440858.37,4436.379555,63116,24808,osion,2.124381e+02,2.323889e+01,-1.444215e+02,1.811955e+01,1.556659e+02,17,222.264248,0.404117,550,-3.304560e+00,0.067076,SCP
2025-11-15T01:14:54,1763169293.847312,   816440861.37,4439.379555,63116,24808,osion,2.118684e+02,2.324250e+01,-1.443783e+02,1.793313e+01,1.558541e+02,17,111.195882,0.202174,550,-3.767406e+00,0.094832,SCP
2025-11-15T01:14:57,1763169296.847305,   816440864.37,4442.379555,63116,24808,osion,2.113098e+02,2.324639e+01,-1.443351e+02,1.774664e+01,1.560444e+02,17,111.195882,0.202174,550,-4.100951e+00,0.094832,SCP
2025-11-15T01:15:00,1763169299.847299,   816440867.37,4445.379555,63116,24808,osion,2.107624e+02,2.325000e+01,-1.442920e+02,1.756006e+01,1.562327e+02,17,111.195882,0.202174,550,-3.810143e+00,0.094832,SCP
2025-11-15T01:15:03,1763169302.847293,   816440870.37,4448.379555,63116,24808,osion,2.102263e+02,2.325361e+01,-1.442491e+02,1.737340e+01,1.564210e+02,17,37.039747,0.067345,550,-3.681912e+00,0.164311,SCP
2025-11-15T01:15:22,1763169321.847254,   816440889.37,4467.379555,63116,24808,osion,2.070923e+02,2.327694e+01,-1.439790e+02,1.618956e+01,1.576177e+02,17,37.039747,0.067345,550,-2.331938e+00,0.164311,SCP
2025-11-15T01:15:26,1763169325.847245,   816440893.37,4471.379555,63116,24808,osion,2.064902e+02,2.328167e+01,-1.439226e+02,1.593998e+01,1.578683e+02,17,37.039747,0.067345,550,-2.324920e+00,0.164311,SCP
2025-11-15T01:15:29,1763169328.847239,   816440896.37,4474.379555,63116,24808,osion,2.060518e+02,2.328528e+01,-1.438804e+02,1.575272e+01,1.580567e+02,17,37.039747,0.067345,550,-2.338916e+00,0.164311,SCP
2025-11-15T01:15:33,1763169332.847231,   816440900.37,4478.379555,63116,24808,osion,2.054850e+02,2.329000e+01,-1.438243e+02,1.550293e+01,1.583073e+02,17,111.195882,0.202174,550,-2.324365e+00,0.094832,SCP
2025-11-15T01:15:37,1763169336.847222,   816440904.37,4482.379555,63116,24808,osion,2.049382e+02,2.329500e+01,-1.437683e+02,1.525304e+01,1.585599e+02,17,37.039747,0.067345,550,-2.314485e+00,0.164311,SCP
2025-11-15T01:15:40,1763169339.847216,   816440907.37,4485.379555,63116,24808,osion,2.045414e+02,2.329861e+01,-1.437265e+02,1.506555e+01,1.587483e+02,17,148.205345,0.269464,550,-2.298776e+00,0.082143,SCP
2025-11-15T01:15:44,1763169343.847208,   816440911.37,4489.379555,63116,24808,osion,2.040300e+02,2.330333e+01,-1.436707e+02,1.481547e+01,1.589988e+02,17,37.039747,0.067345,550,-2.274458e+00,0.164311,SCP
2025-11-15T01:15:48,1763169347.847200,   816440915.37,4493.379555,63116,24808,osion,2.035388e+02,2.330806e+01,-1.436152e+02,1.456530e+01,1.592492e+02,17,37.039747,0.067345,550,-2.627344e+00,0.164311,SCP
2025-11-15T01:15:52,1763169351.847191,   816440919.37,4497.379555,63116,24808,osion,2.030678e+02,2.331278e+01,-1.435597e+02,1.431502e+01,1.594996e+02,17,111.195882,0.202174,550,-1.740643e+00,0.094832,SCP
2025-11-15T01:15:55,1763169354.847184,   816440922.37,4500.379555,63116,24808,osion,2.027279e+02,2.331639e+01,-1.435183e+02,1.412726e+01,1.596878e+02,17,37.039747,0.067345,550,-1.314595e+00,0.164311,SCP
2025-11-15T01:16:06,1763169365.847162,   816440933.37,4511.379555,63116,24808,osion,2.015789e+02,2.332944e+01,-1.433668e+02,1.343835e+01,1.603762e+02,17,74.082613,0.134696,550,-2.226748e+00,0.116183,SCP
2025-11-15T01:16:25,1763169384.847123,   816440952.37,4530.379555,63116,24808,osion,1.999560e+02,2.335194e+01,-1.431075e+02,1.224699e+01,1.615626e+02,17,74.082613,0.134696,550,-1.912019e+00,0.116183,SCP
2025-11-15T01:16:32,1763169391.847108,   816440959.37,4537.379555,63116,24808,osion,1.994739e+02,2.336028e+01,-1.430127e+02,1.180768e+01,1.619991e+02,17,37.039747,0.067345,550,-1.805895e+00,0.164311,SCP
2025-11-15T01:16:36,1763169395.847100,   816440963.37,4541.379555,63116,24808,osion,1.992264e+02,2.336472e+01,-1.429587e+02,1.155656e+01,1.622457e+02,17,222.264248,0.404117,550,-1.978733e+00,0.067076,SCP
2025-11-15T01:16:40,1763169399.847091,   816440967.37,4545.379555,63116,24808,osion,1.989993e+02,2.336944e+01,-1.429047e+02,1.130538e+01,1.624943e+02,17,37.039747,0.067345,550,-2.045908e+00,0.164311,SCP
2025-11-15T01:16:43,1763169402.847085,   816440970.37,4548.379555,63116,24808,osion,1.988423e+02,2.337306e+01,-1.428644e+02,1.111696e+01,1.626811e+02,17,37.039747,0.067345,550,-2.184958e+00,0.164311,SCP
2025-11-15T01:16:47,1763169406.847076,   816440974.37,4552.379555,63116,24808,osion,1.986509e+02,2.337778e+01,-1.428107e+02,1.086570e+01,1.629292e+02,17,37.039747,0.067345,550,-2.280659e+00,0.164311,SCP
2025-11-15T01:16:51,1763169410.847068,   816440978.37,4556.379555,63116,24808,osion,1.984800e+02,2.338222e+01,-1.427571e+02,1.061438e+01,1.631748e+02,17,148.205345,0.269464,550,-2.189909e+00,0.082143,SCP
2025-11-15T01:16:54,1763169413.847062,   816440981.37,4559.379555,63116,24808,osion,1.983651e+02,2.338583e+01,-1.427169e+02,1.042587e+01,1.633611e+02,17,185.254347,0.336826,550,-2.140425e+00,0.073471,SCP
2025-11-15T01:16:58,1763169417.847054,   816440985.37,4563.379555,63116,24808,osion,1.982299e+02,2.339056e+01,-1.426635e+02,1.017448e+01,1.636084e+02,17,185.254347,0.336826,550,-2.260858e+00,0.073471,SCP
2025-11-15T01:17:06,1763169425.847037,   816440993.37,4571.379555,63116,24808,osion,1.980207e+02,2.339972e+01,-1.425569e+02,9.671587e+00,1.640996e+02,17,74.082613,0.134696,550,-2.368640e+00,0.116183,SCP
2025-11-15T01:17:35,1763169454.846976,   816441022.37,4600.379555,63116,24808,osion,1.979481e+02,2.343306e+01,-1.421739e+02,7.847770e+00,1.658664e+02,17,37.039747,0.067345,550,-2.274821e+00,0.164311,SCP
2025-11-15T01:17:39,1763169458.846969,   816441026.37,4604.379555,63116,24808,osion,1.980225e+02,2.343778e+01,-1.421215e+02,7.596153e+00,1.661089e+02,17,37.039747,0.067345,550,-2.295688e+00,0.164311,SCP
2025-11-15T01:17:46,1763169465.846954,   816441033.37,4611.379555,63116,24808,osion,1.982018e+02,2.344556e+01,-1.420298e+02,7.155819e+00,1.665274e+02,17,74.082613,0.134696,550,-2.291331e+00,0.116183,SCP
2025-11-15T01:17:50,1763169469.846946,   816441037.37,4615.379555,63116,24808,osion,1.983325e+02,2.345028e+01,-1.419776e+02,6.904203e+00,1.667680e+02,17,37.039747,0.067345,550,-2.253857e+00,0.164311,SCP
2025-11-15T01:17:57,1763169476.846931,   816441044.37,4622.379555,63116,24808,osion,1.986102e+02,2.345833e+01,-1.418863e+02,6.463891e+00,1.671854e+02,17,185.254347,0.336826,550,-2.300515e+00,0.073471,SCP
2025-11-15T01:18:01,1763169480.846922,   816441048.37,4626.379555,63116,24808,osion,1.987970e+02,2.346278e+01,-1.418343e+02,6.212300e+00,1.674213e+02,17,74.082613,0.134696,550,-2.114689e+00,0.116183,SCP
2025-11-15T01:18:05,1763169484.846914,   816441052.37,4630.379555,63116,24808,osion,1.990043e+02,2.346722e+01,-1.417823e+02,5.960725e+00,1.676562e+02,17,37.039747,0.067345,550,-2.091787e+00,0.164311,SCP
2025-11-15T01:18:12,1763169491.846900,   816441059.37,4637.379555,63116,24808,osion,1.994162e+02,2.347528e+01,-1.416916e+02,5.520516e+00,1.680675e+02,17,74.082613,0.134696,550,-8.636150e-01,0.116183,SCP
2025-11-15T01:18:19,1763169498.846885,   816441066.37,4644.379555,63116,24808,osion,1.998906e+02,2.348333e+01,-1.416010e+02,5.080385e+00,1.684756e+02,17,222.264248,0.404117,550,-8.215109e-01,0.067076,SCP
2025-11-15T01:18:25,1763169504.846872,   816441072.37,4650.379555,63116,24808,osion,2.003469e+02,2.349000e+01,-1.415235e+02,4.703204e+00,1.688201e+02,17,555.567956,1.010124,550,-7.396788e-01,0.042426,SCP
2025-11-15T01:18:40,1763169519.846842,   816441087.37,4665.379555,63116,24808,osion,2.016885e+02,2.350694e+01,-1.413304e+02,3.760631e+00,1.696701e+02,17,37.039747,0.067345,550,-1.946764e+00,0.164311,SCP
2025-11-15T01:18:47,1763169526.846826,   816441094.37,4672.379555,63116,24808,osion,2.024125e+02,2.351472e+01,-1.412405e+02,3.320987e+00,1.700575e+02,17,111.195882,0.202174,550,-2.698886e+00,0.094832,SCP
2025-11-15T01:18:55,1763169534.846810,   816441102.37,4680.379555,63116,24808,osion,2.033161e+02,2.352389e+01,-1.411380e+02,2.818742e+00,1.704961e+02,17,74.082613,0.134696,550,-5.028880e+00,0.116183,SCP
2025-11-15T01:18:58,1763169537.846804,   816441105.37,4683.379555,63116,24808,osion,2.036759e+02,2.352722e+01,-1.410996e+02,2.630462e+00,1.706572e+02,17,111.195882,0.202174,550,-5.854538e+00,0.094832,SCP
2025-11-15T01:19:02,1763169541.846796,   816441109.37,4687.379555,63116,24808,osion,2.041734e+02,2.353167e+01,-1.410484e+02,2.379478e+00,1.708700e+02,17,37.039747,0.067345,550,-5.911107e+00,0.164311,SCP
2025-11-15T01:19:09,1763169548.846781,   816441116.37,4694.379555,63116,24808,osion,2.050928e+02,2.353944e+01,-1.409590e+02,1.940419e+00,1.712363e+02,17,37.039747,0.067345,550,-5.859714e+00,0.164311,SCP
2025-11-15T01:19:28,1763169567.846742,   816441135.37,4713.379555,63116,24808,osion,2.079004e+02,2.356083e+01,-1.407169e+02,7.498625e-01,1.721872e+02,17,37.039747,0.067345,550,-1.573156e+00,0.164311,SCP
2025-11-15T01:19:32,1763169571.846733,   816441139.37,4717.379555,63116,24808,osion,2.085495e+02,2.356528e+01,-1.406660e+02,4.994621e-01,1.723763e+02,17,37.039747,0.067345,550,-2.085089e+00,0.164311,SCP
2025-11-15T01:19:43,1763169582.846710,   816441150.37,4728.379555,63116,24808,osion,2.104382e+02,2.357750e+01,-1.405262e+02,-1.886578e-01,1.728735e+02,17,222.264248,0.404117,550,-1.521440e+00,0.067076,SCP
2025-11-15T01:19:46,1763169585.846704,   816441153.37,4731.379555,63116,24808,osion,2.109797e+02,2.358083e+01,-1.404881e+02,-3.761969e-01,1.730026e+02,17,407.425231,0.740773,550,-1.383171e+00,0.049542,SCP
2025-11-15T01:19:50,1763169589.846696,   816441157.37,4735.379555,63116,24808,osion,2.117192e+02,2.358528e+01,-1.404374e+02,-6.261598e-01,1.731700e+02,17,370.397465,0.673450,550,-1.133260e+00,0.051960,SCP
2025-11-15T01:19:54,1763169593.846688,   816441161.37,4739.379555,63116,24808,osion,2.124788e+02,2.358972e+01,-1.403866e+02,-8.760154e-01,1.733315e+02,17,333.360428,0.606110,550,-1.308192e+00,0.054770,SCP
2025-11-15T01:19:57,1763169596.846681,   816441164.37,4742.379555,63116,24808,osion,2.130615e+02,2.359333e+01,-1.403486e+02,-1.063336e+00,1.734524e+02,17,185.254347,0.336826,550,-1.308197e+00,0.073471,SCP
2025-11-15T01:20:01,1763169600.846672,   816441168.37,4746.379555,63116,24808,osion,2.138561e+02,2.359778e+01,-1.402979e+02,-1.312998e+00,1.736027e+02,17,592.665819,1.077574,550,-1.308197e+00,0.041077,SCP
2025-11-15T01:20:05,1763169604.846665,   816441172.37,4750.379555,63116,24808,osion,2.146706e+02,2.360222e+01,-1.402472e+02,-1.562545e+00,1.737459e+02,17,481.557712,0.875559,550,-1.882649e+00,0.045570,SCP
2025-11-15T01:20:09,1763169608.846656,   816441176.37,4754.379555,63116,24808,osion,2.155050e+02,2.360667e+01,-1.401965e+02,-1.811974e+00,1.738815e+02,17,518.564711,0.942845,550,-1.910870e+00,0.043914,SCP
2025-11-15T01:20:13,1763169612.846647,   816441180.37,4758.379555,63116,24808,osion,2.163594e+02,2.361111e+01,-1.401458e+02,-2.061281e+00,1.740090e+02,17,481.557712,0.875559,550,-1.588004e+00,0.045570,SCP
2025-11-15T01:20:16,1763169615.846642,   816441183.37,4761.379555,63116,24808,osion,2.170132e+02,2.361444e+01,-1.401079e+02,-2.248179e+00,1.740990e+02,17,185.254347,0.336826,550,-1.680406e+00,0.073471,SCP
2025-11-15T01:20:20,1763169619.846633,   816441187.37,4765.379555,63116,24808,osion,2.179023e+02,2.361889e+01,-1.400572e+02,-2.497267e+00,1.742112e+02,17,185.254347,0.336826,550,-1.874971e+00,0.073471,SCP
2025-11-15T01:20:24,1763169623.846625,   816441191.37,4769.379555,63116,24808,osion,2.188112e+02,2.362333e+01,-1.400066e+02,-2.746223e+00,1.743139e+02,17,407.425231,0.740773,550,-1.930947e+00,0.049542,SCP
2025-11-15T01:20:28,1763169627.846617,   816441195.37,4773.379555,63116,24808,osion,2.197400e+02,2.362778e+01,-1.399559e+02,-2.995047e+00,1.744065e+02,17,185.254347,0.336826,550,-1.916041e+00,0.073471,SCP
2025-11-15T01:20:31,1763169630.846610,   816441198.37,4776.379555,63116,24808,osion,2.204495e+02,2.363111e+01,-1.399180e+02,-3.181575e+00,1.744692e+02,17,185.254347,0.336826,550,-1.699471e+00,0.073471,SCP
2025-11-15T01:20:35,1763169634.846602,   816441202.37,4780.379555,63116,24808,osion,2.214129e+02,2.363556e+01,-1.398673e+02,-3.430158e+00,1.745431e+02,17,259.348386,0.471543,550,-1.451144e+00,0.062095,SCP
2025-11-15T01:20:39,1763169638.846593,   816441206.37,4784.379555,63116,24808,osion,2.223959e+02,2.364000e+01,-1.398167e+02,-3.678598e+00,1.746059e+02,17,370.397465,0.673450,550,-1.459322e+00,0.051960,SCP
2025-11-15T01:20:42,1763169641.846588,   816441209.37,4787.379555,63116,24808,osion,2.231462e+02,2.364333e+01,-1.397787e+02,-3.864834e+00,1.746453e+02,17,370.397465,0.673450,550,-1.457482e+00,0.051960,SCP
2025-11-15T01:20:46,1763169645.846579,   816441213.37,4791.379555,63116,24808,osion,2.241637e+02,2.364778e+01,-1.397281e+02,-4.113018e+00,1.746874e+02,17,37.039747,0.067345,550,-1.538778e+00,0.164311,SCP
2025-11-15T01:20:50,1763169649.846570,   816441217.37,4795.379555,63116,24808,osion,2.252008e+02,2.365222e+01,-1.396775e+02,-4.361053e+00,1.747174e+02,17,148.205345,0.269464,550,-1.935106e+00,0.082143,SCP
2025-11-15T01:20:53,1763169652.846565,   816441220.37,4798.379555,63116,24808,osion,2.259915e+02,2.365556e+01,-1.396395e+02,-4.546978e+00,1.747318e+02,17,111.195882,0.202174,550,-1.915696e+00,0.094832,SCP
2025-11-15T01:20:57,1763169656.846556,   816441224.37,4802.379555,63116,24808,osion,2.270629e+02,2.366000e+01,-1.395888e+02,-4.794743e+00,1.747400e+02,17,74.082613,0.134696,550,-2.115299e+00,0.116183,SCP
2025-11-15T01:21:01,1763169660.846548,   816441228.37,4806.379555,63116,24808,osion,2.281539e+02,2.366444e+01,-1.395382e+02,-5.042348e+00,1.747359e+02,17,185.254347,0.336826,550,-1.894681e+00,0.073471,SCP
2025-11-15T01:21:08,1763169667.846533,   816441235.37,4813.379555,63116,24808,osion,2.301100e+02,2.367222e+01,-1.394495e+02,-5.475266e+00,1.746988e+02,17,37.039747,0.067345,550,-1.478246e+00,0.164311,SCP
2025-11-15T01:21:12,1763169671.846525,   816441239.37,4817.379555,63116,24808,osion,2.312545e+02,2.367667e+01,-1.393988e+02,-5.722421e+00,1.746608e+02,17,148.205345,0.269464,550,-1.226841e+00,0.082143,SCP
2025-11-15T01:21:16,1763169675.846517,   816441243.37,4821.379555,63116,24808,osion,2.324184e+02,2.368139e+01,-1.393481e+02,-5.969404e+00,1.746147e+02,17,222.264248,0.404117,550,-1.192964e+00,0.067076,SCP
2025-11-15T01:21:19,1763169678.846511,   816441246.37,4824.379555,63116,24808,osion,2.333041e+02,2.368472e+01,-1.393101e+02,-6.154529e+00,1.745697e+02,17,37.039747,0.067345,550,-1.449881e+00,0.164311,SCP
2025-11-15T01:21:23,1763169682.846502,   816441250.37,4828.379555,63116,24808,osion,2.345019e+02,2.368917e+01,-1.392593e+02,-6.401207e+00,1.745000e+02,17,111.195882,0.202174,550,-2.034041e+00,0.094832,SCP
2025-11-15T01:21:27,1763169686.846493,   816441254.37,4832.379555,63116,24808,osion,2.357190e+02,2.369361e+01,-1.392086e+02,-6.647709e+00,1.744195e+02,17,37.039747,0.067345,550,-2.358194e+00,0.164311,SCP
2025-11-15T01:21:34,1763169693.846479,   816441261.37,4839.379555,63116,24808,osion,2.378953e+02,2.370139e+01,-1.391197e+02,-7.078648e+00,1.742543e+02,17,111.195882,0.202174,550,-2.334771e+00,0.094832,SCP
2025-11-15T01:21:38,1763169697.846471,   816441265.37,4843.379555,63116,24808,osion,2.391653e+02,2.370583e+01,-1.390689e+02,-7.324645e+00,1.741468e+02,17,148.205345,0.269464,550,-2.615967e+00,0.082143,SCP
2025-11-15T01:21:45,1763169704.846456,   816441272.37,4850.379555,63116,24808,osion,2.414339e+02,2.371361e+01,-1.389799e+02,-7.754682e+00,1.739377e+02,17,74.082613,0.134696,550,-3.337132e+00,0.116183,SCP
2025-11-15T01:21:58,1763169717.846429,   816441285.37,4863.379555,63116,24808,osion,2.458018e+02,2.372806e+01,-1.388144e+02,-8.551736e+00,1.734871e+02,17,37.039747,0.067345,550,-6.903491e+00,0.164311,SCP
2025-11-15T01:22:13,1763169732.847354,   816441300.37,4878.379555,63116,24808,osion,2.510904e+02,2.374500e+01,-1.386229e+02,-9.468742e+00,1.728873e+02,17,37.039747,0.067345,550,-2.426761e+00,0.164311,SCP
2025-11-15T01:22:27,1763169746.847370,   816441314.37,4892.379555,63116,24808,osion,2.562648e+02,2.376083e+01,-1.384437e+02,-1.032191e+01,1.722658e+02,17,37.039747,0.067345,550,-3.164136e+00,0.164311,SCP
2025-11-15T01:22:30,1763169749.847362,   816441317.37,4895.379555,63116,24808,osion,2.574033e+02,2.376417e+01,-1.384052e+02,-1.050438e+01,1.721260e+02,17,777.808973,1.414198,550,-2.747811e+00,0.035856,SCP
2025-11-15T01:22:33,1763169752.847356,   816441320.37,4898.379555,63116,24808,osion,2.585523e+02,2.376750e+01,-1.383667e+02,-1.068672e+01,1.719842e+02,17,148.205345,0.269464,550,-2.263033e+00,0.082143,SCP
2025-11-15T01:22:36,1763169755.847350,   816441323.37,4901.379555,63116,24808,osion,2.597118e+02,2.377083e+01,-1.383282e+02,-1.086894e+01,1.718406e+02,17,296.311945,0.538749,550,-2.151265e+00,0.058093,SCP
2025-11-15T01:22:39,1763169758.847344,   816441326.37,4904.379555,63116,24808,osion,2.608816e+02,2.377417e+01,-1.382896e+02,-1.105103e+01,1.716953e+02,17,407.425231,0.740773,550,-1.989229e+00,0.049542,SCP
2025-11-15T01:22:42,1763169761.847338,   816441329.37,4907.379555,63116,24808,osion,2.620619e+02,2.377778e+01,-1.382510e+02,-1.123298e+01,1.715500e+02,17,111.195882,0.202174,550,-1.665077e+00,0.094832,SCP
2025-11-15T01:22:45,1763169764.847332,   816441332.37,4910.379555,63116,24808,osion,2.632525e+02,2.378111e+01,-1.382124e+02,-1.141481e+01,1.714015e+02,17,74.082613,0.134696,550,-1.038133e+00,0.116183,SCP
2025-11-15T01:22:51,1763169770.847319,   816441338.37,4916.379555,63116,24808,osion,2.656648e+02,2.378778e+01,-1.381351e+02,-1.177807e+01,1.711003e+02,17,37.039747,0.067345,550,-2.219779e+00,0.164311,SCP
2025-11-15T01:22:54,1763169773.847313,   816441341.37,4919.379555,63116,24808,osion,2.668864e+02,2.379111e+01,-1.380963e+02,-1.195949e+01,1.709478e+02,17,37.039747,0.067345,550,-2.090291e+00,0.164311,SCP
2025-11-15T01:22:59,1763169778.847302,   816441346.37,4924.379555,63116,24808,osion,2.689453e+02,2.379694e+01,-1.380317e+02,-1.226157e+01,1.706923e+02,17,111.195882,0.202174,550,-1.644309e+00,0.094832,SCP
2025-11-15T01:23:02,1763169781.847296,   816441349.37,4927.379555,63116,24808,osion,2.701943e+02,2.380028e+01,-1.379929e+02,-1.244263e+01,1.705366e+02,17,74.082613,0.134696,550,-2.139010e+00,0.116183,SCP
2025-11-15T01:23:05,1763169784.847290,   816441352.37,4930.379555,63116,24808,osion,2.714536e+02,2.380361e+01,-1.379541e+02,-1.262356e+01,1.703800e+02,17,185.254347,0.336826,550,-1.324116e+00,0.073471,SCP
2025-11-15T01:23:08,1763169787.847283,   816441355.37,4933.379555,63116,24808,osion,2.727231e+02,2.380694e+01,-1.379152e+02,-1.280435e+01,1.702223e+02,17,37.039747,0.067345,550,-1.232381e+00,0.164311,SCP
2025-11-15T01:23:11,1763169790.847277,   816441358.37,4936.379555,63116,24808,osion,2.740028e+02,2.381056e+01,-1.378763e+02,-1.298499e+01,1.700650e+02,17,111.195882,0.202174,550,-1.294245e+00,0.094832,SCP
2025-11-15T01:23:14,1763169793.847271,   816441361.37,4939.379555,63116,24808,osion,2.752926e+02,2.381389e+01,-1.378373e+02,-1.316550e+01,1.699055e+02,17,148.205345,0.269464,550,-1.578582e+00,0.082143,SCP
2025-11-15T01:23:23,1763169802.847253,   816441370.37,4948.379555,63116,24808,osion,2.792229e+02,2.382417e+01,-1.377202e+02,-1.370615e+01,1.694235e+02,17,37.039747,0.067345,550,-2.355827e+00,0.164311,SCP
2025-11-15T01:23:26,1763169805.847246,   816441373.37,4951.379555,63116,24808,osion,2.805532e+02,2.382750e+01,-1.376811e+02,-1.388608e+01,1.692611e+02,17,37.039747,0.067345,550,-2.332172e+00,0.164311,SCP
2025-11-15T01:23:29,1763169808.847239,   816441376.37,4954.379555,63116,24808,osion,2.818936e+02,2.383083e+01,-1.376419e+02,-1.406586e+01,1.690980e+02,17,111.195882,0.202174,550,-2.365667e+00,0.094832,SCP
2025-11-15T01:23:31,1763169810.847235,   816441378.37,4956.379555,63116,24808,osion,2.827928e+02,2.383333e+01,-1.376158e+02,-1.418564e+01,1.689898e+02,17,37.039747,0.067345,550,-2.370889e+00,0.164311,SCP
2025-11-15T01:23:46,1763169825.847204,   816441393.37,4971.379555,63116,24808,osion,2.896779e+02,2.385028e+01,-1.374192e+02,-1.508181e+01,1.681648e+02,17,37.039747,0.067345,550,-2.441041e+00,0.164311,SCP
2025-11-15T01:23:49,1763169828.847198,   816441396.37,4974.379555,63116,24808,osion,2.910848e+02,2.385389e+01,-1.373797e+02,-1.526059e+01,1.679990e+02,17,37.039747,0.067345,550,-2.678295e+00,0.164311,SCP
2025-11-15T01:23:52,1763169831.847192,   816441399.37,4977.379555,63116,24808,osion,2.925015e+02,2.385722e+01,-1.373402e+02,-1.543922e+01,1.678319e+02,17,148.205345,0.269464,550,-2.730113e+00,0.082143,SCP
2025-11-15T01:23:55,1763169834.847186,   816441402.37,4980.379555,63116,24808,osion,2.939281e+02,2.386083e+01,-1.373006e+02,-1.561769e+01,1.676652e+02,17,111.195882,0.202174,550,-2.552854e+00,0.094832,SCP
2025-11-15T01:23:58,1763169837.847179,   816441405.37,4983.379555,63116,24808,osion,2.953646e+02,2.386417e+01,-1.372610e+02,-1.579600e+01,1.674975e+02,17,37.039747,0.067345,550,-2.325951e+00,0.164311,SCP
2025-11-15T01:24:01,1763169840.847173,   816441408.37,4986.379555,63116,24808,osion,2.968108e+02,2.386778e+01,-1.372214e+02,-1.597416e+01,1.673300e+02,17,37.039747,0.067345,550,-2.336835e+00,0.164311,SCP
2025-11-15T01:24:12,1763169851.847151,   816441419.37,4997.379555,63116,24808,osion,3.021973e+02,2.388028e+01,-1.370755e+02,-1.662605e+01,1.667115e+02,17,37.039747,0.067345,550,-3.304078e+00,0.164311,SCP
2025-11-15T01:24:15,1763169854.847145,   816441422.37,5000.379555,63116,24808,osion,3.036890e+02,2.388389e+01,-1.370356e+02,-1.680346e+01,1.665426e+02,17,37.039747,0.067345,550,-3.628658e+00,0.164311,SCP
2025-11-15T01:24:18,1763169857.847137,   816441425.37,5003.379555,63116,24808,osion,3.051904e+02,2.388722e+01,-1.369957e+02,-1.698071e+01,1.663729e+02,17,74.082613,0.134696,550,-3.973350e+00,0.116183,SCP
2025-11-15T01:24:21,1763169860.847131,   816441428.37,5006.379555,63116,24808,osion,3.067015e+02,2.389083e+01,-1.369557e+02,-1.715780e+01,1.662035e+02,17,111.195882,0.202174,550,-4.281960e+00,0.094832,SCP
2025-11-15T01:24:24,1763169863.847125,   816441431.37,5009.379555,63116,24808,osion,3.082221e+02,2.389417e+01,-1.369156e+02,-1.733472e+01,1.660333e+02,17,111.195882,0.202174,550,-4.278812e+00,0.094832,SCP
2025-11-15T01:24:27,1763169866.847119,   816441434.37,5012.379555,63116,24808,osion,3.097524e+02,2.389778e+01,-1.368755e+02,-1.751148e+01,1.658635e+02,17,37.039747,0.067345,550,-4.098788e+00,0.164311,SCP
2025-11-15T01:24:30,1763169869.847113,   816441437.37,5015.379555,63116,24808,osion,3.112923e+02,2.390111e+01,-1.368353e+02,-1.768807e+01,1.656930e+02,17,74.082613,0.134696,550,-3.970635e+00,0.116183,SCP
2025-11-15T01:24:33,1763169872.847106,   816441440.37,5018.379555,63116,24808,osion,3.128417e+02,2.390472e+01,-1.367951e+02,-1.786449e+01,1.655227e+02,17,111.195882,0.202174,550,-4.245834e+00,0.094832,SCP
2025-11-15T01:24:36,1763169875.847100,   816441443.37,5021.379555,63116,24808,osion,3.144006e+02,2.390833e+01,-1.367548e+02,-1.804075e+01,1.653523e+02,17,222.264248,0.404117,550,-4.026024e+00,0.067076,SCP
2025-11-15T01:24:39,1763169878.847094,   816441446.37,5024.379555,63116,24808,osion,3.159691e+02,2.391167e+01,-1.367144e+02,-1.821684e+01,1.651814e+02,17,74.082613,0.134696,550,-3.727048e+00,0.116183,SCP
2025-11-15T01:24:41,1763169880.847090,   816441448.37,5026.379555,63116,24808,osion,3.170200e+02,2.391417e+01,-1.366875e+02,-1.833413e+01,1.650677e+02,17,222.264248,0.404117,550,-3.506863e+00,0.067076,SCP
2025-11-15T01:24:44,1763169883.847084,   816441451.37,5029.379555,63116,24808,osion,3.186042e+02,2.391750e+01,-1.366470e+02,-1.850994e+01,1.648965e+02,17,148.205345,0.269464,550,-3.167851e+00,0.082143,SCP
2025-11-15T01:24:47,1763169886.847078,   816441454.37,5032.379555,63116,24808,osion,3.201979e+02,2.392111e+01,-1.366065e+02,-1.868557e+01,1.647256e+02,17,111.195882,0.202174,550,-2.735183e+00,0.094832,SCP
2025-11-15T01:24:50,1763169889.847071,   816441457.37,5035.379555,63116,24808,osion,3.218009e+02,2.392472e+01,-1.365659e+02,-1.886104e+01,1.645545e+02,17,74.082613,0.134696,550,-2.372467e+00,0.116183,SCP
2025-11-15T01:24:53,1763169892.847064,   816441460.37,5038.379555,63116,24808,osion,3.234134e+02,2.392806e+01,-1.365252e+02,-1.903633e+01,1.643831e+02,17,185.254347,0.336826,550,-2.351390e+00,0.073471,SCP
2025-11-15T01:24:56,1763169895.847058,   816441463.37,5041.379555,63116,24808,osion,3.250352e+02,2.393167e+01,-1.364845e+02,-1.921144e+01,1.642118e+02,17,37.039747,0.067345,550,-2.808762e+00,0.164311,SCP
2025-11-15T01:24:59,1763169898.847052,   816441466.37,5044.379555,63116,24808,osion,3.266664e+02,2.393528e+01,-1.364437e+02,-1.938638e+01,1.640405e+02,17,111.195882,0.202174,550,-3.430321e+00,0.094832,SCP
2025-11-15T01:25:02,1763169901.847046,   816441469.37,5047.379555,63116,24808,osion,3.283068e+02,2.393861e+01,-1.364029e+02,-1.956115e+01,1.638688e+02,17,185.254347,0.336826,550,-4.041239e+00,0.073471,SCP
2025-11-15T01:25:05,1763169904.847040,   816441472.37,5050.379555,63116,24808,osion,3.299566e+02,2.394222e+01,-1.363620e+02,-1.973574e+01,1.636973e+02,17,185.254347,0.336826,550,-4.396224e+00,0.073471,SCP
2025-11-15T01:25:08,1763169907.847034,   816441475.37,5053.379555,63116,24808,osion,3.316156e+02,2.394583e+01,-1.363210e+02,-1.991015e+01,1.635258e+02,17,148.205345,0.269464,550,-4.405128e+00,0.082143,SCP
2025-11-15T01:25:11,1763169910.847027,   816441478.37,5056.379555,63116,24808,osion,3.332838e+02,2.394944e+01,-1.362799e+02,-2.008439e+01,1.633542e+02,17,111.195882,0.202174,550,-5.605182e+00,0.094832,SCP
2025-11-15T01:25:14,1763169913.847021,   816441481.37,5059.379555,63116,24808,osion,3.349612e+02,2.395278e+01,-1.362388e+02,-2.025845e+01,1.631824e+02,17,74.082613,0.134696,550,-7.052179e+00,0.116183,SCP
2025-11-15T01:25:17,1763169916.847015,   816441484.37,5062.379555,63116,24808,osion,3.366478e+02,2.395639e+01,-1.361976e+02,-2.043232e+01,1.630107e+02,17,37.039747,0.067345,550,-7.098259e+00,0.164311,SCP
2025-11-15T01:25:26,1763169925.846996,   816441493.37,5071.379555,63116,24808,osion,3.417624e+02,2.396722e+01,-1.360736e+02,-2.095287e+01,1.624956e+02,17,37.039747,0.067345,550,-5.437854e+00,0.164311,SCP
2025-11-15T01:25:32,1763169931.846983,   816441499.37,5077.379555,63116,24808,osion,3.452176e+02,2.397417e+01,-1.359906e+02,-2.129900e+01,1.621520e+02,17,148.205345,0.269464,550,-4.590071e+00,0.082143,SCP
2025-11-15T01:25:35,1763169934.846977,   816441502.37,5080.379555,63116,24808,osion,3.469587e+02,2.397778e+01,-1.359490e+02,-2.147178e+01,1.619803e+02,17,222.264248,0.404117,550,-4.006317e+00,0.067076,SCP
2025-11-15T01:25:38,1763169937.846971,   816441505.37,5083.379555,63116,24808,osion,3.487088e+02,2.398139e+01,-1.359072e+02,-2.164438e+01,1.618085e+02,17,74.082613,0.134696,550,-3.414152e+00,0.116183,SCP
2025-11-15T01:25:40,1763169939.846967,   816441507.37,5085.379555,63116,24808,osion,3.498805e+02,2.398389e+01,-1.358794e+02,-2.175935e+01,1.616941e+02,17,185.254347,0.336826,550,-3.216913e+00,0.073471,SCP
2025-11-15T01:25:43,1763169942.846961,   816441510.37,5088.379555,63116,24808,osion,3.516455e+02,2.398750e+01,-1.358376e+02,-2.193164e+01,1.615224e+02,17,222.264248,0.404117,550,-2.906356e+00,0.067076,SCP
2025-11-15T01:25:49,1763169948.846948,   816441516.37,5094.379555,63116,24808,osion,3.552023e+02,2.399472e+01,-1.357536e+02,-2.227566e+01,1.611791e+02,17,185.254347,0.336826,550,-3.066353e+00,0.073471,SCP
2025-11-15T01:25:52,1763169951.846942,   816441519.37,5097.379555,63116,24808,osion,3.569940e+02,2.399833e+01,-1.357116e+02,-2.244739e+01,1.610075e+02,17,370.397465,0.673450,550,-2.616826e+00,0.051960,SCP
2025-11-15T01:25:55,1763169954.846936,   816441522.37,5100.379555,63116,24808,osion,3.587946e+02,1.944444e-03,-1.356694e+02,-2.261893e+01,1.608359e+02,17,111.195882,0.202174,550,-2.428171e+00,0.094832,SCP
2025-11-15T01:26:04,1763169963.846918,   816441531.37,5109.379555,63116,24808,osion,3.642490e+02,1.277778e-02,-1.355424e+02,-2.313241e+01,1.603216e+02,17,37.039747,0.067345,550,-1.959577e+00,0.164311,SCP
2025-11-15T01:26:07,1763169966.846911,   816441534.37,5112.379555,63116,24808,osion,3.660846e+02,1.638889e-02,-1.354999e+02,-2.330318e+01,1.601503e+02,17,111.195882,0.202174,550,-1.885149e+00,0.094832,SCP
2025-11-15T01:26:10,1763169969.846904,   816441537.37,5115.379555,63116,24808,osion,3.679289e+02,2.000000e-02,-1.354574e+02,-2.347377e+01,1.599790e+02,17,148.205345,0.269464,550,-1.846071e+00,0.082143,SCP
2025-11-15T01:26:13,1763169972.846898,   816441540.37,5118.379555,63116,24808,osion,3.697819e+02,2.388889e-02,-1.354147e+02,-2.364416e+01,1.598077e+02,17,74.082613,0.134696,550,-1.682505e+00,0.116183,SCP
2025-11-15T01:26:18,1763169977.846888,   816441545.37,5123.379555,63116,24808,osion,3.728894e+02,3.000000e-02,-1.353434e+02,-2.392771e+01,1.595225e+02,17,111.195882,0.202174,550,-1.493699e+00,0.094832,SCP
2025-11-15T01:26:21,1763169980.846882,   816441548.37,5126.379555,63116,24808,osion,3.747654e+02,3.361111e-02,-1.353005e+02,-2.409758e+01,1.593515e+02,17,333.360428,0.606110,550,-1.499142e+00,0.054770,SCP
2025-11-15T01:26:24,1763169983.846875,   816441551.37,5129.379555,63116,24808,osion,3.766500e+02,3.722222e-02,-1.352575e+02,-2.426726e+01,1.591806e+02,17,111.195882,0.202174,550,-1.496789e+00,0.094832,SCP
2025-11-15T01:26:27,1763169986.846869,   816441554.37,5132.379555,63116,24808,osion,3.785431e+02,4.083333e-02,-1.352144e+02,-2.443674e+01,1.590098e+02,17,111.195882,0.202174,550,-1.580097e+00,0.094832,SCP
2025-11-15T01:26:30,1763169989.846863,   816441557.37,5135.379555,63116,24808,osion,3.804447e+02,4.472222e-02,-1.351712e+02,-2.460602e+01,1.588389e+02,17,37.039747,0.067345,550,-1.683315e+00,0.164311,SCP
2025-11-15T01:26:36,1763169995.846851,   816441563.37,5141.379555,63116,24808,osion,3.842734e+02,5.194444e-02,-1.350846e+02,-2.494400e+01,1.584977e+02,17,148.205345,0.269464,550,-1.692275e+00,0.082143,SCP
2025-11-15T01:26:39,1763169998.846843,   816441566.37,5144.379555,63116,24808,osion,3.862004e+02,5.583333e-02,-1.350411e+02,-2.511268e+01,1.583271e+02,17,74.082613,0.134696,550,-1.771279e+00,0.116183,SCP
2025-11-15T01:26:42,1763170001.846837,   816441569.37,5147.379555,63116,24808,osion,3.881358e+02,5.944444e-02,-1.349976e+02,-2.528117e+01,1.581568e+02,17,111.195882,0.202174,550,-1.867076e+00,0.094832,SCP
2025-11-15T01:26:45,1763170004.846831,   816441572.37,5150.379555,63116,24808,osion,3.900796e+02,6.305556e-02,-1.349539e+02,-2.544946e+01,1.579865e+02,17,37.039747,0.067345,550,-1.870607e+00,0.164311,SCP
2025-11-15T01:26:50,1763170009.846821,   816441577.37,5155.379555,63116,24808,osion,3.933377e+02,6.944444e-02,-1.348810e+02,-2.572949e+01,1.577028e+02,17,74.082613,0.134696,550,-2.230953e+00,0.116183,SCP
2025-11-15T01:26:56,1763170015.846809,   816441583.37,5161.379555,63116,24808,osion,3.972780e+02,7.694444e-02,-1.347930e+02,-2.606479e+01,1.573628e+02,17,111.195882,0.202174,550,-2.672369e+00,0.094832,SCP
2025-11-15T01:26:59,1763170018.846802,   816441586.37,5164.379555,63116,24808,osion,3.992605e+02,8.055556e-02,-1.347489e+02,-2.623213e+01,1.571931e+02,17,111.195882,0.202174,550,-2.913775e+00,0.094832,SCP
2025-11-15T01:27:02,1763170021.846796,   816441589.37,5167.379555,63116,24808,osion,4.012512e+02,8.444444e-02,-1.347047e+02,-2.639928e+01,1.570233e+02,17,74.082613,0.134696,550,-3.173552e+00,0.116183,SCP
2025-11-15T01:27:08,1763170027.846784,   816441595.37,5173.379555,63116,24808,osion,4.052571e+02,9.194444e-02,-1.346160e+02,-2.673294e+01,1.566843e+02,17,37.039747,0.067345,550,-3.804025e+00,0.164311,SCP
2025-11-15T01:27:11,1763170030.846778,   816441598.37,5176.379555,63116,24808,osion,4.072723e+02,9.555556e-02,-1.345715e+02,-2.689947e+01,1.565151e+02,17,74.082613,0.134696,550,-4.163333e+00,0.116183,SCP
2025-11-15T01:27:14,1763170033.846771,   816441601.37,5179.379555,63116,24808,osion,4.092956e+02,9.944444e-02,-1.345268e+02,-2.706579e+01,1.563458e+02,17,37.039747,0.067345,550,-4.412416e+00,0.164311,SCP
2025-11-15T01:27:17,1763170036.846766,   816441604.37,5182.379555,63116,24808,osion,4.113270e+02,1.033333e-01,-1.344821e+02,-2.723190e+01,1.561767e+02,17,74.082613,0.134696,550,-4.332711e+00,0.116183,SCP
2025-11-15T01:27:23,1763170042.846753,   816441610.37,5188.379555,63116,24808,osion,4.154138e+02,1.108333e-01,-1.343923e+02,-2.756351e+01,1.558390e+02,17,37.039747,0.067345,550,-5.221973e+00,0.164311,SCP
2025-11-15T01:27:25,1763170044.846749,   816441612.37,5190.379555,63116,24808,osion,4.167832e+02,1.133333e-01,-1.343622e+02,-2.767386e+01,1.557265e+02,17,111.195882,0.202174,550,-5.585942e+00,0.094832,SCP
2025-11-15T01:27:31,1763170050.846735,   816441618.37,5196.379555,63116,24808,osion,4.209126e+02,1.211111e-01,-1.342719e+02,-2.800435e+01,1.553893e+02,17,148.205345,0.269464,550,-5.388034e+00,0.082143,SCP
2025-11-15T01:27:34,1763170053.846730,   816441621.37,5199.379555,63116,24808,osion,4.229892e+02,1.250000e-01,-1.342265e+02,-2.816928e+01,1.552209e+02,17,185.254347,0.336826,550,-4.878434e+00,0.073471,SCP
2025-11-15T01:27:40,1763170059.846717,   816441627.37,5205.379555,63116,24808,osion,4.271660e+02,1.325000e-01,-1.341354e+02,-2.849851e+01,1.548848e+02,17,111.195882,0.202174,550,-5.546529e+00,0.094832,SCP
2025-11-15T01:27:43,1763170062.846711,   816441630.37,5208.379555,63116,24808,osion,4.292661e+02,1.363889e-01,-1.340897e+02,-2.866281e+01,1.547168e+02,17,259.348386,0.471543,550,-5.546596e+00,0.062095,SCP
2025-11-15T01:27:46,1763170065.846705,   816441633.37,5211.379555,63116,24808,osion,4.313740e+02,1.402778e-01,-1.340439e+02,-2.882690e+01,1.545490e+02,17,37.039747,0.067345,550,-5.533395e+00,0.164311,SCP
2025-11-15T01:27:49,1763170068.846698,   816441636.37,5214.379555,63116,24808,osion,4.334897e+02,1.441667e-01,-1.339980e+02,-2.899077e+01,1.543813e+02,17,148.205345,0.269464,550,-5.513825e+00,0.082143,SCP
2025-11-15T01:27:55,1763170074.846686,   816441642.37,5220.379555,63116,24808,osion,4.377443e+02,1.519444e-01,-1.339057e+02,-2.931788e+01,1.540464e+02,17,148.205345,0.269464,550,-4.171964e+00,0.082143,SCP
2025-11-15T01:27:58,1763170077.846680,   816441645.37,5223.379555,63116,24808,osion,4.398831e+02,1.558333e-01,-1.338594e+02,-2.948111e+01,1.538792e+02,17,148.205345,0.269464,550,-3.979632e+00,0.082143,SCP
2025-11-15T01:28:01,1763170080.846673,   816441648.37,5226.379555,63116,24808,osion,4.420296e+02,1.597222e-01,-1.338130e+02,-2.964413e+01,1.537121e+02,17,148.205345,0.269464,550,-4.400684e+00,0.082143,SCP
2025-11-15T01:28:04,1763170083.846667,   816441651.37,5229.379555,63116,24808,osion,4.441837e+02,1.636111e-01,-1.337665e+02,-2.980693e+01,1.535453e+02,17,185.254347,0.336826,550,-4.421913e+00,0.073471,SCP
2025-11-15T01:28:07,1763170086.846661,   816441654.37,5232.379555,63116,24808,osion,4.463454e+02,1.675000e-01,-1.337198e+02,-2.996952e+01,1.533785e+02,17,111.195882,0.202174,550,-4.400512e+00,0.094832,SCP
2025-11-15T01:28:10,1763170089.846654,   816441657.37,5235.379555,63116,24808,osion,4.485147e+02,1.713889e-01,-1.336730e+02,-3.013189e+01,1.532120e+02,17,74.082613,0.134696,550,-4.255362e+00,0.116183,SCP
2025-11-15T01:28:13,1763170092.846648,   816441660.37,5238.379555,63116,24808,osion,4.506915e+02,1.755556e-01,-1.336261e+02,-3.029405e+01,1.530452e+02,17,296.311945,0.538749,550,-3.815622e+00,0.058093,SCP
2025-11-15T01:28:16,1763170095.846642,   816441663.37,5241.379555,63116,24808,osion,4.528758e+02,1.794444e-01,-1.335790e+02,-3.045598e+01,1.528790e+02,17,222.264248,0.404117,550,-3.777472e+00,0.067076,SCP
2025-11-15T01:28:19,1763170098.846636,   816441666.37,5244.379555,63116,24808,osion,4.550675e+02,1.833333e-01,-1.335319e+02,-3.061770e+01,1.527129e+02,17,148.205345,0.269464,550,-4.325905e+00,0.082143,SCP
2025-11-15T01:28:21,1763170100.846632,   816441668.37,5246.379555,63116,24808,osion,4.565329e+02,1.861111e-01,-1.335003e+02,-3.072540e+01,1.526020e+02,17,148.205345,0.269464,550,-4.932098e+00,0.082143,SCP
2025-11-15T01:28:24,1763170103.846626,   816441671.37,5249.379555,63116,24808,osion,4.587370e+02,1.900000e-01,-1.334529e+02,-3.088675e+01,1.524363e+02,17,185.254347,0.336826,550,-5.697073e+00,0.073471,SCP
2025-11-15T01:28:27,1763170106.846620,   816441674.37,5252.379555,63116,24808,osion,4.609486e+02,1.938889e-01,-1.334054e+02,-3.104789e+01,1.522706e+02,17,333.360428,0.606110,550,-5.991778e+00,0.054770,SCP
2025-11-15T01:28:30,1763170109.846612,   816441677.37,5255.379555,63116,24808,osion,4.631676e+02,1.980556e-01,-1.333578e+02,-3.120881e+01,1.521048e+02,17,111.195882,0.202174,550,-5.969748e+00,0.094832,SCP
2025-11-15T01:28:33,1763170112.846606,   816441680.37,5258.379555,63116,24808,osion,4.653939e+02,2.019444e-01,-1.333100e+02,-3.136951e+01,1.519396e+02,17,148.205345,0.269464,550,-5.893936e+00,0.082143,SCP
2025-11-15T01:28:36,1763170115.846600,   816441683.37,5261.379555,63116,24808,osion,4.676275e+02,2.058333e-01,-1.332620e+02,-3.152999e+01,1.517745e+02,17,148.205345,0.269464,550,-5.884172e+00,0.082143,SCP
2025-11-15T01:28:39,1763170118.846594,   816441686.37,5264.379555,63116,24808,osion,4.698684e+02,2.100000e-01,-1.332140e+02,-3.169025e+01,1.516092e+02,17,185.254347,0.336826,550,-5.818082e+00,0.073471,SCP
2025-11-15T01:28:42,1763170121.846588,   816441689.37,5267.379555,63116,24808,osion,4.721165e+02,2.138889e-01,-1.331658e+02,-3.185029e+01,1.514445e+02,17,148.205345,0.269464,550,-5.499607e+00,0.082143,SCP
2025-11-15T01:28:45,1763170124.846581,   816441692.37,5270.379555,63116,24808,osion,4.743719e+02,2.180556e-01,-1.331175e+02,-3.201011e+01,1.512795e+02,17,222.264248,0.404117,550,-4.619847e+00,0.067076,SCP
2025-11-15T01:28:48,1763170127.846575,   816441695.37,5273.379555,63116,24808,osion,4.766344e+02,2.219444e-01,-1.330690e+02,-3.216970e+01,1.511151e+02,17,185.254347,0.336826,550,-5.324693e+00,0.073471,SCP
2025-11-15T01:28:51,1763170130.846569,   816441698.37,5276.379555,63116,24808,osion,4.789042e+02,2.261111e-01,-1.330204e+02,-3.232907e+01,1.509505e+02,17,74.082613,0.134696,550,-5.670227e+00,0.116183,SCP
2025-11-15T01:28:54,1763170133.846563,   816441701.37,5279.379555,63116,24808,osion,4.811811e+02,2.302778e-01,-1.329716e+02,-3.248822e+01,1.507861e+02,17,74.082613,0.134696,550,-5.694382e+00,0.116183,SCP
2025-11-15T01:28:56,1763170135.846559,   816441703.37,5281.379555,63116,24808,osion,4.827029e+02,2.327778e-01,-1.329390e+02,-3.259420e+01,1.506770e+02,17,259.348386,0.471543,550,-5.660599e+00,0.062095,SCP
2025-11-15T01:28:59,1763170138.846553,   816441706.37,5284.379555,63116,24808,osion,4.849916e+02,2.369444e-01,-1.328901e+02,-3.275298e+01,1.505129e+02,17,111.195882,0.202174,550,-5.151289e+00,0.094832,SCP
2025-11-15T01:29:02,1763170141.846547,   816441709.37,5287.379555,63116,24808,osion,4.872874e+02,2.411111e-01,-1.328409e+02,-3.291153e+01,1.503490e+02,17,259.348386,0.471543,550,-4.755812e+00,0.062095,SCP
2025-11-15T01:29:05,1763170144.846540,   816441712.37,5290.379555,63116,24808,osion,4.895902e+02,2.452778e-01,-1.327916e+02,-3.306986e+01,1.501852e+02,17,111.195882,0.202174,550,-5.432820e+00,0.094832,SCP
2025-11-15T01:29:08,1763170147.846534,   816441715.37,5293.379555,63116,24808,osion,4.919000e+02,2.491667e-01,-1.327422e+02,-3.322797e+01,1.500221e+02,17,333.360428,0.606110,550,-7.063049e+00,0.054770,SCP
2025-11-15T01:29:11,1763170150.846528,   816441718.37,5296.379555,63116,24808,osion,4.942168e+02,2.533333e-01,-1.326926e+02,-3.338585e+01,1.498588e+02,17,74.082613,0.134696,550,-7.481810e+00,0.116183,SCP
2025-11-15T01:29:14,1763170153.846522,   816441721.37,5299.379555,63116,24808,osion,4.965405e+02,2.575000e-01,-1.326429e+02,-3.354350e+01,1.496956e+02,17,333.360428,0.606110,550,-6.838494e+00,0.054770,SCP
2025-11-15T01:29:17,1763170156.846516,   816441724.37,5302.379555,63116,24808,osion,4.988712e+02,2.616667e-01,-1.325930e+02,-3.370093e+01,1.495326e+02,17,74.082613,0.134696,550,-5.546305e+00,0.116183,SCP
2025-11-15T01:29:20,1763170159.846509,   816441727.37,5305.379555,63116,24808,osion,5.012087e+02,2.658333e-01,-1.325430e+02,-3.385814e+01,1.493698e+02,17,111.195882,0.202174,550,-4.301028e+00,0.094832,SCP
2025-11-15T01:29:23,1763170162.846503,   816441730.37,5308.379555,63116,24808,osion,5.035531e+02,2.700000e-01,-1.324928e+02,-3.401511e+01,1.492072e+02,17,37.039747,0.067345,550,-3.815324e+00,0.164311,SCP
2025-11-15T01:29:26,1763170165.846496,   816441733.37,5311.379555,63116,24808,osion,5.059043e+02,2.741667e-01,-1.324425e+02,-3.417186e+01,1.490448e+02,17,333.360428,0.606110,550,-3.971203e+00,0.054770,SCP
2025-11-15T01:29:29,1763170168.846490,   816441736.37,5314.379555,63116,24808,osion,5.082623e+02,2.783333e-01,-1.323920e+02,-3.432839e+01,1.488825e+02,17,148.205345,0.269464,550,-4.536549e+00,0.082143,SCP
2025-11-15T01:29:31,1763170170.846486,   816441738.37,5316.379555,63116,24808,osion,5.098381e+02,2.811111e-01,-1.323582e+02,-3.443261e+01,1.487745e+02,17,74.082613,0.134696,550,-4.981483e+00,0.116183,SCP
2025-11-15T01:29:34,1763170173.846480,   816441741.37,5319.379555,63116,24808,osion,5.122074e+02,2.852778e-01,-1.323075e+02,-3.458875e+01,1.486126e+02,17,111.195882,0.202174,550,-5.505380e+00,0.094832,SCP
2025-11-15T01:29:37,1763170176.846473,   816441744.37,5322.379555,63116,24808,osion,5.145834e+02,2.894444e-01,-1.322566e+02,-3.474467e+01,1.484509e+02,17,111.195882,0.202174,550,-5.627018e+00,0.094832,SCP
2025-11-15T01:29:40,1763170179.846467,   816441747.37,5325.379555,63116,24808,osion,5.169661e+02,2.936111e-01,-1.322055e+02,-3.490035e+01,1.482894e+02,17,111.195882,0.202174,550,-6.689680e+00,0.094832,SCP
2025-11-15T01:29:43,1763170182.846461,   816441750.37,5328.379555,63116,24808,osion,5.193554e+02,2.980556e-01,-1.321543e+02,-3.505581e+01,1.481276e+02,17,185.254347,0.336826,550,-7.146593e+00,0.073471,SCP
2025-11-15T01:29:46,1763170185.846455,   816441753.37,5331.379555,63116,24808,osion,5.217515e+02,3.022222e-01,-1.321029e+02,-3.521104e+01,1.479665e+02,17,222.264248,0.404117,550,-6.818174e+00,0.067076,SCP
2025-11-15T01:29:49,1763170188.846449,   816441756.37,5334.379555,63116,24808,osion,5.241541e+02,3.063889e-01,-1.320513e+02,-3.536604e+01,1.478057e+02,17,259.348386,0.471543,550,-5.545146e+00,0.062095,SCP
2025-11-15T01:29:52,1763170191.846442,   816441759.37,5337.379555,63116,24808,osion,5.265633e+02,3.105556e-01,-1.319996e+02,-3.552081e+01,1.476450e+02,17,111.195882,0.202174,550,-6.602064e+00,0.094832,SCP
2025-11-15T01:09:06,1763168945.847036,   816440513.37,4091.379555,63116,24808,osion,3.484705e+02,2.274806e+01,-1.503866e+02,3.869435e+01,1.344185e+02,18,37.039747,0.067345,550,-7.039191e+00,0.164311,SCP
2025-11-15T01:09:15,1763168954.847018,   816440522.37,4100.379555,63116,24808,osion,3.432761e+02,2.276306e+01,-1.501960e+02,3.818672e+01,1.349512e+02,18,74.082613,0.134696,550,-7.930319e+00,0.116183,SCP
2025-11-15T01:10:37,1763169036.846847,   816440604.37,4182.379555,63116,24808,osion,2.997373e+02,2.289389e+01,-1.485675e+02,3.347724e+01,1.398764e+02,18,37.039747,0.067345,550,-2.427999e+00,0.164311,SCP
2025-11-15T01:11:18,1763169077.846761,   816440645.37,4223.379555,63116,24808,osion,2.806320e+02,2.295500e+01,-1.478176e+02,3.106958e+01,1.423788e+02,18,37.039747,0.067345,550,-2.095359e+00,0.164311,SCP
2025-11-15T01:14:37,1763169276.847348,   816440844.37,4422.379555,63116,24808,osion,2.152449e+02,2.322167e+01,-1.446248e+02,1.898841e+01,1.547853e+02,18,74.082613,0.134696,550,-2.843360e+00,0.116183,SCP
2025-11-15T01:14:48,1763169287.847325,   816440855.37,4433.379555,63116,24808,osion,2.130191e+02,2.323528e+01,-1.444649e+02,1.830589e+01,1.554776e+02,18,37.039747,0.067345,550,-2.889775e+00,0.164311,SCP
2025-11-15T01:15:18,1763169317.847262,   816440885.37,4463.379555,63116,24808,osion,2.077145e+02,2.327194e+01,-1.440356e+02,1.643903e+01,1.573651e+02,18,37.039747,0.067345,550,-2.703074e+00,0.164311,SCP
2025-11-15T01:15:33,1763169332.847231,   816440900.37,4478.379555,63116,24808,osion,2.054850e+02,2.329000e+01,-1.438243e+02,1.550293e+01,1.583073e+02,18,37.039747,0.067345,550,-2.324365e+00,0.164311,SCP
2025-11-15T01:16:17,1763169376.847139,   816440944.37,4522.379555,63116,24808,osion,2.005834e+02,2.334250e+01,-1.432163e+02,1.274882e+01,1.610637e+02,18,37.039747,0.067345,550,-2.106125e+00,0.164311,SCP
2025-11-15T01:16:51,1763169410.847068,   816440978.37,4556.379555,63116,24808,osion,1.984800e+02,2.338222e+01,-1.427571e+02,1.061438e+01,1.631748e+02,18,74.082613,0.134696,550,-2.189909e+00,0.116183,SCP
2025-11-15T01:18:05,1763169484.846914,   816441052.37,4630.379555,63116,24808,osion,1.990043e+02,2.346722e+01,-1.417823e+02,5.960725e+00,1.676562e+02,18,37.039747,0.067345,550,-2.091787e+00,0.164311,SCP
2025-11-15T01:18:19,1763169498.846885,   816441066.37,4644.379555,63116,24808,osion,1.998906e+02,2.348333e+01,-1.416010e+02,5.080385e+00,1.684756e+02,18,37.039747,0.067345,550,-8.215109e-01,0.164311,SCP
2025-11-15T01:18:47,1763169526.846826,   816441094.37,4672.379555,63116,24808,osion,2.024125e+02,2.351472e+01,-1.412405e+02,3.320987e+00,1.700575e+02,18,37.039747,0.067345,550,-2.698886e+00,0.164311,SCP
2025-11-15T01:18:55,1763169534.846810,   816441102.37,4680.379555,63116,24808,osion,2.033161e+02,2.352389e+01,-1.411380e+02,2.818742e+00,1.704961e+02,18,37.039747,0.067345,550,-5.028880e+00,0.164311,SCP
2025-11-15T01:18:58,1763169537.846804,   816441105.37,4683.379555,63116,24808,osion,2.036759e+02,2.352722e+01,-1.410996e+02,2.630462e+00,1.706572e+02,18,74.082613,0.134696,550,-5.854538e+00,0.116183,SCP
2025-11-15T01:19:43,1763169582.846710,   816441150.37,4728.379555,63116,24808,osion,2.104382e+02,2.357750e+01,-1.405262e+02,-1.886578e-01,1.728735e+02,18,37.039747,0.067345,550,-1.521440e+00,0.164311,SCP
2025-11-15T01:19:50,1763169589.846696,   816441157.37,4735.379555,63116,24808,osion,2.117192e+02,2.358528e+01,-1.404374e+02,-6.261598e-01,1.731700e+02,18,37.039747,0.067345,550,-1.133260e+00,0.164311,SCP
2025-11-15T01:19:54,1763169593.846688,   816441161.37,4739.379555,63116,24808,osion,2.124788e+02,2.358972e+01,-1.403866e+02,-8.760154e-01,1.733315e+02,18,74.082613,0.134696,550,-1.308192e+00,0.116183,SCP
2025-11-15T01:19:57,1763169596.846681,   816441164.37,4742.379555,63116,24808,osion,2.130615e+02,2.359333e+01,-1.403486e+02,-1.063336e+00,1.734524e+02,18,148.205345,0.269464,550,-1.308197e+00,0.082143,SCP
2025-11-15T01:20:09,1763169608.846656,   816441176.37,4754.379555,63116,24808,osion,2.155050e+02,2.360667e+01,-1.401965e+02,-1.811974e+00,1.738815e+02,18,185.254347,0.336826,550,-1.910870e+00,0.073471,SCP
2025-11-15T01:20:16,1763169615.846642,   816441183.37,4761.379555,63116,24808,osion,2.170132e+02,2.361444e+01,-1.401079e+02,-2.248179e+00,1.740990e+02,18,37.039747,0.067345,550,-1.680406e+00,0.164311,SCP
2025-11-15T01:20:35,1763169634.846602,   816441202.37,4780.379555,63116,24808,osion,2.214129e+02,2.363556e+01,-1.398673e+02,-3.430158e+00,1.745431e+02,18,37.039747,0.067345,550,-1.451144e+00,0.164311,SCP
2025-11-15T01:21:01,1763169660.846548,   816441228.37,4806.379555,63116,24808,osion,2.281539e+02,2.366444e+01,-1.395382e+02,-5.042348e+00,1.747359e+02,18,37.039747,0.067345,550,-1.894681e+00,0.164311,SCP
2025-11-15T01:21:08,1763169667.846533,   816441235.37,4813.379555,63116,24808,osion,2.301100e+02,2.367222e+01,-1.394495e+02,-5.475266e+00,1.746988e+02,18,37.039747,0.067345,550,-1.478246e+00,0.164311,SCP
2025-11-15T01:22:36,1763169755.847350,   816441323.37,4901.379555,63116,24808,osion,2.597118e+02,2.377083e+01,-1.383282e+02,-1.086894e+01,1.718406e+02,18,74.082613,0.134696,550,-2.151265e+00,0.116183,SCP
2025-11-15T01:23:29,1763169808.847239,   816441376.37,4954.379555,63116,24808,osion,2.818936e+02,2.383083e+01,-1.376419e+02,-1.406586e+01,1.690980e+02,18,74.082613,0.134696,550,-2.365667e+00,0.116183,SCP
2025-11-15T01:24:24,1763169863.847125,   816441431.37,5009.379555,63116,24808,osion,3.082221e+02,2.389417e+01,-1.369156e+02,-1.733472e+01,1.660333e+02,18,37.039747,0.067345,550,-4.278812e+00,0.164311,SCP
2025-11-15T01:24:27,1763169866.847119,   816441434.37,5012.379555,63116,24808,osion,3.097524e+02,2.389778e+01,-1.368755e+02,-1.751148e+01,1.658635e+02,18,111.195882,0.202174,550,-4.098788e+00,0.094832,SCP
2025-11-15T01:24:33,1763169872.847106,   816441440.37,5018.379555,63116,24808,osion,3.128417e+02,2.390472e+01,-1.367951e+02,-1.786449e+01,1.655227e+02,18,111.195882,0.202174,550,-4.245834e+00,0.094832,SCP
2025-11-15T01:24:39,1763169878.847094,   816441446.37,5024.379555,63116,24808,osion,3.159691e+02,2.391167e+01,-1.367144e+02,-1.821684e+01,1.651814e+02,18,37.039747,0.067345,550,-3.727048e+00,0.164311,SCP
2025-11-15T01:24:50,1763169889.847071,   816441457.37,5035.379555,63116,24808,osion,3.218009e+02,2.392472e+01,-1.365659e+02,-1.886104e+01,1.645545e+02,18,37.039747,0.067345,550,-2.372467e+00,0.164311,SCP
2025-11-15T01:24:53,1763169892.847064,   816441460.37,5038.379555,63116,24808,osion,3.234134e+02,2.392806e+01,-1.365252e+02,-1.903633e+01,1.643831e+02,18,74.082613,0.134696,550,-2.351390e+00,0.116183,SCP
2025-11-15T01:25:02,1763169901.847046,   816441469.37,5047.379555,63116,24808,osion,3.283068e+02,2.393861e+01,-1.364029e+02,-1.956115e+01,1.638688e+02,18,37.039747,0.067345,550,-4.041239e+00,0.164311,SCP
2025-11-15T01:25:22,1763169921.847005,   816441489.37,5067.379555,63116,24808,osion,3.394792e+02,2.396250e+01,-1.361288e+02,-2.072172e+01,1.627246e+02,18,37.039747,0.067345,550,-6.789792e+00,0.164311,SCP
2025-11-15T01:25:35,1763169934.846977,   816441502.37,5080.379555,63116,24808,osion,3.469587e+02,2.397778e+01,-1.359490e+02,-2.147178e+01,1.619803e+02,18,111.195882,0.202174,550,-4.006317e+00,0.094832,SCP
2025-11-15T01:25:40,1763169939.846967,   816441507.37,5085.379555,63116,24808,osion,3.498805e+02,2.398389e+01,-1.358794e+02,-2.175935e+01,1.616941e+02,18,37.039747,0.067345,550,-3.216913e+00,0.164311,SCP
2025-11-15T01:25:43,1763169942.846961,   816441510.37,5088.379555,63116,24808,osion,3.516455e+02,2.398750e+01,-1.358376e+02,-2.193164e+01,1.615224e+02,18,37.039747,0.067345,550,-2.906356e+00,0.164311,SCP
2025-11-15T01:25:46,1763169945.846955,   816441513.37,5091.379555,63116,24808,osion,3.534195e+02,2.399111e+01,-1.357956e+02,-2.210374e+01,1.613507e+02,18,111.195882,0.202174,550,-2.759116e+00,0.094832,SCP
2025-11-15T01:25:49,1763169948.846948,   816441516.37,5094.379555,63116,24808,osion,3.552023e+02,2.399472e+01,-1.357536e+02,-2.227566e+01,1.611791e+02,18,37.039747,0.067345,550,-3.066353e+00,0.164311,SCP
2025-11-15T01:25:55,1763169954.846936,   816441522.37,5100.379555,63116,24808,osion,3.587946e+02,1.944444e-03,-1.356694e+02,-2.261893e+01,1.608359e+02,18,37.039747,0.067345,550,-2.428171e+00,0.164311,SCP
2025-11-15T01:26:10,1763169969.846904,   816441537.37,5115.379555,63116,24808,osion,3.679289e+02,2.000000e-02,-1.354574e+02,-2.347377e+01,1.599790e+02,18,37.039747,0.067345,550,-1.846071e+00,0.164311,SCP
2025-11-15T01:26:30,1763169989.846863,   816441557.37,5135.379555,63116,24808,osion,3.804447e+02,4.472222e-02,-1.351712e+02,-2.460602e+01,1.588389e+02,18,37.039747,0.067345,550,-1.683315e+00,0.164311,SCP
2025-11-15T01:26:33,1763169992.846857,   816441560.37,5138.379555,63116,24808,osion,3.823548e+02,4.833333e-02,-1.351280e+02,-2.477511e+01,1.586683e+02,18,111.195882,0.202174,550,-1.693343e+00,0.094832,SCP
2025-11-15T01:26:39,1763169998.846843,   816441566.37,5144.379555,63116,24808,osion,3.862004e+02,5.583333e-02,-1.350411e+02,-2.511268e+01,1.583271e+02,18,37.039747,0.067345,550,-1.771279e+00,0.164311,SCP
2025-11-15T01:26:59,1763170018.846802,   816441586.37,5164.379555,63116,24808,osion,3.992605e+02,8.055556e-02,-1.347489e+02,-2.623213e+01,1.571931e+02,18,74.082613,0.134696,550,-2.913775e+00,0.116183,SCP
2025-11-15T01:27:05,1763170024.846790,   816441592.37,5170.379555,63116,24808,osion,4.032501e+02,8.805556e-02,-1.346604e+02,-2.656621e+01,1.568539e+02,18,37.039747,0.067345,550,-3.470105e+00,0.164311,SCP
2025-11-15T01:27:14,1763170033.846771,   816441601.37,5179.379555,63116,24808,osion,4.092956e+02,9.944444e-02,-1.345268e+02,-2.706579e+01,1.563458e+02,18,37.039747,0.067345,550,-4.412416e+00,0.164311,SCP
2025-11-15T01:27:17,1763170036.846766,   816441604.37,5182.379555,63116,24808,osion,4.113270e+02,1.033333e-01,-1.344821e+02,-2.723190e+01,1.561767e+02,18,74.082613,0.134696,550,-4.332711e+00,0.116183,SCP
2025-11-15T01:27:20,1763170039.846759,   816441607.37,5185.379555,63116,24808,osion,4.133664e+02,1.069444e-01,-1.344372e+02,-2.739781e+01,1.560079e+02,18,185.254347,0.336826,550,-4.724859e+00,0.073471,SCP
2025-11-15T01:27:23,1763170042.846753,   816441610.37,5188.379555,63116,24808,osion,4.154138e+02,1.108333e-01,-1.343923e+02,-2.756351e+01,1.558390e+02,18,74.082613,0.134696,550,-5.221973e+00,0.116183,SCP
2025-11-15T01:27:31,1763170050.846735,   816441618.37,5196.379555,63116,24808,osion,4.209126e+02,1.211111e-01,-1.342719e+02,-2.800435e+01,1.553893e+02,18,111.195882,0.202174,550,-5.388034e+00,0.094832,SCP
2025-11-15T01:27:34,1763170053.846730,   816441621.37,5199.379555,63116,24808,osion,4.229892e+02,1.250000e-01,-1.342265e+02,-2.816928e+01,1.552209e+02,18,37.039747,0.067345,550,-4.878434e+00,0.164311,SCP
2025-11-15T01:27:37,1763170056.846723,   816441624.37,5202.379555,63116,24808,osion,4.250736e+02,1.286111e-01,-1.341810e+02,-2.833400e+01,1.550529e+02,18,37.039747,0.067345,550,-5.494953e+00,0.164311,SCP
2025-11-15T01:27:43,1763170062.846711,   816441630.37,5208.379555,63116,24808,osion,4.292661e+02,1.363889e-01,-1.340897e+02,-2.866281e+01,1.547168e+02,18,37.039747,0.067345,550,-5.546596e+00,0.164311,SCP
2025-11-15T01:27:46,1763170065.846705,   816441633.37,5211.379555,63116,24808,osion,4.313740e+02,1.402778e-01,-1.340439e+02,-2.882690e+01,1.545490e+02,18,259.348386,0.471543,550,-5.533395e+00,0.062095,SCP
2025-11-15T01:27:49,1763170068.846698,   816441636.37,5214.379555,63116,24808,osion,4.334897e+02,1.441667e-01,-1.339980e+02,-2.899077e+01,1.543813e+02,18,37.039747,0.067345,550,-5.513825e+00,0.164311,SCP
2025-11-15T01:27:55,1763170074.846686,   816441642.37,5220.379555,63116,24808,osion,4.377443e+02,1.519444e-01,-1.339057e+02,-2.931788e+01,1.540464e+02,18,111.195882,0.202174,550,-4.171964e+00,0.094832,SCP
2025-11-15T01:27:58,1763170077.846680,   816441645.37,5223.379555,63116,24808,osion,4.398831e+02,1.558333e-01,-1.338594e+02,-2.948111e+01,1.538792e+02,18,111.195882,0.202174,550,-3.979632e+00,0.094832,SCP
2025-11-15T01:28:10,1763170089.846654,   816441657.37,5235.379555,63116,24808,osion,4.485147e+02,1.713889e-01,-1.336730e+02,-3.013189e+01,1.532120e+02,18,111.195882,0.202174,550,-4.255362e+00,0.094832,SCP
2025-11-15T01:28:13,1763170092.846648,   816441660.37,5238.379555,63116,24808,osion,4.506915e+02,1.755556e-01,-1.336261e+02,-3.029405e+01,1.530452e+02,18,74.082613,0.134696,550,-3.815622e+00,0.116183,SCP
2025-11-15T01:28:19,1763170098.846636,   816441666.37,5244.379555,63116,24808,osion,4.550675e+02,1.833333e-01,-1.335319e+02,-3.061770e+01,1.527129e+02,18,37.039747,0.067345,550,-4.325905e+00,0.164311,SCP
2025-11-15T01:28:24,1763170103.846626,   816441671.37,5249.379555,63116,24808,osion,4.587370e+02,1.900000e-01,-1.334529e+02,-3.088675e+01,1.524363e+02,18,74.082613,0.134696,550,-5.697073e+00,0.116183,SCP
2025-11-15T01:28:33,1763170112.846606,   816441680.37,5258.379555,63116,24808,osion,4.653939e+02,2.019444e-01,-1.333100e+02,-3.136951e+01,1.519396e+02,18,111.195882,0.202174,550,-5.893936e+00,0.094832,SCP
2025-11-15T01:28:36,1763170115.846600,   816441683.37,5261.379555,63116,24808,osion,4.676275e+02,2.058333e-01,-1.332620e+02,-3.152999e+01,1.517745e+02,18,37.039747,0.067345,550,-5.884172e+00,0.164311,SCP
2025-11-15T01:28:39,1763170118.846594,   816441686.37,5264.379555,63116,24808,osion,4.698684e+02,2.100000e-01,-1.332140e+02,-3.169025e+01,1.516092e+02,18,74.082613,0.134696,550,-5.818082e+00,0.116183,SCP
2025-11-15T01:28:42,1763170121.846588,   816441689.37,5267.379555,63116,24808,osion,4.721165e+02,2.138889e-01,-1.331658e+02,-3.185029e+01,1.514445e+02,18,37.039747,0.067345,550,-5.499607e+00,0.164311,SCP
2025-11-15T01:28:48,1763170127.846575,   816441695.37,5273.379555,63116,24808,osion,4.766344e+02,2.219444e-01,-1.330690e+02,-3.216970e+01,1.511151e+02,18,74.082613,0.134696,550,-5.324693e+00,0.116183,SCP
2025-11-15T01:28:51,1763170130.846569,   816441698.37,5276.379555,63116,24808,osion,4.789042e+02,2.261111e-01,-1.330204e+02,-3.232907e+01,1.509505e+02,18,37.039747,0.067345,550,-5.670227e+00,0.164311,SCP
2025-11-15T01:28:54,1763170133.846563,   816441701.37,5279.379555,63116,24808,osion,4.811811e+02,2.302778e-01,-1.329716e+02,-3.248822e+01,1.507861e+02,18,37.039747,0.067345,550,-5.694382e+00,0.164311,SCP
2025-11-15T01:29:08,1763170147.846534,   816441715.37,5293.379555,63116,24808,osion,4.919000e+02,2.491667e-01,-1.327422e+02,-3.322797e+01,1.500221e+02,18,37.039747,0.067345,550,-7.063049e+00,0.164311,SCP
2025-11-15T01:29:11,1763170150.846528,   816441718.37,5296.379555,63116,24808,osion,4.942168e+02,2.533333e-01,-1.326926e+02,-3.338585e+01,1.498588e+02,18,74.082613,0.134696,550,-7.481810e+00,0.116183,SCP
2025-11-15T01:29:14,1763170153.846522,   816441721.37,5299.379555,63116,24808,osion,4.965405e+02,2.575000e-01,-1.326429e+02,-3.354350e+01,1.496956e+02,18,37.039747,0.067345,550,-6.838494e+00,0.164311,SCP
2025-11-15T01:29:26,1763170165.846496,   816441733.37,5311.379555,63116,24808,osion,5.059043e+02,2.741667e-01,-1.324425e+02,-3.417186e+01,1.490448e+02,18,37.039747,0.067345,550,-3.971203e+00,0.164311,SCP
2025-11-15T01:29:29,1763170168.846490,   816441736.37,5314.379555,63116,24808,osion,5.082623e+02,2.783333e-01,-1.323920e+02,-3.432839e+01,1.488825e+02,18,74.082613,0.134696,550,-4.536549e+00,0.116183,SCP
2025-11-15T01:29:37,1763170176.846473,   816441744.37,5322.379555,63116,24808,osion,5.145834e+02,2.894444e-01,-1.322566e+02,-3.474467e+01,1.484509e+02,18,37.039747,0.067345,550,-5.627018e+00,0.164311,SCP
2025-11-15T01:29:46,1763170185.846455,   816441753.37,5331.379555,63116,24808,osion,5.217515e+02,3.022222e-01,-1.321029e+02,-3.521104e+01,1.479665e+02,18,37.039747,0.067345,550,-6.818174e+00,0.164311,SCP
2025-11-15T01:13:56,1763169235.847427,   816440803.37,4381.379555,63116,24808,osion,2.248556e+02,2.317000e+01,-1.452334e+02,2.152146e+01,1.522062e+02,19,37.039747,0.067345,550,-2.159888e+00,0.164311,SCP
2025-11-15T01:18:55,1763169534.846810,   816441102.37,4680.379555,63116,24808,osion,2.033161e+02,2.352389e+01,-1.411380e+02,2.818742e+00,1.704961e+02,19,37.039747,0.067345,550,-5.028880e+00,0.164311,SCP
2025-11-15T01:18:58,1763169537.846804,   816441105.37,4683.379555,63116,24808,osion,2.036759e+02,2.352722e+01,-1.410996e+02,2.630462e+00,1.706572e+02,19,37.039747,0.067345,550,-5.854538e+00,0.164311,SCP
2025-11-15T01:19:35,1763169574.846727,   816441142.37,4720.379555,63116,24808,osion,2.090495e+02,2.356861e+01,-1.406279e+02,3.117211e-01,1.725153e+02,19,74.082613,0.134696,550,-2.310743e+00,0.116183,SCP
2025-11-15T01:19:46,1763169585.846704,   816441153.37,4731.379555,63116,24808,osion,2.109797e+02,2.358083e+01,-1.404881e+02,-3.761969e-01,1.730026e+02,19,111.195882,0.202174,550,-1.383171e+00,0.094832,SCP
2025-11-15T01:20:01,1763169600.846672,   816441168.37,4746.379555,63116,24808,osion,2.138561e+02,2.359778e+01,-1.402979e+02,-1.312998e+00,1.736027e+02,19,37.039747,0.067345,550,-1.308197e+00,0.164311,SCP
2025-11-15T01:25:26,1763169925.846996,   816441493.37,5071.379555,63116,24808,osion,3.417624e+02,2.396722e+01,-1.360736e+02,-2.095287e+01,1.624956e+02,19,74.082613,0.134696,550,-5.437854e+00,0.116183,SCP
2025-11-15T01:25:46,1763169945.846955,   816441513.37,5091.379555,63116,24808,osion,3.534195e+02,2.399111e+01,-1.357956e+02,-2.210374e+01,1.613507e+02,19,37.039747,0.067345,550,-2.759116e+00,0.164311,SCP
2025-11-15T01:26:24,1763169983.846875,   816441551.37,5129.379555,63116,24808,osion,3.766500e+02,3.722222e-02,-1.352575e+02,-2.426726e+01,1.591806e+02,19,37.039747,0.067345,550,-1.496789e+00,0.164311,SCP
2025-11-15T01:26:50,1763170009.846821,   816441577.37,5155.379555,63116,24808,osion,3.933377e+02,6.944444e-02,-1.348810e+02,-2.572949e+01,1.577028e+02,19,37.039747,0.067345,550,-2.230953e+00,0.164311,SCP
2025-11-15T01:27:17,1763170036.846766,   816441604.37,5182.379555,63116,24808,osion,4.113270e+02,1.033333e-01,-1.344821e+02,-2.723190e+01,1.561767e+02,19,37.039747,0.067345,550,-4.332711e+00,0.164311,SCP
2025-11-15T01:27:55,1763170074.846686,   816441642.37,5220.379555,63116,24808,osion,4.377443e+02,1.519444e-01,-1.339057e+02,-2.931788e+01,1.540464e+02,19,37.039747,0.067345,550,-4.171964e+00,0.164311,SCP
2025-11-15T01:28:01,1763170080.846673,   816441648.37,5226.379555,63116,24808,osion,4.420296e+02,1.597222e-01,-1.338130e+02,-2.964413e+01,1.537121e+02,19,37.039747,0.067345,550,-4.400684e+00,0.164311,SCP
2025-11-15T01:28:04,1763170083.846667,   816441651.37,5229.379555,63116,24808,osion,4.441837e+02,1.636111e-01,-1.337665e+02,-2.980693e+01,1.535453e+02,19,37.039747,0.067345,550,-4.421913e+00,0.164311,SCP
2025-11-15T01:28:16,1763170095.846642,   816441663.37,5241.379555,63116,24808,osion,4.528758e+02,1.794444e-01,-1.335790e+02,-3.045598e+01,1.528790e+02,19,37.039747,0.067345,550,-3.777472e+00,0.164311,SCP
2025-11-15T01:28:30,1763170109.846612,   816441677.37,5255.379555,63116,24808,osion,4.631676e+02,1.980556e-01,-1.333578e+02,-3.120881e+01,1.521048e+02,19,37.039747,0.067345,550,-5.969748e+00,0.164311,SCP
2025-11-15T01:28:33,1763170112.846606,   816441680.37,5258.379555,63116,24808,osion,4.653939e+02,2.019444e-01,-1.333100e+02,-3.136951e+01,1.519396e+02,19,37.039747,0.067345,550,-5.893936e+00,0.164311,SCP
2025-11-15T01:28:51,1763170130.846569,   816441698.37,5276.379555,63116,24808,osion,4.789042e+02,2.261111e-01,-1.330204e+02,-3.232907e+01,1.509505e+02,19,37.039747,0.067345,550,-5.670227e+00,0.164311,SCP
2025-11-15T01:28:59,1763170138.846553,   816441706.37,5284.379555,63116,24808,osion,4.849916e+02,2.369444e-01,-1.328901e+02,-3.275298e+01,1.505129e+02,19,74.082613,0.134696,550,-5.151289e+00,0.116183,SCP
2025-11-15T01:29:02,1763170141.846547,   816441709.37,5287.379555,63116,24808,osion,4.872874e+02,2.411111e-01,-1.328409e+02,-3.291153e+01,1.503490e+02,19,37.039747,0.067345,550,-4.755812e+00,0.164311,SCP
2025-11-15T01:29:29,1763170168.846490,   816441736.37,5314.379555,63116,24808,osion,5.082623e+02,2.783333e-01,-1.323920e+02,-3.432839e+01,1.488825e+02,19,74.082613,0.134696,550,-4.536549e+00,0.116183,SCP
2025-11-15T01:15:03,1763169302.847293,   816440870.37,4448.379555,63116,24808,osion,2.102263e+02,2.325361e+01,-1.442491e+02,1.737340e+01,1.564210e+02,20,37.039747,0.067345,550,-3.681912e+00,0.164311,SCP
2025-11-15T01:20:09,1763169608.846656,   816441176.37,4754.379555,63116,24808,osion,2.155050e+02,2.360667e+01,-1.401965e+02,-1.811974e+00,1.738815e+02,20,37.039747,0.067345,550,-1.910870e+00,0.164311,SCP
2025-11-15T01:19:17,1763169556.846765,   816441124.37,4702.379555,63116,24808,osion,2.062194e+02,2.354861e+01,-1.408570e+02,1.438912e+00,1.716476e+02,21,74.082613,0.134696,550,-5.316341e+00,0.116183,SCP
2025-11-15T01:19:35,1763169574.846727,   816441142.37,4720.379555,63116,24808,osion,2.090495e+02,2.356861e+01,-1.406279e+02,3.117211e-01,1.725153e+02,21,74.082613,0.134696,550,-2.310743e+00,0.116183,SCP
2025-11-15T01:19:46,1763169585.846704,   816441153.37,4731.379555,63116,24808,osion,2.109797e+02,2.358083e+01,-1.404881e+02,-3.761969e-01,1.730026e+02,21,37.039747,0.067345,550,-1.383171e+00,0.164311,SCP
2025-11-15T01:24:50,1763169889.847071,   816441457.37,5035.379555,63116,24808,osion,3.218009e+02,2.392472e+01,-1.365659e+02,-1.886104e+01,1.645545e+02,21,37.039747,0.067345,550,-2.372467e+00,0.164311,SCP
2025-11-15T01:25:32,1763169931.846983,   816441499.37,5077.379555,63116,24808,osion,3.452176e+02,2.397417e+01,-1.359906e+02,-2.129900e+01,1.621520e+02,21,74.082613,0.134696,550,-4.590071e+00,0.116183,SCP
2025-11-15T01:27:20,1763170039.846759,   816441607.37,5185.379555,63116,24808,osion,4.133664e+02,1.069444e-01,-1.344372e+02,-2.739781e+01,1.560079e+02,21,37.039747,0.067345,550,-4.724859e+00,0.164311,SCP
2025-11-15T01:27:37,1763170056.846723,   816441624.37,5202.379555,63116,24808,osion,4.250736e+02,1.286111e-01,-1.341810e+02,-2.833400e+01,1.550529e+02,21,74.082613,0.134696,550,-5.494953e+00,0.116183,SCP
2025-11-15T01:28:01,1763170080.846673,   816441648.37,5226.379555,63116,24808,osion,4.420296e+02,1.597222e-01,-1.338130e+02,-2.964413e+01,1.537121e+02,21,37.039747,0.067345,550,-4.400684e+00,0.164311,SCP
2025-11-15T01:28:07,1763170086.846661,   816441654.37,5232.379555,63116,24808,osion,4.463454e+02,1.675000e-01,-1.337198e+02,-2.996952e+01,1.533785e+02,21,74.082613,0.134696,550,-4.400512e+00,0.116183,SCP
2025-11-15T01:29:20,1763170159.846509,   816441727.37,5305.379555,63116,24808,osion,5.012087e+02,2.658333e-01,-1.325430e+02,-3.385814e+01,1.493698e+02,21,37.039747,0.067345,550,-4.301028e+00,0.164311,SCP
2025-11-15T01:24:30,1763169869.847113,   816441437.37,5015.379555,63116,24808,osion,3.112923e+02,2.390111e+01,-1.368353e+02,-1.768807e+01,1.656930e+02,22,111.195882,0.202174,550,-3.970635e+00,0.094832,SCP
2025-11-15T01:24:33,1763169872.847106,   816441440.37,5018.379555,63116,24808,osion,3.128417e+02,2.390472e+01,-1.367951e+02,-1.786449e+01,1.655227e+02,22,37.039747,0.067345,550,-4.245834e+00,0.164311,SCP
2025-11-15T01:26:24,1763169983.846875,   816441551.37,5129.379555,63116,24808,osion,3.766500e+02,3.722222e-02,-1.352575e+02,-2.426726e+01,1.591806e+02,22,37.039747,0.067345,550,-1.496789e+00,0.164311,SCP
2025-11-15T01:28:04,1763170083.846667,   816441651.37,5229.379555,63116,24808,osion,4.441837e+02,1.636111e-01,-1.337665e+02,-2.980693e+01,1.535453e+02,22,37.039747,0.067345,550,-4.421913e+00,0.164311,SCP
2025-11-15T01:28:42,1763170121.846588,   816441689.37,5267.379555,63116,24808,osion,4.721165e+02,2.138889e-01,-1.331658e+02,-3.185029e+01,1.514445e+02,22,37.039747,0.067345,550,-5.499607e+00,0.164311,SCP
2025-11-15T01:28:56,1763170135.846559,   816441703.37,5281.379555,63116,24808,osion,4.827029e+02,2.327778e-01,-1.329390e+02,-3.259420e+01,1.506770e+02,22,37.039747,0.067345,550,-5.660599e+00,0.164311,SCP
2025-11-15T01:29:20,1763170159.846509,   816441727.37,5305.379555,63116,24808,osion,5.012087e+02,2.658333e-01,-1.325430e+02,-3.385814e+01,1.493698e+02,22,74.082613,0.134696,550,-4.301028e+00,0.116183,SCP
2025-11-15T01:18:55,1763169534.846810,   816441102.37,4680.379555,63116,24808,osion,2.033161e+02,2.352389e+01,-1.411380e+02,2.818742e+00,1.704961e+02,23,37.039747,0.067345,550,-5.028880e+00,0.164311,SCP
2025-11-15T01:19:35,1763169574.846727,   816441142.37,4720.379555,63116,24808,osion,2.090495e+02,2.356861e+01,-1.406279e+02,3.117211e-01,1.725153e+02,23,74.082613,0.134696,550,-2.310743e+00,0.116183,SCP
2025-11-15T01:19:39,1763169578.846718,   816441146.37,4724.379555,63116,24808,osion,2.097338e+02,2.357306e+01,-1.405770e+02,6.148338e-02,1.726968e+02,23,37.039747,0.067345,550,-1.982481e+00,0.164311,SCP
2025-11-15T01:19:39,1763169578.846718,   816441146.37,4724.379555,63116,24808,osion,2.097338e+02,2.357306e+01,-1.405770e+02,6.148338e-02,1.726968e+02,24,74.082613,0.134696,550,-1.982481e+00,0.116183,SCP
2025-11-15T01:19:43,1763169582.846710,   816441150.37,4728.379555,63116,24808,osion,2.104382e+02,2.357750e+01,-1.405262e+02,-1.886578e-01,1.728735e+02,24,37.039747,0.067345,550,-1.521440e+00,0.164311,SCP
2025-11-15T01:15:37,1763169336.847222,   816440904.37,4482.379555,63116,24808,osion,2.049382e+02,2.329500e+01,-1.437683e+02,1.525304e+01,1.585599e+02,25,37.039747,0.067345,550,-2.314485e+00,0.164311,SCP
2025-11-15T01:19:32,1763169571.846733,   816441139.37,4717.379555,63116,24808,osion,2.085495e+02,2.356528e+01,-1.406660e+02,4.994621e-01,1.723763e+02,25,74.082613,0.134696,550,-2.085089e+00,0.116183,SCP
2025-11-15T01:19:46,1763169585.846704,   816441153.37,4731.379555,63116,24808,osion,2.109797e+02,2.358083e+01,-1.404881e+02,-3.761969e-01,1.730026e+02,25,37.039747,0.067345,550,-1.383171e+00,0.164311,SCP
2025-11-15T01:14:40,1763169279.847341,   816440847.37,4425.379555,63116,24808,osion,2.146230e+02,2.322528e+01,-1.445810e+02,1.880238e+01,1.549734e+02,26,37.039747,0.067345,550,-3.004744e+00,0.164311,SCP
2025-11-15T01:18:47,1763169526.846826,   816441094.37,4672.379555,63116,24808,osion,2.024125e+02,2.351472e+01,-1.412405e+02,3.320987e+00,1.700575e+02,26,74.082613,0.134696,550,-2.698886e+00,0.116183,SCP
2025-11-15T01:18:55,1763169534.846810,   816441102.37,4680.379555,63116,24808,osion,2.033161e+02,2.352389e+01,-1.411380e+02,2.818742e+00,1.704961e+02,26,37.039747,0.067345,550,-5.028880e+00,0.164311,SCP
2025-11-15T01:18:58,1763169537.846804,   816441105.37,4683.379555,63116,24808,osion,2.036759e+02,2.352722e+01,-1.410996e+02,2.630462e+00,1.706572e+02,26,74.082613,0.134696,550,-5.854538e+00,0.116183,SCP
2025-11-15T01:19:17,1763169556.846765,   816441124.37,4702.379555,63116,24808,osion,2.062194e+02,2.354861e+01,-1.408570e+02,1.438912e+00,1.716476e+02,26,37.039747,0.067345,550,-5.316341e+00,0.164311,SCP
2025-11-15T01:20:09,1763169608.846656,   816441176.37,4754.379555,63116,24808,osion,2.155050e+02,2.360667e+01,-1.401965e+02,-1.811974e+00,1.738815e+02,26,37.039747,0.067345,550,-1.910870e+00,0.164311,SCP
2025-11-15T01:20:31,1763169630.846610,   816441198.37,4776.379555,63116,24808,osion,2.204495e+02,2.363111e+01,-1.399180e+02,-3.181575e+00,1.744692e+02,26,37.039747,0.067345,550,-1.699471e+00,0.164311,SCP
2025-11-15T01:24:44,1763169883.847084,   816441451.37,5029.379555,63116,24808,osion,3.186042e+02,2.391750e+01,-1.366470e+02,-1.850994e+01,1.648965e+02,26,148.205345,0.269464,550,-3.167851e+00,0.082143,SCP
2025-11-15T01:25:11,1763169910.847027,   816441478.37,5056.379555,63116,24808,osion,3.332838e+02,2.394944e+01,-1.362799e+02,-2.008439e+01,1.633542e+02,26,37.039747,0.067345,550,-5.605182e+00,0.164311,SCP
2025-11-15T01:25:22,1763169921.847005,   816441489.37,5067.379555,63116,24808,osion,3.394792e+02,2.396250e+01,-1.361288e+02,-2.072172e+01,1.627246e+02,26,37.039747,0.067345,550,-6.789792e+00,0.164311,SCP
2025-11-15T01:25:38,1763169937.846971,   816441505.37,5083.379555,63116,24808,osion,3.487088e+02,2.398139e+01,-1.359072e+02,-2.164438e+01,1.618085e+02,26,37.039747,0.067345,550,-3.414152e+00,0.164311,SCP
2025-11-15T01:25:40,1763169939.846967,   816441507.37,5085.379555,63116,24808,osion,3.498805e+02,2.398389e+01,-1.358794e+02,-2.175935e+01,1.616941e+02,26,74.082613,0.134696,550,-3.216913e+00,0.116183,SCP
2025-11-15T01:27:20,1763170039.846759,   816441607.37,5185.379555,63116,24808,osion,4.133664e+02,1.069444e-01,-1.344372e+02,-2.739781e+01,1.560079e+02,26,37.039747,0.067345,550,-4.724859e+00,0.164311,SCP
2025-11-15T01:27:28,1763170047.846742,   816441615.37,5193.379555,63116,24808,osion,4.188439e+02,1.172222e-01,-1.343171e+02,-2.783921e+01,1.555578e+02,26,74.082613,0.134696,550,-5.858960e+00,0.116183,SCP
2025-11-15T01:27:37,1763170056.846723,   816441624.37,5202.379555,63116,24808,osion,4.250736e+02,1.286111e-01,-1.341810e+02,-2.833400e+01,1.550529e+02,26,74.082613,0.134696,550,-5.494953e+00,0.116183,SCP
2025-11-15T01:27:55,1763170074.846686,   816441642.37,5220.379555,63116,24808,osion,4.377443e+02,1.519444e-01,-1.339057e+02,-2.931788e+01,1.540464e+02,26,37.039747,0.067345,550,-4.171964e+00,0.164311,SCP
2025-11-15T01:28:16,1763170095.846642,   816441663.37,5241.379555,63116,24808,osion,4.528758e+02,1.794444e-01,-1.335790e+02,-3.045598e+01,1.528790e+02,26,74.082613,0.134696,550,-3.777472e+00,0.116183,SCP
2025-11-15T01:28:42,1763170121.846588,   816441689.37,5267.379555,63116,24808,osion,4.721165e+02,2.138889e-01,-1.331658e+02,-3.185029e+01,1.514445e+02,26,37.039747,0.067345,550,-5.499607e+00,0.164311,SCP
2025-11-15T01:28:54,1763170133.846563,   816441701.37,5279.379555,63116,24808,osion,4.811811e+02,2.302778e-01,-1.329716e+02,-3.248822e+01,1.507861e+02,26,37.039747,0.067345,550,-5.694382e+00,0.164311,SCP
2025-11-15T01:28:59,1763170138.846553,   816441706.37,5284.379555,63116,24808,osion,4.849916e+02,2.369444e-01,-1.328901e+02,-3.275298e+01,1.505129e+02,26,37.039747,0.067345,550,-5.151289e+00,0.164311,SCP
2025-11-15T01:29:05,1763170144.846540,   816441712.37,5290.379555,63116,24808,osion,4.895902e+02,2.452778e-01,-1.327916e+02,-3.306986e+01,1.501852e+02,26,37.039747,0.067345,550,-5.432820e+00,0.164311,SCP
2025-11-15T01:29:08,1763170147.846534,   816441715.37,5293.379555,63116,24808,osion,4.919000e+02,2.491667e-01,-1.327422e+02,-3.322797e+01,1.500221e+02,26,37.039747,0.067345,550,-7.063049e+00,0.164311,SCP
2025-11-15T01:29:17,1763170156.846516,   816441724.37,5302.379555,63116,24808,osion,4.988712e+02,2.616667e-01,-1.325930e+02,-3.370093e+01,1.495326e+02,26,74.082613,0.134696,550,-5.546305e+00,0.116183,SCP
2025-11-15T01:29:20,1763170159.846509,   816441727.37,5305.379555,63116,24808,osion,5.012087e+02,2.658333e-01,-1.325430e+02,-3.385814e+01,1.493698e+02,26,37.039747,0.067345,550,-4.301028e+00,0.164311,SCP
2025-11-15T01:29:23,1763170162.846503,   816441730.37,5308.379555,63116,24808,osion,5.035531e+02,2.700000e-01,-1.324928e+02,-3.401511e+01,1.492072e+02,26,74.082613,0.134696,550,-3.815324e+00,0.116183,SCP
2025-11-15T01:29:34,1763170173.846480,   816441741.37,5319.379555,63116,24808,osion,5.122074e+02,2.852778e-01,-1.323075e+02,-3.458875e+01,1.486126e+02,26,111.195882,0.202174,550,-5.505380e+00,0.094832,SCP
2025-11-15T01:29:37,1763170176.846473,   816441744.37,5322.379555,63116,24808,osion,5.145834e+02,2.894444e-01,-1.322566e+02,-3.474467e+01,1.484509e+02,26,37.039747,0.067345,550,-5.627018e+00,0.164311,SCP
2025-11-15T01:29:40,1763170179.846467,   816441747.37,5325.379555,63116,24808,osion,5.169661e+02,2.936111e-01,-1.322055e+02,-3.490035e+01,1.482894e+02,26,37.039747,0.067345,550,-6.689680e+00,0.164311,SCP
2025-11-15T01:29:43,1763170182.846461,   816441750.37,5328.379555,63116,24808,osion,5.193554e+02,2.980556e-01,-1.321543e+02,-3.505581e+01,1.481276e+02,26,74.082613,0.134696,550,-7.146593e+00,0.116183,SCP
2025-11-15T01:15:29,1763169328.847239,   816440896.37,4474.379555,63116,24808,osion,2.060518e+02,2.328528e+01,-1.438804e+02,1.575272e+01,1.580567e+02,27,37.039747,0.067345,550,-2.338916e+00,0.164311,SCP
2025-11-15T01:15:40,1763169339.847216,   816440907.37,4485.379555,63116,24808,osion,2.045414e+02,2.329861e+01,-1.437265e+02,1.506555e+01,1.587483e+02,27,111.195882,0.202174,550,-2.298776e+00,0.094832,SCP
2025-11-15T01:18:25,1763169504.846872,   816441072.37,4650.379555,63116,24808,osion,2.003469e+02,2.349000e+01,-1.415235e+02,4.703204e+00,1.688201e+02,27,37.039747,0.067345,550,-7.396788e-01,0.164311,SCP
2025-11-15T01:18:31,1763169510.846860,   816441078.37,4656.379555,63116,24808,osion,2.008492e+02,2.349667e+01,-1.414462e+02,4.326103e+00,1.691614e+02,27,37.039747,0.067345,550,-9.515439e-01,0.164311,SCP
2025-11-15T01:18:43,1763169522.846835,   816441090.37,4668.379555,63116,24808,osion,2.019911e+02,2.351028e+01,-1.412919e+02,3.572193e+00,1.698368e+02,27,37.039747,0.067345,550,-2.274412e+00,0.164311,SCP
2025-11-15T01:18:55,1763169534.846810,   816441102.37,4680.379555,63116,24808,osion,2.033161e+02,2.352389e+01,-1.411380e+02,2.818742e+00,1.704961e+02,27,185.254347,0.336826,550,-5.028880e+00,0.073471,SCP
2025-11-15T01:18:58,1763169537.846804,   816441105.37,4683.379555,63116,24808,osion,2.036759e+02,2.352722e+01,-1.410996e+02,2.630462e+00,1.706572e+02,27,148.205345,0.269464,550,-5.854538e+00,0.082143,SCP
2025-11-15T01:19:35,1763169574.846727,   816441142.37,4720.379555,63116,24808,osion,2.090495e+02,2.356861e+01,-1.406279e+02,3.117211e-01,1.725153e+02,27,74.082613,0.134696,550,-2.310743e+00,0.116183,SCP
2025-11-15T01:19:46,1763169585.846704,   816441153.37,4731.379555,63116,24808,osion,2.109797e+02,2.358083e+01,-1.404881e+02,-3.761969e-01,1.730026e+02,27,37.039747,0.067345,550,-1.383171e+00,0.164311,SCP
2025-11-15T01:20:09,1763169608.846656,   816441176.37,4754.379555,63116,24808,osion,2.155050e+02,2.360667e+01,-1.401965e+02,-1.811974e+00,1.738815e+02,27,37.039747,0.067345,550,-1.910870e+00,0.164311,SCP
2025-11-15T01:20:16,1763169615.846642,   816441183.37,4761.379555,63116,24808,osion,2.170132e+02,2.361444e+01,-1.401079e+02,-2.248179e+00,1.740990e+02,27,111.195882,0.202174,550,-1.680406e+00,0.094832,SCP
2025-11-15T01:20:20,1763169619.846633,   816441187.37,4765.379555,63116,24808,osion,2.179023e+02,2.361889e+01,-1.400572e+02,-2.497267e+00,1.742112e+02,27,74.082613,0.134696,550,-1.874971e+00,0.116183,SCP
2025-11-15T01:20:24,1763169623.846625,   816441191.37,4769.379555,63116,24808,osion,2.188112e+02,2.362333e+01,-1.400066e+02,-2.746223e+00,1.743139e+02,27,37.039747,0.067345,550,-1.930947e+00,0.164311,SCP
2025-11-15T01:20:42,1763169641.846588,   816441209.37,4787.379555,63116,24808,osion,2.231462e+02,2.364333e+01,-1.397787e+02,-3.864834e+00,1.746453e+02,27,37.039747,0.067345,550,-1.457482e+00,0.164311,SCP
2025-11-15T01:20:46,1763169645.846579,   816441213.37,4791.379555,63116,24808,osion,2.241637e+02,2.364778e+01,-1.397281e+02,-4.113018e+00,1.746874e+02,27,37.039747,0.067345,550,-1.538778e+00,0.164311,SCP
2025-11-15T01:21:05,1763169664.846539,   816441232.37,4810.379555,63116,24808,osion,2.292644e+02,2.366889e+01,-1.394875e+02,-5.289792e+00,1.747193e+02,27,37.039747,0.067345,550,-1.886529e+00,0.164311,SCP
2025-11-15T01:21:08,1763169667.846533,   816441235.37,4813.379555,63116,24808,osion,2.301100e+02,2.367222e+01,-1.394495e+02,-5.475266e+00,1.746988e+02,27,37.039747,0.067345,550,-1.478246e+00,0.164311,SCP
2025-11-15T01:21:12,1763169671.846525,   816441239.37,4817.379555,63116,24808,osion,2.312545e+02,2.367667e+01,-1.393988e+02,-5.722421e+00,1.746608e+02,27,37.039747,0.067345,550,-1.226841e+00,0.164311,SCP
2025-11-15T01:21:45,1763169704.846456,   816441272.37,4850.379555,63116,24808,osion,2.414339e+02,2.371361e+01,-1.389799e+02,-7.754682e+00,1.739377e+02,27,74.082613,0.134696,550,-3.337132e+00,0.116183,SCP
2025-11-15T01:23:40,1763169819.847217,   816441387.37,4965.379555,63116,24808,osion,2.868940e+02,2.384361e+01,-1.374979e+02,-1.472379e+01,1.684967e+02,27,37.039747,0.067345,550,-2.372684e+00,0.164311,SCP
2025-11-15T01:23:43,1763169822.847210,   816441390.37,4968.379555,63116,24808,osion,2.882810e+02,2.384694e+01,-1.374586e+02,-1.490288e+01,1.683310e+02,27,37.039747,0.067345,550,-2.375221e+00,0.164311,SCP
2025-11-15T01:23:46,1763169825.847204,   816441393.37,4971.379555,63116,24808,osion,2.896779e+02,2.385028e+01,-1.374192e+02,-1.508181e+01,1.681648e+02,27,37.039747,0.067345,550,-2.441041e+00,0.164311,SCP
2025-11-15T01:23:49,1763169828.847198,   816441396.37,4974.379555,63116,24808,osion,2.910848e+02,2.385389e+01,-1.373797e+02,-1.526059e+01,1.679990e+02,27,37.039747,0.067345,550,-2.678295e+00,0.164311,SCP
2025-11-15T01:23:52,1763169831.847192,   816441399.37,4977.379555,63116,24808,osion,2.925015e+02,2.385722e+01,-1.373402e+02,-1.543922e+01,1.678319e+02,27,37.039747,0.067345,550,-2.730113e+00,0.164311,SCP
2025-11-15T01:23:55,1763169834.847186,   816441402.37,4980.379555,63116,24808,osion,2.939281e+02,2.386083e+01,-1.373006e+02,-1.561769e+01,1.676652e+02,27,37.039747,0.067345,550,-2.552854e+00,0.164311,SCP
2025-11-15T01:23:58,1763169837.847179,   816441405.37,4983.379555,63116,24808,osion,2.953646e+02,2.386417e+01,-1.372610e+02,-1.579600e+01,1.674975e+02,27,37.039747,0.067345,550,-2.325951e+00,0.164311,SCP
2025-11-15T01:24:01,1763169840.847173,   816441408.37,4986.379555,63116,24808,osion,2.968108e+02,2.386778e+01,-1.372214e+02,-1.597416e+01,1.673300e+02,27,37.039747,0.067345,550,-2.336835e+00,0.164311,SCP
2025-11-15T01:24:04,1763169843.847167,   816441411.37,4989.379555,63116,24808,osion,2.982668e+02,2.387111e+01,-1.371817e+02,-1.615216e+01,1.671615e+02,27,37.039747,0.067345,550,-2.833298e+00,0.164311,SCP
2025-11-15T01:24:06,1763169845.847163,   816441413.37,4991.379555,63116,24808,osion,2.992430e+02,2.387333e+01,-1.371552e+02,-1.627074e+01,1.670491e+02,27,37.039747,0.067345,550,-3.041079e+00,0.164311,SCP
2025-11-15T01:24:09,1763169848.847157,   816441416.37,4994.379555,63116,24808,osion,3.007153e+02,2.387694e+01,-1.371154e+02,-1.644847e+01,1.668807e+02,27,37.039747,0.067345,550,-3.047504e+00,0.164311,SCP
2025-11-15T01:24:12,1763169851.847151,   816441419.37,4997.379555,63116,24808,osion,3.021973e+02,2.388028e+01,-1.370755e+02,-1.662605e+01,1.667115e+02,27,37.039747,0.067345,550,-3.304078e+00,0.164311,SCP
2025-11-15T01:24:15,1763169854.847145,   816441422.37,5000.379555,63116,24808,osion,3.036890e+02,2.388389e+01,-1.370356e+02,-1.680346e+01,1.665426e+02,27,37.039747,0.067345,550,-3.628658e+00,0.164311,SCP
2025-11-15T01:24:18,1763169857.847137,   816441425.37,5003.379555,63116,24808,osion,3.051904e+02,2.388722e+01,-1.369957e+02,-1.698071e+01,1.663729e+02,27,37.039747,0.067345,550,-3.973350e+00,0.164311,SCP
2025-11-15T01:24:21,1763169860.847131,   816441428.37,5006.379555,63116,24808,osion,3.067015e+02,2.389083e+01,-1.369557e+02,-1.715780e+01,1.662035e+02,27,37.039747,0.067345,550,-4.281960e+00,0.164311,SCP
2025-11-15T01:24:24,1763169863.847125,   816441431.37,5009.379555,63116,24808,osion,3.082221e+02,2.389417e+01,-1.369156e+02,-1.733472e+01,1.660333e+02,27,37.039747,0.067345,550,-4.278812e+00,0.164311,SCP
2025-11-15T01:24:27,1763169866.847119,   816441434.37,5012.379555,63116,24808,osion,3.097524e+02,2.389778e+01,-1.368755e+02,-1.751148e+01,1.658635e+02,27,37.039747,0.067345,550,-4.098788e+00,0.164311,SCP
2025-11-15T01:24:30,1763169869.847113,   816441437.37,5015.379555,63116,24808,osion,3.112923e+02,2.390111e+01,-1.368353e+02,-1.768807e+01,1.656930e+02,27,37.039747,0.067345,550,-3.970635e+00,0.164311,SCP
2025-11-15T01:24:33,1763169872.847106,   816441440.37,5018.379555,63116,24808,osion,3.128417e+02,2.390472e+01,-1.367951e+02,-1.786449e+01,1.655227e+02,27,37.039747,0.067345,550,-4.245834e+00,0.164311,SCP
2025-11-15T01:24:36,1763169875.847100,   816441443.37,5021.379555,63116,24808,osion,3.144006e+02,2.390833e+01,-1.367548e+02,-1.804075e+01,1.653523e+02,27,37.039747,0.067345,550,-4.026024e+00,0.164311,SCP
2025-11-15T01:24:39,1763169878.847094,   816441446.37,5024.379555,63116,24808,osion,3.159691e+02,2.391167e+01,-1.367144e+02,-1.821684e+01,1.651814e+02,27,37.039747,0.067345,550,-3.727048e+00,0.164311,SCP
2025-11-15T01:24:41,1763169880.847090,   816441448.37,5026.379555,63116,24808,osion,3.170200e+02,2.391417e+01,-1.366875e+02,-1.833413e+01,1.650677e+02,27,37.039747,0.067345,550,-3.506863e+00,0.164311,SCP
2025-11-15T01:24:44,1763169883.847084,   816441451.37,5029.379555,63116,24808,osion,3.186042e+02,2.391750e+01,-1.366470e+02,-1.850994e+01,1.648965e+02,27,37.039747,0.067345,550,-3.167851e+00,0.164311,SCP
2025-11-15T01:24:47,1763169886.847078,   816441454.37,5032.379555,63116,24808,osion,3.201979e+02,2.392111e+01,-1.366065e+02,-1.868557e+01,1.647256e+02,27,37.039747,0.067345,550,-2.735183e+00,0.164311,SCP
2025-11-15T01:24:50,1763169889.847071,   816441457.37,5035.379555,63116,24808,osion,3.218009e+02,2.392472e+01,-1.365659e+02,-1.886104e+01,1.645545e+02,27,37.039747,0.067345,550,-2.372467e+00,0.164311,SCP
2025-11-15T01:24:53,1763169892.847064,   816441460.37,5038.379555,63116,24808,osion,3.234134e+02,2.392806e+01,-1.365252e+02,-1.903633e+01,1.643831e+02,27,37.039747,0.067345,550,-2.351390e+00,0.164311,SCP
2025-11-15T01:24:56,1763169895.847058,   816441463.37,5041.379555,63116,24808,osion,3.250352e+02,2.393167e+01,-1.364845e+02,-1.921144e+01,1.642118e+02,27,37.039747,0.067345,550,-2.808762e+00,0.164311,SCP
2025-11-15T01:24:59,1763169898.847052,   816441466.37,5044.379555,63116,24808,osion,3.266664e+02,2.393528e+01,-1.364437e+02,-1.938638e+01,1.640405e+02,27,37.039747,0.067345,550,-3.430321e+00,0.164311,SCP
2025-11-15T01:25:02,1763169901.847046,   816441469.37,5047.379555,63116,24808,osion,3.283068e+02,2.393861e+01,-1.364029e+02,-1.956115e+01,1.638688e+02,27,37.039747,0.067345,550,-4.041239e+00,0.164311,SCP
2025-11-15T01:25:05,1763169904.847040,   816441472.37,5050.379555,63116,24808,osion,3.299566e+02,2.394222e+01,-1.363620e+02,-1.973574e+01,1.636973e+02,27,37.039747,0.067345,550,-4.396224e+00,0.164311,SCP
2025-11-15T01:25:08,1763169907.847034,   816441475.37,5053.379555,63116,24808,osion,3.316156e+02,2.394583e+01,-1.363210e+02,-1.991015e+01,1.635258e+02,27,37.039747,0.067345,550,-4.405128e+00,0.164311,SCP
2025-11-15T01:25:11,1763169910.847027,   816441478.37,5056.379555,63116,24808,osion,3.332838e+02,2.394944e+01,-1.362799e+02,-2.008439e+01,1.633542e+02,27,37.039747,0.067345,550,-5.605182e+00,0.164311,SCP
2025-11-15T01:25:14,1763169913.847021,   816441481.37,5059.379555,63116,24808,osion,3.349612e+02,2.395278e+01,-1.362388e+02,-2.025845e+01,1.631824e+02,27,37.039747,0.067345,550,-7.052179e+00,0.164311,SCP
2025-11-15T01:25:17,1763169916.847015,   816441484.37,5062.379555,63116,24808,osion,3.366478e+02,2.395639e+01,-1.361976e+02,-2.043232e+01,1.630107e+02,27,37.039747,0.067345,550,-7.098259e+00,0.164311,SCP
2025-11-15T01:25:19,1763169918.847011,   816441486.37,5064.379555,63116,24808,osion,3.377773e+02,2.395889e+01,-1.361701e+02,-2.054814e+01,1.628963e+02,27,37.039747,0.067345,550,-7.104852e+00,0.164311,SCP
2025-11-15T01:25:22,1763169921.847005,   816441489.37,5067.379555,63116,24808,osion,3.394792e+02,2.396250e+01,-1.361288e+02,-2.072172e+01,1.627246e+02,27,37.039747,0.067345,550,-6.789792e+00,0.164311,SCP
2025-11-15T01:25:26,1763169925.846996,   816441493.37,5071.379555,63116,24808,osion,3.417624e+02,2.396722e+01,-1.360736e+02,-2.095287e+01,1.624956e+02,27,37.039747,0.067345,550,-5.437854e+00,0.164311,SCP
2025-11-15T01:25:32,1763169931.846983,   816441499.37,5077.379555,63116,24808,osion,3.452176e+02,2.397417e+01,-1.359906e+02,-2.129900e+01,1.621520e+02,27,37.039747,0.067345,550,-4.590071e+00,0.164311,SCP
2025-11-15T01:25:35,1763169934.846977,   816441502.37,5080.379555,63116,24808,osion,3.469587e+02,2.397778e+01,-1.359490e+02,-2.147178e+01,1.619803e+02,27,37.039747,0.067345,550,-4.006317e+00,0.164311,SCP
2025-11-15T01:25:38,1763169937.846971,   816441505.37,5083.379555,63116,24808,osion,3.487088e+02,2.398139e+01,-1.359072e+02,-2.164438e+01,1.618085e+02,27,37.039747,0.067345,550,-3.414152e+00,0.164311,SCP
2025-11-15T01:25:40,1763169939.846967,   816441507.37,5085.379555,63116,24808,osion,3.498805e+02,2.398389e+01,-1.358794e+02,-2.175935e+01,1.616941e+02,27,37.039747,0.067345,550,-3.216913e+00,0.164311,SCP
2025-11-15T01:25:43,1763169942.846961,   816441510.37,5088.379555,63116,24808,osion,3.516455e+02,2.398750e+01,-1.358376e+02,-2.193164e+01,1.615224e+02,27,37.039747,0.067345,550,-2.906356e+00,0.164311,SCP
2025-11-15T01:25:46,1763169945.846955,   816441513.37,5091.379555,63116,24808,osion,3.534195e+02,2.399111e+01,-1.357956e+02,-2.210374e+01,1.613507e+02,27,37.039747,0.067345,550,-2.759116e+00,0.164311,SCP
2025-11-15T01:25:49,1763169948.846948,   816441516.37,5094.379555,63116,24808,osion,3.552023e+02,2.399472e+01,-1.357536e+02,-2.227566e+01,1.611791e+02,27,37.039747,0.067345,550,-3.066353e+00,0.164311,SCP
2025-11-15T01:25:52,1763169951.846942,   816441519.37,5097.379555,63116,24808,osion,3.569940e+02,2.399833e+01,-1.357116e+02,-2.244739e+01,1.610075e+02,27,37.039747,0.067345,550,-2.616826e+00,0.164311,SCP
2025-11-15T01:25:55,1763169954.846936,   816441522.37,5100.379555,63116,24808,osion,3.587946e+02,1.944444e-03,-1.356694e+02,-2.261893e+01,1.608359e+02,27,37.039747,0.067345,550,-2.428171e+00,0.164311,SCP
2025-11-15T01:25:58,1763169957.846930,   816441525.37,5103.379555,63116,24808,osion,3.606039e+02,5.555556e-03,-1.356272e+02,-2.279028e+01,1.606644e+02,27,37.039747,0.067345,550,-2.375998e+00,0.164311,SCP
2025-11-15T01:26:01,1763169960.846924,   816441528.37,5106.379555,63116,24808,osion,3.624221e+02,9.166667e-03,-1.355848e+02,-2.296144e+01,1.604930e+02,27,37.039747,0.067345,550,-2.163234e+00,0.164311,SCP
2025-11-15T01:26:04,1763169963.846918,   816441531.37,5109.379555,63116,24808,osion,3.642490e+02,1.277778e-02,-1.355424e+02,-2.313241e+01,1.603216e+02,27,37.039747,0.067345,550,-1.959577e+00,0.164311,SCP
2025-11-15T01:26:07,1763169966.846911,   816441534.37,5112.379555,63116,24808,osion,3.660846e+02,1.638889e-02,-1.354999e+02,-2.330318e+01,1.601503e+02,27,37.039747,0.067345,550,-1.885149e+00,0.164311,SCP
2025-11-15T01:26:10,1763169969.846904,   816441537.37,5115.379555,63116,24808,osion,3.679289e+02,2.000000e-02,-1.354574e+02,-2.347377e+01,1.599790e+02,27,37.039747,0.067345,550,-1.846071e+00,0.164311,SCP
2025-11-15T01:26:13,1763169972.846898,   816441540.37,5118.379555,63116,24808,osion,3.697819e+02,2.388889e-02,-1.354147e+02,-2.364416e+01,1.598077e+02,27,37.039747,0.067345,550,-1.682505e+00,0.164311,SCP
2025-11-15T01:26:15,1763169974.846894,   816441542.37,5120.379555,63116,24808,osion,3.710220e+02,2.611111e-02,-1.353862e+02,-2.375764e+01,1.596937e+02,27,37.039747,0.067345,550,-1.590468e+00,0.164311,SCP
2025-11-15T01:26:18,1763169977.846888,   816441545.37,5123.379555,63116,24808,osion,3.728894e+02,3.000000e-02,-1.353434e+02,-2.392771e+01,1.595225e+02,27,37.039747,0.067345,550,-1.493699e+00,0.164311,SCP
2025-11-15T01:26:21,1763169980.846882,   816441548.37,5126.379555,63116,24808,osion,3.747654e+02,3.361111e-02,-1.353005e+02,-2.409758e+01,1.593515e+02,27,37.039747,0.067345,550,-1.499142e+00,0.164311,SCP
2025-11-15T01:26:24,1763169983.846875,   816441551.37,5129.379555,63116,24808,osion,3.766500e+02,3.722222e-02,-1.352575e+02,-2.426726e+01,1.591806e+02,27,37.039747,0.067345,550,-1.496789e+00,0.164311,SCP
2025-11-15T01:26:27,1763169986.846869,   816441554.37,5132.379555,63116,24808,osion,3.785431e+02,4.083333e-02,-1.352144e+02,-2.443674e+01,1.590098e+02,27,37.039747,0.067345,550,-1.580097e+00,0.164311,SCP
2025-11-15T01:26:30,1763169989.846863,   816441557.37,5135.379555,63116,24808,osion,3.804447e+02,4.472222e-02,-1.351712e+02,-2.460602e+01,1.588389e+02,27,37.039747,0.067345,550,-1.683315e+00,0.164311,SCP
2025-11-15T01:26:33,1763169992.846857,   816441560.37,5138.379555,63116,24808,osion,3.823548e+02,4.833333e-02,-1.351280e+02,-2.477511e+01,1.586683e+02,27,37.039747,0.067345,550,-1.693343e+00,0.164311,SCP
2025-11-15T01:26:36,1763169995.846851,   816441563.37,5141.379555,63116,24808,osion,3.842734e+02,5.194444e-02,-1.350846e+02,-2.494400e+01,1.584977e+02,27,37.039747,0.067345,550,-1.692275e+00,0.164311,SCP
2025-11-15T01:07:06,1763168825.847287,   816440393.37,3971.379555,63116,24808,osion,4.250449e+02,2.252778e+01,-1.532025e+02,4.526863e+01,1.274534e+02,28,37.039747,0.047141,550,-2.997755e+00,0.164311,SCP
2025-11-15T01:07:27,1763168846.847243,   816440414.37,3992.379555,63116,24808,osion,4.107003e+02,2.256917e+01,-1.526688e+02,4.414546e+01,1.286522e+02,28,37.039747,0.067345,550,-3.250499e+00,0.164311,SCP
2025-11-15T01:08:16,1763168895.847141,   816440463.37,4041.379555,63116,24808,osion,3.787575e+02,2.266056e+01,-1.514942e+02,4.147869e+01,1.314817e+02,28,37.039747,0.067345,550,-6.003879e+00,0.164311,SCP
2025-11-15T01:09:33,1763168972.846980,   816440540.37,4118.379555,63116,24808,osion,3.331290e+02,2.279278e+01,-1.498223e+02,3.716578e+01,1.360222e+02,28,74.082613,0.134696,550,-7.046687e+00,0.116183,SCP
2025-11-15T01:11:21,1763169080.846756,   816440648.37,4226.379555,63116,24808,osion,2.793062e+02,2.295944e+01,-1.477642e+02,3.089213e+01,1.425632e+02,28,37.039747,0.067345,550,-2.088758e+00,0.164311,SCP
2025-11-15T01:12:55,1763169174.846559,   816440742.37,4320.379555,63116,24808,osion,2.429276e+02,2.309028e+01,-1.461812e+02,2.525260e+01,1.483842e+02,28,37.039747,0.067345,550,-5.394366e+00,0.164311,SCP
2025-11-15T01:13:06,1763169185.846537,   816440753.37,4331.379555,63116,24808,osion,2.393401e+02,2.310500e+01,-1.460062e+02,2.458349e+01,1.490718e+02,28,74.082613,0.134696,550,-4.923357e+00,0.116183,SCP
2025-11-15T01:13:12,1763169191.846524,   816440759.37,4337.379555,63116,24808,osion,2.374437e+02,2.311278e+01,-1.459115e+02,2.421780e+01,1.494461e+02,28,111.195882,0.202174,550,-4.924294e+00,0.094832,SCP
2025-11-15T01:13:15,1763169194.846518,   816440762.37,4340.379555,63116,24808,osion,2.365116e+02,2.311667e+01,-1.458644e+02,2.403476e+01,1.496335e+02,28,74.082613,0.134696,550,-4.919931e+00,0.116183,SCP
2025-11-15T01:13:18,1763169197.846512,   816440765.37,4343.379555,63116,24808,osion,2.355902e+02,2.312083e+01,-1.458174e+02,2.385160e+01,1.498226e+02,28,185.254347,0.336826,550,-4.781879e+00,0.073471,SCP
2025-11-15T01:13:21,1763169200.846506,   816440768.37,4346.379555,63116,24808,osion,2.346796e+02,2.312472e+01,-1.457705e+02,2.366832e+01,1.500102e+02,28,111.195882,0.202174,550,-4.317539e+00,0.094832,SCP
2025-11-15T01:13:24,1763169203.846499,   816440771.37,4349.379555,63116,24808,osion,2.337797e+02,2.312861e+01,-1.457238e+02,2.348492e+01,1.501979e+02,28,37.039747,0.067345,550,-4.144444e+00,0.164311,SCP
2025-11-15T01:13:27,1763169206.846493,   816440774.37,4352.379555,63116,24808,osion,2.328907e+02,2.313250e+01,-1.456772e+02,2.330140e+01,1.503857e+02,28,74.082613,0.134696,550,-4.062297e+00,0.116183,SCP
2025-11-15T01:13:30,1763169209.846487,   816440777.37,4355.379555,63116,24808,osion,2.320124e+02,2.313639e+01,-1.456307e+02,2.311776e+01,1.505737e+02,28,185.254347,0.336826,550,-3.901465e+00,0.073471,SCP
2025-11-15T01:13:33,1763169212.846482,   816440780.37,4358.379555,63116,24808,osion,2.311449e+02,2.314028e+01,-1.455844e+02,2.293401e+01,1.507617e+02,28,37.039747,0.067345,550,-3.407397e+00,0.164311,SCP
2025-11-15T01:13:35,1763169214.846478,   816440782.37,4360.379555,63116,24808,osion,2.305726e+02,2.314278e+01,-1.455536e+02,2.281144e+01,1.508865e+02,28,37.039747,0.067345,550,-3.195658e+00,0.164311,SCP
2025-11-15T01:13:38,1763169217.846463,   816440785.37,4363.379555,63116,24808,osion,2.297233e+02,2.314667e+01,-1.455075e+02,2.262749e+01,1.510747e+02,28,111.195882,0.202174,550,-2.687253e+00,0.094832,SCP
2025-11-15T01:13:41,1763169220.846485,   816440788.37,4366.379555,63116,24808,osion,2.288847e+02,2.315056e+01,-1.454615e+02,2.244343e+01,1.512631e+02,28,74.082613,0.134696,550,-1.626721e+00,0.116183,SCP
2025-11-15T01:13:44,1763169223.846395,   816440791.37,4369.379555,63116,24808,osion,2.280571e+02,2.315444e+01,-1.454156e+02,2.225925e+01,1.514515e+02,28,74.082613,0.134696,550,-1.420775e+00,0.116183,SCP
2025-11-15T01:13:47,1763169226.847453,   816440794.37,4372.379555,63116,24808,osion,2.272403e+02,2.315833e+01,-1.453699e+02,2.207497e+01,1.516400e+02,28,37.039747,0.067345,550,-1.567160e+00,0.164311,SCP
2025-11-15T01:13:50,1763169229.846453,   816440797.37,4375.379555,63116,24808,osion,2.264345e+02,2.316222e+01,-1.453243e+02,2.189057e+01,1.518287e+02,28,37.039747,0.067345,550,-1.855980e+00,0.164311,SCP
2025-11-15T01:13:53,1763169232.847436,   816440800.37,4378.379555,63116,24808,osion,2.256395e+02,2.316611e+01,-1.452788e+02,2.170607e+01,1.520174e+02,28,74.082613,0.134696,550,-2.011626e+00,0.116183,SCP
2025-11-15T01:14:11,1763169250.847401,   816440818.37,4396.379555,63116,24808,osion,2.211002e+02,2.318889e+01,-1.450083e+02,2.059685e+01,1.531481e+02,28,148.205345,0.269464,550,-2.272577e+00,0.082143,SCP
2025-11-15T01:14:13,1763169252.847397,   816440820.37,4398.379555,63116,24808,osion,2.206203e+02,2.319167e+01,-1.449785e+02,2.047338e+01,1.532755e+02,28,37.039747,0.067345,550,-2.278724e+00,0.164311,SCP
2025-11-15T01:14:16,1763169255.847391,   816440823.37,4401.379555,63116,24808,osion,2.199096e+02,2.319528e+01,-1.449339e+02,2.028809e+01,1.534631e+02,28,259.348386,0.471543,550,-2.594165e+00,0.062095,SCP
2025-11-15T01:14:19,1763169258.847385,   816440826.37,4404.379555,63116,24808,osion,2.192100e+02,2.319917e+01,-1.448894e+02,2.010270e+01,1.536526e+02,28,148.205345,0.269464,550,-2.685398e+00,0.082143,SCP
2025-11-15T01:14:25,1763169264.847372,   816440832.37,4410.379555,63116,24808,osion,2.178439e+02,2.320667e+01,-1.448008e+02,1.973164e+01,1.540299e+02,28,222.264248,0.404117,550,-2.913984e+00,0.067076,SCP
2025-11-15T01:14:28,1763169267.847366,   816440835.37,4413.379555,63116,24808,osion,2.171775e+02,2.321028e+01,-1.447566e+02,1.954597e+01,1.542177e+02,28,148.205345,0.269464,550,-3.243216e+00,0.082143,SCP
2025-11-15T01:14:31,1763169270.847360,   816440838.37,4416.379555,63116,24808,osion,2.165222e+02,2.321417e+01,-1.447126e+02,1.936021e+01,1.544075e+02,28,222.264248,0.404117,550,-3.539730e+00,0.067076,SCP
2025-11-15T01:14:34,1763169273.847354,   816440841.37,4419.379555,63116,24808,osion,2.158780e+02,2.321778e+01,-1.446686e+02,1.917435e+01,1.545955e+02,28,518.564711,0.942845,550,-3.544163e+00,0.043914,SCP
2025-11-15T01:14:37,1763169276.847348,   816440844.37,4422.379555,63116,24808,osion,2.152449e+02,2.322167e+01,-1.446248e+02,1.898841e+01,1.547853e+02,28,222.264248,0.404117,550,-2.843360e+00,0.067076,SCP
2025-11-15T01:14:43,1763169282.847335,   816440850.37,4428.379555,63116,24808,osion,2.140122e+02,2.322917e+01,-1.445374e+02,1.861627e+01,1.551634e+02,28,185.254347,0.336826,550,-2.884920e+00,0.073471,SCP
2025-11-15T01:14:46,1763169285.847329,   816440853.37,4431.379555,63116,24808,osion,2.134126e+02,2.323278e+01,-1.444939e+02,1.843007e+01,1.553516e+02,28,148.205345,0.269464,550,-2.713256e+00,0.082143,SCP
2025-11-15T01:14:48,1763169287.847325,   816440855.37,4433.379555,63116,24808,osion,2.130191e+02,2.323528e+01,-1.444649e+02,1.830589e+01,1.554776e+02,28,407.425231,0.740773,550,-2.889775e+00,0.049542,SCP
2025-11-15T01:14:51,1763169290.847319,   816440858.37,4436.379555,63116,24808,osion,2.124381e+02,2.323889e+01,-1.444215e+02,1.811955e+01,1.556659e+02,28,37.039747,0.067345,550,-3.304560e+00,0.164311,SCP
2025-11-15T01:14:54,1763169293.847312,   816440861.37,4439.379555,63116,24808,osion,2.118684e+02,2.324250e+01,-1.443783e+02,1.793313e+01,1.558541e+02,28,148.205345,0.269464,550,-3.767406e+00,0.082143,SCP
2025-11-15T01:14:57,1763169296.847305,   816440864.37,4442.379555,63116,24808,osion,2.113098e+02,2.324639e+01,-1.443351e+02,1.774664e+01,1.560444e+02,28,111.195882,0.202174,550,-4.100951e+00,0.094832,SCP
2025-11-15T01:15:00,1763169299.847299,   816440867.37,4445.379555,63116,24808,osion,2.107624e+02,2.325000e+01,-1.442920e+02,1.756006e+01,1.562327e+02,28,37.039747,0.067345,550,-3.810143e+00,0.164311,SCP
2025-11-15T01:15:09,1763169308.847281,   816440876.37,4454.379555,63116,24808,osion,2.091878e+02,2.326111e+01,-1.441634e+02,1.699987e+01,1.567998e+02,28,111.195882,0.202174,550,-3.713084e+00,0.094832,SCP
2025-11-15T01:15:22,1763169321.847254,   816440889.37,4467.379555,63116,24808,osion,2.070923e+02,2.327694e+01,-1.439790e+02,1.618956e+01,1.576177e+02,28,74.082613,0.134696,550,-2.331938e+00,0.116183,SCP
2025-11-15T01:15:26,1763169325.847245,   816440893.37,4471.379555,63116,24808,osion,2.064902e+02,2.328167e+01,-1.439226e+02,1.593998e+01,1.578683e+02,28,74.082613,0.134696,550,-2.324920e+00,0.116183,SCP
2025-11-15T01:15:29,1763169328.847239,   816440896.37,4474.379555,63116,24808,osion,2.060518e+02,2.328528e+01,-1.438804e+02,1.575272e+01,1.580567e+02,28,259.348386,0.471543,550,-2.338916e+00,0.062095,SCP
2025-11-15T01:15:33,1763169332.847231,   816440900.37,4478.379555,63116,24808,osion,2.054850e+02,2.329000e+01,-1.438243e+02,1.550293e+01,1.583073e+02,28,111.195882,0.202174,550,-2.324365e+00,0.094832,SCP
2025-11-15T01:15:37,1763169336.847222,   816440904.37,4482.379555,63116,24808,osion,2.049382e+02,2.329500e+01,-1.437683e+02,1.525304e+01,1.585599e+02,28,37.039747,0.067345,550,-2.314485e+00,0.164311,SCP
2025-11-15T01:15:40,1763169339.847216,   816440907.37,4485.379555,63116,24808,osion,2.045414e+02,2.329861e+01,-1.437265e+02,1.506555e+01,1.587483e+02,28,74.082613,0.134696,550,-2.298776e+00,0.116183,SCP
2025-11-15T01:15:44,1763169343.847208,   816440911.37,4489.379555,63116,24808,osion,2.040300e+02,2.330333e+01,-1.436707e+02,1.481547e+01,1.589988e+02,28,222.264248,0.404117,550,-2.274458e+00,0.067076,SCP
2025-11-15T01:15:48,1763169347.847200,   816440915.37,4493.379555,63116,24808,osion,2.035388e+02,2.330806e+01,-1.436152e+02,1.456530e+01,1.592492e+02,28,148.205345,0.269464,550,-2.627344e+00,0.082143,SCP
2025-11-15T01:15:52,1763169351.847191,   816440919.37,4497.379555,63116,24808,osion,2.030678e+02,2.331278e+01,-1.435597e+02,1.431502e+01,1.594996e+02,28,148.205345,0.269464,550,-1.740643e+00,0.082143,SCP
2025-11-15T01:16:03,1763169362.847168,   816440930.37,4508.379555,63116,24808,osion,2.018770e+02,2.332583e+01,-1.434080e+02,1.362630e+01,1.601882e+02,28,37.039747,0.067345,550,-2.168484e+00,0.164311,SCP
2025-11-15T01:16:10,1763169369.847154,   816440937.37,4515.379555,63116,24808,osion,2.011991e+02,2.333417e+01,-1.433120e+02,1.318768e+01,1.606262e+02,28,37.039747,0.067345,550,-2.121480e+00,0.164311,SCP
2025-11-15T01:16:21,1763169380.847130,   816440948.37,4526.379555,63116,24808,osion,2.002596e+02,2.334722e+01,-1.431619e+02,1.249794e+01,1.613133e+02,28,74.082613,0.134696,550,-1.920577e+00,0.116183,SCP
2025-11-15T01:16:25,1763169384.847123,   816440952.37,4530.379555,63116,24808,osion,1.999560e+02,2.335194e+01,-1.431075e+02,1.224699e+01,1.615626e+02,28,74.082613,0.134696,550,-1.912019e+00,0.116183,SCP
2025-11-15T01:16:43,1763169402.847085,   816440970.37,4548.379555,63116,24808,osion,1.988423e+02,2.337306e+01,-1.428644e+02,1.111696e+01,1.626811e+02,28,74.082613,0.134696,550,-2.184958e+00,0.116183,SCP
2025-11-15T01:16:51,1763169410.847068,   816440978.37,4556.379555,63116,24808,osion,1.984800e+02,2.338222e+01,-1.427571e+02,1.061438e+01,1.631748e+02,28,74.082613,0.134696,550,-2.189909e+00,0.116183,SCP
2025-11-15T01:16:54,1763169413.847062,   816440981.37,4559.379555,63116,24808,osion,1.983651e+02,2.338583e+01,-1.427169e+02,1.042587e+01,1.633611e+02,28,37.039747,0.067345,550,-2.140425e+00,0.164311,SCP
2025-11-15T01:16:58,1763169417.847054,   816440985.37,4563.379555,63116,24808,osion,1.982299e+02,2.339056e+01,-1.426635e+02,1.017448e+01,1.636084e+02,28,37.039747,0.067345,550,-2.260858e+00,0.164311,SCP
2025-11-15T01:17:06,1763169425.847037,   816440993.37,4571.379555,63116,24808,osion,1.980207e+02,2.339972e+01,-1.425569e+02,9.671587e+00,1.640996e+02,28,74.082613,0.134696,550,-2.368640e+00,0.116183,SCP
2025-11-15T01:17:17,1763169436.847014,   816441004.37,4582.379555,63116,24808,osion,1.978666e+02,2.341250e+01,-1.424111e+02,8.979916e+00,1.647740e+02,28,37.039747,0.067345,550,-2.283573e+00,0.164311,SCP
2025-11-15T01:17:20,1763169439.847008,   816441007.37,4585.379555,63116,24808,osion,1.978514e+02,2.341583e+01,-1.423714e+02,8.791248e+00,1.649560e+02,28,37.039747,0.067345,550,-2.309824e+00,0.164311,SCP
2025-11-15T01:17:31,1763169450.846985,   816441018.37,4596.379555,63116,24808,osion,1.978942e+02,2.342861e+01,-1.422265e+02,8.099380e+00,1.656257e+02,28,74.082613,0.134696,550,-2.066338e+00,0.116183,SCP
2025-11-15T01:17:46,1763169465.846954,   816441033.37,4611.379555,63116,24808,osion,1.982018e+02,2.344556e+01,-1.420298e+02,7.155819e+00,1.665274e+02,28,37.039747,0.067345,550,-2.291331e+00,0.164311,SCP
2025-11-15T01:17:50,1763169469.846946,   816441037.37,4615.379555,63116,24808,osion,1.983325e+02,2.345028e+01,-1.419776e+02,6.904203e+00,1.667680e+02,28,37.039747,0.067345,550,-2.253857e+00,0.164311,SCP
2025-11-15T01:17:54,1763169473.846937,   816441041.37,4619.379555,63116,24808,osion,1.984835e+02,2.345472e+01,-1.419254e+02,6.652592e+00,1.670054e+02,28,148.205345,0.269464,550,-2.171509e+00,0.082143,SCP
2025-11-15T01:17:57,1763169476.846931,   816441044.37,4622.379555,63116,24808,osion,1.986102e+02,2.345833e+01,-1.418863e+02,6.463891e+00,1.671854e+02,28,37.039747,0.067345,550,-2.300515e+00,0.164311,SCP
2025-11-15T01:18:01,1763169480.846922,   816441048.37,4626.379555,63116,24808,osion,1.987970e+02,2.346278e+01,-1.418343e+02,6.212300e+00,1.674213e+02,28,185.254347,0.336826,550,-2.114689e+00,0.073471,SCP
2025-11-15T01:18:05,1763169484.846914,   816441052.37,4630.379555,63116,24808,osion,1.990043e+02,2.346722e+01,-1.417823e+02,5.960725e+00,1.676562e+02,28,185.254347,0.336826,550,-2.091787e+00,0.073471,SCP
2025-11-15T01:18:08,1763169487.846908,   816441055.37,4633.379555,63116,24808,osion,1.991732e+02,2.347083e+01,-1.417434e+02,5.772056e+00,1.678344e+02,28,259.348386,0.471543,550,-1.457174e+00,0.062095,SCP
2025-11-15T01:18:12,1763169491.846900,   816441059.37,4637.379555,63116,24808,osion,1.994162e+02,2.347528e+01,-1.416916e+02,5.520516e+00,1.680675e+02,28,962.996819,1.750903,550,-8.636150e-01,0.032225,SCP
2025-11-15T01:18:19,1763169498.846885,   816441066.37,4644.379555,63116,24808,osion,1.998906e+02,2.348333e+01,-1.416010e+02,5.080385e+00,1.684756e+02,28,2851.916175,5.185302,550,-8.215109e-01,0.018725,SCP
2025-11-15T01:18:25,1763169504.846872,   816441072.37,4650.379555,63116,24808,osion,2.003469e+02,2.349000e+01,-1.415235e+02,4.703204e+00,1.688201e+02,28,3037.061284,5.521930,550,-7.396788e-01,0.018146,SCP
2025-11-15T01:18:31,1763169510.846860,   816441078.37,4656.379555,63116,24808,osion,2.008492e+02,2.349667e+01,-1.414462e+02,4.326103e+00,1.691614e+02,28,1222.282298,2.222332,550,-9.515439e-01,0.028603,SCP
2025-11-15T01:18:40,1763169519.846842,   816441087.37,4665.379555,63116,24808,osion,2.016885e+02,2.350694e+01,-1.413304e+02,3.760631e+00,1.696701e+02,28,333.360428,0.606110,550,-1.946764e+00,0.054770,SCP
2025-11-15T01:18:43,1763169522.846835,   816441090.37,4668.379555,63116,24808,osion,2.019911e+02,2.351028e+01,-1.412919e+02,3.572193e+00,1.698368e+02,28,148.205345,0.269464,550,-2.274412e+00,0.082143,SCP
2025-11-15T01:18:47,1763169526.846826,   816441094.37,4672.379555,63116,24808,osion,2.024125e+02,2.351472e+01,-1.412405e+02,3.320987e+00,1.700575e+02,28,370.397465,0.673450,550,-2.698886e+00,0.051960,SCP
2025-11-15T01:18:51,1763169530.846819,   816441098.37,4676.379555,63116,24808,osion,2.028541e+02,2.351944e+01,-1.411892e+02,3.069835e+00,1.702794e+02,28,333.360428,0.606110,550,-3.664864e+00,0.054770,SCP
2025-11-15T01:18:55,1763169534.846810,   816441102.37,4680.379555,63116,24808,osion,2.033161e+02,2.352389e+01,-1.411380e+02,2.818742e+00,1.704961e+02,28,777.808973,1.414198,550,-5.028880e+00,0.035856,SCP
2025-11-15T01:18:58,1763169537.846804,   816441105.37,4683.379555,63116,24808,osion,2.036759e+02,2.352722e+01,-1.410996e+02,2.630462e+00,1.706572e+02,28,888.946690,1.616267,550,-5.854538e+00,0.033540,SCP
2025-11-15T01:19:02,1763169541.846796,   816441109.37,4687.379555,63116,24808,osion,2.041734e+02,2.353167e+01,-1.410484e+02,2.379478e+00,1.708700e+02,28,74.082613,0.134696,550,-5.911107e+00,0.116183,SCP
2025-11-15T01:19:06,1763169545.846787,   816441113.37,4691.379555,63116,24808,osion,2.046912e+02,2.353611e+01,-1.409973e+02,2.128560e+00,1.710803e+02,28,74.082613,0.134696,550,-5.884720e+00,0.116183,SCP
2025-11-15T01:19:09,1763169548.846781,   816441116.37,4694.379555,63116,24808,osion,2.050928e+02,2.353944e+01,-1.409590e+02,1.940419e+00,1.712363e+02,28,185.254347,0.336826,550,-5.859714e+00,0.073471,SCP
2025-11-15T01:19:13,1763169552.846772,   816441120.37,4698.379555,63116,24808,osion,2.056460e+02,2.354389e+01,-1.409080e+02,1.689627e+00,1.714418e+02,28,37.039747,0.067345,550,-5.353507e+00,0.164311,SCP
2025-11-15T01:19:17,1763169556.846765,   816441124.37,4702.379555,63116,24808,osion,2.062194e+02,2.354861e+01,-1.408570e+02,1.438912e+00,1.716476e+02,28,666.752059,1.212276,550,-5.316341e+00,0.038727,SCP
2025-11-15T01:19:21,1763169560.846756,   816441128.37,4706.379555,63116,24808,osion,2.068130e+02,2.355306e+01,-1.408060e+02,1.188275e+00,1.718469e+02,28,37.039747,0.067345,550,-4.692466e+00,0.164311,SCP
2025-11-15T01:19:24,1763169563.846749,   816441131.37,4709.379555,63116,24808,osion,2.072715e+02,2.355639e+01,-1.407678e+02,1.000352e+00,1.719941e+02,28,222.264248,0.404117,550,-2.482061e+00,0.067076,SCP
2025-11-15T01:19:28,1763169567.846742,   816441135.37,4713.379555,63116,24808,osion,2.079004e+02,2.356083e+01,-1.407169e+02,7.498625e-01,1.721872e+02,28,111.195882,0.202174,550,-1.573156e+00,0.094832,SCP
2025-11-15T01:19:32,1763169571.846733,   816441139.37,4717.379555,63116,24808,osion,2.085495e+02,2.356528e+01,-1.406660e+02,4.994621e-01,1.723763e+02,28,148.205345,0.269464,550,-2.085089e+00,0.082143,SCP
2025-11-15T01:19:35,1763169574.846727,   816441142.37,4720.379555,63116,24808,osion,2.090495e+02,2.356861e+01,-1.406279e+02,3.117211e-01,1.725153e+02,28,222.264248,0.404117,550,-2.310743e+00,0.067076,SCP
2025-11-15T01:19:39,1763169578.846718,   816441146.37,4724.379555,63116,24808,osion,2.097338e+02,2.357306e+01,-1.405770e+02,6.148338e-02,1.726968e+02,28,111.195882,0.202174,550,-1.982481e+00,0.094832,SCP
2025-11-15T01:19:43,1763169582.846710,   816441150.37,4728.379555,63116,24808,osion,2.104382e+02,2.357750e+01,-1.405262e+02,-1.886578e-01,1.728735e+02,28,481.557712,0.875559,550,-1.521440e+00,0.045570,SCP
2025-11-15T01:19:46,1763169585.846704,   816441153.37,4731.379555,63116,24808,osion,2.109797e+02,2.358083e+01,-1.404881e+02,-3.761969e-01,1.730026e+02,28,851.869745,1.548854,550,-1.383171e+00,0.034262,SCP
2025-11-15T01:19:50,1763169589.846696,   816441157.37,4735.379555,63116,24808,osion,2.117192e+02,2.358528e+01,-1.404374e+02,-6.261598e-01,1.731700e+02,28,333.360428,0.606110,550,-1.133260e+00,0.054770,SCP
2025-11-15T01:19:54,1763169593.846688,   816441161.37,4739.379555,63116,24808,osion,2.124788e+02,2.358972e+01,-1.403866e+02,-8.760154e-01,1.733315e+02,28,222.264248,0.404117,550,-1.308192e+00,0.067076,SCP
2025-11-15T01:20:01,1763169600.846672,   816441168.37,4746.379555,63116,24808,osion,2.138561e+02,2.359778e+01,-1.402979e+02,-1.312998e+00,1.736027e+02,28,74.082613,0.134696,550,-1.308197e+00,0.116183,SCP
2025-11-15T01:20:05,1763169604.846665,   816441172.37,4750.379555,63116,24808,osion,2.146706e+02,2.360222e+01,-1.402472e+02,-1.562545e+00,1.737459e+02,28,37.039747,0.067345,550,-1.882649e+00,0.164311,SCP
2025-11-15T01:20:09,1763169608.846656,   816441176.37,4754.379555,63116,24808,osion,2.155050e+02,2.360667e+01,-1.401965e+02,-1.811974e+00,1.738815e+02,28,111.195882,0.202174,550,-1.910870e+00,0.094832,SCP
2025-11-15T01:20:13,1763169612.846647,   816441180.37,4758.379555,63116,24808,osion,2.163594e+02,2.361111e+01,-1.401458e+02,-2.061281e+00,1.740090e+02,28,259.348386,0.471543,550,-1.588004e+00,0.062095,SCP
2025-11-15T01:20:16,1763169615.846642,   816441183.37,4761.379555,63116,24808,osion,2.170132e+02,2.361444e+01,-1.401079e+02,-2.248179e+00,1.740990e+02,28,296.311945,0.538749,550,-1.680406e+00,0.058093,SCP
2025-11-15T01:20:20,1763169619.846633,   816441187.37,4765.379555,63116,24808,osion,2.179023e+02,2.361889e+01,-1.400572e+02,-2.497267e+00,1.742112e+02,28,74.082613,0.134696,550,-1.874971e+00,0.116183,SCP
2025-11-15T01:20:24,1763169623.846625,   816441191.37,4769.379555,63116,24808,osion,2.188112e+02,2.362333e+01,-1.400066e+02,-2.746223e+00,1.743139e+02,28,259.348386,0.471543,550,-1.930947e+00,0.062095,SCP
2025-11-15T01:20:28,1763169627.846617,   816441195.37,4773.379555,63116,24808,osion,2.197400e+02,2.362778e+01,-1.399559e+02,-2.995047e+00,1.744065e+02,28,296.311945,0.538749,550,-1.916041e+00,0.058093,SCP
2025-11-15T01:20:31,1763169630.846610,   816441198.37,4776.379555,63116,24808,osion,2.204495e+02,2.363111e+01,-1.399180e+02,-3.181575e+00,1.744692e+02,28,222.264248,0.404117,550,-1.699471e+00,0.067076,SCP
2025-11-15T01:20:35,1763169634.846602,   816441202.37,4780.379555,63116,24808,osion,2.214129e+02,2.363556e+01,-1.398673e+02,-3.430158e+00,1.745431e+02,28,370.397465,0.673450,550,-1.451144e+00,0.051960,SCP
2025-11-15T01:20:39,1763169638.846593,   816441206.37,4784.379555,63116,24808,osion,2.223959e+02,2.364000e+01,-1.398167e+02,-3.678598e+00,1.746059e+02,28,222.264248,0.404117,550,-1.459322e+00,0.067076,SCP
2025-11-15T01:20:42,1763169641.846588,   816441209.37,4787.379555,63116,24808,osion,2.231462e+02,2.364333e+01,-1.397787e+02,-3.864834e+00,1.746453e+02,28,407.425231,0.740773,550,-1.457482e+00,0.049542,SCP
2025-11-15T01:20:46,1763169645.846579,   816441213.37,4791.379555,63116,24808,osion,2.241637e+02,2.364778e+01,-1.397281e+02,-4.113018e+00,1.746874e+02,28,296.311945,0.538749,550,-1.538778e+00,0.058093,SCP
2025-11-15T01:20:50,1763169649.846570,   816441217.37,4795.379555,63116,24808,osion,2.252008e+02,2.365222e+01,-1.396775e+02,-4.361053e+00,1.747174e+02,28,111.195882,0.202174,550,-1.935106e+00,0.094832,SCP
2025-11-15T01:20:53,1763169652.846565,   816441220.37,4798.379555,63116,24808,osion,2.259915e+02,2.365556e+01,-1.396395e+02,-4.546978e+00,1.747318e+02,28,37.039747,0.067345,550,-1.915696e+00,0.164311,SCP
2025-11-15T01:20:57,1763169656.846556,   816441224.37,4802.379555,63116,24808,osion,2.270629e+02,2.366000e+01,-1.395888e+02,-4.794743e+00,1.747400e+02,28,74.082613,0.134696,550,-2.115299e+00,0.116183,SCP
2025-11-15T01:21:01,1763169660.846548,   816441228.37,4806.379555,63116,24808,osion,2.281539e+02,2.366444e+01,-1.395382e+02,-5.042348e+00,1.747359e+02,28,37.039747,0.067345,550,-1.894681e+00,0.164311,SCP
2025-11-15T01:21:05,1763169664.846539,   816441232.37,4810.379555,63116,24808,osion,2.292644e+02,2.366889e+01,-1.394875e+02,-5.289792e+00,1.747193e+02,28,37.039747,0.067345,550,-1.886529e+00,0.164311,SCP
2025-11-15T01:21:08,1763169667.846533,   816441235.37,4813.379555,63116,24808,osion,2.301100e+02,2.367222e+01,-1.394495e+02,-5.475266e+00,1.746988e+02,28,111.195882,0.202174,550,-1.478246e+00,0.094832,SCP
2025-11-15T01:21:16,1763169675.846517,   816441243.37,4821.379555,63116,24808,osion,2.324184e+02,2.368139e+01,-1.393481e+02,-5.969404e+00,1.746147e+02,28,74.082613,0.134696,550,-1.192964e+00,0.116183,SCP
2025-11-15T01:21:23,1763169682.846502,   816441250.37,4828.379555,63116,24808,osion,2.345019e+02,2.368917e+01,-1.392593e+02,-6.401207e+00,1.745000e+02,28,74.082613,0.134696,550,-2.034041e+00,0.116183,SCP
2025-11-15T01:21:41,1763169700.846465,   816441268.37,4846.379555,63116,24808,osion,2.401304e+02,2.370917e+01,-1.390308e+02,-7.509018e+00,1.740603e+02,28,111.195882,0.202174,550,-2.798786e+00,0.094832,SCP
2025-11-15T01:22:16,1763169735.846409,   816441303.37,4881.379555,63116,24808,osion,2.521799e+02,2.374833e+01,-1.385846e+02,-9.651788e+00,1.727581e+02,28,37.039747,0.067345,550,-2.690771e+00,0.164311,SCP
2025-11-15T01:22:19,1763169738.847484,   816441306.37,4884.379555,63116,24808,osion,2.532799e+02,2.375167e+01,-1.385462e+02,-9.834713e+00,1.726264e+02,28,37.039747,0.067345,550,-2.844851e+00,0.164311,SCP
2025-11-15T01:22:21,1763169740.847424,   816441308.37,4886.379555,63116,24808,osion,2.540191e+02,2.375389e+01,-1.385206e+02,-9.956594e+00,1.725373e+02,28,74.082613,0.134696,550,-2.896432e+00,0.116183,SCP
2025-11-15T01:22:24,1763169743.847366,   816441311.37,4889.379555,63116,24808,osion,2.551367e+02,2.375750e+01,-1.384822e+02,-1.013931e+01,1.724037e+02,28,74.082613,0.134696,550,-3.254623e+00,0.116183,SCP
2025-11-15T01:22:27,1763169746.847370,   816441314.37,4892.379555,63116,24808,osion,2.562648e+02,2.376083e+01,-1.384437e+02,-1.032191e+01,1.722658e+02,28,74.082613,0.134696,550,-3.164136e+00,0.116183,SCP
2025-11-15T01:22:30,1763169749.847362,   816441317.37,4895.379555,63116,24808,osion,2.574033e+02,2.376417e+01,-1.384052e+02,-1.050438e+01,1.721260e+02,28,703.739826,1.279527,550,-2.747811e+00,0.037696,SCP
2025-11-15T01:22:33,1763169752.847356,   816441320.37,4898.379555,63116,24808,osion,2.585523e+02,2.376750e+01,-1.383667e+02,-1.068672e+01,1.719842e+02,28,333.360428,0.606110,550,-2.263033e+00,0.054770,SCP
2025-11-15T01:22:36,1763169755.847350,   816441323.37,4901.379555,63116,24808,osion,2.597118e+02,2.377083e+01,-1.383282e+02,-1.086894e+01,1.718406e+02,28,222.264248,0.404117,550,-2.151265e+00,0.067076,SCP
2025-11-15T01:22:39,1763169758.847344,   816441326.37,4904.379555,63116,24808,osion,2.608816e+02,2.377417e+01,-1.382896e+02,-1.105103e+01,1.716953e+02,28,259.348386,0.471543,550,-1.989229e+00,0.062095,SCP
2025-11-15T01:22:42,1763169761.847338,   816441329.37,4907.379555,63116,24808,osion,2.620619e+02,2.377778e+01,-1.382510e+02,-1.123298e+01,1.715500e+02,28,111.195882,0.202174,550,-1.665077e+00,0.094832,SCP
2025-11-15T01:22:45,1763169764.847332,   816441332.37,4910.379555,63116,24808,osion,2.632525e+02,2.378111e+01,-1.382124e+02,-1.141481e+01,1.714015e+02,28,259.348386,0.471543,550,-1.038133e+00,0.062095,SCP
2025-11-15T01:22:48,1763169767.847326,   816441335.37,4913.379555,63116,24808,osion,2.644535e+02,2.378444e+01,-1.381738e+02,-1.159651e+01,1.712516e+02,28,74.082613,0.134696,550,-1.777035e+00,0.116183,SCP
2025-11-15T01:22:54,1763169773.847313,   816441341.37,4919.379555,63116,24808,osion,2.668864e+02,2.379111e+01,-1.380963e+02,-1.195949e+01,1.709478e+02,28,37.039747,0.067345,550,-2.090291e+00,0.164311,SCP
2025-11-15T01:23:02,1763169781.847296,   816441349.37,4927.379555,63116,24808,osion,2.701943e+02,2.380028e+01,-1.379929e+02,-1.244263e+01,1.705366e+02,28,111.195882,0.202174,550,-2.139010e+00,0.094832,SCP
2025-11-15T01:23:08,1763169787.847283,   816441355.37,4933.379555,63116,24808,osion,2.727231e+02,2.380694e+01,-1.379152e+02,-1.280435e+01,1.702223e+02,28,74.082613,0.134696,550,-1.232381e+00,0.116183,SCP
2025-11-15T01:23:11,1763169790.847277,   816441358.37,4936.379555,63116,24808,osion,2.740028e+02,2.381056e+01,-1.378763e+02,-1.298499e+01,1.700650e+02,28,37.039747,0.067345,550,-1.294245e+00,0.164311,SCP
2025-11-15T01:23:17,1763169796.847265,   816441364.37,4942.379555,63116,24808,osion,2.765926e+02,2.381722e+01,-1.377983e+02,-1.334586e+01,1.697453e+02,28,37.039747,0.067345,550,-2.264194e+00,0.164311,SCP
2025-11-15T01:23:20,1763169799.847259,   816441367.37,4945.379555,63116,24808,osion,2.779027e+02,2.382083e+01,-1.377593e+02,-1.352608e+01,1.695853e+02,28,259.348386,0.471543,550,-2.360121e+00,0.062095,SCP
2025-11-15T01:23:40,1763169819.847217,   816441387.37,4965.379555,63116,24808,osion,2.868940e+02,2.384361e+01,-1.374979e+02,-1.472379e+01,1.684967e+02,28,185.254347,0.336826,550,-2.372684e+00,0.073471,SCP
2025-11-15T01:23:46,1763169825.847204,   816441393.37,4971.379555,63116,24808,osion,2.896779e+02,2.385028e+01,-1.374192e+02,-1.508181e+01,1.681648e+02,28,37.039747,0.067345,550,-2.441041e+00,0.164311,SCP
2025-11-15T01:23:52,1763169831.847192,   816441399.37,4977.379555,63116,24808,osion,2.925015e+02,2.385722e+01,-1.373402e+02,-1.543922e+01,1.678319e+02,28,111.195882,0.202174,550,-2.730113e+00,0.094832,SCP
2025-11-15T01:23:58,1763169837.847179,   816441405.37,4983.379555,63116,24808,osion,2.953646e+02,2.386417e+01,-1.372610e+02,-1.579600e+01,1.674975e+02,28,37.039747,0.067345,550,-2.325951e+00,0.164311,SCP
2025-11-15T01:24:01,1763169840.847173,   816441408.37,4986.379555,63116,24808,osion,2.968108e+02,2.386778e+01,-1.372214e+02,-1.597416e+01,1.673300e+02,28,111.195882,0.202174,550,-2.336835e+00,0.094832,SCP
2025-11-15T01:24:06,1763169845.847163,   816441413.37,4991.379555,63116,24808,osion,2.992430e+02,2.387333e+01,-1.371552e+02,-1.627074e+01,1.670491e+02,28,74.082613,0.134696,550,-3.041079e+00,0.116183,SCP
2025-11-15T01:24:09,1763169848.847157,   816441416.37,4994.379555,63116,24808,osion,3.007153e+02,2.387694e+01,-1.371154e+02,-1.644847e+01,1.668807e+02,28,222.264248,0.404117,550,-3.047504e+00,0.067076,SCP
2025-11-15T01:24:12,1763169851.847151,   816441419.37,4997.379555,63116,24808,osion,3.021973e+02,2.388028e+01,-1.370755e+02,-1.662605e+01,1.667115e+02,28,185.254347,0.336826,550,-3.304078e+00,0.073471,SCP
2025-11-15T01:24:15,1763169854.847145,   816441422.37,5000.379555,63116,24808,osion,3.036890e+02,2.388389e+01,-1.370356e+02,-1.680346e+01,1.665426e+02,28,37.039747,0.067345,550,-3.628658e+00,0.164311,SCP
2025-11-15T01:24:21,1763169860.847131,   816441428.37,5006.379555,63116,24808,osion,3.067015e+02,2.389083e+01,-1.369557e+02,-1.715780e+01,1.662035e+02,28,74.082613,0.134696,550,-4.281960e+00,0.116183,SCP
2025-11-15T01:24:27,1763169866.847119,   816441434.37,5012.379555,63116,24808,osion,3.097524e+02,2.389778e+01,-1.368755e+02,-1.751148e+01,1.658635e+02,28,222.264248,0.404117,550,-4.098788e+00,0.067076,SCP
2025-11-15T01:24:30,1763169869.847113,   816441437.37,5015.379555,63116,24808,osion,3.112923e+02,2.390111e+01,-1.368353e+02,-1.768807e+01,1.656930e+02,28,37.039747,0.067345,550,-3.970635e+00,0.164311,SCP
2025-11-15T01:24:33,1763169872.847106,   816441440.37,5018.379555,63116,24808,osion,3.128417e+02,2.390472e+01,-1.367951e+02,-1.786449e+01,1.655227e+02,28,148.205345,0.269464,550,-4.245834e+00,0.082143,SCP
2025-11-15T01:24:36,1763169875.847100,   816441443.37,5021.379555,63116,24808,osion,3.144006e+02,2.390833e+01,-1.367548e+02,-1.804075e+01,1.653523e+02,28,222.264248,0.404117,550,-4.026024e+00,0.067076,SCP
2025-11-15T01:24:41,1763169880.847090,   816441448.37,5026.379555,63116,24808,osion,3.170200e+02,2.391417e+01,-1.366875e+02,-1.833413e+01,1.650677e+02,28,259.348386,0.471543,550,-3.506863e+00,0.062095,SCP
2025-11-15T01:24:53,1763169892.847064,   816441460.37,5038.379555,63116,24808,osion,3.234134e+02,2.392806e+01,-1.365252e+02,-1.903633e+01,1.643831e+02,28,37.039747,0.067345,550,-2.351390e+00,0.164311,SCP
2025-11-15T01:25:02,1763169901.847046,   816441469.37,5047.379555,63116,24808,osion,3.283068e+02,2.393861e+01,-1.364029e+02,-1.956115e+01,1.638688e+02,28,111.195882,0.202174,550,-4.041239e+00,0.094832,SCP
2025-11-15T01:25:05,1763169904.847040,   816441472.37,5050.379555,63116,24808,osion,3.299566e+02,2.394222e+01,-1.363620e+02,-1.973574e+01,1.636973e+02,28,37.039747,0.067345,550,-4.396224e+00,0.164311,SCP
2025-11-15T01:25:08,1763169907.847034,   816441475.37,5053.379555,63116,24808,osion,3.316156e+02,2.394583e+01,-1.363210e+02,-1.991015e+01,1.635258e+02,28,74.082613,0.134696,550,-4.405128e+00,0.116183,SCP
2025-11-15T01:25:11,1763169910.847027,   816441478.37,5056.379555,63116,24808,osion,3.332838e+02,2.394944e+01,-1.362799e+02,-2.008439e+01,1.633542e+02,28,74.082613,0.134696,550,-5.605182e+00,0.116183,SCP
2025-11-15T01:25:14,1763169913.847021,   816441481.37,5059.379555,63116,24808,osion,3.349612e+02,2.395278e+01,-1.362388e+02,-2.025845e+01,1.631824e+02,28,185.254347,0.336826,550,-7.052179e+00,0.073471,SCP
2025-11-15T01:25:19,1763169918.847011,   816441486.37,5064.379555,63116,24808,osion,3.377773e+02,2.395889e+01,-1.361701e+02,-2.054814e+01,1.628963e+02,28,111.195882,0.202174,550,-7.104852e+00,0.094832,SCP
2025-11-15T01:25:22,1763169921.847005,   816441489.37,5067.379555,63116,24808,osion,3.394792e+02,2.396250e+01,-1.361288e+02,-2.072172e+01,1.627246e+02,28,74.082613,0.134696,550,-6.789792e+00,0.116183,SCP
2025-11-15T01:25:26,1763169925.846996,   816441493.37,5071.379555,63116,24808,osion,3.417624e+02,2.396722e+01,-1.360736e+02,-2.095287e+01,1.624956e+02,28,37.039747,0.067345,550,-5.437854e+00,0.164311,SCP
2025-11-15T01:25:35,1763169934.846977,   816441502.37,5080.379555,63116,24808,osion,3.469587e+02,2.397778e+01,-1.359490e+02,-2.147178e+01,1.619803e+02,28,37.039747,0.067345,550,-4.006317e+00,0.164311,SCP
2025-11-15T01:25:46,1763169945.846955,   816441513.37,5091.379555,63116,24808,osion,3.534195e+02,2.399111e+01,-1.357956e+02,-2.210374e+01,1.613507e+02,28,148.205345,0.269464,550,-2.759116e+00,0.082143,SCP
2025-11-15T01:25:49,1763169948.846948,   816441516.37,5094.379555,63116,24808,osion,3.552023e+02,2.399472e+01,-1.357536e+02,-2.227566e+01,1.611791e+02,28,37.039747,0.067345,550,-3.066353e+00,0.164311,SCP
2025-11-15T01:25:52,1763169951.846942,   816441519.37,5097.379555,63116,24808,osion,3.569940e+02,2.399833e+01,-1.357116e+02,-2.244739e+01,1.610075e+02,28,37.039747,0.067345,550,-2.616826e+00,0.164311,SCP
2025-11-15T01:25:58,1763169957.846930,   816441525.37,5103.379555,63116,24808,osion,3.606039e+02,5.555556e-03,-1.356272e+02,-2.279028e+01,1.606644e+02,28,37.039747,0.067345,550,-2.375998e+00,0.164311,SCP
2025-11-15T01:26:01,1763169960.846924,   816441528.37,5106.379555,63116,24808,osion,3.624221e+02,9.166667e-03,-1.355848e+02,-2.296144e+01,1.604930e+02,28,74.082613,0.134696,550,-2.163234e+00,0.116183,SCP
2025-11-15T01:26:04,1763169963.846918,   816441531.37,5109.379555,63116,24808,osion,3.642490e+02,1.277778e-02,-1.355424e+02,-2.313241e+01,1.603216e+02,28,74.082613,0.134696,550,-1.959577e+00,0.116183,SCP
2025-11-15T01:26:10,1763169969.846904,   816441537.37,5115.379555,63116,24808,osion,3.679289e+02,2.000000e-02,-1.354574e+02,-2.347377e+01,1.599790e+02,28,74.082613,0.134696,550,-1.846071e+00,0.116183,SCP
2025-11-15T01:26:13,1763169972.846898,   816441540.37,5118.379555,63116,24808,osion,3.697819e+02,2.388889e-02,-1.354147e+02,-2.364416e+01,1.598077e+02,28,111.195882,0.202174,550,-1.682505e+00,0.094832,SCP
2025-11-15T01:26:15,1763169974.846894,   816441542.37,5120.379555,63116,24808,osion,3.710220e+02,2.611111e-02,-1.353862e+02,-2.375764e+01,1.596937e+02,28,148.205345,0.269464,550,-1.590468e+00,0.082143,SCP
2025-11-15T01:26:24,1763169983.846875,   816441551.37,5129.379555,63116,24808,osion,3.766500e+02,3.722222e-02,-1.352575e+02,-2.426726e+01,1.591806e+02,28,111.195882,0.202174,550,-1.496789e+00,0.094832,SCP
2025-11-15T01:26:27,1763169986.846869,   816441554.37,5132.379555,63116,24808,osion,3.785431e+02,4.083333e-02,-1.352144e+02,-2.443674e+01,1.590098e+02,28,74.082613,0.134696,550,-1.580097e+00,0.116183,SCP
2025-11-15T01:26:30,1763169989.846863,   816441557.37,5135.379555,63116,24808,osion,3.804447e+02,4.472222e-02,-1.351712e+02,-2.460602e+01,1.588389e+02,28,37.039747,0.067345,550,-1.683315e+00,0.164311,SCP
2025-11-15T01:26:33,1763169992.846857,   816441560.37,5138.379555,63116,24808,osion,3.823548e+02,4.833333e-02,-1.351280e+02,-2.477511e+01,1.586683e+02,28,74.082613,0.134696,550,-1.693343e+00,0.116183,SCP
2025-11-15T01:26:36,1763169995.846851,   816441563.37,5141.379555,63116,24808,osion,3.842734e+02,5.194444e-02,-1.350846e+02,-2.494400e+01,1.584977e+02,28,111.195882,0.202174,550,-1.692275e+00,0.094832,SCP
2025-11-15T01:26:45,1763170004.846831,   816441572.37,5150.379555,63116,24808,osion,3.900796e+02,6.305556e-02,-1.349539e+02,-2.544946e+01,1.579865e+02,28,74.082613,0.134696,550,-1.870607e+00,0.116183,SCP
2025-11-15T01:27:17,1763170036.846766,   816441604.37,5182.379555,63116,24808,osion,4.113270e+02,1.033333e-01,-1.344821e+02,-2.723190e+01,1.561767e+02,28,74.082613,0.134696,550,-4.332711e+00,0.116183,SCP
2025-11-15T01:27:20,1763170039.846759,   816441607.37,5185.379555,63116,24808,osion,4.133664e+02,1.069444e-01,-1.344372e+02,-2.739781e+01,1.560079e+02,28,148.205345,0.269464,550,-4.724859e+00,0.082143,SCP
2025-11-15T01:27:28,1763170047.846742,   816441615.37,5193.379555,63116,24808,osion,4.188439e+02,1.172222e-01,-1.343171e+02,-2.783921e+01,1.555578e+02,28,74.082613,0.134696,550,-5.858960e+00,0.116183,SCP
2025-11-15T01:27:31,1763170050.846735,   816441618.37,5196.379555,63116,24808,osion,4.209126e+02,1.211111e-01,-1.342719e+02,-2.800435e+01,1.553893e+02,28,148.205345,0.269464,550,-5.388034e+00,0.082143,SCP
2025-11-15T01:27:37,1763170056.846723,   816441624.37,5202.379555,63116,24808,osion,4.250736e+02,1.286111e-01,-1.341810e+02,-2.833400e+01,1.550529e+02,28,74.082613,0.134696,550,-5.494953e+00,0.116183,SCP
2025-11-15T01:27:43,1763170062.846711,   816441630.37,5208.379555,63116,24808,osion,4.292661e+02,1.363889e-01,-1.340897e+02,-2.866281e+01,1.547168e+02,28,185.254347,0.336826,550,-5.546596e+00,0.073471,SCP
2025-11-15T01:27:46,1763170065.846705,   816441633.37,5211.379555,63116,24808,osion,4.313740e+02,1.402778e-01,-1.340439e+02,-2.882690e+01,1.545490e+02,28,37.039747,0.067345,550,-5.533395e+00,0.164311,SCP
2025-11-15T01:27:49,1763170068.846698,   816441636.37,5214.379555,63116,24808,osion,4.334897e+02,1.441667e-01,-1.339980e+02,-2.899077e+01,1.543813e+02,28,111.195882,0.202174,550,-5.513825e+00,0.094832,SCP
2025-11-15T01:27:55,1763170074.846686,   816441642.37,5220.379555,63116,24808,osion,4.377443e+02,1.519444e-01,-1.339057e+02,-2.931788e+01,1.540464e+02,28,111.195882,0.202174,550,-4.171964e+00,0.094832,SCP
2025-11-15T01:27:58,1763170077.846680,   816441645.37,5223.379555,63116,24808,osion,4.398831e+02,1.558333e-01,-1.338594e+02,-2.948111e+01,1.538792e+02,28,296.311945,0.538749,550,-3.979632e+00,0.058093,SCP
2025-11-15T01:28:04,1763170083.846667,   816441651.37,5229.379555,63116,24808,osion,4.441837e+02,1.636111e-01,-1.337665e+02,-2.980693e+01,1.535453e+02,28,148.205345,0.269464,550,-4.421913e+00,0.082143,SCP
2025-11-15T01:28:07,1763170086.846661,   816441654.37,5232.379555,63116,24808,osion,4.463454e+02,1.675000e-01,-1.337198e+02,-2.996952e+01,1.533785e+02,28,148.205345,0.269464,550,-4.400512e+00,0.082143,SCP
2025-11-15T01:28:10,1763170089.846654,   816441657.37,5235.379555,63116,24808,osion,4.485147e+02,1.713889e-01,-1.336730e+02,-3.013189e+01,1.532120e+02,28,111.195882,0.202174,550,-4.255362e+00,0.094832,SCP
2025-11-15T01:28:13,1763170092.846648,   816441660.37,5238.379555,63116,24808,osion,4.506915e+02,1.755556e-01,-1.336261e+02,-3.029405e+01,1.530452e+02,28,37.039747,0.067345,550,-3.815622e+00,0.164311,SCP
2025-11-15T01:28:16,1763170095.846642,   816441663.37,5241.379555,63116,24808,osion,4.528758e+02,1.794444e-01,-1.335790e+02,-3.045598e+01,1.528790e+02,28,37.039747,0.067345,550,-3.777472e+00,0.164311,SCP
2025-11-15T01:28:21,1763170100.846632,   816441668.37,5246.379555,63116,24808,osion,4.565329e+02,1.861111e-01,-1.335003e+02,-3.072540e+01,1.526020e+02,28,74.082613,0.134696,550,-4.932098e+00,0.116183,SCP
2025-11-15T01:28:27,1763170106.846620,   816441674.37,5252.379555,63116,24808,osion,4.609486e+02,1.938889e-01,-1.334054e+02,-3.104789e+01,1.522706e+02,28,37.039747,0.067345,550,-5.991778e+00,0.164311,SCP
2025-11-15T01:28:33,1763170112.846606,   816441680.37,5258.379555,63116,24808,osion,4.653939e+02,2.019444e-01,-1.333100e+02,-3.136951e+01,1.519396e+02,28,148.205345,0.269464,550,-5.893936e+00,0.082143,SCP
2025-11-15T01:28:36,1763170115.846600,   816441683.37,5261.379555,63116,24808,osion,4.676275e+02,2.058333e-01,-1.332620e+02,-3.152999e+01,1.517745e+02,28,296.311945,0.538749,550,-5.884172e+00,0.058093,SCP
2025-11-15T01:28:45,1763170124.846581,   816441692.37,5270.379555,63116,24808,osion,4.743719e+02,2.180556e-01,-1.331175e+02,-3.201011e+01,1.512795e+02,28,37.039747,0.067345,550,-4.619847e+00,0.164311,SCP
2025-11-15T01:28:48,1763170127.846575,   816441695.37,5273.379555,63116,24808,osion,4.766344e+02,2.219444e-01,-1.330690e+02,-3.216970e+01,1.511151e+02,28,111.195882,0.202174,550,-5.324693e+00,0.094832,SCP
2025-11-15T01:28:54,1763170133.846563,   816441701.37,5279.379555,63116,24808,osion,4.811811e+02,2.302778e-01,-1.329716e+02,-3.248822e+01,1.507861e+02,28,111.195882,0.202174,550,-5.694382e+00,0.094832,SCP
2025-11-15T01:28:56,1763170135.846559,   816441703.37,5281.379555,63116,24808,osion,4.827029e+02,2.327778e-01,-1.329390e+02,-3.259420e+01,1.506770e+02,28,111.195882,0.202174,550,-5.660599e+00,0.094832,SCP
2025-11-15T01:28:59,1763170138.846553,   816441706.37,5284.379555,63116,24808,osion,4.849916e+02,2.369444e-01,-1.328901e+02,-3.275298e+01,1.505129e+02,28,111.195882,0.202174,550,-5.151289e+00,0.094832,SCP
2025-11-15T01:29:02,1763170141.846547,   816441709.37,5287.379555,63116,24808,osion,4.872874e+02,2.411111e-01,-1.328409e+02,-3.291153e+01,1.503490e+02,28,37.039747,0.067345,550,-4.755812e+00,0.164311,SCP
2025-11-15T01:29:05,1763170144.846540,   816441712.37,5290.379555,63116,24808,osion,4.895902e+02,2.452778e-01,-1.327916e+02,-3.306986e+01,1.501852e+02,28,222.264248,0.404117,550,-5.432820e+00,0.067076,SCP
2025-11-15T01:29:08,1763170147.846534,   816441715.37,5293.379555,63116,24808,osion,4.919000e+02,2.491667e-01,-1.327422e+02,-3.322797e+01,1.500221e+02,28,37.039747,0.067345,550,-7.063049e+00,0.164311,SCP
2025-11-15T01:29:11,1763170150.846528,   816441718.37,5296.379555,63116,24808,osion,4.942168e+02,2.533333e-01,-1.326926e+02,-3.338585e+01,1.498588e+02,28,111.195882,0.202174,550,-7.481810e+00,0.094832,SCP
2025-11-15T01:29:17,1763170156.846516,   816441724.37,5302.379555,63116,24808,osion,4.988712e+02,2.616667e-01,-1.325930e+02,-3.370093e+01,1.495326e+02,28,185.254347,0.336826,550,-5.546305e+00,0.073471,SCP
2025-11-15T01:29:20,1763170159.846509,   816441727.37,5305.379555,63116,24808,osion,5.012087e+02,2.658333e-01,-1.325430e+02,-3.385814e+01,1.493698e+02,28,111.195882,0.202174,550,-4.301028e+00,0.094832,SCP
2025-11-15T01:29:29,1763170168.846490,   816441736.37,5314.379555,63116,24808,osion,5.082623e+02,2.783333e-01,-1.323920e+02,-3.432839e+01,1.488825e+02,28,74.082613,0.134696,550,-4.536549e+00,0.116183,SCP
2025-11-15T01:29:34,1763170173.846480,   816441741.37,5319.379555,63116,24808,osion,5.122074e+02,2.852778e-01,-1.323075e+02,-3.458875e+01,1.486126e+02,28,296.311945,0.538749,550,-5.505380e+00,0.058093,SCP
2025-11-15T01:29:37,1763170176.846473,   816441744.37,5322.379555,63116,24808,osion,5.145834e+02,2.894444e-01,-1.322566e+02,-3.474467e+01,1.484509e+02,28,185.254347,0.336826,550,-5.627018e+00,0.073471,SCP
2025-11-15T01:29:40,1763170179.846467,   816441747.37,5325.379555,63116,24808,osion,5.169661e+02,2.936111e-01,-1.322055e+02,-3.490035e+01,1.482894e+02,28,148.205345,0.269464,550,-6.689680e+00,0.082143,SCP
2025-11-15T01:29:43,1763170182.846461,   816441750.37,5328.379555,63116,24808,osion,5.193554e+02,2.980556e-01,-1.321543e+02,-3.505581e+01,1.481276e+02,28,74.082613,0.134696,550,-7.146593e+00,0.116183,SCP
2025-11-15T01:29:46,1763170185.846455,   816441753.37,5331.379555,63116,24808,osion,5.217515e+02,3.022222e-01,-1.321029e+02,-3.521104e+01,1.479665e+02,28,37.039747,0.067345,550,-6.818174e+00,0.164311,SCP
2025-11-15T01:29:49,1763170188.846449,   816441756.37,5334.379555,63116,24808,osion,5.241541e+02,3.063889e-01,-1.320513e+02,-3.536604e+01,1.478057e+02,28,185.254347,0.336826,550,-5.545146e+00,0.073471,SCP
2025-11-15T01:29:52,1763170191.846442,   816441759.37,5337.379555,63116,24808,osion,5.265633e+02,3.105556e-01,-1.319996e+02,-3.552081e+01,1.476450e+02,28,185.254347,0.336826,550,-6.602064e+00,0.073471,SCP
2025-11-15T01:29:55,1763170194.846436,   816441762.37,5340.379555,63116,24808,osion,5.289790e+02,3.150000e-01,-1.319477e+02,-3.567535e+01,1.474840e+02,28,222.264248,0.404117,550,0,0.067076,SCP
2025-11-15T01:07:15,1763168834.847267,   816440402.37,3980.379555,63116,24808,osion,4.188502e+02,2.254556e+01,-1.529714e+02,4.478876e+01,1.279655e+02,29,37.039747,0.047141,550,-2.884313e+00,0.164311,SCP
2025-11-15T01:07:36,1763168855.847224,   816440423.37,4001.379555,63116,24808,osion,4.046710e+02,2.258639e+01,-1.524458e+02,4.366041e+01,1.291681e+02,29,37.039747,0.067345,550,-4.236608e+00,0.164311,SCP
2025-11-15T01:10:46,1763169045.846828,   816440613.37,4191.379555,63116,24808,osion,2.953873e+02,2.290750e+01,-1.483996e+02,3.295158e+01,1.404234e+02,29,37.039747,0.067345,550,-1.893607e+00,0.164311,SCP
2025-11-15T01:13:35,1763169214.846478,   816440782.37,4360.379555,63116,24808,osion,2.305726e+02,2.314278e+01,-1.455536e+02,2.281144e+01,1.508865e+02,29,74.082613,0.134696,550,-3.195658e+00,0.116183,SCP
2025-11-15T01:13:50,1763169229.846453,   816440797.37,4375.379555,63116,24808,osion,2.264345e+02,2.316222e+01,-1.453243e+02,2.189057e+01,1.518287e+02,29,74.082613,0.134696,550,-1.855980e+00,0.116183,SCP
2025-11-15T01:14:08,1763169247.847407,   816440815.37,4393.379555,63116,24808,osion,2.218293e+02,2.318528e+01,-1.450531e+02,2.078198e+01,1.529606e+02,29,37.039747,0.067345,550,-2.341501e+00,0.164311,SCP
2025-11-15T01:14:11,1763169250.847401,   816440818.37,4396.379555,63116,24808,osion,2.211002e+02,2.318889e+01,-1.450083e+02,2.059685e+01,1.531481e+02,29,37.039747,0.067345,550,-2.272577e+00,0.164311,SCP
2025-11-15T01:14:16,1763169255.847391,   816440823.37,4401.379555,63116,24808,osion,2.199096e+02,2.319528e+01,-1.449339e+02,2.028809e+01,1.534631e+02,29,74.082613,0.134696,550,-2.594165e+00,0.116183,SCP
2025-11-15T01:14:19,1763169258.847385,   816440826.37,4404.379555,63116,24808,osion,2.192100e+02,2.319917e+01,-1.448894e+02,2.010270e+01,1.536526e+02,29,111.195882,0.202174,550,-2.685398e+00,0.094832,SCP
2025-11-15T01:14:22,1763169261.847378,   816440829.37,4407.379555,63116,24808,osion,2.185214e+02,2.320278e+01,-1.448450e+02,1.991722e+01,1.538403e+02,29,74.082613,0.134696,550,-2.696930e+00,0.116183,SCP
2025-11-15T01:14:25,1763169264.847372,   816440832.37,4410.379555,63116,24808,osion,2.178439e+02,2.320667e+01,-1.448008e+02,1.973164e+01,1.540299e+02,29,185.254347,0.336826,550,-2.913984e+00,0.073471,SCP
2025-11-15T01:14:28,1763169267.847366,   816440835.37,4413.379555,63116,24808,osion,2.171775e+02,2.321028e+01,-1.447566e+02,1.954597e+01,1.542177e+02,29,37.039747,0.067345,550,-3.243216e+00,0.164311,SCP
2025-11-15T01:14:31,1763169270.847360,   816440838.37,4416.379555,63116,24808,osion,2.165222e+02,2.321417e+01,-1.447126e+02,1.936021e+01,1.544075e+02,29,148.205345,0.269464,550,-3.539730e+00,0.082143,SCP
2025-11-15T01:14:34,1763169273.847354,   816440841.37,4419.379555,63116,24808,osion,2.158780e+02,2.321778e+01,-1.446686e+02,1.917435e+01,1.545955e+02,29,222.264248,0.404117,550,-3.544163e+00,0.067076,SCP
2025-11-15T01:14:37,1763169276.847348,   816440844.37,4422.379555,63116,24808,osion,2.152449e+02,2.322167e+01,-1.446248e+02,1.898841e+01,1.547853e+02,29,74.082613,0.134696,550,-2.843360e+00,0.116183,SCP
2025-11-15T01:14:40,1763169279.847341,   816440847.37,4425.379555,63116,24808,osion,2.146230e+02,2.322528e+01,-1.445810e+02,1.880238e+01,1.549734e+02,29,74.082613,0.134696,550,-3.004744e+00,0.116183,SCP
2025-11-15T01:14:43,1763169282.847335,   816440850.37,4428.379555,63116,24808,osion,2.140122e+02,2.322917e+01,-1.445374e+02,1.861627e+01,1.551634e+02,29,185.254347,0.336826,550,-2.884920e+00,0.073471,SCP
2025-11-15T01:14:46,1763169285.847329,   816440853.37,4431.379555,63116,24808,osion,2.134126e+02,2.323278e+01,-1.444939e+02,1.843007e+01,1.553516e+02,29,74.082613,0.134696,550,-2.713256e+00,0.116183,SCP
2025-11-15T01:14:48,1763169287.847325,   816440855.37,4433.379555,63116,24808,osion,2.130191e+02,2.323528e+01,-1.444649e+02,1.830589e+01,1.554776e+02,29,74.082613,0.134696,550,-2.889775e+00,0.116183,SCP
2025-11-15T01:14:51,1763169290.847319,   816440858.37,4436.379555,63116,24808,osion,2.124381e+02,2.323889e+01,-1.444215e+02,1.811955e+01,1.556659e+02,29,185.254347,0.336826,550,-3.304560e+00,0.073471,SCP
2025-11-15T01:14:54,1763169293.847312,   816440861.37,4439.379555,63116,24808,osion,2.118684e+02,2.324250e+01,-1.443783e+02,1.793313e+01,1.558541e+02,29,74.082613,0.134696,550,-3.767406e+00,0.116183,SCP
2025-11-15T01:14:57,1763169296.847305,   816440864.37,4442.379555,63116,24808,osion,2.113098e+02,2.324639e+01,-1.443351e+02,1.774664e+01,1.560444e+02,29,74.082613,0.134696,550,-4.100951e+00,0.116183,SCP
2025-11-15T01:15:03,1763169302.847293,   816440870.37,4448.379555,63116,24808,osion,2.102263e+02,2.325361e+01,-1.442491e+02,1.737340e+01,1.564210e+02,29,74.082613,0.134696,550,-3.681912e+00,0.116183,SCP
2025-11-15T01:15:22,1763169321.847254,   816440889.37,4467.379555,63116,24808,osion,2.070923e+02,2.327694e+01,-1.439790e+02,1.618956e+01,1.576177e+02,29,74.082613,0.134696,550,-2.331938e+00,0.116183,SCP
2025-11-15T01:15:26,1763169325.847245,   816440893.37,4471.379555,63116,24808,osion,2.064902e+02,2.328167e+01,-1.439226e+02,1.593998e+01,1.578683e+02,29,74.082613,0.134696,550,-2.324920e+00,0.116183,SCP
2025-11-15T01:15:33,1763169332.847231,   816440900.37,4478.379555,63116,24808,osion,2.054850e+02,2.329000e+01,-1.438243e+02,1.550293e+01,1.583073e+02,29,74.082613,0.134696,550,-2.324365e+00,0.116183,SCP
2025-11-15T01:15:44,1763169343.847208,   816440911.37,4489.379555,63116,24808,osion,2.040300e+02,2.330333e+01,-1.436707e+02,1.481547e+01,1.589988e+02,29,37.039747,0.067345,550,-2.274458e+00,0.164311,SCP
2025-11-15T01:15:55,1763169354.847184,   816440922.37,4500.379555,63116,24808,osion,2.027279e+02,2.331639e+01,-1.435183e+02,1.412726e+01,1.596878e+02,29,37.039747,0.067345,550,-1.314595e+00,0.164311,SCP
2025-11-15T01:16:21,1763169380.847130,   816440948.37,4526.379555,63116,24808,osion,2.002596e+02,2.334722e+01,-1.431619e+02,1.249794e+01,1.613133e+02,29,111.195882,0.202174,550,-1.920577e+00,0.094832,SCP
2025-11-15T01:16:32,1763169391.847108,   816440959.37,4537.379555,63116,24808,osion,1.994739e+02,2.336028e+01,-1.430127e+02,1.180768e+01,1.619991e+02,29,37.039747,0.067345,550,-1.805895e+00,0.164311,SCP
2025-11-15T01:16:51,1763169410.847068,   816440978.37,4556.379555,63116,24808,osion,1.984800e+02,2.338222e+01,-1.427571e+02,1.061438e+01,1.631748e+02,29,37.039747,0.067345,550,-2.189909e+00,0.164311,SCP
2025-11-15T01:16:54,1763169413.847062,   816440981.37,4559.379555,63116,24808,osion,1.983651e+02,2.338583e+01,-1.427169e+02,1.042587e+01,1.633611e+02,29,111.195882,0.202174,550,-2.140425e+00,0.094832,SCP
2025-11-15T01:17:17,1763169436.847014,   816441004.37,4582.379555,63116,24808,osion,1.978666e+02,2.341250e+01,-1.424111e+02,8.979916e+00,1.647740e+02,29,37.039747,0.067345,550,-2.283573e+00,0.164311,SCP
2025-11-15T01:17:39,1763169458.846969,   816441026.37,4604.379555,63116,24808,osion,1.980225e+02,2.343778e+01,-1.421215e+02,7.596153e+00,1.661089e+02,29,37.039747,0.067345,550,-2.295688e+00,0.164311,SCP
2025-11-15T01:17:46,1763169465.846954,   816441033.37,4611.379555,63116,24808,osion,1.982018e+02,2.344556e+01,-1.420298e+02,7.155819e+00,1.665274e+02,29,37.039747,0.067345,550,-2.291331e+00,0.164311,SCP
2025-11-15T01:17:50,1763169469.846946,   816441037.37,4615.379555,63116,24808,osion,1.983325e+02,2.345028e+01,-1.419776e+02,6.904203e+00,1.667680e+02,29,37.039747,0.067345,550,-2.253857e+00,0.164311,SCP
2025-11-15T01:17:54,1763169473.846937,   816441041.37,4619.379555,63116,24808,osion,1.984835e+02,2.345472e+01,-1.419254e+02,6.652592e+00,1.670054e+02,29,37.039747,0.067345,550,-2.171509e+00,0.164311,SCP
2025-11-15T01:18:01,1763169480.846922,   816441048.37,4626.379555,63116,24808,osion,1.987970e+02,2.346278e+01,-1.418343e+02,6.212300e+00,1.674213e+02,29,37.039747,0.067345,550,-2.114689e+00,0.164311,SCP
2025-11-15T01:18:05,1763169484.846914,   816441052.37,4630.379555,63116,24808,osion,1.990043e+02,2.346722e+01,-1.417823e+02,5.960725e+00,1.676562e+02,29,37.039747,0.067345,550,-2.091787e+00,0.164311,SCP
2025-11-15T01:18:08,1763169487.846908,   816441055.37,4633.379555,63116,24808,osion,1.991732e+02,2.347083e+01,-1.417434e+02,5.772056e+00,1.678344e+02,29,111.195882,0.202174,550,-1.457174e+00,0.094832,SCP
2025-11-15T01:18:12,1763169491.846900,   816441059.37,4637.379555,63116,24808,osion,1.994162e+02,2.347528e+01,-1.416916e+02,5.520516e+00,1.680675e+02,29,37.039747,0.067345,550,-8.636150e-01,0.164311,SCP
2025-11-15T01:18:19,1763169498.846885,   816441066.37,4644.379555,63116,24808,osion,1.998906e+02,2.348333e+01,-1.416010e+02,5.080385e+00,1.684756e+02,29,555.567956,1.010124,550,-8.215109e-01,0.042426,SCP
2025-11-15T01:18:25,1763169504.846872,   816441072.37,4650.379555,63116,24808,osion,2.003469e+02,2.349000e+01,-1.415235e+02,4.703204e+00,1.688201e+02,29,962.996819,1.750903,550,-7.396788e-01,0.032225,SCP
2025-11-15T01:18:31,1763169510.846860,   816441078.37,4656.379555,63116,24808,osion,2.008492e+02,2.349667e+01,-1.414462e+02,4.326103e+00,1.691614e+02,29,222.264248,0.404117,550,-9.515439e-01,0.067076,SCP
2025-11-15T01:18:40,1763169519.846842,   816441087.37,4665.379555,63116,24808,osion,2.016885e+02,2.350694e+01,-1.413304e+02,3.760631e+00,1.696701e+02,29,74.082613,0.134696,550,-1.946764e+00,0.116183,SCP
2025-11-15T01:18:43,1763169522.846835,   816441090.37,4668.379555,63116,24808,osion,2.019911e+02,2.351028e+01,-1.412919e+02,3.572193e+00,1.698368e+02,29,37.039747,0.067345,550,-2.274412e+00,0.164311,SCP
2025-11-15T01:18:47,1763169526.846826,   816441094.37,4672.379555,63116,24808,osion,2.024125e+02,2.351472e+01,-1.412405e+02,3.320987e+00,1.700575e+02,29,444.445580,0.808083,550,-2.698886e+00,0.047434,SCP
2025-11-15T01:18:51,1763169530.846819,   816441098.37,4676.379555,63116,24808,osion,2.028541e+02,2.351944e+01,-1.411892e+02,3.069835e+00,1.702794e+02,29,74.082613,0.134696,550,-3.664864e+00,0.116183,SCP
2025-11-15T01:18:55,1763169534.846810,   816441102.37,4680.379555,63116,24808,osion,2.033161e+02,2.352389e+01,-1.411380e+02,2.818742e+00,1.704961e+02,29,1333.375953,2.424320,550,-5.028880e+00,0.027386,SCP
2025-11-15T01:18:58,1763169537.846804,   816441105.37,4683.379555,63116,24808,osion,2.036759e+02,2.352722e+01,-1.410996e+02,2.630462e+00,1.706572e+02,29,1740.837561,3.165159,550,-5.854538e+00,0.023967,SCP
2025-11-15T01:19:06,1763169545.846787,   816441113.37,4691.379555,63116,24808,osion,2.046912e+02,2.353611e+01,-1.409973e+02,2.128560e+00,1.710803e+02,29,74.082613,0.134696,550,-5.884720e+00,0.116183,SCP
2025-11-15T01:19:09,1763169548.846781,   816441116.37,4694.379555,63116,24808,osion,2.050928e+02,2.353944e+01,-1.409590e+02,1.940419e+00,1.712363e+02,29,148.205345,0.269464,550,-5.859714e+00,0.082143,SCP
2025-11-15T01:19:13,1763169552.846772,   816441120.37,4698.379555,63116,24808,osion,2.056460e+02,2.354389e+01,-1.409080e+02,1.689627e+00,1.714418e+02,29,37.039747,0.067345,550,-5.353507e+00,0.164311,SCP
2025-11-15T01:19:17,1763169556.846765,   816441124.37,4702.379555,63116,24808,osion,2.062194e+02,2.354861e+01,-1.408570e+02,1.438912e+00,1.716476e+02,29,296.311945,0.538749,550,-5.316341e+00,0.058093,SCP
2025-11-15T01:19:24,1763169563.846749,   816441131.37,4709.379555,63116,24808,osion,2.072715e+02,2.355639e+01,-1.407678e+02,1.000352e+00,1.719941e+02,29,74.082613,0.134696,550,-2.482061e+00,0.116183,SCP
2025-11-15T01:19:28,1763169567.846742,   816441135.37,4713.379555,63116,24808,osion,2.079004e+02,2.356083e+01,-1.407169e+02,7.498625e-01,1.721872e+02,29,259.348386,0.471543,550,-1.573156e+00,0.062095,SCP
2025-11-15T01:19:32,1763169571.846733,   816441139.37,4717.379555,63116,24808,osion,2.085495e+02,2.356528e+01,-1.406660e+02,4.994621e-01,1.723763e+02,29,222.264248,0.404117,550,-2.085089e+00,0.067076,SCP
2025-11-15T01:19:35,1763169574.846727,   816441142.37,4720.379555,63116,24808,osion,2.090495e+02,2.356861e+01,-1.406279e+02,3.117211e-01,1.725153e+02,29,296.311945,0.538749,550,-2.310743e+00,0.058093,SCP
2025-11-15T01:19:39,1763169578.846718,   816441146.37,4724.379555,63116,24808,osion,2.097338e+02,2.357306e+01,-1.405770e+02,6.148338e-02,1.726968e+02,29,1148.150038,2.087546,550,-1.982481e+00,0.029512,SCP
2025-11-15T01:19:43,1763169582.846710,   816441150.37,4728.379555,63116,24808,osion,2.104382e+02,2.357750e+01,-1.405262e+02,-1.886578e-01,1.728735e+02,29,5371.170224,9.765764,550,-1.521440e+00,0.013645,SCP
2025-11-15T01:19:46,1763169585.846704,   816441153.37,4731.379555,63116,24808,osion,2.109797e+02,2.358083e+01,-1.404881e+02,-3.761969e-01,1.730026e+02,29,5037.228624,9.158598,550,-1.383171e+00,0.014090,SCP
2025-11-15T01:19:50,1763169589.846696,   816441157.37,4735.379555,63116,24808,osion,2.117192e+02,2.358528e+01,-1.404374e+02,-6.261598e-01,1.731700e+02,29,555.567956,1.010124,550,-1.133260e+00,0.042426,SCP
2025-11-15T01:19:54,1763169593.846688,   816441161.37,4739.379555,63116,24808,osion,2.124788e+02,2.358972e+01,-1.403866e+02,-8.760154e-01,1.733315e+02,29,333.360428,0.606110,550,-1.308192e+00,0.054770,SCP
2025-11-15T01:19:57,1763169596.846681,   816441164.37,4742.379555,63116,24808,osion,2.130615e+02,2.359333e+01,-1.403486e+02,-1.063336e+00,1.734524e+02,29,259.348386,0.471543,550,-1.308197e+00,0.062095,SCP
2025-11-15T01:20:01,1763169600.846672,   816441168.37,4746.379555,63116,24808,osion,2.138561e+02,2.359778e+01,-1.402979e+02,-1.312998e+00,1.736027e+02,29,370.397465,0.673450,550,-1.308197e+00,0.051960,SCP
2025-11-15T01:20:05,1763169604.846665,   816441172.37,4750.379555,63116,24808,osion,2.146706e+02,2.360222e+01,-1.402472e+02,-1.562545e+00,1.737459e+02,29,370.397465,0.673450,550,-1.882649e+00,0.051960,SCP
2025-11-15T01:20:09,1763169608.846656,   816441176.37,4754.379555,63116,24808,osion,2.155050e+02,2.360667e+01,-1.401965e+02,-1.811974e+00,1.738815e+02,29,333.360428,0.606110,550,-1.910870e+00,0.054770,SCP
2025-11-15T01:20:13,1763169612.846647,   816441180.37,4758.379555,63116,24808,osion,2.163594e+02,2.361111e+01,-1.401458e+02,-2.061281e+00,1.740090e+02,29,629.660278,1.144837,550,-1.588004e+00,0.039852,SCP
2025-11-15T01:20:16,1763169615.846642,   816441183.37,4761.379555,63116,24808,osion,2.170132e+02,2.361444e+01,-1.401079e+02,-2.248179e+00,1.740990e+02,29,370.397465,0.673450,550,-1.680406e+00,0.051960,SCP
2025-11-15T01:20:20,1763169619.846633,   816441187.37,4765.379555,63116,24808,osion,2.179023e+02,2.361889e+01,-1.400572e+02,-2.497267e+00,1.742112e+02,29,333.360428,0.606110,550,-1.874971e+00,0.054770,SCP
2025-11-15T01:20:24,1763169623.846625,   816441191.37,4769.379555,63116,24808,osion,2.188112e+02,2.362333e+01,-1.400066e+02,-2.746223e+00,1.743139e+02,29,259.348386,0.471543,550,-1.930947e+00,0.062095,SCP
2025-11-15T01:20:28,1763169627.846617,   816441195.37,4773.379555,63116,24808,osion,2.197400e+02,2.362778e+01,-1.399559e+02,-2.995047e+00,1.744065e+02,29,259.348386,0.471543,550,-1.916041e+00,0.062095,SCP
2025-11-15T01:20:31,1763169630.846610,   816441198.37,4776.379555,63116,24808,osion,2.204495e+02,2.363111e+01,-1.399180e+02,-3.181575e+00,1.744692e+02,29,370.397465,0.673450,550,-1.699471e+00,0.051960,SCP
2025-11-15T01:20:35,1763169634.846602,   816441202.37,4780.379555,63116,24808,osion,2.214129e+02,2.363556e+01,-1.398673e+02,-3.430158e+00,1.745431e+02,29,148.205345,0.269464,550,-1.451144e+00,0.082143,SCP
2025-11-15T01:20:39,1763169638.846593,   816441206.37,4784.379555,63116,24808,osion,2.223959e+02,2.364000e+01,-1.398167e+02,-3.678598e+00,1.746059e+02,29,259.348386,0.471543,550,-1.459322e+00,0.062095,SCP
2025-11-15T01:20:42,1763169641.846588,   816441209.37,4787.379555,63116,24808,osion,2.231462e+02,2.364333e+01,-1.397787e+02,-3.864834e+00,1.746453e+02,29,481.557712,0.875559,550,-1.457482e+00,0.045570,SCP
2025-11-15T01:20:46,1763169645.846579,   816441213.37,4791.379555,63116,24808,osion,2.241637e+02,2.364778e+01,-1.397281e+02,-4.113018e+00,1.746874e+02,29,111.195882,0.202174,550,-1.538778e+00,0.094832,SCP
2025-11-15T01:20:50,1763169649.846570,   816441217.37,4795.379555,63116,24808,osion,2.252008e+02,2.365222e+01,-1.396775e+02,-4.361053e+00,1.747174e+02,29,148.205345,0.269464,550,-1.935106e+00,0.082143,SCP
2025-11-15T01:21:01,1763169660.846548,   816441228.37,4806.379555,63116,24808,osion,2.281539e+02,2.366444e+01,-1.395382e+02,-5.042348e+00,1.747359e+02,29,37.039747,0.067345,550,-1.894681e+00,0.164311,SCP
2025-11-15T01:21:05,1763169664.846539,   816441232.37,4810.379555,63116,24808,osion,2.292644e+02,2.366889e+01,-1.394875e+02,-5.289792e+00,1.747193e+02,29,222.264248,0.404117,550,-1.886529e+00,0.067076,SCP
2025-11-15T01:21:08,1763169667.846533,   816441235.37,4813.379555,63116,24808,osion,2.301100e+02,2.367222e+01,-1.394495e+02,-5.475266e+00,1.746988e+02,29,111.195882,0.202174,550,-1.478246e+00,0.094832,SCP
2025-11-15T01:21:12,1763169671.846525,   816441239.37,4817.379555,63116,24808,osion,2.312545e+02,2.367667e+01,-1.393988e+02,-5.722421e+00,1.746608e+02,29,259.348386,0.471543,550,-1.226841e+00,0.062095,SCP
2025-11-15T01:21:16,1763169675.846517,   816441243.37,4821.379555,63116,24808,osion,2.324184e+02,2.368139e+01,-1.393481e+02,-5.969404e+00,1.746147e+02,29,222.264248,0.404117,550,-1.192964e+00,0.067076,SCP
2025-11-15T01:21:19,1763169678.846511,   816441246.37,4824.379555,63116,24808,osion,2.333041e+02,2.368472e+01,-1.393101e+02,-6.154529e+00,1.745697e+02,29,111.195882,0.202174,550,-1.449881e+00,0.094832,SCP
2025-11-15T01:21:23,1763169682.846502,   816441250.37,4828.379555,63116,24808,osion,2.345019e+02,2.368917e+01,-1.392593e+02,-6.401207e+00,1.745000e+02,29,185.254347,0.336826,550,-2.034041e+00,0.073471,SCP
2025-11-15T01:21:27,1763169686.846493,   816441254.37,4832.379555,63116,24808,osion,2.357190e+02,2.369361e+01,-1.392086e+02,-6.647709e+00,1.744195e+02,29,259.348386,0.471543,550,-2.358194e+00,0.062095,SCP
2025-11-15T01:21:30,1763169689.846487,   816441257.37,4835.379555,63116,24808,osion,2.366445e+02,2.369694e+01,-1.391705e+02,-6.832465e+00,1.743524e+02,29,37.039747,0.067345,550,-2.334296e+00,0.164311,SCP
2025-11-15T01:21:34,1763169693.846479,   816441261.37,4839.379555,63116,24808,osion,2.378953e+02,2.370139e+01,-1.391197e+02,-7.078648e+00,1.742543e+02,29,111.195882,0.202174,550,-2.334771e+00,0.094832,SCP
2025-11-15T01:21:38,1763169697.846471,   816441265.37,4843.379555,63116,24808,osion,2.391653e+02,2.370583e+01,-1.390689e+02,-7.324645e+00,1.741468e+02,29,37.039747,0.067345,550,-2.615967e+00,0.164311,SCP
2025-11-15T01:21:41,1763169700.846465,   816441268.37,4846.379555,63116,24808,osion,2.401304e+02,2.370917e+01,-1.390308e+02,-7.509018e+00,1.740603e+02,29,74.082613,0.134696,550,-2.798786e+00,0.116183,SCP
2025-11-15T01:21:45,1763169704.846456,   816441272.37,4850.379555,63116,24808,osion,2.414339e+02,2.371361e+01,-1.389799e+02,-7.754682e+00,1.739377e+02,29,148.205345,0.269464,550,-3.337132e+00,0.082143,SCP
2025-11-15T01:21:49,1763169708.846448,   816441276.37,4854.379555,63116,24808,osion,2.427564e+02,2.371806e+01,-1.389290e+02,-8.000153e+00,1.738072e+02,29,37.039747,0.067345,550,-6.236963e+00,0.164311,SCP
2025-11-15T01:21:58,1763169717.846429,   816441285.37,4863.379555,63116,24808,osion,2.458018e+02,2.372806e+01,-1.388144e+02,-8.551736e+00,1.734871e+02,29,37.039747,0.067345,550,-6.903491e+00,0.164311,SCP
2025-11-15T01:22:01,1763169720.846423,   816441288.37,4866.379555,63116,24808,osion,2.468383e+02,2.373167e+01,-1.387761e+02,-8.735370e+00,1.733756e+02,29,37.039747,0.067345,550,-4.269205e+00,0.164311,SCP
2025-11-15T01:22:10,1763169729.846475,   816441297.37,4875.379555,63116,24808,osion,2.500115e+02,2.374167e+01,-1.386613e+02,-9.285577e+00,1.730138e+02,29,74.082613,0.134696,550,-2.307602e+00,0.116183,SCP
2025-11-15T01:22:19,1763169738.847484,   816441306.37,4884.379555,63116,24808,osion,2.532799e+02,2.375167e+01,-1.385462e+02,-9.834713e+00,1.726264e+02,29,74.082613,0.134696,550,-2.844851e+00,0.116183,SCP
2025-11-15T01:22:21,1763169740.847424,   816441308.37,4886.379555,63116,24808,osion,2.540191e+02,2.375389e+01,-1.385206e+02,-9.956594e+00,1.725373e+02,29,37.039747,0.067345,550,-2.896432e+00,0.164311,SCP
2025-11-15T01:22:27,1763169746.847370,   816441314.37,4892.379555,63116,24808,osion,2.562648e+02,2.376083e+01,-1.384437e+02,-1.032191e+01,1.722658e+02,29,74.082613,0.134696,550,-3.164136e+00,0.116183,SCP
2025-11-15T01:22:30,1763169749.847362,   816441317.37,4895.379555,63116,24808,osion,2.574033e+02,2.376417e+01,-1.384052e+02,-1.050438e+01,1.721260e+02,29,703.739826,1.279527,550,-2.747811e+00,0.037696,SCP
2025-11-15T01:22:36,1763169755.847350,   816441323.37,4901.379555,63116,24808,osion,2.597118e+02,2.377083e+01,-1.383282e+02,-1.086894e+01,1.718406e+02,29,74.082613,0.134696,550,-2.151265e+00,0.116183,SCP
2025-11-15T01:22:39,1763169758.847344,   816441326.37,4904.379555,63116,24808,osion,2.608816e+02,2.377417e+01,-1.382896e+02,-1.105103e+01,1.716953e+02,29,37.039747,0.067345,550,-1.989229e+00,0.164311,SCP
2025-11-15T01:22:42,1763169761.847338,   816441329.37,4907.379555,63116,24808,osion,2.620619e+02,2.377778e+01,-1.382510e+02,-1.123298e+01,1.715500e+02,29,222.264248,0.404117,550,-1.665077e+00,0.067076,SCP
2025-11-15T01:22:51,1763169770.847319,   816441338.37,4916.379555,63116,24808,osion,2.656648e+02,2.378778e+01,-1.381351e+02,-1.177807e+01,1.711003e+02,29,74.082613,0.134696,550,-2.219779e+00,0.116183,SCP
2025-11-15T01:22:59,1763169778.847302,   816441346.37,4924.379555,63116,24808,osion,2.689453e+02,2.379694e+01,-1.380317e+02,-1.226157e+01,1.706923e+02,29,37.039747,0.067345,550,-1.644309e+00,0.164311,SCP
2025-11-15T01:23:02,1763169781.847296,   816441349.37,4927.379555,63116,24808,osion,2.701943e+02,2.380028e+01,-1.379929e+02,-1.244263e+01,1.705366e+02,29,74.082613,0.134696,550,-2.139010e+00,0.116183,SCP
2025-11-15T01:23:11,1763169790.847277,   816441358.37,4936.379555,63116,24808,osion,2.740028e+02,2.381056e+01,-1.378763e+02,-1.298499e+01,1.700650e+02,29,37.039747,0.067345,550,-1.294245e+00,0.164311,SCP
2025-11-15T01:23:14,1763169793.847271,   816441361.37,4939.379555,63116,24808,osion,2.752926e+02,2.381389e+01,-1.378373e+02,-1.316550e+01,1.699055e+02,29,111.195882,0.202174,550,-1.578582e+00,0.094832,SCP
2025-11-15T01:23:17,1763169796.847265,   816441364.37,4942.379555,63116,24808,osion,2.765926e+02,2.381722e+01,-1.377983e+02,-1.334586e+01,1.697453e+02,29,37.039747,0.067345,550,-2.264194e+00,0.164311,SCP
2025-11-15T01:23:20,1763169799.847259,   816441367.37,4945.379555,63116,24808,osion,2.779027e+02,2.382083e+01,-1.377593e+02,-1.352608e+01,1.695853e+02,29,111.195882,0.202174,550,-2.360121e+00,0.094832,SCP
2025-11-15T01:23:23,1763169802.847253,   816441370.37,4948.379555,63116,24808,osion,2.792229e+02,2.382417e+01,-1.377202e+02,-1.370615e+01,1.694235e+02,29,37.039747,0.067345,550,-2.355827e+00,0.164311,SCP
2025-11-15T01:23:26,1763169805.847246,   816441373.37,4951.379555,63116,24808,osion,2.805532e+02,2.382750e+01,-1.376811e+02,-1.388608e+01,1.692611e+02,29,111.195882,0.202174,550,-2.332172e+00,0.094832,SCP
2025-11-15T01:23:31,1763169810.847235,   816441378.37,4956.379555,63116,24808,osion,2.827928e+02,2.383333e+01,-1.376158e+02,-1.418564e+01,1.689898e+02,29,74.082613,0.134696,550,-2.370889e+00,0.116183,SCP
2025-11-15T01:23:37,1763169816.847223,   816441384.37,4962.379555,63116,24808,osion,2.855169e+02,2.384000e+01,-1.375373e+02,-1.454456e+01,1.686610e+02,29,74.082613,0.134696,550,-2.367926e+00,0.116183,SCP
2025-11-15T01:23:40,1763169819.847217,   816441387.37,4965.379555,63116,24808,osion,2.868940e+02,2.384361e+01,-1.374979e+02,-1.472379e+01,1.684967e+02,29,74.082613,0.134696,550,-2.372684e+00,0.116183,SCP
2025-11-15T01:23:43,1763169822.847210,   816441390.37,4968.379555,63116,24808,osion,2.882810e+02,2.384694e+01,-1.374586e+02,-1.490288e+01,1.683310e+02,29,37.039747,0.067345,550,-2.375221e+00,0.164311,SCP
2025-11-15T01:23:46,1763169825.847204,   816441393.37,4971.379555,63116,24808,osion,2.896779e+02,2.385028e+01,-1.374192e+02,-1.508181e+01,1.681648e+02,29,37.039747,0.067345,550,-2.441041e+00,0.164311,SCP
2025-11-15T01:23:49,1763169828.847198,   816441396.37,4974.379555,63116,24808,osion,2.910848e+02,2.385389e+01,-1.373797e+02,-1.526059e+01,1.679990e+02,29,37.039747,0.067345,550,-2.678295e+00,0.164311,SCP
2025-11-15T01:23:55,1763169834.847186,   816441402.37,4980.379555,63116,24808,osion,2.939281e+02,2.386083e+01,-1.373006e+02,-1.561769e+01,1.676652e+02,29,37.039747,0.067345,550,-2.552854e+00,0.164311,SCP
2025-11-15T01:24:01,1763169840.847173,   816441408.37,4986.379555,63116,24808,osion,2.968108e+02,2.386778e+01,-1.372214e+02,-1.597416e+01,1.673300e+02,29,37.039747,0.067345,550,-2.336835e+00,0.164311,SCP
2025-11-15T01:24:09,1763169848.847157,   816441416.37,4994.379555,63116,24808,osion,3.007153e+02,2.387694e+01,-1.371154e+02,-1.644847e+01,1.668807e+02,29,37.039747,0.067345,550,-3.047504e+00,0.164311,SCP
2025-11-15T01:24:15,1763169854.847145,   816441422.37,5000.379555,63116,24808,osion,3.036890e+02,2.388389e+01,-1.370356e+02,-1.680346e+01,1.665426e+02,29,74.082613,0.134696,550,-3.628658e+00,0.116183,SCP
2025-11-15T01:24:18,1763169857.847137,   816441425.37,5003.379555,63116,24808,osion,3.051904e+02,2.388722e+01,-1.369957e+02,-1.698071e+01,1.663729e+02,29,37.039747,0.067345,550,-3.973350e+00,0.164311,SCP
2025-11-15T01:24:21,1763169860.847131,   816441428.37,5006.379555,63116,24808,osion,3.067015e+02,2.389083e+01,-1.369557e+02,-1.715780e+01,1.662035e+02,29,74.082613,0.134696,550,-4.281960e+00,0.116183,SCP
2025-11-15T01:24:24,1763169863.847125,   816441431.37,5009.379555,63116,24808,osion,3.082221e+02,2.389417e+01,-1.369156e+02,-1.733472e+01,1.660333e+02,29,37.039747,0.067345,550,-4.278812e+00,0.164311,SCP
2025-11-15T01:24:27,1763169866.847119,   816441434.37,5012.379555,63116,24808,osion,3.097524e+02,2.389778e+01,-1.368755e+02,-1.751148e+01,1.658635e+02,29,74.082613,0.134696,550,-4.098788e+00,0.116183,SCP
2025-11-15T01:24:30,1763169869.847113,   816441437.37,5015.379555,63116,24808,osion,3.112923e+02,2.390111e+01,-1.368353e+02,-1.768807e+01,1.656930e+02,29,185.254347,0.336826,550,-3.970635e+00,0.073471,SCP
2025-11-15T01:24:33,1763169872.847106,   816441440.37,5018.379555,63116,24808,osion,3.128417e+02,2.390472e+01,-1.367951e+02,-1.786449e+01,1.655227e+02,29,185.254347,0.336826,550,-4.245834e+00,0.073471,SCP
2025-11-15T01:24:36,1763169875.847100,   816441443.37,5021.379555,63116,24808,osion,3.144006e+02,2.390833e+01,-1.367548e+02,-1.804075e+01,1.653523e+02,29,333.360428,0.606110,550,-4.026024e+00,0.054770,SCP
2025-11-15T01:24:39,1763169878.847094,   816441446.37,5024.379555,63116,24808,osion,3.159691e+02,2.391167e+01,-1.367144e+02,-1.821684e+01,1.651814e+02,29,333.360428,0.606110,550,-3.727048e+00,0.054770,SCP
2025-11-15T01:24:41,1763169880.847090,   816441448.37,5026.379555,63116,24808,osion,3.170200e+02,2.391417e+01,-1.366875e+02,-1.833413e+01,1.650677e+02,29,296.311945,0.538749,550,-3.506863e+00,0.058093,SCP
2025-11-15T01:24:44,1763169883.847084,   816441451.37,5029.379555,63116,24808,osion,3.186042e+02,2.391750e+01,-1.366470e+02,-1.850994e+01,1.648965e+02,29,222.264248,0.404117,550,-3.167851e+00,0.067076,SCP
2025-11-15T01:24:47,1763169886.847078,   816441454.37,5032.379555,63116,24808,osion,3.201979e+02,2.392111e+01,-1.366065e+02,-1.868557e+01,1.647256e+02,29,74.082613,0.134696,550,-2.735183e+00,0.116183,SCP
2025-11-15T01:24:50,1763169889.847071,   816441457.37,5035.379555,63116,24808,osion,3.218009e+02,2.392472e+01,-1.365659e+02,-1.886104e+01,1.645545e+02,29,37.039747,0.067345,550,-2.372467e+00,0.164311,SCP
2025-11-15T01:24:53,1763169892.847064,   816441460.37,5038.379555,63116,24808,osion,3.234134e+02,2.392806e+01,-1.365252e+02,-1.903633e+01,1.643831e+02,29,296.311945,0.538749,550,-2.351390e+00,0.058093,SCP
2025-11-15T01:24:56,1763169895.847058,   816441463.37,5041.379555,63116,24808,osion,3.250352e+02,2.393167e+01,-1.364845e+02,-1.921144e+01,1.642118e+02,29,185.254347,0.336826,550,-2.808762e+00,0.073471,SCP
2025-11-15T01:24:59,1763169898.847052,   816441466.37,5044.379555,63116,24808,osion,3.266664e+02,2.393528e+01,-1.364437e+02,-1.938638e+01,1.640405e+02,29,111.195882,0.202174,550,-3.430321e+00,0.094832,SCP
2025-11-15T01:25:02,1763169901.847046,   816441469.37,5047.379555,63116,24808,osion,3.283068e+02,2.393861e+01,-1.364029e+02,-1.956115e+01,1.638688e+02,29,222.264248,0.404117,550,-4.041239e+00,0.067076,SCP
2025-11-15T01:25:05,1763169904.847040,   816441472.37,5050.379555,63116,24808,osion,3.299566e+02,2.394222e+01,-1.363620e+02,-1.973574e+01,1.636973e+02,29,111.195882,0.202174,550,-4.396224e+00,0.094832,SCP
2025-11-15T01:25:08,1763169907.847034,   816441475.37,5053.379555,63116,24808,osion,3.316156e+02,2.394583e+01,-1.363210e+02,-1.991015e+01,1.635258e+02,29,259.348386,0.471543,550,-4.405128e+00,0.062095,SCP
2025-11-15T01:25:14,1763169913.847021,   816441481.37,5059.379555,63116,24808,osion,3.349612e+02,2.395278e+01,-1.362388e+02,-2.025845e+01,1.631824e+02,29,222.264248,0.404117,550,-7.052179e+00,0.067076,SCP
2025-11-15T01:25:17,1763169916.847015,   816441484.37,5062.379555,63116,24808,osion,3.366478e+02,2.395639e+01,-1.361976e+02,-2.043232e+01,1.630107e+02,29,296.311945,0.538749,550,-7.098259e+00,0.058093,SCP
2025-11-15T01:25:19,1763169918.847011,   816441486.37,5064.379555,63116,24808,osion,3.377773e+02,2.395889e+01,-1.361701e+02,-2.054814e+01,1.628963e+02,29,111.195882,0.202174,550,-7.104852e+00,0.094832,SCP
2025-11-15T01:25:22,1763169921.847005,   816441489.37,5067.379555,63116,24808,osion,3.394792e+02,2.396250e+01,-1.361288e+02,-2.072172e+01,1.627246e+02,29,185.254347,0.336826,550,-6.789792e+00,0.073471,SCP
2025-11-15T01:25:26,1763169925.846996,   816441493.37,5071.379555,63116,24808,osion,3.417624e+02,2.396722e+01,-1.360736e+02,-2.095287e+01,1.624956e+02,29,296.311945,0.538749,550,-5.437854e+00,0.058093,SCP
2025-11-15T01:25:32,1763169931.846983,   816441499.37,5077.379555,63116,24808,osion,3.452176e+02,2.397417e+01,-1.359906e+02,-2.129900e+01,1.621520e+02,29,111.195882,0.202174,550,-4.590071e+00,0.094832,SCP
2025-11-15T01:25:35,1763169934.846977,   816441502.37,5080.379555,63116,24808,osion,3.469587e+02,2.397778e+01,-1.359490e+02,-2.147178e+01,1.619803e+02,29,111.195882,0.202174,550,-4.006317e+00,0.094832,SCP
2025-11-15T01:25:38,1763169937.846971,   816441505.37,5083.379555,63116,24808,osion,3.487088e+02,2.398139e+01,-1.359072e+02,-2.164438e+01,1.618085e+02,29,37.039747,0.067345,550,-3.414152e+00,0.164311,SCP
2025-11-15T01:25:40,1763169939.846967,   816441507.37,5085.379555,63116,24808,osion,3.498805e+02,2.398389e+01,-1.358794e+02,-2.175935e+01,1.616941e+02,29,74.082613,0.134696,550,-3.216913e+00,0.116183,SCP
2025-11-15T01:25:46,1763169945.846955,   816441513.37,5091.379555,63116,24808,osion,3.534195e+02,2.399111e+01,-1.357956e+02,-2.210374e+01,1.613507e+02,29,37.039747,0.067345,550,-2.759116e+00,0.164311,SCP
2025-11-15T01:25:49,1763169948.846948,   816441516.37,5094.379555,63116,24808,osion,3.552023e+02,2.399472e+01,-1.357536e+02,-2.227566e+01,1.611791e+02,29,74.082613,0.134696,550,-3.066353e+00,0.116183,SCP
2025-11-15T01:25:52,1763169951.846942,   816441519.37,5097.379555,63116,24808,osion,3.569940e+02,2.399833e+01,-1.357116e+02,-2.244739e+01,1.610075e+02,29,296.311945,0.538749,550,-2.616826e+00,0.058093,SCP
2025-11-15T01:25:55,1763169954.846936,   816441522.37,5100.379555,63116,24808,osion,3.587946e+02,1.944444e-03,-1.356694e+02,-2.261893e+01,1.608359e+02,29,259.348386,0.471543,550,-2.428171e+00,0.062095,SCP
2025-11-15T01:25:58,1763169957.846930,   816441525.37,5103.379555,63116,24808,osion,3.606039e+02,5.555556e-03,-1.356272e+02,-2.279028e+01,1.606644e+02,29,111.195882,0.202174,550,-2.375998e+00,0.094832,SCP
2025-11-15T01:26:01,1763169960.846924,   816441528.37,5106.379555,63116,24808,osion,3.624221e+02,9.166667e-03,-1.355848e+02,-2.296144e+01,1.604930e+02,29,74.082613,0.134696,550,-2.163234e+00,0.116183,SCP
2025-11-15T01:26:04,1763169963.846918,   816441531.37,5109.379555,63116,24808,osion,3.642490e+02,1.277778e-02,-1.355424e+02,-2.313241e+01,1.603216e+02,29,185.254347,0.336826,550,-1.959577e+00,0.073471,SCP
2025-11-15T01:26:07,1763169966.846911,   816441534.37,5112.379555,63116,24808,osion,3.660846e+02,1.638889e-02,-1.354999e+02,-2.330318e+01,1.601503e+02,29,333.360428,0.606110,550,-1.885149e+00,0.054770,SCP
2025-11-15T01:26:10,1763169969.846904,   816441537.37,5115.379555,63116,24808,osion,3.679289e+02,2.000000e-02,-1.354574e+02,-2.347377e+01,1.599790e+02,29,185.254347,0.336826,550,-1.846071e+00,0.073471,SCP
2025-11-15T01:26:13,1763169972.846898,   816441540.37,5118.379555,63116,24808,osion,3.697819e+02,2.388889e-02,-1.354147e+02,-2.364416e+01,1.598077e+02,29,37.039747,0.067345,550,-1.682505e+00,0.164311,SCP
2025-11-15T01:26:15,1763169974.846894,   816441542.37,5120.379555,63116,24808,osion,3.710220e+02,2.611111e-02,-1.353862e+02,-2.375764e+01,1.596937e+02,29,37.039747,0.067345,550,-1.590468e+00,0.164311,SCP
2025-11-15T01:26:18,1763169977.846888,   816441545.37,5123.379555,63116,24808,osion,3.728894e+02,3.000000e-02,-1.353434e+02,-2.392771e+01,1.595225e+02,29,185.254347,0.336826,550,-1.493699e+00,0.073471,SCP
2025-11-15T01:26:21,1763169980.846882,   816441548.37,5126.379555,63116,24808,osion,3.747654e+02,3.361111e-02,-1.353005e+02,-2.409758e+01,1.593515e+02,29,370.397465,0.673450,550,-1.499142e+00,0.051960,SCP
2025-11-15T01:26:24,1763169983.846875,   816441551.37,5129.379555,63116,24808,osion,3.766500e+02,3.722222e-02,-1.352575e+02,-2.426726e+01,1.591806e+02,29,222.264248,0.404117,550,-1.496789e+00,0.067076,SCP
2025-11-15T01:26:27,1763169986.846869,   816441554.37,5132.379555,63116,24808,osion,3.785431e+02,4.083333e-02,-1.352144e+02,-2.443674e+01,1.590098e+02,29,185.254347,0.336826,550,-1.580097e+00,0.073471,SCP
2025-11-15T01:26:30,1763169989.846863,   816441557.37,5135.379555,63116,24808,osion,3.804447e+02,4.472222e-02,-1.351712e+02,-2.460602e+01,1.588389e+02,29,148.205345,0.269464,550,-1.683315e+00,0.082143,SCP
2025-11-15T01:26:33,1763169992.846857,   816441560.37,5138.379555,63116,24808,osion,3.823548e+02,4.833333e-02,-1.351280e+02,-2.477511e+01,1.586683e+02,29,37.039747,0.067345,550,-1.693343e+00,0.164311,SCP
2025-11-15T01:26:36,1763169995.846851,   816441563.37,5141.379555,63116,24808,osion,3.842734e+02,5.194444e-02,-1.350846e+02,-2.494400e+01,1.584977e+02,29,370.397465,0.673450,550,-1.692275e+00,0.051960,SCP
2025-11-15T01:26:39,1763169998.846843,   816441566.37,5144.379555,63116,24808,osion,3.862004e+02,5.583333e-02,-1.350411e+02,-2.511268e+01,1.583271e+02,29,259.348386,0.471543,550,-1.771279e+00,0.062095,SCP
2025-11-15T01:26:42,1763170001.846837,   816441569.37,5147.379555,63116,24808,osion,3.881358e+02,5.944444e-02,-1.349976e+02,-2.528117e+01,1.581568e+02,29,111.195882,0.202174,550,-1.867076e+00,0.094832,SCP
2025-11-15T01:26:45,1763170004.846831,   816441572.37,5150.379555,63116,24808,osion,3.900796e+02,6.305556e-02,-1.349539e+02,-2.544946e+01,1.579865e+02,29,37.039747,0.067345,550,-1.870607e+00,0.164311,SCP
2025-11-15T01:26:48,1763170007.846825,   816441575.37,5153.379555,63116,24808,osion,3.920317e+02,6.694444e-02,-1.349102e+02,-2.561755e+01,1.578162e+02,29,111.195882,0.202174,550,-2.084737e+00,0.094832,SCP
2025-11-15T01:26:50,1763170009.846821,   816441577.37,5155.379555,63116,24808,osion,3.933377e+02,6.944444e-02,-1.348810e+02,-2.572949e+01,1.577028e+02,29,148.205345,0.269464,550,-2.230953e+00,0.082143,SCP
2025-11-15T01:26:53,1763170012.846815,   816441580.37,5158.379555,63116,24808,osion,3.953037e+02,7.305556e-02,-1.348371e+02,-2.589724e+01,1.575329e+02,29,37.039747,0.067345,550,-2.439301e+00,0.164311,SCP
2025-11-15T01:26:56,1763170015.846809,   816441583.37,5161.379555,63116,24808,osion,3.972780e+02,7.694444e-02,-1.347930e+02,-2.606479e+01,1.573628e+02,29,111.195882,0.202174,550,-2.672369e+00,0.094832,SCP
2025-11-15T01:26:59,1763170018.846802,   816441586.37,5164.379555,63116,24808,osion,3.992605e+02,8.055556e-02,-1.347489e+02,-2.623213e+01,1.571931e+02,29,74.082613,0.134696,550,-2.913775e+00,0.116183,SCP
2025-11-15T01:27:02,1763170021.846796,   816441589.37,5167.379555,63116,24808,osion,4.012512e+02,8.444444e-02,-1.347047e+02,-2.639928e+01,1.570233e+02,29,111.195882,0.202174,550,-3.173552e+00,0.094832,SCP
2025-11-15T01:27:05,1763170024.846790,   816441592.37,5170.379555,63116,24808,osion,4.032501e+02,8.805556e-02,-1.346604e+02,-2.656621e+01,1.568539e+02,29,37.039747,0.067345,550,-3.470105e+00,0.164311,SCP
2025-11-15T01:27:11,1763170030.846778,   816441598.37,5176.379555,63116,24808,osion,4.072723e+02,9.555556e-02,-1.345715e+02,-2.689947e+01,1.565151e+02,29,37.039747,0.067345,550,-4.163333e+00,0.164311,SCP
2025-11-15T01:27:14,1763170033.846771,   816441601.37,5179.379555,63116,24808,osion,4.092956e+02,9.944444e-02,-1.345268e+02,-2.706579e+01,1.563458e+02,29,37.039747,0.067345,550,-4.412416e+00,0.164311,SCP
2025-11-15T01:27:17,1763170036.846766,   816441604.37,5182.379555,63116,24808,osion,4.113270e+02,1.033333e-01,-1.344821e+02,-2.723190e+01,1.561767e+02,29,222.264248,0.404117,550,-4.332711e+00,0.067076,SCP
2025-11-15T01:27:20,1763170039.846759,   816441607.37,5185.379555,63116,24808,osion,4.133664e+02,1.069444e-01,-1.344372e+02,-2.739781e+01,1.560079e+02,29,185.254347,0.336826,550,-4.724859e+00,0.073471,SCP
2025-11-15T01:27:23,1763170042.846753,   816441610.37,5188.379555,63116,24808,osion,4.154138e+02,1.108333e-01,-1.343923e+02,-2.756351e+01,1.558390e+02,29,74.082613,0.134696,550,-5.221973e+00,0.116183,SCP
2025-11-15T01:27:31,1763170050.846735,   816441618.37,5196.379555,63116,24808,osion,4.209126e+02,1.211111e-01,-1.342719e+02,-2.800435e+01,1.553893e+02,29,296.311945,0.538749,550,-5.388034e+00,0.058093,SCP
2025-11-15T01:27:34,1763170053.846730,   816441621.37,5199.379555,63116,24808,osion,4.229892e+02,1.250000e-01,-1.342265e+02,-2.816928e+01,1.552209e+02,29,74.082613,0.134696,550,-4.878434e+00,0.116183,SCP
2025-11-15T01:27:37,1763170056.846723,   816441624.37,5202.379555,63116,24808,osion,4.250736e+02,1.286111e-01,-1.341810e+02,-2.833400e+01,1.550529e+02,29,296.311945,0.538749,550,-5.494953e+00,0.058093,SCP
2025-11-15T01:27:40,1763170059.846717,   816441627.37,5205.379555,63116,24808,osion,4.271660e+02,1.325000e-01,-1.341354e+02,-2.849851e+01,1.548848e+02,29,111.195882,0.202174,550,-5.546529e+00,0.094832,SCP
2025-11-15T01:27:43,1763170062.846711,   816441630.37,5208.379555,63116,24808,osion,4.292661e+02,1.363889e-01,-1.340897e+02,-2.866281e+01,1.547168e+02,29,37.039747,0.067345,550,-5.546596e+00,0.164311,SCP
2025-11-15T01:27:46,1763170065.846705,   816441633.37,5211.379555,63116,24808,osion,4.313740e+02,1.402778e-01,-1.340439e+02,-2.882690e+01,1.545490e+02,29,111.195882,0.202174,550,-5.533395e+00,0.094832,SCP
2025-11-15T01:27:49,1763170068.846698,   816441636.37,5214.379555,63116,24808,osion,4.334897e+02,1.441667e-01,-1.339980e+02,-2.899077e+01,1.543813e+02,29,37.039747,0.067345,550,-5.513825e+00,0.164311,SCP
2025-11-15T01:27:55,1763170074.846686,   816441642.37,5220.379555,63116,24808,osion,4.377443e+02,1.519444e-01,-1.339057e+02,-2.931788e+01,1.540464e+02,29,259.348386,0.471543,550,-4.171964e+00,0.062095,SCP
2025-11-15T01:27:58,1763170077.846680,   816441645.37,5223.379555,63116,24808,osion,4.398831e+02,1.558333e-01,-1.338594e+02,-2.948111e+01,1.538792e+02,29,185.254347,0.336826,550,-3.979632e+00,0.073471,SCP
2025-11-15T01:28:04,1763170083.846667,   816441651.37,5229.379555,63116,24808,osion,4.441837e+02,1.636111e-01,-1.337665e+02,-2.980693e+01,1.535453e+02,29,296.311945,0.538749,550,-4.421913e+00,0.058093,SCP
2025-11-15T01:28:07,1763170086.846661,   816441654.37,5232.379555,63116,24808,osion,4.463454e+02,1.675000e-01,-1.337198e+02,-2.996952e+01,1.533785e+02,29,222.264248,0.404117,550,-4.400512e+00,0.067076,SCP
2025-11-15T01:28:10,1763170089.846654,   816441657.37,5235.379555,63116,24808,osion,4.485147e+02,1.713889e-01,-1.336730e+02,-3.013189e+01,1.532120e+02,29,148.205345,0.269464,550,-4.255362e+00,0.082143,SCP
2025-11-15T01:28:13,1763170092.846648,   816441660.37,5238.379555,63116,24808,osion,4.506915e+02,1.755556e-01,-1.336261e+02,-3.029405e+01,1.530452e+02,29,222.264248,0.404117,550,-3.815622e+00,0.067076,SCP
2025-11-15T01:28:16,1763170095.846642,   816441663.37,5241.379555,63116,24808,osion,4.528758e+02,1.794444e-01,-1.335790e+02,-3.045598e+01,1.528790e+02,29,259.348386,0.471543,550,-3.777472e+00,0.062095,SCP
2025-11-15T01:28:19,1763170098.846636,   816441666.37,5244.379555,63116,24808,osion,4.550675e+02,1.833333e-01,-1.335319e+02,-3.061770e+01,1.527129e+02,29,148.205345,0.269464,550,-4.325905e+00,0.082143,SCP
2025-11-15T01:28:21,1763170100.846632,   816441668.37,5246.379555,63116,24808,osion,4.565329e+02,1.861111e-01,-1.335003e+02,-3.072540e+01,1.526020e+02,29,148.205345,0.269464,550,-4.932098e+00,0.082143,SCP
2025-11-15T01:28:24,1763170103.846626,   816441671.37,5249.379555,63116,24808,osion,4.587370e+02,1.900000e-01,-1.334529e+02,-3.088675e+01,1.524363e+02,29,111.195882,0.202174,550,-5.697073e+00,0.094832,SCP
2025-11-15T01:28:27,1763170106.846620,   816441674.37,5252.379555,63116,24808,osion,4.609486e+02,1.938889e-01,-1.334054e+02,-3.104789e+01,1.522706e+02,29,148.205345,0.269464,550,-5.991778e+00,0.082143,SCP
2025-11-15T01:28:30,1763170109.846612,   816441677.37,5255.379555,63116,24808,osion,4.631676e+02,1.980556e-01,-1.333578e+02,-3.120881e+01,1.521048e+02,29,37.039747,0.067345,550,-5.969748e+00,0.164311,SCP
2025-11-15T01:28:33,1763170112.846606,   816441680.37,5258.379555,63116,24808,osion,4.653939e+02,2.019444e-01,-1.333100e+02,-3.136951e+01,1.519396e+02,29,37.039747,0.067345,550,-5.893936e+00,0.164311,SCP
2025-11-15T01:28:36,1763170115.846600,   816441683.37,5261.379555,63116,24808,osion,4.676275e+02,2.058333e-01,-1.332620e+02,-3.152999e+01,1.517745e+02,29,37.039747,0.067345,550,-5.884172e+00,0.164311,SCP
2025-11-15T01:28:39,1763170118.846594,   816441686.37,5264.379555,63116,24808,osion,4.698684e+02,2.100000e-01,-1.332140e+02,-3.169025e+01,1.516092e+02,29,74.082613,0.134696,550,-5.818082e+00,0.116183,SCP
2025-11-15T01:28:42,1763170121.846588,   816441689.37,5267.379555,63116,24808,osion,4.721165e+02,2.138889e-01,-1.331658e+02,-3.185029e+01,1.514445e+02,29,74.082613,0.134696,550,-5.499607e+00,0.116183,SCP
2025-11-15T01:28:45,1763170124.846581,   816441692.37,5270.379555,63116,24808,osion,4.743719e+02,2.180556e-01,-1.331175e+02,-3.201011e+01,1.512795e+02,29,111.195882,0.202174,550,-4.619847e+00,0.094832,SCP
2025-11-15T01:28:48,1763170127.846575,   816441695.37,5273.379555,63116,24808,osion,4.766344e+02,2.219444e-01,-1.330690e+02,-3.216970e+01,1.511151e+02,29,37.039747,0.067345,550,-5.324693e+00,0.164311,SCP
2025-11-15T01:28:54,1763170133.846563,   816441701.37,5279.379555,63116,24808,osion,4.811811e+02,2.302778e-01,-1.329716e+02,-3.248822e+01,1.507861e+02,29,296.311945,0.538749,550,-5.694382e+00,0.058093,SCP
2025-11-15T01:28:56,1763170135.846559,   816441703.37,5281.379555,63116,24808,osion,4.827029e+02,2.327778e-01,-1.329390e+02,-3.259420e+01,1.506770e+02,29,222.264248,0.404117,550,-5.660599e+00,0.067076,SCP
2025-11-15T01:28:59,1763170138.846553,   816441706.37,5284.379555,63116,24808,osion,4.849916e+02,2.369444e-01,-1.328901e+02,-3.275298e+01,1.505129e+02,29,148.205345,0.269464,550,-5.151289e+00,0.082143,SCP
2025-11-15T01:29:02,1763170141.846547,   816441709.37,5287.379555,63116,24808,osion,4.872874e+02,2.411111e-01,-1.328409e+02,-3.291153e+01,1.503490e+02,29,148.205345,0.269464,550,-4.755812e+00,0.082143,SCP
2025-11-15T01:29:05,1763170144.846540,   816441712.37,5290.379555,63116,24808,osion,4.895902e+02,2.452778e-01,-1.327916e+02,-3.306986e+01,1.501852e+02,29,185.254347,0.336826,550,-5.432820e+00,0.073471,SCP
2025-11-15T01:29:08,1763170147.846534,   816441715.37,5293.379555,63116,24808,osion,4.919000e+02,2.491667e-01,-1.327422e+02,-3.322797e+01,1.500221e+02,29,148.205345,0.269464,550,-7.063049e+00,0.082143,SCP
2025-11-15T01:29:11,1763170150.846528,   816441718.37,5296.379555,63116,24808,osion,4.942168e+02,2.533333e-01,-1.326926e+02,-3.338585e+01,1.498588e+02,29,185.254347,0.336826,550,-7.481810e+00,0.073471,SCP
2025-11-15T01:29:14,1763170153.846522,   816441721.37,5299.379555,63116,24808,osion,4.965405e+02,2.575000e-01,-1.326429e+02,-3.354350e+01,1.496956e+02,29,259.348386,0.471543,550,-6.838494e+00,0.062095,SCP
2025-11-15T01:29:17,1763170156.846516,   816441724.37,5302.379555,63116,24808,osion,4.988712e+02,2.616667e-01,-1.325930e+02,-3.370093e+01,1.495326e+02,29,333.360428,0.606110,550,-5.546305e+00,0.054770,SCP
2025-11-15T01:29:23,1763170162.846503,   816441730.37,5308.379555,63116,24808,osion,5.035531e+02,2.700000e-01,-1.324928e+02,-3.401511e+01,1.492072e+02,29,111.195882,0.202174,550,-3.815324e+00,0.094832,SCP
2025-11-15T01:29:26,1763170165.846496,   816441733.37,5311.379555,63116,24808,osion,5.059043e+02,2.741667e-01,-1.324425e+02,-3.417186e+01,1.490448e+02,29,259.348386,0.471543,550,-3.971203e+00,0.062095,SCP
2025-11-15T01:29:29,1763170168.846490,   816441736.37,5314.379555,63116,24808,osion,5.082623e+02,2.783333e-01,-1.323920e+02,-3.432839e+01,1.488825e+02,29,333.360428,0.606110,550,-4.536549e+00,0.054770,SCP
2025-11-15T01:29:31,1763170170.846486,   816441738.37,5316.379555,63116,24808,osion,5.098381e+02,2.811111e-01,-1.323582e+02,-3.443261e+01,1.487745e+02,29,629.660278,1.144837,550,-4.981483e+00,0.039852,SCP
2025-11-15T01:29:34,1763170173.846480,   816441741.37,5319.379555,63116,24808,osion,5.122074e+02,2.852778e-01,-1.323075e+02,-3.458875e+01,1.486126e+02,29,185.254347,0.336826,550,-5.505380e+00,0.073471,SCP
2025-11-15T01:29:37,1763170176.846473,   816441744.37,5322.379555,63116,24808,osion,5.145834e+02,2.894444e-01,-1.322566e+02,-3.474467e+01,1.484509e+02,29,370.397465,0.673450,550,-5.627018e+00,0.051960,SCP
2025-11-15T01:29:40,1763170179.846467,   816441747.37,5325.379555,63116,24808,osion,5.169661e+02,2.936111e-01,-1.322055e+02,-3.490035e+01,1.482894e+02,29,222.264248,0.404117,550,-6.689680e+00,0.067076,SCP
2025-11-15T01:29:43,1763170182.846461,   816441750.37,5328.379555,63116,24808,osion,5.193554e+02,2.980556e-01,-1.321543e+02,-3.505581e+01,1.481276e+02,29,296.311945,0.538749,550,-7.146593e+00,0.058093,SCP
2025-11-15T01:29:46,1763170185.846455,   816441753.37,5331.379555,63116,24808,osion,5.217515e+02,3.022222e-01,-1.321029e+02,-3.521104e+01,1.479665e+02,29,333.360428,0.606110,550,-6.818174e+00,0.054770,SCP
2025-11-15T01:29:49,1763170188.846449,   816441756.37,5334.379555,63116,24808,osion,5.241541e+02,3.063889e-01,-1.320513e+02,-3.536604e+01,1.478057e+02,29,259.348386,0.471543,550,-5.545146e+00,0.062095,SCP
2025-11-15T01:29:52,1763170191.846442,   816441759.37,5337.379555,63116,24808,osion,5.265633e+02,3.105556e-01,-1.319996e+02,-3.552081e+01,1.476450e+02,29,222.264248,0.404117,550,-6.602064e+00,0.067076,SCP
2025-11-15T01:29:55,1763170194.846436,   816441762.37,5340.379555,63116,24808,osion,5.289790e+02,3.150000e-01,-1.319477e+02,-3.567535e+01,1.474840e+02,29,259.348386,0.471543,550,0,0.062095,SCP
2025-11-15T01:06:58,1763168817.847303,   816440385.37,3963.379555,63116,24808,osion,4.306097e+02,2.251167e+01,-1.534109e+02,4.569330e+01,1.269991e+02,30,37.039747,0.047141,550,-3.791080e+00,0.164311,SCP
2025-11-15T01:07:15,1763168834.847267,   816440402.37,3980.379555,63116,24808,osion,4.188502e+02,2.254556e+01,-1.529714e+02,4.478876e+01,1.279655e+02,30,37.039747,0.047141,550,-2.884313e+00,0.164311,SCP
2025-11-15T01:07:24,1763168843.847249,   816440411.37,3989.379555,63116,24808,osion,4.127259e+02,2.256333e+01,-1.527438e+02,4.430665e+01,1.284804e+02,30,37.039747,0.067345,550,-3.085674e+00,0.164311,SCP
2025-11-15T01:07:59,1763168878.847176,   816440446.37,4024.379555,63116,24808,osion,3.895924e+02,2.262944e+01,-1.518910e+02,4.241104e+01,1.304940e+02,30,37.039747,0.067345,550,-4.103014e+00,0.164311,SCP
2025-11-15T01:08:37,1763168916.847097,   816440484.37,4062.379555,63116,24808,osion,3.657458e+02,2.269806e+01,-1.510185e+02,4.031680e+01,1.327097e+02,30,37.039747,0.067345,550,-6.986179e+00,0.164311,SCP
2025-11-15T01:09:30,1763168969.846987,   816440537.37,4115.379555,63116,24808,osion,3.347976e+02,2.278806e+01,-1.498839e+02,3.733646e+01,1.358443e+02,30,37.039747,0.067345,550,-7.037625e+00,0.164311,SCP
2025-11-15T01:10:34,1763169033.846853,   816440601.37,4179.379555,63116,24808,osion,3.012065e+02,2.288917e+01,-1.486240e+02,3.365209e+01,1.396935e+02,30,37.039747,0.067345,550,-3.122254e+00,0.164311,SCP
2025-11-15T01:10:49,1763169048.846822,   816440616.37,4194.379555,63116,24808,osion,2.939567e+02,2.291194e+01,-1.483440e+02,3.277600e+01,1.406057e+02,30,37.039747,0.067345,550,-2.105955e+00,0.164311,SCP
2025-11-15T01:10:54,1763169053.846811,   816440621.37,4199.379555,63116,24808,osion,2.915939e+02,2.291944e+01,-1.482519e+02,3.248296e+01,1.409104e+02,30,37.039747,0.067345,550,-2.182859e+00,0.164311,SCP
2025-11-15T01:11:18,1763169077.846761,   816440645.37,4223.379555,63116,24808,osion,2.806320e+02,2.295500e+01,-1.478176e+02,3.106958e+01,1.423788e+02,30,37.039747,0.067345,550,-2.095359e+00,0.164311,SCP
2025-11-15T01:11:29,1763169088.846739,   816440656.37,4234.379555,63116,24808,osion,2.758198e+02,2.297083e+01,-1.476228e+02,3.041812e+01,1.430534e+02,30,37.039747,0.067345,550,-3.448251e+00,0.164311,SCP
2025-11-15T01:11:59,1763169118.846676,   816440686.37,4264.379555,63116,24808,osion,2.633841e+02,2.301361e+01,-1.471042e+02,2.863026e+01,1.449038e+02,30,74.082613,0.134696,550,-5.576462e+00,0.116183,SCP
2025-11-15T01:12:34,1763169153.846603,   816440721.37,4299.379555,63116,24808,osion,2.501721e+02,2.306194e+01,-1.465209e+02,2.652503e+01,1.470752e+02,30,37.039747,0.067345,550,-4.988659e+00,0.164311,SCP
2025-11-15T01:13:12,1763169191.846524,   816440759.37,4337.379555,63116,24808,osion,2.374437e+02,2.311278e+01,-1.459115e+02,2.421780e+01,1.494461e+02,30,37.039747,0.067345,550,-4.924294e+00,0.164311,SCP
2025-11-15T01:13:18,1763169197.846512,   816440765.37,4343.379555,63116,24808,osion,2.355902e+02,2.312083e+01,-1.458174e+02,2.385160e+01,1.498226e+02,30,111.195882,0.202174,550,-4.781879e+00,0.094832,SCP
2025-11-15T01:13:27,1763169206.846493,   816440774.37,4352.379555,63116,24808,osion,2.328907e+02,2.313250e+01,-1.456772e+02,2.330140e+01,1.503857e+02,30,37.039747,0.067345,550,-4.062297e+00,0.164311,SCP
2025-11-15T01:13:30,1763169209.846487,   816440777.37,4355.379555,63116,24808,osion,2.320124e+02,2.313639e+01,-1.456307e+02,2.311776e+01,1.505737e+02,30,111.195882,0.202174,550,-3.901465e+00,0.094832,SCP
2025-11-15T01:13:33,1763169212.846482,   816440780.37,4358.379555,63116,24808,osion,2.311449e+02,2.314028e+01,-1.455844e+02,2.293401e+01,1.507617e+02,30,37.039747,0.067345,550,-3.407397e+00,0.164311,SCP
2025-11-15T01:13:35,1763169214.846478,   816440782.37,4360.379555,63116,24808,osion,2.305726e+02,2.314278e+01,-1.455536e+02,2.281144e+01,1.508865e+02,30,74.082613,0.134696,550,-3.195658e+00,0.116183,SCP
2025-11-15T01:13:53,1763169232.847436,   816440800.37,4378.379555,63116,24808,osion,2.256395e+02,2.316611e+01,-1.452788e+02,2.170607e+01,1.520174e+02,30,37.039747,0.067345,550,-2.011626e+00,0.164311,SCP
2025-11-15T01:13:56,1763169235.847427,   816440803.37,4381.379555,63116,24808,osion,2.248556e+02,2.317000e+01,-1.452334e+02,2.152146e+01,1.522062e+02,30,74.082613,0.134696,550,-2.159888e+00,0.116183,SCP
2025-11-15T01:13:59,1763169238.847430,   816440806.37,4384.379555,63116,24808,osion,2.240825e+02,2.317389e+01,-1.451881e+02,2.133675e+01,1.523951e+02,30,74.082613,0.134696,550,-2.320533e+00,0.116183,SCP
2025-11-15T01:14:05,1763169244.847414,   816440812.37,4390.379555,63116,24808,osion,2.225694e+02,2.318139e+01,-1.450980e+02,2.096700e+01,1.527714e+02,30,37.039747,0.067345,550,-2.516702e+00,0.164311,SCP
2025-11-15T01:14:11,1763169250.847401,   816440818.37,4396.379555,63116,24808,osion,2.211002e+02,2.318889e+01,-1.450083e+02,2.059685e+01,1.531481e+02,30,148.205345,0.269464,550,-2.272577e+00,0.082143,SCP
2025-11-15T01:14:13,1763169252.847397,   816440820.37,4398.379555,63116,24808,osion,2.206203e+02,2.319167e+01,-1.449785e+02,2.047338e+01,1.532755e+02,30,148.205345,0.269464,550,-2.278724e+00,0.082143,SCP
2025-11-15T01:14:16,1763169255.847391,   816440823.37,4401.379555,63116,24808,osion,2.199096e+02,2.319528e+01,-1.449339e+02,2.028809e+01,1.534631e+02,30,37.039747,0.067345,550,-2.594165e+00,0.164311,SCP
2025-11-15T01:14:19,1763169258.847385,   816440826.37,4404.379555,63116,24808,osion,2.192100e+02,2.319917e+01,-1.448894e+02,2.010270e+01,1.536526e+02,30,74.082613,0.134696,550,-2.685398e+00,0.116183,SCP
2025-11-15T01:14:22,1763169261.847378,   816440829.37,4407.379555,63116,24808,osion,2.185214e+02,2.320278e+01,-1.448450e+02,1.991722e+01,1.538403e+02,30,259.348386,0.471543,550,-2.696930e+00,0.062095,SCP
2025-11-15T01:14:28,1763169267.847366,   816440835.37,4413.379555,63116,24808,osion,2.171775e+02,2.321028e+01,-1.447566e+02,1.954597e+01,1.542177e+02,30,185.254347,0.336826,550,-3.243216e+00,0.073471,SCP
2025-11-15T01:14:31,1763169270.847360,   816440838.37,4416.379555,63116,24808,osion,2.165222e+02,2.321417e+01,-1.447126e+02,1.936021e+01,1.544075e+02,30,185.254347,0.336826,550,-3.539730e+00,0.073471,SCP
2025-11-15T01:14:34,1763169273.847354,   816440841.37,4419.379555,63116,24808,osion,2.158780e+02,2.321778e+01,-1.446686e+02,1.917435e+01,1.545955e+02,30,333.360428,0.606110,550,-3.544163e+00,0.054770,SCP
2025-11-15T01:14:37,1763169276.847348,   816440844.37,4422.379555,63116,24808,osion,2.152449e+02,2.322167e+01,-1.446248e+02,1.898841e+01,1.547853e+02,30,148.205345,0.269464,550,-2.843360e+00,0.082143,SCP
2025-11-15T01:14:40,1763169279.847341,   816440847.37,4425.379555,63116,24808,osion,2.146230e+02,2.322528e+01,-1.445810e+02,1.880238e+01,1.549734e+02,30,148.205345,0.269464,550,-3.004744e+00,0.082143,SCP
2025-11-15T01:14:43,1763169282.847335,   816440850.37,4428.379555,63116,24808,osion,2.140122e+02,2.322917e+01,-1.445374e+02,1.861627e+01,1.551634e+02,30,370.397465,0.673450,550,-2.884920e+00,0.051960,SCP
2025-11-15T01:14:46,1763169285.847329,   816440853.37,4431.379555,63116,24808,osion,2.134126e+02,2.323278e+01,-1.444939e+02,1.843007e+01,1.553516e+02,30,259.348386,0.471543,550,-2.713256e+00,0.062095,SCP
2025-11-15T01:14:48,1763169287.847325,   816440855.37,4433.379555,63116,24808,osion,2.130191e+02,2.323528e+01,-1.444649e+02,1.830589e+01,1.554776e+02,30,814.890353,1.481619,550,-2.889775e+00,0.035031,SCP
2025-11-15T01:14:51,1763169290.847319,   816440858.37,4436.379555,63116,24808,osion,2.124381e+02,2.323889e+01,-1.444215e+02,1.811955e+01,1.556659e+02,30,481.557712,0.875559,550,-3.304560e+00,0.045570,SCP
2025-11-15T01:14:54,1763169293.847312,   816440861.37,4439.379555,63116,24808,osion,2.118684e+02,2.324250e+01,-1.443783e+02,1.793313e+01,1.558541e+02,30,185.254347,0.336826,550,-3.767406e+00,0.073471,SCP
2025-11-15T01:14:57,1763169296.847305,   816440864.37,4442.379555,63116,24808,osion,2.113098e+02,2.324639e+01,-1.443351e+02,1.774664e+01,1.560444e+02,30,148.205345,0.269464,550,-4.100951e+00,0.082143,SCP
2025-11-15T01:15:00,1763169299.847299,   816440867.37,4445.379555,63116,24808,osion,2.107624e+02,2.325000e+01,-1.442920e+02,1.756006e+01,1.562327e+02,30,296.311945,0.538749,550,-3.810143e+00,0.058093,SCP
2025-11-15T01:15:03,1763169302.847293,   816440870.37,4448.379555,63116,24808,osion,2.102263e+02,2.325361e+01,-1.442491e+02,1.737340e+01,1.564210e+02,30,111.195882,0.202174,550,-3.681912e+00,0.094832,SCP
2025-11-15T01:15:09,1763169308.847281,   816440876.37,4454.379555,63116,24808,osion,2.091878e+02,2.326111e+01,-1.441634e+02,1.699987e+01,1.567998e+02,30,222.264248,0.404117,550,-3.713084e+00,0.067076,SCP
2025-11-15T01:15:22,1763169321.847254,   816440889.37,4467.379555,63116,24808,osion,2.070923e+02,2.327694e+01,-1.439790e+02,1.618956e+01,1.576177e+02,30,37.039747,0.067345,550,-2.331938e+00,0.164311,SCP
2025-11-15T01:15:26,1763169325.847245,   816440893.37,4471.379555,63116,24808,osion,2.064902e+02,2.328167e+01,-1.439226e+02,1.593998e+01,1.578683e+02,30,148.205345,0.269464,550,-2.324920e+00,0.082143,SCP
2025-11-15T01:15:29,1763169328.847239,   816440896.37,4474.379555,63116,24808,osion,2.060518e+02,2.328528e+01,-1.438804e+02,1.575272e+01,1.580567e+02,30,148.205345,0.269464,550,-2.338916e+00,0.082143,SCP
2025-11-15T01:15:33,1763169332.847231,   816440900.37,4478.379555,63116,24808,osion,2.054850e+02,2.329000e+01,-1.438243e+02,1.550293e+01,1.583073e+02,30,444.445580,0.808083,550,-2.324365e+00,0.047434,SCP
2025-11-15T01:15:37,1763169336.847222,   816440904.37,4482.379555,63116,24808,osion,2.049382e+02,2.329500e+01,-1.437683e+02,1.525304e+01,1.585599e+02,30,148.205345,0.269464,550,-2.314485e+00,0.082143,SCP
2025-11-15T01:15:40,1763169339.847216,   816440907.37,4485.379555,63116,24808,osion,2.045414e+02,2.329861e+01,-1.437265e+02,1.506555e+01,1.587483e+02,30,296.311945,0.538749,550,-2.298776e+00,0.058093,SCP
2025-11-15T01:15:44,1763169343.847208,   816440911.37,4489.379555,63116,24808,osion,2.040300e+02,2.330333e+01,-1.436707e+02,1.481547e+01,1.589988e+02,30,148.205345,0.269464,550,-2.274458e+00,0.082143,SCP
2025-11-15T01:15:52,1763169351.847191,   816440919.37,4497.379555,63116,24808,osion,2.030678e+02,2.331278e+01,-1.435597e+02,1.431502e+01,1.594996e+02,30,111.195882,0.202174,550,-1.740643e+00,0.094832,SCP
2025-11-15T01:15:55,1763169354.847184,   816440922.37,4500.379555,63116,24808,osion,2.027279e+02,2.331639e+01,-1.435183e+02,1.412726e+01,1.596878e+02,30,74.082613,0.134696,550,-1.314595e+00,0.116183,SCP
2025-11-15T01:16:10,1763169369.847154,   816440937.37,4515.379555,63116,24808,osion,2.011991e+02,2.333417e+01,-1.433120e+02,1.318768e+01,1.606262e+02,30,74.082613,0.134696,550,-2.121480e+00,0.116183,SCP
2025-11-15T01:16:17,1763169376.847139,   816440944.37,4522.379555,63116,24808,osion,2.005834e+02,2.334250e+01,-1.432163e+02,1.274882e+01,1.610637e+02,30,37.039747,0.067345,550,-2.106125e+00,0.164311,SCP
2025-11-15T01:16:21,1763169380.847130,   816440948.37,4526.379555,63116,24808,osion,2.002596e+02,2.334722e+01,-1.431619e+02,1.249794e+01,1.613133e+02,30,185.254347,0.336826,550,-1.920577e+00,0.073471,SCP
2025-11-15T01:16:25,1763169384.847123,   816440952.37,4530.379555,63116,24808,osion,1.999560e+02,2.335194e+01,-1.431075e+02,1.224699e+01,1.615626e+02,30,37.039747,0.067345,550,-1.912019e+00,0.164311,SCP
2025-11-15T01:16:40,1763169399.847091,   816440967.37,4545.379555,63116,24808,osion,1.989993e+02,2.336944e+01,-1.429047e+02,1.130538e+01,1.624943e+02,30,74.082613,0.134696,550,-2.045908e+00,0.116183,SCP
2025-11-15T01:16:43,1763169402.847085,   816440970.37,4548.379555,63116,24808,osion,1.988423e+02,2.337306e+01,-1.428644e+02,1.111696e+01,1.626811e+02,30,74.082613,0.134696,550,-2.184958e+00,0.116183,SCP
2025-11-15T01:16:47,1763169406.847076,   816440974.37,4552.379555,63116,24808,osion,1.986509e+02,2.337778e+01,-1.428107e+02,1.086570e+01,1.629292e+02,30,74.082613,0.134696,550,-2.280659e+00,0.116183,SCP
2025-11-15T01:16:51,1763169410.847068,   816440978.37,4556.379555,63116,24808,osion,1.984800e+02,2.338222e+01,-1.427571e+02,1.061438e+01,1.631748e+02,30,74.082613,0.134696,550,-2.189909e+00,0.116183,SCP
2025-11-15T01:17:06,1763169425.847037,   816440993.37,4571.379555,63116,24808,osion,1.980207e+02,2.339972e+01,-1.425569e+02,9.671587e+00,1.640996e+02,30,74.082613,0.134696,550,-2.368640e+00,0.116183,SCP
2025-11-15T01:17:17,1763169436.847014,   816441004.37,4582.379555,63116,24808,osion,1.978666e+02,2.341250e+01,-1.424111e+02,8.979916e+00,1.647740e+02,30,74.082613,0.134696,550,-2.283573e+00,0.116183,SCP
2025-11-15T01:17:35,1763169454.846976,   816441022.37,4600.379555,63116,24808,osion,1.979481e+02,2.343306e+01,-1.421739e+02,7.847770e+00,1.658664e+02,30,74.082613,0.134696,550,-2.274821e+00,0.116183,SCP
2025-11-15T01:17:43,1763169462.846960,   816441030.37,4608.379555,63116,24808,osion,1.981173e+02,2.344222e+01,-1.420691e+02,7.344534e+00,1.663483e+02,30,37.039747,0.067345,550,-2.308080e+00,0.164311,SCP
2025-11-15T01:17:50,1763169469.846946,   816441037.37,4615.379555,63116,24808,osion,1.983325e+02,2.345028e+01,-1.419776e+02,6.904203e+00,1.667680e+02,30,37.039747,0.067345,550,-2.253857e+00,0.164311,SCP
2025-11-15T01:17:57,1763169476.846931,   816441044.37,4622.379555,63116,24808,osion,1.986102e+02,2.345833e+01,-1.418863e+02,6.463891e+00,1.671854e+02,30,148.205345,0.269464,550,-2.300515e+00,0.082143,SCP
2025-11-15T01:18:01,1763169480.846922,   816441048.37,4626.379555,63116,24808,osion,1.987970e+02,2.346278e+01,-1.418343e+02,6.212300e+00,1.674213e+02,30,222.264248,0.404117,550,-2.114689e+00,0.067076,SCP
2025-11-15T01:18:05,1763169484.846914,   816441052.37,4630.379555,63116,24808,osion,1.990043e+02,2.346722e+01,-1.417823e+02,5.960725e+00,1.676562e+02,30,37.039747,0.067345,550,-2.091787e+00,0.164311,SCP
2025-11-15T01:18:08,1763169487.846908,   816441055.37,4633.379555,63116,24808,osion,1.991732e+02,2.347083e+01,-1.417434e+02,5.772056e+00,1.678344e+02,30,74.082613,0.134696,550,-1.457174e+00,0.116183,SCP
2025-11-15T01:18:12,1763169491.846900,   816441059.37,4637.379555,63116,24808,osion,1.994162e+02,2.347528e+01,-1.416916e+02,5.520516e+00,1.680675e+02,30,370.397465,0.673450,550,-8.636150e-01,0.051960,SCP
2025-11-15T01:18:19,1763169498.846885,   816441066.37,4644.379555,63116,24808,osion,1.998906e+02,2.348333e+01,-1.416010e+02,5.080385e+00,1.684756e+02,30,1407.502395,2.559095,550,-8.215109e-01,0.026655,SCP
2025-11-15T01:18:25,1763169504.846872,   816441072.37,4650.379555,63116,24808,osion,2.003469e+02,2.349000e+01,-1.415235e+02,4.703204e+00,1.688201e+02,30,1851.906255,3.367102,550,-7.396788e-01,0.023238,SCP
2025-11-15T01:18:31,1763169510.846860,   816441078.37,4656.379555,63116,24808,osion,2.008492e+02,2.349667e+01,-1.414462e+02,4.326103e+00,1.691614e+02,30,740.826133,1.346957,550,-9.515439e-01,0.036740,SCP
2025-11-15T01:18:40,1763169519.846842,   816441087.37,4665.379555,63116,24808,osion,2.016885e+02,2.350694e+01,-1.413304e+02,3.760631e+00,1.696701e+02,30,518.564711,0.942845,550,-1.946764e+00,0.043914,SCP
2025-11-15T01:18:43,1763169522.846835,   816441090.37,4668.379555,63116,24808,osion,2.019911e+02,2.351028e+01,-1.412919e+02,3.572193e+00,1.698368e+02,30,74.082613,0.134696,550,-2.274412e+00,0.116183,SCP
2025-11-15T01:18:47,1763169526.846826,   816441094.37,4672.379555,63116,24808,osion,2.024125e+02,2.351472e+01,-1.412405e+02,3.320987e+00,1.700575e+02,30,814.890353,1.481619,550,-2.698886e+00,0.035031,SCP
2025-11-15T01:18:51,1763169530.846819,   816441098.37,4676.379555,63116,24808,osion,2.028541e+02,2.351944e+01,-1.411892e+02,3.069835e+00,1.702794e+02,30,1037.042159,1.885531,550,-3.664864e+00,0.031053,SCP
2025-11-15T01:18:55,1763169534.846810,   816441102.37,4680.379555,63116,24808,osion,2.033161e+02,2.352389e+01,-1.411380e+02,2.818742e+00,1.704961e+02,30,5481.483830,9.966334,550,-5.028880e+00,0.013507,SCP
2025-11-15T01:18:58,1763169537.846804,   816441105.37,4683.379555,63116,24808,osion,2.036759e+02,2.352722e+01,-1.410996e+02,2.630462e+00,1.706572e+02,30,4407.485205,8.013610,550,-5.854538e+00,0.015063,SCP
2025-11-15T01:19:02,1763169541.846796,   816441109.37,4687.379555,63116,24808,osion,2.041734e+02,2.353167e+01,-1.410484e+02,2.379478e+00,1.708700e+02,30,37.039747,0.067345,550,-5.911107e+00,0.164311,SCP
2025-11-15T01:19:09,1763169548.846781,   816441116.37,4694.379555,63116,24808,osion,2.050928e+02,2.353944e+01,-1.409590e+02,1.940419e+00,1.712363e+02,30,74.082613,0.134696,550,-5.859714e+00,0.116183,SCP
2025-11-15T01:19:17,1763169556.846765,   816441124.37,4702.379555,63116,24808,osion,2.062194e+02,2.354861e+01,-1.408570e+02,1.438912e+00,1.716476e+02,30,888.946690,1.616267,550,-5.316341e+00,0.033540,SCP
2025-11-15T01:19:21,1763169560.846756,   816441128.37,4706.379555,63116,24808,osion,2.068130e+02,2.355306e+01,-1.408060e+02,1.188275e+00,1.718469e+02,30,74.082613,0.134696,550,-4.692466e+00,0.116183,SCP
2025-11-15T01:19:24,1763169563.846749,   816441131.37,4709.379555,63116,24808,osion,2.072715e+02,2.355639e+01,-1.407678e+02,1.000352e+00,1.719941e+02,30,259.348386,0.471543,550,-2.482061e+00,0.062095,SCP
2025-11-15T01:19:28,1763169567.846742,   816441135.37,4713.379555,63116,24808,osion,2.079004e+02,2.356083e+01,-1.407169e+02,7.498625e-01,1.721872e+02,30,259.348386,0.471543,550,-1.573156e+00,0.062095,SCP
2025-11-15T01:19:32,1763169571.846733,   816441139.37,4717.379555,63116,24808,osion,2.085495e+02,2.356528e+01,-1.406660e+02,4.994621e-01,1.723763e+02,30,518.564711,0.942845,550,-2.085089e+00,0.043914,SCP
2025-11-15T01:19:35,1763169574.846727,   816441142.37,4720.379555,63116,24808,osion,2.090495e+02,2.356861e+01,-1.406279e+02,3.117211e-01,1.725153e+02,30,1148.150038,2.087546,550,-2.310743e+00,0.029512,SCP
2025-11-15T01:19:39,1763169578.846718,   816441146.37,4724.379555,63116,24808,osion,2.097338e+02,2.357306e+01,-1.405770e+02,6.148338e-02,1.726968e+02,30,4185.213682,7.609479,550,-1.982481e+00,0.015458,SCP
2025-11-15T01:19:43,1763169582.846710,   816441150.37,4728.379555,63116,24808,osion,2.104382e+02,2.357750e+01,-1.405262e+02,-1.886578e-01,1.728735e+02,30,15851.929283,28.821690,550,-1.521440e+00,0.007943,SCP
2025-11-15T01:19:46,1763169585.846704,   816441153.37,4731.379555,63116,24808,osion,2.109797e+02,2.358083e+01,-1.404881e+02,-3.761969e-01,1.730026e+02,30,11740.963289,21.347206,550,-1.383171e+00,0.009229,SCP
2025-11-15T01:19:50,1763169589.846696,   816441157.37,4735.379555,63116,24808,osion,2.117192e+02,2.358528e+01,-1.404374e+02,-6.261598e-01,1.731700e+02,30,1222.282298,2.222332,550,-1.133260e+00,0.028603,SCP
2025-11-15T01:19:54,1763169593.846688,   816441161.37,4739.379555,63116,24808,osion,2.124788e+02,2.358972e+01,-1.403866e+02,-8.760154e-01,1.733315e+02,30,629.660278,1.144837,550,-1.308192e+00,0.039852,SCP
2025-11-15T01:19:57,1763169596.846681,   816441164.37,4742.379555,63116,24808,osion,2.130615e+02,2.359333e+01,-1.403486e+02,-1.063336e+00,1.734524e+02,30,407.425231,0.740773,550,-1.308197e+00,0.049542,SCP
2025-11-15T01:20:01,1763169600.846672,   816441168.37,4746.379555,63116,24808,osion,2.138561e+02,2.359778e+01,-1.402979e+02,-1.312998e+00,1.736027e+02,30,851.869745,1.548854,550,-1.308197e+00,0.034262,SCP
2025-11-15T01:20:05,1763169604.846665,   816441172.37,4750.379555,63116,24808,osion,2.146706e+02,2.360222e+01,-1.402472e+02,-1.562545e+00,1.737459e+02,30,1185.216168,2.154938,550,-1.882649e+00,0.029047,SCP
2025-11-15T01:20:09,1763169608.846656,   816441176.37,4754.379555,63116,24808,osion,2.155050e+02,2.360667e+01,-1.401965e+02,-1.811974e+00,1.738815e+02,30,1111.180885,2.020329,550,-1.910870e+00,0.029999,SCP
2025-11-15T01:20:13,1763169612.846647,   816441180.37,4758.379555,63116,24808,osion,2.163594e+02,2.361111e+01,-1.401458e+02,-2.061281e+00,1.740090e+02,30,1222.282298,2.222332,550,-1.588004e+00,0.028603,SCP
2025-11-15T01:20:16,1763169615.846642,   816441183.37,4761.379555,63116,24808,osion,2.170132e+02,2.361444e+01,-1.401079e+02,-2.248179e+00,1.740990e+02,30,926.023636,1.683679,550,-1.680406e+00,0.032862,SCP
2025-11-15T01:20:20,1763169619.846633,   816441187.37,4765.379555,63116,24808,osion,2.179023e+02,2.361889e+01,-1.400572e+02,-2.497267e+00,1.742112e+02,30,814.890353,1.481619,550,-1.874971e+00,0.035031,SCP
2025-11-15T01:20:24,1763169623.846625,   816441191.37,4769.379555,63116,24808,osion,2.188112e+02,2.362333e+01,-1.400066e+02,-2.746223e+00,1.743139e+02,30,444.445580,0.808083,550,-1.930947e+00,0.047434,SCP
2025-11-15T01:20:28,1763169627.846617,   816441195.37,4773.379555,63116,24808,osion,2.197400e+02,2.362778e+01,-1.399559e+02,-2.995047e+00,1.744065e+02,30,518.564711,0.942845,550,-1.916041e+00,0.043914,SCP
2025-11-15T01:20:31,1763169630.846610,   816441198.37,4776.379555,63116,24808,osion,2.204495e+02,2.363111e+01,-1.399180e+02,-3.181575e+00,1.744692e+02,30,592.665819,1.077574,550,-1.699471e+00,0.041077,SCP
2025-11-15T01:20:35,1763169634.846602,   816441202.37,4780.379555,63116,24808,osion,2.214129e+02,2.363556e+01,-1.398673e+02,-3.430158e+00,1.745431e+02,30,740.826133,1.346957,550,-1.451144e+00,0.036740,SCP
2025-11-15T01:20:39,1763169638.846593,   816441206.37,4784.379555,63116,24808,osion,2.223959e+02,2.364000e+01,-1.398167e+02,-3.678598e+00,1.746059e+02,30,407.425231,0.740773,550,-1.459322e+00,0.049542,SCP
2025-11-15T01:20:42,1763169641.846588,   816441209.37,4787.379555,63116,24808,osion,2.231462e+02,2.364333e+01,-1.397787e+02,-3.864834e+00,1.746453e+02,30,259.348386,0.471543,550,-1.457482e+00,0.062095,SCP
2025-11-15T01:20:46,1763169645.846579,   816441213.37,4791.379555,63116,24808,osion,2.241637e+02,2.364778e+01,-1.397281e+02,-4.113018e+00,1.746874e+02,30,740.826133,1.346957,550,-1.538778e+00,0.036740,SCP
2025-11-15T01:20:50,1763169649.846570,   816441217.37,4795.379555,63116,24808,osion,2.252008e+02,2.365222e+01,-1.396775e+02,-4.361053e+00,1.747174e+02,30,74.082613,0.134696,550,-1.935106e+00,0.116183,SCP
2025-11-15T01:20:53,1763169652.846565,   816441220.37,4798.379555,63116,24808,osion,2.259915e+02,2.365556e+01,-1.396395e+02,-4.546978e+00,1.747318e+02,30,148.205345,0.269464,550,-1.915696e+00,0.082143,SCP
2025-11-15T01:20:57,1763169656.846556,   816441224.37,4802.379555,63116,24808,osion,2.270629e+02,2.366000e+01,-1.395888e+02,-4.794743e+00,1.747400e+02,30,37.039747,0.067345,550,-2.115299e+00,0.164311,SCP
2025-11-15T01:21:05,1763169664.846539,   816441232.37,4810.379555,63116,24808,osion,2.292644e+02,2.366889e+01,-1.394875e+02,-5.289792e+00,1.747193e+02,30,148.205345,0.269464,550,-1.886529e+00,0.082143,SCP
2025-11-15T01:21:08,1763169667.846533,   816441235.37,4813.379555,63116,24808,osion,2.301100e+02,2.367222e+01,-1.394495e+02,-5.475266e+00,1.746988e+02,30,185.254347,0.336826,550,-1.478246e+00,0.073471,SCP
2025-11-15T01:21:12,1763169671.846525,   816441239.37,4817.379555,63116,24808,osion,2.312545e+02,2.367667e+01,-1.393988e+02,-5.722421e+00,1.746608e+02,30,111.195882,0.202174,550,-1.226841e+00,0.094832,SCP
2025-11-15T01:21:16,1763169675.846517,   816441243.37,4821.379555,63116,24808,osion,2.324184e+02,2.368139e+01,-1.393481e+02,-5.969404e+00,1.746147e+02,30,407.425231,0.740773,550,-1.192964e+00,0.049542,SCP
2025-11-15T01:21:19,1763169678.846511,   816441246.37,4824.379555,63116,24808,osion,2.333041e+02,2.368472e+01,-1.393101e+02,-6.154529e+00,1.745697e+02,30,296.311945,0.538749,550,-1.449881e+00,0.058093,SCP
2025-11-15T01:21:23,1763169682.846502,   816441250.37,4828.379555,63116,24808,osion,2.345019e+02,2.368917e+01,-1.392593e+02,-6.401207e+00,1.745000e+02,30,259.348386,0.471543,550,-2.034041e+00,0.062095,SCP
2025-11-15T01:21:27,1763169686.846493,   816441254.37,4832.379555,63116,24808,osion,2.357190e+02,2.369361e+01,-1.392086e+02,-6.647709e+00,1.744195e+02,30,259.348386,0.471543,550,-2.358194e+00,0.062095,SCP
2025-11-15T01:21:30,1763169689.846487,   816441257.37,4835.379555,63116,24808,osion,2.366445e+02,2.369694e+01,-1.391705e+02,-6.832465e+00,1.743524e+02,30,296.311945,0.538749,550,-2.334296e+00,0.058093,SCP
2025-11-15T01:21:34,1763169693.846479,   816441261.37,4839.379555,63116,24808,osion,2.378953e+02,2.370139e+01,-1.391197e+02,-7.078648e+00,1.742543e+02,30,185.254347,0.336826,550,-2.334771e+00,0.073471,SCP
2025-11-15T01:21:38,1763169697.846471,   816441265.37,4843.379555,63116,24808,osion,2.391653e+02,2.370583e+01,-1.390689e+02,-7.324645e+00,1.741468e+02,30,296.311945,0.538749,550,-2.615967e+00,0.058093,SCP
2025-11-15T01:21:41,1763169700.846465,   816441268.37,4846.379555,63116,24808,osion,2.401304e+02,2.370917e+01,-1.390308e+02,-7.509018e+00,1.740603e+02,30,111.195882,0.202174,550,-2.798786e+00,0.094832,SCP
2025-11-15T01:21:45,1763169704.846456,   816441272.37,4850.379555,63116,24808,osion,2.414339e+02,2.371361e+01,-1.389799e+02,-7.754682e+00,1.739377e+02,30,37.039747,0.067345,550,-3.337132e+00,0.164311,SCP
2025-11-15T01:21:49,1763169708.846448,   816441276.37,4854.379555,63116,24808,osion,2.427564e+02,2.371806e+01,-1.389290e+02,-8.000153e+00,1.738072e+02,30,148.205345,0.269464,550,-6.236963e+00,0.082143,SCP
2025-11-15T01:21:58,1763169717.846429,   816441285.37,4863.379555,63116,24808,osion,2.458018e+02,2.372806e+01,-1.388144e+02,-8.551736e+00,1.734871e+02,30,74.082613,0.134696,550,-6.903491e+00,0.116183,SCP
2025-11-15T01:22:19,1763169738.847484,   816441306.37,4884.379555,63116,24808,osion,2.532799e+02,2.375167e+01,-1.385462e+02,-9.834713e+00,1.726264e+02,30,148.205345,0.269464,550,-2.844851e+00,0.082143,SCP
2025-11-15T01:22:21,1763169740.847424,   816441308.37,4886.379555,63116,24808,osion,2.540191e+02,2.375389e+01,-1.385206e+02,-9.956594e+00,1.725373e+02,30,37.039747,0.067345,550,-2.896432e+00,0.164311,SCP
2025-11-15T01:22:24,1763169743.847366,   816441311.37,4889.379555,63116,24808,osion,2.551367e+02,2.375750e+01,-1.384822e+02,-1.013931e+01,1.724037e+02,30,74.082613,0.134696,550,-3.254623e+00,0.116183,SCP
2025-11-15T01:22:27,1763169746.847370,   816441314.37,4892.379555,63116,24808,osion,2.562648e+02,2.376083e+01,-1.384437e+02,-1.032191e+01,1.722658e+02,30,222.264248,0.404117,550,-3.164136e+00,0.067076,SCP
2025-11-15T01:22:30,1763169749.847362,   816441317.37,4895.379555,63116,24808,osion,2.574033e+02,2.376417e+01,-1.384052e+02,-1.050438e+01,1.721260e+02,30,1111.180885,2.020329,550,-2.747811e+00,0.029999,SCP
2025-11-15T01:22:33,1763169752.847356,   816441320.37,4898.379555,63116,24808,osion,2.585523e+02,2.376750e+01,-1.383667e+02,-1.068672e+01,1.719842e+02,30,555.567956,1.010124,550,-2.263033e+00,0.042426,SCP
2025-11-15T01:22:36,1763169755.847350,   816441323.37,4901.379555,63116,24808,osion,2.597118e+02,2.377083e+01,-1.383282e+02,-1.086894e+01,1.718406e+02,30,185.254347,0.336826,550,-2.151265e+00,0.073471,SCP
2025-11-15T01:22:39,1763169758.847344,   816441326.37,4904.379555,63116,24808,osion,2.608816e+02,2.377417e+01,-1.382896e+02,-1.105103e+01,1.716953e+02,30,148.205345,0.269464,550,-1.989229e+00,0.082143,SCP
2025-11-15T01:22:42,1763169761.847338,   816441329.37,4907.379555,63116,24808,osion,2.620619e+02,2.377778e+01,-1.382510e+02,-1.123298e+01,1.715500e+02,30,259.348386,0.471543,550,-1.665077e+00,0.062095,SCP
2025-11-15T01:22:45,1763169764.847332,   816441332.37,4910.379555,63116,24808,osion,2.632525e+02,2.378111e+01,-1.382124e+02,-1.141481e+01,1.714015e+02,30,74.082613,0.134696,550,-1.038133e+00,0.116183,SCP
2025-11-15T01:22:48,1763169767.847326,   816441335.37,4913.379555,63116,24808,osion,2.644535e+02,2.378444e+01,-1.381738e+02,-1.159651e+01,1.712516e+02,30,37.039747,0.067345,550,-1.777035e+00,0.164311,SCP
2025-11-15T01:22:54,1763169773.847313,   816441341.37,4919.379555,63116,24808,osion,2.668864e+02,2.379111e+01,-1.380963e+02,-1.195949e+01,1.709478e+02,30,74.082613,0.134696,550,-2.090291e+00,0.116183,SCP
2025-11-15T01:22:56,1763169775.847309,   816441343.37,4921.379555,63116,24808,osion,2.677066e+02,2.379333e+01,-1.380705e+02,-1.208037e+01,1.708454e+02,30,37.039747,0.067345,550,-1.428992e+00,0.164311,SCP
2025-11-15T01:22:59,1763169778.847302,   816441346.37,4924.379555,63116,24808,osion,2.689453e+02,2.379694e+01,-1.380317e+02,-1.226157e+01,1.706923e+02,30,37.039747,0.067345,550,-1.644309e+00,0.164311,SCP
2025-11-15T01:23:05,1763169784.847290,   816441352.37,4930.379555,63116,24808,osion,2.714536e+02,2.380361e+01,-1.379541e+02,-1.262356e+01,1.703800e+02,30,37.039747,0.067345,550,-1.324116e+00,0.164311,SCP
2025-11-15T01:23:08,1763169787.847283,   816441355.37,4933.379555,63116,24808,osion,2.727231e+02,2.380694e+01,-1.379152e+02,-1.280435e+01,1.702223e+02,30,74.082613,0.134696,550,-1.232381e+00,0.116183,SCP
2025-11-15T01:23:14,1763169793.847271,   816441361.37,4939.379555,63116,24808,osion,2.752926e+02,2.381389e+01,-1.378373e+02,-1.316550e+01,1.699055e+02,30,74.082613,0.134696,550,-1.578582e+00,0.116183,SCP
2025-11-15T01:23:17,1763169796.847265,   816441364.37,4942.379555,63116,24808,osion,2.765926e+02,2.381722e+01,-1.377983e+02,-1.334586e+01,1.697453e+02,30,74.082613,0.134696,550,-2.264194e+00,0.116183,SCP
2025-11-15T01:23:20,1763169799.847259,   816441367.37,4945.379555,63116,24808,osion,2.779027e+02,2.382083e+01,-1.377593e+02,-1.352608e+01,1.695853e+02,30,148.205345,0.269464,550,-2.360121e+00,0.082143,SCP
2025-11-15T01:23:23,1763169802.847253,   816441370.37,4948.379555,63116,24808,osion,2.792229e+02,2.382417e+01,-1.377202e+02,-1.370615e+01,1.694235e+02,30,111.195882,0.202174,550,-2.355827e+00,0.094832,SCP
2025-11-15T01:23:26,1763169805.847246,   816441373.37,4951.379555,63116,24808,osion,2.805532e+02,2.382750e+01,-1.376811e+02,-1.388608e+01,1.692611e+02,30,148.205345,0.269464,550,-2.332172e+00,0.082143,SCP
2025-11-15T01:23:31,1763169810.847235,   816441378.37,4956.379555,63116,24808,osion,2.827928e+02,2.383333e+01,-1.376158e+02,-1.418564e+01,1.689898e+02,30,37.039747,0.067345,550,-2.370889e+00,0.164311,SCP
2025-11-15T01:23:34,1763169813.847229,   816441381.37,4959.379555,63116,24808,osion,2.841498e+02,2.383667e+01,-1.375765e+02,-1.436517e+01,1.688257e+02,30,111.195882,0.202174,550,-2.373309e+00,0.094832,SCP
2025-11-15T01:23:37,1763169816.847223,   816441384.37,4962.379555,63116,24808,osion,2.855169e+02,2.384000e+01,-1.375373e+02,-1.454456e+01,1.686610e+02,30,148.205345,0.269464,550,-2.367926e+00,0.082143,SCP
2025-11-15T01:23:40,1763169819.847217,   816441387.37,4965.379555,63116,24808,osion,2.868940e+02,2.384361e+01,-1.374979e+02,-1.472379e+01,1.684967e+02,30,148.205345,0.269464,550,-2.372684e+00,0.082143,SCP
2025-11-15T01:23:46,1763169825.847204,   816441393.37,4971.379555,63116,24808,osion,2.896779e+02,2.385028e+01,-1.374192e+02,-1.508181e+01,1.681648e+02,30,37.039747,0.067345,550,-2.441041e+00,0.164311,SCP
2025-11-15T01:23:49,1763169828.847198,   816441396.37,4974.379555,63116,24808,osion,2.910848e+02,2.385389e+01,-1.373797e+02,-1.526059e+01,1.679990e+02,30,37.039747,0.067345,550,-2.678295e+00,0.164311,SCP
2025-11-15T01:23:52,1763169831.847192,   816441399.37,4977.379555,63116,24808,osion,2.925015e+02,2.385722e+01,-1.373402e+02,-1.543922e+01,1.678319e+02,30,148.205345,0.269464,550,-2.730113e+00,0.082143,SCP
2025-11-15T01:23:55,1763169834.847186,   816441402.37,4980.379555,63116,24808,osion,2.939281e+02,2.386083e+01,-1.373006e+02,-1.561769e+01,1.676652e+02,30,111.195882,0.202174,550,-2.552854e+00,0.094832,SCP
2025-11-15T01:23:58,1763169837.847179,   816441405.37,4983.379555,63116,24808,osion,2.953646e+02,2.386417e+01,-1.372610e+02,-1.579600e+01,1.674975e+02,30,74.082613,0.134696,550,-2.325951e+00,0.116183,SCP
2025-11-15T01:24:01,1763169840.847173,   816441408.37,4986.379555,63116,24808,osion,2.968108e+02,2.386778e+01,-1.372214e+02,-1.597416e+01,1.673300e+02,30,37.039747,0.067345,550,-2.336835e+00,0.164311,SCP
2025-11-15T01:24:04,1763169843.847167,   816441411.37,4989.379555,63116,24808,osion,2.982668e+02,2.387111e+01,-1.371817e+02,-1.615216e+01,1.671615e+02,30,111.195882,0.202174,550,-2.833298e+00,0.094832,SCP
2025-11-15T01:24:06,1763169845.847163,   816441413.37,4991.379555,63116,24808,osion,2.992430e+02,2.387333e+01,-1.371552e+02,-1.627074e+01,1.670491e+02,30,37.039747,0.067345,550,-3.041079e+00,0.164311,SCP
2025-11-15T01:24:09,1763169848.847157,   816441416.37,4994.379555,63116,24808,osion,3.007153e+02,2.387694e+01,-1.371154e+02,-1.644847e+01,1.668807e+02,30,111.195882,0.202174,550,-3.047504e+00,0.094832,SCP
2025-11-15T01:24:12,1763169851.847151,   816441419.37,4997.379555,63116,24808,osion,3.021973e+02,2.388028e+01,-1.370755e+02,-1.662605e+01,1.667115e+02,30,148.205345,0.269464,550,-3.304078e+00,0.082143,SCP
2025-11-15T01:24:15,1763169854.847145,   816441422.37,5000.379555,63116,24808,osion,3.036890e+02,2.388389e+01,-1.370356e+02,-1.680346e+01,1.665426e+02,30,37.039747,0.067345,550,-3.628658e+00,0.164311,SCP
2025-11-15T01:24:18,1763169857.847137,   816441425.37,5003.379555,63116,24808,osion,3.051904e+02,2.388722e+01,-1.369957e+02,-1.698071e+01,1.663729e+02,30,185.254347,0.336826,550,-3.973350e+00,0.073471,SCP
2025-11-15T01:24:21,1763169860.847131,   816441428.37,5006.379555,63116,24808,osion,3.067015e+02,2.389083e+01,-1.369557e+02,-1.715780e+01,1.662035e+02,30,222.264248,0.404117,550,-4.281960e+00,0.067076,SCP
2025-11-15T01:24:24,1763169863.847125,   816441431.37,5009.379555,63116,24808,osion,3.082221e+02,2.389417e+01,-1.369156e+02,-1.733472e+01,1.660333e+02,30,74.082613,0.134696,550,-4.278812e+00,0.116183,SCP
2025-11-15T01:24:27,1763169866.847119,   816441434.37,5012.379555,63116,24808,osion,3.097524e+02,2.389778e+01,-1.368755e+02,-1.751148e+01,1.658635e+02,30,74.082613,0.134696,550,-4.098788e+00,0.116183,SCP
2025-11-15T01:24:30,1763169869.847113,   816441437.37,5015.379555,63116,24808,osion,3.112923e+02,2.390111e+01,-1.368353e+02,-1.768807e+01,1.656930e+02,30,74.082613,0.134696,550,-3.970635e+00,0.116183,SCP
2025-11-15T01:24:33,1763169872.847106,   816441440.37,5018.379555,63116,24808,osion,3.128417e+02,2.390472e+01,-1.367951e+02,-1.786449e+01,1.655227e+02,30,148.205345,0.269464,550,-4.245834e+00,0.082143,SCP
2025-11-15T01:24:39,1763169878.847094,   816441446.37,5024.379555,63116,24808,osion,3.159691e+02,2.391167e+01,-1.367144e+02,-1.821684e+01,1.651814e+02,30,259.348386,0.471543,550,-3.727048e+00,0.062095,SCP
2025-11-15T01:24:41,1763169880.847090,   816441448.37,5026.379555,63116,24808,osion,3.170200e+02,2.391417e+01,-1.366875e+02,-1.833413e+01,1.650677e+02,30,222.264248,0.404117,550,-3.506863e+00,0.067076,SCP
2025-11-15T01:24:44,1763169883.847084,   816441451.37,5029.379555,63116,24808,osion,3.186042e+02,2.391750e+01,-1.366470e+02,-1.850994e+01,1.648965e+02,30,185.254347,0.336826,550,-3.167851e+00,0.073471,SCP
2025-11-15T01:24:47,1763169886.847078,   816441454.37,5032.379555,63116,24808,osion,3.201979e+02,2.392111e+01,-1.366065e+02,-1.868557e+01,1.647256e+02,30,148.205345,0.269464,550,-2.735183e+00,0.082143,SCP
2025-11-15T01:24:50,1763169889.847071,   816441457.37,5035.379555,63116,24808,osion,3.218009e+02,2.392472e+01,-1.365659e+02,-1.886104e+01,1.645545e+02,30,185.254347,0.336826,550,-2.372467e+00,0.073471,SCP
2025-11-15T01:24:53,1763169892.847064,   816441460.37,5038.379555,63116,24808,osion,3.234134e+02,2.392806e+01,-1.365252e+02,-1.903633e+01,1.643831e+02,30,333.360428,0.606110,550,-2.351390e+00,0.054770,SCP
2025-11-15T01:24:56,1763169895.847058,   816441463.37,5041.379555,63116,24808,osion,3.250352e+02,2.393167e+01,-1.364845e+02,-1.921144e+01,1.642118e+02,30,111.195882,0.202174,550,-2.808762e+00,0.094832,SCP
2025-11-15T01:25:02,1763169901.847046,   816441469.37,5047.379555,63116,24808,osion,3.283068e+02,2.393861e+01,-1.364029e+02,-1.956115e+01,1.638688e+02,30,148.205345,0.269464,550,-4.041239e+00,0.082143,SCP
2025-11-15T01:25:05,1763169904.847040,   816441472.37,5050.379555,63116,24808,osion,3.299566e+02,2.394222e+01,-1.363620e+02,-1.973574e+01,1.636973e+02,30,74.082613,0.134696,550,-4.396224e+00,0.116183,SCP
2025-11-15T01:25:08,1763169907.847034,   816441475.37,5053.379555,63116,24808,osion,3.316156e+02,2.394583e+01,-1.363210e+02,-1.991015e+01,1.635258e+02,30,185.254347,0.336826,550,-4.405128e+00,0.073471,SCP
2025-11-15T01:25:11,1763169910.847027,   816441478.37,5056.379555,63116,24808,osion,3.332838e+02,2.394944e+01,-1.362799e+02,-2.008439e+01,1.633542e+02,30,185.254347,0.336826,550,-5.605182e+00,0.073471,SCP
2025-11-15T01:25:14,1763169913.847021,   816441481.37,5059.379555,63116,24808,osion,3.349612e+02,2.395278e+01,-1.362388e+02,-2.025845e+01,1.631824e+02,30,111.195882,0.202174,550,-7.052179e+00,0.094832,SCP
2025-11-15T01:25:17,1763169916.847015,   816441484.37,5062.379555,63116,24808,osion,3.366478e+02,2.395639e+01,-1.361976e+02,-2.043232e+01,1.630107e+02,30,222.264248,0.404117,550,-7.098259e+00,0.067076,SCP
2025-11-15T01:25:19,1763169918.847011,   816441486.37,5064.379555,63116,24808,osion,3.377773e+02,2.395889e+01,-1.361701e+02,-2.054814e+01,1.628963e+02,30,74.082613,0.134696,550,-7.104852e+00,0.116183,SCP
2025-11-15T01:25:22,1763169921.847005,   816441489.37,5067.379555,63116,24808,osion,3.394792e+02,2.396250e+01,-1.361288e+02,-2.072172e+01,1.627246e+02,30,222.264248,0.404117,550,-6.789792e+00,0.067076,SCP
2025-11-15T01:25:26,1763169925.846996,   816441493.37,5071.379555,63116,24808,osion,3.417624e+02,2.396722e+01,-1.360736e+02,-2.095287e+01,1.624956e+02,30,185.254347,0.336826,550,-5.437854e+00,0.073471,SCP
2025-11-15T01:25:32,1763169931.846983,   816441499.37,5077.379555,63116,24808,osion,3.452176e+02,2.397417e+01,-1.359906e+02,-2.129900e+01,1.621520e+02,30,333.360428,0.606110,550,-4.590071e+00,0.054770,SCP
2025-11-15T01:25:35,1763169934.846977,   816441502.37,5080.379555,63116,24808,osion,3.469587e+02,2.397778e+01,-1.359490e+02,-2.147178e+01,1.619803e+02,30,74.082613,0.134696,550,-4.006317e+00,0.116183,SCP
2025-11-15T01:25:38,1763169937.846971,   816441505.37,5083.379555,63116,24808,osion,3.487088e+02,2.398139e+01,-1.359072e+02,-2.164438e+01,1.618085e+02,30,148.205345,0.269464,550,-3.414152e+00,0.082143,SCP
2025-11-15T01:25:40,1763169939.846967,   816441507.37,5085.379555,63116,24808,osion,3.498805e+02,2.398389e+01,-1.358794e+02,-2.175935e+01,1.616941e+02,30,37.039747,0.067345,550,-3.216913e+00,0.164311,SCP
2025-11-15T01:25:43,1763169942.846961,   816441510.37,5088.379555,63116,24808,osion,3.516455e+02,2.398750e+01,-1.358376e+02,-2.193164e+01,1.615224e+02,30,148.205345,0.269464,550,-2.906356e+00,0.082143,SCP
2025-11-15T01:25:46,1763169945.846955,   816441513.37,5091.379555,63116,24808,osion,3.534195e+02,2.399111e+01,-1.357956e+02,-2.210374e+01,1.613507e+02,30,111.195882,0.202174,550,-2.759116e+00,0.094832,SCP
2025-11-15T01:25:49,1763169948.846948,   816441516.37,5094.379555,63116,24808,osion,3.552023e+02,2.399472e+01,-1.357536e+02,-2.227566e+01,1.611791e+02,30,111.195882,0.202174,550,-3.066353e+00,0.094832,SCP
2025-11-15T01:25:52,1763169951.846942,   816441519.37,5097.379555,63116,24808,osion,3.569940e+02,2.399833e+01,-1.357116e+02,-2.244739e+01,1.610075e+02,30,185.254347,0.336826,550,-2.616826e+00,0.073471,SCP
2025-11-15T01:25:55,1763169954.846936,   816441522.37,5100.379555,63116,24808,osion,3.587946e+02,1.944444e-03,-1.356694e+02,-2.261893e+01,1.608359e+02,30,259.348386,0.471543,550,-2.428171e+00,0.062095,SCP
2025-11-15T01:25:58,1763169957.846930,   816441525.37,5103.379555,63116,24808,osion,3.606039e+02,5.555556e-03,-1.356272e+02,-2.279028e+01,1.606644e+02,30,259.348386,0.471543,550,-2.375998e+00,0.062095,SCP
2025-11-15T01:26:01,1763169960.846924,   816441528.37,5106.379555,63116,24808,osion,3.624221e+02,9.166667e-03,-1.355848e+02,-2.296144e+01,1.604930e+02,30,407.425231,0.740773,550,-2.163234e+00,0.049542,SCP
2025-11-15T01:26:04,1763169963.846918,   816441531.37,5109.379555,63116,24808,osion,3.642490e+02,1.277778e-02,-1.355424e+02,-2.313241e+01,1.603216e+02,30,222.264248,0.404117,550,-1.959577e+00,0.067076,SCP
2025-11-15T01:26:07,1763169966.846911,   816441534.37,5112.379555,63116,24808,osion,3.660846e+02,1.638889e-02,-1.354999e+02,-2.330318e+01,1.601503e+02,30,148.205345,0.269464,550,-1.885149e+00,0.082143,SCP
2025-11-15T01:26:10,1763169969.846904,   816441537.37,5115.379555,63116,24808,osion,3.679289e+02,2.000000e-02,-1.354574e+02,-2.347377e+01,1.599790e+02,30,259.348386,0.471543,550,-1.846071e+00,0.062095,SCP
2025-11-15T01:26:13,1763169972.846898,   816441540.37,5118.379555,63116,24808,osion,3.697819e+02,2.388889e-02,-1.354147e+02,-2.364416e+01,1.598077e+02,30,333.360428,0.606110,550,-1.682505e+00,0.054770,SCP
2025-11-15T01:26:15,1763169974.846894,   816441542.37,5120.379555,63116,24808,osion,3.710220e+02,2.611111e-02,-1.353862e+02,-2.375764e+01,1.596937e+02,30,148.205345,0.269464,550,-1.590468e+00,0.082143,SCP
2025-11-15T01:26:18,1763169977.846888,   816441545.37,5123.379555,63116,24808,osion,3.728894e+02,3.000000e-02,-1.353434e+02,-2.392771e+01,1.595225e+02,30,222.264248,0.404117,550,-1.493699e+00,0.067076,SCP
2025-11-15T01:26:21,1763169980.846882,   816441548.37,5126.379555,63116,24808,osion,3.747654e+02,3.361111e-02,-1.353005e+02,-2.409758e+01,1.593515e+02,30,74.082613,0.134696,550,-1.499142e+00,0.116183,SCP
2025-11-15T01:26:24,1763169983.846875,   816441551.37,5129.379555,63116,24808,osion,3.766500e+02,3.722222e-02,-1.352575e+02,-2.426726e+01,1.591806e+02,30,74.082613,0.134696,550,-1.496789e+00,0.116183,SCP
2025-11-15T01:26:27,1763169986.846869,   816441554.37,5132.379555,63116,24808,osion,3.785431e+02,4.083333e-02,-1.352144e+02,-2.443674e+01,1.590098e+02,30,259.348386,0.471543,550,-1.580097e+00,0.062095,SCP
2025-11-15T01:26:30,1763169989.846863,   816441557.37,5135.379555,63116,24808,osion,3.804447e+02,4.472222e-02,-1.351712e+02,-2.460602e+01,1.588389e+02,30,111.195882,0.202174,550,-1.683315e+00,0.094832,SCP
2025-11-15T01:26:33,1763169992.846857,   816441560.37,5138.379555,63116,24808,osion,3.823548e+02,4.833333e-02,-1.351280e+02,-2.477511e+01,1.586683e+02,30,74.082613,0.134696,550,-1.693343e+00,0.116183,SCP
2025-11-15T01:26:36,1763169995.846851,   816441563.37,5141.379555,63116,24808,osion,3.842734e+02,5.194444e-02,-1.350846e+02,-2.494400e+01,1.584977e+02,30,185.254347,0.336826,550,-1.692275e+00,0.073471,SCP
2025-11-15T01:26:39,1763169998.846843,   816441566.37,5144.379555,63116,24808,osion,3.862004e+02,5.583333e-02,-1.350411e+02,-2.511268e+01,1.583271e+02,30,259.348386,0.471543,550,-1.771279e+00,0.062095,SCP
2025-11-15T01:26:42,1763170001.846837,   816441569.37,5147.379555,63116,24808,osion,3.881358e+02,5.944444e-02,-1.349976e+02,-2.528117e+01,1.581568e+02,30,259.348386,0.471543,550,-1.867076e+00,0.062095,SCP
2025-11-15T01:26:45,1763170004.846831,   816441572.37,5150.379555,63116,24808,osion,3.900796e+02,6.305556e-02,-1.349539e+02,-2.544946e+01,1.579865e+02,30,148.205345,0.269464,550,-1.870607e+00,0.082143,SCP
2025-11-15T01:26:48,1763170007.846825,   816441575.37,5153.379555,63116,24808,osion,3.920317e+02,6.694444e-02,-1.349102e+02,-2.561755e+01,1.578162e+02,30,37.039747,0.067345,550,-2.084737e+00,0.164311,SCP
2025-11-15T01:26:50,1763170009.846821,   816441577.37,5155.379555,63116,24808,osion,3.933377e+02,6.944444e-02,-1.348810e+02,-2.572949e+01,1.577028e+02,30,74.082613,0.134696,550,-2.230953e+00,0.116183,SCP
2025-11-15T01:26:53,1763170012.846815,   816441580.37,5158.379555,63116,24808,osion,3.953037e+02,7.305556e-02,-1.348371e+02,-2.589724e+01,1.575329e+02,30,111.195882,0.202174,550,-2.439301e+00,0.094832,SCP
2025-11-15T01:26:56,1763170015.846809,   816441583.37,5161.379555,63116,24808,osion,3.972780e+02,7.694444e-02,-1.347930e+02,-2.606479e+01,1.573628e+02,30,37.039747,0.067345,550,-2.672369e+00,0.164311,SCP
2025-11-15T01:26:59,1763170018.846802,   816441586.37,5164.379555,63116,24808,osion,3.992605e+02,8.055556e-02,-1.347489e+02,-2.623213e+01,1.571931e+02,30,111.195882,0.202174,550,-2.913775e+00,0.094832,SCP
2025-11-15T01:27:02,1763170021.846796,   816441589.37,5167.379555,63116,24808,osion,4.012512e+02,8.444444e-02,-1.347047e+02,-2.639928e+01,1.570233e+02,30,74.082613,0.134696,550,-3.173552e+00,0.116183,SCP
2025-11-15T01:27:05,1763170024.846790,   816441592.37,5170.379555,63116,24808,osion,4.032501e+02,8.805556e-02,-1.346604e+02,-2.656621e+01,1.568539e+02,30,37.039747,0.067345,550,-3.470105e+00,0.164311,SCP
2025-11-15T01:27:11,1763170030.846778,   816441598.37,5176.379555,63116,24808,osion,4.072723e+02,9.555556e-02,-1.345715e+02,-2.689947e+01,1.565151e+02,30,185.254347,0.336826,550,-4.163333e+00,0.073471,SCP
2025-11-15T01:27:17,1763170036.846766,   816441604.37,5182.379555,63116,24808,osion,4.113270e+02,1.033333e-01,-1.344821e+02,-2.723190e+01,1.561767e+02,30,296.311945,0.538749,550,-4.332711e+00,0.058093,SCP
2025-11-15T01:27:20,1763170039.846759,   816441607.37,5185.379555,63116,24808,osion,4.133664e+02,1.069444e-01,-1.344372e+02,-2.739781e+01,1.560079e+02,30,296.311945,0.538749,550,-4.724859e+00,0.058093,SCP
2025-11-15T01:27:23,1763170042.846753,   816441610.37,5188.379555,63116,24808,osion,4.154138e+02,1.108333e-01,-1.343923e+02,-2.756351e+01,1.558390e+02,30,111.195882,0.202174,550,-5.221973e+00,0.094832,SCP
2025-11-15T01:27:25,1763170044.846749,   816441612.37,5190.379555,63116,24808,osion,4.167832e+02,1.133333e-01,-1.343622e+02,-2.767386e+01,1.557265e+02,30,74.082613,0.134696,550,-5.585942e+00,0.116183,SCP
2025-11-15T01:27:28,1763170047.846742,   816441615.37,5193.379555,63116,24808,osion,4.188439e+02,1.172222e-01,-1.343171e+02,-2.783921e+01,1.555578e+02,30,185.254347,0.336826,550,-5.858960e+00,0.073471,SCP
2025-11-15T01:27:31,1763170050.846735,   816441618.37,5196.379555,63116,24808,osion,4.209126e+02,1.211111e-01,-1.342719e+02,-2.800435e+01,1.553893e+02,30,148.205345,0.269464,550,-5.388034e+00,0.082143,SCP
2025-11-15T01:27:34,1763170053.846730,   816441621.37,5199.379555,63116,24808,osion,4.229892e+02,1.250000e-01,-1.342265e+02,-2.816928e+01,1.552209e+02,30,222.264248,0.404117,550,-4.878434e+00,0.067076,SCP
2025-11-15T01:27:37,1763170056.846723,   816441624.37,5202.379555,63116,24808,osion,4.250736e+02,1.286111e-01,-1.341810e+02,-2.833400e+01,1.550529e+02,30,111.195882,0.202174,550,-5.494953e+00,0.094832,SCP
2025-11-15T01:27:40,1763170059.846717,   816441627.37,5205.379555,63116,24808,osion,4.271660e+02,1.325000e-01,-1.341354e+02,-2.849851e+01,1.548848e+02,30,74.082613,0.134696,550,-5.546529e+00,0.116183,SCP
2025-11-15T01:27:43,1763170062.846711,   816441630.37,5208.379555,63116,24808,osion,4.292661e+02,1.363889e-01,-1.340897e+02,-2.866281e+01,1.547168e+02,30,111.195882,0.202174,550,-5.546596e+00,0.094832,SCP
2025-11-15T01:27:46,1763170065.846705,   816441633.37,5211.379555,63116,24808,osion,4.313740e+02,1.402778e-01,-1.340439e+02,-2.882690e+01,1.545490e+02,30,296.311945,0.538749,550,-5.533395e+00,0.058093,SCP
2025-11-15T01:27:49,1763170068.846698,   816441636.37,5214.379555,63116,24808,osion,4.334897e+02,1.441667e-01,-1.339980e+02,-2.899077e+01,1.543813e+02,30,296.311945,0.538749,550,-5.513825e+00,0.058093,SCP
2025-11-15T01:27:55,1763170074.846686,   816441642.37,5220.379555,63116,24808,osion,4.377443e+02,1.519444e-01,-1.339057e+02,-2.931788e+01,1.540464e+02,30,185.254347,0.336826,550,-4.171964e+00,0.073471,SCP
2025-11-15T01:27:58,1763170077.846680,   816441645.37,5223.379555,63116,24808,osion,4.398831e+02,1.558333e-01,-1.338594e+02,-2.948111e+01,1.538792e+02,30,333.360428,0.606110,550,-3.979632e+00,0.054770,SCP
2025-11-15T01:28:01,1763170080.846673,   816441648.37,5226.379555,63116,24808,osion,4.420296e+02,1.597222e-01,-1.338130e+02,-2.964413e+01,1.537121e+02,30,444.445580,0.808083,550,-4.400684e+00,0.047434,SCP
2025-11-15T01:28:04,1763170083.846667,   816441651.37,5229.379555,63116,24808,osion,4.441837e+02,1.636111e-01,-1.337665e+02,-2.980693e+01,1.535453e+02,30,370.397465,0.673450,550,-4.421913e+00,0.051960,SCP
2025-11-15T01:28:07,1763170086.846661,   816441654.37,5232.379555,63116,24808,osion,4.463454e+02,1.675000e-01,-1.337198e+02,-2.996952e+01,1.533785e+02,30,296.311945,0.538749,550,-4.400512e+00,0.058093,SCP
2025-11-15T01:28:10,1763170089.846654,   816441657.37,5235.379555,63116,24808,osion,4.485147e+02,1.713889e-01,-1.336730e+02,-3.013189e+01,1.532120e+02,30,296.311945,0.538749,550,-4.255362e+00,0.058093,SCP
2025-11-15T01:28:13,1763170092.846648,   816441660.37,5238.379555,63116,24808,osion,4.506915e+02,1.755556e-01,-1.336261e+02,-3.029405e+01,1.530452e+02,30,333.360428,0.606110,550,-3.815622e+00,0.054770,SCP
2025-11-15T01:28:16,1763170095.846642,   816441663.37,5241.379555,63116,24808,osion,4.528758e+02,1.794444e-01,-1.335790e+02,-3.045598e+01,1.528790e+02,30,74.082613,0.134696,550,-3.777472e+00,0.116183,SCP
2025-11-15T01:28:19,1763170098.846636,   816441666.37,5244.379555,63116,24808,osion,4.550675e+02,1.833333e-01,-1.335319e+02,-3.061770e+01,1.527129e+02,30,333.360428,0.606110,550,-4.325905e+00,0.054770,SCP
2025-11-15T01:28:21,1763170100.846632,   816441668.37,5246.379555,63116,24808,osion,4.565329e+02,1.861111e-01,-1.335003e+02,-3.072540e+01,1.526020e+02,30,74.082613,0.134696,550,-4.932098e+00,0.116183,SCP
2025-11-15T01:28:24,1763170103.846626,   816441671.37,5249.379555,63116,24808,osion,4.587370e+02,1.900000e-01,-1.334529e+02,-3.088675e+01,1.524363e+02,30,148.205345,0.269464,550,-5.697073e+00,0.082143,SCP
2025-11-15T01:28:27,1763170106.846620,   816441674.37,5252.379555,63116,24808,osion,4.609486e+02,1.938889e-01,-1.334054e+02,-3.104789e+01,1.522706e+02,30,148.205345,0.269464,550,-5.991778e+00,0.082143,SCP
2025-11-15T01:28:30,1763170109.846612,   816441677.37,5255.379555,63116,24808,osion,4.631676e+02,1.980556e-01,-1.333578e+02,-3.120881e+01,1.521048e+02,30,74.082613,0.134696,550,-5.969748e+00,0.116183,SCP
2025-11-15T01:28:33,1763170112.846606,   816441680.37,5258.379555,63116,24808,osion,4.653939e+02,2.019444e-01,-1.333100e+02,-3.136951e+01,1.519396e+02,30,148.205345,0.269464,550,-5.893936e+00,0.082143,SCP
2025-11-15T01:28:36,1763170115.846600,   816441683.37,5261.379555,63116,24808,osion,4.676275e+02,2.058333e-01,-1.332620e+02,-3.152999e+01,1.517745e+02,30,74.082613,0.134696,550,-5.884172e+00,0.116183,SCP
2025-11-15T01:28:39,1763170118.846594,   816441686.37,5264.379555,63116,24808,osion,4.698684e+02,2.100000e-01,-1.332140e+02,-3.169025e+01,1.516092e+02,30,296.311945,0.538749,550,-5.818082e+00,0.058093,SCP
2025-11-15T01:28:42,1763170121.846588,   816441689.37,5267.379555,63116,24808,osion,4.721165e+02,2.138889e-01,-1.331658e+02,-3.185029e+01,1.514445e+02,30,185.254347,0.336826,550,-5.499607e+00,0.073471,SCP
2025-11-15T01:28:45,1763170124.846581,   816441692.37,5270.379555,63116,24808,osion,4.743719e+02,2.180556e-01,-1.331175e+02,-3.201011e+01,1.512795e+02,30,111.195882,0.202174,550,-4.619847e+00,0.094832,SCP
2025-11-15T01:28:48,1763170127.846575,   816441695.37,5273.379555,63116,24808,osion,4.766344e+02,2.219444e-01,-1.330690e+02,-3.216970e+01,1.511151e+02,30,74.082613,0.134696,550,-5.324693e+00,0.116183,SCP
2025-11-15T01:28:51,1763170130.846569,   816441698.37,5276.379555,63116,24808,osion,4.789042e+02,2.261111e-01,-1.330204e+02,-3.232907e+01,1.509505e+02,30,74.082613,0.134696,550,-5.670227e+00,0.116183,SCP
2025-11-15T01:28:54,1763170133.846563,   816441701.37,5279.379555,63116,24808,osion,4.811811e+02,2.302778e-01,-1.329716e+02,-3.248822e+01,1.507861e+02,30,185.254347,0.336826,550,-5.694382e+00,0.073471,SCP
2025-11-15T01:28:56,1763170135.846559,   816441703.37,5281.379555,63116,24808,osion,4.827029e+02,2.327778e-01,-1.329390e+02,-3.259420e+01,1.506770e+02,30,185.254347,0.336826,550,-5.660599e+00,0.073471,SCP
2025-11-15T01:28:59,1763170138.846553,   816441706.37,5284.379555,63116,24808,osion,4.849916e+02,2.369444e-01,-1.328901e+02,-3.275298e+01,1.505129e+02,30,185.254347,0.336826,550,-5.151289e+00,0.073471,SCP
2025-11-15T01:29:02,1763170141.846547,   816441709.37,5287.379555,63116,24808,osion,4.872874e+02,2.411111e-01,-1.328409e+02,-3.291153e+01,1.503490e+02,30,259.348386,0.471543,550,-4.755812e+00,0.062095,SCP
2025-11-15T01:29:05,1763170144.846540,   816441712.37,5290.379555,63116,24808,osion,4.895902e+02,2.452778e-01,-1.327916e+02,-3.306986e+01,1.501852e+02,30,407.425231,0.740773,550,-5.432820e+00,0.049542,SCP
2025-11-15T01:29:08,1763170147.846534,   816441715.37,5293.379555,63116,24808,osion,4.919000e+02,2.491667e-01,-1.327422e+02,-3.322797e+01,1.500221e+02,30,148.205345,0.269464,550,-7.063049e+00,0.082143,SCP
2025-11-15T01:29:11,1763170150.846528,   816441718.37,5296.379555,63116,24808,osion,4.942168e+02,2.533333e-01,-1.326926e+02,-3.338585e+01,1.498588e+02,30,185.254347,0.336826,550,-7.481810e+00,0.073471,SCP
2025-11-15T01:29:14,1763170153.846522,   816441721.37,5299.379555,63116,24808,osion,4.965405e+02,2.575000e-01,-1.326429e+02,-3.354350e+01,1.496956e+02,30,222.264248,0.404117,550,-6.838494e+00,0.067076,SCP
2025-11-15T01:29:17,1763170156.846516,   816441724.37,5302.379555,63116,24808,osion,4.988712e+02,2.616667e-01,-1.325930e+02,-3.370093e+01,1.495326e+02,30,222.264248,0.404117,550,-5.546305e+00,0.067076,SCP
2025-11-15T01:29:20,1763170159.846509,   816441727.37,5305.379555,63116,24808,osion,5.012087e+02,2.658333e-01,-1.325430e+02,-3.385814e+01,1.493698e+02,30,296.311945,0.538749,550,-4.301028e+00,0.058093,SCP
2025-11-15T01:29:23,1763170162.846503,   816441730.37,5308.379555,63116,24808,osion,5.035531e+02,2.700000e-01,-1.324928e+02,-3.401511e+01,1.492072e+02,30,370.397465,0.673450,550,-3.815324e+00,0.051960,SCP
2025-11-15T01:29:26,1763170165.846496,   816441733.37,5311.379555,63116,24808,osion,5.059043e+02,2.741667e-01,-1.324425e+02,-3.417186e+01,1.490448e+02,30,37.039747,0.067345,550,-3.971203e+00,0.164311,SCP
2025-11-15T01:29:29,1763170168.846490,   816441736.37,5314.379555,63116,24808,osion,5.082623e+02,2.783333e-01,-1.323920e+02,-3.432839e+01,1.488825e+02,30,259.348386,0.471543,550,-4.536549e+00,0.062095,SCP
2025-11-15T01:29:31,1763170170.846486,   816441738.37,5316.379555,63116,24808,osion,5.098381e+02,2.811111e-01,-1.323582e+02,-3.443261e+01,1.487745e+02,30,111.195882,0.202174,550,-4.981483e+00,0.094832,SCP
2025-11-15T01:29:34,1763170173.846480,   816441741.37,5319.379555,63116,24808,osion,5.122074e+02,2.852778e-01,-1.323075e+02,-3.458875e+01,1.486126e+02,30,222.264248,0.404117,550,-5.505380e+00,0.067076,SCP
2025-11-15T01:29:37,1763170176.846473,   816441744.37,5322.379555,63116,24808,osion,5.145834e+02,2.894444e-01,-1.322566e+02,-3.474467e+01,1.484509e+02,30,296.311945,0.538749,550,-5.627018e+00,0.058093,SCP
2025-11-15T01:29:40,1763170179.846467,   816441747.37,5325.379555,63116,24808,osion,5.169661e+02,2.936111e-01,-1.322055e+02,-3.490035e+01,1.482894e+02,30,259.348386,0.471543,550,-6.689680e+00,0.062095,SCP
2025-11-15T01:29:43,1763170182.846461,   816441750.37,5328.379555,63116,24808,osion,5.193554e+02,2.980556e-01,-1.321543e+02,-3.505581e+01,1.481276e+02,30,222.264248,0.404117,550,-7.146593e+00,0.067076,SCP
2025-11-15T01:29:46,1763170185.846455,   816441753.37,5331.379555,63116,24808,osion,5.217515e+02,3.022222e-01,-1.321029e+02,-3.521104e+01,1.479665e+02,30,296.311945,0.538749,550,-6.818174e+00,0.058093,SCP
2025-11-15T01:29:49,1763170188.846449,   816441756.37,5334.379555,63116,24808,osion,5.241541e+02,3.063889e-01,-1.320513e+02,-3.536604e+01,1.478057e+02,30,259.348386,0.471543,550,-5.545146e+00,0.062095,SCP
2025-11-15T01:29:52,1763170191.846442,   816441759.37,5337.379555,63116,24808,osion,5.265633e+02,3.105556e-01,-1.319996e+02,-3.552081e+01,1.476450e+02,30,555.567956,1.010124,550,-6.602064e+00,0.042426,SCP
2025-11-15T01:29:55,1763170194.846436,   816441762.37,5340.379555,63116,24808,osion,5.289790e+02,3.150000e-01,-1.319477e+02,-3.567535e+01,1.474840e+02,30,481.557712,0.875559,550,0,0.045570,SCP
2025-11-15T01:08:05,1763168884.847163,   816440452.37,4030.379555,63116,24808,osion,3.857379e+02,2.264056e+01,-1.517497e+02,4.208282e+01,1.308422e+02,31,37.039747,0.067345,550,-4.234444e+00,0.164311,SCP
2025-11-15T01:08:25,1763168904.847122,   816440472.37,4050.379555,63116,24808,osion,3.731302e+02,2.267667e+01,-1.512884e+02,4.098209e+01,1.320064e+02,31,74.082613,0.134696,550,-8.834594e+00,0.116183,SCP
2025-11-15T01:09:12,1763168951.847024,   816440519.37,4097.379555,63116,24808,osion,3.449987e+02,2.275806e+01,-1.502592e+02,3.835615e+01,1.347734e+02,31,74.082613,0.134696,550,-7.666487e+00,0.116183,SCP
2025-11-15T01:11:56,1763169115.846683,   816440683.37,4261.379555,63116,24808,osion,2.645819e+02,2.300944e+01,-1.471553e+02,2.880976e+01,1.447186e+02,31,37.039747,0.067345,550,-5.385709e+00,0.164311,SCP
2025-11-15T01:12:08,1763169127.846658,   816440695.37,4273.379555,63116,24808,osion,2.598522e+02,2.302611e+01,-1.469521e+02,2.809084e+01,1.454604e+02,31,37.039747,0.067345,550,-5.533405e+00,0.164311,SCP
2025-11-15T01:12:11,1763169130.846652,   816440698.37,4276.379555,63116,24808,osion,2.586955e+02,2.303028e+01,-1.469017e+02,2.791073e+01,1.456463e+02,31,37.039747,0.067345,550,-5.262944e+00,0.164311,SCP
2025-11-15T01:12:58,1763169177.846553,   816440745.37,4323.379555,63116,24808,osion,2.419350e+02,2.309417e+01,-1.461333e+02,2.507029e+01,1.485708e+02,31,74.082613,0.134696,550,-5.406511e+00,0.116183,SCP
2025-11-15T01:13:15,1763169194.846518,   816440762.37,4340.379555,63116,24808,osion,2.365116e+02,2.311667e+01,-1.458644e+02,2.403476e+01,1.496335e+02,31,111.195882,0.202174,550,-4.919931e+00,0.094832,SCP
2025-11-15T01:13:50,1763169229.846453,   816440797.37,4375.379555,63116,24808,osion,2.264345e+02,2.316222e+01,-1.453243e+02,2.189057e+01,1.518287e+02,31,37.039747,0.067345,550,-1.855980e+00,0.164311,SCP
2025-11-15T01:14:02,1763169241.847420,   816440809.37,4387.379555,63116,24808,osion,2.233205e+02,2.317750e+01,-1.451430e+02,2.115193e+01,1.525823e+02,31,37.039747,0.067345,550,-2.458986e+00,0.164311,SCP
2025-11-15T01:14:05,1763169244.847414,   816440812.37,4390.379555,63116,24808,osion,2.225694e+02,2.318139e+01,-1.450980e+02,2.096700e+01,1.527714e+02,31,37.039747,0.067345,550,-2.516702e+00,0.164311,SCP
2025-11-15T01:14:08,1763169247.847407,   816440815.37,4393.379555,63116,24808,osion,2.218293e+02,2.318528e+01,-1.450531e+02,2.078198e+01,1.529606e+02,31,37.039747,0.067345,550,-2.341501e+00,0.164311,SCP
2025-11-15T01:14:11,1763169250.847401,   816440818.37,4396.379555,63116,24808,osion,2.211002e+02,2.318889e+01,-1.450083e+02,2.059685e+01,1.531481e+02,31,37.039747,0.067345,550,-2.272577e+00,0.164311,SCP
2025-11-15T01:14:16,1763169255.847391,   816440823.37,4401.379555,63116,24808,osion,2.199096e+02,2.319528e+01,-1.449339e+02,2.028809e+01,1.534631e+02,31,222.264248,0.404117,550,-2.594165e+00,0.067076,SCP
2025-11-15T01:14:22,1763169261.847378,   816440829.37,4407.379555,63116,24808,osion,2.185214e+02,2.320278e+01,-1.448450e+02,1.991722e+01,1.538403e+02,31,259.348386,0.471543,550,-2.696930e+00,0.062095,SCP
2025-11-15T01:14:28,1763169267.847366,   816440835.37,4413.379555,63116,24808,osion,2.171775e+02,2.321028e+01,-1.447566e+02,1.954597e+01,1.542177e+02,31,74.082613,0.134696,550,-3.243216e+00,0.116183,SCP
2025-11-15T01:14:31,1763169270.847360,   816440838.37,4416.379555,63116,24808,osion,2.165222e+02,2.321417e+01,-1.447126e+02,1.936021e+01,1.544075e+02,31,185.254347,0.336826,550,-3.539730e+00,0.073471,SCP
2025-11-15T01:14:34,1763169273.847354,   816440841.37,4419.379555,63116,24808,osion,2.158780e+02,2.321778e+01,-1.446686e+02,1.917435e+01,1.545955e+02,31,222.264248,0.404117,550,-3.544163e+00,0.067076,SCP
2025-11-15T01:14:37,1763169276.847348,   816440844.37,4422.379555,63116,24808,osion,2.152449e+02,2.322167e+01,-1.446248e+02,1.898841e+01,1.547853e+02,31,111.195882,0.202174,550,-2.843360e+00,0.094832,SCP
2025-11-15T01:14:40,1763169279.847341,   816440847.37,4425.379555,63116,24808,osion,2.146230e+02,2.322528e+01,-1.445810e+02,1.880238e+01,1.549734e+02,31,111.195882,0.202174,550,-3.004744e+00,0.094832,SCP
2025-11-15T01:14:43,1763169282.847335,   816440850.37,4428.379555,63116,24808,osion,2.140122e+02,2.322917e+01,-1.445374e+02,1.861627e+01,1.551634e+02,31,296.311945,0.538749,550,-2.884920e+00,0.058093,SCP
2025-11-15T01:14:46,1763169285.847329,   816440853.37,4431.379555,63116,24808,osion,2.134126e+02,2.323278e+01,-1.444939e+02,1.843007e+01,1.553516e+02,31,111.195882,0.202174,550,-2.713256e+00,0.094832,SCP
2025-11-15T01:14:48,1763169287.847325,   816440855.37,4433.379555,63116,24808,osion,2.130191e+02,2.323528e+01,-1.444649e+02,1.830589e+01,1.554776e+02,31,370.397465,0.673450,550,-2.889775e+00,0.051960,SCP
2025-11-15T01:14:51,1763169290.847319,   816440858.37,4436.379555,63116,24808,osion,2.124381e+02,2.323889e+01,-1.444215e+02,1.811955e+01,1.556659e+02,31,407.425231,0.740773,550,-3.304560e+00,0.049542,SCP
2025-11-15T01:14:54,1763169293.847312,   816440861.37,4439.379555,63116,24808,osion,2.118684e+02,2.324250e+01,-1.443783e+02,1.793313e+01,1.558541e+02,31,37.039747,0.067345,550,-3.767406e+00,0.164311,SCP
2025-11-15T01:14:57,1763169296.847305,   816440864.37,4442.379555,63116,24808,osion,2.113098e+02,2.324639e+01,-1.443351e+02,1.774664e+01,1.560444e+02,31,111.195882,0.202174,550,-4.100951e+00,0.094832,SCP
2025-11-15T01:15:03,1763169302.847293,   816440870.37,4448.379555,63116,24808,osion,2.102263e+02,2.325361e+01,-1.442491e+02,1.737340e+01,1.564210e+02,31,74.082613,0.134696,550,-3.681912e+00,0.116183,SCP
2025-11-15T01:15:09,1763169308.847281,   816440876.37,4454.379555,63116,24808,osion,2.091878e+02,2.326111e+01,-1.441634e+02,1.699987e+01,1.567998e+02,31,111.195882,0.202174,550,-3.713084e+00,0.094832,SCP
2025-11-15T01:15:18,1763169317.847262,   816440885.37,4463.379555,63116,24808,osion,2.077145e+02,2.327194e+01,-1.440356e+02,1.643903e+01,1.573651e+02,31,37.039747,0.067345,550,-2.703074e+00,0.164311,SCP
2025-11-15T01:15:22,1763169321.847254,   816440889.37,4467.379555,63116,24808,osion,2.070923e+02,2.327694e+01,-1.439790e+02,1.618956e+01,1.576177e+02,31,37.039747,0.067345,550,-2.331938e+00,0.164311,SCP
2025-11-15T01:15:26,1763169325.847245,   816440893.37,4471.379555,63116,24808,osion,2.064902e+02,2.328167e+01,-1.439226e+02,1.593998e+01,1.578683e+02,31,296.311945,0.538749,550,-2.324920e+00,0.058093,SCP
2025-11-15T01:15:29,1763169328.847239,   816440896.37,4474.379555,63116,24808,osion,2.060518e+02,2.328528e+01,-1.438804e+02,1.575272e+01,1.580567e+02,31,74.082613,0.134696,550,-2.338916e+00,0.116183,SCP
2025-11-15T01:15:44,1763169343.847208,   816440911.37,4489.379555,63116,24808,osion,2.040300e+02,2.330333e+01,-1.436707e+02,1.481547e+01,1.589988e+02,31,37.039747,0.067345,550,-2.274458e+00,0.164311,SCP
2025-11-15T01:16:03,1763169362.847168,   816440930.37,4508.379555,63116,24808,osion,2.018770e+02,2.332583e+01,-1.434080e+02,1.362630e+01,1.601882e+02,31,37.039747,0.067345,550,-2.168484e+00,0.164311,SCP
2025-11-15T01:16:06,1763169365.847162,   816440933.37,4511.379555,63116,24808,osion,2.015789e+02,2.332944e+01,-1.433668e+02,1.343835e+01,1.603762e+02,31,74.082613,0.134696,550,-2.226748e+00,0.116183,SCP
2025-11-15T01:16:40,1763169399.847091,   816440967.37,4545.379555,63116,24808,osion,1.989993e+02,2.336944e+01,-1.429047e+02,1.130538e+01,1.624943e+02,31,37.039747,0.067345,550,-2.045908e+00,0.164311,SCP
2025-11-15T01:16:58,1763169417.847054,   816440985.37,4563.379555,63116,24808,osion,1.982299e+02,2.339056e+01,-1.426635e+02,1.017448e+01,1.636084e+02,31,37.039747,0.067345,550,-2.260858e+00,0.164311,SCP
2025-11-15T01:18:05,1763169484.846914,   816441052.37,4630.379555,63116,24808,osion,1.990043e+02,2.346722e+01,-1.417823e+02,5.960725e+00,1.676562e+02,31,37.039747,0.067345,550,-2.091787e+00,0.164311,SCP
2025-11-15T01:18:19,1763169498.846885,   816441066.37,4644.379555,63116,24808,osion,1.998906e+02,2.348333e+01,-1.416010e+02,5.080385e+00,1.684756e+02,31,481.557712,0.875559,550,-8.215109e-01,0.045570,SCP
2025-11-15T01:18:25,1763169504.846872,   816441072.37,4650.379555,63116,24808,osion,2.003469e+02,2.349000e+01,-1.415235e+02,4.703204e+00,1.688201e+02,31,592.665819,1.077574,550,-7.396788e-01,0.041077,SCP
2025-11-15T01:18:31,1763169510.846860,   816441078.37,4656.379555,63116,24808,osion,2.008492e+02,2.349667e+01,-1.414462e+02,4.326103e+00,1.691614e+02,31,148.205345,0.269464,550,-9.515439e-01,0.082143,SCP
2025-11-15T01:18:40,1763169519.846842,   816441087.37,4665.379555,63116,24808,osion,2.016885e+02,2.350694e+01,-1.413304e+02,3.760631e+00,1.696701e+02,31,148.205345,0.269464,550,-1.946764e+00,0.082143,SCP
2025-11-15T01:18:43,1763169522.846835,   816441090.37,4668.379555,63116,24808,osion,2.019911e+02,2.351028e+01,-1.412919e+02,3.572193e+00,1.698368e+02,31,148.205345,0.269464,550,-2.274412e+00,0.082143,SCP
2025-11-15T01:18:47,1763169526.846826,   816441094.37,4672.379555,63116,24808,osion,2.024125e+02,2.351472e+01,-1.412405e+02,3.320987e+00,1.700575e+02,31,222.264248,0.404117,550,-2.698886e+00,0.067076,SCP
2025-11-15T01:18:51,1763169530.846819,   816441098.37,4676.379555,63116,24808,osion,2.028541e+02,2.351944e+01,-1.411892e+02,3.069835e+00,1.702794e+02,31,222.264248,0.404117,550,-3.664864e+00,0.067076,SCP
2025-11-15T01:18:55,1763169534.846810,   816441102.37,4680.379555,63116,24808,osion,2.033161e+02,2.352389e+01,-1.411380e+02,2.818742e+00,1.704961e+02,31,2222.249902,4.040454,550,-5.028880e+00,0.021213,SCP
2025-11-15T01:18:58,1763169537.846804,   816441105.37,4683.379555,63116,24808,osion,2.036759e+02,2.352722e+01,-1.410996e+02,2.630462e+00,1.706572e+02,31,2703.717932,4.915851,550,-5.854538e+00,0.019232,SCP
2025-11-15T01:19:13,1763169552.846772,   816441120.37,4698.379555,63116,24808,osion,2.056460e+02,2.354389e+01,-1.409080e+02,1.689627e+00,1.714418e+02,31,37.039747,0.067345,550,-5.353507e+00,0.164311,SCP
2025-11-15T01:19:17,1763169556.846765,   816441124.37,4702.379555,63116,24808,osion,2.062194e+02,2.354861e+01,-1.408570e+02,1.438912e+00,1.716476e+02,31,296.311945,0.538749,550,-5.316341e+00,0.058093,SCP
2025-11-15T01:19:24,1763169563.846749,   816441131.37,4709.379555,63116,24808,osion,2.072715e+02,2.355639e+01,-1.407678e+02,1.000352e+00,1.719941e+02,31,185.254347,0.336826,550,-2.482061e+00,0.073471,SCP
2025-11-15T01:19:28,1763169567.846742,   816441135.37,4713.379555,63116,24808,osion,2.079004e+02,2.356083e+01,-1.407169e+02,7.498625e-01,1.721872e+02,31,37.039747,0.067345,550,-1.573156e+00,0.164311,SCP
2025-11-15T01:19:32,1763169571.846733,   816441139.37,4717.379555,63116,24808,osion,2.085495e+02,2.356528e+01,-1.406660e+02,4.994621e-01,1.723763e+02,31,37.039747,0.067345,550,-2.085089e+00,0.164311,SCP
2025-11-15T01:19:35,1763169574.846727,   816441142.37,4720.379555,63116,24808,osion,2.090495e+02,2.356861e+01,-1.406279e+02,3.117211e-01,1.725153e+02,31,222.264248,0.404117,550,-2.310743e+00,0.067076,SCP
2025-11-15T01:19:39,1763169578.846718,   816441146.37,4724.379555,63116,24808,osion,2.097338e+02,2.357306e+01,-1.405770e+02,6.148338e-02,1.726968e+02,31,444.445580,0.808083,550,-1.982481e+00,0.047434,SCP
2025-11-15T01:19:43,1763169582.846710,   816441150.37,4728.379555,63116,24808,osion,2.104382e+02,2.357750e+01,-1.405262e+02,-1.886578e-01,1.728735e+02,31,3592.676578,6.532139,550,-1.521440e+00,0.016684,SCP
2025-11-15T01:19:46,1763169585.846704,   816441153.37,4731.379555,63116,24808,osion,2.109797e+02,2.358083e+01,-1.404881e+02,-3.761969e-01,1.730026e+02,31,2481.513799,4.511843,550,-1.383171e+00,0.020074,SCP
2025-11-15T01:19:50,1763169589.846696,   816441157.37,4735.379555,63116,24808,osion,2.117192e+02,2.358528e+01,-1.404374e+02,-6.261598e-01,1.731700e+02,31,407.425231,0.740773,550,-1.133260e+00,0.049542,SCP
2025-11-15T01:19:57,1763169596.846681,   816441164.37,4742.379555,63116,24808,osion,2.130615e+02,2.359333e+01,-1.403486e+02,-1.063336e+00,1.734524e+02,31,407.425231,0.740773,550,-1.308197e+00,0.049542,SCP
2025-11-15T01:20:01,1763169600.846672,   816441168.37,4746.379555,63116,24808,osion,2.138561e+02,2.359778e+01,-1.402979e+02,-1.312998e+00,1.736027e+02,31,370.397465,0.673450,550,-1.308197e+00,0.051960,SCP
2025-11-15T01:20:05,1763169604.846665,   816441172.37,4750.379555,63116,24808,osion,2.146706e+02,2.360222e+01,-1.402472e+02,-1.562545e+00,1.737459e+02,31,444.445580,0.808083,550,-1.882649e+00,0.047434,SCP
2025-11-15T01:20:09,1763169608.846656,   816441176.37,4754.379555,63116,24808,osion,2.155050e+02,2.360667e+01,-1.401965e+02,-1.811974e+00,1.738815e+02,31,333.360428,0.606110,550,-1.910870e+00,0.054770,SCP
2025-11-15T01:20:13,1763169612.846647,   816441180.37,4758.379555,63116,24808,osion,2.163594e+02,2.361111e+01,-1.401458e+02,-2.061281e+00,1.740090e+02,31,407.425231,0.740773,550,-1.588004e+00,0.049542,SCP
2025-11-15T01:20:16,1763169615.846642,   816441183.37,4761.379555,63116,24808,osion,2.170132e+02,2.361444e+01,-1.401079e+02,-2.248179e+00,1.740990e+02,31,407.425231,0.740773,550,-1.680406e+00,0.049542,SCP
2025-11-15T01:20:20,1763169619.846633,   816441187.37,4765.379555,63116,24808,osion,2.179023e+02,2.361889e+01,-1.400572e+02,-2.497267e+00,1.742112e+02,31,407.425231,0.740773,550,-1.874971e+00,0.049542,SCP
2025-11-15T01:20:24,1763169623.846625,   816441191.37,4769.379555,63116,24808,osion,2.188112e+02,2.362333e+01,-1.400066e+02,-2.746223e+00,1.743139e+02,31,259.348386,0.471543,550,-1.930947e+00,0.062095,SCP
2025-11-15T01:20:28,1763169627.846617,   816441195.37,4773.379555,63116,24808,osion,2.197400e+02,2.362778e+01,-1.399559e+02,-2.995047e+00,1.744065e+02,31,259.348386,0.471543,550,-1.916041e+00,0.062095,SCP
2025-11-15T01:20:31,1763169630.846610,   816441198.37,4776.379555,63116,24808,osion,2.204495e+02,2.363111e+01,-1.399180e+02,-3.181575e+00,1.744692e+02,31,444.445580,0.808083,550,-1.699471e+00,0.047434,SCP
2025-11-15T01:20:35,1763169634.846602,   816441202.37,4780.379555,63116,24808,osion,2.214129e+02,2.363556e+01,-1.398673e+02,-3.430158e+00,1.745431e+02,31,74.082613,0.134696,550,-1.451144e+00,0.116183,SCP
2025-11-15T01:20:39,1763169638.846593,   816441206.37,4784.379555,63116,24808,osion,2.223959e+02,2.364000e+01,-1.398167e+02,-3.678598e+00,1.746059e+02,31,74.082613,0.134696,550,-1.459322e+00,0.116183,SCP
2025-11-15T01:20:42,1763169641.846588,   816441209.37,4787.379555,63116,24808,osion,2.231462e+02,2.364333e+01,-1.397787e+02,-3.864834e+00,1.746453e+02,31,148.205345,0.269464,550,-1.457482e+00,0.082143,SCP
2025-11-15T01:20:46,1763169645.846579,   816441213.37,4791.379555,63116,24808,osion,2.241637e+02,2.364778e+01,-1.397281e+02,-4.113018e+00,1.746874e+02,31,185.254347,0.336826,550,-1.538778e+00,0.073471,SCP
2025-11-15T01:20:53,1763169652.846565,   816441220.37,4798.379555,63116,24808,osion,2.259915e+02,2.365556e+01,-1.396395e+02,-4.546978e+00,1.747318e+02,31,148.205345,0.269464,550,-1.915696e+00,0.082143,SCP
2025-11-15T01:21:01,1763169660.846548,   816441228.37,4806.379555,63116,24808,osion,2.281539e+02,2.366444e+01,-1.395382e+02,-5.042348e+00,1.747359e+02,31,37.039747,0.067345,550,-1.894681e+00,0.164311,SCP
2025-11-15T01:21:05,1763169664.846539,   816441232.37,4810.379555,63116,24808,osion,2.292644e+02,2.366889e+01,-1.394875e+02,-5.289792e+00,1.747193e+02,31,148.205345,0.269464,550,-1.886529e+00,0.082143,SCP
2025-11-15T01:21:08,1763169667.846533,   816441235.37,4813.379555,63116,24808,osion,2.301100e+02,2.367222e+01,-1.394495e+02,-5.475266e+00,1.746988e+02,31,185.254347,0.336826,550,-1.478246e+00,0.073471,SCP
2025-11-15T01:21:12,1763169671.846525,   816441239.37,4817.379555,63116,24808,osion,2.312545e+02,2.367667e+01,-1.393988e+02,-5.722421e+00,1.746608e+02,31,185.254347,0.336826,550,-1.226841e+00,0.073471,SCP
2025-11-15T01:21:16,1763169675.846517,   816441243.37,4821.379555,63116,24808,osion,2.324184e+02,2.368139e+01,-1.393481e+02,-5.969404e+00,1.746147e+02,31,111.195882,0.202174,550,-1.192964e+00,0.094832,SCP
2025-11-15T01:21:19,1763169678.846511,   816441246.37,4824.379555,63116,24808,osion,2.333041e+02,2.368472e+01,-1.393101e+02,-6.154529e+00,1.745697e+02,31,185.254347,0.336826,550,-1.449881e+00,0.073471,SCP
2025-11-15T01:21:23,1763169682.846502,   816441250.37,4828.379555,63116,24808,osion,2.345019e+02,2.368917e+01,-1.392593e+02,-6.401207e+00,1.745000e+02,31,111.195882,0.202174,550,-2.034041e+00,0.094832,SCP
2025-11-15T01:21:27,1763169686.846493,   816441254.37,4832.379555,63116,24808,osion,2.357190e+02,2.369361e+01,-1.392086e+02,-6.647709e+00,1.744195e+02,31,148.205345,0.269464,550,-2.358194e+00,0.082143,SCP
2025-11-15T01:21:30,1763169689.846487,   816441257.37,4835.379555,63116,24808,osion,2.366445e+02,2.369694e+01,-1.391705e+02,-6.832465e+00,1.743524e+02,31,222.264248,0.404117,550,-2.334296e+00,0.067076,SCP
2025-11-15T01:21:34,1763169693.846479,   816441261.37,4839.379555,63116,24808,osion,2.378953e+02,2.370139e+01,-1.391197e+02,-7.078648e+00,1.742543e+02,31,111.195882,0.202174,550,-2.334771e+00,0.094832,SCP
2025-11-15T01:21:41,1763169700.846465,   816441268.37,4846.379555,63116,24808,osion,2.401304e+02,2.370917e+01,-1.390308e+02,-7.509018e+00,1.740603e+02,31,185.254347,0.336826,550,-2.798786e+00,0.073471,SCP
2025-11-15T01:21:45,1763169704.846456,   816441272.37,4850.379555,63116,24808,osion,2.414339e+02,2.371361e+01,-1.389799e+02,-7.754682e+00,1.739377e+02,31,185.254347,0.336826,550,-3.337132e+00,0.073471,SCP
2025-11-15T01:21:49,1763169708.846448,   816441276.37,4854.379555,63116,24808,osion,2.427564e+02,2.371806e+01,-1.389290e+02,-8.000153e+00,1.738072e+02,31,37.039747,0.067345,550,-6.236963e+00,0.164311,SCP
2025-11-15T01:21:58,1763169717.846429,   816441285.37,4863.379555,63116,24808,osion,2.458018e+02,2.372806e+01,-1.388144e+02,-8.551736e+00,1.734871e+02,31,37.039747,0.067345,550,-6.903491e+00,0.164311,SCP
2025-11-15T01:22:10,1763169729.846475,   816441297.37,4875.379555,63116,24808,osion,2.500115e+02,2.374167e+01,-1.386613e+02,-9.285577e+00,1.730138e+02,31,37.039747,0.067345,550,-2.307602e+00,0.164311,SCP
2025-11-15T01:22:21,1763169740.847424,   816441308.37,4886.379555,63116,24808,osion,2.540191e+02,2.375389e+01,-1.385206e+02,-9.956594e+00,1.725373e+02,31,37.039747,0.067345,550,-2.896432e+00,0.164311,SCP
2025-11-15T01:22:27,1763169746.847370,   816441314.37,4892.379555,63116,24808,osion,2.562648e+02,2.376083e+01,-1.384437e+02,-1.032191e+01,1.722658e+02,31,37.039747,0.067345,550,-3.164136e+00,0.164311,SCP
2025-11-15T01:22:30,1763169749.847362,   816441317.37,4895.379555,63116,24808,osion,2.574033e+02,2.376417e+01,-1.384052e+02,-1.050438e+01,1.721260e+02,31,444.445580,0.808083,550,-2.747811e+00,0.047434,SCP
2025-11-15T01:22:36,1763169755.847350,   816441323.37,4901.379555,63116,24808,osion,2.597118e+02,2.377083e+01,-1.383282e+02,-1.086894e+01,1.718406e+02,31,111.195882,0.202174,550,-2.151265e+00,0.094832,SCP
2025-11-15T01:22:39,1763169758.847344,   816441326.37,4904.379555,63116,24808,osion,2.608816e+02,2.377417e+01,-1.382896e+02,-1.105103e+01,1.716953e+02,31,37.039747,0.067345,550,-1.989229e+00,0.164311,SCP
2025-11-15T01:22:42,1763169761.847338,   816441329.37,4907.379555,63116,24808,osion,2.620619e+02,2.377778e+01,-1.382510e+02,-1.123298e+01,1.715500e+02,31,74.082613,0.134696,550,-1.665077e+00,0.116183,SCP
2025-11-15T01:22:54,1763169773.847313,   816441341.37,4919.379555,63116,24808,osion,2.668864e+02,2.379111e+01,-1.380963e+02,-1.195949e+01,1.709478e+02,31,111.195882,0.202174,550,-2.090291e+00,0.094832,SCP
2025-11-15T01:23:08,1763169787.847283,   816441355.37,4933.379555,63116,24808,osion,2.727231e+02,2.380694e+01,-1.379152e+02,-1.280435e+01,1.702223e+02,31,37.039747,0.067345,550,-1.232381e+00,0.164311,SCP
2025-11-15T01:23:11,1763169790.847277,   816441358.37,4936.379555,63116,24808,osion,2.740028e+02,2.381056e+01,-1.378763e+02,-1.298499e+01,1.700650e+02,31,37.039747,0.067345,550,-1.294245e+00,0.164311,SCP
2025-11-15T01:23:23,1763169802.847253,   816441370.37,4948.379555,63116,24808,osion,2.792229e+02,2.382417e+01,-1.377202e+02,-1.370615e+01,1.694235e+02,31,37.039747,0.067345,550,-2.355827e+00,0.164311,SCP
2025-11-15T01:23:26,1763169805.847246,   816441373.37,4951.379555,63116,24808,osion,2.805532e+02,2.382750e+01,-1.376811e+02,-1.388608e+01,1.692611e+02,31,37.039747,0.067345,550,-2.332172e+00,0.164311,SCP
2025-11-15T01:23:34,1763169813.847229,   816441381.37,4959.379555,63116,24808,osion,2.841498e+02,2.383667e+01,-1.375765e+02,-1.436517e+01,1.688257e+02,31,37.039747,0.067345,550,-2.373309e+00,0.164311,SCP
2025-11-15T01:23:49,1763169828.847198,   816441396.37,4974.379555,63116,24808,osion,2.910848e+02,2.385389e+01,-1.373797e+02,-1.526059e+01,1.679990e+02,31,37.039747,0.067345,550,-2.678295e+00,0.164311,SCP
2025-11-15T01:23:52,1763169831.847192,   816441399.37,4977.379555,63116,24808,osion,2.925015e+02,2.385722e+01,-1.373402e+02,-1.543922e+01,1.678319e+02,31,74.082613,0.134696,550,-2.730113e+00,0.116183,SCP
2025-11-15T01:23:58,1763169837.847179,   816441405.37,4983.379555,63116,24808,osion,2.953646e+02,2.386417e+01,-1.372610e+02,-1.579600e+01,1.674975e+02,31,37.039747,0.067345,550,-2.325951e+00,0.164311,SCP
2025-11-15T01:24:01,1763169840.847173,   816441408.37,4986.379555,63116,24808,osion,2.968108e+02,2.386778e+01,-1.372214e+02,-1.597416e+01,1.673300e+02,31,37.039747,0.067345,550,-2.336835e+00,0.164311,SCP
2025-11-15T01:24:04,1763169843.847167,   816441411.37,4989.379555,63116,24808,osion,2.982668e+02,2.387111e+01,-1.371817e+02,-1.615216e+01,1.671615e+02,31,185.254347,0.336826,550,-2.833298e+00,0.073471,SCP
2025-11-15T01:24:06,1763169845.847163,   816441413.37,4991.379555,63116,24808,osion,2.992430e+02,2.387333e+01,-1.371552e+02,-1.627074e+01,1.670491e+02,31,74.082613,0.134696,550,-3.041079e+00,0.116183,SCP
2025-11-15T01:24:09,1763169848.847157,   816441416.37,4994.379555,63116,24808,osion,3.007153e+02,2.387694e+01,-1.371154e+02,-1.644847e+01,1.668807e+02,31,111.195882,0.202174,550,-3.047504e+00,0.094832,SCP
2025-11-15T01:24:12,1763169851.847151,   816441419.37,4997.379555,63116,24808,osion,3.021973e+02,2.388028e+01,-1.370755e+02,-1.662605e+01,1.667115e+02,31,74.082613,0.134696,550,-3.304078e+00,0.116183,SCP
2025-11-15T01:24:15,1763169854.847145,   816441422.37,5000.379555,63116,24808,osion,3.036890e+02,2.388389e+01,-1.370356e+02,-1.680346e+01,1.665426e+02,31,111.195882,0.202174,550,-3.628658e+00,0.094832,SCP
2025-11-15T01:24:21,1763169860.847131,   816441428.37,5006.379555,63116,24808,osion,3.067015e+02,2.389083e+01,-1.369557e+02,-1.715780e+01,1.662035e+02,31,296.311945,0.538749,550,-4.281960e+00,0.058093,SCP
2025-11-15T01:24:24,1763169863.847125,   816441431.37,5009.379555,63116,24808,osion,3.082221e+02,2.389417e+01,-1.369156e+02,-1.733472e+01,1.660333e+02,31,74.082613,0.134696,550,-4.278812e+00,0.116183,SCP
2025-11-15T01:24:27,1763169866.847119,   816441434.37,5012.379555,63116,24808,osion,3.097524e+02,2.389778e+01,-1.368755e+02,-1.751148e+01,1.658635e+02,31,37.039747,0.067345,550,-4.098788e+00,0.164311,SCP
2025-11-15T01:24:30,1763169869.847113,   816441437.37,5015.379555,63116,24808,osion,3.112923e+02,2.390111e+01,-1.368353e+02,-1.768807e+01,1.656930e+02,31,148.205345,0.269464,550,-3.970635e+00,0.082143,SCP
2025-11-15T01:24:33,1763169872.847106,   816441440.37,5018.379555,63116,24808,osion,3.128417e+02,2.390472e+01,-1.367951e+02,-1.786449e+01,1.655227e+02,31,185.254347,0.336826,550,-4.245834e+00,0.073471,SCP
2025-11-15T01:24:36,1763169875.847100,   816441443.37,5021.379555,63116,24808,osion,3.144006e+02,2.390833e+01,-1.367548e+02,-1.804075e+01,1.653523e+02,31,74.082613,0.134696,550,-4.026024e+00,0.116183,SCP
2025-11-15T01:24:39,1763169878.847094,   816441446.37,5024.379555,63116,24808,osion,3.159691e+02,2.391167e+01,-1.367144e+02,-1.821684e+01,1.651814e+02,31,185.254347,0.336826,550,-3.727048e+00,0.073471,SCP
2025-11-15T01:24:41,1763169880.847090,   816441448.37,5026.379555,63116,24808,osion,3.170200e+02,2.391417e+01,-1.366875e+02,-1.833413e+01,1.650677e+02,31,296.311945,0.538749,550,-3.506863e+00,0.058093,SCP
2025-11-15T01:24:44,1763169883.847084,   816441451.37,5029.379555,63116,24808,osion,3.186042e+02,2.391750e+01,-1.366470e+02,-1.850994e+01,1.648965e+02,31,111.195882,0.202174,550,-3.167851e+00,0.094832,SCP
2025-11-15T01:24:47,1763169886.847078,   816441454.37,5032.379555,63116,24808,osion,3.201979e+02,2.392111e+01,-1.366065e+02,-1.868557e+01,1.647256e+02,31,370.397465,0.673450,550,-2.735183e+00,0.051960,SCP
2025-11-15T01:24:50,1763169889.847071,   816441457.37,5035.379555,63116,24808,osion,3.218009e+02,2.392472e+01,-1.365659e+02,-1.886104e+01,1.645545e+02,31,222.264248,0.404117,550,-2.372467e+00,0.067076,SCP
2025-11-15T01:24:53,1763169892.847064,   816441460.37,5038.379555,63116,24808,osion,3.234134e+02,2.392806e+01,-1.365252e+02,-1.903633e+01,1.643831e+02,31,148.205345,0.269464,550,-2.351390e+00,0.082143,SCP
2025-11-15T01:24:56,1763169895.847058,   816441463.37,5041.379555,63116,24808,osion,3.250352e+02,2.393167e+01,-1.364845e+02,-1.921144e+01,1.642118e+02,31,185.254347,0.336826,550,-2.808762e+00,0.073471,SCP
2025-11-15T01:24:59,1763169898.847052,   816441466.37,5044.379555,63116,24808,osion,3.266664e+02,2.393528e+01,-1.364437e+02,-1.938638e+01,1.640405e+02,31,148.205345,0.269464,550,-3.430321e+00,0.082143,SCP
2025-11-15T01:25:02,1763169901.847046,   816441469.37,5047.379555,63116,24808,osion,3.283068e+02,2.393861e+01,-1.364029e+02,-1.956115e+01,1.638688e+02,31,37.039747,0.067345,550,-4.041239e+00,0.164311,SCP
2025-11-15T01:25:05,1763169904.847040,   816441472.37,5050.379555,63116,24808,osion,3.299566e+02,2.394222e+01,-1.363620e+02,-1.973574e+01,1.636973e+02,31,74.082613,0.134696,550,-4.396224e+00,0.116183,SCP
2025-11-15T01:25:08,1763169907.847034,   816441475.37,5053.379555,63116,24808,osion,3.316156e+02,2.394583e+01,-1.363210e+02,-1.991015e+01,1.635258e+02,31,222.264248,0.404117,550,-4.405128e+00,0.067076,SCP
2025-11-15T01:25:11,1763169910.847027,   816441478.37,5056.379555,63116,24808,osion,3.332838e+02,2.394944e+01,-1.362799e+02,-2.008439e+01,1.633542e+02,31,185.254347,0.336826,550,-5.605182e+00,0.073471,SCP
2025-11-15T01:25:14,1763169913.847021,   816441481.37,5059.379555,63116,24808,osion,3.349612e+02,2.395278e+01,-1.362388e+02,-2.025845e+01,1.631824e+02,31,111.195882,0.202174,550,-7.052179e+00,0.094832,SCP
2025-11-15T01:25:17,1763169916.847015,   816441484.37,5062.379555,63116,24808,osion,3.366478e+02,2.395639e+01,-1.361976e+02,-2.043232e+01,1.630107e+02,31,148.205345,0.269464,550,-7.098259e+00,0.082143,SCP
2025-11-15T01:25:19,1763169918.847011,   816441486.37,5064.379555,63116,24808,osion,3.377773e+02,2.395889e+01,-1.361701e+02,-2.054814e+01,1.628963e+02,31,296.311945,0.538749,550,-7.104852e+00,0.058093,SCP
2025-11-15T01:25:22,1763169921.847005,   816441489.37,5067.379555,63116,24808,osion,3.394792e+02,2.396250e+01,-1.361288e+02,-2.072172e+01,1.627246e+02,31,259.348386,0.471543,550,-6.789792e+00,0.062095,SCP
2025-11-15T01:25:26,1763169925.846996,   816441493.37,5071.379555,63116,24808,osion,3.417624e+02,2.396722e+01,-1.360736e+02,-2.095287e+01,1.624956e+02,31,185.254347,0.336826,550,-5.437854e+00,0.073471,SCP
2025-11-15T01:25:32,1763169931.846983,   816441499.37,5077.379555,63116,24808,osion,3.452176e+02,2.397417e+01,-1.359906e+02,-2.129900e+01,1.621520e+02,31,222.264248,0.404117,550,-4.590071e+00,0.067076,SCP
2025-11-15T01:25:35,1763169934.846977,   816441502.37,5080.379555,63116,24808,osion,3.469587e+02,2.397778e+01,-1.359490e+02,-2.147178e+01,1.619803e+02,31,74.082613,0.134696,550,-4.006317e+00,0.116183,SCP
2025-11-15T01:25:38,1763169937.846971,   816441505.37,5083.379555,63116,24808,osion,3.487088e+02,2.398139e+01,-1.359072e+02,-2.164438e+01,1.618085e+02,31,148.205345,0.269464,550,-3.414152e+00,0.082143,SCP
2025-11-15T01:25:40,1763169939.846967,   816441507.37,5085.379555,63116,24808,osion,3.498805e+02,2.398389e+01,-1.358794e+02,-2.175935e+01,1.616941e+02,31,148.205345,0.269464,550,-3.216913e+00,0.082143,SCP
2025-11-15T01:25:43,1763169942.846961,   816441510.37,5088.379555,63116,24808,osion,3.516455e+02,2.398750e+01,-1.358376e+02,-2.193164e+01,1.615224e+02,31,148.205345,0.269464,550,-2.906356e+00,0.082143,SCP
2025-11-15T01:25:46,1763169945.846955,   816441513.37,5091.379555,63116,24808,osion,3.534195e+02,2.399111e+01,-1.357956e+02,-2.210374e+01,1.613507e+02,31,259.348386,0.471543,550,-2.759116e+00,0.062095,SCP
2025-11-15T01:25:49,1763169948.846948,   816441516.37,5094.379555,63116,24808,osion,3.552023e+02,2.399472e+01,-1.357536e+02,-2.227566e+01,1.611791e+02,31,111.195882,0.202174,550,-3.066353e+00,0.094832,SCP
2025-11-15T01:25:52,1763169951.846942,   816441519.37,5097.379555,63116,24808,osion,3.569940e+02,2.399833e+01,-1.357116e+02,-2.244739e+01,1.610075e+02,31,259.348386,0.471543,550,-2.616826e+00,0.062095,SCP
2025-11-15T01:25:55,1763169954.846936,   816441522.37,5100.379555,63116,24808,osion,3.587946e+02,1.944444e-03,-1.356694e+02,-2.261893e+01,1.608359e+02,31,444.445580,0.808083,550,-2.428171e+00,0.047434,SCP
2025-11-15T01:25:58,1763169957.846930,   816441525.37,5103.379555,63116,24808,osion,3.606039e+02,5.555556e-03,-1.356272e+02,-2.279028e+01,1.606644e+02,31,185.254347,0.336826,550,-2.375998e+00,0.073471,SCP
2025-11-15T01:26:01,1763169960.846924,   816441528.37,5106.379555,63116,24808,osion,3.624221e+02,9.166667e-03,-1.355848e+02,-2.296144e+01,1.604930e+02,31,74.082613,0.134696,550,-2.163234e+00,0.116183,SCP
2025-11-15T01:26:04,1763169963.846918,   816441531.37,5109.379555,63116,24808,osion,3.642490e+02,1.277778e-02,-1.355424e+02,-2.313241e+01,1.603216e+02,31,296.311945,0.538749,550,-1.959577e+00,0.058093,SCP
2025-11-15T01:26:07,1763169966.846911,   816441534.37,5112.379555,63116,24808,osion,3.660846e+02,1.638889e-02,-1.354999e+02,-2.330318e+01,1.601503e+02,31,185.254347,0.336826,550,-1.885149e+00,0.073471,SCP
2025-11-15T01:26:10,1763169969.846904,   816441537.37,5115.379555,63116,24808,osion,3.679289e+02,2.000000e-02,-1.354574e+02,-2.347377e+01,1.599790e+02,31,148.205345,0.269464,550,-1.846071e+00,0.082143,SCP
2025-11-15T01:26:13,1763169972.846898,   816441540.37,5118.379555,63116,24808,osion,3.697819e+02,2.388889e-02,-1.354147e+02,-2.364416e+01,1.598077e+02,31,148.205345,0.269464,550,-1.682505e+00,0.082143,SCP
2025-11-15T01:26:18,1763169977.846888,   816441545.37,5123.379555,63116,24808,osion,3.728894e+02,3.000000e-02,-1.353434e+02,-2.392771e+01,1.595225e+02,31,259.348386,0.471543,550,-1.493699e+00,0.062095,SCP
2025-11-15T01:26:21,1763169980.846882,   816441548.37,5126.379555,63116,24808,osion,3.747654e+02,3.361111e-02,-1.353005e+02,-2.409758e+01,1.593515e+02,31,111.195882,0.202174,550,-1.499142e+00,0.094832,SCP
2025-11-15T01:26:24,1763169983.846875,   816441551.37,5129.379555,63116,24808,osion,3.766500e+02,3.722222e-02,-1.352575e+02,-2.426726e+01,1.591806e+02,31,222.264248,0.404117,550,-1.496789e+00,0.067076,SCP
2025-11-15T01:26:27,1763169986.846869,   816441554.37,5132.379555,63116,24808,osion,3.785431e+02,4.083333e-02,-1.352144e+02,-2.443674e+01,1.590098e+02,31,111.195882,0.202174,550,-1.580097e+00,0.094832,SCP
2025-11-15T01:26:30,1763169989.846863,   816441557.37,5135.379555,63116,24808,osion,3.804447e+02,4.472222e-02,-1.351712e+02,-2.460602e+01,1.588389e+02,31,185.254347,0.336826,550,-1.683315e+00,0.073471,SCP
2025-11-15T01:26:33,1763169992.846857,   816441560.37,5138.379555,63116,24808,osion,3.823548e+02,4.833333e-02,-1.351280e+02,-2.477511e+01,1.586683e+02,31,222.264248,0.404117,550,-1.693343e+00,0.067076,SCP
2025-11-15T01:26:36,1763169995.846851,   816441563.37,5141.379555,63116,24808,osion,3.842734e+02,5.194444e-02,-1.350846e+02,-2.494400e+01,1.584977e+02,31,74.082613,0.134696,550,-1.692275e+00,0.116183,SCP
2025-11-15T01:26:39,1763169998.846843,   816441566.37,5144.379555,63116,24808,osion,3.862004e+02,5.583333e-02,-1.350411e+02,-2.511268e+01,1.583271e+02,31,518.564711,0.942845,550,-1.771279e+00,0.043914,SCP
2025-11-15T01:26:42,1763170001.846837,   816441569.37,5147.379555,63116,24808,osion,3.881358e+02,5.944444e-02,-1.349976e+02,-2.528117e+01,1.581568e+02,31,111.195882,0.202174,550,-1.867076e+00,0.094832,SCP
2025-11-15T01:26:45,1763170004.846831,   816441572.37,5150.379555,63116,24808,osion,3.900796e+02,6.305556e-02,-1.349539e+02,-2.544946e+01,1.579865e+02,31,37.039747,0.067345,550,-1.870607e+00,0.164311,SCP
2025-11-15T01:26:48,1763170007.846825,   816441575.37,5153.379555,63116,24808,osion,3.920317e+02,6.694444e-02,-1.349102e+02,-2.561755e+01,1.578162e+02,31,37.039747,0.067345,550,-2.084737e+00,0.164311,SCP
2025-11-15T01:26:50,1763170009.846821,   816441577.37,5155.379555,63116,24808,osion,3.933377e+02,6.944444e-02,-1.348810e+02,-2.572949e+01,1.577028e+02,31,185.254347,0.336826,550,-2.230953e+00,0.073471,SCP
2025-11-15T01:26:53,1763170012.846815,   816441580.37,5158.379555,63116,24808,osion,3.953037e+02,7.305556e-02,-1.348371e+02,-2.589724e+01,1.575329e+02,31,185.254347,0.336826,550,-2.439301e+00,0.073471,SCP
2025-11-15T01:26:59,1763170018.846802,   816441586.37,5164.379555,63116,24808,osion,3.992605e+02,8.055556e-02,-1.347489e+02,-2.623213e+01,1.571931e+02,31,185.254347,0.336826,550,-2.913775e+00,0.073471,SCP
2025-11-15T01:27:02,1763170021.846796,   816441589.37,5167.379555,63116,24808,osion,4.012512e+02,8.444444e-02,-1.347047e+02,-2.639928e+01,1.570233e+02,31,74.082613,0.134696,550,-3.173552e+00,0.116183,SCP
2025-11-15T01:27:05,1763170024.846790,   816441592.37,5170.379555,63116,24808,osion,4.032501e+02,8.805556e-02,-1.346604e+02,-2.656621e+01,1.568539e+02,31,37.039747,0.067345,550,-3.470105e+00,0.164311,SCP
2025-11-15T01:27:11,1763170030.846778,   816441598.37,5176.379555,63116,24808,osion,4.072723e+02,9.555556e-02,-1.345715e+02,-2.689947e+01,1.565151e+02,31,37.039747,0.067345,550,-4.163333e+00,0.164311,SCP
2025-11-15T01:27:17,1763170036.846766,   816441604.37,5182.379555,63116,24808,osion,4.113270e+02,1.033333e-01,-1.344821e+02,-2.723190e+01,1.561767e+02,31,148.205345,0.269464,550,-4.332711e+00,0.082143,SCP
2025-11-15T01:27:20,1763170039.846759,   816441607.37,5185.379555,63116,24808,osion,4.133664e+02,1.069444e-01,-1.344372e+02,-2.739781e+01,1.560079e+02,31,148.205345,0.269464,550,-4.724859e+00,0.082143,SCP
2025-11-15T01:27:23,1763170042.846753,   816441610.37,5188.379555,63116,24808,osion,4.154138e+02,1.108333e-01,-1.343923e+02,-2.756351e+01,1.558390e+02,31,185.254347,0.336826,550,-5.221973e+00,0.073471,SCP
2025-11-15T01:27:25,1763170044.846749,   816441612.37,5190.379555,63116,24808,osion,4.167832e+02,1.133333e-01,-1.343622e+02,-2.767386e+01,1.557265e+02,31,37.039747,0.067345,550,-5.585942e+00,0.164311,SCP
2025-11-15T01:27:28,1763170047.846742,   816441615.37,5193.379555,63116,24808,osion,4.188439e+02,1.172222e-01,-1.343171e+02,-2.783921e+01,1.555578e+02,31,111.195882,0.202174,550,-5.858960e+00,0.094832,SCP
2025-11-15T01:27:31,1763170050.846735,   816441618.37,5196.379555,63116,24808,osion,4.209126e+02,1.211111e-01,-1.342719e+02,-2.800435e+01,1.553893e+02,31,185.254347,0.336826,550,-5.388034e+00,0.073471,SCP
2025-11-15T01:27:34,1763170053.846730,   816441621.37,5199.379555,63116,24808,osion,4.229892e+02,1.250000e-01,-1.342265e+02,-2.816928e+01,1.552209e+02,31,296.311945,0.538749,550,-4.878434e+00,0.058093,SCP
2025-11-15T01:27:37,1763170056.846723,   816441624.37,5202.379555,63116,24808,osion,4.250736e+02,1.286111e-01,-1.341810e+02,-2.833400e+01,1.550529e+02,31,259.348386,0.471543,550,-5.494953e+00,0.062095,SCP
2025-11-15T01:27:40,1763170059.846717,   816441627.37,5205.379555,63116,24808,osion,4.271660e+02,1.325000e-01,-1.341354e+02,-2.849851e+01,1.548848e+02,31,148.205345,0.269464,550,-5.546529e+00,0.082143,SCP
2025-11-15T01:27:43,1763170062.846711,   816441630.37,5208.379555,63116,24808,osion,4.292661e+02,1.363889e-01,-1.340897e+02,-2.866281e+01,1.547168e+02,31,222.264248,0.404117,550,-5.546596e+00,0.067076,SCP
2025-11-15T01:27:46,1763170065.846705,   816441633.37,5211.379555,63116,24808,osion,4.313740e+02,1.402778e-01,-1.340439e+02,-2.882690e+01,1.545490e+02,31,185.254347,0.336826,550,-5.533395e+00,0.073471,SCP
2025-11-15T01:27:55,1763170074.846686,   816441642.37,5220.379555,63116,24808,osion,4.377443e+02,1.519444e-01,-1.339057e+02,-2.931788e+01,1.540464e+02,31,851.869745,1.548854,550,-4.171964e+00,0.034262,SCP
2025-11-15T01:27:58,1763170077.846680,   816441645.37,5223.379555,63116,24808,osion,4.398831e+02,1.558333e-01,-1.338594e+02,-2.948111e+01,1.538792e+02,31,444.445580,0.808083,550,-3.979632e+00,0.047434,SCP
2025-11-15T01:28:01,1763170080.846673,   816441648.37,5226.379555,63116,24808,osion,4.420296e+02,1.597222e-01,-1.338130e+02,-2.964413e+01,1.537121e+02,31,222.264248,0.404117,550,-4.400684e+00,0.067076,SCP
2025-11-15T01:28:04,1763170083.846667,   816441651.37,5229.379555,63116,24808,osion,4.441837e+02,1.636111e-01,-1.337665e+02,-2.980693e+01,1.535453e+02,31,407.425231,0.740773,550,-4.421913e+00,0.049542,SCP
2025-11-15T01:28:07,1763170086.846661,   816441654.37,5232.379555,63116,24808,osion,4.463454e+02,1.675000e-01,-1.337198e+02,-2.996952e+01,1.533785e+02,31,74.082613,0.134696,550,-4.400512e+00,0.116183,SCP
2025-11-15T01:28:10,1763170089.846654,   816441657.37,5235.379555,63116,24808,osion,4.485147e+02,1.713889e-01,-1.336730e+02,-3.013189e+01,1.532120e+02,31,37.039747,0.067345,550,-4.255362e+00,0.164311,SCP
2025-11-15T01:28:13,1763170092.846648,   816441660.37,5238.379555,63116,24808,osion,4.506915e+02,1.755556e-01,-1.336261e+02,-3.029405e+01,1.530452e+02,31,222.264248,0.404117,550,-3.815622e+00,0.067076,SCP
2025-11-15T01:28:16,1763170095.846642,   816441663.37,5241.379555,63116,24808,osion,4.528758e+02,1.794444e-01,-1.335790e+02,-3.045598e+01,1.528790e+02,31,259.348386,0.471543,550,-3.777472e+00,0.062095,SCP
2025-11-15T01:28:19,1763170098.846636,   816441666.37,5244.379555,63116,24808,osion,4.550675e+02,1.833333e-01,-1.335319e+02,-3.061770e+01,1.527129e+02,31,111.195882,0.202174,550,-4.325905e+00,0.094832,SCP
2025-11-15T01:28:21,1763170100.846632,   816441668.37,5246.379555,63116,24808,osion,4.565329e+02,1.861111e-01,-1.335003e+02,-3.072540e+01,1.526020e+02,31,148.205345,0.269464,550,-4.932098e+00,0.082143,SCP
2025-11-15T01:28:24,1763170103.846626,   816441671.37,5249.379555,63116,24808,osion,4.587370e+02,1.900000e-01,-1.334529e+02,-3.088675e+01,1.524363e+02,31,37.039747,0.067345,550,-5.697073e+00,0.164311,SCP
2025-11-15T01:28:27,1763170106.846620,   816441674.37,5252.379555,63116,24808,osion,4.609486e+02,1.938889e-01,-1.334054e+02,-3.104789e+01,1.522706e+02,31,74.082613,0.134696,550,-5.991778e+00,0.116183,SCP
2025-11-15T01:28:30,1763170109.846612,   816441677.37,5255.379555,63116,24808,osion,4.631676e+02,1.980556e-01,-1.333578e+02,-3.120881e+01,1.521048e+02,31,148.205345,0.269464,550,-5.969748e+00,0.082143,SCP
2025-11-15T01:28:33,1763170112.846606,   816441680.37,5258.379555,63116,24808,osion,4.653939e+02,2.019444e-01,-1.333100e+02,-3.136951e+01,1.519396e+02,31,148.205345,0.269464,550,-5.893936e+00,0.082143,SCP
2025-11-15T01:28:36,1763170115.846600,   816441683.37,5261.379555,63116,24808,osion,4.676275e+02,2.058333e-01,-1.332620e+02,-3.152999e+01,1.517745e+02,31,222.264248,0.404117,550,-5.884172e+00,0.067076,SCP
2025-11-15T01:28:39,1763170118.846594,   816441686.37,5264.379555,63116,24808,osion,4.698684e+02,2.100000e-01,-1.332140e+02,-3.169025e+01,1.516092e+02,31,296.311945,0.538749,550,-5.818082e+00,0.058093,SCP
2025-11-15T01:28:42,1763170121.846588,   816441689.37,5267.379555,63116,24808,osion,4.721165e+02,2.138889e-01,-1.331658e+02,-3.185029e+01,1.514445e+02,31,148.205345,0.269464,550,-5.499607e+00,0.082143,SCP
2025-11-15T01:28:45,1763170124.846581,   816441692.37,5270.379555,63116,24808,osion,4.743719e+02,2.180556e-01,-1.331175e+02,-3.201011e+01,1.512795e+02,31,148.205345,0.269464,550,-4.619847e+00,0.082143,SCP
2025-11-15T01:28:48,1763170127.846575,   816441695.37,5273.379555,63116,24808,osion,4.766344e+02,2.219444e-01,-1.330690e+02,-3.216970e+01,1.511151e+02,31,370.397465,0.673450,550,-5.324693e+00,0.051960,SCP
2025-11-15T01:28:51,1763170130.846569,   816441698.37,5276.379555,63116,24808,osion,4.789042e+02,2.261111e-01,-1.330204e+02,-3.232907e+01,1.509505e+02,31,148.205345,0.269464,550,-5.670227e+00,0.082143,SCP
2025-11-15T01:28:54,1763170133.846563,   816441701.37,5279.379555,63116,24808,osion,4.811811e+02,2.302778e-01,-1.329716e+02,-3.248822e+01,1.507861e+02,31,111.195882,0.202174,550,-5.694382e+00,0.094832,SCP
2025-11-15T01:28:56,1763170135.846559,   816441703.37,5281.379555,63116,24808,osion,4.827029e+02,2.327778e-01,-1.329390e+02,-3.259420e+01,1.506770e+02,31,185.254347,0.336826,550,-5.660599e+00,0.073471,SCP
2025-11-15T01:28:59,1763170138.846553,   816441706.37,5284.379555,63116,24808,osion,4.849916e+02,2.369444e-01,-1.328901e+02,-3.275298e+01,1.505129e+02,31,259.348386,0.471543,550,-5.151289e+00,0.062095,SCP
2025-11-15T01:29:02,1763170141.846547,   816441709.37,5287.379555,63116,24808,osion,4.872874e+02,2.411111e-01,-1.328409e+02,-3.291153e+01,1.503490e+02,31,185.254347,0.336826,550,-4.755812e+00,0.073471,SCP
2025-11-15T01:29:05,1763170144.846540,   816441712.37,5290.379555,63116,24808,osion,4.895902e+02,2.452778e-01,-1.327916e+02,-3.306986e+01,1.501852e+02,31,296.311945,0.538749,550,-5.432820e+00,0.058093,SCP
2025-11-15T01:29:08,1763170147.846534,   816441715.37,5293.379555,63116,24808,osion,4.919000e+02,2.491667e-01,-1.327422e+02,-3.322797e+01,1.500221e+02,31,111.195882,0.202174,550,-7.063049e+00,0.094832,SCP
2025-11-15T01:29:11,1763170150.846528,   816441718.37,5296.379555,63116,24808,osion,4.942168e+02,2.533333e-01,-1.326926e+02,-3.338585e+01,1.498588e+02,31,296.311945,0.538749,550,-7.481810e+00,0.058093,SCP
2025-11-15T01:29:14,1763170153.846522,   816441721.37,5299.379555,63116,24808,osion,4.965405e+02,2.575000e-01,-1.326429e+02,-3.354350e+01,1.496956e+02,31,148.205345,0.269464,550,-6.838494e+00,0.082143,SCP
2025-11-15T01:29:17,1763170156.846516,   816441724.37,5302.379555,63116,24808,osion,4.988712e+02,2.616667e-01,-1.325930e+02,-3.370093e+01,1.495326e+02,31,185.254347,0.336826,550,-5.546305e+00,0.073471,SCP
2025-11-15T01:29:20,1763170159.846509,   816441727.37,5305.379555,63116,24808,osion,5.012087e+02,2.658333e-01,-1.325430e+02,-3.385814e+01,1.493698e+02,31,185.254347,0.336826,550,-4.301028e+00,0.073471,SCP
2025-11-15T01:29:23,1763170162.846503,   816441730.37,5308.379555,63116,24808,osion,5.035531e+02,2.700000e-01,-1.324928e+02,-3.401511e+01,1.492072e+02,31,148.205345,0.269464,550,-3.815324e+00,0.082143,SCP
2025-11-15T01:29:26,1763170165.846496,   816441733.37,5311.379555,63116,24808,osion,5.059043e+02,2.741667e-01,-1.324425e+02,-3.417186e+01,1.490448e+02,31,407.425231,0.740773,550,-3.971203e+00,0.049542,SCP
2025-11-15T01:29:29,1763170168.846490,   816441736.37,5314.379555,63116,24808,osion,5.082623e+02,2.783333e-01,-1.323920e+02,-3.432839e+01,1.488825e+02,31,111.195882,0.202174,550,-4.536549e+00,0.094832,SCP
2025-11-15T01:29:31,1763170170.846486,   816441738.37,5316.379555,63116,24808,osion,5.098381e+02,2.811111e-01,-1.323582e+02,-3.443261e+01,1.487745e+02,31,259.348386,0.471543,550,-4.981483e+00,0.062095,SCP
2025-11-15T01:29:34,1763170173.846480,   816441741.37,5319.379555,63116,24808,osion,5.122074e+02,2.852778e-01,-1.323075e+02,-3.458875e+01,1.486126e+02,31,444.445580,0.808083,550,-5.505380e+00,0.047434,SCP
2025-11-15T01:29:37,1763170176.846473,   816441744.37,5322.379555,63116,24808,osion,5.145834e+02,2.894444e-01,-1.322566e+02,-3.474467e+01,1.484509e+02,31,333.360428,0.606110,550,-5.627018e+00,0.054770,SCP
2025-11-15T01:29:40,1763170179.846467,   816441747.37,5325.379555,63116,24808,osion,5.169661e+02,2.936111e-01,-1.322055e+02,-3.490035e+01,1.482894e+02,31,296.311945,0.538749,550,-6.689680e+00,0.058093,SCP
2025-11-15T01:29:43,1763170182.846461,   816441750.37,5328.379555,63116,24808,osion,5.193554e+02,2.980556e-01,-1.321543e+02,-3.505581e+01,1.481276e+02,31,407.425231,0.740773,550,-7.146593e+00,0.049542,SCP
2025-11-15T01:29:46,1763170185.846455,   816441753.37,5331.379555,63116,24808,osion,5.217515e+02,3.022222e-01,-1.321029e+02,-3.521104e+01,1.479665e+02,31,333.360428,0.606110,550,-6.818174e+00,0.054770,SCP
2025-11-15T01:29:49,1763170188.846449,   816441756.37,5334.379555,63116,24808,osion,5.241541e+02,3.063889e-01,-1.320513e+02,-3.536604e+01,1.478057e+02,31,518.564711,0.942845,550,-5.545146e+00,0.043914,SCP
2025-11-15T01:29:52,1763170191.846442,   816441759.37,5337.379555,63116,24808,osion,5.265633e+02,3.105556e-01,-1.319996e+02,-3.552081e+01,1.476450e+02,31,148.205345,0.269464,550,-6.602064e+00,0.082143,SCP
2025-11-15T01:29:55,1763170194.846436,   816441762.37,5340.379555,63116,24808,osion,5.289790e+02,3.150000e-01,-1.319477e+02,-3.567535e+01,1.474840e+02,31,370.397465,0.673450,550,0,0.051960,SCP
2025-11-15T01:07:06,1763168825.847287,   816440393.37,3971.379555,63116,24808,osion,4.250449e+02,2.252778e+01,-1.532025e+02,4.526863e+01,1.274534e+02,32,74.082613,0.094287,550,-2.997755e+00,0.116183,SCP
2025-11-15T01:07:09,1763168828.847281,   816440396.37,3974.379555,63116,24808,osion,4.229722e+02,2.253389e+01,-1.531250e+02,4.510892e+01,1.276247e+02,32,37.039747,0.047141,550,-2.725668e+00,0.164311,SCP
2025-11-15T01:07:12,1763168831.847274,   816440399.37,3977.379555,63116,24808,osion,4.209074e+02,2.253972e+01,-1.530480e+02,4.494896e+01,1.277949e+02,32,111.195882,0.141522,550,-2.715590e+00,0.094832,SCP
2025-11-15T01:07:15,1763168834.847267,   816440402.37,3980.379555,63116,24808,osion,4.188502e+02,2.254556e+01,-1.529714e+02,4.478876e+01,1.279655e+02,32,111.195882,0.141522,550,-2.884313e+00,0.094832,SCP
2025-11-15T01:07:18,1763168837.847261,   816440405.37,3983.379555,63116,24808,osion,4.168010e+02,2.255167e+01,-1.528951e+02,4.462830e+01,1.281377e+02,32,222.264248,0.282882,550,-3.080269e+00,0.067076,SCP
2025-11-15T01:07:21,1763168840.847255,   816440408.37,3986.379555,63116,24808,osion,4.147595e+02,2.255750e+01,-1.528193e+02,4.446760e+01,1.283089e+02,32,148.205345,0.269464,550,-3.069081e+00,0.082143,SCP
2025-11-15T01:07:24,1763168843.847249,   816440411.37,3989.379555,63116,24808,osion,4.127259e+02,2.256333e+01,-1.527438e+02,4.430665e+01,1.284804e+02,32,37.039747,0.067345,550,-3.085674e+00,0.164311,SCP
2025-11-15T01:07:27,1763168846.847243,   816440414.37,3992.379555,63116,24808,osion,4.107003e+02,2.256917e+01,-1.526688e+02,4.414546e+01,1.286522e+02,32,111.195882,0.202174,550,-3.250499e+00,0.094832,SCP
2025-11-15T01:07:30,1763168849.847236,   816440417.37,3995.379555,63116,24808,osion,4.086826e+02,2.257500e+01,-1.525941e+02,4.398402e+01,1.288243e+02,32,148.205345,0.269464,550,-3.537066e+00,0.082143,SCP
2025-11-15T01:07:33,1763168852.847230,   816440420.37,3998.379555,63116,24808,osion,4.066728e+02,2.258056e+01,-1.525198e+02,4.382234e+01,1.289953e+02,32,185.254347,0.336826,550,-3.894773e+00,0.073471,SCP
2025-11-15T01:07:36,1763168855.847224,   816440423.37,4001.379555,63116,24808,osion,4.046710e+02,2.258639e+01,-1.524458e+02,4.366041e+01,1.291681e+02,32,37.039747,0.067345,550,-4.236608e+00,0.164311,SCP
2025-11-15T01:07:44,1763168863.847207,   816440431.37,4009.379555,63116,24808,osion,3.993722e+02,2.260167e+01,-1.522505e+02,4.322744e+01,1.296288e+02,32,37.039747,0.067345,550,-5.224076e+00,0.164311,SCP
2025-11-15T01:08:34,1763168913.847103,   816440481.37,4059.379555,63116,24808,osion,3.675791e+02,2.269278e+01,-1.510855e+02,4.048346e+01,1.325338e+02,32,74.082613,0.134696,550,-5.659555e+00,0.116183,SCP
2025-11-15T01:08:40,1763168919.847090,   816440487.37,4065.379555,63116,24808,osion,3.639211e+02,2.270333e+01,-1.509519e+02,4.014991e+01,1.328858e+02,32,111.195882,0.202174,550,-6.285421e+00,0.094832,SCP
2025-11-15T01:08:43,1763168922.847084,   816440490.37,4068.379555,63116,24808,osion,3.621050e+02,2.270861e+01,-1.508855e+02,3.998280e+01,1.330622e+02,32,74.082613,0.134696,550,-6.461064e+00,0.116183,SCP
2025-11-15T01:08:49,1763168928.847072,   816440496.37,4074.379555,63116,24808,osion,3.584987e+02,2.271889e+01,-1.507536e+02,3.964792e+01,1.334144e+02,32,148.205345,0.269464,550,-7.037361e+00,0.082143,SCP
2025-11-15T01:08:57,1763168936.847054,   816440504.37,4082.379555,63116,24808,osion,3.537445e+02,2.273278e+01,-1.505797e+02,3.920005e+01,1.338867e+02,32,74.082613,0.134696,550,-7.019788e+00,0.116183,SCP
2025-11-15T01:09:00,1763168939.847048,   816440507.37,4085.379555,63116,24808,osion,3.519777e+02,2.273778e+01,-1.505151e+02,3.903170e+01,1.340633e+02,32,74.082613,0.134696,550,-7.063180e+00,0.116183,SCP
2025-11-15T01:09:09,1763168948.847030,   816440516.37,4094.379555,63116,24808,osion,3.467302e+02,2.275306e+01,-1.503228e+02,3.852536e+01,1.345958e+02,32,74.082613,0.134696,550,-7.027892e+00,0.116183,SCP
2025-11-15T01:09:15,1763168954.847018,   816440522.37,4100.379555,63116,24808,osion,3.432761e+02,2.276306e+01,-1.501960e+02,3.818672e+01,1.349512e+02,32,111.195882,0.202174,550,-7.930319e+00,0.094832,SCP
2025-11-15T01:09:18,1763168957.847011,   816440525.37,4103.379555,63116,24808,osion,3.415625e+02,2.276806e+01,-1.501330e+02,3.801709e+01,1.351293e+02,32,74.082613,0.134696,550,-7.725862e+00,0.116183,SCP
2025-11-15T01:09:33,1763168972.846980,   816440540.37,4118.379555,63116,24808,osion,3.331290e+02,2.279278e+01,-1.498223e+02,3.716578e+01,1.360222e+02,32,37.039747,0.067345,550,-7.046687e+00,0.164311,SCP
2025-11-15T01:09:39,1763168978.846967,   816440546.37,4124.379555,63116,24808,osion,3.298190e+02,2.280278e+01,-1.496999e+02,3.682381e+01,1.363817e+02,32,74.082613,0.134696,550,-7.053109e+00,0.116183,SCP
2025-11-15T01:09:42,1763168981.846961,   816440549.37,4127.379555,63116,24808,osion,3.281777e+02,2.280750e+01,-1.496391e+02,3.665252e+01,1.365603e+02,32,74.082613,0.134696,550,-6.298948e+00,0.116183,SCP
2025-11-15T01:09:47,1763168986.846951,   816440554.37,4132.379555,63116,24808,osion,3.254626e+02,2.281556e+01,-1.495383e+02,3.636658e+01,1.368596e+02,32,74.082613,0.134696,550,-3.393364e+00,0.116183,SCP
2025-11-15T01:09:50,1763168989.846945,   816440557.37,4135.379555,63116,24808,osion,3.238458e+02,2.282056e+01,-1.494781e+02,3.619475e+01,1.370403e+02,32,37.039747,0.067345,550,-3.490521e+00,0.164311,SCP
2025-11-15T01:10:31,1763169030.846859,   816440598.37,4176.379555,63116,24808,osion,3.026854e+02,2.288472e+01,-1.486806e+02,3.382676e+01,1.395123e+02,32,111.195882,0.202174,550,-4.088070e+00,0.094832,SCP
2025-11-15T01:10:34,1763169033.846853,   816440601.37,4179.379555,63116,24808,osion,3.012065e+02,2.288917e+01,-1.486240e+02,3.365209e+01,1.396935e+02,32,37.039747,0.067345,550,-3.122254e+00,0.164311,SCP
2025-11-15T01:10:37,1763169036.846847,   816440604.37,4182.379555,63116,24808,osion,2.997373e+02,2.289389e+01,-1.485675e+02,3.347724e+01,1.398764e+02,32,111.195882,0.202174,550,-2.427999e+00,0.094832,SCP
2025-11-15T01:10:40,1763169039.846841,   816440607.37,4185.379555,63116,24808,osion,2.982776e+02,2.289833e+01,-1.485113e+02,3.330220e+01,1.400580e+02,32,74.082613,0.134696,550,-2.192808e+00,0.116183,SCP
2025-11-15T01:10:43,1763169042.846834,   816440610.37,4188.379555,63116,24808,osion,2.968276e+02,2.290306e+01,-1.484553e+02,3.312698e+01,1.402414e+02,32,111.195882,0.202174,550,-1.986073e+00,0.094832,SCP
2025-11-15T01:10:54,1763169053.846811,   816440621.37,4199.379555,63116,24808,osion,2.915939e+02,2.291944e+01,-1.482519e+02,3.248296e+01,1.409104e+02,32,37.039747,0.067345,550,-2.182859e+00,0.164311,SCP
2025-11-15T01:11:00,1763169059.846799,   816440627.37,4205.379555,63116,24808,osion,2.887944e+02,2.292833e+01,-1.481421e+02,3.213067e+01,1.412763e+02,32,111.195882,0.202174,550,-2.358449e+00,0.094832,SCP
2025-11-15T01:11:03,1763169062.846792,   816440630.37,4208.379555,63116,24808,osion,2.874093e+02,2.293278e+01,-1.480875e+02,3.195425e+01,1.414595e+02,32,37.039747,0.067345,550,-2.233327e+00,0.164311,SCP
2025-11-15T01:11:06,1763169065.846786,   816440633.37,4211.379555,63116,24808,osion,2.860341e+02,2.293722e+01,-1.480331e+02,3.177766e+01,1.416430e+02,32,148.205345,0.269464,550,-2.094457e+00,0.082143,SCP
2025-11-15T01:11:09,1763169068.846780,   816440636.37,4214.379555,63116,24808,osion,2.846687e+02,2.294167e+01,-1.479790e+02,3.160090e+01,1.418266e+02,32,111.195882,0.202174,550,-2.076716e+00,0.094832,SCP
2025-11-15T01:11:12,1763169071.846774,   816440639.37,4217.379555,63116,24808,osion,2.833132e+02,2.294611e+01,-1.479250e+02,3.142396e+01,1.420105e+02,32,37.039747,0.067345,550,-2.307355e+00,0.164311,SCP
2025-11-15T01:11:15,1763169074.846768,   816440642.37,4220.379555,63116,24808,osion,2.819676e+02,2.295056e+01,-1.478712e+02,3.124686e+01,1.421945e+02,32,111.195882,0.202174,550,-2.264465e+00,0.094832,SCP
2025-11-15T01:11:21,1763169080.846756,   816440648.37,4226.379555,63116,24808,osion,2.793062e+02,2.295944e+01,-1.477642e+02,3.089213e+01,1.425632e+02,32,74.082613,0.134696,550,-2.088758e+00,0.116183,SCP
2025-11-15T01:11:24,1763169083.846749,   816440651.37,4229.379555,63116,24808,osion,2.779905e+02,2.296361e+01,-1.477111e+02,3.071452e+01,1.427463e+02,32,74.082613,0.134696,550,-3.613727e+00,0.116183,SCP
2025-11-15T01:11:45,1763169104.846705,   816440672.37,4250.379555,63116,24808,osion,2.690612e+02,2.299389e+01,-1.473440e+02,2.946658e+01,1.440394e+02,32,111.195882,0.202174,550,-4.851299e+00,0.094832,SCP
2025-11-15T01:11:48,1763169107.846699,   816440675.37,4253.379555,63116,24808,osion,2.678260e+02,2.299806e+01,-1.472923e+02,2.928766e+01,1.442239e+02,32,37.039747,0.067345,550,-4.932832e+00,0.164311,SCP
2025-11-15T01:11:53,1763169112.846689,   816440680.37,4258.379555,63116,24808,osion,2.657899e+02,2.300528e+01,-1.472065e+02,2.898910e+01,1.445335e+02,32,37.039747,0.067345,550,-4.954916e+00,0.164311,SCP
2025-11-15T01:11:56,1763169115.846683,   816440683.37,4261.379555,63116,24808,osion,2.645819e+02,2.300944e+01,-1.471553e+02,2.880976e+01,1.447186e+02,32,222.264248,0.404117,550,-5.385709e+00,0.067076,SCP
2025-11-15T01:11:59,1763169118.846676,   816440686.37,4264.379555,63116,24808,osion,2.633841e+02,2.301361e+01,-1.471042e+02,2.863026e+01,1.449038e+02,32,148.205345,0.269464,550,-5.576462e+00,0.082143,SCP
2025-11-15T01:12:02,1763169121.846670,   816440689.37,4267.379555,63116,24808,osion,2.621965e+02,2.301778e+01,-1.470533e+02,2.845060e+01,1.450892e+02,32,148.205345,0.269464,550,-5.583447e+00,0.082143,SCP
2025-11-15T01:12:08,1763169127.846658,   816440695.37,4273.379555,63116,24808,osion,2.598522e+02,2.302611e+01,-1.469521e+02,2.809084e+01,1.454604e+02,32,37.039747,0.067345,550,-5.533405e+00,0.164311,SCP
2025-11-15T01:12:11,1763169130.846652,   816440698.37,4276.379555,63116,24808,osion,2.586955e+02,2.303028e+01,-1.469017e+02,2.791073e+01,1.456463e+02,32,111.195882,0.202174,550,-5.262944e+00,0.094832,SCP
2025-11-15T01:12:20,1763169139.846632,   816440707.37,4285.379555,63116,24808,osion,2.552874e+02,2.304278e+01,-1.467516e+02,2.736952e+01,1.462050e+02,32,37.039747,0.067345,550,-4.943702e+00,0.164311,SCP
2025-11-15T01:12:23,1763169142.846626,   816440710.37,4288.379555,63116,24808,osion,2.541722e+02,2.304694e+01,-1.467019e+02,2.718882e+01,1.463915e+02,32,74.082613,0.134696,550,-4.599745e+00,0.116183,SCP
2025-11-15T01:12:37,1763169156.846597,   816440724.37,4302.379555,63116,24808,osion,2.491055e+02,2.306611e+01,-1.464719e+02,2.634366e+01,1.472625e+02,32,37.039747,0.067345,550,-5.379974e+00,0.164311,SCP
2025-11-15T01:12:43,1763169162.846585,   816440730.37,4308.379555,63116,24808,osion,2.470040e+02,2.307417e+01,-1.463744e+02,2.598052e+01,1.476358e+02,32,74.082613,0.134696,550,-4.880812e+00,0.116183,SCP
2025-11-15T01:12:49,1763169168.846571,   816440736.37,4314.379555,63116,24808,osion,2.449447e+02,2.308222e+01,-1.462775e+02,2.561683e+01,1.480097e+02,32,37.039747,0.067345,550,-4.907369e+00,0.164311,SCP
2025-11-15T01:12:55,1763169174.846559,   816440742.37,4320.379555,63116,24808,osion,2.429276e+02,2.309028e+01,-1.461812e+02,2.525260e+01,1.483842e+02,32,37.039747,0.067345,550,-5.394366e+00,0.164311,SCP
2025-11-15T01:13:03,1763169182.846543,   816440750.37,4328.379555,63116,24808,osion,2.403043e+02,2.310083e+01,-1.460537e+02,2.476615e+01,1.488832e+02,32,74.082613,0.134696,550,-5.182166e+00,0.116183,SCP
2025-11-15T01:13:09,1763169188.846530,   816440756.37,4334.379555,63116,24808,osion,2.383866e+02,2.310889e+01,-1.459588e+02,2.440071e+01,1.492589e+02,32,37.039747,0.067345,550,-4.913422e+00,0.164311,SCP
2025-11-15T01:13:12,1763169191.846524,   816440759.37,4337.379555,63116,24808,osion,2.374437e+02,2.311278e+01,-1.459115e+02,2.421780e+01,1.494461e+02,32,148.205345,0.269464,550,-4.924294e+00,0.082143,SCP
2025-11-15T01:13:15,1763169194.846518,   816440762.37,4340.379555,63116,24808,osion,2.365116e+02,2.311667e+01,-1.458644e+02,2.403476e+01,1.496335e+02,32,222.264248,0.404117,550,-4.919931e+00,0.067076,SCP
2025-11-15T01:13:18,1763169197.846512,   816440765.37,4343.379555,63116,24808,osion,2.355902e+02,2.312083e+01,-1.458174e+02,2.385160e+01,1.498226e+02,32,222.264248,0.404117,550,-4.781879e+00,0.067076,SCP
2025-11-15T01:13:21,1763169200.846506,   816440768.37,4346.379555,63116,24808,osion,2.346796e+02,2.312472e+01,-1.457705e+02,2.366832e+01,1.500102e+02,32,222.264248,0.404117,550,-4.317539e+00,0.067076,SCP
2025-11-15T01:13:24,1763169203.846499,   816440771.37,4349.379555,63116,24808,osion,2.337797e+02,2.312861e+01,-1.457238e+02,2.348492e+01,1.501979e+02,32,74.082613,0.134696,550,-4.144444e+00,0.116183,SCP
2025-11-15T01:13:27,1763169206.846493,   816440774.37,4352.379555,63116,24808,osion,2.328907e+02,2.313250e+01,-1.456772e+02,2.330140e+01,1.503857e+02,32,222.264248,0.404117,550,-4.062297e+00,0.067076,SCP
2025-11-15T01:13:30,1763169209.846487,   816440777.37,4355.379555,63116,24808,osion,2.320124e+02,2.313639e+01,-1.456307e+02,2.311776e+01,1.505737e+02,32,259.348386,0.471543,550,-3.901465e+00,0.062095,SCP
2025-11-15T01:13:33,1763169212.846482,   816440780.37,4358.379555,63116,24808,osion,2.311449e+02,2.314028e+01,-1.455844e+02,2.293401e+01,1.507617e+02,32,407.425231,0.740773,550,-3.407397e+00,0.049542,SCP
2025-11-15T01:13:35,1763169214.846478,   816440782.37,4360.379555,63116,24808,osion,2.305726e+02,2.314278e+01,-1.455536e+02,2.281144e+01,1.508865e+02,32,111.195882,0.202174,550,-3.195658e+00,0.094832,SCP
2025-11-15T01:13:38,1763169217.846463,   816440785.37,4363.379555,63116,24808,osion,2.297233e+02,2.314667e+01,-1.455075e+02,2.262749e+01,1.510747e+02,32,185.254347,0.336826,550,-2.687253e+00,0.073471,SCP
2025-11-15T01:13:41,1763169220.846485,   816440788.37,4366.379555,63116,24808,osion,2.288847e+02,2.315056e+01,-1.454615e+02,2.244343e+01,1.512631e+02,32,185.254347,0.336826,550,-1.626721e+00,0.073471,SCP
2025-11-15T01:13:44,1763169223.846395,   816440791.37,4369.379555,63116,24808,osion,2.280571e+02,2.315444e+01,-1.454156e+02,2.225925e+01,1.514515e+02,32,222.264248,0.404117,550,-1.420775e+00,0.067076,SCP
2025-11-15T01:13:47,1763169226.847453,   816440794.37,4372.379555,63116,24808,osion,2.272403e+02,2.315833e+01,-1.453699e+02,2.207497e+01,1.516400e+02,32,148.205345,0.269464,550,-1.567160e+00,0.082143,SCP
2025-11-15T01:13:50,1763169229.846453,   816440797.37,4375.379555,63116,24808,osion,2.264345e+02,2.316222e+01,-1.453243e+02,2.189057e+01,1.518287e+02,32,148.205345,0.269464,550,-1.855980e+00,0.082143,SCP
2025-11-15T01:13:53,1763169232.847436,   816440800.37,4378.379555,63116,24808,osion,2.256395e+02,2.316611e+01,-1.452788e+02,2.170607e+01,1.520174e+02,32,222.264248,0.404117,550,-2.011626e+00,0.067076,SCP
2025-11-15T01:13:56,1763169235.847427,   816440803.37,4381.379555,63116,24808,osion,2.248556e+02,2.317000e+01,-1.452334e+02,2.152146e+01,1.522062e+02,32,222.264248,0.404117,550,-2.159888e+00,0.067076,SCP
2025-11-15T01:13:59,1763169238.847430,   816440806.37,4384.379555,63116,24808,osion,2.240825e+02,2.317389e+01,-1.451881e+02,2.133675e+01,1.523951e+02,32,111.195882,0.202174,550,-2.320533e+00,0.094832,SCP
2025-11-15T01:14:02,1763169241.847420,   816440809.37,4387.379555,63116,24808,osion,2.233205e+02,2.317750e+01,-1.451430e+02,2.115193e+01,1.525823e+02,32,74.082613,0.134696,550,-2.458986e+00,0.116183,SCP
2025-11-15T01:14:05,1763169244.847414,   816440812.37,4390.379555,63116,24808,osion,2.225694e+02,2.318139e+01,-1.450980e+02,2.096700e+01,1.527714e+02,32,37.039747,0.067345,550,-2.516702e+00,0.164311,SCP
2025-11-15T01:14:08,1763169247.847407,   816440815.37,4393.379555,63116,24808,osion,2.218293e+02,2.318528e+01,-1.450531e+02,2.078198e+01,1.529606e+02,32,185.254347,0.336826,550,-2.341501e+00,0.073471,SCP
2025-11-15T01:14:11,1763169250.847401,   816440818.37,4396.379555,63116,24808,osion,2.211002e+02,2.318889e+01,-1.450083e+02,2.059685e+01,1.531481e+02,32,370.397465,0.673450,550,-2.272577e+00,0.051960,SCP
2025-11-15T01:14:13,1763169252.847397,   816440820.37,4398.379555,63116,24808,osion,2.206203e+02,2.319167e+01,-1.449785e+02,2.047338e+01,1.532755e+02,32,296.311945,0.538749,550,-2.278724e+00,0.058093,SCP
2025-11-15T01:14:16,1763169255.847391,   816440823.37,4401.379555,63116,24808,osion,2.199096e+02,2.319528e+01,-1.449339e+02,2.028809e+01,1.534631e+02,32,481.557712,0.875559,550,-2.594165e+00,0.045570,SCP
2025-11-15T01:14:19,1763169258.847385,   816440826.37,4404.379555,63116,24808,osion,2.192100e+02,2.319917e+01,-1.448894e+02,2.010270e+01,1.536526e+02,32,592.665819,1.077574,550,-2.685398e+00,0.041077,SCP
2025-11-15T01:14:22,1763169261.847378,   816440829.37,4407.379555,63116,24808,osion,2.185214e+02,2.320278e+01,-1.448450e+02,1.991722e+01,1.538403e+02,32,962.996819,1.750903,550,-2.696930e+00,0.032225,SCP
2025-11-15T01:14:25,1763169264.847372,   816440832.37,4410.379555,63116,24808,osion,2.178439e+02,2.320667e+01,-1.448008e+02,1.973164e+01,1.540299e+02,32,1111.180885,2.020329,550,-2.913984e+00,0.029999,SCP
2025-11-15T01:14:28,1763169267.847366,   816440835.37,4413.379555,63116,24808,osion,2.171775e+02,2.321028e+01,-1.447566e+02,1.954597e+01,1.542177e+02,32,1074.111522,1.952930,550,-3.243216e+00,0.030512,SCP
2025-11-15T01:14:31,1763169270.847360,   816440838.37,4416.379555,63116,24808,osion,2.165222e+02,2.321417e+01,-1.447126e+02,1.936021e+01,1.544075e+02,32,1703.779315,3.097780,550,-3.539730e+00,0.024227,SCP
2025-11-15T01:14:34,1763169273.847354,   816440841.37,4419.379555,63116,24808,osion,2.158780e+02,2.321778e+01,-1.446686e+02,1.917435e+01,1.545955e+02,32,1926.018505,3.501852,550,-3.544163e+00,0.022786,SCP
2025-11-15T01:14:37,1763169276.847348,   816440844.37,4422.379555,63116,24808,osion,2.152449e+02,2.322167e+01,-1.446248e+02,1.898841e+01,1.547853e+02,32,1666.721069,3.030402,550,-2.843360e+00,0.024494,SCP
2025-11-15T01:14:40,1763169279.847341,   816440847.37,4425.379555,63116,24808,osion,2.146230e+02,2.322528e+01,-1.445810e+02,1.880238e+01,1.549734e+02,32,1666.721069,3.030402,550,-3.004744e+00,0.024494,SCP
2025-11-15T01:14:43,1763169282.847335,   816440850.37,4428.379555,63116,24808,osion,2.140122e+02,2.322917e+01,-1.445374e+02,1.861627e+01,1.551634e+02,32,2629.717608,4.781305,550,-2.884920e+00,0.019500,SCP
2025-11-15T01:14:46,1763169285.847329,   816440853.37,4431.379555,63116,24808,osion,2.134126e+02,2.323278e+01,-1.444939e+02,1.843007e+01,1.553516e+02,32,1926.018505,3.501852,550,-2.713256e+00,0.022786,SCP
2025-11-15T01:14:48,1763169287.847325,   816440855.37,4433.379555,63116,24808,osion,2.130191e+02,2.323528e+01,-1.444649e+02,1.830589e+01,1.554776e+02,32,6185.327435,11.246050,550,-2.889775e+00,0.012715,SCP
2025-11-15T01:14:51,1763169290.847319,   816440858.37,4436.379555,63116,24808,osion,2.124381e+02,2.323889e+01,-1.444215e+02,1.811955e+01,1.556659e+02,32,3963.039847,7.205527,550,-3.304560e+00,0.015885,SCP
2025-11-15T01:14:54,1763169293.847312,   816440861.37,4439.379555,63116,24808,osion,2.118684e+02,2.324250e+01,-1.443783e+02,1.793313e+01,1.558541e+02,32,481.557712,0.875559,550,-3.767406e+00,0.045570,SCP
2025-11-15T01:14:57,1763169296.847305,   816440864.37,4442.379555,63116,24808,osion,2.113098e+02,2.324639e+01,-1.443351e+02,1.774664e+01,1.560444e+02,32,777.808973,1.414198,550,-4.100951e+00,0.035856,SCP
2025-11-15T01:15:00,1763169299.847299,   816440867.37,4445.379555,63116,24808,osion,2.107624e+02,2.325000e+01,-1.442920e+02,1.756006e+01,1.562327e+02,32,926.023636,1.683679,550,-3.810143e+00,0.032862,SCP
2025-11-15T01:15:03,1763169302.847293,   816440870.37,4448.379555,63116,24808,osion,2.102263e+02,2.325361e+01,-1.442491e+02,1.737340e+01,1.564210e+02,32,703.739826,1.279527,550,-3.681912e+00,0.037696,SCP
2025-11-15T01:15:09,1763169308.847281,   816440876.37,4454.379555,63116,24808,osion,2.091878e+02,2.326111e+01,-1.441634e+02,1.699987e+01,1.567998e+02,32,851.869745,1.548854,550,-3.713084e+00,0.034262,SCP
2025-11-15T01:15:18,1763169317.847262,   816440885.37,4463.379555,63116,24808,osion,2.077145e+02,2.327194e+01,-1.440356e+02,1.643903e+01,1.573651e+02,32,370.397465,0.673450,550,-2.703074e+00,0.051960,SCP
2025-11-15T01:15:22,1763169321.847254,   816440889.37,4467.379555,63116,24808,osion,2.070923e+02,2.327694e+01,-1.439790e+02,1.618956e+01,1.576177e+02,32,444.445580,0.808083,550,-2.331938e+00,0.047434,SCP
2025-11-15T01:15:26,1763169325.847245,   816440893.37,4471.379555,63116,24808,osion,2.064902e+02,2.328167e+01,-1.439226e+02,1.593998e+01,1.578683e+02,32,888.946690,1.616267,550,-2.324920e+00,0.033540,SCP
2025-11-15T01:15:29,1763169328.847239,   816440896.37,4474.379555,63116,24808,osion,2.060518e+02,2.328528e+01,-1.438804e+02,1.575272e+01,1.580567e+02,32,629.660278,1.144837,550,-2.338916e+00,0.039852,SCP
2025-11-15T01:15:33,1763169332.847231,   816440900.37,4478.379555,63116,24808,osion,2.054850e+02,2.329000e+01,-1.438243e+02,1.550293e+01,1.583073e+02,32,1037.042159,1.885531,550,-2.324365e+00,0.031053,SCP
2025-11-15T01:15:37,1763169336.847222,   816440904.37,4482.379555,63116,24808,osion,2.049382e+02,2.329500e+01,-1.437683e+02,1.525304e+01,1.585599e+02,32,926.023636,1.683679,550,-2.314485e+00,0.032862,SCP
2025-11-15T01:15:40,1763169339.847216,   816440907.37,4485.379555,63116,24808,osion,2.045414e+02,2.329861e+01,-1.437265e+02,1.506555e+01,1.587483e+02,32,888.946690,1.616267,550,-2.298776e+00,0.033540,SCP
2025-11-15T01:15:44,1763169343.847208,   816440911.37,4489.379555,63116,24808,osion,2.040300e+02,2.330333e+01,-1.436707e+02,1.481547e+01,1.589988e+02,32,481.557712,0.875559,550,-2.274458e+00,0.045570,SCP
2025-11-15T01:15:48,1763169347.847200,   816440915.37,4493.379555,63116,24808,osion,2.035388e+02,2.330806e+01,-1.436152e+02,1.456530e+01,1.592492e+02,32,370.397465,0.673450,550,-2.627344e+00,0.051960,SCP
2025-11-15T01:15:52,1763169351.847191,   816440919.37,4497.379555,63116,24808,osion,2.030678e+02,2.331278e+01,-1.435597e+02,1.431502e+01,1.594996e+02,32,555.567956,1.010124,550,-1.740643e+00,0.042426,SCP
2025-11-15T01:15:55,1763169354.847184,   816440922.37,4500.379555,63116,24808,osion,2.027279e+02,2.331639e+01,-1.435183e+02,1.412726e+01,1.596878e+02,32,185.254347,0.336826,550,-1.314595e+00,0.073471,SCP
2025-11-15T01:15:59,1763169358.847177,   816440926.37,4504.379555,63116,24808,osion,2.022923e+02,2.332111e+01,-1.434631e+02,1.387682e+01,1.599381e+02,32,259.348386,0.471543,550,-1.675169e+00,0.062095,SCP
2025-11-15T01:16:03,1763169362.847168,   816440930.37,4508.379555,63116,24808,osion,2.018770e+02,2.332583e+01,-1.434080e+02,1.362630e+01,1.601882e+02,32,111.195882,0.202174,550,-2.168484e+00,0.094832,SCP
2025-11-15T01:16:06,1763169365.847162,   816440933.37,4511.379555,63116,24808,osion,2.015789e+02,2.332944e+01,-1.433668e+02,1.343835e+01,1.603762e+02,32,222.264248,0.404117,550,-2.226748e+00,0.067076,SCP
2025-11-15T01:16:10,1763169369.847154,   816440937.37,4515.379555,63116,24808,osion,2.011991e+02,2.333417e+01,-1.433120e+02,1.318768e+01,1.606262e+02,32,185.254347,0.336826,550,-2.121480e+00,0.073471,SCP
2025-11-15T01:16:14,1763169373.847145,   816440941.37,4519.379555,63116,24808,osion,2.008397e+02,2.333889e+01,-1.432573e+02,1.293693e+01,1.608760e+02,32,74.082613,0.134696,550,-2.120575e+00,0.116183,SCP
2025-11-15T01:16:17,1763169376.847139,   816440944.37,4522.379555,63116,24808,osion,2.005834e+02,2.334250e+01,-1.432163e+02,1.274882e+01,1.610637e+02,32,148.205345,0.269464,550,-2.106125e+00,0.082143,SCP
2025-11-15T01:16:21,1763169380.847130,   816440948.37,4526.379555,63116,24808,osion,2.002596e+02,2.334722e+01,-1.431619e+02,1.249794e+01,1.613133e+02,32,222.264248,0.404117,550,-1.920577e+00,0.067076,SCP
2025-11-15T01:16:25,1763169384.847123,   816440952.37,4530.379555,63116,24808,osion,1.999560e+02,2.335194e+01,-1.431075e+02,1.224699e+01,1.615626e+02,32,333.360428,0.606110,550,-1.912019e+00,0.054770,SCP
2025-11-15T01:16:28,1763169387.847116,   816440955.37,4533.379555,63116,24808,osion,1.997418e+02,2.335556e+01,-1.430668e+02,1.205874e+01,1.617501e+02,32,259.348386,0.471543,550,-1.330395e+00,0.062095,SCP
2025-11-15T01:16:32,1763169391.847108,   816440959.37,4537.379555,63116,24808,osion,1.994739e+02,2.336028e+01,-1.430127e+02,1.180768e+01,1.619991e+02,32,296.311945,0.538749,550,-1.805895e+00,0.058093,SCP
2025-11-15T01:16:36,1763169395.847100,   816440963.37,4541.379555,63116,24808,osion,1.992264e+02,2.336472e+01,-1.429587e+02,1.155656e+01,1.622457e+02,32,333.360428,0.606110,550,-1.978733e+00,0.054770,SCP
2025-11-15T01:16:40,1763169399.847091,   816440967.37,4545.379555,63116,24808,osion,1.989993e+02,2.336944e+01,-1.429047e+02,1.130538e+01,1.624943e+02,32,222.264248,0.404117,550,-2.045908e+00,0.067076,SCP
2025-11-15T01:16:43,1763169402.847085,   816440970.37,4548.379555,63116,24808,osion,1.988423e+02,2.337306e+01,-1.428644e+02,1.111696e+01,1.626811e+02,32,259.348386,0.471543,550,-2.184958e+00,0.062095,SCP
2025-11-15T01:16:47,1763169406.847076,   816440974.37,4552.379555,63116,24808,osion,1.986509e+02,2.337778e+01,-1.428107e+02,1.086570e+01,1.629292e+02,32,148.205345,0.269464,550,-2.280659e+00,0.082143,SCP
2025-11-15T01:16:51,1763169410.847068,   816440978.37,4556.379555,63116,24808,osion,1.984800e+02,2.338222e+01,-1.427571e+02,1.061438e+01,1.631748e+02,32,407.425231,0.740773,550,-2.189909e+00,0.049542,SCP
2025-11-15T01:16:54,1763169413.847062,   816440981.37,4559.379555,63116,24808,osion,1.983651e+02,2.338583e+01,-1.427169e+02,1.042587e+01,1.633611e+02,32,148.205345,0.269464,550,-2.140425e+00,0.082143,SCP
2025-11-15T01:16:58,1763169417.847054,   816440985.37,4563.379555,63116,24808,osion,1.982299e+02,2.339056e+01,-1.426635e+02,1.017448e+01,1.636084e+02,32,222.264248,0.404117,550,-2.260858e+00,0.067076,SCP
2025-11-15T01:17:02,1763169421.847046,   816440989.37,4567.379555,63116,24808,osion,1.981151e+02,2.339500e+01,-1.426102e+02,9.923049e+00,1.638530e+02,32,37.039747,0.067345,550,-2.127736e+00,0.164311,SCP
2025-11-15T01:17:06,1763169425.847037,   816440993.37,4571.379555,63116,24808,osion,1.980207e+02,2.339972e+01,-1.425569e+02,9.671587e+00,1.640996e+02,32,74.082613,0.134696,550,-2.368640e+00,0.116183,SCP
2025-11-15T01:17:13,1763169432.847023,   816441000.37,4578.379555,63116,24808,osion,1.979048e+02,2.340778e+01,-1.424640e+02,9.231456e+00,1.645285e+02,32,37.039747,0.067345,550,-2.284985e+00,0.164311,SCP
2025-11-15T01:17:20,1763169439.847008,   816441007.37,4585.379555,63116,24808,osion,1.978514e+02,2.341583e+01,-1.423714e+02,8.791248e+00,1.649560e+02,32,37.039747,0.067345,550,-2.309824e+00,0.164311,SCP
2025-11-15T01:17:24,1763169443.847000,   816441011.37,4589.379555,63116,24808,osion,1.978491e+02,2.342056e+01,-1.423186e+02,8.539672e+00,1.652006e+02,32,37.039747,0.067345,550,-2.146865e+00,0.164311,SCP
2025-11-15T01:17:31,1763169450.846985,   816441018.37,4596.379555,63116,24808,osion,1.978942e+02,2.342861e+01,-1.422265e+02,8.099380e+00,1.656257e+02,32,74.082613,0.134696,550,-2.066338e+00,0.116183,SCP
2025-11-15T01:17:35,1763169454.846976,   816441022.37,4600.379555,63116,24808,osion,1.979481e+02,2.343306e+01,-1.421739e+02,7.847770e+00,1.658664e+02,32,37.039747,0.067345,550,-2.274821e+00,0.164311,SCP
2025-11-15T01:17:43,1763169462.846960,   816441030.37,4608.379555,63116,24808,osion,1.981173e+02,2.344222e+01,-1.420691e+02,7.344534e+00,1.663483e+02,32,111.195882,0.202174,550,-2.308080e+00,0.094832,SCP
2025-11-15T01:17:46,1763169465.846954,   816441033.37,4611.379555,63116,24808,osion,1.982018e+02,2.344556e+01,-1.420298e+02,7.155819e+00,1.665274e+02,32,259.348386,0.471543,550,-2.291331e+00,0.062095,SCP
2025-11-15T01:17:50,1763169469.846946,   816441037.37,4615.379555,63116,24808,osion,1.983325e+02,2.345028e+01,-1.419776e+02,6.904203e+00,1.667680e+02,32,185.254347,0.336826,550,-2.253857e+00,0.073471,SCP
2025-11-15T01:17:54,1763169473.846937,   816441041.37,4619.379555,63116,24808,osion,1.984835e+02,2.345472e+01,-1.419254e+02,6.652592e+00,1.670054e+02,32,185.254347,0.336826,550,-2.171509e+00,0.073471,SCP
2025-11-15T01:17:57,1763169476.846931,   816441044.37,4622.379555,63116,24808,osion,1.986102e+02,2.345833e+01,-1.418863e+02,6.463891e+00,1.671854e+02,32,555.567956,1.010124,550,-2.300515e+00,0.042426,SCP
2025-11-15T01:18:01,1763169480.846922,   816441048.37,4626.379555,63116,24808,osion,1.987970e+02,2.346278e+01,-1.418343e+02,6.212300e+00,1.674213e+02,32,555.567956,1.010124,550,-2.114689e+00,0.042426,SCP
2025-11-15T01:18:05,1763169484.846914,   816441052.37,4630.379555,63116,24808,osion,1.990043e+02,2.346722e+01,-1.417823e+02,5.960725e+00,1.676562e+02,32,888.946690,1.616267,550,-2.091787e+00,0.033540,SCP
2025-11-15T01:18:08,1763169487.846908,   816441055.37,4633.379555,63116,24808,osion,1.991732e+02,2.347083e+01,-1.417434e+02,5.772056e+00,1.678344e+02,32,1148.150038,2.087546,550,-1.457174e+00,0.029512,SCP
2025-11-15T01:18:12,1763169491.846900,   816441059.37,4637.379555,63116,24808,osion,1.994162e+02,2.347528e+01,-1.416916e+02,5.520516e+00,1.680675e+02,32,4148.168428,7.542124,550,-8.636150e-01,0.015526,SCP
2025-11-15T01:18:19,1763169498.846885,   816441066.37,4644.379555,63116,24808,osion,1.998906e+02,2.348333e+01,-1.416010e+02,5.080385e+00,1.684756e+02,32,13852.644627,25.186626,550,-8.215109e-01,0.008496,SCP
2025-11-15T01:18:25,1763169504.846872,   816441072.37,4650.379555,63116,24808,osion,2.003469e+02,2.349000e+01,-1.415235e+02,4.703204e+00,1.688201e+02,32,17408.375615,31.651592,550,-7.396788e-01,0.007579,SCP
2025-11-15T01:18:31,1763169510.846860,   816441078.37,4656.379555,63116,24808,osion,2.008492e+02,2.349667e+01,-1.414462e+02,4.326103e+00,1.691614e+02,32,6185.327435,11.246050,550,-9.515439e-01,0.012715,SCP
2025-11-15T01:18:40,1763169519.846842,   816441087.37,4665.379555,63116,24808,osion,2.016885e+02,2.350694e+01,-1.413304e+02,3.760631e+00,1.696701e+02,32,1518.584704,2.761063,550,-1.946764e+00,0.025661,SCP
2025-11-15T01:18:43,1763169522.846835,   816441090.37,4668.379555,63116,24808,osion,2.019911e+02,2.351028e+01,-1.412919e+02,3.572193e+00,1.698368e+02,32,851.869745,1.548854,550,-2.274412e+00,0.034262,SCP
2025-11-15T01:18:47,1763169526.846826,   816441094.37,4672.379555,63116,24808,osion,2.024125e+02,2.351472e+01,-1.412405e+02,3.320987e+00,1.700575e+02,32,3592.676578,6.532139,550,-2.698886e+00,0.016684,SCP
2025-11-15T01:18:51,1763169530.846819,   816441098.37,4676.379555,63116,24808,osion,2.028541e+02,2.351944e+01,-1.411892e+02,3.069835e+00,1.702794e+02,32,4777.831746,8.686967,550,-3.664864e+00,0.014467,SCP
2025-11-15T01:18:55,1763169534.846810,   816441102.37,4680.379555,63116,24808,osion,2.033161e+02,2.352389e+01,-1.411380e+02,2.818742e+00,1.704961e+02,32,22111.341523,40.202438,550,-5.028880e+00,0.006725,SCP
2025-11-15T01:18:58,1763169537.846804,   816441105.37,4683.379555,63116,24808,osion,2.036759e+02,2.352722e+01,-1.410996e+02,2.630462e+00,1.706572e+02,32,24259.373711,44.107952,550,-5.854538e+00,0.006420,SCP
2025-11-15T01:19:02,1763169541.846796,   816441109.37,4687.379555,63116,24808,osion,2.041734e+02,2.353167e+01,-1.410484e+02,2.379478e+00,1.708700e+02,32,518.564711,0.942845,550,-5.911107e+00,0.043914,SCP
2025-11-15T01:19:06,1763169545.846787,   816441113.37,4691.379555,63116,24808,osion,2.046912e+02,2.353611e+01,-1.409973e+02,2.128560e+00,1.710803e+02,32,296.311945,0.538749,550,-5.884720e+00,0.058093,SCP
2025-11-15T01:19:09,1763169548.846781,   816441116.37,4694.379555,63116,24808,osion,2.050928e+02,2.353944e+01,-1.409590e+02,1.940419e+00,1.712363e+02,32,111.195882,0.202174,550,-5.859714e+00,0.094832,SCP
2025-11-15T01:19:13,1763169552.846772,   816441120.37,4698.379555,63116,24808,osion,2.056460e+02,2.354389e+01,-1.409080e+02,1.689627e+00,1.714418e+02,32,148.205345,0.269464,550,-5.353507e+00,0.082143,SCP
2025-11-15T01:19:17,1763169556.846765,   816441124.37,4702.379555,63116,24808,osion,2.062194e+02,2.354861e+01,-1.408570e+02,1.438912e+00,1.716476e+02,32,3074.109593,5.589290,550,-5.316341e+00,0.018036,SCP
2025-11-15T01:19:21,1763169560.846756,   816441128.37,4706.379555,63116,24808,osion,2.068130e+02,2.355306e+01,-1.408060e+02,1.188275e+00,1.718469e+02,32,1111.180885,2.020329,550,-4.692466e+00,0.029999,SCP
2025-11-15T01:19:24,1763169563.846749,   816441131.37,4709.379555,63116,24808,osion,2.072715e+02,2.355639e+01,-1.407678e+02,1.000352e+00,1.719941e+02,32,3111.157901,5.656651,550,-2.482061e+00,0.017928,SCP
2025-11-15T01:19:28,1763169567.846742,   816441135.37,4713.379555,63116,24808,osion,2.079004e+02,2.356083e+01,-1.407169e+02,7.498625e-01,1.721872e+02,32,1851.906255,3.367102,550,-1.573156e+00,0.023238,SCP
2025-11-15T01:19:32,1763169571.846733,   816441139.37,4717.379555,63116,24808,osion,2.085495e+02,2.356528e+01,-1.406660e+02,4.994621e-01,1.723763e+02,32,1926.018505,3.501852,550,-2.085089e+00,0.022786,SCP
2025-11-15T01:19:35,1763169574.846727,   816441142.37,4720.379555,63116,24808,osion,2.090495e+02,2.356861e+01,-1.406279e+02,3.117211e-01,1.725153e+02,32,3037.061284,5.521930,550,-2.310743e+00,0.018146,SCP
2025-11-15T01:19:39,1763169578.846718,   816441146.37,4724.379555,63116,24808,osion,2.097338e+02,2.357306e+01,-1.405770e+02,6.148338e-02,1.726968e+02,32,13667.328522,24.849688,550,-1.982481e+00,0.008554,SCP
2025-11-15T01:19:43,1763169582.846710,   816441150.37,4728.379555,63116,24808,osion,2.104382e+02,2.357750e+01,-1.405262e+02,-1.886578e-01,1.728735e+02,32,53815.485392,97.846336,550,-1.521440e+00,0.004311,SCP
2025-11-15T01:19:46,1763169585.846704,   816441153.37,4731.379555,63116,24808,osion,2.109797e+02,2.358083e+01,-1.404881e+02,-3.761969e-01,1.730026e+02,32,41407.593770,75.286537,550,-1.383171e+00,0.004914,SCP
2025-11-15T01:19:50,1763169589.846696,   816441157.37,4735.379555,63116,24808,osion,2.117192e+02,2.358528e+01,-1.404374e+02,-6.261598e-01,1.731700e+02,32,6148.235654,11.178610,550,-1.133260e+00,0.012753,SCP
2025-11-15T01:19:54,1763169593.846688,   816441161.37,4739.379555,63116,24808,osion,2.124788e+02,2.358972e+01,-1.403866e+02,-8.760154e-01,1.733315e+02,32,3851.901347,7.003457,550,-1.308192e+00,0.016112,SCP
2025-11-15T01:19:57,1763169596.846681,   816441164.37,4742.379555,63116,24808,osion,2.130615e+02,2.359333e+01,-1.403486e+02,-1.063336e+00,1.734524e+02,32,2926.015296,5.320028,550,-1.308197e+00,0.018487,SCP
2025-11-15T01:20:01,1763169600.846672,   816441168.37,4746.379555,63116,24808,osion,2.138561e+02,2.359778e+01,-1.402979e+02,-1.312998e+00,1.736027e+02,32,3407.440672,6.195347,550,-1.308197e+00,0.017131,SCP
2025-11-15T01:20:05,1763169604.846665,   816441172.37,4750.379555,63116,24808,osion,2.146706e+02,2.360222e+01,-1.402472e+02,-1.562545e+00,1.737459e+02,32,2926.015296,5.320028,550,-1.882649e+00,0.018487,SCP
2025-11-15T01:20:09,1763169608.846656,   816441176.37,4754.379555,63116,24808,osion,2.155050e+02,2.360667e+01,-1.401965e+02,-1.811974e+00,1.738815e+02,32,4444.530458,8.080964,550,-1.910870e+00,0.015000,SCP
2025-11-15T01:20:13,1763169612.846647,   816441180.37,4758.379555,63116,24808,osion,2.163594e+02,2.361111e+01,-1.401458e+02,-2.061281e+00,1.740090e+02,32,5555.679557,10.101235,550,-1.588004e+00,0.013416,SCP
2025-11-15T01:20:16,1763169615.846642,   816441183.37,4761.379555,63116,24808,osion,2.170132e+02,2.361444e+01,-1.401079e+02,-2.248179e+00,1.740990e+02,32,4851.920610,8.821673,550,-1.680406e+00,0.014356,SCP
2025-11-15T01:20:20,1763169619.846633,   816441187.37,4765.379555,63116,24808,osion,2.179023e+02,2.361889e+01,-1.400572e+02,-2.497267e+00,1.742112e+02,32,3074.109593,5.589290,550,-1.874971e+00,0.018036,SCP
2025-11-15T01:20:24,1763169623.846625,   816441191.37,4769.379555,63116,24808,osion,2.188112e+02,2.362333e+01,-1.400066e+02,-2.746223e+00,1.743139e+02,32,3407.440672,6.195347,550,-1.930947e+00,0.017131,SCP
2025-11-15T01:20:28,1763169627.846617,   816441195.37,4773.379555,63116,24808,osion,2.197400e+02,2.362778e+01,-1.399559e+02,-2.995047e+00,1.744065e+02,32,3111.157901,5.656651,550,-1.916041e+00,0.017928,SCP
2025-11-15T01:20:31,1763169630.846610,   816441198.37,4776.379555,63116,24808,osion,2.204495e+02,2.363111e+01,-1.399180e+02,-3.181575e+00,1.744692e+02,32,3222.302826,5.858732,550,-1.699471e+00,0.017616,SCP
2025-11-15T01:20:35,1763169634.846602,   816441202.37,4780.379555,63116,24808,osion,2.214129e+02,2.363556e+01,-1.398673e+02,-3.430158e+00,1.745431e+02,32,3037.061284,5.521930,550,-1.451144e+00,0.018146,SCP
2025-11-15T01:20:39,1763169638.846593,   816441206.37,4784.379555,63116,24808,osion,2.223959e+02,2.364000e+01,-1.398167e+02,-3.678598e+00,1.746059e+02,32,3111.157901,5.656651,550,-1.459322e+00,0.017928,SCP
2025-11-15T01:20:42,1763169641.846588,   816441209.37,4787.379555,63116,24808,osion,2.231462e+02,2.364333e+01,-1.397787e+02,-3.864834e+00,1.746453e+02,32,3111.157901,5.656651,550,-1.457482e+00,0.017928,SCP
2025-11-15T01:20:46,1763169645.846579,   816441213.37,4791.379555,63116,24808,osion,2.241637e+02,2.364778e+01,-1.397281e+02,-4.113018e+00,1.746874e+02,32,2629.717608,4.781305,550,-1.538778e+00,0.019500,SCP
2025-11-15T01:20:50,1763169649.846570,   816441217.37,4795.379555,63116,24808,osion,2.252008e+02,2.365222e+01,-1.396775e+02,-4.361053e+00,1.747174e+02,32,1074.111522,1.952930,550,-1.935106e+00,0.030512,SCP
2025-11-15T01:20:53,1763169652.846565,   816441220.37,4798.379555,63116,24808,osion,2.259915e+02,2.365556e+01,-1.396395e+02,-4.546978e+00,1.747318e+02,32,555.567956,1.010124,550,-1.915696e+00,0.042426,SCP
2025-11-15T01:20:57,1763169656.846556,   816441224.37,4802.379555,63116,24808,osion,2.270629e+02,2.366000e+01,-1.395888e+02,-4.794743e+00,1.747400e+02,32,629.660278,1.144837,550,-2.115299e+00,0.039852,SCP
2025-11-15T01:21:01,1763169660.846548,   816441228.37,4806.379555,63116,24808,osion,2.281539e+02,2.366444e+01,-1.395382e+02,-5.042348e+00,1.747359e+02,32,851.869745,1.548854,550,-1.894681e+00,0.034262,SCP
2025-11-15T01:21:05,1763169664.846539,   816441232.37,4810.379555,63116,24808,osion,2.292644e+02,2.366889e+01,-1.394875e+02,-5.289792e+00,1.747193e+02,32,666.752059,1.212276,550,-1.886529e+00,0.038727,SCP
2025-11-15T01:21:08,1763169667.846533,   816441235.37,4813.379555,63116,24808,osion,2.301100e+02,2.367222e+01,-1.394495e+02,-5.475266e+00,1.746988e+02,32,1037.042159,1.885531,550,-1.478246e+00,0.031053,SCP
2025-11-15T01:21:12,1763169671.846525,   816441239.37,4817.379555,63116,24808,osion,2.312545e+02,2.367667e+01,-1.393988e+02,-5.722421e+00,1.746608e+02,32,1370.439174,2.491708,550,-1.226841e+00,0.027013,SCP
2025-11-15T01:21:16,1763169675.846517,   816441243.37,4821.379555,63116,24808,osion,2.324184e+02,2.368139e+01,-1.393481e+02,-5.969404e+00,1.746147e+02,32,2814.866614,5.117939,550,-1.192964e+00,0.018848,SCP
2025-11-15T01:21:19,1763169678.846511,   816441246.37,4824.379555,63116,24808,osion,2.333041e+02,2.368472e+01,-1.393101e+02,-6.154529e+00,1.745697e+02,32,2851.916175,5.185302,550,-1.449881e+00,0.018725,SCP
2025-11-15T01:21:23,1763169682.846502,   816441250.37,4828.379555,63116,24808,osion,2.345019e+02,2.368917e+01,-1.392593e+02,-6.401207e+00,1.745000e+02,32,1851.906255,3.367102,550,-2.034041e+00,0.023238,SCP
2025-11-15T01:21:27,1763169686.846493,   816441254.37,4832.379555,63116,24808,osion,2.357190e+02,2.369361e+01,-1.392086e+02,-6.647709e+00,1.744195e+02,32,1629.662823,2.963023,550,-2.358194e+00,0.024771,SCP
2025-11-15T01:21:30,1763169689.846487,   816441257.37,4835.379555,63116,24808,osion,2.366445e+02,2.369694e+01,-1.391705e+02,-6.832465e+00,1.743524e+02,32,1555.645307,2.828446,550,-2.334296e+00,0.025354,SCP
2025-11-15T01:21:34,1763169693.846479,   816441261.37,4839.379555,63116,24808,osion,2.378953e+02,2.370139e+01,-1.391197e+02,-7.078648e+00,1.742543e+02,32,1259.348428,2.289724,550,-2.334771e+00,0.028179,SCP
2025-11-15T01:21:38,1763169697.846471,   816441265.37,4843.379555,63116,24808,osion,2.391653e+02,2.370583e+01,-1.390689e+02,-7.324645e+00,1.741468e+02,32,962.996819,1.750903,550,-2.615967e+00,0.032225,SCP
2025-11-15T01:21:41,1763169700.846465,   816441268.37,4846.379555,63116,24808,osion,2.401304e+02,2.370917e+01,-1.390308e+02,-7.509018e+00,1.740603e+02,32,926.023636,1.683679,550,-2.798786e+00,0.032862,SCP
2025-11-15T01:21:45,1763169704.846456,   816441272.37,4850.379555,63116,24808,osion,2.414339e+02,2.371361e+01,-1.389799e+02,-7.754682e+00,1.739377e+02,32,926.023636,1.683679,550,-3.337132e+00,0.032862,SCP
2025-11-15T01:21:49,1763169708.846448,   816441276.37,4854.379555,63116,24808,osion,2.427564e+02,2.371806e+01,-1.389290e+02,-8.000153e+00,1.738072e+02,32,407.425231,0.740773,550,-6.236963e+00,0.049542,SCP
2025-11-15T01:21:58,1763169717.846429,   816441285.37,4863.379555,63116,24808,osion,2.458018e+02,2.372806e+01,-1.388144e+02,-8.551736e+00,1.734871e+02,32,444.445580,0.808083,550,-6.903491e+00,0.047434,SCP
2025-11-15T01:22:01,1763169720.846423,   816441288.37,4866.379555,63116,24808,osion,2.468383e+02,2.373167e+01,-1.387761e+02,-8.735370e+00,1.733756e+02,32,148.205345,0.269464,550,-4.269205e+00,0.082143,SCP
2025-11-15T01:22:04,1763169723.846418,   816441291.37,4869.379555,63116,24808,osion,2.478854e+02,2.373500e+01,-1.387379e+02,-8.918890e+00,1.732581e+02,32,37.039747,0.067345,550,-3.622737e+00,0.164311,SCP
2025-11-15T01:22:07,1763169726.846400,   816441294.37,4872.379555,63116,24808,osion,2.489431e+02,2.373833e+01,-1.386996e+02,-9.102292e+00,1.731374e+02,32,37.039747,0.067345,550,-2.896538e+00,0.164311,SCP
2025-11-15T01:22:10,1763169729.846475,   816441297.37,4875.379555,63116,24808,osion,2.500115e+02,2.374167e+01,-1.386613e+02,-9.285577e+00,1.730138e+02,32,37.039747,0.067345,550,-2.307602e+00,0.164311,SCP
2025-11-15T01:22:13,1763169732.847354,   816441300.37,4878.379555,63116,24808,osion,2.510904e+02,2.374500e+01,-1.386229e+02,-9.468742e+00,1.728873e+02,32,296.311945,0.538749,550,-2.426761e+00,0.058093,SCP
2025-11-15T01:22:16,1763169735.846409,   816441303.37,4881.379555,63116,24808,osion,2.521799e+02,2.374833e+01,-1.385846e+02,-9.651788e+00,1.727581e+02,32,259.348386,0.471543,550,-2.690771e+00,0.062095,SCP
2025-11-15T01:22:19,1763169738.847484,   816441306.37,4884.379555,63116,24808,osion,2.532799e+02,2.375167e+01,-1.385462e+02,-9.834713e+00,1.726264e+02,32,37.039747,0.067345,550,-2.844851e+00,0.164311,SCP
2025-11-15T01:22:21,1763169740.847424,   816441308.37,4886.379555,63116,24808,osion,2.540191e+02,2.375389e+01,-1.385206e+02,-9.956594e+00,1.725373e+02,32,407.425231,0.740773,550,-2.896432e+00,0.049542,SCP
2025-11-15T01:22:24,1763169743.847366,   816441311.37,4889.379555,63116,24808,osion,2.551367e+02,2.375750e+01,-1.384822e+02,-1.013931e+01,1.724037e+02,32,222.264248,0.404117,550,-3.254623e+00,0.067076,SCP
2025-11-15T01:22:27,1763169746.847370,   816441314.37,4892.379555,63116,24808,osion,2.562648e+02,2.376083e+01,-1.384437e+02,-1.032191e+01,1.722658e+02,32,481.557712,0.875559,550,-3.164136e+00,0.045570,SCP
2025-11-15T01:22:30,1763169749.847362,   816441317.37,4895.379555,63116,24808,osion,2.574033e+02,2.376417e+01,-1.384052e+02,-1.050438e+01,1.721260e+02,32,10186.062510,18.520113,550,-2.747811e+00,0.009908,SCP
2025-11-15T01:22:33,1763169752.847356,   816441320.37,4898.379555,63116,24808,osion,2.585523e+02,2.376750e+01,-1.383667e+02,-1.068672e+01,1.719842e+02,32,1814.850130,3.299727,550,-2.263033e+00,0.023474,SCP
2025-11-15T01:22:36,1763169755.847350,   816441323.37,4901.379555,63116,24808,osion,2.597118e+02,2.377083e+01,-1.383282e+02,-1.086894e+01,1.718406e+02,32,1111.180885,2.020329,550,-2.151265e+00,0.029999,SCP
2025-11-15T01:22:39,1763169758.847344,   816441326.37,4904.379555,63116,24808,osion,2.608816e+02,2.377417e+01,-1.382896e+02,-1.105103e+01,1.716953e+02,32,1111.180885,2.020329,550,-1.989229e+00,0.029999,SCP
2025-11-15T01:22:42,1763169761.847338,   816441329.37,4907.379555,63116,24808,osion,2.620619e+02,2.377778e+01,-1.382510e+02,-1.123298e+01,1.715500e+02,32,1185.216168,2.154938,550,-1.665077e+00,0.029047,SCP
2025-11-15T01:22:45,1763169764.847332,   816441332.37,4910.379555,63116,24808,osion,2.632525e+02,2.378111e+01,-1.382124e+02,-1.141481e+01,1.714015e+02,32,814.890353,1.481619,550,-1.038133e+00,0.035031,SCP
2025-11-15T01:22:48,1763169767.847326,   816441335.37,4913.379555,63116,24808,osion,2.644535e+02,2.378444e+01,-1.381738e+02,-1.159651e+01,1.712516e+02,32,148.205345,0.269464,550,-1.777035e+00,0.082143,SCP
2025-11-15T01:22:51,1763169770.847319,   816441338.37,4916.379555,63116,24808,osion,2.656648e+02,2.378778e+01,-1.381351e+02,-1.177807e+01,1.711003e+02,32,222.264248,0.404117,550,-2.219779e+00,0.067076,SCP
2025-11-15T01:22:56,1763169775.847309,   816441343.37,4921.379555,63116,24808,osion,2.677066e+02,2.379333e+01,-1.380705e+02,-1.208037e+01,1.708454e+02,32,111.195882,0.202174,550,-1.428992e+00,0.094832,SCP
2025-11-15T01:22:59,1763169778.847302,   816441346.37,4924.379555,63116,24808,osion,2.689453e+02,2.379694e+01,-1.380317e+02,-1.226157e+01,1.706923e+02,32,333.360428,0.606110,550,-1.644309e+00,0.054770,SCP
2025-11-15T01:23:02,1763169781.847296,   816441349.37,4927.379555,63116,24808,osion,2.701943e+02,2.380028e+01,-1.379929e+02,-1.244263e+01,1.705366e+02,32,222.264248,0.404117,550,-2.139010e+00,0.067076,SCP
2025-11-15T01:23:05,1763169784.847290,   816441352.37,4930.379555,63116,24808,osion,2.714536e+02,2.380361e+01,-1.379541e+02,-1.262356e+01,1.703800e+02,32,481.557712,0.875559,550,-1.324116e+00,0.045570,SCP
2025-11-15T01:23:08,1763169787.847283,   816441355.37,4933.379555,63116,24808,osion,2.727231e+02,2.380694e+01,-1.379152e+02,-1.280435e+01,1.702223e+02,32,74.082613,0.134696,550,-1.232381e+00,0.116183,SCP
2025-11-15T01:23:11,1763169790.847277,   816441358.37,4936.379555,63116,24808,osion,2.740028e+02,2.381056e+01,-1.378763e+02,-1.298499e+01,1.700650e+02,32,481.557712,0.875559,550,-1.294245e+00,0.045570,SCP
2025-11-15T01:23:14,1763169793.847271,   816441361.37,4939.379555,63116,24808,osion,2.752926e+02,2.381389e+01,-1.378373e+02,-1.316550e+01,1.699055e+02,32,444.445580,0.808083,550,-1.578582e+00,0.047434,SCP
2025-11-15T01:23:17,1763169796.847265,   816441364.37,4942.379555,63116,24808,osion,2.765926e+02,2.381722e+01,-1.377983e+02,-1.334586e+01,1.697453e+02,32,629.660278,1.144837,550,-2.264194e+00,0.039852,SCP
2025-11-15T01:23:20,1763169799.847259,   816441367.37,4945.379555,63116,24808,osion,2.779027e+02,2.382083e+01,-1.377593e+02,-1.352608e+01,1.695853e+02,32,926.023636,1.683679,550,-2.360121e+00,0.032862,SCP
2025-11-15T01:23:23,1763169802.847253,   816441370.37,4948.379555,63116,24808,osion,2.792229e+02,2.382417e+01,-1.377202e+02,-1.370615e+01,1.694235e+02,32,814.890353,1.481619,550,-2.355827e+00,0.035031,SCP
2025-11-15T01:23:26,1763169805.847246,   816441373.37,4951.379555,63116,24808,osion,2.805532e+02,2.382750e+01,-1.376811e+02,-1.388608e+01,1.692611e+02,32,481.557712,0.875559,550,-2.332172e+00,0.045570,SCP
2025-11-15T01:23:29,1763169808.847239,   816441376.37,4954.379555,63116,24808,osion,2.818936e+02,2.383083e+01,-1.376419e+02,-1.406586e+01,1.690980e+02,32,407.425231,0.740773,550,-2.365667e+00,0.049542,SCP
2025-11-15T01:23:31,1763169810.847235,   816441378.37,4956.379555,63116,24808,osion,2.827928e+02,2.383333e+01,-1.376158e+02,-1.418564e+01,1.689898e+02,32,148.205345,0.269464,550,-2.370889e+00,0.082143,SCP
2025-11-15T01:23:34,1763169813.847229,   816441381.37,4959.379555,63116,24808,osion,2.841498e+02,2.383667e+01,-1.375765e+02,-1.436517e+01,1.688257e+02,32,407.425231,0.740773,550,-2.373309e+00,0.049542,SCP
2025-11-15T01:23:37,1763169816.847223,   816441384.37,4962.379555,63116,24808,osion,2.855169e+02,2.384000e+01,-1.375373e+02,-1.454456e+01,1.686610e+02,32,259.348386,0.471543,550,-2.367926e+00,0.062095,SCP
2025-11-15T01:23:40,1763169819.847217,   816441387.37,4965.379555,63116,24808,osion,2.868940e+02,2.384361e+01,-1.374979e+02,-1.472379e+01,1.684967e+02,32,555.567956,1.010124,550,-2.372684e+00,0.042426,SCP
2025-11-15T01:23:43,1763169822.847210,   816441390.37,4968.379555,63116,24808,osion,2.882810e+02,2.384694e+01,-1.374586e+02,-1.490288e+01,1.683310e+02,32,259.348386,0.471543,550,-2.375221e+00,0.062095,SCP
2025-11-15T01:23:46,1763169825.847204,   816441393.37,4971.379555,63116,24808,osion,2.896779e+02,2.385028e+01,-1.374192e+02,-1.508181e+01,1.681648e+02,32,407.425231,0.740773,550,-2.441041e+00,0.049542,SCP
2025-11-15T01:23:49,1763169828.847198,   816441396.37,4974.379555,63116,24808,osion,2.910848e+02,2.385389e+01,-1.373797e+02,-1.526059e+01,1.679990e+02,32,851.869745,1.548854,550,-2.678295e+00,0.034262,SCP
2025-11-15T01:23:52,1763169831.847192,   816441399.37,4977.379555,63116,24808,osion,2.925015e+02,2.385722e+01,-1.373402e+02,-1.543922e+01,1.678319e+02,32,481.557712,0.875559,550,-2.730113e+00,0.045570,SCP
2025-11-15T01:23:55,1763169834.847186,   816441402.37,4980.379555,63116,24808,osion,2.939281e+02,2.386083e+01,-1.373006e+02,-1.561769e+01,1.676652e+02,32,1037.042159,1.885531,550,-2.552854e+00,0.031053,SCP
2025-11-15T01:23:58,1763169837.847179,   816441405.37,4983.379555,63116,24808,osion,2.953646e+02,2.386417e+01,-1.372610e+02,-1.579600e+01,1.674975e+02,32,481.557712,0.875559,550,-2.325951e+00,0.045570,SCP
2025-11-15T01:24:01,1763169840.847173,   816441408.37,4986.379555,63116,24808,osion,2.968108e+02,2.386778e+01,-1.372214e+02,-1.597416e+01,1.673300e+02,32,1148.150038,2.087546,550,-2.336835e+00,0.029512,SCP
2025-11-15T01:24:04,1763169843.847167,   816441411.37,4989.379555,63116,24808,osion,2.982668e+02,2.387111e+01,-1.371817e+02,-1.615216e+01,1.671615e+02,32,703.739826,1.279527,550,-2.833298e+00,0.037696,SCP
2025-11-15T01:24:06,1763169845.847163,   816441413.37,4991.379555,63116,24808,osion,2.992430e+02,2.387333e+01,-1.371552e+02,-1.627074e+01,1.670491e+02,32,888.946690,1.616267,550,-3.041079e+00,0.033540,SCP
2025-11-15T01:24:09,1763169848.847157,   816441416.37,4994.379555,63116,24808,osion,3.007153e+02,2.387694e+01,-1.371154e+02,-1.644847e+01,1.668807e+02,32,1259.348428,2.289724,550,-3.047504e+00,0.028179,SCP
2025-11-15T01:24:12,1763169851.847151,   816441419.37,4997.379555,63116,24808,osion,3.021973e+02,2.388028e+01,-1.370755e+02,-1.662605e+01,1.667115e+02,32,1333.375953,2.424320,550,-3.304078e+00,0.027386,SCP
2025-11-15T01:24:15,1763169854.847145,   816441422.37,5000.379555,63116,24808,osion,3.036890e+02,2.388389e+01,-1.370356e+02,-1.680346e+01,1.665426e+02,32,926.023636,1.683679,550,-3.628658e+00,0.032862,SCP
2025-11-15T01:24:18,1763169857.847137,   816441425.37,5003.379555,63116,24808,osion,3.051904e+02,2.388722e+01,-1.369957e+02,-1.698071e+01,1.663729e+02,32,407.425231,0.740773,550,-3.973350e+00,0.049542,SCP
2025-11-15T01:24:21,1763169860.847131,   816441428.37,5006.379555,63116,24808,osion,3.067015e+02,2.389083e+01,-1.369557e+02,-1.715780e+01,1.662035e+02,32,222.264248,0.404117,550,-4.281960e+00,0.067076,SCP
2025-11-15T01:24:24,1763169863.847125,   816441431.37,5009.379555,63116,24808,osion,3.082221e+02,2.389417e+01,-1.369156e+02,-1.733472e+01,1.660333e+02,32,777.808973,1.414198,550,-4.278812e+00,0.035856,SCP
2025-11-15T01:24:27,1763169866.847119,   816441434.37,5012.379555,63116,24808,osion,3.097524e+02,2.389778e+01,-1.368755e+02,-1.751148e+01,1.658635e+02,32,296.311945,0.538749,550,-4.098788e+00,0.058093,SCP
2025-11-15T01:24:30,1763169869.847113,   816441437.37,5015.379555,63116,24808,osion,3.112923e+02,2.390111e+01,-1.368353e+02,-1.768807e+01,1.656930e+02,32,370.397465,0.673450,550,-3.970635e+00,0.051960,SCP
2025-11-15T01:24:33,1763169872.847106,   816441440.37,5018.379555,63116,24808,osion,3.128417e+02,2.390472e+01,-1.367951e+02,-1.786449e+01,1.655227e+02,32,1777.794004,3.232353,550,-4.245834e+00,0.023717,SCP
2025-11-15T01:24:36,1763169875.847100,   816441443.37,5021.379555,63116,24808,osion,3.144006e+02,2.390833e+01,-1.367548e+02,-1.804075e+01,1.653523e+02,32,1888.962380,3.434477,550,-4.026024e+00,0.023009,SCP
2025-11-15T01:24:39,1763169878.847094,   816441446.37,5024.379555,63116,24808,osion,3.159691e+02,2.391167e+01,-1.367144e+02,-1.821684e+01,1.651814e+02,32,1814.850130,3.299727,550,-3.727048e+00,0.023474,SCP
2025-11-15T01:24:41,1763169880.847090,   816441448.37,5026.379555,63116,24808,osion,3.170200e+02,2.391417e+01,-1.366875e+02,-1.833413e+01,1.650677e+02,32,1629.662823,2.963023,550,-3.506863e+00,0.024771,SCP
2025-11-15T01:24:44,1763169883.847084,   816441451.37,5029.379555,63116,24808,osion,3.186042e+02,2.391750e+01,-1.366470e+02,-1.850994e+01,1.648965e+02,32,1074.111522,1.952930,550,-3.167851e+00,0.030512,SCP
2025-11-15T01:24:47,1763169886.847078,   816441454.37,5032.379555,63116,24808,osion,3.201979e+02,2.392111e+01,-1.366065e+02,-1.868557e+01,1.647256e+02,32,1111.180885,2.020329,550,-2.735183e+00,0.029999,SCP
2025-11-15T01:24:50,1763169889.847071,   816441457.37,5035.379555,63116,24808,osion,3.218009e+02,2.392472e+01,-1.365659e+02,-1.886104e+01,1.645545e+02,32,629.660278,1.144837,550,-2.372467e+00,0.039852,SCP
2025-11-15T01:24:53,1763169892.847064,   816441460.37,5038.379555,63116,24808,osion,3.234134e+02,2.392806e+01,-1.365252e+02,-1.903633e+01,1.643831e+02,32,814.890353,1.481619,550,-2.351390e+00,0.035031,SCP
2025-11-15T01:24:56,1763169895.847058,   816441463.37,5041.379555,63116,24808,osion,3.250352e+02,2.393167e+01,-1.364845e+02,-1.921144e+01,1.642118e+02,32,666.752059,1.212276,550,-2.808762e+00,0.038727,SCP
2025-11-15T01:24:59,1763169898.847052,   816441466.37,5044.379555,63116,24808,osion,3.266664e+02,2.393528e+01,-1.364437e+02,-1.938638e+01,1.640405e+02,32,555.567956,1.010124,550,-3.430321e+00,0.042426,SCP
2025-11-15T01:25:02,1763169901.847046,   816441469.37,5047.379555,63116,24808,osion,3.283068e+02,2.393861e+01,-1.364029e+02,-1.956115e+01,1.638688e+02,32,703.739826,1.279527,550,-4.041239e+00,0.037696,SCP
2025-11-15T01:25:05,1763169904.847040,   816441472.37,5050.379555,63116,24808,osion,3.299566e+02,2.394222e+01,-1.363620e+02,-1.973574e+01,1.636973e+02,32,1148.150038,2.087546,550,-4.396224e+00,0.029512,SCP
2025-11-15T01:25:08,1763169907.847034,   816441475.37,5053.379555,63116,24808,osion,3.316156e+02,2.394583e+01,-1.363210e+02,-1.991015e+01,1.635258e+02,32,555.567956,1.010124,550,-4.405128e+00,0.042426,SCP
2025-11-15T01:25:11,1763169910.847027,   816441478.37,5056.379555,63116,24808,osion,3.332838e+02,2.394944e+01,-1.362799e+02,-2.008439e+01,1.633542e+02,32,1074.111522,1.952930,550,-5.605182e+00,0.030512,SCP
2025-11-15T01:25:14,1763169913.847021,   816441481.37,5059.379555,63116,24808,osion,3.349612e+02,2.395278e+01,-1.362388e+02,-2.025845e+01,1.631824e+02,32,1037.042159,1.885531,550,-7.052179e+00,0.031053,SCP
2025-11-15T01:25:17,1763169916.847015,   816441484.37,5062.379555,63116,24808,osion,3.366478e+02,2.395639e+01,-1.361976e+02,-2.043232e+01,1.630107e+02,32,926.023636,1.683679,550,-7.098259e+00,0.032862,SCP
2025-11-15T01:25:19,1763169918.847011,   816441486.37,5064.379555,63116,24808,osion,3.377773e+02,2.395889e+01,-1.361701e+02,-2.054814e+01,1.628963e+02,32,1259.348428,2.289724,550,-7.104852e+00,0.028179,SCP
2025-11-15T01:25:22,1763169921.847005,   816441489.37,5067.379555,63116,24808,osion,3.394792e+02,2.396250e+01,-1.361288e+02,-2.072172e+01,1.627246e+02,32,814.890353,1.481619,550,-6.789792e+00,0.035031,SCP
2025-11-15T01:25:26,1763169925.846996,   816441493.37,5071.379555,63116,24808,osion,3.417624e+02,2.396722e+01,-1.360736e+02,-2.095287e+01,1.624956e+02,32,1296.312732,2.356932,550,-5.437854e+00,0.027774,SCP
2025-11-15T01:25:32,1763169931.846983,   816441499.37,5077.379555,63116,24808,osion,3.452176e+02,2.397417e+01,-1.359906e+02,-2.129900e+01,1.621520e+02,32,888.946690,1.616267,550,-4.590071e+00,0.033540,SCP
2025-11-15T01:25:35,1763169934.846977,   816441502.37,5080.379555,63116,24808,osion,3.469587e+02,2.397778e+01,-1.359490e+02,-2.147178e+01,1.619803e+02,32,926.023636,1.683679,550,-4.006317e+00,0.032862,SCP
2025-11-15T01:25:38,1763169937.846971,   816441505.37,5083.379555,63116,24808,osion,3.487088e+02,2.398139e+01,-1.359072e+02,-2.164438e+01,1.618085e+02,32,851.869745,1.548854,550,-3.414152e+00,0.034262,SCP
2025-11-15T01:25:40,1763169939.846967,   816441507.37,5085.379555,63116,24808,osion,3.498805e+02,2.398389e+01,-1.358794e+02,-2.175935e+01,1.616941e+02,32,1111.180885,2.020329,550,-3.216913e+00,0.029999,SCP
2025-11-15T01:25:43,1763169942.846961,   816441510.37,5088.379555,63116,24808,osion,3.516455e+02,2.398750e+01,-1.358376e+02,-2.193164e+01,1.615224e+02,32,1037.042159,1.885531,550,-2.906356e+00,0.031053,SCP
2025-11-15T01:25:46,1763169945.846955,   816441513.37,5091.379555,63116,24808,osion,3.534195e+02,2.399111e+01,-1.357956e+02,-2.210374e+01,1.613507e+02,32,1370.439174,2.491708,550,-2.759116e+00,0.027013,SCP
2025-11-15T01:25:49,1763169948.846948,   816441516.37,5094.379555,63116,24808,osion,3.552023e+02,2.399472e+01,-1.357536e+02,-2.227566e+01,1.611791e+02,32,888.946690,1.616267,550,-3.066353e+00,0.033540,SCP
2025-11-15T01:25:52,1763169951.846942,   816441519.37,5097.379555,63116,24808,osion,3.569940e+02,2.399833e+01,-1.357116e+02,-2.244739e+01,1.610075e+02,32,1629.662823,2.963023,550,-2.616826e+00,0.024771,SCP
2025-11-15T01:25:55,1763169954.846936,   816441522.37,5100.379555,63116,24808,osion,3.587946e+02,1.944444e-03,-1.356694e+02,-2.261893e+01,1.608359e+02,32,2185.197403,3.973086,550,-2.428171e+00,0.021392,SCP
2025-11-15T01:25:58,1763169957.846930,   816441525.37,5103.379555,63116,24808,osion,3.606039e+02,5.555556e-03,-1.356272e+02,-2.279028e+01,1.606644e+02,32,2259.302400,4.107822,550,-2.375998e+00,0.021038,SCP
2025-11-15T01:26:01,1763169960.846924,   816441528.37,5106.379555,63116,24808,osion,3.624221e+02,9.166667e-03,-1.355848e+02,-2.296144e+01,1.604930e+02,32,1592.604578,2.895645,550,-2.163234e+00,0.025058,SCP
2025-11-15T01:26:04,1763169963.846918,   816441531.37,5109.379555,63116,24808,osion,3.642490e+02,1.277778e-02,-1.355424e+02,-2.313241e+01,1.603216e+02,32,3037.061284,5.521930,550,-1.959577e+00,0.018146,SCP
2025-11-15T01:26:07,1763169966.846911,   816441534.37,5112.379555,63116,24808,osion,3.660846e+02,1.638889e-02,-1.354999e+02,-2.330318e+01,1.601503e+02,32,2629.717608,4.781305,550,-1.885149e+00,0.019500,SCP
2025-11-15T01:26:10,1763169969.846904,   816441537.37,5115.379555,63116,24808,osion,3.679289e+02,2.000000e-02,-1.354574e+02,-2.347377e+01,1.599790e+02,32,2333.407397,4.242559,550,-1.846071e+00,0.020702,SCP
2025-11-15T01:26:13,1763169972.846898,   816441540.37,5118.379555,63116,24808,osion,3.697819e+02,2.388889e-02,-1.354147e+02,-2.364416e+01,1.598077e+02,32,1888.962380,3.434477,550,-1.682505e+00,0.023009,SCP
2025-11-15T01:26:15,1763169974.846894,   816441542.37,5120.379555,63116,24808,osion,3.710220e+02,2.611111e-02,-1.353862e+02,-2.375764e+01,1.596937e+02,32,2407.411895,4.377112,550,-1.590468e+00,0.020381,SCP
2025-11-15T01:26:18,1763169977.846888,   816441545.37,5123.379555,63116,24808,osion,3.728894e+02,3.000000e-02,-1.353434e+02,-2.392771e+01,1.595225e+02,32,2703.717932,4.915851,550,-1.493699e+00,0.019232,SCP
2025-11-15T01:26:21,1763169980.846882,   816441548.37,5126.379555,63116,24808,osion,3.747654e+02,3.361111e-02,-1.353005e+02,-2.409758e+01,1.593515e+02,32,1888.962380,3.434477,550,-1.499142e+00,0.023009,SCP
2025-11-15T01:26:24,1763169983.846875,   816441551.37,5129.379555,63116,24808,osion,3.766500e+02,3.722222e-02,-1.352575e+02,-2.426726e+01,1.591806e+02,32,1592.604578,2.895645,550,-1.496789e+00,0.025058,SCP
2025-11-15T01:26:27,1763169986.846869,   816441554.37,5132.379555,63116,24808,osion,3.785431e+02,4.083333e-02,-1.352144e+02,-2.443674e+01,1.590098e+02,32,1962.973463,3.569043,550,-1.580097e+00,0.022571,SCP
2025-11-15T01:26:30,1763169989.846863,   816441557.37,5135.379555,63116,24808,osion,3.804447e+02,4.472222e-02,-1.351712e+02,-2.460602e+01,1.588389e+02,32,2000.027680,3.636414,550,-1.683315e+00,0.022361,SCP
2025-11-15T01:26:33,1763169992.846857,   816441560.37,5138.379555,63116,24808,osion,3.823548e+02,4.833333e-02,-1.351280e+02,-2.477511e+01,1.586683e+02,32,2370.459895,4.309927,550,-1.693343e+00,0.020539,SCP
2025-11-15T01:26:36,1763169995.846851,   816441563.37,5141.379555,63116,24808,osion,3.842734e+02,5.194444e-02,-1.350846e+02,-2.494400e+01,1.584977e+02,32,2777.817053,5.050577,550,-1.692275e+00,0.018974,SCP
2025-11-15T01:26:39,1763169998.846843,   816441566.37,5144.379555,63116,24808,osion,3.862004e+02,5.583333e-02,-1.350411e+02,-2.511268e+01,1.583271e+02,32,2037.081896,3.703785,550,-1.771279e+00,0.022156,SCP
2025-11-15T01:26:42,1763170001.846837,   816441569.37,5147.379555,63116,24808,osion,3.881358e+02,5.944444e-02,-1.349976e+02,-2.528117e+01,1.581568e+02,32,1962.973463,3.569043,550,-1.867076e+00,0.022571,SCP
2025-11-15T01:26:45,1763170004.846831,   816441572.37,5150.379555,63116,24808,osion,3.900796e+02,6.305556e-02,-1.349539e+02,-2.544946e+01,1.579865e+02,32,1555.645307,2.828446,550,-1.870607e+00,0.025354,SCP
2025-11-15T01:26:48,1763170007.846825,   816441575.37,5153.379555,63116,24808,osion,3.920317e+02,6.694444e-02,-1.349102e+02,-2.561755e+01,1.578162e+02,32,1407.502395,2.559095,550,-2.084737e+00,0.026655,SCP
2025-11-15T01:26:50,1763170009.846821,   816441577.37,5155.379555,63116,24808,osion,3.933377e+02,6.944444e-02,-1.348810e+02,-2.572949e+01,1.577028e+02,32,1333.375953,2.424320,550,-2.230953e+00,0.027386,SCP
2025-11-15T01:26:53,1763170012.846815,   816441580.37,5158.379555,63116,24808,osion,3.953037e+02,7.305556e-02,-1.348371e+02,-2.589724e+01,1.575329e+02,32,740.826133,1.346957,550,-2.439301e+00,0.036740,SCP
2025-11-15T01:26:56,1763170015.846809,   816441583.37,5161.379555,63116,24808,osion,3.972780e+02,7.694444e-02,-1.347930e+02,-2.606479e+01,1.573628e+02,32,666.752059,1.212276,550,-2.672369e+00,0.038727,SCP
2025-11-15T01:26:59,1763170018.846802,   816441586.37,5164.379555,63116,24808,osion,3.992605e+02,8.055556e-02,-1.347489e+02,-2.623213e+01,1.571931e+02,32,962.996819,1.750903,550,-2.913775e+00,0.032225,SCP
2025-11-15T01:27:02,1763170021.846796,   816441589.37,5167.379555,63116,24808,osion,4.012512e+02,8.444444e-02,-1.347047e+02,-2.639928e+01,1.570233e+02,32,185.254347,0.336826,550,-3.173552e+00,0.073471,SCP
2025-11-15T01:27:05,1763170024.846790,   816441592.37,5170.379555,63116,24808,osion,4.032501e+02,8.805556e-02,-1.346604e+02,-2.656621e+01,1.568539e+02,32,629.660278,1.144837,550,-3.470105e+00,0.039852,SCP
2025-11-15T01:27:08,1763170027.846784,   816441595.37,5173.379555,63116,24808,osion,4.052571e+02,9.194444e-02,-1.346160e+02,-2.673294e+01,1.566843e+02,32,481.557712,0.875559,550,-3.804025e+00,0.045570,SCP
2025-11-15T01:27:11,1763170030.846778,   816441598.37,5176.379555,63116,24808,osion,4.072723e+02,9.555556e-02,-1.345715e+02,-2.689947e+01,1.565151e+02,32,518.564711,0.942845,550,-4.163333e+00,0.043914,SCP
2025-11-15T01:27:14,1763170033.846771,   816441601.37,5179.379555,63116,24808,osion,4.092956e+02,9.944444e-02,-1.345268e+02,-2.706579e+01,1.563458e+02,32,296.311945,0.538749,550,-4.412416e+00,0.058093,SCP
2025-11-15T01:27:17,1763170036.846766,   816441604.37,5182.379555,63116,24808,osion,4.113270e+02,1.033333e-01,-1.344821e+02,-2.723190e+01,1.561767e+02,32,777.808973,1.414198,550,-4.332711e+00,0.035856,SCP
2025-11-15T01:27:20,1763170039.846759,   816441607.37,5185.379555,63116,24808,osion,4.133664e+02,1.069444e-01,-1.344372e+02,-2.739781e+01,1.560079e+02,32,481.557712,0.875559,550,-4.724859e+00,0.045570,SCP
2025-11-15T01:27:23,1763170042.846753,   816441610.37,5188.379555,63116,24808,osion,4.154138e+02,1.108333e-01,-1.343923e+02,-2.756351e+01,1.558390e+02,32,370.397465,0.673450,550,-5.221973e+00,0.051960,SCP
2025-11-15T01:27:25,1763170044.846749,   816441612.37,5190.379555,63116,24808,osion,4.167832e+02,1.133333e-01,-1.343622e+02,-2.767386e+01,1.557265e+02,32,666.752059,1.212276,550,-5.585942e+00,0.038727,SCP
2025-11-15T01:27:28,1763170047.846742,   816441615.37,5193.379555,63116,24808,osion,4.188439e+02,1.172222e-01,-1.343171e+02,-2.783921e+01,1.555578e+02,32,555.567956,1.010124,550,-5.858960e+00,0.042426,SCP
2025-11-15T01:27:31,1763170050.846735,   816441618.37,5196.379555,63116,24808,osion,4.209126e+02,1.211111e-01,-1.342719e+02,-2.800435e+01,1.553893e+02,32,1074.111522,1.952930,550,-5.388034e+00,0.030512,SCP
2025-11-15T01:27:34,1763170053.846730,   816441621.37,5199.379555,63116,24808,osion,4.229892e+02,1.250000e-01,-1.342265e+02,-2.816928e+01,1.552209e+02,32,1666.721069,3.030402,550,-4.878434e+00,0.024494,SCP
2025-11-15T01:27:37,1763170056.846723,   816441624.37,5202.379555,63116,24808,osion,4.250736e+02,1.286111e-01,-1.341810e+02,-2.833400e+01,1.550529e+02,32,1703.779315,3.097780,550,-5.494953e+00,0.024227,SCP
2025-11-15T01:27:40,1763170059.846717,   816441627.37,5205.379555,63116,24808,osion,4.271660e+02,1.325000e-01,-1.341354e+02,-2.849851e+01,1.548848e+02,32,888.946690,1.616267,550,-5.546529e+00,0.033540,SCP
2025-11-15T01:27:43,1763170062.846711,   816441630.37,5208.379555,63116,24808,osion,4.292661e+02,1.363889e-01,-1.340897e+02,-2.866281e+01,1.547168e+02,32,1074.111522,1.952930,550,-5.546596e+00,0.030512,SCP
2025-11-15T01:27:46,1763170065.846705,   816441633.37,5211.379555,63116,24808,osion,4.313740e+02,1.402778e-01,-1.340439e+02,-2.882690e+01,1.545490e+02,32,962.996819,1.750903,550,-5.533395e+00,0.032225,SCP
2025-11-15T01:27:49,1763170068.846698,   816441636.37,5214.379555,63116,24808,osion,4.334897e+02,1.441667e-01,-1.339980e+02,-2.899077e+01,1.543813e+02,32,1444.463499,2.626297,550,-5.513825e+00,0.026312,SCP
2025-11-15T01:27:55,1763170074.846686,   816441642.37,5220.379555,63116,24808,osion,4.377443e+02,1.519444e-01,-1.339057e+02,-2.931788e+01,1.540464e+02,32,4481.575712,8.148319,550,-4.171964e+00,0.014938,SCP
2025-11-15T01:27:58,1763170077.846680,   816441645.37,5223.379555,63116,24808,osion,4.398831e+02,1.558333e-01,-1.338594e+02,-2.948111e+01,1.538792e+02,32,4629.654018,8.417553,550,-3.979632e+00,0.014697,SCP
2025-11-15T01:28:01,1763170080.846673,   816441648.37,5226.379555,63116,24808,osion,4.420296e+02,1.597222e-01,-1.338130e+02,-2.964413e+01,1.537121e+02,32,3222.302826,5.858732,550,-4.400684e+00,0.017616,SCP
2025-11-15T01:28:04,1763170083.846667,   816441651.37,5229.379555,63116,24808,osion,4.441837e+02,1.636111e-01,-1.337665e+02,-2.980693e+01,1.535453e+02,32,2888.965735,5.252665,550,-4.421913e+00,0.018605,SCP
2025-11-15T01:28:07,1763170086.846661,   816441654.37,5232.379555,63116,24808,osion,4.463454e+02,1.675000e-01,-1.337198e+02,-2.996952e+01,1.533785e+02,32,2000.027680,3.636414,550,-4.400512e+00,0.022361,SCP
2025-11-15T01:28:10,1763170089.846654,   816441657.37,5235.379555,63116,24808,osion,4.485147e+02,1.713889e-01,-1.336730e+02,-3.013189e+01,1.532120e+02,32,2148.244545,3.905899,550,-4.255362e+00,0.021575,SCP
2025-11-15T01:28:13,1763170092.846648,   816441660.37,5238.379555,63116,24808,osion,4.506915e+02,1.755556e-01,-1.336261e+02,-3.029405e+01,1.530452e+02,32,1666.721069,3.030402,550,-3.815622e+00,0.024494,SCP
2025-11-15T01:28:16,1763170095.846642,   816441663.37,5241.379555,63116,24808,osion,4.528758e+02,1.794444e-01,-1.335790e+02,-3.045598e+01,1.528790e+02,32,1370.439174,2.491708,550,-3.777472e+00,0.027013,SCP
2025-11-15T01:28:19,1763170098.846636,   816441666.37,5244.379555,63116,24808,osion,4.550675e+02,1.833333e-01,-1.335319e+02,-3.061770e+01,1.527129e+02,32,1296.312732,2.356932,550,-4.325905e+00,0.027774,SCP
2025-11-15T01:28:21,1763170100.846632,   816441668.37,5246.379555,63116,24808,osion,4.565329e+02,1.861111e-01,-1.335003e+02,-3.072540e+01,1.526020e+02,32,814.890353,1.481619,550,-4.932098e+00,0.035031,SCP
2025-11-15T01:28:24,1763170103.846626,   816441671.37,5249.379555,63116,24808,osion,4.587370e+02,1.900000e-01,-1.334529e+02,-3.088675e+01,1.524363e+02,32,370.397465,0.673450,550,-5.697073e+00,0.051960,SCP
2025-11-15T01:28:27,1763170106.846620,   816441674.37,5252.379555,63116,24808,osion,4.609486e+02,1.938889e-01,-1.334054e+02,-3.104789e+01,1.522706e+02,32,592.665819,1.077574,550,-5.991778e+00,0.041077,SCP
2025-11-15T01:28:30,1763170109.846612,   816441677.37,5255.379555,63116,24808,osion,4.631676e+02,1.980556e-01,-1.333578e+02,-3.120881e+01,1.521048e+02,32,666.752059,1.212276,550,-5.969748e+00,0.038727,SCP
2025-11-15T01:28:33,1763170112.846606,   816441680.37,5258.379555,63116,24808,osion,4.653939e+02,2.019444e-01,-1.333100e+02,-3.136951e+01,1.519396e+02,32,666.752059,1.212276,550,-5.893936e+00,0.038727,SCP
2025-11-15T01:28:36,1763170115.846600,   816441683.37,5261.379555,63116,24808,osion,4.676275e+02,2.058333e-01,-1.332620e+02,-3.152999e+01,1.517745e+02,32,592.665819,1.077574,550,-5.884172e+00,0.041077,SCP
2025-11-15T01:28:39,1763170118.846594,   816441686.37,5264.379555,63116,24808,osion,4.698684e+02,2.100000e-01,-1.332140e+02,-3.169025e+01,1.516092e+02,32,814.890353,1.481619,550,-5.818082e+00,0.035031,SCP
2025-11-15T01:28:42,1763170121.846588,   816441689.37,5267.379555,63116,24808,osion,4.721165e+02,2.138889e-01,-1.331658e+02,-3.185029e+01,1.514445e+02,32,888.946690,1.616267,550,-5.499607e+00,0.033540,SCP
2025-11-15T01:28:45,1763170124.846581,   816441692.37,5270.379555,63116,24808,osion,4.743719e+02,2.180556e-01,-1.331175e+02,-3.201011e+01,1.512795e+02,32,777.808973,1.414198,550,-4.619847e+00,0.035856,SCP
2025-11-15T01:28:48,1763170127.846575,   816441695.37,5273.379555,63116,24808,osion,4.766344e+02,2.219444e-01,-1.330690e+02,-3.216970e+01,1.511151e+02,32,444.445580,0.808083,550,-5.324693e+00,0.047434,SCP
2025-11-15T01:28:51,1763170130.846569,   816441698.37,5276.379555,63116,24808,osion,4.789042e+02,2.261111e-01,-1.330204e+02,-3.232907e+01,1.509505e+02,32,1185.216168,2.154938,550,-5.670227e+00,0.029047,SCP
2025-11-15T01:28:54,1763170133.846563,   816441701.37,5279.379555,63116,24808,osion,4.811811e+02,2.302778e-01,-1.329716e+02,-3.248822e+01,1.507861e+02,32,926.023636,1.683679,550,-5.694382e+00,0.032862,SCP
2025-11-15T01:28:56,1763170135.846559,   816441703.37,5281.379555,63116,24808,osion,4.827029e+02,2.327778e-01,-1.329390e+02,-3.259420e+01,1.506770e+02,32,1148.150038,2.087546,550,-5.660599e+00,0.029512,SCP
2025-11-15T01:28:59,1763170138.846553,   816441706.37,5284.379555,63116,24808,osion,4.849916e+02,2.369444e-01,-1.328901e+02,-3.275298e+01,1.505129e+02,32,740.826133,1.346957,550,-5.151289e+00,0.036740,SCP
2025-11-15T01:29:02,1763170141.846547,   816441709.37,5287.379555,63116,24808,osion,4.872874e+02,2.411111e-01,-1.328409e+02,-3.291153e+01,1.503490e+02,32,1259.348428,2.289724,550,-4.755812e+00,0.028179,SCP
2025-11-15T01:29:05,1763170144.846540,   816441712.37,5290.379555,63116,24808,osion,4.895902e+02,2.452778e-01,-1.327916e+02,-3.306986e+01,1.501852e+02,32,1444.463499,2.626297,550,-5.432820e+00,0.026312,SCP
2025-11-15T01:29:08,1763170147.846534,   816441715.37,5293.379555,63116,24808,osion,4.919000e+02,2.491667e-01,-1.327422e+02,-3.322797e+01,1.500221e+02,32,1333.375953,2.424320,550,-7.063049e+00,0.027386,SCP
2025-11-15T01:29:11,1763170150.846528,   816441718.37,5296.379555,63116,24808,osion,4.942168e+02,2.533333e-01,-1.326926e+02,-3.338585e+01,1.498588e+02,32,1259.348428,2.289724,550,-7.481810e+00,0.028179,SCP
2025-11-15T01:29:14,1763170153.846522,   816441721.37,5299.379555,63116,24808,osion,4.965405e+02,2.575000e-01,-1.326429e+02,-3.354350e+01,1.496956e+02,32,1518.584704,2.761063,550,-6.838494e+00,0.025661,SCP
2025-11-15T01:29:17,1763170156.846516,   816441724.37,5302.379555,63116,24808,osion,4.988712e+02,2.616667e-01,-1.325930e+02,-3.370093e+01,1.495326e+02,32,1259.348428,2.289724,550,-5.546305e+00,0.028179,SCP
2025-11-15T01:29:20,1763170159.846509,   816441727.37,5305.379555,63116,24808,osion,5.012087e+02,2.658333e-01,-1.325430e+02,-3.385814e+01,1.493698e+02,32,1333.375953,2.424320,550,-4.301028e+00,0.027386,SCP
2025-11-15T01:29:23,1763170162.846503,   816441730.37,5308.379555,63116,24808,osion,5.035531e+02,2.700000e-01,-1.324928e+02,-3.401511e+01,1.492072e+02,32,1259.348428,2.289724,550,-3.815324e+00,0.028179,SCP
2025-11-15T01:29:26,1763170165.846496,   816441733.37,5311.379555,63116,24808,osion,5.059043e+02,2.741667e-01,-1.324425e+02,-3.417186e+01,1.490448e+02,32,1222.282298,2.222332,550,-3.971203e+00,0.028603,SCP
2025-11-15T01:29:29,1763170168.846490,   816441736.37,5314.379555,63116,24808,osion,5.082623e+02,2.783333e-01,-1.323920e+02,-3.432839e+01,1.488825e+02,32,1185.216168,2.154938,550,-4.536549e+00,0.029047,SCP
2025-11-15T01:29:31,1763170170.846486,   816441738.37,5316.379555,63116,24808,osion,5.098381e+02,2.811111e-01,-1.323582e+02,-3.443261e+01,1.487745e+02,32,1518.584704,2.761063,550,-4.981483e+00,0.025661,SCP
2025-11-15T01:29:34,1763170173.846480,   816441741.37,5319.379555,63116,24808,osion,5.122074e+02,2.852778e-01,-1.323075e+02,-3.458875e+01,1.486126e+02,32,1222.282298,2.222332,550,-5.505380e+00,0.028603,SCP
2025-11-15T01:29:37,1763170176.846473,   816441744.37,5322.379555,63116,24808,osion,5.145834e+02,2.894444e-01,-1.322566e+02,-3.474467e+01,1.484509e+02,32,1185.216168,2.154938,550,-5.627018e+00,0.029047,SCP
2025-11-15T01:29:40,1763170179.846467,   816441747.37,5325.379555,63116,24808,osion,5.169661e+02,2.936111e-01,-1.322055e+02,-3.490035e+01,1.482894e+02,32,1148.150038,2.087546,550,-6.689680e+00,0.029512,SCP
2025-11-15T01:29:43,1763170182.846461,   816441750.37,5328.379555,63116,24808,osion,5.193554e+02,2.980556e-01,-1.321543e+02,-3.505581e+01,1.481276e+02,32,1555.645307,2.828446,550,-7.146593e+00,0.025354,SCP
2025-11-15T01:29:46,1763170185.846455,   816441753.37,5331.379555,63116,24808,osion,5.217515e+02,3.022222e-01,-1.321029e+02,-3.521104e+01,1.479665e+02,32,1555.645307,2.828446,550,-6.818174e+00,0.025354,SCP
2025-11-15T01:29:49,1763170188.846449,   816441756.37,5334.379555,63116,24808,osion,5.241541e+02,3.063889e-01,-1.320513e+02,-3.536604e+01,1.478057e+02,32,1926.018505,3.501852,550,-5.545146e+00,0.022786,SCP
2025-11-15T01:29:52,1763170191.846442,   816441759.37,5337.379555,63116,24808,osion,5.265633e+02,3.105556e-01,-1.319996e+02,-3.552081e+01,1.476450e+02,32,1407.502395,2.559095,550,-6.602064e+00,0.026655,SCP
2025-11-15T01:29:55,1763170194.846436,   816441762.37,5340.379555,63116,24808,osion,5.289790e+02,3.150000e-01,-1.319477e+02,-3.567535e+01,1.474840e+02,32,1777.794004,3.232353,550,0,0.023717,SCP
2025-11-15T01:12:05,1763169124.846664,   816440692.37,4270.379555,63116,24808,osion,2.610192e+02,2.302194e+01,-1.470026e+02,2.827080e+01,1.452747e+02,33,74.082613,0.134696,550,-5.561652e+00,0.116183,SCP
2025-11-15T01:13:27,1763169206.846493,   816440774.37,4352.379555,63116,24808,osion,2.328907e+02,2.313250e+01,-1.456772e+02,2.330140e+01,1.503857e+02,33,37.039747,0.067345,550,-4.062297e+00,0.164311,SCP
2025-11-15T01:14:16,1763169255.847391,   816440823.37,4401.379555,63116,24808,osion,2.199096e+02,2.319528e+01,-1.449339e+02,2.028809e+01,1.534631e+02,33,74.082613,0.134696,550,-2.594165e+00,0.116183,SCP
2025-11-15T01:14:28,1763169267.847366,   816440835.37,4413.379555,63116,24808,osion,2.171775e+02,2.321028e+01,-1.447566e+02,1.954597e+01,1.542177e+02,33,37.039747,0.067345,550,-3.243216e+00,0.164311,SCP
2025-11-15T01:14:46,1763169285.847329,   816440853.37,4431.379555,63116,24808,osion,2.134126e+02,2.323278e+01,-1.444939e+02,1.843007e+01,1.553516e+02,33,37.039747,0.067345,550,-2.713256e+00,0.164311,SCP
2025-11-15T01:14:48,1763169287.847325,   816440855.37,4433.379555,63116,24808,osion,2.130191e+02,2.323528e+01,-1.444649e+02,1.830589e+01,1.554776e+02,33,74.082613,0.134696,550,-2.889775e+00,0.116183,SCP
2025-11-15T01:14:51,1763169290.847319,   816440858.37,4436.379555,63116,24808,osion,2.124381e+02,2.323889e+01,-1.444215e+02,1.811955e+01,1.556659e+02,33,74.082613,0.134696,550,-3.304560e+00,0.116183,SCP
2025-11-15T01:14:57,1763169296.847305,   816440864.37,4442.379555,63116,24808,osion,2.113098e+02,2.324639e+01,-1.443351e+02,1.774664e+01,1.560444e+02,33,37.039747,0.067345,550,-4.100951e+00,0.164311,SCP
2025-11-15T01:15:37,1763169336.847222,   816440904.37,4482.379555,63116,24808,osion,2.049382e+02,2.329500e+01,-1.437683e+02,1.525304e+01,1.585599e+02,33,37.039747,0.067345,550,-2.314485e+00,0.164311,SCP
2025-11-15T01:15:48,1763169347.847200,   816440915.37,4493.379555,63116,24808,osion,2.035388e+02,2.330806e+01,-1.436152e+02,1.456530e+01,1.592492e+02,33,37.039747,0.067345,550,-2.627344e+00,0.164311,SCP
2025-11-15T01:15:52,1763169351.847191,   816440919.37,4497.379555,63116,24808,osion,2.030678e+02,2.331278e+01,-1.435597e+02,1.431502e+01,1.594996e+02,33,37.039747,0.067345,550,-1.740643e+00,0.164311,SCP
2025-11-15T01:18:31,1763169510.846860,   816441078.37,4656.379555,63116,24808,osion,2.008492e+02,2.349667e+01,-1.414462e+02,4.326103e+00,1.691614e+02,33,37.039747,0.067345,550,-9.515439e-01,0.164311,SCP
2025-11-15T01:18:51,1763169530.846819,   816441098.37,4676.379555,63116,24808,osion,2.028541e+02,2.351944e+01,-1.411892e+02,3.069835e+00,1.702794e+02,33,111.195882,0.202174,550,-3.664864e+00,0.094832,SCP
2025-11-15T01:18:55,1763169534.846810,   816441102.37,4680.379555,63116,24808,osion,2.033161e+02,2.352389e+01,-1.411380e+02,2.818742e+00,1.704961e+02,33,555.567956,1.010124,550,-5.028880e+00,0.042426,SCP
2025-11-15T01:18:58,1763169537.846804,   816441105.37,4683.379555,63116,24808,osion,2.036759e+02,2.352722e+01,-1.410996e+02,2.630462e+00,1.706572e+02,33,370.397465,0.673450,550,-5.854538e+00,0.051960,SCP
2025-11-15T01:19:09,1763169548.846781,   816441116.37,4694.379555,63116,24808,osion,2.050928e+02,2.353944e+01,-1.409590e+02,1.940419e+00,1.712363e+02,33,37.039747,0.067345,550,-5.859714e+00,0.164311,SCP
2025-11-15T01:19:13,1763169552.846772,   816441120.37,4698.379555,63116,24808,osion,2.056460e+02,2.354389e+01,-1.409080e+02,1.689627e+00,1.714418e+02,33,37.039747,0.067345,550,-5.353507e+00,0.164311,SCP
2025-11-15T01:19:17,1763169556.846765,   816441124.37,4702.379555,63116,24808,osion,2.062194e+02,2.354861e+01,-1.408570e+02,1.438912e+00,1.716476e+02,33,37.039747,0.067345,550,-5.316341e+00,0.164311,SCP
2025-11-15T01:19:39,1763169578.846718,   816441146.37,4724.379555,63116,24808,osion,2.097338e+02,2.357306e+01,-1.405770e+02,6.148338e-02,1.726968e+02,33,37.039747,0.067345,550,-1.982481e+00,0.164311,SCP
2025-11-15T01:19:43,1763169582.846710,   816441150.37,4728.379555,63116,24808,osion,2.104382e+02,2.357750e+01,-1.405262e+02,-1.886578e-01,1.728735e+02,33,148.205345,0.269464,550,-1.521440e+00,0.082143,SCP
2025-11-15T01:19:46,1763169585.846704,   816441153.37,4731.379555,63116,24808,osion,2.109797e+02,2.358083e+01,-1.404881e+02,-3.761969e-01,1.730026e+02,33,259.348386,0.471543,550,-1.383171e+00,0.062095,SCP
2025-11-15T01:19:57,1763169596.846681,   816441164.37,4742.379555,63116,24808,osion,2.130615e+02,2.359333e+01,-1.403486e+02,-1.063336e+00,1.734524e+02,33,37.039747,0.067345,550,-1.308197e+00,0.164311,SCP
2025-11-15T01:20:05,1763169604.846665,   816441172.37,4750.379555,63116,24808,osion,2.146706e+02,2.360222e+01,-1.402472e+02,-1.562545e+00,1.737459e+02,33,185.254347,0.336826,550,-1.882649e+00,0.073471,SCP
2025-11-15T01:20:13,1763169612.846647,   816441180.37,4758.379555,63116,24808,osion,2.163594e+02,2.361111e+01,-1.401458e+02,-2.061281e+00,1.740090e+02,33,111.195882,0.202174,550,-1.588004e+00,0.094832,SCP
2025-11-15T01:20:16,1763169615.846642,   816441183.37,4761.379555,63116,24808,osion,2.170132e+02,2.361444e+01,-1.401079e+02,-2.248179e+00,1.740990e+02,33,148.205345,0.269464,550,-1.680406e+00,0.082143,SCP
2025-11-15T01:20:20,1763169619.846633,   816441187.37,4765.379555,63116,24808,osion,2.179023e+02,2.361889e+01,-1.400572e+02,-2.497267e+00,1.742112e+02,33,74.082613,0.134696,550,-1.874971e+00,0.116183,SCP
2025-11-15T01:20:24,1763169623.846625,   816441191.37,4769.379555,63116,24808,osion,2.188112e+02,2.362333e+01,-1.400066e+02,-2.746223e+00,1.743139e+02,33,148.205345,0.269464,550,-1.930947e+00,0.082143,SCP
2025-11-15T01:20:42,1763169641.846588,   816441209.37,4787.379555,63116,24808,osion,2.231462e+02,2.364333e+01,-1.397787e+02,-3.864834e+00,1.746453e+02,33,74.082613,0.134696,550,-1.457482e+00,0.116183,SCP
2025-11-15T01:21:16,1763169675.846517,   816441243.37,4821.379555,63116,24808,osion,2.324184e+02,2.368139e+01,-1.393481e+02,-5.969404e+00,1.746147e+02,33,74.082613,0.134696,550,-1.192964e+00,0.116183,SCP
2025-11-15T01:21:23,1763169682.846502,   816441250.37,4828.379555,63116,24808,osion,2.345019e+02,2.368917e+01,-1.392593e+02,-6.401207e+00,1.745000e+02,33,37.039747,0.067345,550,-2.034041e+00,0.164311,SCP
2025-11-15T01:21:30,1763169689.846487,   816441257.37,4835.379555,63116,24808,osion,2.366445e+02,2.369694e+01,-1.391705e+02,-6.832465e+00,1.743524e+02,33,37.039747,0.067345,550,-2.334296e+00,0.164311,SCP
2025-11-15T01:21:34,1763169693.846479,   816441261.37,4839.379555,63116,24808,osion,2.378953e+02,2.370139e+01,-1.391197e+02,-7.078648e+00,1.742543e+02,33,37.039747,0.067345,550,-2.334771e+00,0.164311,SCP
2025-11-15T01:21:41,1763169700.846465,   816441268.37,4846.379555,63116,24808,osion,2.401304e+02,2.370917e+01,-1.390308e+02,-7.509018e+00,1.740603e+02,33,37.039747,0.067345,550,-2.798786e+00,0.164311,SCP
2025-11-15T01:22:10,1763169729.846475,   816441297.37,4875.379555,63116,24808,osion,2.500115e+02,2.374167e+01,-1.386613e+02,-9.285577e+00,1.730138e+02,33,74.082613,0.134696,550,-2.307602e+00,0.116183,SCP
2025-11-15T01:22:30,1763169749.847362,   816441317.37,4895.379555,63116,24808,osion,2.574033e+02,2.376417e+01,-1.384052e+02,-1.050438e+01,1.721260e+02,33,37.039747,0.067345,550,-2.747811e+00,0.164311,SCP
2025-11-15T01:24:09,1763169848.847157,   816441416.37,4994.379555,63116,24808,osion,3.007153e+02,2.387694e+01,-1.371154e+02,-1.644847e+01,1.668807e+02,33,148.205345,0.269464,550,-3.047504e+00,0.082143,SCP
2025-11-15T01:24:18,1763169857.847137,   816441425.37,5003.379555,63116,24808,osion,3.051904e+02,2.388722e+01,-1.369957e+02,-1.698071e+01,1.663729e+02,33,185.254347,0.336826,550,-3.973350e+00,0.073471,SCP
2025-11-15T01:24:33,1763169872.847106,   816441440.37,5018.379555,63116,24808,osion,3.128417e+02,2.390472e+01,-1.367951e+02,-1.786449e+01,1.655227e+02,33,74.082613,0.134696,550,-4.245834e+00,0.116183,SCP
2025-11-15T01:24:39,1763169878.847094,   816441446.37,5024.379555,63116,24808,osion,3.159691e+02,2.391167e+01,-1.367144e+02,-1.821684e+01,1.651814e+02,33,37.039747,0.067345,550,-3.727048e+00,0.164311,SCP
2025-11-15T01:24:41,1763169880.847090,   816441448.37,5026.379555,63116,24808,osion,3.170200e+02,2.391417e+01,-1.366875e+02,-1.833413e+01,1.650677e+02,33,74.082613,0.134696,550,-3.506863e+00,0.116183,SCP
2025-11-15T01:24:47,1763169886.847078,   816441454.37,5032.379555,63116,24808,osion,3.201979e+02,2.392111e+01,-1.366065e+02,-1.868557e+01,1.647256e+02,33,37.039747,0.067345,550,-2.735183e+00,0.164311,SCP
2025-11-15T01:24:59,1763169898.847052,   816441466.37,5044.379555,63116,24808,osion,3.266664e+02,2.393528e+01,-1.364437e+02,-1.938638e+01,1.640405e+02,33,37.039747,0.067345,550,-3.430321e+00,0.164311,SCP
2025-11-15T01:25:02,1763169901.847046,   816441469.37,5047.379555,63116,24808,osion,3.283068e+02,2.393861e+01,-1.364029e+02,-1.956115e+01,1.638688e+02,33,74.082613,0.134696,550,-4.041239e+00,0.116183,SCP
2025-11-15T01:25:17,1763169916.847015,   816441484.37,5062.379555,63116,24808,osion,3.366478e+02,2.395639e+01,-1.361976e+02,-2.043232e+01,1.630107e+02,33,148.205345,0.269464,550,-7.098259e+00,0.082143,SCP
2025-11-15T01:25:26,1763169925.846996,   816441493.37,5071.379555,63116,24808,osion,3.417624e+02,2.396722e+01,-1.360736e+02,-2.095287e+01,1.624956e+02,33,74.082613,0.134696,550,-5.437854e+00,0.116183,SCP
2025-11-15T01:25:32,1763169931.846983,   816441499.37,5077.379555,63116,24808,osion,3.452176e+02,2.397417e+01,-1.359906e+02,-2.129900e+01,1.621520e+02,33,74.082613,0.134696,550,-4.590071e+00,0.116183,SCP
2025-11-15T01:25:46,1763169945.846955,   816441513.37,5091.379555,63116,24808,osion,3.534195e+02,2.399111e+01,-1.357956e+02,-2.210374e+01,1.613507e+02,33,111.195882,0.202174,550,-2.759116e+00,0.094832,SCP
2025-11-15T01:25:49,1763169948.846948,   816441516.37,5094.379555,63116,24808,osion,3.552023e+02,2.399472e+01,-1.357536e+02,-2.227566e+01,1.611791e+02,33,111.195882,0.202174,550,-3.066353e+00,0.094832,SCP
2025-11-15T01:25:52,1763169951.846942,   816441519.37,5097.379555,63116,24808,osion,3.569940e+02,2.399833e+01,-1.357116e+02,-2.244739e+01,1.610075e+02,33,37.039747,0.067345,550,-2.616826e+00,0.164311,SCP
2025-11-15T01:25:55,1763169954.846936,   816441522.37,5100.379555,63116,24808,osion,3.587946e+02,1.944444e-03,-1.356694e+02,-2.261893e+01,1.608359e+02,33,37.039747,0.067345,550,-2.428171e+00,0.164311,SCP
2025-11-15T01:26:01,1763169960.846924,   816441528.37,5106.379555,63116,24808,osion,3.624221e+02,9.166667e-03,-1.355848e+02,-2.296144e+01,1.604930e+02,33,37.039747,0.067345,550,-2.163234e+00,0.164311,SCP
2025-11-15T01:26:04,1763169963.846918,   816441531.37,5109.379555,63116,24808,osion,3.642490e+02,1.277778e-02,-1.355424e+02,-2.313241e+01,1.603216e+02,33,37.039747,0.067345,550,-1.959577e+00,0.164311,SCP
2025-11-15T01:26:07,1763169966.846911,   816441534.37,5112.379555,63116,24808,osion,3.660846e+02,1.638889e-02,-1.354999e+02,-2.330318e+01,1.601503e+02,33,37.039747,0.067345,550,-1.885149e+00,0.164311,SCP
2025-11-15T01:26:18,1763169977.846888,   816441545.37,5123.379555,63116,24808,osion,3.728894e+02,3.000000e-02,-1.353434e+02,-2.392771e+01,1.595225e+02,33,37.039747,0.067345,550,-1.493699e+00,0.164311,SCP
2025-11-15T01:27:05,1763170024.846790,   816441592.37,5170.379555,63116,24808,osion,4.032501e+02,8.805556e-02,-1.346604e+02,-2.656621e+01,1.568539e+02,33,148.205345,0.269464,550,-3.470105e+00,0.082143,SCP
2025-11-15T01:27:08,1763170027.846784,   816441595.37,5173.379555,63116,24808,osion,4.052571e+02,9.194444e-02,-1.346160e+02,-2.673294e+01,1.566843e+02,33,37.039747,0.067345,550,-3.804025e+00,0.164311,SCP
2025-11-15T01:27:20,1763170039.846759,   816441607.37,5185.379555,63116,24808,osion,4.133664e+02,1.069444e-01,-1.344372e+02,-2.739781e+01,1.560079e+02,33,74.082613,0.134696,550,-4.724859e+00,0.116183,SCP
2025-11-15T01:27:25,1763170044.846749,   816441612.37,5190.379555,63116,24808,osion,4.167832e+02,1.133333e-01,-1.343622e+02,-2.767386e+01,1.557265e+02,33,37.039747,0.067345,550,-5.585942e+00,0.164311,SCP
2025-11-15T01:27:37,1763170056.846723,   816441624.37,5202.379555,63116,24808,osion,4.250736e+02,1.286111e-01,-1.341810e+02,-2.833400e+01,1.550529e+02,33,111.195882,0.202174,550,-5.494953e+00,0.094832,SCP
2025-11-15T01:27:49,1763170068.846698,   816441636.37,5214.379555,63116,24808,osion,4.334897e+02,1.441667e-01,-1.339980e+02,-2.899077e+01,1.543813e+02,33,37.039747,0.067345,550,-5.513825e+00,0.164311,SCP
2025-11-15T01:27:55,1763170074.846686,   816441642.37,5220.379555,63116,24808,osion,4.377443e+02,1.519444e-01,-1.339057e+02,-2.931788e+01,1.540464e+02,33,74.082613,0.134696,550,-4.171964e+00,0.116183,SCP
2025-11-15T01:27:58,1763170077.846680,   816441645.37,5223.379555,63116,24808,osion,4.398831e+02,1.558333e-01,-1.338594e+02,-2.948111e+01,1.538792e+02,33,37.039747,0.067345,550,-3.979632e+00,0.164311,SCP
2025-11-15T01:28:01,1763170080.846673,   816441648.37,5226.379555,63116,24808,osion,4.420296e+02,1.597222e-01,-1.338130e+02,-2.964413e+01,1.537121e+02,33,148.205345,0.269464,550,-4.400684e+00,0.082143,SCP
2025-11-15T01:28:04,1763170083.846667,   816441651.37,5229.379555,63116,24808,osion,4.441837e+02,1.636111e-01,-1.337665e+02,-2.980693e+01,1.535453e+02,33,74.082613,0.134696,550,-4.421913e+00,0.116183,SCP
2025-11-15T01:28:10,1763170089.846654,   816441657.37,5235.379555,63116,24808,osion,4.485147e+02,1.713889e-01,-1.336730e+02,-3.013189e+01,1.532120e+02,33,37.039747,0.067345,550,-4.255362e+00,0.164311,SCP
2025-11-15T01:28:13,1763170092.846648,   816441660.37,5238.379555,63116,24808,osion,4.506915e+02,1.755556e-01,-1.336261e+02,-3.029405e+01,1.530452e+02,33,37.039747,0.067345,550,-3.815622e+00,0.164311,SCP
2025-11-15T01:28:16,1763170095.846642,   816441663.37,5241.379555,63116,24808,osion,4.528758e+02,1.794444e-01,-1.335790e+02,-3.045598e+01,1.528790e+02,33,111.195882,0.202174,550,-3.777472e+00,0.094832,SCP
2025-11-15T01:28:19,1763170098.846636,   816441666.37,5244.379555,63116,24808,osion,4.550675e+02,1.833333e-01,-1.335319e+02,-3.061770e+01,1.527129e+02,33,37.039747,0.067345,550,-4.325905e+00,0.164311,SCP
2025-11-15T01:28:27,1763170106.846620,   816441674.37,5252.379555,63116,24808,osion,4.609486e+02,1.938889e-01,-1.334054e+02,-3.104789e+01,1.522706e+02,33,74.082613,0.134696,550,-5.991778e+00,0.116183,SCP
2025-11-15T01:28:33,1763170112.846606,   816441680.37,5258.379555,63116,24808,osion,4.653939e+02,2.019444e-01,-1.333100e+02,-3.136951e+01,1.519396e+02,33,37.039747,0.067345,550,-5.893936e+00,0.164311,SCP
2025-11-15T01:28:42,1763170121.846588,   816441689.37,5267.379555,63116,24808,osion,4.721165e+02,2.138889e-01,-1.331658e+02,-3.185029e+01,1.514445e+02,33,37.039747,0.067345,550,-5.499607e+00,0.164311,SCP
2025-11-15T01:28:45,1763170124.846581,   816441692.37,5270.379555,63116,24808,osion,4.743719e+02,2.180556e-01,-1.331175e+02,-3.201011e+01,1.512795e+02,33,37.039747,0.067345,550,-4.619847e+00,0.164311,SCP
2025-11-15T01:28:48,1763170127.846575,   816441695.37,5273.379555,63116,24808,osion,4.766344e+02,2.219444e-01,-1.330690e+02,-3.216970e+01,1.511151e+02,33,37.039747,0.067345,550,-5.324693e+00,0.164311,SCP
2025-11-15T01:28:51,1763170130.846569,   816441698.37,5276.379555,63116,24808,osion,4.789042e+02,2.261111e-01,-1.330204e+02,-3.232907e+01,1.509505e+02,33,37.039747,0.067345,550,-5.670227e+00,0.164311,SCP
2025-11-15T01:28:56,1763170135.846559,   816441703.37,5281.379555,63116,24808,osion,4.827029e+02,2.327778e-01,-1.329390e+02,-3.259420e+01,1.506770e+02,33,74.082613,0.134696,550,-5.660599e+00,0.116183,SCP
2025-11-15T01:28:59,1763170138.846553,   816441706.37,5284.379555,63116,24808,osion,4.849916e+02,2.369444e-01,-1.328901e+02,-3.275298e+01,1.505129e+02,33,74.082613,0.134696,550,-5.151289e+00,0.116183,SCP
2025-11-15T01:29:05,1763170144.846540,   816441712.37,5290.379555,63116,24808,osion,4.895902e+02,2.452778e-01,-1.327916e+02,-3.306986e+01,1.501852e+02,33,74.082613,0.134696,550,-5.432820e+00,0.116183,SCP
2025-11-15T01:29:08,1763170147.846534,   816441715.37,5293.379555,63116,24808,osion,4.919000e+02,2.491667e-01,-1.327422e+02,-3.322797e+01,1.500221e+02,33,74.082613,0.134696,550,-7.063049e+00,0.116183,SCP
2025-11-15T01:29:14,1763170153.846522,   816441721.37,5299.379555,63116,24808,osion,4.965405e+02,2.575000e-01,-1.326429e+02,-3.354350e+01,1.496956e+02,33,37.039747,0.067345,550,-6.838494e+00,0.164311,SCP
2025-11-15T01:29:17,1763170156.846516,   816441724.37,5302.379555,63116,24808,osion,4.988712e+02,2.616667e-01,-1.325930e+02,-3.370093e+01,1.495326e+02,33,74.082613,0.134696,550,-5.546305e+00,0.116183,SCP
2025-11-15T01:29:23,1763170162.846503,   816441730.37,5308.379555,63116,24808,osion,5.035531e+02,2.700000e-01,-1.324928e+02,-3.401511e+01,1.492072e+02,33,37.039747,0.067345,550,-3.815324e+00,0.164311,SCP
2025-11-15T01:29:29,1763170168.846490,   816441736.37,5314.379555,63116,24808,osion,5.082623e+02,2.783333e-01,-1.323920e+02,-3.432839e+01,1.488825e+02,33,74.082613,0.134696,550,-4.536549e+00,0.116183,SCP
2025-11-15T01:29:34,1763170173.846480,   816441741.37,5319.379555,63116,24808,osion,5.122074e+02,2.852778e-01,-1.323075e+02,-3.458875e+01,1.486126e+02,33,74.082613,0.134696,550,-5.505380e+00,0.116183,SCP
2025-11-15T01:29:37,1763170176.846473,   816441744.37,5322.379555,63116,24808,osion,5.145834e+02,2.894444e-01,-1.322566e+02,-3.474467e+01,1.484509e+02,33,74.082613,0.134696,550,-5.627018e+00,0.116183,SCP
2025-11-15T01:29:43,1763170182.846461,   816441750.37,5328.379555,63116,24808,osion,5.193554e+02,2.980556e-01,-1.321543e+02,-3.505581e+01,1.481276e+02,33,111.195882,0.202174,550,-7.146593e+00,0.094832,SCP
2025-11-15T01:29:46,1763170185.846455,   816441753.37,5331.379555,63116,24808,osion,5.217515e+02,3.022222e-01,-1.321029e+02,-3.521104e+01,1.479665e+02,33,111.195882,0.202174,550,-6.818174e+00,0.094832,SCP
2025-11-15T01:29:49,1763170188.846449,   816441756.37,5334.379555,63116,24808,osion,5.241541e+02,3.063889e-01,-1.320513e+02,-3.536604e+01,1.478057e+02,33,111.195882,0.202174,550,-5.545146e+00,0.094832,SCP
2025-11-15T01:29:55,1763170194.846436,   816441762.37,5340.379555,63116,24808,osion,5.289790e+02,3.150000e-01,-1.319477e+02,-3.567535e+01,1.474840e+02,33,74.082613,0.134696,550,0,0.116183,SCP
2025-11-15T01:08:57,1763168936.847054,   816440504.37,4082.379555,63116,24808,osion,3.537445e+02,2.273278e+01,-1.505797e+02,3.920005e+01,1.338867e+02,34,37.039747,0.067345,550,-7.019788e+00,0.164311,SCP
2025-11-15T01:14:31,1763169270.847360,   816440838.37,4416.379555,63116,24808,osion,2.165222e+02,2.321417e+01,-1.447126e+02,1.936021e+01,1.544075e+02,34,37.039747,0.067345,550,-3.539730e+00,0.164311,SCP
2025-11-15T01:14:51,1763169290.847319,   816440858.37,4436.379555,63116,24808,osion,2.124381e+02,2.323889e+01,-1.444215e+02,1.811955e+01,1.556659e+02,34,74.082613,0.134696,550,-3.304560e+00,0.116183,SCP
2025-11-15T01:18:19,1763169498.846885,   816441066.37,4644.379555,63116,24808,osion,1.998906e+02,2.348333e+01,-1.416010e+02,5.080385e+00,1.684756e+02,34,74.082613,0.134696,550,-8.215109e-01,0.116183,SCP
2025-11-15T01:18:25,1763169504.846872,   816441072.37,4650.379555,63116,24808,osion,2.003469e+02,2.349000e+01,-1.415235e+02,4.703204e+00,1.688201e+02,34,111.195882,0.202174,550,-7.396788e-01,0.094832,SCP
2025-11-15T01:18:31,1763169510.846860,   816441078.37,4656.379555,63116,24808,osion,2.008492e+02,2.349667e+01,-1.414462e+02,4.326103e+00,1.691614e+02,34,37.039747,0.067345,550,-9.515439e-01,0.164311,SCP
2025-11-15T01:18:55,1763169534.846810,   816441102.37,4680.379555,63116,24808,osion,2.033161e+02,2.352389e+01,-1.411380e+02,2.818742e+00,1.704961e+02,34,111.195882,0.202174,550,-5.028880e+00,0.094832,SCP
2025-11-15T01:19:24,1763169563.846749,   816441131.37,4709.379555,63116,24808,osion,2.072715e+02,2.355639e+01,-1.407678e+02,1.000352e+00,1.719941e+02,34,74.082613,0.134696,550,-2.482061e+00,0.116183,SCP
2025-11-15T01:19:43,1763169582.846710,   816441150.37,4728.379555,63116,24808,osion,2.104382e+02,2.357750e+01,-1.405262e+02,-1.886578e-01,1.728735e+02,34,296.311945,0.538749,550,-1.521440e+00,0.058093,SCP
2025-11-15T01:19:46,1763169585.846704,   816441153.37,4731.379555,63116,24808,osion,2.109797e+02,2.358083e+01,-1.404881e+02,-3.761969e-01,1.730026e+02,34,37.039747,0.067345,550,-1.383171e+00,0.164311,SCP
2025-11-15T01:20:13,1763169612.846647,   816441180.37,4758.379555,63116,24808,osion,2.163594e+02,2.361111e+01,-1.401458e+02,-2.061281e+00,1.740090e+02,34,37.039747,0.067345,550,-1.588004e+00,0.164311,SCP
2025-11-15T01:20:16,1763169615.846642,   816441183.37,4761.379555,63116,24808,osion,2.170132e+02,2.361444e+01,-1.401079e+02,-2.248179e+00,1.740990e+02,34,74.082613,0.134696,550,-1.680406e+00,0.116183,SCP
2025-11-15T01:20:42,1763169641.846588,   816441209.37,4787.379555,63116,24808,osion,2.231462e+02,2.364333e+01,-1.397787e+02,-3.864834e+00,1.746453e+02,34,37.039747,0.067345,550,-1.457482e+00,0.164311,SCP
2025-11-15T01:21:41,1763169700.846465,   816441268.37,4846.379555,63116,24808,osion,2.401304e+02,2.370917e+01,-1.390308e+02,-7.509018e+00,1.740603e+02,34,74.082613,0.134696,550,-2.798786e+00,0.116183,SCP
2025-11-15T01:21:45,1763169704.846456,   816441272.37,4850.379555,63116,24808,osion,2.414339e+02,2.371361e+01,-1.389799e+02,-7.754682e+00,1.739377e+02,34,37.039747,0.067345,550,-3.337132e+00,0.164311,SCP
2025-11-15T01:22:42,1763169761.847338,   816441329.37,4907.379555,63116,24808,osion,2.620619e+02,2.377778e+01,-1.382510e+02,-1.123298e+01,1.715500e+02,34,37.039747,0.067345,550,-1.665077e+00,0.164311,SCP
2025-11-15T01:24:01,1763169840.847173,   816441408.37,4986.379555,63116,24808,osion,2.968108e+02,2.386778e+01,-1.372214e+02,-1.597416e+01,1.673300e+02,34,37.039747,0.067345,550,-2.336835e+00,0.164311,SCP
2025-11-15T01:24:12,1763169851.847151,   816441419.37,4997.379555,63116,24808,osion,3.021973e+02,2.388028e+01,-1.370755e+02,-1.662605e+01,1.667115e+02,34,37.039747,0.067345,550,-3.304078e+00,0.164311,SCP
2025-11-15T01:24:36,1763169875.847100,   816441443.37,5021.379555,63116,24808,osion,3.144006e+02,2.390833e+01,-1.367548e+02,-1.804075e+01,1.653523e+02,34,74.082613,0.134696,550,-4.026024e+00,0.116183,SCP
2025-11-15T01:24:47,1763169886.847078,   816441454.37,5032.379555,63116,24808,osion,3.201979e+02,2.392111e+01,-1.366065e+02,-1.868557e+01,1.647256e+02,34,74.082613,0.134696,550,-2.735183e+00,0.116183,SCP
2025-11-15T01:24:50,1763169889.847071,   816441457.37,5035.379555,63116,24808,osion,3.218009e+02,2.392472e+01,-1.365659e+02,-1.886104e+01,1.645545e+02,34,37.039747,0.067345,550,-2.372467e+00,0.164311,SCP
2025-11-15T01:24:53,1763169892.847064,   816441460.37,5038.379555,63116,24808,osion,3.234134e+02,2.392806e+01,-1.365252e+02,-1.903633e+01,1.643831e+02,34,37.039747,0.067345,550,-2.351390e+00,0.164311,SCP
2025-11-15T01:25:08,1763169907.847034,   816441475.37,5053.379555,63116,24808,osion,3.316156e+02,2.394583e+01,-1.363210e+02,-1.991015e+01,1.635258e+02,34,37.039747,0.067345,550,-4.405128e+00,0.164311,SCP
2025-11-15T01:25:11,1763169910.847027,   816441478.37,5056.379555,63116,24808,osion,3.332838e+02,2.394944e+01,-1.362799e+02,-2.008439e+01,1.633542e+02,34,111.195882,0.202174,550,-5.605182e+00,0.094832,SCP
2025-11-15T01:26:07,1763169966.846911,   816441534.37,5112.379555,63116,24808,osion,3.660846e+02,1.638889e-02,-1.354999e+02,-2.330318e+01,1.601503e+02,34,37.039747,0.067345,550,-1.885149e+00,0.164311,SCP
2025-11-15T01:26:10,1763169969.846904,   816441537.37,5115.379555,63116,24808,osion,3.679289e+02,2.000000e-02,-1.354574e+02,-2.347377e+01,1.599790e+02,34,37.039747,0.067345,550,-1.846071e+00,0.164311,SCP
2025-11-15T01:26:13,1763169972.846898,   816441540.37,5118.379555,63116,24808,osion,3.697819e+02,2.388889e-02,-1.354147e+02,-2.364416e+01,1.598077e+02,34,37.039747,0.067345,550,-1.682505e+00,0.164311,SCP
2025-11-15T01:26:15,1763169974.846894,   816441542.37,5120.379555,63116,24808,osion,3.710220e+02,2.611111e-02,-1.353862e+02,-2.375764e+01,1.596937e+02,34,37.039747,0.067345,550,-1.590468e+00,0.164311,SCP
2025-11-15T01:26:21,1763169980.846882,   816441548.37,5126.379555,63116,24808,osion,3.747654e+02,3.361111e-02,-1.353005e+02,-2.409758e+01,1.593515e+02,34,37.039747,0.067345,550,-1.499142e+00,0.164311,SCP
2025-11-15T01:26:33,1763169992.846857,   816441560.37,5138.379555,63116,24808,osion,3.823548e+02,4.833333e-02,-1.351280e+02,-2.477511e+01,1.586683e+02,34,111.195882,0.202174,550,-1.693343e+00,0.094832,SCP
2025-11-15T01:26:42,1763170001.846837,   816441569.37,5147.379555,63116,24808,osion,3.881358e+02,5.944444e-02,-1.349976e+02,-2.528117e+01,1.581568e+02,34,74.082613,0.134696,550,-1.867076e+00,0.116183,SCP
2025-11-15T01:26:45,1763170004.846831,   816441572.37,5150.379555,63116,24808,osion,3.900796e+02,6.305556e-02,-1.349539e+02,-2.544946e+01,1.579865e+02,34,74.082613,0.134696,550,-1.870607e+00,0.116183,SCP
2025-11-15T01:26:48,1763170007.846825,   816441575.37,5153.379555,63116,24808,osion,3.920317e+02,6.694444e-02,-1.349102e+02,-2.561755e+01,1.578162e+02,34,74.082613,0.134696,550,-2.084737e+00,0.116183,SCP
2025-11-15T01:26:56,1763170015.846809,   816441583.37,5161.379555,63116,24808,osion,3.972780e+02,7.694444e-02,-1.347930e+02,-2.606479e+01,1.573628e+02,34,74.082613,0.134696,550,-2.672369e+00,0.116183,SCP
2025-11-15T01:26:59,1763170018.846802,   816441586.37,5164.379555,63116,24808,osion,3.992605e+02,8.055556e-02,-1.347489e+02,-2.623213e+01,1.571931e+02,34,37.039747,0.067345,550,-2.913775e+00,0.164311,SCP
2025-11-15T01:27:20,1763170039.846759,   816441607.37,5185.379555,63116,24808,osion,4.133664e+02,1.069444e-01,-1.344372e+02,-2.739781e+01,1.560079e+02,34,37.039747,0.067345,550,-4.724859e+00,0.164311,SCP
2025-11-15T01:27:37,1763170056.846723,   816441624.37,5202.379555,63116,24808,osion,4.250736e+02,1.286111e-01,-1.341810e+02,-2.833400e+01,1.550529e+02,34,37.039747,0.067345,550,-5.494953e+00,0.164311,SCP
2025-11-15T01:28:19,1763170098.846636,   816441666.37,5244.379555,63116,24808,osion,4.550675e+02,1.833333e-01,-1.335319e+02,-3.061770e+01,1.527129e+02,34,74.082613,0.134696,550,-4.325905e+00,0.116183,SCP
2025-11-15T01:29:02,1763170141.846547,   816441709.37,5287.379555,63116,24808,osion,4.872874e+02,2.411111e-01,-1.328409e+02,-3.291153e+01,1.503490e+02,34,37.039747,0.067345,550,-4.755812e+00,0.164311,SCP
2025-11-15T01:29:08,1763170147.846534,   816441715.37,5293.379555,63116,24808,osion,4.919000e+02,2.491667e-01,-1.327422e+02,-3.322797e+01,1.500221e+02,34,37.039747,0.067345,550,-7.063049e+00,0.164311,SCP
2025-11-15T01:29:11,1763170150.846528,   816441718.37,5296.379555,63116,24808,osion,4.942168e+02,2.533333e-01,-1.326926e+02,-3.338585e+01,1.498588e+02,34,74.082613,0.134696,550,-7.481810e+00,0.116183,SCP
2025-11-15T01:29:20,1763170159.846509,   816441727.37,5305.379555,63116,24808,osion,5.012087e+02,2.658333e-01,-1.325430e+02,-3.385814e+01,1.493698e+02,34,37.039747,0.067345,550,-4.301028e+00,0.164311,SCP
2025-11-15T01:29:23,1763170162.846503,   816441730.37,5308.379555,63116,24808,osion,5.035531e+02,2.700000e-01,-1.324928e+02,-3.401511e+01,1.492072e+02,34,37.039747,0.067345,550,-3.815324e+00,0.164311,SCP
2025-11-15T01:29:31,1763170170.846486,   816441738.37,5316.379555,63116,24808,osion,5.098381e+02,2.811111e-01,-1.323582e+02,-3.443261e+01,1.487745e+02,34,37.039747,0.067345,550,-4.981483e+00,0.164311,SCP
2025-11-15T01:29:37,1763170176.846473,   816441744.37,5322.379555,63116,24808,osion,5.145834e+02,2.894444e-01,-1.322566e+02,-3.474467e+01,1.484509e+02,34,37.039747,0.067345,550,-5.627018e+00,0.164311,SCP
2025-11-15T01:29:40,1763170179.846467,   816441747.37,5325.379555,63116,24808,osion,5.169661e+02,2.936111e-01,-1.322055e+02,-3.490035e+01,1.482894e+02,34,74.082613,0.134696,550,-6.689680e+00,0.116183,SCP
2025-11-15T01:29:46,1763170185.846455,   816441753.37,5331.379555,63116,24808,osion,5.217515e+02,3.022222e-01,-1.321029e+02,-3.521104e+01,1.479665e+02,34,74.082613,0.134696,550,-6.818174e+00,0.116183,SCP
2025-11-15T01:25:02,1763169901.847046,   816441469.37,5047.379555,63116,24808,osion,3.283068e+02,2.393861e+01,-1.364029e+02,-1.956115e+01,1.638688e+02,36,37.039747,0.067345,550,-4.041239e+00,0.164311,SCP
2025-11-15T01:27:28,1763170047.846742,   816441615.37,5193.379555,63116,24808,osion,4.188439e+02,1.172222e-01,-1.343171e+02,-2.783921e+01,1.555578e+02,36,111.195882,0.202174,550,-5.858960e+00,0.094832,SCP
2025-11-15T01:29:34,1763170173.846480,   816441741.37,5319.379555,63116,24808,osion,5.122074e+02,2.852778e-01,-1.323075e+02,-3.458875e+01,1.486126e+02,36,37.039747,0.067345,550,-5.505380e+00,0.164311,SCP
2025-11-15T01:24:27,1763169866.847119,   816441434.37,5012.379555,63116,24808,osion,3.097524e+02,2.389778e+01,-1.368755e+02,-1.751148e+01,1.658635e+02,38,37.039747,0.067345,550,-4.098788e+00,0.164311,SCP
2025-11-15T01:13:21,1763169200.846506,   816440768.37,4346.379555,63116,24808,osion,2.346796e+02,2.312472e+01,-1.457705e+02,2.366832e+01,1.500102e+02,39,37.039747,0.067345,550,-4.317539e+00,0.164311,SCH
2025-11-15T01:13:24,1763169203.846499,   816440771.37,4349.379555,63116,24808,osion,2.337797e+02,2.312861e+01,-1.457238e+02,2.348492e+01,1.501979e+02,39,37.039747,0.067345,550,-4.144444e+00,0.164311,SCH
2025-11-15T01:13:27,1763169206.846493,   816440774.37,4352.379555,63116,24808,osion,2.328907e+02,2.313250e+01,-1.456772e+02,2.330140e+01,1.503857e+02,39,37.039747,0.067345,550,-4.062297e+00,0.164311,SCH
2025-11-15T01:13:30,1763169209.846487,   816440777.37,4355.379555,63116,24808,osion,2.320124e+02,2.313639e+01,-1.456307e+02,2.311776e+01,1.505737e+02,39,37.039747,0.067345,550,-3.901465e+00,0.164311,SCH
2025-11-15T01:13:33,1763169212.846482,   816440780.37,4358.379555,63116,24808,osion,2.311449e+02,2.314028e+01,-1.455844e+02,2.293401e+01,1.507617e+02,39,37.039747,0.067345,550,-3.407397e+00,0.164311,SCH
2025-11-15T01:13:35,1763169214.846478,   816440782.37,4360.379555,63116,24808,osion,2.305726e+02,2.314278e+01,-1.455536e+02,2.281144e+01,1.508865e+02,39,37.039747,0.067345,550,-3.195658e+00,0.164311,SCH
2025-11-15T01:13:38,1763169217.846463,   816440785.37,4363.379555,63116,24808,osion,2.297233e+02,2.314667e+01,-1.455075e+02,2.262749e+01,1.510747e+02,39,37.039747,0.067345,550,-2.687253e+00,0.164311,SCH
2025-11-15T01:13:41,1763169220.846485,   816440788.37,4366.379555,63116,24808,osion,2.288847e+02,2.315056e+01,-1.454615e+02,2.244343e+01,1.512631e+02,39,37.039747,0.067345,550,-1.626721e+00,0.164311,SCH
2025-11-15T01:13:44,1763169223.846395,   816440791.37,4369.379555,63116,24808,osion,2.280571e+02,2.315444e+01,-1.454156e+02,2.225925e+01,1.514515e+02,39,37.039747,0.067345,550,-1.420775e+00,0.164311,SCH
2025-11-15T01:13:47,1763169226.847453,   816440794.37,4372.379555,63116,24808,osion,2.272403e+02,2.315833e+01,-1.453699e+02,2.207497e+01,1.516400e+02,39,37.039747,0.067345,550,-1.567160e+00,0.164311,SCH
2025-11-15T01:13:50,1763169229.846453,   816440797.37,4375.379555,63116,24808,osion,2.264345e+02,2.316222e+01,-1.453243e+02,2.189057e+01,1.518287e+02,39,37.039747,0.067345,550,-1.855980e+00,0.164311,SCH
2025-11-15T01:13:53,1763169232.847436,   816440800.37,4378.379555,63116,24808,osion,2.256395e+02,2.316611e+01,-1.452788e+02,2.170607e+01,1.520174e+02,39,37.039747,0.067345,550,-2.011626e+00,0.164311,SCH
2025-11-15T01:13:56,1763169235.847427,   816440803.37,4381.379555,63116,24808,osion,2.248556e+02,2.317000e+01,-1.452334e+02,2.152146e+01,1.522062e+02,39,37.039747,0.067345,550,-2.159888e+00,0.164311,SCH
2025-11-15T01:13:59,1763169238.847430,   816440806.37,4384.379555,63116,24808,osion,2.240825e+02,2.317389e+01,-1.451881e+02,2.133675e+01,1.523951e+02,39,37.039747,0.067345,550,-2.320533e+00,0.164311,SCH
2025-11-15T01:14:02,1763169241.847420,   816440809.37,4387.379555,63116,24808,osion,2.233205e+02,2.317750e+01,-1.451430e+02,2.115193e+01,1.525823e+02,39,37.039747,0.067345,550,-2.458986e+00,0.164311,SCH
2025-11-15T01:14:05,1763169244.847414,   816440812.37,4390.379555,63116,24808,osion,2.225694e+02,2.318139e+01,-1.450980e+02,2.096700e+01,1.527714e+02,39,37.039747,0.067345,550,-2.516702e+00,0.164311,SCH
2025-11-15T01:14:08,1763169247.847407,   816440815.37,4393.379555,63116,24808,osion,2.218293e+02,2.318528e+01,-1.450531e+02,2.078198e+01,1.529606e+02,39,37.039747,0.067345,550,-2.341501e+00,0.164311,SCH
2025-11-15T01:14:11,1763169250.847401,   816440818.37,4396.379555,63116,24808,osion,2.211002e+02,2.318889e+01,-1.450083e+02,2.059685e+01,1.531481e+02,39,37.039747,0.067345,550,-2.272577e+00,0.164311,SCH
2025-11-15T01:14:13,1763169252.847397,   816440820.37,4398.379555,63116,24808,osion,2.206203e+02,2.319167e+01,-1.449785e+02,2.047338e+01,1.532755e+02,39,37.039747,0.067345,550,-2.278724e+00,0.164311,SCH
2025-11-15T01:14:16,1763169255.847391,   816440823.37,4401.379555,63116,24808,osion,2.199096e+02,2.319528e+01,-1.449339e+02,2.028809e+01,1.534631e+02,39,37.039747,0.067345,550,-2.594165e+00,0.164311,SCH
2025-11-15T01:14:19,1763169258.847385,   816440826.37,4404.379555,63116,24808,osion,2.192100e+02,2.319917e+01,-1.448894e+02,2.010270e+01,1.536526e+02,39,37.039747,0.067345,550,-2.685398e+00,0.164311,SCH
2025-11-15T01:14:22,1763169261.847378,   816440829.37,4407.379555,63116,24808,osion,2.185214e+02,2.320278e+01,-1.448450e+02,1.991722e+01,1.538403e+02,39,37.039747,0.067345,550,-2.696930e+00,0.164311,SCH
2025-11-15T01:14:25,1763169264.847372,   816440832.37,4410.379555,63116,24808,osion,2.178439e+02,2.320667e+01,-1.448008e+02,1.973164e+01,1.540299e+02,39,37.039747,0.067345,550,-2.913984e+00,0.164311,SCH
2025-11-15T01:14:28,1763169267.847366,   816440835.37,4413.379555,63116,24808,osion,2.171775e+02,2.321028e+01,-1.447566e+02,1.954597e+01,1.542177e+02,39,37.039747,0.067345,550,-3.243216e+00,0.164311,SCH
2025-11-15T01:14:31,1763169270.847360,   816440838.37,4416.379555,63116,24808,osion,2.165222e+02,2.321417e+01,-1.447126e+02,1.936021e+01,1.544075e+02,39,37.039747,0.067345,550,-3.539730e+00,0.164311,SCH
2025-11-15T01:14:34,1763169273.847354,   816440841.37,4419.379555,63116,24808,osion,2.158780e+02,2.321778e+01,-1.446686e+02,1.917435e+01,1.545955e+02,39,37.039747,0.067345,550,-3.544163e+00,0.164311,SCH
2025-11-15T01:14:37,1763169276.847348,   816440844.37,4422.379555,63116,24808,osion,2.152449e+02,2.322167e+01,-1.446248e+02,1.898841e+01,1.547853e+02,39,37.039747,0.067345,550,-2.843360e+00,0.164311,SCH
2025-11-15T01:14:40,1763169279.847341,   816440847.37,4425.379555,63116,24808,osion,2.146230e+02,2.322528e+01,-1.445810e+02,1.880238e+01,1.549734e+02,39,37.039747,0.067345,550,-3.004744e+00,0.164311,SCH
2025-11-15T01:14:43,1763169282.847335,   816440850.37,4428.379555,63116,24808,osion,2.140122e+02,2.322917e+01,-1.445374e+02,1.861627e+01,1.551634e+02,39,37.039747,0.067345,550,-2.884920e+00,0.164311,SCH
2025-11-15T01:14:46,1763169285.847329,   816440853.37,4431.379555,63116,24808,osion,2.134126e+02,2.323278e+01,-1.444939e+02,1.843007e+01,1.553516e+02,39,37.039747,0.067345,550,-2.713256e+00,0.164311,SCH
2025-11-15T01:14:48,1763169287.847325,   816440855.37,4433.379555,63116,24808,osion,2.130191e+02,2.323528e+01,-1.444649e+02,1.830589e+01,1.554776e+02,39,37.039747,0.067345,550,-2.889775e+00,0.164311,SCH
2025-11-15T01:14:51,1763169290.847319,   816440858.37,4436.379555,63116,24808,osion,2.124381e+02,2.323889e+01,-1.444215e+02,1.811955e+01,1.556659e+02,39,37.039747,0.067345,550,-3.304560e+00,0.164311,SCH
2025-11-15T01:14:54,1763169293.847312,   816440861.37,4439.379555,63116,24808,osion,2.118684e+02,2.324250e+01,-1.443783e+02,1.793313e+01,1.558541e+02,39,37.039747,0.067345,550,-3.767406e+00,0.164311,SCH
2025-11-15T01:14:57,1763169296.847305,   816440864.37,4442.379555,63116,24808,osion,2.113098e+02,2.324639e+01,-1.443351e+02,1.774664e+01,1.560444e+02,39,37.039747,0.067345,550,-4.100951e+00,0.164311,SCH
2025-11-15T01:15:00,1763169299.847299,   816440867.37,4445.379555,63116,24808,osion,2.107624e+02,2.325000e+01,-1.442920e+02,1.756006e+01,1.562327e+02,39,37.039747,0.067345,550,-3.810143e+00,0.164311,SCH
2025-11-15T01:15:03,1763169302.847293,   816440870.37,4448.379555,63116,24808,osion,2.102263e+02,2.325361e+01,-1.442491e+02,1.737340e+01,1.564210e+02,39,37.039747,0.067345,550,-3.681912e+00,0.164311,SCH
2025-11-15T01:18:31,1763169510.846860,   816441078.37,4656.379555,63116,24808,osion,2.008492e+02,2.349667e+01,-1.414462e+02,4.326103e+00,1.691614e+02,39,37.039747,0.067345,550,-9.515439e-01,0.164311,SCH
2025-11-15T01:18:40,1763169519.846842,   816441087.37,4665.379555,63116,24808,osion,2.016885e+02,2.350694e+01,-1.413304e+02,3.760631e+00,1.696701e+02,39,37.039747,0.067345,550,-1.946764e+00,0.164311,SCH
2025-11-15T01:18:43,1763169522.846835,   816441090.37,4668.379555,63116,24808,osion,2.019911e+02,2.351028e+01,-1.412919e+02,3.572193e+00,1.698368e+02,39,37.039747,0.067345,550,-2.274412e+00,0.164311,SCH
2025-11-15T01:18:47,1763169526.846826,   816441094.37,4672.379555,63116,24808,osion,2.024125e+02,2.351472e+01,-1.412405e+02,3.320987e+00,1.700575e+02,39,37.039747,0.067345,550,-2.698886e+00,0.164311,SCH
2025-11-15T01:18:51,1763169530.846819,   816441098.37,4676.379555,63116,24808,osion,2.028541e+02,2.351944e+01,-1.411892e+02,3.069835e+00,1.702794e+02,39,37.039747,0.067345,550,-3.664864e+00,0.164311,SCH
2025-11-15T01:18:55,1763169534.846810,   816441102.37,4680.379555,63116,24808,osion,2.033161e+02,2.352389e+01,-1.411380e+02,2.818742e+00,1.704961e+02,39,37.039747,0.067345,550,-5.028880e+00,0.164311,SCH
2025-11-15T01:18:58,1763169537.846804,   816441105.37,4683.379555,63116,24808,osion,2.036759e+02,2.352722e+01,-1.410996e+02,2.630462e+00,1.706572e+02,39,37.039747,0.067345,550,-5.854538e+00,0.164311,SCH
2025-11-15T01:19:02,1763169541.846796,   816441109.37,4687.379555,63116,24808,osion,2.041734e+02,2.353167e+01,-1.410484e+02,2.379478e+00,1.708700e+02,39,37.039747,0.067345,550,-5.911107e+00,0.164311,SCH
2025-11-15T01:19:06,1763169545.846787,   816441113.37,4691.379555,63116,24808,osion,2.046912e+02,2.353611e+01,-1.409973e+02,2.128560e+00,1.710803e+02,39,37.039747,0.067345,550,-5.884720e+00,0.164311,SCH
2025-11-15T01:19:09,1763169548.846781,   816441116.37,4694.379555,63116,24808,osion,2.050928e+02,2.353944e+01,-1.409590e+02,1.940419e+00,1.712363e+02,39,37.039747,0.067345,550,-5.859714e+00,0.164311,SCH
2025-11-15T01:19:13,1763169552.846772,   816441120.37,4698.379555,63116,24808,osion,2.056460e+02,2.354389e+01,-1.409080e+02,1.689627e+00,1.714418e+02,39,37.039747,0.067345,550,-5.353507e+00,0.164311,SCH
2025-11-15T01:19:17,1763169556.846765,   816441124.37,4702.379555,63116,24808,osion,2.062194e+02,2.354861e+01,-1.408570e+02,1.438912e+00,1.716476e+02,39,37.039747,0.067345,550,-5.316341e+00,0.164311,SCH
2025-11-15T01:19:21,1763169560.846756,   816441128.37,4706.379555,63116,24808,osion,2.068130e+02,2.355306e+01,-1.408060e+02,1.188275e+00,1.718469e+02,39,37.039747,0.067345,550,-4.692466e+00,0.164311,SCH
2025-11-15T01:19:24,1763169563.846749,   816441131.37,4709.379555,63116,24808,osion,2.072715e+02,2.355639e+01,-1.407678e+02,1.000352e+00,1.719941e+02,39,37.039747,0.067345,550,-2.482061e+00,0.164311,SCH
2025-11-15T01:19:28,1763169567.846742,   816441135.37,4713.379555,63116,24808,osion,2.079004e+02,2.356083e+01,-1.407169e+02,7.498625e-01,1.721872e+02,39,37.039747,0.067345,550,-1.573156e+00,0.164311,SCH
2025-11-15T01:19:32,1763169571.846733,   816441139.37,4717.379555,63116,24808,osion,2.085495e+02,2.356528e+01,-1.406660e+02,4.994621e-01,1.723763e+02,39,37.039747,0.067345,550,-2.085089e+00,0.164311,SCH
2025-11-15T01:19:35,1763169574.846727,   816441142.37,4720.379555,63116,24808,osion,2.090495e+02,2.356861e+01,-1.406279e+02,3.117211e-01,1.725153e+02,39,37.039747,0.067345,550,-2.310743e+00,0.164311,SCH
2025-11-15T01:19:39,1763169578.846718,   816441146.37,4724.379555,63116,24808,osion,2.097338e+02,2.357306e+01,-1.405770e+02,6.148338e-02,1.726968e+02,39,37.039747,0.067345,550,-1.982481e+00,0.164311,SCH
2025-11-15T01:19:43,1763169582.846710,   816441150.37,4728.379555,63116,24808,osion,2.104382e+02,2.357750e+01,-1.405262e+02,-1.886578e-01,1.728735e+02,39,37.039747,0.067345,550,-1.521440e+00,0.164311,SCH
2025-11-15T01:19:46,1763169585.846704,   816441153.37,4731.379555,63116,24808,osion,2.109797e+02,2.358083e+01,-1.404881e+02,-3.761969e-01,1.730026e+02,39,37.039747,0.067345,550,-1.383171e+00,0.164311,SCH
2025-11-15T01:19:50,1763169589.846696,   816441157.37,4735.379555,63116,24808,osion,2.117192e+02,2.358528e+01,-1.404374e+02,-6.261598e-01,1.731700e+02,39,37.039747,0.067345,550,-1.133260e+00,0.164311,SCH
2025-11-15T01:19:54,1763169593.846688,   816441161.37,4739.379555,63116,24808,osion,2.124788e+02,2.358972e+01,-1.403866e+02,-8.760154e-01,1.733315e+02,39,37.039747,0.067345,550,-1.308192e+00,0.164311,SCH
2025-11-15T01:19:57,1763169596.846681,   816441164.37,4742.379555,63116,24808,osion,2.130615e+02,2.359333e+01,-1.403486e+02,-1.063336e+00,1.734524e+02,39,37.039747,0.067345,550,-1.308197e+00,0.164311,SCH
2025-11-15T01:20:01,1763169600.846672,   816441168.37,4746.379555,63116,24808,osion,2.138561e+02,2.359778e+01,-1.402979e+02,-1.312998e+00,1.736027e+02,39,37.039747,0.067345,550,-1.308197e+00,0.164311,SCH
2025-11-15T01:20:05,1763169604.846665,   816441172.37,4750.379555,63116,24808,osion,2.146706e+02,2.360222e+01,-1.402472e+02,-1.562545e+00,1.737459e+02,39,37.039747,0.067345,550,-1.882649e+00,0.164311,SCH
2025-11-15T01:20:09,1763169608.846656,   816441176.37,4754.379555,63116,24808,osion,2.155050e+02,2.360667e+01,-1.401965e+02,-1.811974e+00,1.738815e+02,39,37.039747,0.067345,550,-1.910870e+00,0.164311,SCH
2025-11-15T01:10:57,1763169056.846805,   816440624.37,4202.379555,63116,24808,osion,2.901893e+02,2.292389e+01,-1.481969e+02,3.230690e+01,1.410933e+02,40,37.039747,0.067345,550,-2.378249e+00,0.164311,SCH
2025-11-15T01:13:00,1763169179.846549,   816440747.37,4325.379555,63116,24808,osion,2.412792e+02,2.309694e+01,-1.461014e+02,2.494868e+01,1.486964e+02,40,37.039747,0.067345,550,-5.400026e+00,0.164311,SCH
2025-11-15T01:13:15,1763169194.846518,   816440762.37,4340.379555,63116,24808,osion,2.365116e+02,2.311667e+01,-1.458644e+02,2.403476e+01,1.496335e+02,40,37.039747,0.067345,550,-4.919931e+00,0.164311,SCH
2025-11-15T01:13:35,1763169214.846478,   816440782.37,4360.379555,63116,24808,osion,2.305726e+02,2.314278e+01,-1.455536e+02,2.281144e+01,1.508865e+02,40,37.039747,0.067345,550,-3.195658e+00,0.164311,SCH
2025-11-15T01:14:31,1763169270.847360,   816440838.37,4416.379555,63116,24808,osion,2.165222e+02,2.321417e+01,-1.447126e+02,1.936021e+01,1.544075e+02,40,37.039747,0.067345,550,-3.539730e+00,0.164311,SCH
2025-11-15T01:14:43,1763169282.847335,   816440850.37,4428.379555,63116,24808,osion,2.140122e+02,2.322917e+01,-1.445374e+02,1.861627e+01,1.551634e+02,40,37.039747,0.067345,550,-2.884920e+00,0.164311,SCH
2025-11-15T01:14:46,1763169285.847329,   816440853.37,4431.379555,63116,24808,osion,2.134126e+02,2.323278e+01,-1.444939e+02,1.843007e+01,1.553516e+02,40,37.039747,0.067345,550,-2.713256e+00,0.164311,SCH
2025-11-15T01:17:43,1763169462.846960,   816441030.37,4608.379555,63116,24808,osion,1.981173e+02,2.344222e+01,-1.420691e+02,7.344534e+00,1.663483e+02,40,37.039747,0.067345,550,-2.308080e+00,0.164311,SCH
2025-11-15T01:18:19,1763169498.846885,   816441066.37,4644.379555,63116,24808,osion,1.998906e+02,2.348333e+01,-1.416010e+02,5.080385e+00,1.684756e+02,40,148.205345,0.269464,550,-8.215109e-01,0.082143,SCH
2025-11-15T01:18:25,1763169504.846872,   816441072.37,4650.379555,63116,24808,osion,2.003469e+02,2.349000e+01,-1.415235e+02,4.703204e+00,1.688201e+02,40,259.348386,0.471543,550,-7.396788e-01,0.062095,SCH
2025-11-15T01:18:31,1763169510.846860,   816441078.37,4656.379555,63116,24808,osion,2.008492e+02,2.349667e+01,-1.414462e+02,4.326103e+00,1.691614e+02,40,222.264248,0.404117,550,-9.515439e-01,0.067076,SCH
2025-11-15T01:18:58,1763169537.846804,   816441105.37,4683.379555,63116,24808,osion,2.036759e+02,2.352722e+01,-1.410996e+02,2.630462e+00,1.706572e+02,40,74.082613,0.134696,550,-5.854538e+00,0.116183,SCH
2025-11-15T01:19:50,1763169589.846696,   816441157.37,4735.379555,63116,24808,osion,2.117192e+02,2.358528e+01,-1.404374e+02,-6.261598e-01,1.731700e+02,40,37.039747,0.067345,550,-1.133260e+00,0.164311,SCH
2025-11-15T01:20:16,1763169615.846642,   816441183.37,4761.379555,63116,24808,osion,2.170132e+02,2.361444e+01,-1.401079e+02,-2.248179e+00,1.740990e+02,40,37.039747,0.067345,550,-1.680406e+00,0.164311,SCH
2025-11-15T01:20:39,1763169638.846593,   816441206.37,4784.379555,63116,24808,osion,2.223959e+02,2.364000e+01,-1.398167e+02,-3.678598e+00,1.746059e+02,40,37.039747,0.067345,550,-1.459322e+00,0.164311,SCH
2025-11-15T01:20:53,1763169652.846565,   816441220.37,4798.379555,63116,24808,osion,2.259915e+02,2.365556e+01,-1.396395e+02,-4.546978e+00,1.747318e+02,40,37.039747,0.067345,550,-1.915696e+00,0.164311,SCH
2025-11-15T01:21:01,1763169660.846548,   816441228.37,4806.379555,63116,24808,osion,2.281539e+02,2.366444e+01,-1.395382e+02,-5.042348e+00,1.747359e+02,40,37.039747,0.067345,550,-1.894681e+00,0.164311,SCH
2025-11-15T01:22:30,1763169749.847362,   816441317.37,4895.379555,63116,24808,osion,2.574033e+02,2.376417e+01,-1.384052e+02,-1.050438e+01,1.721260e+02,40,74.082613,0.134696,550,-2.747811e+00,0.116183,SCH
2025-11-15T01:25:32,1763169931.846983,   816441499.37,5077.379555,63116,24808,osion,3.452176e+02,2.397417e+01,-1.359906e+02,-2.129900e+01,1.621520e+02,40,37.039747,0.067345,550,-4.590071e+00,0.164311,SCH
2025-11-15T01:26:04,1763169963.846918,   816441531.37,5109.379555,63116,24808,osion,3.642490e+02,1.277778e-02,-1.355424e+02,-2.313241e+01,1.603216e+02,40,37.039747,0.067345,550,-1.959577e+00,0.164311,SCH
2025-11-15T01:26:18,1763169977.846888,   816441545.37,5123.379555,63116,24808,osion,3.728894e+02,3.000000e-02,-1.353434e+02,-2.392771e+01,1.595225e+02,40,37.039747,0.067345,550,-1.493699e+00,0.164311,SCH
2025-11-15T01:28:24,1763170103.846626,   816441671.37,5249.379555,63116,24808,osion,4.587370e+02,1.900000e-01,-1.334529e+02,-3.088675e+01,1.524363e+02,40,74.082613,0.134696,550,-5.697073e+00,0.116183,SCH
2025-11-15T01:29:52,1763170191.846442,   816441759.37,5337.379555,63116,24808,osion,5.265633e+02,3.105556e-01,-1.319996e+02,-3.552081e+01,1.476450e+02,40,37.039747,0.067345,550,-6.602064e+00,0.164311,SCH
2025-11-15T01:18:55,1763169534.846810,   816441102.37,4680.379555,63116,24808,osion,2.033161e+02,2.352389e+01,-1.411380e+02,2.818742e+00,1.704961e+02,41,37.039747,0.067345,550,-5.028880e+00,0.164311,SCH
2025-11-15T01:18:58,1763169537.846804,   816441105.37,4683.379555,63116,24808,osion,2.036759e+02,2.352722e+01,-1.410996e+02,2.630462e+00,1.706572e+02,41,37.039747,0.067345,550,-5.854538e+00,0.164311,SCH
2025-11-15T01:19:17,1763169556.846765,   816441124.37,4702.379555,63116,24808,osion,2.062194e+02,2.354861e+01,-1.408570e+02,1.438912e+00,1.716476e+02,41,37.039747,0.067345,550,-5.316341e+00,0.164311,SCH
2025-11-15T01:24:36,1763169875.847100,   816441443.37,5021.379555,63116,24808,osion,3.144006e+02,2.390833e+01,-1.367548e+02,-1.804075e+01,1.653523e+02,41,37.039747,0.067345,550,-4.026024e+00,0.164311,SCH
2025-11-15T01:24:56,1763169895.847058,   816441463.37,5041.379555,63116,24808,osion,3.250352e+02,2.393167e+01,-1.364845e+02,-1.921144e+01,1.642118e+02,41,37.039747,0.067345,550,-2.808762e+00,0.164311,SCH
2025-11-15T01:25:38,1763169937.846971,   816441505.37,5083.379555,63116,24808,osion,3.487088e+02,2.398139e+01,-1.359072e+02,-2.164438e+01,1.618085e+02,41,37.039747,0.067345,550,-3.414152e+00,0.164311,SCH
2025-11-15T01:26:10,1763169969.846904,   816441537.37,5115.379555,63116,24808,osion,3.679289e+02,2.000000e-02,-1.354574e+02,-2.347377e+01,1.599790e+02,41,37.039747,0.067345,550,-1.846071e+00,0.164311,SCH
2025-11-15T01:27:55,1763170074.846686,   816441642.37,5220.379555,63116,24808,osion,4.377443e+02,1.519444e-01,-1.339057e+02,-2.931788e+01,1.540464e+02,41,74.082613,0.134696,550,-4.171964e+00,0.116183,SCH
2025-11-15T01:18:19,1763169498.846885,   816441066.37,4644.379555,63116,24808,osion,1.998906e+02,2.348333e+01,-1.416010e+02,5.080385e+00,1.684756e+02,42,37.039747,0.067345,550,-8.215109e-01,0.164311,SCH
2025-11-15T01:18:31,1763169510.846860,   816441078.37,4656.379555,63116,24808,osion,2.008492e+02,2.349667e+01,-1.414462e+02,4.326103e+00,1.691614e+02,42,74.082613,0.134696,550,-9.515439e-01,0.116183,SCH
2025-11-15T01:18:40,1763169519.846842,   816441087.37,4665.379555,63116,24808,osion,2.016885e+02,2.350694e+01,-1.413304e+02,3.760631e+00,1.696701e+02,42,74.082613,0.134696,550,-1.946764e+00,0.116183,SCH
2025-11-15T01:18:43,1763169522.846835,   816441090.37,4668.379555,63116,24808,osion,2.019911e+02,2.351028e+01,-1.412919e+02,3.572193e+00,1.698368e+02,42,74.082613,0.134696,550,-2.274412e+00,0.116183,SCH
2025-11-15T01:18:47,1763169526.846826,   816441094.37,4672.379555,63116,24808,osion,2.024125e+02,2.351472e+01,-1.412405e+02,3.320987e+00,1.700575e+02,42,74.082613,0.134696,550,-2.698886e+00,0.116183,SCH
2025-11-15T01:18:51,1763169530.846819,   816441098.37,4676.379555,63116,24808,osion,2.028541e+02,2.351944e+01,-1.411892e+02,3.069835e+00,1.702794e+02,42,74.082613,0.134696,550,-3.664864e+00,0.116183,SCH
2025-11-15T01:18:55,1763169534.846810,   816441102.37,4680.379555,63116,24808,osion,2.033161e+02,2.352389e+01,-1.411380e+02,2.818742e+00,1.704961e+02,42,74.082613,0.134696,550,-5.028880e+00,0.116183,SCH
2025-11-15T01:18:58,1763169537.846804,   816441105.37,4683.379555,63116,24808,osion,2.036759e+02,2.352722e+01,-1.410996e+02,2.630462e+00,1.706572e+02,42,74.082613,0.134696,550,-5.854538e+00,0.116183,SCH
2025-11-15T01:19:02,1763169541.846796,   816441109.37,4687.379555,63116,24808,osion,2.041734e+02,2.353167e+01,-1.410484e+02,2.379478e+00,1.708700e+02,42,74.082613,0.134696,550,-5.911107e+00,0.116183,SCH
2025-11-15T01:19:06,1763169545.846787,   816441113.37,4691.379555,63116,24808,osion,2.046912e+02,2.353611e+01,-1.409973e+02,2.128560e+00,1.710803e+02,42,74.082613,0.134696,550,-5.884720e+00,0.116183,SCH
2025-11-15T01:19:09,1763169548.846781,   816441116.37,4694.379555,63116,24808,osion,2.050928e+02,2.353944e+01,-1.409590e+02,1.940419e+00,1.712363e+02,42,74.082613,0.134696,550,-5.859714e+00,0.116183,SCH
2025-11-15T01:19:13,1763169552.846772,   816441120.37,4698.379555,63116,24808,osion,2.056460e+02,2.354389e+01,-1.409080e+02,1.689627e+00,1.714418e+02,42,74.082613,0.134696,550,-5.353507e+00,0.116183,SCH
2025-11-15T01:19:17,1763169556.846765,   816441124.37,4702.379555,63116,24808,osion,2.062194e+02,2.354861e+01,-1.408570e+02,1.438912e+00,1.716476e+02,42,74.082613,0.134696,550,-5.316341e+00,0.116183,SCH
2025-11-15T01:19:21,1763169560.846756,   816441128.37,4706.379555,63116,24808,osion,2.068130e+02,2.355306e+01,-1.408060e+02,1.188275e+00,1.718469e+02,42,74.082613,0.134696,550,-4.692466e+00,0.116183,SCH
2025-11-15T01:19:24,1763169563.846749,   816441131.37,4709.379555,63116,24808,osion,2.072715e+02,2.355639e+01,-1.407678e+02,1.000352e+00,1.719941e+02,42,74.082613,0.134696,550,-2.482061e+00,0.116183,SCH
2025-11-15T01:19:28,1763169567.846742,   816441135.37,4713.379555,63116,24808,osion,2.079004e+02,2.356083e+01,-1.407169e+02,7.498625e-01,1.721872e+02,42,74.082613,0.134696,550,-1.573156e+00,0.116183,SCH
2025-11-15T01:19:32,1763169571.846733,   816441139.37,4717.379555,63116,24808,osion,2.085495e+02,2.356528e+01,-1.406660e+02,4.994621e-01,1.723763e+02,42,74.082613,0.134696,550,-2.085089e+00,0.116183,SCH
2025-11-15T01:19:35,1763169574.846727,   816441142.37,4720.379555,63116,24808,osion,2.090495e+02,2.356861e+01,-1.406279e+02,3.117211e-01,1.725153e+02,42,74.082613,0.134696,550,-2.310743e+00,0.116183,SCH
2025-11-15T01:19:39,1763169578.846718,   816441146.37,4724.379555,63116,24808,osion,2.097338e+02,2.357306e+01,-1.405770e+02,6.148338e-02,1.726968e+02,42,74.082613,0.134696,550,-1.982481e+00,0.116183,SCH
2025-11-15T01:19:43,1763169582.846710,   816441150.37,4728.379555,63116,24808,osion,2.104382e+02,2.357750e+01,-1.405262e+02,-1.886578e-01,1.728735e+02,42,74.082613,0.134696,550,-1.521440e+00,0.116183,SCH
2025-11-15T01:19:46,1763169585.846704,   816441153.37,4731.379555,63116,24808,osion,2.109797e+02,2.358083e+01,-1.404881e+02,-3.761969e-01,1.730026e+02,42,74.082613,0.134696,550,-1.383171e+00,0.116183,SCH
2025-11-15T01:19:50,1763169589.846696,   816441157.37,4735.379555,63116,24808,osion,2.117192e+02,2.358528e+01,-1.404374e+02,-6.261598e-01,1.731700e+02,42,74.082613,0.134696,550,-1.133260e+00,0.116183,SCH
2025-11-15T01:19:54,1763169593.846688,   816441161.37,4739.379555,63116,24808,osion,2.124788e+02,2.358972e+01,-1.403866e+02,-8.760154e-01,1.733315e+02,42,74.082613,0.134696,550,-1.308192e+00,0.116183,SCH
2025-11-15T01:19:57,1763169596.846681,   816441164.37,4742.379555,63116,24808,osion,2.130615e+02,2.359333e+01,-1.403486e+02,-1.063336e+00,1.734524e+02,42,74.082613,0.134696,550,-1.308197e+00,0.116183,SCH
2025-11-15T01:20:01,1763169600.846672,   816441168.37,4746.379555,63116,24808,osion,2.138561e+02,2.359778e+01,-1.402979e+02,-1.312998e+00,1.736027e+02,42,74.082613,0.134696,550,-1.308197e+00,0.116183,SCH
2025-11-15T01:20:05,1763169604.846665,   816441172.37,4750.379555,63116,24808,osion,2.146706e+02,2.360222e+01,-1.402472e+02,-1.562545e+00,1.737459e+02,42,74.082613,0.134696,550,-1.882649e+00,0.116183,SCH
2025-11-15T01:20:09,1763169608.846656,   816441176.37,4754.379555,63116,24808,osion,2.155050e+02,2.360667e+01,-1.401965e+02,-1.811974e+00,1.738815e+02,42,74.082613,0.134696,550,-1.910870e+00,0.116183,SCH
2025-11-15T01:16:43,1763169402.847085,   816440970.37,4548.379555,63116,24808,osion,1.988423e+02,2.337306e+01,-1.428644e+02,1.111696e+01,1.626811e+02,43,74.082613,0.134696,550,-2.184958e+00,0.116183,SCH
2025-11-15T01:16:47,1763169406.847076,   816440974.37,4552.379555,63116,24808,osion,1.986509e+02,2.337778e+01,-1.428107e+02,1.086570e+01,1.629292e+02,43,74.082613,0.134696,550,-2.280659e+00,0.116183,SCH
2025-11-15T01:16:51,1763169410.847068,   816440978.37,4556.379555,63116,24808,osion,1.984800e+02,2.338222e+01,-1.427571e+02,1.061438e+01,1.631748e+02,43,74.082613,0.134696,550,-2.189909e+00,0.116183,SCH
2025-11-15T01:16:54,1763169413.847062,   816440981.37,4559.379555,63116,24808,osion,1.983651e+02,2.338583e+01,-1.427169e+02,1.042587e+01,1.633611e+02,43,74.082613,0.134696,550,-2.140425e+00,0.116183,SCH
2025-11-15T01:16:58,1763169417.847054,   816440985.37,4563.379555,63116,24808,osion,1.982299e+02,2.339056e+01,-1.426635e+02,1.017448e+01,1.636084e+02,43,74.082613,0.134696,550,-2.260858e+00,0.116183,SCH
2025-11-15T01:17:02,1763169421.847046,   816440989.37,4567.379555,63116,24808,osion,1.981151e+02,2.339500e+01,-1.426102e+02,9.923049e+00,1.638530e+02,43,74.082613,0.134696,550,-2.127736e+00,0.116183,SCH
2025-11-15T01:17:06,1763169425.847037,   816440993.37,4571.379555,63116,24808,osion,1.980207e+02,2.339972e+01,-1.425569e+02,9.671587e+00,1.640996e+02,43,74.082613,0.134696,550,-2.368640e+00,0.116183,SCH
2025-11-15T01:17:09,1763169428.847030,   816440996.37,4574.379555,63116,24808,osion,1.979633e+02,2.340333e+01,-1.425171e+02,9.482970e+00,1.642849e+02,43,74.082613,0.134696,550,-2.497023e+00,0.116183,SCH
2025-11-15T01:17:13,1763169432.847023,   816441000.37,4578.379555,63116,24808,osion,1.979048e+02,2.340778e+01,-1.424640e+02,9.231456e+00,1.645285e+02,43,74.082613,0.134696,550,-2.284985e+00,0.116183,SCH
2025-11-15T01:17:17,1763169436.847014,   816441004.37,4582.379555,63116,24808,osion,1.978666e+02,2.341250e+01,-1.424111e+02,8.979916e+00,1.647740e+02,43,74.082613,0.134696,550,-2.283573e+00,0.116183,SCH
2025-11-15T01:17:20,1763169439.847008,   816441007.37,4585.379555,63116,24808,osion,1.978514e+02,2.341583e+01,-1.423714e+02,8.791248e+00,1.649560e+02,43,74.082613,0.134696,550,-2.309824e+00,0.116183,SCH
2025-11-15T01:17:24,1763169443.847000,   816441011.37,4589.379555,63116,24808,osion,1.978491e+02,2.342056e+01,-1.423186e+02,8.539672e+00,1.652006e+02,43,74.082613,0.134696,550,-2.146865e+00,0.116183,SCH
2025-11-15T01:17:28,1763169447.846991,   816441015.37,4593.379555,63116,24808,osion,1.978672e+02,2.342500e+01,-1.422659e+02,8.288082e+00,1.654423e+02,43,74.082613,0.134696,550,-1.945475e+00,0.116183,SCH
2025-11-15T01:17:31,1763169450.846985,   816441018.37,4596.379555,63116,24808,osion,1.978942e+02,2.342861e+01,-1.422265e+02,8.099380e+00,1.656257e+02,43,74.082613,0.134696,550,-2.066338e+00,0.116183,SCH
2025-11-15T01:17:35,1763169454.846976,   816441022.37,4600.379555,63116,24808,osion,1.979481e+02,2.343306e+01,-1.421739e+02,7.847770e+00,1.658664e+02,43,74.082613,0.134696,550,-2.274821e+00,0.116183,SCH
2025-11-15T01:17:39,1763169458.846969,   816441026.37,4604.379555,63116,24808,osion,1.980225e+02,2.343778e+01,-1.421215e+02,7.596153e+00,1.661089e+02,43,74.082613,0.134696,550,-2.295688e+00,0.116183,SCH
2025-11-15T01:17:43,1763169462.846960,   816441030.37,4608.379555,63116,24808,osion,1.981173e+02,2.344222e+01,-1.420691e+02,7.344534e+00,1.663483e+02,43,74.082613,0.134696,550,-2.308080e+00,0.116183,SCH
2025-11-15T01:17:46,1763169465.846954,   816441033.37,4611.379555,63116,24808,osion,1.982018e+02,2.344556e+01,-1.420298e+02,7.155819e+00,1.665274e+02,43,74.082613,0.134696,550,-2.291331e+00,0.116183,SCH
2025-11-15T01:17:50,1763169469.846946,   816441037.37,4615.379555,63116,24808,osion,1.983325e+02,2.345028e+01,-1.419776e+02,6.904203e+00,1.667680e+02,43,74.082613,0.134696,550,-2.253857e+00,0.116183,SCH
2025-11-15T01:17:54,1763169473.846937,   816441041.37,4619.379555,63116,24808,osion,1.984835e+02,2.345472e+01,-1.419254e+02,6.652592e+00,1.670054e+02,43,74.082613,0.134696,550,-2.171509e+00,0.116183,SCH
2025-11-15T01:17:57,1763169476.846931,   816441044.37,4622.379555,63116,24808,osion,1.986102e+02,2.345833e+01,-1.418863e+02,6.463891e+00,1.671854e+02,43,74.082613,0.134696,550,-2.300515e+00,0.116183,SCH
2025-11-15T01:18:01,1763169480.846922,   816441048.37,4626.379555,63116,24808,osion,1.987970e+02,2.346278e+01,-1.418343e+02,6.212300e+00,1.674213e+02,43,74.082613,0.134696,550,-2.114689e+00,0.116183,SCH
2025-11-15T01:18:05,1763169484.846914,   816441052.37,4630.379555,63116,24808,osion,1.990043e+02,2.346722e+01,-1.417823e+02,5.960725e+00,1.676562e+02,43,74.082613,0.134696,550,-2.091787e+00,0.116183,SCH
2025-11-15T01:18:08,1763169487.846908,   816441055.37,4633.379555,63116,24808,osion,1.991732e+02,2.347083e+01,-1.417434e+02,5.772056e+00,1.678344e+02,43,74.082613,0.134696,550,-1.457174e+00,0.116183,SCH
2025-11-15T01:18:12,1763169491.846900,   816441059.37,4637.379555,63116,24808,osion,1.994162e+02,2.347528e+01,-1.416916e+02,5.520516e+00,1.680675e+02,43,74.082613,0.134696,550,-8.636150e-01,0.116183,SCH
2025-11-15T01:18:19,1763169498.846885,   816441066.37,4644.379555,63116,24808,osion,1.998906e+02,2.348333e+01,-1.416010e+02,5.080385e+00,1.684756e+02,43,111.195882,0.202174,550,-8.215109e-01,0.094832,SCH
2025-11-15T01:18:25,1763169504.846872,   816441072.37,4650.379555,63116,24808,osion,2.003469e+02,2.349000e+01,-1.415235e+02,4.703204e+00,1.688201e+02,43,185.254347,0.336826,550,-7.396788e-01,0.073471,SCH
2025-11-15T01:26:39,1763169998.846843,   816441566.37,5144.379555,63116,24808,osion,3.862004e+02,5.583333e-02,-1.350411e+02,-2.511268e+01,1.583271e+02,43,37.039747,0.067345,550,-1.771279e+00,0.164311,SCH
2025-11-15T01:26:42,1763170001.846837,   816441569.37,5147.379555,63116,24808,osion,3.881358e+02,5.944444e-02,-1.349976e+02,-2.528117e+01,1.581568e+02,43,37.039747,0.067345,550,-1.867076e+00,0.164311,SCH
2025-11-15T01:26:45,1763170004.846831,   816441572.37,5150.379555,63116,24808,osion,3.900796e+02,6.305556e-02,-1.349539e+02,-2.544946e+01,1.579865e+02,43,37.039747,0.067345,550,-1.870607e+00,0.164311,SCH
2025-11-15T01:26:48,1763170007.846825,   816441575.37,5153.379555,63116,24808,osion,3.920317e+02,6.694444e-02,-1.349102e+02,-2.561755e+01,1.578162e+02,43,37.039747,0.067345,550,-2.084737e+00,0.164311,SCH
2025-11-15T01:26:50,1763170009.846821,   816441577.37,5155.379555,63116,24808,osion,3.933377e+02,6.944444e-02,-1.348810e+02,-2.572949e+01,1.577028e+02,43,37.039747,0.067345,550,-2.230953e+00,0.164311,SCH
2025-11-15T01:26:53,1763170012.846815,   816441580.37,5158.379555,63116,24808,osion,3.953037e+02,7.305556e-02,-1.348371e+02,-2.589724e+01,1.575329e+02,43,37.039747,0.067345,550,-2.439301e+00,0.164311,SCH
2025-11-15T01:26:56,1763170015.846809,   816441583.37,5161.379555,63116,24808,osion,3.972780e+02,7.694444e-02,-1.347930e+02,-2.606479e+01,1.573628e+02,43,37.039747,0.067345,550,-2.672369e+00,0.164311,SCH
2025-11-15T01:26:59,1763170018.846802,   816441586.37,5164.379555,63116,24808,osion,3.992605e+02,8.055556e-02,-1.347489e+02,-2.623213e+01,1.571931e+02,43,37.039747,0.067345,550,-2.913775e+00,0.164311,SCH
2025-11-15T01:27:02,1763170021.846796,   816441589.37,5167.379555,63116,24808,osion,4.012512e+02,8.444444e-02,-1.347047e+02,-2.639928e+01,1.570233e+02,43,37.039747,0.067345,550,-3.173552e+00,0.164311,SCH
2025-11-15T01:27:05,1763170024.846790,   816441592.37,5170.379555,63116,24808,osion,4.032501e+02,8.805556e-02,-1.346604e+02,-2.656621e+01,1.568539e+02,43,37.039747,0.067345,550,-3.470105e+00,0.164311,SCH
2025-11-15T01:27:08,1763170027.846784,   816441595.37,5173.379555,63116,24808,osion,4.052571e+02,9.194444e-02,-1.346160e+02,-2.673294e+01,1.566843e+02,43,37.039747,0.067345,550,-3.804025e+00,0.164311,SCH
2025-11-15T01:27:11,1763170030.846778,   816441598.37,5176.379555,63116,24808,osion,4.072723e+02,9.555556e-02,-1.345715e+02,-2.689947e+01,1.565151e+02,43,37.039747,0.067345,550,-4.163333e+00,0.164311,SCH
2025-11-15T01:27:14,1763170033.846771,   816441601.37,5179.379555,63116,24808,osion,4.092956e+02,9.944444e-02,-1.345268e+02,-2.706579e+01,1.563458e+02,43,37.039747,0.067345,550,-4.412416e+00,0.164311,SCH
2025-11-15T01:27:17,1763170036.846766,   816441604.37,5182.379555,63116,24808,osion,4.113270e+02,1.033333e-01,-1.344821e+02,-2.723190e+01,1.561767e+02,43,37.039747,0.067345,550,-4.332711e+00,0.164311,SCH
2025-11-15T01:27:20,1763170039.846759,   816441607.37,5185.379555,63116,24808,osion,4.133664e+02,1.069444e-01,-1.344372e+02,-2.739781e+01,1.560079e+02,43,37.039747,0.067345,550,-4.724859e+00,0.164311,SCH
2025-11-15T01:27:23,1763170042.846753,   816441610.37,5188.379555,63116,24808,osion,4.154138e+02,1.108333e-01,-1.343923e+02,-2.756351e+01,1.558390e+02,43,37.039747,0.067345,550,-5.221973e+00,0.164311,SCH
2025-11-15T01:27:25,1763170044.846749,   816441612.37,5190.379555,63116,24808,osion,4.167832e+02,1.133333e-01,-1.343622e+02,-2.767386e+01,1.557265e+02,43,37.039747,0.067345,550,-5.585942e+00,0.164311,SCH
2025-11-15T01:27:28,1763170047.846742,   816441615.37,5193.379555,63116,24808,osion,4.188439e+02,1.172222e-01,-1.343171e+02,-2.783921e+01,1.555578e+02,43,37.039747,0.067345,550,-5.858960e+00,0.164311,SCH
2025-11-15T01:27:31,1763170050.846735,   816441618.37,5196.379555,63116,24808,osion,4.209126e+02,1.211111e-01,-1.342719e+02,-2.800435e+01,1.553893e+02,43,37.039747,0.067345,550,-5.388034e+00,0.164311,SCH
2025-11-15T01:27:34,1763170053.846730,   816441621.37,5199.379555,63116,24808,osion,4.229892e+02,1.250000e-01,-1.342265e+02,-2.816928e+01,1.552209e+02,43,37.039747,0.067345,550,-4.878434e+00,0.164311,SCH
2025-11-15T01:27:37,1763170056.846723,   816441624.37,5202.379555,63116,24808,osion,4.250736e+02,1.286111e-01,-1.341810e+02,-2.833400e+01,1.550529e+02,43,37.039747,0.067345,550,-5.494953e+00,0.164311,SCH
2025-11-15T01:27:40,1763170059.846717,   816441627.37,5205.379555,63116,24808,osion,4.271660e+02,1.325000e-01,-1.341354e+02,-2.849851e+01,1.548848e+02,43,37.039747,0.067345,550,-5.546529e+00,0.164311,SCH
2025-11-15T01:27:43,1763170062.846711,   816441630.37,5208.379555,63116,24808,osion,4.292661e+02,1.363889e-01,-1.340897e+02,-2.866281e+01,1.547168e+02,43,37.039747,0.067345,550,-5.546596e+00,0.164311,SCH
2025-11-15T01:27:46,1763170065.846705,   816441633.37,5211.379555,63116,24808,osion,4.313740e+02,1.402778e-01,-1.340439e+02,-2.882690e+01,1.545490e+02,43,37.039747,0.067345,550,-5.533395e+00,0.164311,SCH
2025-11-15T01:27:49,1763170068.846698,   816441636.37,5214.379555,63116,24808,osion,4.334897e+02,1.441667e-01,-1.339980e+02,-2.899077e+01,1.543813e+02,43,37.039747,0.067345,550,-5.513825e+00,0.164311,SCH
2025-11-15T01:07:24,1763168843.847249,   816440411.37,3989.379555,63116,24808,osion,4.127259e+02,2.256333e+01,-1.527438e+02,4.430665e+01,1.284804e+02,44,37.039747,0.067345,550,-3.085674e+00,0.164311,SCH
2025-11-15T01:10:37,1763169036.846847,   816440604.37,4182.379555,63116,24808,osion,2.997373e+02,2.289389e+01,-1.485675e+02,3.347724e+01,1.398764e+02,44,37.039747,0.067345,550,-2.427999e+00,0.164311,SCH
2025-11-15T01:11:18,1763169077.846761,   816440645.37,4223.379555,63116,24808,osion,2.806320e+02,2.295500e+01,-1.478176e+02,3.106958e+01,1.423788e+02,44,37.039747,0.067345,550,-2.095359e+00,0.164311,SCH
2025-11-15T01:12:02,1763169121.846670,   816440689.37,4267.379555,63116,24808,osion,2.621965e+02,2.301778e+01,-1.470533e+02,2.845060e+01,1.450892e+02,44,37.039747,0.067345,550,-5.583447e+00,0.164311,SCH
2025-11-15T01:12:49,1763169168.846571,   816440736.37,4314.379555,63116,24808,osion,2.449447e+02,2.308222e+01,-1.462775e+02,2.561683e+01,1.480097e+02,44,37.039747,0.067345,550,-4.907369e+00,0.164311,SCH
2025-11-15T01:13:12,1763169191.846524,   816440759.37,4337.379555,63116,24808,osion,2.374437e+02,2.311278e+01,-1.459115e+02,2.421780e+01,1.494461e+02,44,185.254347,0.336826,550,-4.924294e+00,0.073471,SCH
2025-11-15T01:13:15,1763169194.846518,   816440762.37,4340.379555,63116,24808,osion,2.365116e+02,2.311667e+01,-1.458644e+02,2.403476e+01,1.496335e+02,44,74.082613,0.134696,550,-4.919931e+00,0.116183,SCH
2025-11-15T01:13:33,1763169212.846482,   816440780.37,4358.379555,63116,24808,osion,2.311449e+02,2.314028e+01,-1.455844e+02,2.293401e+01,1.507617e+02,44,111.195882,0.202174,550,-3.407397e+00,0.094832,SCH
2025-11-15T01:13:35,1763169214.846478,   816440782.37,4360.379555,63116,24808,osion,2.305726e+02,2.314278e+01,-1.455536e+02,2.281144e+01,1.508865e+02,44,37.039747,0.067345,550,-3.195658e+00,0.164311,SCH
2025-11-15T01:13:38,1763169217.846463,   816440785.37,4363.379555,63116,24808,osion,2.297233e+02,2.314667e+01,-1.455075e+02,2.262749e+01,1.510747e+02,44,74.082613,0.134696,550,-2.687253e+00,0.116183,SCH
2025-11-15T01:13:41,1763169220.846485,   816440788.37,4366.379555,63116,24808,osion,2.288847e+02,2.315056e+01,-1.454615e+02,2.244343e+01,1.512631e+02,44,74.082613,0.134696,550,-1.626721e+00,0.116183,SCH
2025-11-15T01:13:47,1763169226.847453,   816440794.37,4372.379555,63116,24808,osion,2.272403e+02,2.315833e+01,-1.453699e+02,2.207497e+01,1.516400e+02,44,148.205345,0.269464,550,-1.567160e+00,0.082143,SCH
2025-11-15T01:13:53,1763169232.847436,   816440800.37,4378.379555,63116,24808,osion,2.256395e+02,2.316611e+01,-1.452788e+02,2.170607e+01,1.520174e+02,44,148.205345,0.269464,550,-2.011626e+00,0.082143,SCH
2025-11-15T01:13:56,1763169235.847427,   816440803.37,4381.379555,63116,24808,osion,2.248556e+02,2.317000e+01,-1.452334e+02,2.152146e+01,1.522062e+02,44,74.082613,0.134696,550,-2.159888e+00,0.116183,SCH
2025-11-15T01:14:02,1763169241.847420,   816440809.37,4387.379555,63116,24808,osion,2.233205e+02,2.317750e+01,-1.451430e+02,2.115193e+01,1.525823e+02,44,111.195882,0.202174,550,-2.458986e+00,0.094832,SCH
2025-11-15T01:14:05,1763169244.847414,   816440812.37,4390.379555,63116,24808,osion,2.225694e+02,2.318139e+01,-1.450980e+02,2.096700e+01,1.527714e+02,44,111.195882,0.202174,550,-2.516702e+00,0.094832,SCH
2025-11-15T01:14:08,1763169247.847407,   816440815.37,4393.379555,63116,24808,osion,2.218293e+02,2.318528e+01,-1.450531e+02,2.078198e+01,1.529606e+02,44,37.039747,0.067345,550,-2.341501e+00,0.164311,SCH
2025-11-15T01:14:11,1763169250.847401,   816440818.37,4396.379555,63116,24808,osion,2.211002e+02,2.318889e+01,-1.450083e+02,2.059685e+01,1.531481e+02,44,37.039747,0.067345,550,-2.272577e+00,0.164311,SCH
2025-11-15T01:14:13,1763169252.847397,   816440820.37,4398.379555,63116,24808,osion,2.206203e+02,2.319167e+01,-1.449785e+02,2.047338e+01,1.532755e+02,44,37.039747,0.067345,550,-2.278724e+00,0.164311,SCH
2025-11-15T01:14:16,1763169255.847391,   816440823.37,4401.379555,63116,24808,osion,2.199096e+02,2.319528e+01,-1.449339e+02,2.028809e+01,1.534631e+02,44,37.039747,0.067345,550,-2.594165e+00,0.164311,SCH
2025-11-15T01:14:19,1763169258.847385,   816440826.37,4404.379555,63116,24808,osion,2.192100e+02,2.319917e+01,-1.448894e+02,2.010270e+01,1.536526e+02,44,37.039747,0.067345,550,-2.685398e+00,0.164311,SCH
2025-11-15T01:14:22,1763169261.847378,   816440829.37,4407.379555,63116,24808,osion,2.185214e+02,2.320278e+01,-1.448450e+02,1.991722e+01,1.538403e+02,44,296.311945,0.538749,550,-2.696930e+00,0.058093,SCH
2025-11-15T01:14:25,1763169264.847372,   816440832.37,4410.379555,63116,24808,osion,2.178439e+02,2.320667e+01,-1.448008e+02,1.973164e+01,1.540299e+02,44,185.254347,0.336826,550,-2.913984e+00,0.073471,SCH
2025-11-15T01:14:28,1763169267.847366,   816440835.37,4413.379555,63116,24808,osion,2.171775e+02,2.321028e+01,-1.447566e+02,1.954597e+01,1.542177e+02,44,296.311945,0.538749,550,-3.243216e+00,0.058093,SCH
2025-11-15T01:14:31,1763169270.847360,   816440838.37,4416.379555,63116,24808,osion,2.165222e+02,2.321417e+01,-1.447126e+02,1.936021e+01,1.544075e+02,44,370.397465,0.673450,550,-3.539730e+00,0.051960,SCH
2025-11-15T01:14:34,1763169273.847354,   816440841.37,4419.379555,63116,24808,osion,2.158780e+02,2.321778e+01,-1.446686e+02,1.917435e+01,1.545955e+02,44,148.205345,0.269464,550,-3.544163e+00,0.082143,SCH
2025-11-15T01:14:37,1763169276.847348,   816440844.37,4422.379555,63116,24808,osion,2.152449e+02,2.322167e+01,-1.446248e+02,1.898841e+01,1.547853e+02,44,185.254347,0.336826,550,-2.843360e+00,0.073471,SCH
2025-11-15T01:14:43,1763169282.847335,   816440850.37,4428.379555,63116,24808,osion,2.140122e+02,2.322917e+01,-1.445374e+02,1.861627e+01,1.551634e+02,44,74.082613,0.134696,550,-2.884920e+00,0.116183,SCH
2025-11-15T01:14:46,1763169285.847329,   816440853.37,4431.379555,63116,24808,osion,2.134126e+02,2.323278e+01,-1.444939e+02,1.843007e+01,1.553516e+02,44,37.039747,0.067345,550,-2.713256e+00,0.164311,SCH
2025-11-15T01:14:48,1763169287.847325,   816440855.37,4433.379555,63116,24808,osion,2.130191e+02,2.323528e+01,-1.444649e+02,1.830589e+01,1.554776e+02,44,259.348386,0.471543,550,-2.889775e+00,0.062095,SCH
2025-11-15T01:14:51,1763169290.847319,   816440858.37,4436.379555,63116,24808,osion,2.124381e+02,2.323889e+01,-1.444215e+02,1.811955e+01,1.556659e+02,44,222.264248,0.404117,550,-3.304560e+00,0.067076,SCH
2025-11-15T01:15:09,1763169308.847281,   816440876.37,4454.379555,63116,24808,osion,2.091878e+02,2.326111e+01,-1.441634e+02,1.699987e+01,1.567998e+02,44,74.082613,0.134696,550,-3.713084e+00,0.116183,SCH
2025-11-15T01:15:22,1763169321.847254,   816440889.37,4467.379555,63116,24808,osion,2.070923e+02,2.327694e+01,-1.439790e+02,1.618956e+01,1.576177e+02,44,37.039747,0.067345,550,-2.331938e+00,0.164311,SCH
2025-11-15T01:15:44,1763169343.847208,   816440911.37,4489.379555,63116,24808,osion,2.040300e+02,2.330333e+01,-1.436707e+02,1.481547e+01,1.589988e+02,44,37.039747,0.067345,550,-2.274458e+00,0.164311,SCH
2025-11-15T01:16:10,1763169369.847154,   816440937.37,4515.379555,63116,24808,osion,2.011991e+02,2.333417e+01,-1.433120e+02,1.318768e+01,1.606262e+02,44,74.082613,0.134696,550,-2.121480e+00,0.116183,SCH
2025-11-15T01:16:36,1763169395.847100,   816440963.37,4541.379555,63116,24808,osion,1.992264e+02,2.336472e+01,-1.429587e+02,1.155656e+01,1.622457e+02,44,37.039747,0.067345,550,-1.978733e+00,0.164311,SCH
2025-11-15T01:16:40,1763169399.847091,   816440967.37,4545.379555,63116,24808,osion,1.989993e+02,2.336944e+01,-1.429047e+02,1.130538e+01,1.624943e+02,44,111.195882,0.202174,550,-2.045908e+00,0.094832,SCH
2025-11-15T01:16:43,1763169402.847085,   816440970.37,4548.379555,63116,24808,osion,1.988423e+02,2.337306e+01,-1.428644e+02,1.111696e+01,1.626811e+02,44,37.039747,0.067345,550,-2.184958e+00,0.164311,SCH
2025-11-15T01:16:47,1763169406.847076,   816440974.37,4552.379555,63116,24808,osion,1.986509e+02,2.337778e+01,-1.428107e+02,1.086570e+01,1.629292e+02,44,37.039747,0.067345,550,-2.280659e+00,0.164311,SCH
2025-11-15T01:16:58,1763169417.847054,   816440985.37,4563.379555,63116,24808,osion,1.982299e+02,2.339056e+01,-1.426635e+02,1.017448e+01,1.636084e+02,44,37.039747,0.067345,550,-2.260858e+00,0.164311,SCH
2025-11-15T01:17:06,1763169425.847037,   816440993.37,4571.379555,63116,24808,osion,1.980207e+02,2.339972e+01,-1.425569e+02,9.671587e+00,1.640996e+02,44,74.082613,0.134696,550,-2.368640e+00,0.116183,SCH
2025-11-15T01:17:39,1763169458.846969,   816441026.37,4604.379555,63116,24808,osion,1.980225e+02,2.343778e+01,-1.421215e+02,7.596153e+00,1.661089e+02,44,74.082613,0.134696,550,-2.295688e+00,0.116183,SCH
2025-11-15T01:17:43,1763169462.846960,   816441030.37,4608.379555,63116,24808,osion,1.981173e+02,2.344222e+01,-1.420691e+02,7.344534e+00,1.663483e+02,44,37.039747,0.067345,550,-2.308080e+00,0.164311,SCH
2025-11-15T01:17:46,1763169465.846954,   816441033.37,4611.379555,63116,24808,osion,1.982018e+02,2.344556e+01,-1.420298e+02,7.155819e+00,1.665274e+02,44,74.082613,0.134696,550,-2.291331e+00,0.116183,SCH
2025-11-15T01:17:50,1763169469.846946,   816441037.37,4615.379555,63116,24808,osion,1.983325e+02,2.345028e+01,-1.419776e+02,6.904203e+00,1.667680e+02,44,148.205345,0.269464,550,-2.253857e+00,0.082143,SCH
2025-11-15T01:17:54,1763169473.846937,   816441041.37,4619.379555,63116,24808,osion,1.984835e+02,2.345472e+01,-1.419254e+02,6.652592e+00,1.670054e+02,44,74.082613,0.134696,550,-2.171509e+00,0.116183,SCH
2025-11-15T01:17:57,1763169476.846931,   816441044.37,4622.379555,63116,24808,osion,1.986102e+02,2.345833e+01,-1.418863e+02,6.463891e+00,1.671854e+02,44,148.205345,0.269464,550,-2.300515e+00,0.082143,SCH
2025-11-15T01:18:01,1763169480.846922,   816441048.37,4626.379555,63116,24808,osion,1.987970e+02,2.346278e+01,-1.418343e+02,6.212300e+00,1.674213e+02,44,259.348386,0.471543,550,-2.114689e+00,0.062095,SCH
2025-11-15T01:18:05,1763169484.846914,   816441052.37,4630.379555,63116,24808,osion,1.990043e+02,2.346722e+01,-1.417823e+02,5.960725e+00,1.676562e+02,44,37.039747,0.067345,550,-2.091787e+00,0.164311,SCH
2025-11-15T01:18:08,1763169487.846908,   816441055.37,4633.379555,63116,24808,osion,1.991732e+02,2.347083e+01,-1.417434e+02,5.772056e+00,1.678344e+02,44,518.564711,0.942845,550,-1.457174e+00,0.043914,SCH
2025-11-15T01:18:12,1763169491.846900,   816441059.37,4637.379555,63116,24808,osion,1.994162e+02,2.347528e+01,-1.416916e+02,5.520516e+00,1.680675e+02,44,1259.348428,2.289724,550,-8.636150e-01,0.028179,SCH
2025-11-15T01:18:19,1763169498.846885,   816441066.37,4644.379555,63116,24808,osion,1.998906e+02,2.348333e+01,-1.416010e+02,5.080385e+00,1.684756e+02,44,3555.629396,6.464781,550,-8.215109e-01,0.016770,SCH
2025-11-15T01:18:25,1763169504.846872,   816441072.37,4650.379555,63116,24808,osion,2.003469e+02,2.349000e+01,-1.415235e+02,4.703204e+00,1.688201e+02,44,4777.831746,8.686967,550,-7.396788e-01,0.014467,SCH
2025-11-15T01:18:31,1763169510.846860,   816441078.37,4656.379555,63116,24808,osion,2.008492e+02,2.349667e+01,-1.414462e+02,4.326103e+00,1.691614e+02,44,1185.216168,2.154938,550,-9.515439e-01,0.029047,SCH
2025-11-15T01:18:40,1763169519.846842,   816441087.37,4665.379555,63116,24808,osion,2.016885e+02,2.350694e+01,-1.413304e+02,3.760631e+00,1.696701e+02,44,851.869745,1.548854,550,-1.946764e+00,0.034262,SCH
2025-11-15T01:18:43,1763169522.846835,   816441090.37,4668.379555,63116,24808,osion,2.019911e+02,2.351028e+01,-1.412919e+02,3.572193e+00,1.698368e+02,44,555.567956,1.010124,550,-2.274412e+00,0.042426,SCH
2025-11-15T01:18:47,1763169526.846826,   816441094.37,4672.379555,63116,24808,osion,2.024125e+02,2.351472e+01,-1.412405e+02,3.320987e+00,1.700575e+02,44,518.564711,0.942845,550,-2.698886e+00,0.043914,SCH
2025-11-15T01:18:51,1763169530.846819,   816441098.37,4676.379555,63116,24808,osion,2.028541e+02,2.351944e+01,-1.411892e+02,3.069835e+00,1.702794e+02,44,111.195882,0.202174,550,-3.664864e+00,0.094832,SCH
2025-11-15T01:18:55,1763169534.846810,   816441102.37,4680.379555,63116,24808,osion,2.033161e+02,2.352389e+01,-1.411380e+02,2.818742e+00,1.704961e+02,44,1074.111522,1.952930,550,-5.028880e+00,0.030512,SCH
2025-11-15T01:18:58,1763169537.846804,   816441105.37,4683.379555,63116,24808,osion,2.036759e+02,2.352722e+01,-1.410996e+02,2.630462e+00,1.706572e+02,44,1111.180885,2.020329,550,-5.854538e+00,0.029999,SCH
2025-11-15T01:19:02,1763169541.846796,   816441109.37,4687.379555,63116,24808,osion,2.041734e+02,2.353167e+01,-1.410484e+02,2.379478e+00,1.708700e+02,44,111.195882,0.202174,550,-5.911107e+00,0.094832,SCH
2025-11-15T01:19:06,1763169545.846787,   816441113.37,4691.379555,63116,24808,osion,2.046912e+02,2.353611e+01,-1.409973e+02,2.128560e+00,1.710803e+02,44,74.082613,0.134696,550,-5.884720e+00,0.116183,SCH
2025-11-15T01:19:09,1763169548.846781,   816441116.37,4694.379555,63116,24808,osion,2.050928e+02,2.353944e+01,-1.409590e+02,1.940419e+00,1.712363e+02,44,259.348386,0.471543,550,-5.859714e+00,0.062095,SCH
2025-11-15T01:19:13,1763169552.846772,   816441120.37,4698.379555,63116,24808,osion,2.056460e+02,2.354389e+01,-1.409080e+02,1.689627e+00,1.714418e+02,44,333.360428,0.606110,550,-5.353507e+00,0.054770,SCH
2025-11-15T01:19:17,1763169556.846765,   816441124.37,4702.379555,63116,24808,osion,2.062194e+02,2.354861e+01,-1.408570e+02,1.438912e+00,1.716476e+02,44,2111.190328,3.838528,550,-5.316341e+00,0.021764,SCH
2025-11-15T01:19:21,1763169560.846756,   816441128.37,4706.379555,63116,24808,osion,2.068130e+02,2.355306e+01,-1.408060e+02,1.188275e+00,1.718469e+02,44,222.264248,0.404117,550,-4.692466e+00,0.067076,SCH
2025-11-15T01:19:24,1763169563.846749,   816441131.37,4709.379555,63116,24808,osion,2.072715e+02,2.355639e+01,-1.407678e+02,1.000352e+00,1.719941e+02,44,481.557712,0.875559,550,-2.482061e+00,0.045570,SCH
2025-11-15T01:19:28,1763169567.846742,   816441135.37,4713.379555,63116,24808,osion,2.079004e+02,2.356083e+01,-1.407169e+02,7.498625e-01,1.721872e+02,44,407.425231,0.740773,550,-1.573156e+00,0.049542,SCH
2025-11-15T01:19:32,1763169571.846733,   816441139.37,4717.379555,63116,24808,osion,2.085495e+02,2.356528e+01,-1.406660e+02,4.994621e-01,1.723763e+02,44,37.039747,0.067345,550,-2.085089e+00,0.164311,SCH
2025-11-15T01:19:35,1763169574.846727,   816441142.37,4720.379555,63116,24808,osion,2.090495e+02,2.356861e+01,-1.406279e+02,3.117211e-01,1.725153e+02,44,148.205345,0.269464,550,-2.310743e+00,0.082143,SCH
2025-11-15T01:19:39,1763169578.846718,   816441146.37,4724.379555,63116,24808,osion,2.097338e+02,2.357306e+01,-1.405770e+02,6.148338e-02,1.726968e+02,44,111.195882,0.202174,550,-1.982481e+00,0.094832,SCH
2025-11-15T01:19:43,1763169582.846710,   816441150.37,4728.379555,63116,24808,osion,2.104382e+02,2.357750e+01,-1.405262e+02,-1.886578e-01,1.728735e+02,44,148.205345,0.269464,550,-1.521440e+00,0.082143,SCH
2025-11-15T01:19:46,1763169585.846704,   816441153.37,4731.379555,63116,24808,osion,2.109797e+02,2.358083e+01,-1.404881e+02,-3.761969e-01,1.730026e+02,44,444.445580,0.808083,550,-1.383171e+00,0.047434,SCH
2025-11-15T01:19:50,1763169589.846696,   816441157.37,4735.379555,63116,24808,osion,2.117192e+02,2.358528e+01,-1.404374e+02,-6.261598e-01,1.731700e+02,44,185.254347,0.336826,550,-1.133260e+00,0.073471,SCH
2025-11-15T01:19:54,1763169593.846688,   816441161.37,4739.379555,63116,24808,osion,2.124788e+02,2.358972e+01,-1.403866e+02,-8.760154e-01,1.733315e+02,44,111.195882,0.202174,550,-1.308192e+00,0.094832,SCH
2025-11-15T01:20:09,1763169608.846656,   816441176.37,4754.379555,63116,24808,osion,2.155050e+02,2.360667e+01,-1.401965e+02,-1.811974e+00,1.738815e+02,44,37.039747,0.067345,550,-1.910870e+00,0.164311,SCH
2025-11-15T01:20:13,1763169612.846647,   816441180.37,4758.379555,63116,24808,osion,2.163594e+02,2.361111e+01,-1.401458e+02,-2.061281e+00,1.740090e+02,44,74.082613,0.134696,550,-1.588004e+00,0.116183,SCH
2025-11-15T01:20:16,1763169615.846642,   816441183.37,4761.379555,63116,24808,osion,2.170132e+02,2.361444e+01,-1.401079e+02,-2.248179e+00,1.740990e+02,44,74.082613,0.134696,550,-1.680406e+00,0.116183,SCH
2025-11-15T01:20:20,1763169619.846633,   816441187.37,4765.379555,63116,24808,osion,2.179023e+02,2.361889e+01,-1.400572e+02,-2.497267e+00,1.742112e+02,44,148.205345,0.269464,550,-1.874971e+00,0.082143,SCH
2025-11-15T01:20:24,1763169623.846625,   816441191.37,4769.379555,63116,24808,osion,2.188112e+02,2.362333e+01,-1.400066e+02,-2.746223e+00,1.743139e+02,44,111.195882,0.202174,550,-1.930947e+00,0.094832,SCH
2025-11-15T01:20:28,1763169627.846617,   816441195.37,4773.379555,63116,24808,osion,2.197400e+02,2.362778e+01,-1.399559e+02,-2.995047e+00,1.744065e+02,44,111.195882,0.202174,550,-1.916041e+00,0.094832,SCH
2025-11-15T01:20:31,1763169630.846610,   816441198.37,4776.379555,63116,24808,osion,2.204495e+02,2.363111e+01,-1.399180e+02,-3.181575e+00,1.744692e+02,44,222.264248,0.404117,550,-1.699471e+00,0.067076,SCH
2025-11-15T01:20:35,1763169634.846602,   816441202.37,4780.379555,63116,24808,osion,2.214129e+02,2.363556e+01,-1.398673e+02,-3.430158e+00,1.745431e+02,44,333.360428,0.606110,550,-1.451144e+00,0.054770,SCH
2025-11-15T01:20:39,1763169638.846593,   816441206.37,4784.379555,63116,24808,osion,2.223959e+02,2.364000e+01,-1.398167e+02,-3.678598e+00,1.746059e+02,44,74.082613,0.134696,550,-1.459322e+00,0.116183,SCH
2025-11-15T01:20:42,1763169641.846588,   816441209.37,4787.379555,63116,24808,osion,2.231462e+02,2.364333e+01,-1.397787e+02,-3.864834e+00,1.746453e+02,44,259.348386,0.471543,550,-1.457482e+00,0.062095,SCH
2025-11-15T01:20:46,1763169645.846579,   816441213.37,4791.379555,63116,24808,osion,2.241637e+02,2.364778e+01,-1.397281e+02,-4.113018e+00,1.746874e+02,44,259.348386,0.471543,550,-1.538778e+00,0.062095,SCH
2025-11-15T01:20:50,1763169649.846570,   816441217.37,4795.379555,63116,24808,osion,2.252008e+02,2.365222e+01,-1.396775e+02,-4.361053e+00,1.747174e+02,44,222.264248,0.404117,550,-1.935106e+00,0.067076,SCH
2025-11-15T01:20:53,1763169652.846565,   816441220.37,4798.379555,63116,24808,osion,2.259915e+02,2.365556e+01,-1.396395e+02,-4.546978e+00,1.747318e+02,44,148.205345,0.269464,550,-1.915696e+00,0.082143,SCH
2025-11-15T01:21:05,1763169664.846539,   816441232.37,4810.379555,63116,24808,osion,2.292644e+02,2.366889e+01,-1.394875e+02,-5.289792e+00,1.747193e+02,44,37.039747,0.067345,550,-1.886529e+00,0.164311,SCH
2025-11-15T01:21:16,1763169675.846517,   816441243.37,4821.379555,63116,24808,osion,2.324184e+02,2.368139e+01,-1.393481e+02,-5.969404e+00,1.746147e+02,44,74.082613,0.134696,550,-1.192964e+00,0.116183,SCH
2025-11-15T01:21:19,1763169678.846511,   816441246.37,4824.379555,63116,24808,osion,2.333041e+02,2.368472e+01,-1.393101e+02,-6.154529e+00,1.745697e+02,44,37.039747,0.067345,550,-1.449881e+00,0.164311,SCH
2025-11-15T01:21:23,1763169682.846502,   816441250.37,4828.379555,63116,24808,osion,2.345019e+02,2.368917e+01,-1.392593e+02,-6.401207e+00,1.745000e+02,44,37.039747,0.067345,550,-2.034041e+00,0.164311,SCH
2025-11-15T01:21:38,1763169697.846471,   816441265.37,4843.379555,63116,24808,osion,2.391653e+02,2.370583e+01,-1.390689e+02,-7.324645e+00,1.741468e+02,44,222.264248,0.404117,550,-2.615967e+00,0.067076,SCH
2025-11-15T01:21:41,1763169700.846465,   816441268.37,4846.379555,63116,24808,osion,2.401304e+02,2.370917e+01,-1.390308e+02,-7.509018e+00,1.740603e+02,44,185.254347,0.336826,550,-2.798786e+00,0.073471,SCH
2025-11-15T01:21:45,1763169704.846456,   816441272.37,4850.379555,63116,24808,osion,2.414339e+02,2.371361e+01,-1.389799e+02,-7.754682e+00,1.739377e+02,44,185.254347,0.336826,550,-3.337132e+00,0.073471,SCH
2025-11-15T01:22:30,1763169749.847362,   816441317.37,4895.379555,63116,24808,osion,2.574033e+02,2.376417e+01,-1.384052e+02,-1.050438e+01,1.721260e+02,44,444.445580,0.808083,550,-2.747811e+00,0.047434,SCH
2025-11-15T01:22:33,1763169752.847356,   816441320.37,4898.379555,63116,24808,osion,2.585523e+02,2.376750e+01,-1.383667e+02,-1.068672e+01,1.719842e+02,44,444.445580,0.808083,550,-2.263033e+00,0.047434,SCH
2025-11-15T01:22:36,1763169755.847350,   816441323.37,4901.379555,63116,24808,osion,2.597118e+02,2.377083e+01,-1.383282e+02,-1.086894e+01,1.718406e+02,44,222.264248,0.404117,550,-2.151265e+00,0.067076,SCH
2025-11-15T01:22:42,1763169761.847338,   816441329.37,4907.379555,63116,24808,osion,2.620619e+02,2.377778e+01,-1.382510e+02,-1.123298e+01,1.715500e+02,44,74.082613,0.134696,550,-1.665077e+00,0.116183,SCH
2025-11-15T01:22:48,1763169767.847326,   816441335.37,4913.379555,63116,24808,osion,2.644535e+02,2.378444e+01,-1.381738e+02,-1.159651e+01,1.712516e+02,44,222.264248,0.404117,550,-1.777035e+00,0.067076,SCH
2025-11-15T01:22:51,1763169770.847319,   816441338.37,4916.379555,63116,24808,osion,2.656648e+02,2.378778e+01,-1.381351e+02,-1.177807e+01,1.711003e+02,44,37.039747,0.067345,550,-2.219779e+00,0.164311,SCH
2025-11-15T01:22:54,1763169773.847313,   816441341.37,4919.379555,63116,24808,osion,2.668864e+02,2.379111e+01,-1.380963e+02,-1.195949e+01,1.709478e+02,44,37.039747,0.067345,550,-2.090291e+00,0.164311,SCH
2025-11-15T01:23:08,1763169787.847283,   816441355.37,4933.379555,63116,24808,osion,2.727231e+02,2.380694e+01,-1.379152e+02,-1.280435e+01,1.702223e+02,44,37.039747,0.067345,550,-1.232381e+00,0.164311,SCH
2025-11-15T01:23:17,1763169796.847265,   816441364.37,4942.379555,63116,24808,osion,2.765926e+02,2.381722e+01,-1.377983e+02,-1.334586e+01,1.697453e+02,44,37.039747,0.067345,550,-2.264194e+00,0.164311,SCH
2025-11-15T01:23:34,1763169813.847229,   816441381.37,4959.379555,63116,24808,osion,2.841498e+02,2.383667e+01,-1.375765e+02,-1.436517e+01,1.688257e+02,44,37.039747,0.067345,550,-2.373309e+00,0.164311,SCH
2025-11-15T01:23:37,1763169816.847223,   816441384.37,4962.379555,63116,24808,osion,2.855169e+02,2.384000e+01,-1.375373e+02,-1.454456e+01,1.686610e+02,44,37.039747,0.067345,550,-2.367926e+00,0.164311,SCH
2025-11-15T01:23:43,1763169822.847210,   816441390.37,4968.379555,63116,24808,osion,2.882810e+02,2.384694e+01,-1.374586e+02,-1.490288e+01,1.683310e+02,44,74.082613,0.134696,550,-2.375221e+00,0.116183,SCH
2025-11-15T01:23:46,1763169825.847204,   816441393.37,4971.379555,63116,24808,osion,2.896779e+02,2.385028e+01,-1.374192e+02,-1.508181e+01,1.681648e+02,44,111.195882,0.202174,550,-2.441041e+00,0.094832,SCH
2025-11-15T01:23:55,1763169834.847186,   816441402.37,4980.379555,63116,24808,osion,2.939281e+02,2.386083e+01,-1.373006e+02,-1.561769e+01,1.676652e+02,44,37.039747,0.067345,550,-2.552854e+00,0.164311,SCH
2025-11-15T01:24:04,1763169843.847167,   816441411.37,4989.379555,63116,24808,osion,2.982668e+02,2.387111e+01,-1.371817e+02,-1.615216e+01,1.671615e+02,44,37.039747,0.067345,550,-2.833298e+00,0.164311,SCH
2025-11-15T01:24:06,1763169845.847163,   816441413.37,4991.379555,63116,24808,osion,2.992430e+02,2.387333e+01,-1.371552e+02,-1.627074e+01,1.670491e+02,44,222.264248,0.404117,550,-3.041079e+00,0.067076,SCH
2025-11-15T01:24:09,1763169848.847157,   816441416.37,4994.379555,63116,24808,osion,3.007153e+02,2.387694e+01,-1.371154e+02,-1.644847e+01,1.668807e+02,44,74.082613,0.134696,550,-3.047504e+00,0.116183,SCH
2025-11-15T01:24:12,1763169851.847151,   816441419.37,4997.379555,63116,24808,osion,3.021973e+02,2.388028e+01,-1.370755e+02,-1.662605e+01,1.667115e+02,44,37.039747,0.067345,550,-3.304078e+00,0.164311,SCH
2025-11-15T01:24:15,1763169854.847145,   816441422.37,5000.379555,63116,24808,osion,3.036890e+02,2.388389e+01,-1.370356e+02,-1.680346e+01,1.665426e+02,44,148.205345,0.269464,550,-3.628658e+00,0.082143,SCH
2025-11-15T01:24:18,1763169857.847137,   816441425.37,5003.379555,63116,24808,osion,3.051904e+02,2.388722e+01,-1.369957e+02,-1.698071e+01,1.663729e+02,44,111.195882,0.202174,550,-3.973350e+00,0.094832,SCH
2025-11-15T01:24:21,1763169860.847131,   816441428.37,5006.379555,63116,24808,osion,3.067015e+02,2.389083e+01,-1.369557e+02,-1.715780e+01,1.662035e+02,44,37.039747,0.067345,550,-4.281960e+00,0.164311,SCH
2025-11-15T01:24:27,1763169866.847119,   816441434.37,5012.379555,63116,24808,osion,3.097524e+02,2.389778e+01,-1.368755e+02,-1.751148e+01,1.658635e+02,44,74.082613,0.134696,550,-4.098788e+00,0.116183,SCH
2025-11-15T01:24:30,1763169869.847113,   816441437.37,5015.379555,63116,24808,osion,3.112923e+02,2.390111e+01,-1.368353e+02,-1.768807e+01,1.656930e+02,44,74.082613,0.134696,550,-3.970635e+00,0.116183,SCH
2025-11-15T01:24:33,1763169872.847106,   816441440.37,5018.379555,63116,24808,osion,3.128417e+02,2.390472e+01,-1.367951e+02,-1.786449e+01,1.655227e+02,44,37.039747,0.067345,550,-4.245834e+00,0.164311,SCH
2025-11-15T01:24:36,1763169875.847100,   816441443.37,5021.379555,63116,24808,osion,3.144006e+02,2.390833e+01,-1.367548e+02,-1.804075e+01,1.653523e+02,44,74.082613,0.134696,550,-4.026024e+00,0.116183,SCH
2025-11-15T01:24:39,1763169878.847094,   816441446.37,5024.379555,63116,24808,osion,3.159691e+02,2.391167e+01,-1.367144e+02,-1.821684e+01,1.651814e+02,44,259.348386,0.471543,550,-3.727048e+00,0.062095,SCH
2025-11-15T01:24:41,1763169880.847090,   816441448.37,5026.379555,63116,24808,osion,3.170200e+02,2.391417e+01,-1.366875e+02,-1.833413e+01,1.650677e+02,44,111.195882,0.202174,550,-3.506863e+00,0.094832,SCH
2025-11-15T01:24:44,1763169883.847084,   816441451.37,5029.379555,63116,24808,osion,3.186042e+02,2.391750e+01,-1.366470e+02,-1.850994e+01,1.648965e+02,44,74.082613,0.134696,550,-3.167851e+00,0.116183,SCH
2025-11-15T01:24:47,1763169886.847078,   816441454.37,5032.379555,63116,24808,osion,3.201979e+02,2.392111e+01,-1.366065e+02,-1.868557e+01,1.647256e+02,44,148.205345,0.269464,550,-2.735183e+00,0.082143,SCH
2025-11-15T01:24:53,1763169892.847064,   816441460.37,5038.379555,63116,24808,osion,3.234134e+02,2.392806e+01,-1.365252e+02,-1.903633e+01,1.643831e+02,44,37.039747,0.067345,550,-2.351390e+00,0.164311,SCH
2025-11-15T01:24:56,1763169895.847058,   816441463.37,5041.379555,63116,24808,osion,3.250352e+02,2.393167e+01,-1.364845e+02,-1.921144e+01,1.642118e+02,44,74.082613,0.134696,550,-2.808762e+00,0.116183,SCH
2025-11-15T01:25:11,1763169910.847027,   816441478.37,5056.379555,63116,24808,osion,3.332838e+02,2.394944e+01,-1.362799e+02,-2.008439e+01,1.633542e+02,44,74.082613,0.134696,550,-5.605182e+00,0.116183,SCH
2025-11-15T01:25:14,1763169913.847021,   816441481.37,5059.379555,63116,24808,osion,3.349612e+02,2.395278e+01,-1.362388e+02,-2.025845e+01,1.631824e+02,44,111.195882,0.202174,550,-7.052179e+00,0.094832,SCH
2025-11-15T01:25:26,1763169925.846996,   816441493.37,5071.379555,63116,24808,osion,3.417624e+02,2.396722e+01,-1.360736e+02,-2.095287e+01,1.624956e+02,44,148.205345,0.269464,550,-5.437854e+00,0.082143,SCH
2025-11-15T01:25:32,1763169931.846983,   816441499.37,5077.379555,63116,24808,osion,3.452176e+02,2.397417e+01,-1.359906e+02,-2.129900e+01,1.621520e+02,44,37.039747,0.067345,550,-4.590071e+00,0.164311,SCH
2025-11-15T01:25:43,1763169942.846961,   816441510.37,5088.379555,63116,24808,osion,3.516455e+02,2.398750e+01,-1.358376e+02,-2.193164e+01,1.615224e+02,44,37.039747,0.067345,550,-2.906356e+00,0.164311,SCH
2025-11-15T01:25:46,1763169945.846955,   816441513.37,5091.379555,63116,24808,osion,3.534195e+02,2.399111e+01,-1.357956e+02,-2.210374e+01,1.613507e+02,44,37.039747,0.067345,550,-2.759116e+00,0.164311,SCH
2025-11-15T01:25:52,1763169951.846942,   816441519.37,5097.379555,63116,24808,osion,3.569940e+02,2.399833e+01,-1.357116e+02,-2.244739e+01,1.610075e+02,44,37.039747,0.067345,550,-2.616826e+00,0.164311,SCH
2025-11-15T01:25:55,1763169954.846936,   816441522.37,5100.379555,63116,24808,osion,3.587946e+02,1.944444e-03,-1.356694e+02,-2.261893e+01,1.608359e+02,44,370.397465,0.673450,550,-2.428171e+00,0.051960,SCH
2025-11-15T01:25:58,1763169957.846930,   816441525.37,5103.379555,63116,24808,osion,3.606039e+02,5.555556e-03,-1.356272e+02,-2.279028e+01,1.606644e+02,44,148.205345,0.269464,550,-2.375998e+00,0.082143,SCH
2025-11-15T01:26:01,1763169960.846924,   816441528.37,5106.379555,63116,24808,osion,3.624221e+02,9.166667e-03,-1.355848e+02,-2.296144e+01,1.604930e+02,44,111.195882,0.202174,550,-2.163234e+00,0.094832,SCH
2025-11-15T01:26:04,1763169963.846918,   816441531.37,5109.379555,63116,24808,osion,3.642490e+02,1.277778e-02,-1.355424e+02,-2.313241e+01,1.603216e+02,44,148.205345,0.269464,550,-1.959577e+00,0.082143,SCH
2025-11-15T01:26:07,1763169966.846911,   816441534.37,5112.379555,63116,24808,osion,3.660846e+02,1.638889e-02,-1.354999e+02,-2.330318e+01,1.601503e+02,44,37.039747,0.067345,550,-1.885149e+00,0.164311,SCH
2025-11-15T01:26:10,1763169969.846904,   816441537.37,5115.379555,63116,24808,osion,3.679289e+02,2.000000e-02,-1.354574e+02,-2.347377e+01,1.599790e+02,44,148.205345,0.269464,550,-1.846071e+00,0.082143,SCH
2025-11-15T01:26:13,1763169972.846898,   816441540.37,5118.379555,63116,24808,osion,3.697819e+02,2.388889e-02,-1.354147e+02,-2.364416e+01,1.598077e+02,44,74.082613,0.134696,550,-1.682505e+00,0.116183,SCH
2025-11-15T01:26:15,1763169974.846894,   816441542.37,5120.379555,63116,24808,osion,3.710220e+02,2.611111e-02,-1.353862e+02,-2.375764e+01,1.596937e+02,44,111.195882,0.202174,550,-1.590468e+00,0.094832,SCH
2025-11-15T01:26:18,1763169977.846888,   816441545.37,5123.379555,63116,24808,osion,3.728894e+02,3.000000e-02,-1.353434e+02,-2.392771e+01,1.595225e+02,44,111.195882,0.202174,550,-1.493699e+00,0.094832,SCH
2025-11-15T01:26:21,1763169980.846882,   816441548.37,5126.379555,63116,24808,osion,3.747654e+02,3.361111e-02,-1.353005e+02,-2.409758e+01,1.593515e+02,44,37.039747,0.067345,550,-1.499142e+00,0.164311,SCH
2025-11-15T01:26:24,1763169983.846875,   816441551.37,5129.379555,63116,24808,osion,3.766500e+02,3.722222e-02,-1.352575e+02,-2.426726e+01,1.591806e+02,44,37.039747,0.067345,550,-1.496789e+00,0.164311,SCH
2025-11-15T01:26:27,1763169986.846869,   816441554.37,5132.379555,63116,24808,osion,3.785431e+02,4.083333e-02,-1.352144e+02,-2.443674e+01,1.590098e+02,44,259.348386,0.471543,550,-1.580097e+00,0.062095,SCH
2025-11-15T01:26:30,1763169989.846863,   816441557.37,5135.379555,63116,24808,osion,3.804447e+02,4.472222e-02,-1.351712e+02,-2.460602e+01,1.588389e+02,44,222.264248,0.404117,550,-1.683315e+00,0.067076,SCH
2025-11-15T01:26:33,1763169992.846857,   816441560.37,5138.379555,63116,24808,osion,3.823548e+02,4.833333e-02,-1.351280e+02,-2.477511e+01,1.586683e+02,44,185.254347,0.336826,550,-1.693343e+00,0.073471,SCH
2025-11-15T01:26:36,1763169995.846851,   816441563.37,5141.379555,63116,24808,osion,3.842734e+02,5.194444e-02,-1.350846e+02,-2.494400e+01,1.584977e+02,44,185.254347,0.336826,550,-1.692275e+00,0.073471,SCH
2025-11-15T01:26:39,1763169998.846843,   816441566.37,5144.379555,63116,24808,osion,3.862004e+02,5.583333e-02,-1.350411e+02,-2.511268e+01,1.583271e+02,44,148.205345,0.269464,550,-1.771279e+00,0.082143,SCH
2025-11-15T01:26:42,1763170001.846837,   816441569.37,5147.379555,63116,24808,osion,3.881358e+02,5.944444e-02,-1.349976e+02,-2.528117e+01,1.581568e+02,44,148.205345,0.269464,550,-1.867076e+00,0.082143,SCH
2025-11-15T01:26:45,1763170004.846831,   816441572.37,5150.379555,63116,24808,osion,3.900796e+02,6.305556e-02,-1.349539e+02,-2.544946e+01,1.579865e+02,44,111.195882,0.202174,550,-1.870607e+00,0.094832,SCH
2025-11-15T01:26:48,1763170007.846825,   816441575.37,5153.379555,63116,24808,osion,3.920317e+02,6.694444e-02,-1.349102e+02,-2.561755e+01,1.578162e+02,44,74.082613,0.134696,550,-2.084737e+00,0.116183,SCH
2025-11-15T01:26:50,1763170009.846821,   816441577.37,5155.379555,63116,24808,osion,3.933377e+02,6.944444e-02,-1.348810e+02,-2.572949e+01,1.577028e+02,44,111.195882,0.202174,550,-2.230953e+00,0.094832,SCH
2025-11-15T01:26:53,1763170012.846815,   816441580.37,5158.379555,63116,24808,osion,3.953037e+02,7.305556e-02,-1.348371e+02,-2.589724e+01,1.575329e+02,44,333.360428,0.606110,550,-2.439301e+00,0.054770,SCH
2025-11-15T01:26:56,1763170015.846809,   816441583.37,5161.379555,63116,24808,osion,3.972780e+02,7.694444e-02,-1.347930e+02,-2.606479e+01,1.573628e+02,44,37.039747,0.067345,550,-2.672369e+00,0.164311,SCH
2025-11-15T01:26:59,1763170018.846802,   816441586.37,5164.379555,63116,24808,osion,3.992605e+02,8.055556e-02,-1.347489e+02,-2.623213e+01,1.571931e+02,44,37.039747,0.067345,550,-2.913775e+00,0.164311,SCH
2025-11-15T01:27:05,1763170024.846790,   816441592.37,5170.379555,63116,24808,osion,4.032501e+02,8.805556e-02,-1.346604e+02,-2.656621e+01,1.568539e+02,44,37.039747,0.067345,550,-3.470105e+00,0.164311,SCH
2025-11-15T01:27:11,1763170030.846778,   816441598.37,5176.379555,63116,24808,osion,4.072723e+02,9.555556e-02,-1.345715e+02,-2.689947e+01,1.565151e+02,44,37.039747,0.067345,550,-4.163333e+00,0.164311,SCH
2025-11-15T01:27:17,1763170036.846766,   816441604.37,5182.379555,63116,24808,osion,4.113270e+02,1.033333e-01,-1.344821e+02,-2.723190e+01,1.561767e+02,44,74.082613,0.134696,550,-4.332711e+00,0.116183,SCH
2025-11-15T01:27:25,1763170044.846749,   816441612.37,5190.379555,63116,24808,osion,4.167832e+02,1.133333e-01,-1.343622e+02,-2.767386e+01,1.557265e+02,44,37.039747,0.067345,550,-5.585942e+00,0.164311,SCH
2025-11-15T01:27:37,1763170056.846723,   816441624.37,5202.379555,63116,24808,osion,4.250736e+02,1.286111e-01,-1.341810e+02,-2.833400e+01,1.550529e+02,44,74.082613,0.134696,550,-5.494953e+00,0.116183,SCH
2025-11-15T01:27:40,1763170059.846717,   816441627.37,5205.379555,63116,24808,osion,4.271660e+02,1.325000e-01,-1.341354e+02,-2.849851e+01,1.548848e+02,44,74.082613,0.134696,550,-5.546529e+00,0.116183,SCH
2025-11-15T01:27:49,1763170068.846698,   816441636.37,5214.379555,63116,24808,osion,4.334897e+02,1.441667e-01,-1.339980e+02,-2.899077e+01,1.543813e+02,44,74.082613,0.134696,550,-5.513825e+00,0.116183,SCH
2025-11-15T01:27:55,1763170074.846686,   816441642.37,5220.379555,63116,24808,osion,4.377443e+02,1.519444e-01,-1.339057e+02,-2.931788e+01,1.540464e+02,44,74.082613,0.134696,550,-4.171964e+00,0.116183,SCH
2025-11-15T01:27:58,1763170077.846680,   816441645.37,5223.379555,63116,24808,osion,4.398831e+02,1.558333e-01,-1.338594e+02,-2.948111e+01,1.538792e+02,44,74.082613,0.134696,550,-3.979632e+00,0.116183,SCH
2025-11-15T01:28:01,1763170080.846673,   816441648.37,5226.379555,63116,24808,osion,4.420296e+02,1.597222e-01,-1.338130e+02,-2.964413e+01,1.537121e+02,44,37.039747,0.067345,550,-4.400684e+00,0.164311,SCH
2025-11-15T01:28:04,1763170083.846667,   816441651.37,5229.379555,63116,24808,osion,4.441837e+02,1.636111e-01,-1.337665e+02,-2.980693e+01,1.535453e+02,44,37.039747,0.067345,550,-4.421913e+00,0.164311,SCH
2025-11-15T01:28:13,1763170092.846648,   816441660.37,5238.379555,63116,24808,osion,4.506915e+02,1.755556e-01,-1.336261e+02,-3.029405e+01,1.530452e+02,44,37.039747,0.067345,550,-3.815622e+00,0.164311,SCH
2025-11-15T01:28:16,1763170095.846642,   816441663.37,5241.379555,63116,24808,osion,4.528758e+02,1.794444e-01,-1.335790e+02,-3.045598e+01,1.528790e+02,44,37.039747,0.067345,550,-3.777472e+00,0.164311,SCH
2025-11-15T01:28:19,1763170098.846636,   816441666.37,5244.379555,63116,24808,osion,4.550675e+02,1.833333e-01,-1.335319e+02,-3.061770e+01,1.527129e+02,44,37.039747,0.067345,550,-4.325905e+00,0.164311,SCH
2025-11-15T01:28:33,1763170112.846606,   816441680.37,5258.379555,63116,24808,osion,4.653939e+02,2.019444e-01,-1.333100e+02,-3.136951e+01,1.519396e+02,44,37.039747,0.067345,550,-5.893936e+00,0.164311,SCH
2025-11-15T01:28:36,1763170115.846600,   816441683.37,5261.379555,63116,24808,osion,4.676275e+02,2.058333e-01,-1.332620e+02,-3.152999e+01,1.517745e+02,44,37.039747,0.067345,550,-5.884172e+00,0.164311,SCH
2025-11-15T01:28:42,1763170121.846588,   816441689.37,5267.379555,63116,24808,osion,4.721165e+02,2.138889e-01,-1.331658e+02,-3.185029e+01,1.514445e+02,44,37.039747,0.067345,550,-5.499607e+00,0.164311,SCH
2025-11-15T01:28:45,1763170124.846581,   816441692.37,5270.379555,63116,24808,osion,4.743719e+02,2.180556e-01,-1.331175e+02,-3.201011e+01,1.512795e+02,44,37.039747,0.067345,550,-4.619847e+00,0.164311,SCH
2025-11-15T01:28:51,1763170130.846569,   816441698.37,5276.379555,63116,24808,osion,4.789042e+02,2.261111e-01,-1.330204e+02,-3.232907e+01,1.509505e+02,44,37.039747,0.067345,550,-5.670227e+00,0.164311,SCH
2025-11-15T01:28:56,1763170135.846559,   816441703.37,5281.379555,63116,24808,osion,4.827029e+02,2.327778e-01,-1.329390e+02,-3.259420e+01,1.506770e+02,44,37.039747,0.067345,550,-5.660599e+00,0.164311,SCH
2025-11-15T01:28:59,1763170138.846553,   816441706.37,5284.379555,63116,24808,osion,4.849916e+02,2.369444e-01,-1.328901e+02,-3.275298e+01,1.505129e+02,44,74.082613,0.134696,550,-5.151289e+00,0.116183,SCH
2025-11-15T01:29:11,1763170150.846528,   816441718.37,5296.379555,63116,24808,osion,4.942168e+02,2.533333e-01,-1.326926e+02,-3.338585e+01,1.498588e+02,44,74.082613,0.134696,550,-7.481810e+00,0.116183,SCH
2025-11-15T01:29:23,1763170162.846503,   816441730.37,5308.379555,63116,24808,osion,5.035531e+02,2.700000e-01,-1.324928e+02,-3.401511e+01,1.492072e+02,44,259.348386,0.471543,550,-3.815324e+00,0.062095,SCH
2025-11-15T01:29:26,1763170165.846496,   816441733.37,5311.379555,63116,24808,osion,5.059043e+02,2.741667e-01,-1.324425e+02,-3.417186e+01,1.490448e+02,44,37.039747,0.067345,550,-3.971203e+00,0.164311,SCH
2025-11-15T01:29:34,1763170173.846480,   816441741.37,5319.379555,63116,24808,osion,5.122074e+02,2.852778e-01,-1.323075e+02,-3.458875e+01,1.486126e+02,44,37.039747,0.067345,550,-5.505380e+00,0.164311,SCH
2025-11-15T01:29:40,1763170179.846467,   816441747.37,5325.379555,63116,24808,osion,5.169661e+02,2.936111e-01,-1.322055e+02,-3.490035e+01,1.482894e+02,44,74.082613,0.134696,550,-6.689680e+00,0.116183,SCH
2025-11-15T01:29:43,1763170182.846461,   816441750.37,5328.379555,63116,24808,osion,5.193554e+02,2.980556e-01,-1.321543e+02,-3.505581e+01,1.481276e+02,44,37.039747,0.067345,550,-7.146593e+00,0.164311,SCH
2025-11-15T01:29:46,1763170185.846455,   816441753.37,5331.379555,63116,24808,osion,5.217515e+02,3.022222e-01,-1.321029e+02,-3.521104e+01,1.479665e+02,44,74.082613,0.134696,550,-6.818174e+00,0.116183,SCH
2025-11-15T01:29:49,1763170188.846449,   816441756.37,5334.379555,63116,24808,osion,5.241541e+02,3.063889e-01,-1.320513e+02,-3.536604e+01,1.478057e+02,44,37.039747,0.067345,550,-5.545146e+00,0.164311,SCH
2025-11-15T01:29:52,1763170191.846442,   816441759.37,5337.379555,63116,24808,osion,5.265633e+02,3.105556e-01,-1.319996e+02,-3.552081e+01,1.476450e+02,44,111.195882,0.202174,550,-6.602064e+00,0.094832,SCH
2025-11-15T01:29:55,1763170194.846436,   816441762.37,5340.379555,63116,24808,osion,5.289790e+02,3.150000e-01,-1.319477e+02,-3.567535e+01,1.474840e+02,44,37.039747,0.067345,550,0,0.164311,SCH
2025-11-15T01:09:53,1763168992.846938,   816440560.37,4138.379555,63116,24808,osion,3.222382e+02,2.282528e+01,-1.494182e+02,3.602272e+01,1.372199e+02,45,74.082613,0.134696,550,-3.846024e+00,0.116183,SCH
2025-11-15T01:12:25,1763169144.846622,   816440712.37,4290.379555,63116,24808,osion,2.534344e+02,2.304972e+01,-1.466688e+02,2.706827e+01,1.465160e+02,45,74.082613,0.134696,550,-4.219512e+00,0.116183,SCH
2025-11-15T01:13:03,1763169182.846543,   816440750.37,4328.379555,63116,24808,osion,2.403043e+02,2.310083e+01,-1.460537e+02,2.476615e+01,1.488832e+02,45,74.082613,0.134696,550,-5.182166e+00,0.116183,SCH
2025-11-15T01:13:38,1763169217.846463,   816440785.37,4363.379555,63116,24808,osion,2.297233e+02,2.314667e+01,-1.455075e+02,2.262749e+01,1.510747e+02,45,74.082613,0.134696,550,-2.687253e+00,0.116183,SCH
2025-11-15T01:14:31,1763169270.847360,   816440838.37,4416.379555,63116,24808,osion,2.165222e+02,2.321417e+01,-1.447126e+02,1.936021e+01,1.544075e+02,45,111.195882,0.202174,550,-3.539730e+00,0.094832,SCH
2025-11-15T01:14:37,1763169276.847348,   816440844.37,4422.379555,63116,24808,osion,2.152449e+02,2.322167e+01,-1.446248e+02,1.898841e+01,1.547853e+02,45,148.205345,0.269464,550,-2.843360e+00,0.082143,SCH
2025-11-15T01:14:48,1763169287.847325,   816440855.37,4433.379555,63116,24808,osion,2.130191e+02,2.323528e+01,-1.444649e+02,1.830589e+01,1.554776e+02,45,111.195882,0.202174,550,-2.889775e+00,0.094832,SCH
2025-11-15T01:14:51,1763169290.847319,   816440858.37,4436.379555,63116,24808,osion,2.124381e+02,2.323889e+01,-1.444215e+02,1.811955e+01,1.556659e+02,45,37.039747,0.067345,550,-3.304560e+00,0.164311,SCH
2025-11-15T01:15:03,1763169302.847293,   816440870.37,4448.379555,63116,24808,osion,2.102263e+02,2.325361e+01,-1.442491e+02,1.737340e+01,1.564210e+02,45,111.195882,0.202174,550,-3.681912e+00,0.094832,SCH
2025-11-15T01:15:33,1763169332.847231,   816440900.37,4478.379555,63116,24808,osion,2.054850e+02,2.329000e+01,-1.438243e+02,1.550293e+01,1.583073e+02,45,37.039747,0.067345,550,-2.324365e+00,0.164311,SCH
2025-11-15T01:16:14,1763169373.847145,   816440941.37,4519.379555,63116,24808,osion,2.008397e+02,2.333889e+01,-1.432573e+02,1.293693e+01,1.608760e+02,45,37.039747,0.067345,550,-2.120575e+00,0.164311,SCH
2025-11-15T01:16:43,1763169402.847085,   816440970.37,4548.379555,63116,24808,osion,1.988423e+02,2.337306e+01,-1.428644e+02,1.111696e+01,1.626811e+02,45,37.039747,0.067345,550,-2.184958e+00,0.164311,SCH
2025-11-15T01:17:50,1763169469.846946,   816441037.37,4615.379555,63116,24808,osion,1.983325e+02,2.345028e+01,-1.419776e+02,6.904203e+00,1.667680e+02,45,37.039747,0.067345,550,-2.253857e+00,0.164311,SCH
2025-11-15T01:18:08,1763169487.846908,   816441055.37,4633.379555,63116,24808,osion,1.991732e+02,2.347083e+01,-1.417434e+02,5.772056e+00,1.678344e+02,45,74.082613,0.134696,550,-1.457174e+00,0.116183,SCH
2025-11-15T01:18:12,1763169491.846900,   816441059.37,4637.379555,63116,24808,osion,1.994162e+02,2.347528e+01,-1.416916e+02,5.520516e+00,1.680675e+02,45,259.348386,0.471543,550,-8.636150e-01,0.062095,SCH
2025-11-15T01:18:19,1763169498.846885,   816441066.37,4644.379555,63116,24808,osion,1.998906e+02,2.348333e+01,-1.416010e+02,5.080385e+00,1.684756e+02,45,148.205345,0.269464,550,-8.215109e-01,0.082143,SCH
2025-11-15T01:18:25,1763169504.846872,   816441072.37,4650.379555,63116,24808,osion,2.003469e+02,2.349000e+01,-1.415235e+02,4.703204e+00,1.688201e+02,45,444.445580,0.808083,550,-7.396788e-01,0.047434,SCH
2025-11-15T01:18:31,1763169510.846860,   816441078.37,4656.379555,63116,24808,osion,2.008492e+02,2.349667e+01,-1.414462e+02,4.326103e+00,1.691614e+02,45,74.082613,0.134696,550,-9.515439e-01,0.116183,SCH
2025-11-15T01:18:40,1763169519.846842,   816441087.37,4665.379555,63116,24808,osion,2.016885e+02,2.350694e+01,-1.413304e+02,3.760631e+00,1.696701e+02,45,74.082613,0.134696,550,-1.946764e+00,0.116183,SCH
2025-11-15T01:18:43,1763169522.846835,   816441090.37,4668.379555,63116,24808,osion,2.019911e+02,2.351028e+01,-1.412919e+02,3.572193e+00,1.698368e+02,45,37.039747,0.067345,550,-2.274412e+00,0.164311,SCH
2025-11-15T01:18:51,1763169530.846819,   816441098.37,4676.379555,63116,24808,osion,2.028541e+02,2.351944e+01,-1.411892e+02,3.069835e+00,1.702794e+02,45,37.039747,0.067345,550,-3.664864e+00,0.164311,SCH
2025-11-15T01:18:55,1763169534.846810,   816441102.37,4680.379555,63116,24808,osion,2.033161e+02,2.352389e+01,-1.411380e+02,2.818742e+00,1.704961e+02,45,74.082613,0.134696,550,-5.028880e+00,0.116183,SCH
2025-11-15T01:18:58,1763169537.846804,   816441105.37,4683.379555,63116,24808,osion,2.036759e+02,2.352722e+01,-1.410996e+02,2.630462e+00,1.706572e+02,45,148.205345,0.269464,550,-5.854538e+00,0.082143,SCH
2025-11-15T01:19:17,1763169556.846765,   816441124.37,4702.379555,63116,24808,osion,2.062194e+02,2.354861e+01,-1.408570e+02,1.438912e+00,1.716476e+02,45,185.254347,0.336826,550,-5.316341e+00,0.073471,SCH
2025-11-15T01:19:24,1763169563.846749,   816441131.37,4709.379555,63116,24808,osion,2.072715e+02,2.355639e+01,-1.407678e+02,1.000352e+00,1.719941e+02,45,148.205345,0.269464,550,-2.482061e+00,0.082143,SCH
2025-11-15T01:19:28,1763169567.846742,   816441135.37,4713.379555,63116,24808,osion,2.079004e+02,2.356083e+01,-1.407169e+02,7.498625e-01,1.721872e+02,45,111.195882,0.202174,550,-1.573156e+00,0.094832,SCH
2025-11-15T01:19:35,1763169574.846727,   816441142.37,4720.379555,63116,24808,osion,2.090495e+02,2.356861e+01,-1.406279e+02,3.117211e-01,1.725153e+02,45,37.039747,0.067345,550,-2.310743e+00,0.164311,SCH
2025-11-15T01:19:39,1763169578.846718,   816441146.37,4724.379555,63116,24808,osion,2.097338e+02,2.357306e+01,-1.405770e+02,6.148338e-02,1.726968e+02,45,74.082613,0.134696,550,-1.982481e+00,0.116183,SCH
2025-11-15T01:19:43,1763169582.846710,   816441150.37,4728.379555,63116,24808,osion,2.104382e+02,2.357750e+01,-1.405262e+02,-1.886578e-01,1.728735e+02,45,111.195882,0.202174,550,-1.521440e+00,0.094832,SCH
2025-11-15T01:19:46,1763169585.846704,   816441153.37,4731.379555,63116,24808,osion,2.109797e+02,2.358083e+01,-1.404881e+02,-3.761969e-01,1.730026e+02,45,296.311945,0.538749,550,-1.383171e+00,0.058093,SCH
2025-11-15T01:19:50,1763169589.846696,   816441157.37,4735.379555,63116,24808,osion,2.117192e+02,2.358528e+01,-1.404374e+02,-6.261598e-01,1.731700e+02,45,111.195882,0.202174,550,-1.133260e+00,0.094832,SCH
2025-11-15T01:20:05,1763169604.846665,   816441172.37,4750.379555,63116,24808,osion,2.146706e+02,2.360222e+01,-1.402472e+02,-1.562545e+00,1.737459e+02,45,37.039747,0.067345,550,-1.882649e+00,0.164311,SCH
2025-11-15T01:20:09,1763169608.846656,   816441176.37,4754.379555,63116,24808,osion,2.155050e+02,2.360667e+01,-1.401965e+02,-1.811974e+00,1.738815e+02,45,37.039747,0.067345,550,-1.910870e+00,0.164311,SCH
2025-11-15T01:20:16,1763169615.846642,   816441183.37,4761.379555,63116,24808,osion,2.170132e+02,2.361444e+01,-1.401079e+02,-2.248179e+00,1.740990e+02,45,37.039747,0.067345,550,-1.680406e+00,0.164311,SCH
2025-11-15T01:20:20,1763169619.846633,   816441187.37,4765.379555,63116,24808,osion,2.179023e+02,2.361889e+01,-1.400572e+02,-2.497267e+00,1.742112e+02,45,74.082613,0.134696,550,-1.874971e+00,0.116183,SCH
2025-11-15T01:20:35,1763169634.846602,   816441202.37,4780.379555,63116,24808,osion,2.214129e+02,2.363556e+01,-1.398673e+02,-3.430158e+00,1.745431e+02,45,74.082613,0.134696,550,-1.451144e+00,0.116183,SCH
2025-11-15T01:20:39,1763169638.846593,   816441206.37,4784.379555,63116,24808,osion,2.223959e+02,2.364000e+01,-1.398167e+02,-3.678598e+00,1.746059e+02,45,37.039747,0.067345,550,-1.459322e+00,0.164311,SCH
2025-11-15T01:20:46,1763169645.846579,   816441213.37,4791.379555,63116,24808,osion,2.241637e+02,2.364778e+01,-1.397281e+02,-4.113018e+00,1.746874e+02,45,74.082613,0.134696,550,-1.538778e+00,0.116183,SCH
2025-11-15T01:20:50,1763169649.846570,   816441217.37,4795.379555,63116,24808,osion,2.252008e+02,2.365222e+01,-1.396775e+02,-4.361053e+00,1.747174e+02,45,37.039747,0.067345,550,-1.935106e+00,0.164311,SCH
2025-11-15T01:21:27,1763169686.846493,   816441254.37,4832.379555,63116,24808,osion,2.357190e+02,2.369361e+01,-1.392086e+02,-6.647709e+00,1.744195e+02,45,37.039747,0.067345,550,-2.358194e+00,0.164311,SCH
2025-11-15T01:21:41,1763169700.846465,   816441268.37,4846.379555,63116,24808,osion,2.401304e+02,2.370917e+01,-1.390308e+02,-7.509018e+00,1.740603e+02,45,148.205345,0.269464,550,-2.798786e+00,0.082143,SCH
2025-11-15T01:22:30,1763169749.847362,   816441317.37,4895.379555,63116,24808,osion,2.574033e+02,2.376417e+01,-1.384052e+02,-1.050438e+01,1.721260e+02,45,74.082613,0.134696,550,-2.747811e+00,0.116183,SCH
2025-11-15T01:22:42,1763169761.847338,   816441329.37,4907.379555,63116,24808,osion,2.620619e+02,2.377778e+01,-1.382510e+02,-1.123298e+01,1.715500e+02,45,37.039747,0.067345,550,-1.665077e+00,0.164311,SCH
2025-11-15T01:23:58,1763169837.847179,   816441405.37,4983.379555,63116,24808,osion,2.953646e+02,2.386417e+01,-1.372610e+02,-1.579600e+01,1.674975e+02,45,37.039747,0.067345,550,-2.325951e+00,0.164311,SCH
2025-11-15T01:24:06,1763169845.847163,   816441413.37,4991.379555,63116,24808,osion,2.992430e+02,2.387333e+01,-1.371552e+02,-1.627074e+01,1.670491e+02,45,74.082613,0.134696,550,-3.041079e+00,0.116183,SCH
2025-11-15T01:24:12,1763169851.847151,   816441419.37,4997.379555,63116,24808,osion,3.021973e+02,2.388028e+01,-1.370755e+02,-1.662605e+01,1.667115e+02,45,37.039747,0.067345,550,-3.304078e+00,0.164311,SCH
2025-11-15T01:24:15,1763169854.847145,   816441422.37,5000.379555,63116,24808,osion,3.036890e+02,2.388389e+01,-1.370356e+02,-1.680346e+01,1.665426e+02,45,74.082613,0.134696,550,-3.628658e+00,0.116183,SCH
2025-11-15T01:24:21,1763169860.847131,   816441428.37,5006.379555,63116,24808,osion,3.067015e+02,2.389083e+01,-1.369557e+02,-1.715780e+01,1.662035e+02,45,37.039747,0.067345,550,-4.281960e+00,0.164311,SCH
2025-11-15T01:24:27,1763169866.847119,   816441434.37,5012.379555,63116,24808,osion,3.097524e+02,2.389778e+01,-1.368755e+02,-1.751148e+01,1.658635e+02,45,37.039747,0.067345,550,-4.098788e+00,0.164311,SCH
2025-11-15T01:24:33,1763169872.847106,   816441440.37,5018.379555,63116,24808,osion,3.128417e+02,2.390472e+01,-1.367951e+02,-1.786449e+01,1.655227e+02,45,74.082613,0.134696,550,-4.245834e+00,0.116183,SCH
2025-11-15T01:24:36,1763169875.847100,   816441443.37,5021.379555,63116,24808,osion,3.144006e+02,2.390833e+01,-1.367548e+02,-1.804075e+01,1.653523e+02,45,37.039747,0.067345,550,-4.026024e+00,0.164311,SCH
2025-11-15T01:24:39,1763169878.847094,   816441446.37,5024.379555,63116,24808,osion,3.159691e+02,2.391167e+01,-1.367144e+02,-1.821684e+01,1.651814e+02,45,74.082613,0.134696,550,-3.727048e+00,0.116183,SCH
2025-11-15T01:24:41,1763169880.847090,   816441448.37,5026.379555,63116,24808,osion,3.170200e+02,2.391417e+01,-1.366875e+02,-1.833413e+01,1.650677e+02,45,37.039747,0.067345,550,-3.506863e+00,0.164311,SCH
2025-11-15T01:24:47,1763169886.847078,   816441454.37,5032.379555,63116,24808,osion,3.201979e+02,2.392111e+01,-1.366065e+02,-1.868557e+01,1.647256e+02,45,37.039747,0.067345,550,-2.735183e+00,0.164311,SCH
2025-11-15T01:24:50,1763169889.847071,   816441457.37,5035.379555,63116,24808,osion,3.218009e+02,2.392472e+01,-1.365659e+02,-1.886104e+01,1.645545e+02,45,74.082613,0.134696,550,-2.372467e+00,0.116183,SCH
2025-11-15T01:24:56,1763169895.847058,   816441463.37,5041.379555,63116,24808,osion,3.250352e+02,2.393167e+01,-1.364845e+02,-1.921144e+01,1.642118e+02,45,74.082613,0.134696,550,-2.808762e+00,0.116183,SCH
2025-11-15T01:24:59,1763169898.847052,   816441466.37,5044.379555,63116,24808,osion,3.266664e+02,2.393528e+01,-1.364437e+02,-1.938638e+01,1.640405e+02,45,37.039747,0.067345,550,-3.430321e+00,0.164311,SCH
2025-11-15T01:25:08,1763169907.847034,   816441475.37,5053.379555,63116,24808,osion,3.316156e+02,2.394583e+01,-1.363210e+02,-1.991015e+01,1.635258e+02,45,37.039747,0.067345,550,-4.405128e+00,0.164311,SCH
2025-11-15T01:25:19,1763169918.847011,   816441486.37,5064.379555,63116,24808,osion,3.377773e+02,2.395889e+01,-1.361701e+02,-2.054814e+01,1.628963e+02,45,37.039747,0.067345,550,-7.104852e+00,0.164311,SCH
2025-11-15T01:25:22,1763169921.847005,   816441489.37,5067.379555,63116,24808,osion,3.394792e+02,2.396250e+01,-1.361288e+02,-2.072172e+01,1.627246e+02,45,74.082613,0.134696,550,-6.789792e+00,0.116183,SCH
2025-11-15T01:25:46,1763169945.846955,   816441513.37,5091.379555,63116,24808,osion,3.534195e+02,2.399111e+01,-1.357956e+02,-2.210374e+01,1.613507e+02,45,37.039747,0.067345,550,-2.759116e+00,0.164311,SCH
2025-11-15T01:25:49,1763169948.846948,   816441516.37,5094.379555,63116,24808,osion,3.552023e+02,2.399472e+01,-1.357536e+02,-2.227566e+01,1.611791e+02,45,37.039747,0.067345,550,-3.066353e+00,0.164311,SCH
2025-11-15T01:25:52,1763169951.846942,   816441519.37,5097.379555,63116,24808,osion,3.569940e+02,2.399833e+01,-1.357116e+02,-2.244739e+01,1.610075e+02,45,74.082613,0.134696,550,-2.616826e+00,0.116183,SCH
2025-11-15T01:26:07,1763169966.846911,   816441534.37,5112.379555,63116,24808,osion,3.660846e+02,1.638889e-02,-1.354999e+02,-2.330318e+01,1.601503e+02,45,37.039747,0.067345,550,-1.885149e+00,0.164311,SCH
2025-11-15T01:26:13,1763169972.846898,   816441540.37,5118.379555,63116,24808,osion,3.697819e+02,2.388889e-02,-1.354147e+02,-2.364416e+01,1.598077e+02,45,74.082613,0.134696,550,-1.682505e+00,0.116183,SCH
2025-11-15T01:26:18,1763169977.846888,   816441545.37,5123.379555,63116,24808,osion,3.728894e+02,3.000000e-02,-1.353434e+02,-2.392771e+01,1.595225e+02,45,37.039747,0.067345,550,-1.493699e+00,0.164311,SCH
2025-11-15T01:26:21,1763169980.846882,   816441548.37,5126.379555,63116,24808,osion,3.747654e+02,3.361111e-02,-1.353005e+02,-2.409758e+01,1.593515e+02,45,74.082613,0.134696,550,-1.499142e+00,0.116183,SCH
2025-11-15T01:26:24,1763169983.846875,   816441551.37,5129.379555,63116,24808,osion,3.766500e+02,3.722222e-02,-1.352575e+02,-2.426726e+01,1.591806e+02,45,37.039747,0.067345,550,-1.496789e+00,0.164311,SCH
2025-11-15T01:26:30,1763169989.846863,   816441557.37,5135.379555,63116,24808,osion,3.804447e+02,4.472222e-02,-1.351712e+02,-2.460602e+01,1.588389e+02,45,74.082613,0.134696,550,-1.683315e+00,0.116183,SCH
2025-11-15T01:26:36,1763169995.846851,   816441563.37,5141.379555,63116,24808,osion,3.842734e+02,5.194444e-02,-1.350846e+02,-2.494400e+01,1.584977e+02,45,37.039747,0.067345,550,-1.692275e+00,0.164311,SCH
2025-11-15T01:26:39,1763169998.846843,   816441566.37,5144.379555,63116,24808,osion,3.862004e+02,5.583333e-02,-1.350411e+02,-2.511268e+01,1.583271e+02,45,37.039747,0.067345,550,-1.771279e+00,0.164311,SCH
2025-11-15T01:26:42,1763170001.846837,   816441569.37,5147.379555,63116,24808,osion,3.881358e+02,5.944444e-02,-1.349976e+02,-2.528117e+01,1.581568e+02,45,37.039747,0.067345,550,-1.867076e+00,0.164311,SCH
2025-11-15T01:26:53,1763170012.846815,   816441580.37,5158.379555,63116,24808,osion,3.953037e+02,7.305556e-02,-1.348371e+02,-2.589724e+01,1.575329e+02,45,74.082613,0.134696,550,-2.439301e+00,0.116183,SCH
2025-11-15T01:27:14,1763170033.846771,   816441601.37,5179.379555,63116,24808,osion,4.092956e+02,9.944444e-02,-1.345268e+02,-2.706579e+01,1.563458e+02,45,74.082613,0.134696,550,-4.412416e+00,0.116183,SCH
2025-11-15T01:27:25,1763170044.846749,   816441612.37,5190.379555,63116,24808,osion,4.167832e+02,1.133333e-01,-1.343622e+02,-2.767386e+01,1.557265e+02,45,37.039747,0.067345,550,-5.585942e+00,0.164311,SCH
2025-11-15T01:27:28,1763170047.846742,   816441615.37,5193.379555,63116,24808,osion,4.188439e+02,1.172222e-01,-1.343171e+02,-2.783921e+01,1.555578e+02,45,74.082613,0.134696,550,-5.858960e+00,0.116183,SCH
2025-11-15T01:27:37,1763170056.846723,   816441624.37,5202.379555,63116,24808,osion,4.250736e+02,1.286111e-01,-1.341810e+02,-2.833400e+01,1.550529e+02,45,148.205345,0.269464,550,-5.494953e+00,0.082143,SCH
2025-11-15T01:27:43,1763170062.846711,   816441630.37,5208.379555,63116,24808,osion,4.292661e+02,1.363889e-01,-1.340897e+02,-2.866281e+01,1.547168e+02,45,37.039747,0.067345,550,-5.546596e+00,0.164311,SCH
2025-11-15T01:27:46,1763170065.846705,   816441633.37,5211.379555,63116,24808,osion,4.313740e+02,1.402778e-01,-1.340439e+02,-2.882690e+01,1.545490e+02,45,74.082613,0.134696,550,-5.533395e+00,0.116183,SCH
2025-11-15T01:27:49,1763170068.846698,   816441636.37,5214.379555,63116,24808,osion,4.334897e+02,1.441667e-01,-1.339980e+02,-2.899077e+01,1.543813e+02,45,111.195882,0.202174,550,-5.513825e+00,0.094832,SCH
2025-11-15T01:28:01,1763170080.846673,   816441648.37,5226.379555,63116,24808,osion,4.420296e+02,1.597222e-01,-1.338130e+02,-2.964413e+01,1.537121e+02,45,37.039747,0.067345,550,-4.400684e+00,0.164311,SCH
2025-11-15T01:28:04,1763170083.846667,   816441651.37,5229.379555,63116,24808,osion,4.441837e+02,1.636111e-01,-1.337665e+02,-2.980693e+01,1.535453e+02,45,148.205345,0.269464,550,-4.421913e+00,0.082143,SCH
2025-11-15T01:28:07,1763170086.846661,   816441654.37,5232.379555,63116,24808,osion,4.463454e+02,1.675000e-01,-1.337198e+02,-2.996952e+01,1.533785e+02,45,74.082613,0.134696,550,-4.400512e+00,0.116183,SCH
2025-11-15T01:28:10,1763170089.846654,   816441657.37,5235.379555,63116,24808,osion,4.485147e+02,1.713889e-01,-1.336730e+02,-3.013189e+01,1.532120e+02,45,74.082613,0.134696,550,-4.255362e+00,0.116183,SCH
2025-11-15T01:28:13,1763170092.846648,   816441660.37,5238.379555,63116,24808,osion,4.506915e+02,1.755556e-01,-1.336261e+02,-3.029405e+01,1.530452e+02,45,74.082613,0.134696,550,-3.815622e+00,0.116183,SCH
2025-11-15T01:28:21,1763170100.846632,   816441668.37,5246.379555,63116,24808,osion,4.565329e+02,1.861111e-01,-1.335003e+02,-3.072540e+01,1.526020e+02,45,74.082613,0.134696,550,-4.932098e+00,0.116183,SCH
2025-11-15T01:28:24,1763170103.846626,   816441671.37,5249.379555,63116,24808,osion,4.587370e+02,1.900000e-01,-1.334529e+02,-3.088675e+01,1.524363e+02,45,37.039747,0.067345,550,-5.697073e+00,0.164311,SCH
2025-11-15T01:28:39,1763170118.846594,   816441686.37,5264.379555,63116,24808,osion,4.698684e+02,2.100000e-01,-1.332140e+02,-3.169025e+01,1.516092e+02,45,37.039747,0.067345,550,-5.818082e+00,0.164311,SCH
2025-11-15T01:28:42,1763170121.846588,   816441689.37,5267.379555,63116,24808,osion,4.721165e+02,2.138889e-01,-1.331658e+02,-3.185029e+01,1.514445e+02,45,74.082613,0.134696,550,-5.499607e+00,0.116183,SCH
2025-11-15T01:28:56,1763170135.846559,   816441703.37,5281.379555,63116,24808,osion,4.827029e+02,2.327778e-01,-1.329390e+02,-3.259420e+01,1.506770e+02,45,37.039747,0.067345,550,-5.660599e+00,0.164311,SCH
2025-11-15T01:29:08,1763170147.846534,   816441715.37,5293.379555,63116,24808,osion,4.919000e+02,2.491667e-01,-1.327422e+02,-3.322797e+01,1.500221e+02,45,37.039747,0.067345,550,-7.063049e+00,0.164311,SCH
2025-11-15T01:29:11,1763170150.846528,   816441718.37,5296.379555,63116,24808,osion,4.942168e+02,2.533333e-01,-1.326926e+02,-3.338585e+01,1.498588e+02,45,111.195882,0.202174,550,-7.481810e+00,0.094832,SCH
2025-11-15T01:29:40,1763170179.846467,   816441747.37,5325.379555,63116,24808,osion,5.169661e+02,2.936111e-01,-1.322055e+02,-3.490035e+01,1.482894e+02,45,74.082613,0.134696,550,-6.689680e+00,0.116183,SCH
2025-11-15T01:29:46,1763170185.846455,   816441753.37,5331.379555,63116,24808,osion,5.217515e+02,3.022222e-01,-1.321029e+02,-3.521104e+01,1.479665e+02,45,37.039747,0.067345,550,-6.818174e+00,0.164311,SCH
2025-11-15T01:29:52,1763170191.846442,   816441759.37,5337.379555,63116,24808,osion,5.265633e+02,3.105556e-01,-1.319996e+02,-3.552081e+01,1.476450e+02,45,74.082613,0.134696,550,-6.602064e+00,0.116183,SCH
2025-11-15T01:18:08,1763169487.846908,   816441055.37,4633.379555,63116,24808,osion,1.991732e+02,2.347083e+01,-1.417434e+02,5.772056e+00,1.678344e+02,46,74.082613,0.134696,550,-1.457174e+00,0.116183,SCH
2025-11-15T01:18:19,1763169498.846885,   816441066.37,4644.379555,63116,24808,osion,1.998906e+02,2.348333e+01,-1.416010e+02,5.080385e+00,1.684756e+02,46,37.039747,0.067345,550,-8.215109e-01,0.164311,SCH
2025-11-15T01:18:58,1763169537.846804,   816441105.37,4683.379555,63116,24808,osion,2.036759e+02,2.352722e+01,-1.410996e+02,2.630462e+00,1.706572e+02,46,74.082613,0.134696,550,-5.854538e+00,0.116183,SCH
2025-11-15T01:07:53,1763168872.847188,   816440440.37,4018.379555,63116,24808,osion,3.934798e+02,2.261833e+01,-1.520337e+02,4.273831e+01,1.301470e+02,51,37.039747,0.067345,550,-4.910997e+00,0.164311,SCH
2025-11-15T01:07:56,1763168875.847182,   816440443.37,4021.379555,63116,24808,osion,3.915320e+02,2.262389e+01,-1.519622e+02,4.257479e+01,1.303204e+02,51,37.039747,0.067345,550,-4.443399e+00,0.164311,SCH
2025-11-15T01:07:59,1763168878.847176,   816440446.37,4024.379555,63116,24808,osion,3.895924e+02,2.262944e+01,-1.518910e+02,4.241104e+01,1.304940e+02,51,37.039747,0.067345,550,-4.103014e+00,0.164311,SCH
2025-11-15T01:08:02,1763168881.847170,   816440449.37,4027.379555,63116,24808,osion,3.876610e+02,2.263500e+01,-1.518202e+02,4.224705e+01,1.306679e+02,51,37.039747,0.067345,550,-3.993971e+00,0.164311,SCH
2025-11-15T01:08:05,1763168884.847163,   816440452.37,4030.379555,63116,24808,osion,3.857379e+02,2.264056e+01,-1.517497e+02,4.208282e+01,1.308422e+02,51,37.039747,0.067345,550,-4.234444e+00,0.164311,SCH
2025-11-15T01:08:08,1763168887.847157,   816440455.37,4033.379555,63116,24808,osion,3.838230e+02,2.264611e+01,-1.516796e+02,4.191837e+01,1.310167e+02,51,37.039747,0.067345,550,-4.732972e+00,0.164311,SCH
2025-11-15T01:08:11,1763168890.847151,   816440458.37,4036.379555,63116,24808,osion,3.819165e+02,2.265167e+01,-1.516098e+02,4.175368e+01,1.311915e+02,51,37.039747,0.067345,550,-5.226771e+00,0.164311,SCH
2025-11-15T01:08:13,1763168892.847147,   816440460.37,4038.379555,63116,24808,osion,3.806501e+02,2.265528e+01,-1.515634e+02,4.164376e+01,1.313078e+02,51,37.039747,0.067345,550,-5.546801e+00,0.164311,SCH
2025-11-15T01:08:16,1763168895.847141,   816440463.37,4041.379555,63116,24808,osion,3.787575e+02,2.266056e+01,-1.514942e+02,4.147869e+01,1.314817e+02,51,37.039747,0.067345,550,-6.003879e+00,0.164311,SCH
2025-11-15T01:08:19,1763168898.847135,   816440466.37,4044.379555,63116,24808,osion,3.768733e+02,2.266611e+01,-1.514253e+02,4.131339e+01,1.316573e+02,51,37.039747,0.067345,550,-6.467531e+00,0.164311,SCH
2025-11-15T01:08:22,1763168901.847128,   816440469.37,4047.379555,63116,24808,osion,3.749975e+02,2.267139e+01,-1.513567e+02,4.114785e+01,1.318317e+02,51,37.039747,0.067345,550,-7.243199e+00,0.164311,SCH
2025-11-15T01:08:25,1763168904.847122,   816440472.37,4050.379555,63116,24808,osion,3.731302e+02,2.267667e+01,-1.512884e+02,4.098209e+01,1.320064e+02,51,37.039747,0.067345,550,-8.834594e+00,0.164311,SCH
2025-11-15T01:08:28,1763168907.847116,   816440475.37,4053.379555,63116,24808,osion,3.712713e+02,2.268222e+01,-1.512205e+02,4.081611e+01,1.321829e+02,51,37.039747,0.067345,550,-7.501024e+00,0.164311,SCH
2025-11-15T01:08:31,1763168910.847109,   816440478.37,4056.379555,63116,24808,osion,3.694209e+02,2.268750e+01,-1.511528e+02,4.064990e+01,1.323582e+02,51,37.039747,0.067345,550,-6.172262e+00,0.164311,SCH
2025-11-15T01:08:34,1763168913.847103,   816440481.37,4059.379555,63116,24808,osion,3.675791e+02,2.269278e+01,-1.510855e+02,4.048346e+01,1.325338e+02,51,37.039747,0.067345,550,-5.659555e+00,0.164311,SCH
2025-11-15T01:08:37,1763168916.847097,   816440484.37,4062.379555,63116,24808,osion,3.657458e+02,2.269806e+01,-1.510185e+02,4.031680e+01,1.327097e+02,51,37.039747,0.067345,550,-6.986179e+00,0.164311,SCH
2025-11-15T01:08:40,1763168919.847090,   816440487.37,4065.379555,63116,24808,osion,3.639211e+02,2.270333e+01,-1.509519e+02,4.014991e+01,1.328858e+02,51,37.039747,0.067345,550,-6.285421e+00,0.164311,SCH
2025-11-15T01:08:43,1763168922.847084,   816440490.37,4068.379555,63116,24808,osion,3.621050e+02,2.270861e+01,-1.508855e+02,3.998280e+01,1.330622e+02,51,37.039747,0.067345,550,-6.461064e+00,0.164311,SCH
2025-11-15T01:08:46,1763168925.847078,   816440493.37,4071.379555,63116,24808,osion,3.602975e+02,2.271361e+01,-1.508194e+02,3.981547e+01,1.332375e+02,51,37.039747,0.067345,550,-7.057133e+00,0.164311,SCH
2025-11-15T01:08:49,1763168928.847072,   816440496.37,4074.379555,63116,24808,osion,3.584987e+02,2.271889e+01,-1.507536e+02,3.964792e+01,1.334144e+02,51,37.039747,0.067345,550,-7.037361e+00,0.164311,SCH
2025-11-15T01:08:51,1763168930.847068,   816440498.37,4076.379555,63116,24808,osion,3.573044e+02,2.272250e+01,-1.507100e+02,3.953610e+01,1.335331e+02,51,37.039747,0.067345,550,-6.621289e+00,0.164311,SCH
2025-11-15T01:08:54,1763168933.847062,   816440501.37,4079.379555,63116,24808,osion,3.555201e+02,2.272750e+01,-1.506447e+02,3.936819e+01,1.337090e+02,51,37.039747,0.067345,550,-6.316598e+00,0.164311,SCH
2025-11-15T01:08:57,1763168936.847054,   816440504.37,4082.379555,63116,24808,osion,3.537445e+02,2.273278e+01,-1.505797e+02,3.920005e+01,1.338867e+02,51,37.039747,0.067345,550,-7.019788e+00,0.164311,SCH
2025-11-15T01:09:00,1763168939.847048,   816440507.37,4085.379555,63116,24808,osion,3.519777e+02,2.273778e+01,-1.505151e+02,3.903170e+01,1.340633e+02,51,37.039747,0.067345,550,-7.063180e+00,0.164311,SCH
2025-11-15T01:09:03,1763168942.847042,   816440510.37,4088.379555,63116,24808,osion,3.502197e+02,2.274278e+01,-1.504507e+02,3.886314e+01,1.342400e+02,51,37.039747,0.067345,550,-7.053949e+00,0.164311,SCH
2025-11-15T01:09:06,1763168945.847036,   816440513.37,4091.379555,63116,24808,osion,3.484705e+02,2.274806e+01,-1.503866e+02,3.869435e+01,1.344185e+02,51,37.039747,0.067345,550,-7.039191e+00,0.164311,SCH
2025-11-15T01:09:09,1763168948.847030,   816440516.37,4094.379555,63116,24808,osion,3.467302e+02,2.275306e+01,-1.503228e+02,3.852536e+01,1.345958e+02,51,37.039747,0.067345,550,-7.027892e+00,0.164311,SCH
2025-11-15T01:09:12,1763168951.847024,   816440519.37,4097.379555,63116,24808,osion,3.449987e+02,2.275806e+01,-1.502592e+02,3.835615e+01,1.347734e+02,51,37.039747,0.067345,550,-7.666487e+00,0.164311,SCH
2025-11-15T01:09:15,1763168954.847018,   816440522.37,4100.379555,63116,24808,osion,3.432761e+02,2.276306e+01,-1.501960e+02,3.818672e+01,1.349512e+02,51,37.039747,0.067345,550,-7.930319e+00,0.164311,SCH
2025-11-15T01:09:18,1763168957.847011,   816440525.37,4103.379555,63116,24808,osion,3.415625e+02,2.276806e+01,-1.501330e+02,3.801709e+01,1.351293e+02,51,37.039747,0.067345,550,-7.725862e+00,0.164311,SCH
2025-11-15T01:09:24,1763168963.846999,   816440531.37,4109.379555,63116,24808,osion,3.381620e+02,2.277806e+01,-1.500079e+02,3.767719e+01,1.354863e+02,51,37.039747,0.067345,550,-6.251207e+00,0.164311,SCH
2025-11-15T01:09:27,1763168966.846993,   816440534.37,4112.379555,63116,24808,osion,3.364753e+02,2.278306e+01,-1.499458e+02,3.750693e+01,1.356651e+02,51,37.039747,0.067345,550,-6.448647e+00,0.164311,SCH
2025-11-15T01:09:30,1763168969.846987,   816440537.37,4115.379555,63116,24808,osion,3.347976e+02,2.278806e+01,-1.498839e+02,3.733646e+01,1.358443e+02,51,37.039747,0.067345,550,-7.037625e+00,0.164311,SCH
2025-11-15T01:09:33,1763168972.846980,   816440540.37,4118.379555,63116,24808,osion,3.331290e+02,2.279278e+01,-1.498223e+02,3.716578e+01,1.360222e+02,51,37.039747,0.067345,550,-7.046687e+00,0.164311,SCH
2025-11-15T01:09:36,1763168975.846973,   816440543.37,4121.379555,63116,24808,osion,3.314695e+02,2.279778e+01,-1.497610e+02,3.699490e+01,1.362018e+02,51,37.039747,0.067345,550,-7.054092e+00,0.164311,SCH
2025-11-15T01:09:39,1763168978.846967,   816440546.37,4124.379555,63116,24808,osion,3.298190e+02,2.280278e+01,-1.496999e+02,3.682381e+01,1.363817e+02,51,37.039747,0.067345,550,-7.053109e+00,0.164311,SCH
2025-11-15T01:09:42,1763168981.846961,   816440549.37,4127.379555,63116,24808,osion,3.281777e+02,2.280750e+01,-1.496391e+02,3.665252e+01,1.365603e+02,51,37.039747,0.067345,550,-6.298948e+00,0.164311,SCH
2025-11-15T01:09:44,1763168983.846957,   816440551.37,4129.379555,63116,24808,osion,3.270886e+02,2.281083e+01,-1.495986e+02,3.653821e+01,1.366805e+02,51,37.039747,0.067345,550,-4.471392e+00,0.164311,SCH
2025-11-15T01:09:47,1763168986.846951,   816440554.37,4132.379555,63116,24808,osion,3.254626e+02,2.281556e+01,-1.495383e+02,3.636658e+01,1.368596e+02,51,37.039747,0.067345,550,-3.393364e+00,0.164311,SCH
2025-11-15T01:09:50,1763168989.846945,   816440557.37,4135.379555,63116,24808,osion,3.238458e+02,2.282056e+01,-1.494781e+02,3.619475e+01,1.370403e+02,51,37.039747,0.067345,550,-3.490521e+00,0.164311,SCH
2025-11-15T01:09:53,1763168992.846938,   816440560.37,4138.379555,63116,24808,osion,3.222382e+02,2.282528e+01,-1.494182e+02,3.602272e+01,1.372199e+02,51,37.039747,0.067345,550,-3.846024e+00,0.164311,SCH
2025-11-15T01:09:56,1763168995.846932,   816440563.37,4141.379555,63116,24808,osion,3.206399e+02,2.283000e+01,-1.493586e+02,3.585049e+01,1.373996e+02,51,37.039747,0.067345,550,-4.212192e+00,0.164311,SCH
2025-11-15T01:09:59,1763168998.846926,   816440566.37,4144.379555,63116,24808,osion,3.190509e+02,2.283472e+01,-1.492992e+02,3.567806e+01,1.375797e+02,51,37.039747,0.067345,550,-4.619312e+00,0.164311,SCH
2025-11-15T01:10:02,1763169001.846920,   816440569.37,4147.379555,63116,24808,osion,3.174711e+02,2.283944e+01,-1.492401e+02,3.550544e+01,1.377599e+02,51,37.039747,0.067345,550,-4.931383e+00,0.164311,SCH
2025-11-15T01:10:05,1763169004.846914,   816440572.37,4150.379555,63116,24808,osion,3.159008e+02,2.284417e+01,-1.491812e+02,3.533261e+01,1.379404e+02,51,37.039747,0.067345,550,-4.921576e+00,0.164311,SCH
2025-11-15T01:10:08,1763169007.846907,   816440575.37,4153.379555,63116,24808,osion,3.143397e+02,2.284889e+01,-1.491225e+02,3.515960e+01,1.381211e+02,51,37.039747,0.067345,550,-4.892645e+00,0.164311,SCH
2025-11-15T01:10:11,1763169010.846901,   816440578.37,4156.379555,63116,24808,osion,3.127881e+02,2.285361e+01,-1.490641e+02,3.498639e+01,1.383021e+02,51,37.039747,0.067345,550,-4.887004e+00,0.164311,SCH
2025-11-15T01:10:14,1763169013.846895,   816440581.37,4159.379555,63116,24808,osion,3.112458e+02,2.285833e+01,-1.490059e+02,3.481298e+01,1.384833e+02,51,37.039747,0.067345,550,-4.906593e+00,0.164311,SCH
2025-11-15T01:10:17,1763169016.846889,   816440584.37,4162.379555,63116,24808,osion,3.097130e+02,2.286306e+01,-1.489480e+02,3.463938e+01,1.386647e+02,51,37.039747,0.067345,550,-4.951018e+00,0.164311,SCH
2025-11-15T01:10:19,1763169018.846885,   816440586.37,4164.379555,63116,24808,osion,3.086964e+02,2.286611e+01,-1.489095e+02,3.452355e+01,1.387853e+02,51,37.039747,0.067345,550,-4.949215e+00,0.164311,SCH
2025-11-15T01:10:22,1763169021.846878,   816440589.37,4167.379555,63116,24808,osion,3.071794e+02,2.287083e+01,-1.488519e+02,3.434963e+01,1.389671e+02,51,37.039747,0.067345,550,-4.942364e+00,0.164311,SCH
2025-11-15T01:10:25,1763169024.846872,   816440592.37,4170.379555,63116,24808,osion,3.056719e+02,2.287556e+01,-1.487946e+02,3.417553e+01,1.391491e+02,51,37.039747,0.067345,550,-4.936847e+00,0.164311,SCH
2025-11-15T01:19:46,1763169585.846704,   816441153.37,4731.379555,63116,24808,osion,2.109797e+02,2.358083e+01,-1.404881e+02,-3.761969e-01,1.730026e+02,56,37.039747,0.067345,550,-1.383171e+00,0.164311,SCH
2025-11-15T01:20:20,1763169619.846633,   816441187.37,4765.379555,63116,24808,osion,2.179023e+02,2.361889e+01,-1.400572e+02,-2.497267e+00,1.742112e+02,56,74.082613,0.134696,550,-1.874971e+00,0.116183,SCH
2025-11-15T01:16:43,1763169402.847085,   816440970.37,4548.379555,63116,24808,osion,1.988423e+02,2.337306e+01,-1.428644e+02,1.111696e+01,1.626811e+02,59,37.039747,0.067345,550,-2.184958e+00,0.164311,SCH
2025-11-15T01:16:14,1763169373.847145,   816440941.37,4519.379555,63116,24808,osion,2.008397e+02,2.333889e+01,-1.432573e+02,1.293693e+01,1.608760e+02,66,37.039747,0.067345,550,-2.120575e+00,0.164311,SCH
