t_utc,t_unix,t_sclk_cor,t_tid,tid,orbit,focusmode,alt,lst,long,lat,sza,mass,species,cps_dt_bkd,abundance,precision,quality
2025-11-15T01:06:22,1763168782.777373,816440350.301373,3928.309551,63116,24808,csn,4.556398e+02,2.243913e+01,-1.543605e+02,4.753348e+01,1.250259e+02,40,Ar,0.000000,0.000000,0.000000,IU
2025-11-15T01:06:24,1763168784.777367,816440352.301367,3930.309551,63116,24808,csn,4.541850e+02,2.244304e+01,-1.543047e+02,4.742949e+01,1.251360e+02,40,Ar,0.000000,0.000000,0.000000,IU
2025-11-15T01:06:26,1763168786.777363,816440354.301363,3932.309551,63116,24808,csn,4.527335e+02,2.244742e+01,-1.542492e+02,4.732538e+01,1.252487e+02,40,Ar,0.000000,0.000000,0.000000,IU
2025-11-15T01:06:28,1763168788.777359,816440356.301359,3934.309551,63116,24808,csn,4.512852e+02,2.245183e+01,-1.541938e+02,4.722116e+01,1.253616e+02,40,Ar,0.000000,0.000000,0.000000,IU
2025-11-15T01:06:30,1763168790.777355,816440358.301355,3936.309551,63116,24808,csn,4.498403e+02,2.245597e+01,-1.541386e+02,4.711682e+01,1.254734e+02,40,Ar,0.000000,0.000000,0.000000,IU
2025-11-15T01:06:32,1763168792.777351,816440360.301351,3938.309551,63116,24808,csn,4.483986e+02,2.246022e+01,-1.540836e+02,4.701237e+01,1.255859e+02,40,Ar,0.000000,0.000000,0.000000,IU
2025-11-15T01:06:34,1763168794.777347,816440362.301347,3940.309551,63116,24808,csn,4.469602e+02,2.246445e+01,-1.540288e+02,4.690779e+01,1.256984e+02,40,Ar,0.000000,0.000000,0.000000,IU
2025-11-15T01:06:36,1763168796.777343,816440364.301343,3942.309551,63116,24808,csn,4.455252e+02,2.246858e+01,-1.539743e+02,4.680311e+01,1.258106e+02,40,Ar,0.000000,0.000000,0.000000,IU
2025-11-15T01:06:38,1763168798.777339,816440366.301339,3944.309551,63116,24808,csn,4.440934e+02,2.247279e+01,-1.539199e+02,4.669831e+01,1.259233e+02,40,Ar,0.000000,0.000000,0.000000,IU
2025-11-15T01:06:40,1763168800.777334,816440368.301334,3946.309551,63116,24808,csn,4.426650e+02,2.247673e+01,-1.538657e+02,4.659339e+01,1.260348e+02,40,Ar,0.000000,0.000000,0.000000,IU
2025-11-15T01:06:42,1763168802.777330,816440370.301330,3948.309551,63116,24808,csn,4.412399e+02,2.248086e+01,-1.538117e+02,4.648836e+01,1.261474e+02,40,Ar,0.000000,0.000000,0.000000,IU
2025-11-15T01:06:44,1763168804.777326,816440372.301326,3950.309551,63116,24808,csn,4.398181e+02,2.248507e+01,-1.537579e+02,4.638322e+01,1.262606e+02,40,Ar,0.000000,0.000000,0.000000,IU
2025-11-15T01:06:46,1763168806.777322,816440374.301322,3952.309551,63116,24808,csn,4.383997e+02,2.248932e+01,-1.537043e+02,4.627796e+01,1.263741e+02,40,Ar,0.000000,0.000000,0.000000,IU
2025-11-15T01:06:48,1763168808.777318,816440376.301318,3954.309551,63116,24808,csn,4.369846e+02,2.249336e+01,-1.536508e+02,4.617258e+01,1.264867e+02,40,Ar,0.000000,0.000000,0.000000,IU
2025-11-15T01:06:50,1763168810.777314,816440378.301314,3956.309551,63116,24808,csn,4.355729e+02,2.249730e+01,-1.535976e+02,4.606710e+01,1.265989e+02,40,Ar,0.000000,0.000000,0.000000,IU
2025-11-15T01:06:52,1763168812.777309,816440380.301309,3958.309551,63116,24808,csn,4.341646e+02,2.250158e+01,-1.535446e+02,4.596150e+01,1.267130e+02,40,Ar,0.000000,0.000000,0.000000,IU
2025-11-15T01:06:54,1763168814.777305,816440382.301305,3960.309551,63116,24808,csn,4.327597e+02,2.250560e+01,-1.534917e+02,4.585578e+01,1.268260e+02,40,Ar,0.000000,0.000000,0.000000,IU
2025-11-15T01:06:56,1763168816.777301,816440384.301301,3962.309551,63116,24808,csn,4.313581e+02,2.250965e+01,-1.534390e+02,4.574996e+01,1.269392e+02,40,Ar,0.000000,0.000000,0.000000,IU
2025-11-15T01:06:58,1763168818.777297,816440386.301297,3964.309551,63116,24808,csn,4.299600e+02,2.251360e+01,-1.533865e+02,4.564402e+01,1.270521e+02,40,Ar,0.000000,0.000000,0.000000,IU
2025-11-15T01:07:00,1763168820.777293,816440388.301293,3966.309551,63116,24808,csn,4.285653e+02,2.251760e+01,-1.533342e+02,4.553797e+01,1.271654e+02,40,Ar,0.000000,0.000000,0.000000,IU
2025-11-15T01:07:02,1763168822.777288,816440390.301288,3968.309551,63116,24808,csn,4.271739e+02,2.252158e+01,-1.532821e+02,4.543181e+01,1.272787e+02,40,Ar,0.000000,0.000000,0.000000,IU
2025-11-15T01:07:04,1763168824.777285,816440392.301285,3970.309551,63116,24808,csn,4.257860e+02,2.252578e+01,-1.532302e+02,4.532553e+01,1.273933e+02,40,Ar,0.000000,0.000000,0.000000,IU
2025-11-15T01:07:06,1763168826.777281,816440394.301281,3972.309551,63116,24808,csn,4.244015e+02,2.252954e+01,-1.531784e+02,4.521915e+01,1.275058e+02,40,Ar,0.000000,0.000000,0.000000,IU
2025-11-15T01:07:08,1763168828.777276,816440396.301276,3974.309551,63116,24808,csn,4.230205e+02,2.253363e+01,-1.531268e+02,4.511265e+01,1.276201e+02,40,Ar,0.000000,0.000000,0.000000,IU
2025-11-15T01:07:10,1763168830.777272,816440398.301272,3976.309551,63116,24808,csn,4.216429e+02,2.253762e+01,-1.530754e+02,4.500604e+01,1.277341e+02,40,Ar,0.000000,0.000000,0.000000,IU
2025-11-15T01:07:12,1763168832.777268,816440400.301268,3978.309551,63116,24808,csn,4.202688e+02,2.254154e+01,-1.530242e+02,4.489933e+01,1.278478e+02,40,Ar,0.000000,0.000000,0.000000,IU
2025-11-15T01:07:14,1763168834.777263,816440402.301264,3980.309551,63116,24808,csn,4.188982e+02,2.254562e+01,-1.529732e+02,4.479250e+01,1.279625e+02,40,Ar,0.000000,0.000000,0.000000,IU
2025-11-15T01:07:16,1763168836.777259,816440404.301259,3982.309551,63116,24808,csn,4.175310e+02,2.254944e+01,-1.529223e+02,4.468556e+01,1.280760e+02,40,Ar,0.000000,0.000000,0.000000,IU
2025-11-15T01:07:18,1763168838.777255,816440406.301255,3984.309551,63116,24808,csn,4.161673e+02,2.255328e+01,-1.528716e+02,4.457851e+01,1.281897e+02,40,Ar,0.000000,0.000000,0.000000,IU
2025-11-15T01:07:20,1763168840.777251,816440408.301251,3986.309551,63116,24808,csn,4.148071e+02,2.255736e+01,-1.528211e+02,4.447135e+01,1.283049e+02,40,Ar,0.000000,0.000000,0.000000,IU
2025-11-15T01:07:22,1763168842.777247,816440410.301247,3988.309551,63116,24808,csn,4.134504e+02,2.256118e+01,-1.527707e+02,4.436408e+01,1.284188e+02,40,Ar,0.000000,0.000000,0.000000,IU
2025-11-15T01:07:24,1763168844.777243,816440412.301243,3990.309551,63116,24808,csn,4.120972e+02,2.256496e+01,-1.527205e+02,4.425671e+01,1.285327e+02,40,Ar,0.000000,0.000000,0.000000,IU
2025-11-15T01:07:26,1763168846.777239,816440414.301239,3992.309551,63116,24808,csn,4.107475e+02,2.256905e+01,-1.526705e+02,4.414922e+01,1.286483e+02,40,Ar,0.000000,0.000000,0.000000,IU
2025-11-15T01:07:28,1763168848.777235,816440416.301235,3994.309551,63116,24808,csn,4.094013e+02,2.257283e+01,-1.526207e+02,4.404163e+01,1.287624e+02,40,Ar,0.000000,0.000000,0.000000,IU
2025-11-15T01:07:30,1763168850.777231,816440418.301230,3996.309551,63116,24808,csn,4.080587e+02,2.257668e+01,-1.525710e+02,4.393392e+01,1.288771e+02,40,Ar,0.000000,0.000000,0.000000,IU
2025-11-15T01:07:32,1763168852.777226,816440420.301226,3998.309551,63116,24808,csn,4.067196e+02,2.258049e+01,-1.525215e+02,4.382611e+01,1.289916e+02,40,Ar,0.000000,0.000000,0.000000,IU
2025-11-15T01:07:34,1763168854.777222,816440422.301222,4000.309551,63116,24808,csn,4.053841e+02,2.258429e+01,-1.524722e+02,4.371819e+01,1.291063e+02,40,Ar,0.000000,0.000000,0.000000,IU
2025-11-15T01:07:36,1763168856.777218,816440424.301218,4002.309551,63116,24808,csn,4.040521e+02,2.258807e+01,-1.524230e+02,4.361017e+01,1.292210e+02,40,Ar,0.000000,0.000000,0.000000,IU
2025-11-15T01:07:38,1763168858.777214,816440426.301214,4004.309551,63116,24808,csn,4.027237e+02,2.259189e+01,-1.523740e+02,4.350204e+01,1.293361e+02,40,Ar,0.000000,0.000000,0.000000,IU
2025-11-15T01:07:40,1763168860.777210,816440428.301210,4006.309551,63116,24808,csn,4.013988e+02,2.259568e+01,-1.523251e+02,4.339379e+01,1.294511e+02,40,Ar,0.000000,0.000000,0.000000,IU
2025-11-15T01:07:42,1763168862.777205,816440430.301205,4008.309551,63116,24808,csn,4.000776e+02,2.259953e+01,-1.522764e+02,4.328545e+01,1.295665e+02,40,Ar,0.000000,0.000000,0.000000,IU
2025-11-15T01:07:44,1763168864.777201,816440432.301201,4010.309551,63116,24808,csn,3.987599e+02,2.260335e+01,-1.522279e+02,4.317699e+01,1.296820e+02,40,Ar,0.000000,0.000000,0.000000,IU
2025-11-15T01:07:46,1763168866.777197,816440434.301197,4012.309551,63116,24808,csn,3.974458e+02,2.260713e+01,-1.521795e+02,4.306843e+01,1.297974e+02,40,Ar,0.000000,0.000000,0.000000,IU
2025-11-15T01:07:48,1763168868.777193,816440436.301193,4014.309551,63116,24808,csn,3.961354e+02,2.261095e+01,-1.521313e+02,4.295977e+01,1.299131e+02,40,Ar,0.000000,0.000000,0.000000,IU
2025-11-15T01:07:50,1763168870.777188,816440438.301188,4016.309551,63116,24808,csn,3.948286e+02,2.261450e+01,-1.520833e+02,4.285100e+01,1.300276e+02,40,Ar,0.000000,0.000000,0.000000,IU
2025-11-15T01:07:52,1763168872.777184,816440440.301184,4018.309551,63116,24808,csn,3.935253e+02,2.261826e+01,-1.520354e+02,4.274212e+01,1.301433e+02,40,Ar,0.000000,0.000000,0.000000,IU
2025-11-15T01:07:54,1763168874.777180,816440442.301180,4020.309551,63116,24808,csn,3.922258e+02,2.262213e+01,-1.519877e+02,4.263314e+01,1.302596e+02,40,Ar,0.000000,0.000000,0.000000,IU
2025-11-15T01:07:56,1763168876.777176,816440444.301176,4022.309551,63116,24808,csn,3.909298e+02,2.262565e+01,-1.519401e+02,4.252405e+01,1.303743e+02,40,Ar,0.000000,0.000000,0.000000,IU
2025-11-15T01:07:58,1763168878.777172,816440446.301172,4024.309551,63116,24808,csn,3.896375e+02,2.262943e+01,-1.518927e+02,4.241486e+01,1.304905e+02,40,Ar,0.000000,0.000000,0.000000,IU
2025-11-15T01:08:00,1763168880.777168,816440448.301168,4026.309551,63116,24808,csn,3.883489e+02,2.263324e+01,-1.518454e+02,4.230556e+01,1.306070e+02,40,Ar,0.000000,0.000000,0.000000,IU
2025-11-15T01:08:02,1763168882.777164,816440450.301164,4028.309551,63116,24808,csn,3.870640e+02,2.263673e+01,-1.517983e+02,4.219616e+01,1.307220e+02,40,Ar,0.000000,0.000000,0.000000,IU
2025-11-15T01:08:04,1763168884.777160,816440452.301160,4030.309551,63116,24808,csn,3.857827e+02,2.264058e+01,-1.517514e+02,4.208666e+01,1.308389e+02,40,Ar,0.000000,0.000000,0.000000,IU
2025-11-15T01:08:06,1763168886.777156,816440454.301156,4032.309551,63116,24808,csn,3.845050e+02,2.264412e+01,-1.517046e+02,4.197705e+01,1.309544e+02,40,Ar,0.000000,0.000000,0.000000,IU
2025-11-15T01:08:08,1763168888.777151,816440456.301151,4034.309551,63116,24808,csn,3.832311e+02,2.264788e+01,-1.516579e+02,4.186734e+01,1.310711e+02,40,Ar,0.000000,0.000000,0.000000,IU
2025-11-15T01:08:10,1763168890.777147,816440458.301147,4036.309551,63116,24808,csn,3.819609e+02,2.265145e+01,-1.516114e+02,4.175753e+01,1.311870e+02,40,Ar,0.000000,0.000000,0.000000,IU
2025-11-15T01:08:12,1763168892.777143,816440460.301142,4038.309551,63116,24808,csn,3.806944e+02,2.265495e+01,-1.515650e+02,4.164761e+01,1.313027e+02,40,Ar,0.000000,0.000000,0.000000,IU
2025-11-15T01:08:14,1763168894.777139,816440462.301139,4040.309551,63116,24808,csn,3.794316e+02,2.265870e+01,-1.515188e+02,4.153759e+01,1.314198e+02,40,Ar,0.000000,0.000000,0.000000,IU
2025-11-15T01:08:16,1763168896.777134,816440464.301135,4042.309551,63116,24808,csn,3.781725e+02,2.266233e+01,-1.514728e+02,4.142747e+01,1.315363e+02,40,Ar,0.000000,0.000000,0.000000,IU
2025-11-15T01:08:18,1763168898.777130,816440466.301130,4044.309551,63116,24808,csn,3.769172e+02,2.266584e+01,-1.514269e+02,4.131725e+01,1.316524e+02,40,Ar,0.000000,0.000000,0.000000,IU
2025-11-15T01:08:20,1763168900.777126,816440468.301126,4046.309551,63116,24808,csn,3.756656e+02,2.266957e+01,-1.513811e+02,4.120692e+01,1.317698e+02,40,Ar,0.000000,0.000000,0.000000,IU
2025-11-15T01:08:22,1763168902.777122,816440470.301122,4048.309551,63116,24808,csn,3.744178e+02,2.267318e+01,-1.513355e+02,4.109649e+01,1.318867e+02,40,Ar,0.000000,0.000000,0.000000,IU
2025-11-15T01:08:24,1763168904.777118,816440472.301118,4050.309551,63116,24808,csn,3.731737e+02,2.267664e+01,-1.512900e+02,4.098597e+01,1.320029e+02,40,Ar,0.000000,0.000000,0.000000,IU
2025-11-15T01:08:26,1763168906.777114,816440474.301114,4052.309551,63116,24808,csn,3.719334e+02,2.268024e+01,-1.512447e+02,4.087534e+01,1.321199e+02,40,Ar,0.000000,0.000000,0.000000,IU
2025-11-15T01:08:28,1763168908.777110,816440476.301110,4054.309551,63116,24808,csn,3.706968e+02,2.268381e+01,-1.511995e+02,4.076461e+01,1.322369e+02,40,Ar,0.000000,0.000000,0.000000,IU
2025-11-15T01:08:30,1763168910.777106,816440478.301105,4056.309551,63116,24808,csn,3.694640e+02,2.268723e+01,-1.511544e+02,4.065378e+01,1.323533e+02,40,Ar,0.000000,0.000000,0.000000,IU
2025-11-15T01:08:32,1763168912.777102,816440480.301102,4058.309551,63116,24808,csn,3.682351e+02,2.269086e+01,-1.511095e+02,4.054285e+01,1.324710e+02,40,Ar,0.000000,0.000000,0.000000,IU
2025-11-15T01:08:34,1763168914.777097,816440482.301097,4060.309551,63116,24808,csn,3.670099e+02,2.269433e+01,-1.510647e+02,4.043182e+01,1.325879e+02,40,Ar,0.000000,0.000000,0.000000,IU
2025-11-15T01:08:36,1763168916.777093,816440484.301093,4062.309551,63116,24808,csn,3.657885e+02,2.269787e+01,-1.510201e+02,4.032069e+01,1.327053e+02,40,Ar,0.000000,0.000000,0.000000,IU
2025-11-15T01:08:38,1763168918.777089,816440486.301089,4064.309551,63116,24808,csn,3.645709e+02,2.270151e+01,-1.509756e+02,4.020946e+01,1.328232e+02,40,Ar,0.000000,0.000000,0.000000,IU
2025-11-15T01:08:40,1763168920.777085,816440488.301084,4066.309551,63116,24808,csn,3.633572e+02,2.270493e+01,-1.509312e+02,4.009813e+01,1.329403e+02,40,Ar,0.000000,0.000000,0.000000,IU
2025-11-15T01:08:42,1763168922.777080,816440490.301080,4068.309551,63116,24808,csn,3.621473e+02,2.270837e+01,-1.508870e+02,3.998671e+01,1.330575e+02,40,Ar,0.000000,0.000000,0.000000,IU
2025-11-15T01:08:44,1763168924.777076,816440492.301076,4070.309551,63116,24808,csn,3.609412e+02,2.271177e+01,-1.508429e+02,3.987518e+01,1.331747e+02,40,Ar,0.000000,0.000000,0.000000,IU
2025-11-15T01:08:46,1763168926.777072,816440494.301072,4072.309551,63116,24808,csn,3.597390e+02,2.271549e+01,-1.507990e+02,3.976356e+01,1.332936e+02,40,Ar,0.000000,0.000000,0.000000,IU
2025-11-15T01:08:48,1763168928.777068,816440496.301068,4074.309551,63116,24808,csn,3.585406e+02,2.271889e+01,-1.507552e+02,3.965184e+01,1.334110e+02,40,Ar,0.000000,0.000000,0.000000,IU
2025-11-15T01:08:50,1763168930.777064,816440498.301064,4076.309551,63116,24808,csn,3.573461e+02,2.272233e+01,-1.507115e+02,3.954002e+01,1.335287e+02,40,Ar,0.000000,0.000000,0.000000,IU
2025-11-15T01:08:52,1763168932.777060,816440500.301060,4078.309551,63116,24808,csn,3.561555e+02,2.272577e+01,-1.506679e+02,3.942810e+01,1.336465e+02,40,Ar,0.000000,0.000000,0.000000,IU
2025-11-15T01:08:54,1763168934.777056,816440502.301056,4080.309551,63116,24808,csn,3.549687e+02,2.272921e+01,-1.506245e+02,3.931609e+01,1.337645e+02,40,Ar,0.000000,0.000000,0.000000,IU
2025-11-15T01:08:56,1763168936.777052,816440504.301052,4082.309551,63116,24808,csn,3.537858e+02,2.273264e+01,-1.505812e+02,3.920398e+01,1.338825e+02,40,Ar,0.000000,0.000000,0.000000,IU
2025-11-15T01:08:58,1763168938.777047,816440506.301047,4084.309551,63116,24808,csn,3.526069e+02,2.273602e+01,-1.505381e+02,3.909177e+01,1.340004e+02,40,Ar,0.000000,0.000000,0.000000,IU
2025-11-15T01:09:00,1763168940.777043,816440508.301043,4086.309551,63116,24808,csn,3.514318e+02,2.273947e+01,-1.504951e+02,3.897947e+01,1.341188e+02,40,Ar,0.000000,0.000000,0.000000,IU
2025-11-15T01:09:02,1763168942.777038,816440510.301039,4088.309551,63116,24808,csn,3.502606e+02,2.274289e+01,-1.504522e+02,3.886707e+01,1.342371e+02,40,Ar,0.000000,0.000000,0.000000,IU
2025-11-15T01:09:04,1763168944.777034,816440512.301034,4090.309551,63116,24808,csn,3.490934e+02,2.274616e+01,-1.504094e+02,3.875458e+01,1.343547e+02,40,Ar,0.000000,0.000000,0.000000,IU
2025-11-15T01:09:06,1763168946.777030,816440514.301030,4092.309551,63116,24808,csn,3.479301e+02,2.274948e+01,-1.503668e+02,3.864199e+01,1.344728e+02,40,Ar,0.000000,0.000000,0.000000,IU
2025-11-15T01:09:08,1763168948.777026,816440516.301026,4094.309551,63116,24808,csn,3.467707e+02,2.275290e+01,-1.503243e+02,3.852930e+01,1.345915e+02,40,Ar,0.000000,0.000000,0.000000,IU
2025-11-15T01:09:10,1763168950.777022,816440518.301022,4096.309551,63116,24808,csn,3.456152e+02,2.275630e+01,-1.502819e+02,3.841652e+01,1.347102e+02,40,Ar,0.000000,0.000000,0.000000,IU
2025-11-15T01:09:12,1763168952.777018,816440520.301018,4098.309551,63116,24808,csn,3.444637e+02,2.275974e+01,-1.502396e+02,3.830365e+01,1.348292e+02,40,Ar,0.000000,0.000000,0.000000,IU
2025-11-15T01:09:14,1763168954.777014,816440522.301014,4100.309551,63116,24808,csn,3.433162e+02,2.276281e+01,-1.501975e+02,3.819068e+01,1.349464e+02,40,Ar,0.000000,0.000000,0.000000,IU
2025-11-15T01:09:16,1763168956.777009,816440524.301009,4102.309551,63116,24808,csn,3.421726e+02,2.276673e+01,-1.501555e+02,3.807762e+01,1.350682e+02,40,Ar,0.000000,0.000000,0.000000,IU
2025-11-15T01:09:18,1763168958.777006,816440526.301009,4104.309551,63116,24808,csn,3.410331e+02,2.276841e+01,-1.501136e+02,3.796447e+01,1.351783e+02,40,Ar,0.000000,0.000000,0.000000,IU
2025-11-15T01:09:20,1763168960.777001,816440528.301002,4106.309551,63116,24808,csn,3.398975e+02,2.277261e+01,-1.500718e+02,3.785121e+01,1.353017e+02,40,Ar,0.000000,0.000000,0.000000,IU
2025-11-15T01:09:22,1763168962.776997,816440530.300996,4108.309551,63116,24808,csn,3.387658e+02,2.277654e+01,-1.500302e+02,3.773787e+01,1.354240e+02,40,Ar,0.000000,0.000000,0.000000,IU
2025-11-15T01:09:24,1763168964.776993,816440532.300993,4110.309551,63116,24808,csn,3.376382e+02,2.277966e+01,-1.499886e+02,3.762443e+01,1.355420e+02,40,Ar,0.000000,0.000000,0.000000,IU
2025-11-15T01:09:26,1763168966.776989,816440534.300989,4112.309551,63116,24808,csn,3.365146e+02,2.278302e+01,-1.499472e+02,3.751090e+01,1.356614e+02,40,Ar,0.000000,0.000000,0.000000,IU
2025-11-15T01:09:28,1763168968.776985,816440536.300985,4114.309551,63116,24808,csn,3.353950e+02,2.278626e+01,-1.499059e+02,3.739728e+01,1.357803e+02,40,Ar,0.000000,0.000000,0.000000,IU
2025-11-15T01:09:30,1763168970.776981,816440538.300981,4116.309551,63116,24808,csn,3.342794e+02,2.278939e+01,-1.498648e+02,3.728357e+01,1.358987e+02,40,Ar,0.000000,0.000000,0.000000,IU
2025-11-15T01:09:32,1763168972.776977,816440540.300977,4118.309551,63116,24808,csn,3.331678e+02,2.279289e+01,-1.498237e+02,3.716977e+01,1.360192e+02,40,Ar,0.000000,0.000000,0.000000,IU
2025-11-15T01:09:34,1763168974.776973,816440542.300973,4120.309551,63116,24808,csn,3.320603e+02,2.279607e+01,-1.497828e+02,3.705587e+01,1.361381e+02,40,Ar,0.000000,0.000000,0.000000,IU
2025-11-15T01:09:36,1763168976.776968,816440544.300968,4122.309551,63116,24808,csn,3.309569e+02,2.279936e+01,-1.497420e+02,3.694188e+01,1.362577e+02,40,Ar,0.000000,0.000000,0.000000,IU
2025-11-15T01:09:38,1763168978.776963,816440546.300963,4124.309551,63116,24808,csn,3.298574e+02,2.280256e+01,-1.497013e+02,3.682780e+01,1.363769e+02,40,Ar,0.000000,0.000000,0.000000,IU
2025-11-15T01:09:40,1763168980.776959,816440548.300959,4126.309551,63116,24808,csn,3.287621e+02,2.280574e+01,-1.496607e+02,3.671363e+01,1.364962e+02,40,Ar,0.000000,0.000000,0.000000,IU
2025-11-15T01:09:42,1763168982.776955,816440550.300955,4128.309551,63116,24808,csn,3.276708e+02,2.280909e+01,-1.496203e+02,3.659938e+01,1.366164e+02,40,Ar,0.000000,0.000000,0.000000,IU
2025-11-15T01:09:44,1763168984.776951,816440552.300951,4130.309551,63116,24808,csn,3.265836e+02,2.281232e+01,-1.495799e+02,3.648503e+01,1.367361e+02,40,Ar,0.000000,0.000000,0.000000,IU
2025-11-15T01:09:46,1763168986.776947,816440554.300947,4132.309551,63116,24808,csn,3.255005e+02,2.281548e+01,-1.495397e+02,3.637059e+01,1.368555e+02,40,Ar,0.000000,0.000000,0.000000,IU
2025-11-15T01:09:48,1763168988.776943,816440556.300943,4134.309551,63116,24808,csn,3.244214e+02,2.281876e+01,-1.494995e+02,3.625606e+01,1.369757e+02,40,Ar,0.000000,0.000000,0.000000,IU
2025-11-15T01:09:50,1763168990.776939,816440558.300939,4136.309551,63116,24808,csn,3.233465e+02,2.282202e+01,-1.494595e+02,3.614144e+01,1.370960e+02,40,Ar,0.000000,0.000000,0.000000,IU
2025-11-15T01:09:52,1763168992.776935,816440560.300935,4138.309551,63116,24808,csn,3.222756e+02,2.282515e+01,-1.494196e+02,3.602674e+01,1.372156e+02,40,Ar,0.000000,0.000000,0.000000,IU
2025-11-15T01:09:54,1763168994.776931,816440562.300931,4140.309551,63116,24808,csn,3.212089e+02,2.282834e+01,-1.493798e+02,3.591194e+01,1.373356e+02,40,Ar,0.000000,0.000000,0.000000,IU
2025-11-15T01:09:56,1763168996.776926,816440564.300926,4142.309551,63116,24808,csn,3.201463e+02,2.283152e+01,-1.493402e+02,3.579706e+01,1.374557e+02,40,Ar,0.000000,0.000000,0.000000,IU
2025-11-15T01:09:58,1763168998.776922,816440566.300922,4144.309551,63116,24808,csn,3.190879e+02,2.283464e+01,-1.493006e+02,3.568209e+01,1.375756e+02,40,Ar,0.000000,0.000000,0.000000,IU
2025-11-15T01:10:00,1763169000.776918,816440568.300918,4146.309551,63116,24808,csn,3.180335e+02,2.283791e+01,-1.492611e+02,3.556703e+01,1.376964e+02,40,Ar,0.000000,0.000000,0.000000,IU
2025-11-15T01:10:02,1763169002.776914,816440570.300914,4148.309551,63116,24808,csn,3.169833e+02,2.284092e+01,-1.492218e+02,3.545188e+01,1.378159e+02,40,Ar,0.000000,0.000000,0.000000,IU
2025-11-15T01:10:04,1763169004.776910,816440572.300910,4150.309551,63116,24808,csn,3.159373e+02,2.284428e+01,-1.491825e+02,3.533665e+01,1.379374e+02,40,Ar,0.000000,0.000000,0.000000,IU
2025-11-15T01:10:06,1763169006.776905,816440574.300905,4152.309551,63116,24808,csn,3.148954e+02,2.284732e+01,-1.491434e+02,3.522133e+01,1.380573e+02,40,Ar,0.000000,0.000000,0.000000,IU
2025-11-15T01:10:08,1763169008.776901,816440576.300902,4154.309551,63116,24808,csn,3.138577e+02,2.285037e+01,-1.491044e+02,3.510592e+01,1.381773e+02,40,Ar,0.000000,0.000000,0.000000,IU
2025-11-15T01:10:10,1763169010.776897,816440578.300897,4156.309551,63116,24808,csn,3.128242e+02,2.285369e+01,-1.490655e+02,3.499043e+01,1.382989e+02,40,Ar,0.000000,0.000000,0.000000,IU
2025-11-15T01:10:12,1763169012.776893,816440580.300893,4158.309551,63116,24808,csn,3.117948e+02,2.285669e+01,-1.490266e+02,3.487485e+01,1.384189e+02,40,Ar,0.000000,0.000000,0.000000,IU
2025-11-15T01:10:14,1763169014.776889,816440582.300889,4160.309551,63116,24808,csn,3.107697e+02,2.285972e+01,-1.489879e+02,3.475919e+01,1.385391e+02,40,Ar,0.000000,0.000000,0.000000,IU
2025-11-15T01:10:16,1763169016.776885,816440584.300885,4162.309551,63116,24808,csn,3.097487e+02,2.286298e+01,-1.489493e+02,3.464344e+01,1.386606e+02,40,Ar,0.000000,0.000000,0.000000,IU
2025-11-15T01:10:18,1763169018.776881,816440586.300880,4164.309551,63116,24808,csn,3.087319e+02,2.286617e+01,-1.489108e+02,3.452760e+01,1.387819e+02,40,Ar,0.000000,0.000000,0.000000,IU
2025-11-15T01:10:20,1763169020.776877,816440588.300877,4166.309551,63116,24808,csn,3.077194e+02,2.286920e+01,-1.488724e+02,3.441168e+01,1.389025e+02,40,Ar,0.000000,0.000000,0.000000,IU
2025-11-15T01:10:22,1763169022.776873,816440590.300873,4168.309551,63116,24808,csn,3.067110e+02,2.287222e+01,-1.488341e+02,3.429568e+01,1.390230e+02,40,Ar,0.000000,0.000000,0.000000,IU
2025-11-15T01:10:24,1763169024.776868,816440592.300868,4170.309551,63116,24808,csn,3.057069e+02,2.287528e+01,-1.487959e+02,3.417959e+01,1.391439e+02,40,Ar,0.000000,0.000000,0.000000,IU
2025-11-15T01:10:26,1763169026.776865,816440594.300864,4172.309551,63116,24808,csn,3.047071e+02,2.287828e+01,-1.487578e+02,3.406342e+01,1.392646e+02,40,Ar,0.000000,0.000000,0.000000,IU
2025-11-15T01:10:28,1763169028.776860,816440596.300859,4174.309551,63116,24808,csn,3.037114e+02,2.288161e+01,-1.487198e+02,3.394717e+01,1.393872e+02,40,Ar,0.000000,0.000000,0.000000,IU
2025-11-15T01:10:30,1763169030.776855,816440598.300856,4176.309551,63116,24808,csn,3.027200e+02,2.288471e+01,-1.486819e+02,3.383083e+01,1.395086e+02,40,Ar,0.000000,0.000000,0.000000,IU
2025-11-15T01:10:32,1763169032.776851,816440600.300851,4178.309551,63116,24808,csn,3.017329e+02,2.288777e+01,-1.486441e+02,3.371441e+01,1.396299e+02,40,Ar,0.000000,0.000000,0.000000,IU
2025-11-15T01:10:34,1763169034.776847,816440602.300847,4180.309551,63116,24808,csn,3.007500e+02,2.289076e+01,-1.486065e+02,3.359791e+01,1.397509e+02,40,Ar,0.000000,0.000000,0.000000,IU
2025-11-15T01:10:36,1763169036.776843,816440604.300843,4182.309551,63116,24808,csn,2.997715e+02,2.289384e+01,-1.485689e+02,3.348132e+01,1.398725e+02,40,Ar,0.000000,0.000000,0.000000,IU
2025-11-15T01:10:38,1763169038.776839,816440606.300839,4184.309551,63116,24808,csn,2.987971e+02,2.289689e+01,-1.485314e+02,3.336465e+01,1.399940e+02,40,Ar,0.000000,0.000000,0.000000,IU
2025-11-15T01:10:40,1763169040.776835,816440608.300835,4186.309551,63116,24808,csn,2.978271e+02,2.289992e+01,-1.484940e+02,3.324790e+01,1.401155e+02,40,Ar,0.000000,0.000000,0.000000,IU
2025-11-15T01:10:42,1763169042.776831,816440610.300831,4188.309551,63116,24808,csn,2.968614e+02,2.290301e+01,-1.484566e+02,3.313107e+01,1.402375e+02,40,Ar,0.000000,0.000000,0.000000,IU
2025-11-15T01:10:44,1763169044.776827,816440612.300827,4190.309551,63116,24808,csn,2.958999e+02,2.290584e+01,-1.484194e+02,3.301416e+01,1.403581e+02,40,Ar,0.000000,0.000000,0.000000,IU
2025-11-15T01:10:46,1763169046.776823,816440614.300822,4192.309551,63116,24808,csn,2.949428e+02,2.290876e+01,-1.483823e+02,3.289717e+01,1.404793e+02,40,Ar,0.000000,0.000000,0.000000,IU
2025-11-15T01:10:48,1763169048.776818,816440616.300818,4194.309551,63116,24808,csn,2.939899e+02,2.291183e+01,-1.483453e+02,3.278010e+01,1.406014e+02,40,Ar,0.000000,0.000000,0.000000,IU
2025-11-15T01:10:50,1763169050.776814,816440618.300814,4196.309551,63116,24808,csn,2.930415e+02,2.291490e+01,-1.483084e+02,3.266295e+01,1.407236e+02,40,Ar,0.000000,0.000000,0.000000,IU
2025-11-15T01:10:52,1763169052.776810,816440620.300810,4198.309551,63116,24808,csn,2.920973e+02,2.291793e+01,-1.482716e+02,3.254571e+01,1.408457e+02,40,Ar,0.000000,0.000000,0.000000,IU
2025-11-15T01:10:54,1763169054.776806,816440622.300806,4200.309551,63116,24808,csn,2.911574e+02,2.292101e+01,-1.482348e+02,3.242840e+01,1.409681e+02,40,Ar,0.000000,0.000000,0.000000,IU
2025-11-15T01:10:56,1763169056.776801,816440624.300801,4202.309551,63116,24808,csn,2.902219e+02,2.292379e+01,-1.481982e+02,3.231101e+01,1.410890e+02,40,Ar,0.000000,0.000000,0.000000,IU
2025-11-15T01:10:58,1763169058.776797,816440626.300797,4204.309551,63116,24808,csn,2.892908e+02,2.292678e+01,-1.481616e+02,3.219354e+01,1.412112e+02,40,Ar,0.000000,0.000000,0.000000,IU
2025-11-15T01:11:00,1763169060.776793,816440628.300793,4206.309551,63116,24808,csn,2.883640e+02,2.292982e+01,-1.481252e+02,3.207600e+01,1.413337e+02,40,Ar,0.000000,0.000000,0.000000,IU
2025-11-15T01:11:02,1763169062.776789,816440630.300789,4208.309551,63116,24808,csn,2.874415e+02,2.293289e+01,-1.480888e+02,3.195837e+01,1.414565e+02,40,Ar,0.000000,0.000000,0.000000,IU
2025-11-15T01:11:04,1763169064.776784,816440632.300784,4210.309551,63116,24808,csn,2.865235e+02,2.293563e+01,-1.480525e+02,3.184067e+01,1.415775e+02,40,Ar,0.000000,0.000000,0.000000,IU
2025-11-15T01:11:06,1763169066.776780,816440634.300780,4212.309551,63116,24808,csn,2.856098e+02,2.293871e+01,-1.480163e+02,3.172288e+01,1.417005e+02,40,Ar,0.000000,0.000000,0.000000,IU
2025-11-15T01:11:08,1763169068.776777,816440636.300776,4214.309551,63116,24808,csn,2.847005e+02,2.294177e+01,-1.479802e+02,3.160503e+01,1.418235e+02,40,Ar,0.000000,0.000000,0.000000,IU
2025-11-15T01:11:10,1763169070.776772,816440638.300772,4216.309551,63116,24808,csn,2.837956e+02,2.294460e+01,-1.479442e+02,3.148709e+01,1.419453e+02,40,Ar,0.000000,0.000000,0.000000,IU
2025-11-15T01:11:12,1763169072.776768,816440640.300768,4218.309551,63116,24808,csn,2.828950e+02,2.294753e+01,-1.479083e+02,3.136908e+01,1.420678e+02,40,Ar,0.000000,0.000000,0.000000,IU
2025-11-15T01:11:14,1763169074.776764,816440642.300764,4220.309551,63116,24808,csn,2.819989e+02,2.295053e+01,-1.478725e+02,3.125099e+01,1.421906e+02,40,Ar,0.000000,0.000000,0.000000,IU
2025-11-15T01:11:16,1763169076.776760,816440644.300760,4222.309551,63116,24808,csn,2.811072e+02,2.295336e+01,-1.478367e+02,3.113283e+01,1.423127e+02,40,Ar,0.000000,0.000000,0.000000,IU
2025-11-15T01:11:18,1763169078.776756,816440646.300756,4224.309551,63116,24808,csn,2.802199e+02,2.295640e+01,-1.478011e+02,3.101459e+01,1.424361e+02,40,Ar,0.000000,0.000000,0.000000,IU
2025-11-15T01:11:20,1763169080.776752,816440648.300752,4226.309551,63116,24808,csn,2.793371e+02,2.295920e+01,-1.477655e+02,3.089627e+01,1.425581e+02,40,Ar,0.000000,0.000000,0.000000,IU
2025-11-15T01:11:22,1763169082.776747,816440650.300747,4228.309551,63116,24808,csn,2.784586e+02,2.296202e+01,-1.477300e+02,3.077789e+01,1.426804e+02,40,Ar,0.000000,0.000000,0.000000,IU
2025-11-15T01:11:24,1763169084.776743,816440652.300743,4230.309551,63116,24808,csn,2.775846e+02,2.296502e+01,-1.476946e+02,3.065942e+01,1.428038e+02,40,Ar,0.000000,0.000000,0.000000,IU
2025-11-15T01:11:26,1763169086.776739,816440654.300739,4232.309551,63116,24808,csn,2.767151e+02,2.296789e+01,-1.476593e+02,3.054088e+01,1.429265e+02,40,Ar,0.000000,0.000000,0.000000,IU
2025-11-15T01:11:28,1763169088.776734,816440656.300734,4234.309551,63116,24808,csn,2.758500e+02,2.297087e+01,-1.476241e+02,3.042227e+01,1.430499e+02,40,Ar,0.000000,0.000000,0.000000,IU
2025-11-15T01:11:30,1763169090.776731,816440658.300731,4236.309551,63116,24808,csn,2.749893e+02,2.297356e+01,-1.475889e+02,3.030359e+01,1.431718e+02,40,Ar,0.000000,0.000000,0.000000,IU
2025-11-15T01:11:32,1763169092.776726,816440660.300726,4238.309551,63116,24808,csn,2.741331e+02,2.297668e+01,-1.475538e+02,3.018483e+01,1.432961e+02,40,Ar,0.000000,0.000000,0.000000,IU
2025-11-15T01:11:34,1763169094.776722,816440662.300722,4240.309551,63116,24808,csn,2.732814e+02,2.297951e+01,-1.475189e+02,3.006599e+01,1.434189e+02,40,Ar,0.000000,0.000000,0.000000,IU
2025-11-15T01:11:36,1763169096.776718,816440664.300718,4242.309551,63116,24808,csn,2.724342e+02,2.298232e+01,-1.474840e+02,2.994709e+01,1.435418e+02,40,Ar,0.000000,0.000000,0.000000,IU
2025-11-15T01:11:38,1763169098.776714,816440666.300714,4244.309551,63116,24808,csn,2.715914e+02,2.298529e+01,-1.474492e+02,2.982811e+01,1.436656e+02,40,Ar,0.000000,0.000000,0.000000,IU
2025-11-15T01:11:40,1763169100.776710,816440668.300710,4246.309551,63116,24808,csn,2.707532e+02,2.298806e+01,-1.474144e+02,2.970907e+01,1.437883e+02,40,Ar,0.000000,0.000000,0.000000,IU
2025-11-15T01:11:42,1763169102.776706,816440670.300705,4248.309551,63116,24808,csn,2.699194e+02,2.299096e+01,-1.473798e+02,2.958994e+01,1.439119e+02,40,Ar,0.000000,0.000000,0.000000,IU
2025-11-15T01:11:44,1763169104.776701,816440672.300701,4250.309551,63116,24808,csn,2.690901e+02,2.299378e+01,-1.473452e+02,2.947075e+01,1.440350e+02,40,Ar,0.000000,0.000000,0.000000,IU
2025-11-15T01:11:46,1763169106.776697,816440674.300697,4252.309551,63116,24808,csn,2.682654e+02,2.299665e+01,-1.473107e+02,2.935149e+01,1.441586e+02,40,Ar,0.000000,0.000000,0.000000,IU
2025-11-15T01:11:48,1763169108.776693,816440676.300693,4254.309551,63116,24808,csn,2.674451e+02,2.299934e+01,-1.472763e+02,2.923216e+01,1.442811e+02,40,Ar,0.000000,0.000000,0.000000,IU
2025-11-15T01:11:50,1763169110.776689,816440678.300689,4256.309551,63116,24808,csn,2.666294e+02,2.300224e+01,-1.472420e+02,2.911276e+01,1.444050e+02,40,Ar,0.000000,0.000000,0.000000,IU
2025-11-15T01:11:52,1763169112.776685,816440680.300685,4258.309551,63116,24808,csn,2.658182e+02,2.300493e+01,-1.472077e+02,2.899328e+01,1.445278e+02,40,Ar,0.000000,0.000000,0.000000,IU
2025-11-15T01:11:54,1763169114.776681,816440682.300681,4260.309551,63116,24808,csn,2.650116e+02,2.300781e+01,-1.471735e+02,2.887374e+01,1.446517e+02,40,Ar,0.000000,0.000000,0.000000,IU
2025-11-15T01:11:56,1763169116.776677,816440684.300677,4262.309551,63116,24808,csn,2.642095e+02,2.301070e+01,-1.471394e+02,2.875413e+01,1.447758e+02,40,Ar,0.000000,0.000000,0.000000,IU
2025-11-15T01:11:58,1763169118.776672,816440686.300672,4264.309551,63116,24808,csn,2.634119e+02,2.301348e+01,-1.471054e+02,2.863445e+01,1.448993e+02,40,Ar,0.000000,0.000000,0.000000,IU
2025-11-15T01:12:00,1763169120.776668,816440688.300668,4266.309551,63116,24808,csn,2.626189e+02,2.301643e+01,-1.470715e+02,2.851470e+01,1.450238e+02,40,Ar,0.000000,0.000000,0.000000,IU
2025-11-15T01:12:02,1763169122.776664,816440690.300664,4268.309551,63116,24808,csn,2.618304e+02,2.301904e+01,-1.470376e+02,2.839488e+01,1.451465e+02,40,Ar,0.000000,0.000000,0.000000,IU
2025-11-15T01:12:04,1763169124.776659,816440692.300660,4270.309551,63116,24808,csn,2.610466e+02,2.302180e+01,-1.470038e+02,2.827500e+01,1.452701e+02,40,Ar,0.000000,0.000000,0.000000,IU
2025-11-15T01:12:06,1763169126.776656,816440694.300656,4272.309551,63116,24808,csn,2.602672e+02,2.302464e+01,-1.469701e+02,2.815504e+01,1.453943e+02,40,Ar,0.000000,0.000000,0.000000,IU
2025-11-15T01:12:08,1763169128.776652,816440696.300652,4274.309551,63116,24808,csn,2.594925e+02,2.302756e+01,-1.469364e+02,2.803502e+01,1.455190e+02,40,Ar,0.000000,0.000000,0.000000,IU
2025-11-15T01:12:10,1763169130.776647,816440698.300647,4276.309551,63116,24808,csn,2.587224e+02,2.303027e+01,-1.469029e+02,2.791494e+01,1.456425e+02,40,Ar,0.000000,0.000000,0.000000,IU
2025-11-15T01:12:12,1763169132.776643,816440700.300643,4278.309551,63116,24808,csn,2.579568e+02,2.303291e+01,-1.468694e+02,2.779478e+01,1.457657e+02,40,Ar,0.000000,0.000000,0.000000,IU
2025-11-15T01:12:14,1763169134.776639,816440702.300640,4280.309551,63116,24808,csn,2.571958e+02,2.303588e+01,-1.468360e+02,2.767457e+01,1.458909e+02,40,Ar,0.000000,0.000000,0.000000,IU
2025-11-15T01:12:16,1763169136.776635,816440704.300635,4282.309551,63116,24808,csn,2.564395e+02,2.303855e+01,-1.468026e+02,2.755428e+01,1.460145e+02,40,Ar,0.000000,0.000000,0.000000,IU
2025-11-15T01:12:18,1763169138.776631,816440706.300631,4284.309551,63116,24808,csn,2.556877e+02,2.304119e+01,-1.467693e+02,2.743393e+01,1.461379e+02,40,Ar,0.000000,0.000000,0.000000,IU
2025-11-15T01:12:20,1763169140.776627,816440708.300627,4286.309551,63116,24808,csn,2.549406e+02,2.304416e+01,-1.467361e+02,2.731352e+01,1.462633e+02,40,Ar,0.000000,0.000000,0.000000,IU
2025-11-15T01:12:22,1763169142.776622,816440710.300622,4288.309551,63116,24808,csn,2.541981e+02,2.304681e+01,-1.467030e+02,2.719304e+01,1.463869e+02,40,Ar,0.000000,0.000000,0.000000,IU
2025-11-15T01:12:24,1763169144.776618,816440712.300618,4290.309551,63116,24808,csn,2.534602e+02,2.304952e+01,-1.466700e+02,2.707249e+01,1.465110e+02,40,Ar,0.000000,0.000000,0.000000,IU
2025-11-15T01:12:26,1763169146.776614,816440714.300614,4292.309551,63116,24808,csn,2.527269e+02,2.305213e+01,-1.466370e+02,2.695188e+01,1.466345e+02,40,Ar,0.000000,0.000000,0.000000,IU
2025-11-15T01:12:28,1763169148.776610,816440716.300610,4294.309551,63116,24808,csn,2.519983e+02,2.305500e+01,-1.466041e+02,2.683121e+01,1.467596e+02,40,Ar,0.000000,0.000000,0.000000,IU
2025-11-15T01:12:30,1763169150.776606,816440718.300606,4296.309551,63116,24808,csn,2.512743e+02,2.305778e+01,-1.465712e+02,2.671048e+01,1.468843e+02,40,Ar,0.000000,0.000000,0.000000,IU
2025-11-15T01:12:32,1763169152.776602,816440720.300602,4298.309551,63116,24808,csn,2.505550e+02,2.306042e+01,-1.465384e+02,2.658968e+01,1.470082e+02,40,Ar,0.000000,0.000000,0.000000,IU
2025-11-15T01:12:34,1763169154.776597,816440722.300597,4300.309551,63116,24808,csn,2.498403e+02,2.306308e+01,-1.465057e+02,2.646882e+01,1.471323e+02,40,Ar,0.000000,0.000000,0.000000,IU
2025-11-15T01:12:36,1763169156.776593,816440724.300594,4302.309551,63116,24808,csn,2.491303e+02,2.306582e+01,-1.464731e+02,2.634790e+01,1.472569e+02,40,Ar,0.000000,0.000000,0.000000,IU
2025-11-15T01:12:38,1763169158.776589,816440726.300589,4304.309551,63116,24808,csn,2.484250e+02,2.306876e+01,-1.464405e+02,2.622691e+01,1.473828e+02,40,Ar,0.000000,0.000000,0.000000,IU
2025-11-15T01:12:40,1763169160.776585,816440728.300585,4306.309551,63116,24808,csn,2.477243e+02,2.307132e+01,-1.464080e+02,2.610587e+01,1.475065e+02,40,Ar,0.000000,0.000000,0.000000,IU
2025-11-15T01:12:42,1763169162.776581,816440730.300581,4308.309551,63116,24808,csn,2.470283e+02,2.307404e+01,-1.463756e+02,2.598476e+01,1.476312e+02,40,Ar,0.000000,0.000000,0.000000,IU
2025-11-15T01:12:44,1763169164.776577,816440732.300577,4310.309551,63116,24808,csn,2.463370e+02,2.307671e+01,-1.463432e+02,2.586359e+01,1.477557e+02,40,Ar,0.000000,0.000000,0.000000,IU
2025-11-15T01:12:46,1763169166.776572,816440734.300573,4312.309551,63116,24808,csn,2.456504e+02,2.307934e+01,-1.463109e+02,2.574236e+01,1.478800e+02,40,Ar,0.000000,0.000000,0.000000,IU
2025-11-15T01:12:48,1763169168.776568,816440736.300568,4314.309551,63116,24808,csn,2.449685e+02,2.308206e+01,-1.462787e+02,2.562108e+01,1.480049e+02,40,Ar,0.977139,0.000000,1.011630,IU
2025-11-15T01:12:50,1763169170.776564,816440738.300564,4316.309551,63116,24808,csn,2.442912e+02,2.308470e+01,-1.462465e+02,2.549973e+01,1.481294e+02,40,Ar,4.804783,0.000000,0.456208,IU
2025-11-15T01:12:52,1763169172.776560,816440740.300559,4318.309551,63116,24808,csn,2.436187e+02,2.308757e+01,-1.462144e+02,2.537832e+01,1.482554e+02,40,Ar,8.632426,85.328025,0.340356,IU
2025-11-15T01:12:54,1763169174.776555,816440742.300555,4320.309551,63116,24808,csn,2.429509e+02,2.309017e+01,-1.461824e+02,2.525685e+01,1.483797e+02,40,Ar,5.462935,0.000000,0.427846,IU
2025-11-15T01:12:56,1763169176.776551,816440744.300551,4322.309551,63116,24808,csn,2.422878e+02,2.309273e+01,-1.461504e+02,2.513533e+01,1.485039e+02,40,Ar,0.000000,0.000000,0.000000,IU
2025-11-15T01:12:58,1763169178.776547,816440746.300547,4324.309551,63116,24808,csn,2.416295e+02,2.309558e+01,-1.461185e+02,2.501375e+01,1.486299e+02,40,Ar,0.000000,0.000000,0.000000,IU
2025-11-15T01:13:00,1763169180.776543,816440748.300543,4326.309551,63116,24808,csn,2.409758e+02,2.309822e+01,-1.460866e+02,2.489211e+01,1.487547e+02,40,Ar,40.622886,474.945629,0.156897,IU
2025-11-15T01:13:02,1763169182.776539,816440750.300539,4328.309551,63116,24808,csn,2.403269e+02,2.310074e+01,-1.460549e+02,2.477041e+01,1.488788e+02,40,Ar,106.129204,1107.178699,0.097069,IU
2025-11-15T01:13:04,1763169184.776535,816440752.300535,4330.309551,63116,24808,csn,2.396828e+02,2.310352e+01,-1.460231e+02,2.464865e+01,1.490046e+02,40,Ar,206.441193,1107.178699,0.069599,IU
2025-11-15T01:13:06,1763169186.776531,816440754.300531,4332.309551,63116,24808,csn,2.390434e+02,2.310622e+01,-1.459915e+02,2.452684e+01,1.491299e+02,40,Ar,136.830600,649.217890,0.085489,IU
2025-11-15T01:13:08,1763169188.776527,816440756.300527,4334.309551,63116,24808,csn,2.384087e+02,2.310869e+01,-1.459599e+02,2.440497e+01,1.492539e+02,40,Ar,153.271977,1213.377547,0.080773,IU
2025-11-15T01:13:10,1763169190.776523,816440758.300523,4336.309551,63116,24808,csn,2.377788e+02,2.311136e+01,-1.459284e+02,2.428305e+01,1.493792e+02,40,Ar,173.098540,367.034431,0.076007,IU
2025-11-15T01:13:12,1763169192.776518,816440760.300518,4338.309551,63116,24808,csn,2.371536e+02,2.311400e+01,-1.458969e+02,2.416107e+01,1.495043e+02,40,Ar,107.554393,649.001922,0.096424,IU
2025-11-15T01:13:14,1763169194.776515,816440762.300514,4340.309551,63116,24808,csn,2.365333e+02,2.311671e+01,-1.458655e+02,2.403904e+01,1.496299e+02,40,Ar,249.161279,2058.195873,0.063352,IU
2025-11-15T01:13:16,1763169196.776510,816440764.300510,4342.309551,63116,24808,csn,2.359176e+02,2.311935e+01,-1.458341e+02,2.391694e+01,1.497551e+02,40,Ar,309.839393,3185.602284,0.056811,IU
2025-11-15T01:13:18,1763169198.776506,816440766.300506,4344.309551,63116,24808,csn,2.353068e+02,2.312198e+01,-1.458028e+02,2.379480e+01,1.498804e+02,40,Ar,199.800271,1493.964072,0.070746,IU
2025-11-15T01:13:20,1763169200.776501,816440768.300501,4346.309551,63116,24808,csn,2.347007e+02,2.312472e+01,-1.457716e+02,2.367260e+01,1.500064e+02,40,Ar,381.557712,2903.416308,0.051194,IU
2025-11-15T01:13:22,1763169202.776497,816440770.300497,4348.309551,63116,24808,csn,2.340995e+02,2.312717e+01,-1.457405e+02,2.355035e+01,1.501306e+02,40,Ar,330.282879,2338.988304,0.055025,IU
2025-11-15T01:13:24,1763169204.776494,816440772.300494,4350.309551,63116,24808,csn,2.335030e+02,2.312973e+01,-1.457093e+02,2.342804e+01,1.502556e+02,40,Ar,342.775979,2620.441626,0.054013,IU
2025-11-15T01:13:26,1763169206.776489,816440774.300489,4352.309551,63116,24808,csn,2.329113e+02,2.313241e+01,-1.456783e+02,2.330569e+01,1.503814e+02,40,Ar,383.023340,2522.434318,0.051096,IU
2025-11-15T01:13:28,1763169208.776485,816440776.300485,4354.309551,63116,24808,csn,2.323244e+02,2.313507e+01,-1.456473e+02,2.318327e+01,1.505071e+02,40,Ar,429.716161,3233.004125,0.048240,IU
2025-11-15T01:13:30,1763169210.776481,816440778.300481,4356.309551,63116,24808,csn,2.317423e+02,2.313766e+01,-1.456164e+02,2.306081e+01,1.506323e+02,40,Ar,429.675007,2794.076036,0.048243,IU
2025-11-15T01:13:32,1763169212.776477,816440780.300477,4358.309551,63116,24808,csn,2.311651e+02,2.314010e+01,-1.455855e+02,2.293830e+01,1.507568e+02,40,Ar,529.118147,3356.627535,0.043473,IU
2025-11-15T01:13:34,1763169214.776473,816440782.300472,4360.309551,63116,24808,csn,2.305926e+02,2.314283e+01,-1.455547e+02,2.281573e+01,1.508830e+02,40,Ar,885.179075,7124.402164,0.033611,IU
2025-11-15T01:13:36,1763169216.776469,816440784.300469,4362.309551,63116,24808,csn,2.300250e+02,2.314546e+01,-1.455239e+02,2.269311e+01,1.510087e+02,40,Ar,912.434391,6560.930459,0.033105,IU
2025-11-15T01:13:38,1763169218.776464,816440786.300464,4364.309551,63116,24808,csn,2.294622e+02,2.314812e+01,-1.454932e+02,2.257044e+01,1.511347e+02,40,Ar,1321.115275,11065.237355,0.027512,IU
2025-11-15T01:13:40,1763169220.776460,816440788.300460,4366.309551,63116,24808,csn,2.289042e+02,2.315053e+01,-1.454626e+02,2.244773e+01,1.512591e+02,40,Ar,1083.271437,8199.270760,0.030383,IU
2025-11-15T01:13:42,1763169222.776455,816440790.300456,4368.309551,63116,24808,csn,2.283510e+02,2.315317e+01,-1.454320e+02,2.232496e+01,1.513850e+02,40,Ar,1037.177518,6947.705871,0.031051,IU
2025-11-15T01:13:44,1763169224.776453,816440792.300452,4370.309551,63116,24808,csn,2.278027e+02,2.315584e+01,-1.454014e+02,2.220214e+01,1.515111e+02,40,Ar,1093.510035,8139.272400,0.030240,IU
2025-11-15T01:13:46,1763169226.776454,816440794.300448,4372.309551,63116,24808,csn,2.272592e+02,2.315825e+01,-1.453710e+02,2.207927e+01,1.516357e+02,40,Ar,1131.490055,8527.980327,0.029729,IU
2025-11-15T01:13:48,1763169228.776309,816440796.300443,4374.309551,63116,24808,csn,2.267206e+02,2.316092e+01,-1.453405e+02,2.195636e+01,1.517619e+02,40,Ar,1272.463616,10165.813886,0.028033,IU
2025-11-15T01:13:50,1763169230.777401,816440798.300439,4376.309551,63116,24808,csn,2.261869e+02,2.316353e+01,-1.453102e+02,2.183339e+01,1.518878e+02,40,Ar,1076.700526,8069.241635,0.030476,IU
2025-11-15T01:13:52,1763169232.777411,816440800.300435,4378.309551,63116,24808,csn,2.256580e+02,2.316594e+01,-1.452798e+02,2.171038e+01,1.520125e+02,40,Ar,1265.806980,10262.457630,0.028107,IU
2025-11-15T01:13:54,1763169234.777438,816440802.300431,4380.309551,63116,24808,csn,2.251339e+02,2.316862e+01,-1.452496e+02,2.158732e+01,1.521389e+02,40,Ar,1145.911962,9368.027309,0.029541,IU
2025-11-15T01:13:56,1763169236.777427,816440804.300427,4382.309551,63116,24808,csn,2.246147e+02,2.317125e+01,-1.452194e+02,2.146421e+01,1.522650e+02,40,Ar,1075.926825,7960.602447,0.030487,IU
2025-11-15T01:13:58,1763169238.777423,816440806.300423,4384.309551,63116,24808,csn,2.241004e+02,2.317369e+01,-1.451892e+02,2.134106e+01,1.523900e+02,40,Ar,1413.377016,11054.532747,0.026599,IU
2025-11-15T01:14:00,1763169240.777419,816440808.300419,4386.309551,63116,24808,csn,2.235910e+02,2.317617e+01,-1.451591e+02,2.121786e+01,1.525153e+02,40,Ar,1289.611528,9647.069602,0.027846,IU
2025-11-15T01:14:02,1763169242.777415,816440810.300414,4388.309551,63116,24808,csn,2.230864e+02,2.317868e+01,-1.451290e+02,2.109461e+01,1.526408e+02,40,Ar,1097.132905,8240.009848,0.030191,IU
2025-11-15T01:14:04,1763169244.777411,816440812.300411,4390.309551,63116,24808,csn,2.225868e+02,2.318140e+01,-1.450990e+02,2.097132e+01,1.527677e+02,40,Ar,1067.388985,8802.151177,0.030608,IU
2025-11-15T01:14:06,1763169246.777406,816440814.300406,4392.309551,63116,24808,csn,2.220920e+02,2.318383e+01,-1.450691e+02,2.084798e+01,1.528928e+02,40,Ar,1153.942541,9032.330036,0.029438,IU
2025-11-15T01:14:08,1763169248.777402,816440816.300402,4394.309551,63116,24808,csn,2.216021e+02,2.318636e+01,-1.450392e+02,2.072460e+01,1.530185e+02,40,Ar,699.741144,5252.559962,0.037803,IU
2025-11-15T01:14:10,1763169250.777397,816440818.300397,4396.309551,63116,24808,csn,2.211171e+02,2.318880e+01,-1.450093e+02,2.060117e+01,1.531437e+02,40,Ar,1057.411041,9535.445696,0.030752,IU
2025-11-15T01:14:12,1763169252.777393,816440820.300393,4398.309551,63116,24808,csn,2.206370e+02,2.319153e+01,-1.449795e+02,2.047770e+01,1.532708e+02,40,Ar,887.180037,6549.644673,0.033573,IU
2025-11-15T01:14:14,1763169254.777389,816440822.300389,4400.309551,63116,24808,csn,2.201618e+02,2.319403e+01,-1.449498e+02,2.035419e+01,1.533964e+02,40,Ar,1022.205915,7673.774564,0.031277,IU
2025-11-15T01:14:16,1763169256.777385,816440824.300385,4402.309551,63116,24808,csn,2.196915e+02,2.319654e+01,-1.449201e+02,2.023063e+01,1.535222e+02,40,Ar,1029.371178,7780.020291,0.031168,IU
2025-11-15T01:14:18,1763169258.777381,816440826.300381,4404.309551,63116,24808,csn,2.192262e+02,2.319896e+01,-1.448905e+02,2.010703e+01,1.536474e+02,40,Ar,984.868729,7440.594558,0.031865,IU
2025-11-15T01:14:20,1763169260.777377,816440828.300377,4406.309551,63116,24808,csn,2.187657e+02,2.320148e+01,-1.448609e+02,1.998338e+01,1.537733e+02,40,Ar,1289.159505,8126.411966,0.027851,IU
2025-11-15T01:14:22,1763169262.777372,816440830.300372,4408.309551,63116,24808,csn,2.183102e+02,2.320399e+01,-1.448313e+02,1.985970e+01,1.538991e+02,40,Ar,1397.558417,10480.256649,0.026749,IU
2025-11-15T01:14:24,1763169264.777369,816440832.300368,4410.309551,63116,24808,csn,2.178596e+02,2.320640e+01,-1.448018e+02,1.973597e+01,1.540243e+02,40,Ar,2068.203844,16660.810940,0.021989,IU
2025-11-15T01:14:26,1763169266.777364,816440834.300364,4412.309551,63116,24808,csn,2.174139e+02,2.320908e+01,-1.447724e+02,1.961220e+01,1.541514e+02,40,Ar,1808.278178,15535.181102,0.023516,IU
2025-11-15T01:14:28,1763169268.777360,816440836.300360,4414.309551,63116,24808,csn,2.169732e+02,2.321140e+01,-1.447429e+02,1.948839e+01,1.542760e+02,40,Ar,1570.510665,11882.301484,0.025234,IU
2025-11-15T01:14:30,1763169270.777356,816440838.300356,4416.309551,63116,24808,csn,2.165374e+02,2.321414e+01,-1.447136e+02,1.936454e+01,1.544035e+02,40,Ar,2036.023645,16375.343798,0.022162,IU
2025-11-15T01:14:32,1763169272.777352,816440840.300352,4418.309551,63116,24808,csn,2.161065e+02,2.321659e+01,-1.446843e+02,1.924065e+01,1.545290e+02,40,Ar,1802.245488,13846.459967,0.023556,IU
2025-11-15T01:14:34,1763169274.777347,816440842.300347,4420.309551,63116,24808,csn,2.156806e+02,2.321912e+01,-1.446550e+02,1.911672e+01,1.546553e+02,40,Ar,1995.265682,15530.685798,0.022387,IU
2025-11-15T01:14:36,1763169276.777343,816440844.300343,4422.309551,63116,24808,csn,2.152596e+02,2.322155e+01,-1.446258e+02,1.899275e+01,1.547807e+02,40,Ar,1606.181609,12110.979309,0.024952,IU
2025-11-15T01:14:38,1763169278.777339,816440846.300339,4424.309551,63116,24808,csn,2.148436e+02,2.322399e+01,-1.445966e+02,1.886874e+01,1.549063e+02,40,Ar,2116.452915,17163.287307,0.021737,IU
2025-11-15T01:14:40,1763169280.777335,816440848.300335,4426.309551,63116,24808,csn,2.144325e+02,2.322653e+01,-1.445675e+02,1.874470e+01,1.550326e+02,40,Ar,1609.536629,11141.813494,0.024926,IU
2025-11-15T01:14:42,1763169282.777331,816440850.300331,4428.309551,63116,24808,csn,2.140264e+02,2.322899e+01,-1.445384e+02,1.862061e+01,1.551584e+02,40,Ar,1884.728563,12784.385485,0.023034,IU
2025-11-15T01:14:44,1763169284.777326,816440852.300326,4430.309551,63116,24808,csn,2.136252e+02,2.323143e+01,-1.445094e+02,1.849649e+01,1.552841e+02,40,Ar,1542.305791,11544.859006,0.025463,IU
2025-11-15T01:14:46,1763169286.777323,816440854.300323,4432.309551,63116,24808,csn,2.132290e+02,2.323397e+01,-1.444804e+02,1.837233e+01,1.554104e+02,40,Ar,1490.042218,9736.507585,0.025906,IU
2025-11-15T01:14:48,1763169288.777319,816440856.300319,4434.309551,63116,24808,csn,2.128378e+02,2.323642e+01,-1.444515e+02,1.824814e+01,1.555361e+02,40,Ar,1497.368998,9839.826716,0.025843,IU
2025-11-15T01:14:50,1763169290.777314,816440858.300314,4436.309551,63116,24808,csn,2.124516e+02,2.323884e+01,-1.444226e+02,1.812390e+01,1.556617e+02,40,Ar,1470.754249,11178.253969,0.026075,IU
2025-11-15T01:14:52,1763169292.777310,816440860.300310,4438.309551,63116,24808,csn,2.120703e+02,2.324136e+01,-1.443937e+02,1.799963e+01,1.557880e+02,40,Ar,1180.468783,8463.990287,0.029105,IU
2025-11-15T01:14:54,1763169294.777306,816440862.300306,4440.309551,63116,24808,csn,2.116940e+02,2.324386e+01,-1.443649e+02,1.787533e+01,1.559142e+02,40,Ar,938.703250,6539.110711,0.032639,IU
2025-11-15T01:14:56,1763169296.777302,816440864.300302,4442.309551,63116,24808,csn,2.113227e+02,2.324629e+01,-1.443361e+02,1.775099e+01,1.560398e+02,40,Ar,1545.773720,11589.857035,0.025435,IU
2025-11-15T01:14:58,1763169298.777298,816440866.300298,4444.309551,63116,24808,csn,2.109564e+02,2.324883e+01,-1.443074e+02,1.762661e+01,1.561663e+02,40,Ar,1483.437072,9905.510762,0.025964,IU
2025-11-15T01:15:00,1763169300.777293,816440868.300293,4446.309551,63116,24808,csn,2.105950e+02,2.325125e+01,-1.442787e+02,1.750220e+01,1.562920e+02,40,Ar,1100.322670,8221.085855,0.030147,IU
2025-11-15T01:15:02,1763169302.777290,816440870.300291,4448.309551,63116,24808,csn,2.102387e+02,2.325336e+01,-1.442501e+02,1.737776e+01,1.564155e+02,40,Ar,1315.169591,9624.112490,0.027575,IU
2025-11-15T01:15:04,1763169304.777286,816440872.300290,4450.309551,63116,24808,csn,2.098874e+02,2.325514e+01,-1.442215e+02,1.725328e+01,1.565367e+02,40,Ar,1721.272742,9624.112490,0.024103,IU
2025-11-15T01:15:06,1763169306.777281,816440874.300281,4452.309551,63116,24808,csn,2.095410e+02,2.325834e+01,-1.441929e+02,1.712877e+01,1.566678e+02,40,Ar,2127.374464,16635.566066,0.021681,IU
2025-11-15T01:15:08,1763169308.777276,816440876.300275,4454.309551,63116,24808,csn,2.091997e+02,2.326123e+01,-1.441644e+02,1.700423e+01,1.567968e+02,40,Ar,2411.335518,16635.566066,0.020364,IU
2025-11-15T01:15:10,1763169310.777272,816440878.300271,4456.309551,63116,24808,csn,2.088633e+02,2.326356e+01,-1.441359e+02,1.687965e+01,1.569218e+02,40,Ar,2670.304954,22515.851090,0.019352,IU
2025-11-15T01:15:12,1763169312.777269,816440880.300268,4458.309551,63116,24808,csn,2.085320e+02,2.326573e+01,-1.441075e+02,1.675505e+01,1.570458e+02,40,Ar,2929.274513,22515.851090,0.018477,IU
2025-11-15T01:15:14,1763169314.777265,816440882.300265,4460.309551,63116,24808,csn,2.082057e+02,2.326808e+01,-1.440791e+02,1.663041e+01,1.571711e+02,40,Ar,2918.684476,22515.851090,0.018510,IU
2025-11-15T01:15:16,1763169316.777261,816440884.300261,4462.309551,63116,24808,csn,2.078844e+02,2.327059e+01,-1.440507e+02,1.650574e+01,1.572974e+02,40,Ar,2852.935882,20877.214549,0.018722,IU
2025-11-15T01:15:18,1763169318.777256,816440886.300256,4464.309551,63116,24808,csn,2.075681e+02,2.327308e+01,-1.440224e+02,1.638104e+01,1.574236e+02,40,Ar,2787.187307,20877.214549,0.018942,IU
2025-11-15T01:15:20,1763169320.777251,816440888.300251,4466.309551,63116,24808,csn,2.072568e+02,2.327542e+01,-1.439941e+02,1.625631e+01,1.575487e+02,40,Ar,3214.004223,26204.585955,0.017639,IU
2025-11-15T01:15:22,1763169322.777247,816440890.300247,4468.309551,63116,24808,csn,2.069505e+02,2.327787e+01,-1.439659e+02,1.613155e+01,1.576747e+02,40,Ar,3163.367152,22990.669000,0.017780,IU
2025-11-15T01:15:24,1763169324.777243,816440892.300243,4470.309551,63116,24808,csn,2.066493e+02,2.328024e+01,-1.439377e+02,1.600675e+01,1.578001e+02,40,Ar,3294.780932,25320.445657,0.017422,IU
2025-11-15T01:15:26,1763169326.777240,816440894.300240,4472.309551,63116,24808,csn,2.063531e+02,2.328265e+01,-1.439095e+02,1.588194e+01,1.579257e+02,40,Ar,3375.909668,25599.319479,0.017211,IU
2025-11-15T01:15:28,1763169328.777235,816440896.300235,4474.309551,63116,24808,csn,2.060619e+02,2.328529e+01,-1.438814e+02,1.575709e+01,1.580530e+02,40,Ar,4184.791645,31725.087947,0.015458,IU
2025-11-15T01:15:30,1763169330.777231,816440898.300231,4476.309551,63116,24808,csn,2.057758e+02,2.328750e+01,-1.438533e+02,1.563221e+01,1.581772e+02,40,Ar,2985.618401,22599.187122,0.018301,IU
2025-11-15T01:15:32,1763169332.777227,816440900.300227,4478.309551,63116,24808,csn,2.054947e+02,2.329010e+01,-1.438253e+02,1.550731e+01,1.583042e+02,40,Ar,3325.269758,25636.339808,0.017341,IU
2025-11-15T01:15:34,1763169334.777222,816440902.300222,4480.309551,63116,24808,csn,2.052187e+02,2.329234e+01,-1.437973e+02,1.538237e+01,1.584287e+02,40,Ar,3021.359286,22704.307344,0.018193,IU
2025-11-15T01:15:36,1763169336.777219,816440904.300219,4482.309551,63116,24808,csn,2.049476e+02,2.329487e+01,-1.437693e+02,1.525741e+01,1.585552e+02,40,Ar,3270.820172,23590.335597,0.017485,IU
2025-11-15T01:15:38,1763169338.777215,816440906.300215,4484.309551,63116,24808,csn,2.046816e+02,2.329716e+01,-1.437414e+02,1.513243e+01,1.586799e+02,40,Ar,3599.977556,27359.009381,0.016667,IU
2025-11-15T01:15:40,1763169340.777210,816440908.300210,4486.309551,63116,24808,csn,2.044207e+02,2.329962e+01,-1.437135e+02,1.500742e+01,1.588059e+02,40,Ar,3480.622672,27032.525114,0.016950,IU
2025-11-15T01:15:42,1763169342.777206,816440910.300206,4488.309551,63116,24808,csn,2.041648e+02,2.330203e+01,-1.436856e+02,1.488238e+01,1.589315e+02,40,Ar,3296.818941,24467.589919,0.017416,IU
2025-11-15T01:15:44,1763169344.777201,816440912.300201,4490.309551,63116,24808,csn,2.039140e+02,2.330439e+01,-1.436578e+02,1.475732e+01,1.590567e+02,40,Ar,2851.120730,19702.003105,0.018728,IU
2025-11-15T01:15:46,1763169346.777198,816440914.300198,4492.309551,63116,24808,csn,2.036682e+02,2.330689e+01,-1.436300e+02,1.463223e+01,1.591830e+02,40,Ar,2230.198594,15777.753096,0.021175,IU
2025-11-15T01:15:48,1763169348.777193,816440916.300193,4494.309551,63116,24808,csn,2.034275e+02,2.330915e+01,-1.436023e+02,1.450712e+01,1.593074e+02,40,Ar,2585.299637,20822.473847,0.019667,IU
2025-11-15T01:15:50,1763169350.777189,816440918.300189,4496.309551,63116,24808,csn,2.031918e+02,2.331170e+01,-1.435746e+02,1.438198e+01,1.594340e+02,40,Ar,2751.916175,20821.622500,0.019063,IU
2025-11-15T01:15:52,1763169352.777185,816440920.300185,4498.309551,63116,24808,csn,2.029612e+02,2.331395e+01,-1.435469e+02,1.425682e+01,1.595584e+02,40,Ar,2718.549719,20540.311101,0.019179,IU
2025-11-15T01:15:54,1763169354.777181,816440922.300181,4500.309551,63116,24808,csn,2.027357e+02,2.331626e+01,-1.435192e+02,1.413164e+01,1.596831e+02,40,Ar,2528.098316,18858.435274,0.019889,IU
2025-11-15T01:15:56,1763169356.777177,816440924.300177,4502.309551,63116,24808,csn,2.025152e+02,2.331874e+01,-1.434916e+02,1.400643e+01,1.598091e+02,40,Ar,3034.242485,23341.617858,0.018154,IU
2025-11-15T01:15:58,1763169358.777173,816440926.300173,4504.309551,63116,24808,csn,2.022998e+02,2.332108e+01,-1.434640e+02,1.388120e+01,1.599340e+02,40,Ar,2291.806630,17456.160515,0.020889,IU
2025-11-15T01:16:00,1763169360.777168,816440928.300168,4506.309551,63116,24808,csn,2.020894e+02,2.332351e+01,-1.434365e+02,1.375595e+01,1.600597e+02,40,Ar,2447.192543,16895.541746,0.020215,IU
2025-11-15T01:16:02,1763169362.777165,816440930.300165,4508.309551,63116,24808,csn,2.018841e+02,2.332587e+01,-1.434090e+02,1.363068e+01,1.601847e+02,40,Ar,2885.071513,23858.369396,0.018618,IU
2025-11-15T01:16:04,1763169364.777160,816440932.300160,4510.309551,63116,24808,csn,2.016839e+02,2.332834e+01,-1.433815e+02,1.350539e+01,1.603106e+02,40,Ar,2341.877024,18102.200909,0.020664,IU
2025-11-15T01:16:06,1763169366.777156,816440934.300156,4512.309551,63116,24808,csn,2.014888e+02,2.333053e+01,-1.433540e+02,1.338007e+01,1.604342e+02,40,Ar,2589.947269,21936.303250,0.019650,IU
2025-11-15T01:16:08,1763169368.777152,816440936.300152,4514.309551,63116,24808,csn,2.012987e+02,2.333302e+01,-1.433266e+02,1.325474e+01,1.605602e+02,40,Ar,2721.868507,19694.440313,0.019168,IU
2025-11-15T01:16:10,1763169370.777147,816440938.300147,4516.309551,63116,24808,csn,2.011137e+02,2.333531e+01,-1.432993e+02,1.312939e+01,1.606846e+02,40,Ar,2291.330704,16052.731598,0.020891,IU
2025-11-15T01:16:12,1763169372.777144,816440940.300144,4518.309551,63116,24808,csn,2.009338e+02,2.333781e+01,-1.432719e+02,1.300401e+01,1.608106e+02,40,Ar,2827.831951,23055.881166,0.018805,IU
2025-11-15T01:16:14,1763169374.777139,816440942.300139,4520.309551,63116,24808,csn,2.007590e+02,2.334012e+01,-1.432446e+02,1.287862e+01,1.609350e+02,40,Ar,3048.217480,23055.047417,0.018112,IU
2025-11-15T01:16:16,1763169376.777135,816440944.300135,4522.309551,63116,24808,csn,2.005893e+02,2.334239e+01,-1.432173e+02,1.275321e+01,1.610592e+02,40,Ar,3088.428109,23375.678826,0.017994,IU
2025-11-15T01:16:18,1763169378.777131,816440946.300131,4524.309551,63116,24808,csn,2.004246e+02,2.334489e+01,-1.431900e+02,1.262778e+01,1.611850e+02,40,Ar,3428.273663,26048.691631,0.017079,IU
2025-11-15T01:16:20,1763169380.777128,816440948.300128,4526.309551,63116,24808,csn,2.002650e+02,2.334719e+01,-1.431628e+02,1.250233e+01,1.613093e+02,40,Ar,3592.560692,27173.395330,0.016684,IU
2025-11-15T01:16:22,1763169382.777122,816440950.300123,4528.309551,63116,24808,csn,2.001106e+02,2.334941e+01,-1.431356e+02,1.237687e+01,1.614329e+02,40,Ar,3688.640947,27145.468572,0.016465,IU
2025-11-15T01:16:24,1763169384.777119,816440952.300119,4530.309551,63116,24808,csn,1.999612e+02,2.335200e+01,-1.431085e+02,1.225139e+01,1.615593e+02,40,Ar,4279.274013,33777.308857,0.015287,IU
2025-11-15T01:16:26,1763169386.777115,816440954.300115,4532.309551,63116,24808,csn,1.998169e+02,2.335416e+01,-1.430813e+02,1.212589e+01,1.616824e+02,40,Ar,4085.459145,28201.216088,0.015645,IU
2025-11-15T01:16:28,1763169388.777110,816440956.300110,4534.309551,63116,24808,csn,1.996777e+02,2.335658e+01,-1.430542e+02,1.200037e+01,1.618074e+02,40,Ar,4668.095602,37255.597590,0.014636,IU
2025-11-15T01:16:30,1763169390.777106,816440958.300106,4536.309551,63116,24808,csn,1.995435e+02,2.335902e+01,-1.430272e+02,1.187484e+01,1.619325e+02,40,Ar,4037.449401,32467.284326,0.015738,IU
2025-11-15T01:16:32,1763169392.777102,816440960.300102,4538.309551,63116,24808,csn,1.994145e+02,2.336123e+01,-1.430001e+02,1.174930e+01,1.620558e+02,40,Ar,3538.957916,25400.298867,0.016810,IU
2025-11-15T01:16:34,1763169394.777097,816440962.300097,4540.309551,63116,24808,csn,1.992906e+02,2.336346e+01,-1.429731e+02,1.162374e+01,1.621792e+02,40,Ar,4094.504492,33973.449194,0.015628,IU
2025-11-15T01:16:36,1763169396.777093,816440964.300093,4542.309551,63116,24808,csn,1.991718e+02,2.336593e+01,-1.429461e+02,1.149816e+01,1.623044e+02,40,Ar,4102.920609,29772.164624,0.015612,IU
2025-11-15T01:16:38,1763169398.777089,816440966.300090,4544.309551,63116,24808,csn,1.990580e+02,2.336830e+01,-1.429192e+02,1.137258e+01,1.624287e+02,40,Ar,4153.160386,31731.719328,0.015517,IU
2025-11-15T01:16:40,1763169400.777086,816440968.300086,4546.309551,63116,24808,csn,1.989494e+02,2.337051e+01,-1.428922e+02,1.124698e+01,1.625518e+02,40,Ar,3086.991370,21929.601952,0.017998,IU
2025-11-15T01:16:42,1763169402.777081,816440970.300081,4548.309551,63116,24808,csn,1.988459e+02,2.337281e+01,-1.428653e+02,1.112136e+01,1.626755e+02,40,Ar,3091.808459,23329.960992,0.017984,IU
2025-11-15T01:16:44,1763169404.777077,816440972.300077,4550.309551,63116,24808,csn,1.987474e+02,2.337527e+01,-1.428384e+02,1.099573e+01,1.628003e+02,40,Ar,3527.561769,26690.376982,0.016837,IU
2025-11-15T01:16:46,1763169406.777073,816440974.300073,4552.309551,63116,24808,csn,1.986541e+02,2.337760e+01,-1.428116e+02,1.087009e+01,1.629241e+02,40,Ar,3122.302826,23609.236219,0.017896,IU
2025-11-15T01:16:48,1763169408.777068,816440976.300068,4554.309551,63116,24808,csn,1.985659e+02,2.338008e+01,-1.427848e+02,1.074444e+01,1.630491e+02,40,Ar,3056.147275,23609.664044,0.018089,IU
2025-11-15T01:16:50,1763169410.777065,816440978.300065,4556.309551,63116,24808,csn,1.984828e+02,2.338235e+01,-1.427580e+02,1.061878e+01,1.631722e+02,40,Ar,2900.432566,20808.636495,0.018568,IU
2025-11-15T01:16:52,1763169412.777061,816440980.300061,4558.309551,63116,24808,csn,1.984048e+02,2.338458e+01,-1.427312e+02,1.049311e+01,1.632950e+02,40,Ar,2829.872421,24448.570965,0.018798,IU
2025-11-15T01:16:54,1763169414.777056,816440982.300056,4560.309551,63116,24808,csn,1.983319e+02,2.338697e+01,-1.427045e+02,1.036742e+01,1.634189e+02,40,Ar,2426.212224,16046.937190,0.020302,IU
2025-11-15T01:16:56,1763169416.777052,816440984.300052,4562.309551,63116,24808,csn,1.982641e+02,2.338938e+01,-1.426778e+02,1.024173e+01,1.635430e+02,40,Ar,2710.451372,19968.296545,0.019208,IU
2025-11-15T01:16:58,1763169418.777047,816440986.300048,4564.309551,63116,24808,csn,1.982014e+02,2.339161e+01,-1.426511e+02,1.011602e+01,1.636655e+02,40,Ar,2640.767493,19968.046123,0.019460,IU
2025-11-15T01:17:00,1763169420.777044,816440988.300044,4566.309551,63116,24808,csn,1.981438e+02,2.339389e+01,-1.426244e+02,9.990309e+00,1.637883e+02,40,Ar,2773.092199,21368.582531,0.018990,IU
2025-11-15T01:17:02,1763169422.777039,816440990.300039,4568.309551,63116,24808,csn,1.980913e+02,2.339613e+01,-1.425978e+02,9.864587e+00,1.639106e+02,40,Ar,3246.120661,25569.277197,0.017552,IU
2025-11-15T01:17:04,1763169424.777035,816440992.300035,4570.309551,63116,24808,csn,1.980439e+02,2.339841e+01,-1.425712e+02,9.738857e+00,1.640333e+02,40,Ar,2582.592975,18847.999930,0.019678,IU
2025-11-15T01:17:06,1763169426.777031,816440994.300031,4572.309551,63116,24808,csn,1.980017e+02,2.340086e+01,-1.425446e+02,9.613117e+00,1.641572e+02,40,Ar,2559.051688,19407.385261,0.019768,IU
2025-11-15T01:17:08,1763169428.777027,816440996.300027,4574.309551,63116,24808,csn,1.979646e+02,2.340318e+01,-1.425180e+02,9.487372e+00,1.642800e+02,40,Ar,2311.448127,17446.954410,0.020800,IU
2025-11-15T01:17:10,1763169430.777023,816440998.300023,4576.309551,63116,24808,csn,1.979325e+02,2.340538e+01,-1.424915e+02,9.361618e+00,1.644016e+02,40,Ar,2381.513799,18008.018916,0.020491,IU
2025-11-15T01:17:12,1763169432.777019,816441000.300019,4578.309551,63116,24808,csn,1.979056e+02,2.340774e+01,-1.424650e+02,9.235857e+00,1.645246e+02,40,Ar,2411.745831,18007.933343,0.020363,IU
2025-11-15T01:17:14,1763169434.777014,816441002.300014,4580.309551,63116,24808,csn,1.978838e+02,2.341013e+01,-1.424385e+02,9.110091e+00,1.646476e+02,40,Ar,2440.236814,19128.493724,0.020243,IU
2025-11-15T01:17:16,1763169436.777011,816441004.300011,4582.309551,63116,24808,csn,1.978671e+02,2.341223e+01,-1.424120e+02,8.984319e+00,1.647680e+02,40,Ar,2146.723676,16286.780590,0.021583,IU
2025-11-15T01:17:18,1763169438.777006,816441006.300006,4584.309551,63116,24808,csn,1.978555e+02,2.341472e+01,-1.423856e+02,8.858541e+00,1.648917e+02,40,Ar,2435.421073,16134.287619,0.020263,IU
2025-11-15T01:17:20,1763169440.777002,816441008.300002,4586.309551,63116,24808,csn,1.978491e+02,2.341694e+01,-1.423592e+02,8.732758e+00,1.650130e+02,40,Ar,2357.433022,14000.949592,0.020596,IU
2025-11-15T01:17:21,1763169441.777000,816441009.300000,4587.309551,63116,24808,csn,1.978478e+02,2.341806e+01,-1.423460e+02,8.669865e+00,1.650736e+02,40,Ar,1851.531126,14000.949592,0.023240,OU
2025-11-15T01:17:21,1763169441.777000,816441009.300000,4587.309551,63116,24808,csn,1.978478e+02,2.341806e+01,-1.423460e+02,8.669865e+00,1.650736e+02,40,Ar,1851.531126,14000.949592,0.023240,OU
2025-11-15T01:17:23,1763169443.776995,816441011.299995,4589.309551,63116,24808,csn,1.978490e+02,2.342036e+01,-1.423196e+02,8.544075e+00,1.651954e+02,40,Ar,1817.386614,13767.045521,0.023457,OU
2025-11-15T01:17:25,1763169445.776992,816441013.299991,4591.309551,63116,24808,csn,1.978553e+02,2.342257e+01,-1.422932e+02,8.418282e+00,1.653162e+02,40,Ar,1819.797792,13615.005478,0.023442,OU
2025-11-15T01:17:27,1763169447.776988,816441015.299987,4593.309551,63116,24808,csn,1.978667e+02,2.342494e+01,-1.422669e+02,8.292484e+00,1.654382e+02,40,Ar,2048.941775,14409.034641,0.022092,OU
2025-11-15T01:17:29,1763169449.776983,816441017.299983,4595.309551,63116,24808,csn,1.978833e+02,2.342737e+01,-1.422405e+02,8.166684e+00,1.655607e+02,40,Ar,2114.038762,17923.535128,0.021749,OU
2025-11-15T01:17:31,1763169451.776979,816441019.299979,4597.309551,63116,24808,csn,1.979049e+02,2.342961e+01,-1.422143e+02,8.040881e+00,1.656814e+02,40,Ar,2143.851786,12408.304536,0.021597,OU
2025-11-15T01:17:33,1763169453.776975,816441021.299975,4599.309551,63116,24808,csn,1.979317e+02,2.343188e+01,-1.421880e+02,7.915077e+00,1.658021e+02,40,Ar,2672.526473,19690.820047,0.019344,OU
2025-11-15T01:17:35,1763169455.776970,816441023.299971,4601.309551,63116,24808,csn,1.979636e+02,2.343413e+01,-1.421617e+02,7.789270e+00,1.659226e+02,40,Ar,2446.362933,17730.310277,0.020218,OU
2025-11-15T01:17:37,1763169457.776967,816441025.299967,4603.309551,63116,24808,csn,1.980006e+02,2.343638e+01,-1.421355e+02,7.663461e+00,1.660429e+02,40,Ar,2557.866909,19971.289330,0.019772,OU
2025-11-15T01:17:39,1763169459.776962,816441027.299962,4605.309551,63116,24808,csn,1.980427e+02,2.343882e+01,-1.421093e+02,7.537652e+00,1.661647e+02,40,Ar,2557.482137,19132.451651,0.019774,OU
2025-11-15T01:17:41,1763169461.776958,816441029.299958,4607.309551,63116,24808,csn,1.980899e+02,2.344118e+01,-1.420831e+02,7.411842e+00,1.662856e+02,40,Ar,2689.115615,20491.928555,0.019284,OU
2025-11-15T01:17:43,1763169463.776954,816441031.299954,4609.309551,63116,24808,csn,1.981423e+02,2.344338e+01,-1.420569e+02,7.286032e+00,1.664050e+02,40,Ar,2791.366390,21180.212308,0.018927,OU
2025-11-15T01:17:45,1763169465.776950,816441033.299950,4611.309551,63116,24808,csn,1.981997e+02,2.344569e+01,-1.420308e+02,7.160223e+00,1.665252e+02,40,Ar,3194.098427,24174.650899,0.017694,OU
2025-11-15T01:17:47,1763169467.776946,816441035.299946,4613.309551,63116,24808,csn,1.982623e+02,2.344790e+01,-1.420046e+02,7.034414e+00,1.666442e+02,40,Ar,3144.721138,23895.202138,0.017832,OU
2025-11-15T01:17:49,1763169469.776941,816441037.299941,4615.309551,63116,24808,csn,1.983300e+02,2.345020e+01,-1.419785e+02,6.908606e+00,1.667639e+02,40,Ar,3108.804067,22214.922932,0.017935,OU
2025-11-15T01:17:51,1763169471.776937,816441039.299937,4617.309551,63116,24808,csn,1.984028e+02,2.345239e+01,-1.419524e+02,6.782800e+00,1.668823e+02,40,Ar,3632.809216,28378.485677,0.016591,OU
2025-11-15T01:17:53,1763169473.776933,816441041.299933,4619.309551,63116,24808,csn,1.984807e+02,2.345469e+01,-1.419263e+02,6.656995e+00,1.670016e+02,40,Ar,3141.254544,24497.600387,0.017842,OU
2025-11-15T01:17:55,1763169475.776929,816441043.299929,4621.309551,63116,24808,csn,1.985637e+02,2.345689e+01,-1.419003e+02,6.531194e+00,1.671198e+02,40,Ar,2951.999188,22410.632587,0.018405,OU
2025-11-15T01:17:57,1763169477.776925,816441045.299925,4623.309551,63116,24808,csn,1.986518e+02,2.345937e+01,-1.418742e+02,6.405395e+00,1.672404e+02,40,Ar,3312.935478,27821.156219,0.017374,OU
2025-11-15T01:17:59,1763169479.776921,816441047.299921,4625.309551,63116,24808,csn,1.987451e+02,2.346155e+01,-1.418482e+02,6.279600e+00,1.673579e+02,40,Ar,3677.809013,27821.620024,0.016489,OU
2025-11-15T01:18:01,1763169481.776917,816441049.299917,4627.309551,63116,24808,csn,1.988434e+02,2.346382e+01,-1.418222e+02,6.153807e+00,1.674761e+02,40,Ar,3315.663436,23619.871968,0.017367,OU
2025-11-15T01:18:03,1763169483.776913,816441051.299913,4629.309551,63116,24808,csn,1.989469e+02,2.346623e+01,-1.417962e+02,6.028020e+00,1.675954e+02,40,Ar,3378.232683,26143.053843,0.017205,OU
2025-11-15T01:18:05,1763169485.776909,816441053.299909,4631.309551,63116,24808,csn,1.990554e+02,2.346844e+01,-1.417703e+02,5.902236e+00,1.677124e+02,40,Ar,3307.264749,24742.243338,0.017389,OU
2025-11-15T01:18:07,1763169487.776904,816441055.299904,4633.309551,63116,24808,csn,1.991691e+02,2.347074e+01,-1.417443e+02,5.776458e+00,1.678302e+02,40,Ar,3623.105097,27544.828545,0.016613,OU
2025-11-15T01:18:09,1763169489.776900,816441057.299900,4635.309551,63116,24808,csn,1.992879e+02,2.347295e+01,-1.417184e+02,5.650685e+00,1.679468e+02,40,Ar,3959.136813,30067.325547,0.015893,OU
2025-11-15T01:18:11,1763169491.776895,816441059.299896,4637.309551,63116,24808,csn,1.994118e+02,2.347525e+01,-1.416925e+02,5.524919e+00,1.680640e+02,40,Ar,3626.811620,26986.349848,0.016605,OU
2025-11-15T01:18:13,1763169493.776891,816441061.299891,4639.309551,63116,24808,csn,1.995407e+02,2.347750e+01,-1.416666e+02,5.399158e+00,1.681804e+02,40,Ar,4173.807626,26986.349848,0.015479,OU
2025-11-15T01:18:15,1763169495.776887,816441063.299887,4641.309551,63116,24808,csn,1.996748e+02,2.347970e+01,-1.416407e+02,5.273404e+00,1.682961e+02,40,Ar,4720.803729,36798.191418,0.014554,OU
2025-11-15T01:18:17,1763169497.776883,816441065.299883,4643.309551,63116,24808,csn,1.998140e+02,2.348194e+01,-1.416148e+02,5.147656e+00,1.684118e+02,40,Ar,5006.591826,36798.191418,0.014133,OU
2025-11-15T01:18:19,1763169499.776879,816441067.299879,4645.309551,63116,24808,csn,1.999583e+02,2.348421e+01,-1.415890e+02,5.021917e+00,1.685276e+02,40,Ar,5200.576931,41288.375543,0.013867,OU
2025-11-15T01:18:21,1763169501.776875,816441069.299875,4647.309551,63116,24808,csn,2.001077e+02,2.348650e+01,-1.415631e+02,4.896185e+00,1.686433e+02,40,Ar,5394.562035,41288.375543,0.013615,OU
2025-11-15T01:18:23,1763169503.776871,816441071.299871,4649.309551,63116,24808,csn,2.002622e+02,2.348878e+01,-1.415373e+02,4.770462e+00,1.687586e+02,40,Ar,5348.462905,41288.375543,0.013674,OU
2025-11-15T01:18:25,1763169505.776867,816441073.299867,4651.309551,63116,24808,csn,2.004218e+02,2.349105e+01,-1.415115e+02,4.644748e+00,1.688733e+02,40,Ar,5191.927849,37650.842575,0.013878,OU
2025-11-15T01:18:27,1763169507.776863,816441075.299863,4653.309551,63116,24808,csn,2.005865e+02,2.349330e+01,-1.414857e+02,4.519043e+00,1.689876e+02,40,Ar,5035.392792,37650.842575,0.014092,OU
2025-11-15T01:18:29,1763169509.776858,816441077.299858,4655.309551,63116,24808,csn,2.007562e+02,2.349553e+01,-1.414599e+02,4.393347e+00,1.691013e+02,40,Ar,4686.388961,37650.842575,0.014608,OU
2025-11-15T01:18:31,1763169511.776854,816441079.299854,4657.309551,63116,24808,csn,2.009311e+02,2.349776e+01,-1.414342e+02,4.267661e+00,1.692147e+02,40,Ar,4214.295342,26720.227337,0.015404,OU
2025-11-15T01:18:33,1763169513.776850,816441081.299850,4659.309551,63116,24808,csn,2.011111e+02,2.350005e+01,-1.414084e+02,4.141986e+00,1.693283e+02,40,Ar,3742.201752,26720.227337,0.016347,OU
2025-11-15T01:18:35,1763169515.776846,816441083.299846,4661.309551,63116,24808,csn,2.012961e+02,2.350243e+01,-1.413827e+02,4.016322e+00,1.694425e+02,40,Ar,3845.445944,26720.227337,0.016126,OU
2025-11-15T01:18:37,1763169517.776841,816441085.299841,4663.309551,63116,24808,csn,2.014863e+02,2.350483e+01,-1.413570e+02,3.890669e+00,1.695565e+02,40,Ar,4419.565603,26720.227337,0.015042,OU
2025-11-15T01:18:39,1763169519.776837,816441087.299837,4665.309551,63116,24808,csn,2.016815e+02,2.350710e+01,-1.413313e+02,3.765028e+00,1.696687e+02,40,Ar,4993.685365,41026.178859,0.014151,OU
2025-11-15T01:18:41,1763169521.776833,816441089.299833,4667.309551,63116,24808,csn,2.018819e+02,2.350910e+01,-1.413056e+02,3.639399e+00,1.697776e+02,40,Ar,5292.601442,41026.178859,0.013746,OU
2025-11-15T01:18:43,1763169523.776829,816441091.299829,4669.309551,63116,24808,csn,2.020873e+02,2.351133e+01,-1.412799e+02,3.513783e+00,1.698885e+02,40,Ar,5243.554728,37944.885614,0.013810,OU
2025-11-15T01:18:45,1763169525.776825,816441093.299825,4671.309551,63116,24808,csn,2.022978e+02,2.351360e+01,-1.412542e+02,3.388179e+00,1.699994e+02,40,Ar,5820.348108,42153.043636,0.013108,OU
2025-11-15T01:18:47,1763169527.776821,816441095.299821,4673.309551,63116,24808,csn,2.025133e+02,2.351587e+01,-1.412286e+02,3.262589e+00,1.701098e+02,40,Ar,5921.944008,43930.649086,0.012995,OU
2025-11-15T01:18:49,1763169529.776817,816441097.299817,4675.309551,63116,24808,csn,2.027340e+02,2.351804e+01,-1.412029e+02,3.137013e+00,1.702186e+02,40,Ar,5994.170541,46127.083190,0.012916,OU
2025-11-15T01:18:51,1763169531.776812,816441099.299812,4677.309551,63116,24808,csn,2.029597e+02,2.352043e+01,-1.411773e+02,3.011451e+00,1.703294e+02,40,Ar,5601.077703,40951.485601,0.013362,OU
2025-11-15T01:18:53,1763169533.776808,816441101.299808,4679.309551,63116,24808,csn,2.031905e+02,2.352251e+01,-1.411517e+02,2.885904e+00,1.704362e+02,40,Ar,6668.717620,52180.183399,0.012246,OU
2025-11-15T01:18:55,1763169535.776804,816441103.299805,4681.309551,63116,24808,csn,2.034264e+02,2.352498e+01,-1.411261e+02,2.760371e+00,1.705468e+02,40,Ar,6241.732072,46549.345934,0.012657,OU
2025-11-15T01:18:57,1763169537.776800,816441105.299800,4683.309551,63116,24808,csn,2.036674e+02,2.352701e+01,-1.411005e+02,2.634855e+00,1.706520e+02,40,Ar,6806.708584,51789.979956,0.012121,OU
2025-11-15T01:18:59,1763169539.776796,816441107.299796,4685.309551,63116,24808,csn,2.039134e+02,2.352947e+01,-1.410749e+02,2.509354e+00,1.707614e+02,40,Ar,5804.225558,43967.083653,0.013126,OU
2025-11-15T01:19:01,1763169541.776791,816441109.299791,4687.309551,63116,24808,csn,2.041645e+02,2.353146e+01,-1.410493e+02,2.383870e+00,1.708648e+02,40,Ar,5814.115382,44140.975776,0.013115,OU
2025-11-15T01:19:03,1763169543.776788,816441111.299788,4689.309551,63116,24808,csn,2.044207e+02,2.353372e+01,-1.410238e+02,2.258402e+00,1.709707e+02,40,Ar,5772.181695,43583.091271,0.013162,OU
2025-11-15T01:19:05,1763169545.776783,816441113.299783,4691.309551,63116,24808,csn,2.046819e+02,2.353600e+01,-1.409982e+02,2.132951e+00,1.710762e+02,40,Ar,5947.473147,44346.181495,0.012967,OU
2025-11-15T01:19:07,1763169547.776779,816441115.299779,4693.309551,63116,24808,csn,2.049482e+02,2.353824e+01,-1.409727e+02,2.007518e+00,1.711807e+02,40,Ar,5788.369432,46564.940308,0.013144,OU
2025-11-15T01:19:09,1763169549.776775,816441117.299775,4695.309551,63116,24808,csn,2.052196e+02,2.354049e+01,-1.409472e+02,1.882103e+00,1.712845e+02,40,Ar,5697.257758,39462.694699,0.013249,OU
2025-11-15T01:19:11,1763169551.776771,816441119.299771,4697.309551,63116,24808,csn,2.054960e+02,2.354273e+01,-1.409216e+02,1.756707e+00,1.713875e+02,40,Ar,5814.257371,41345.307738,0.013115,OU
2025-11-15T01:19:13,1763169553.776766,816441121.299766,4699.309551,63116,24808,csn,2.057775e+02,2.354498e+01,-1.408961e+02,1.631329e+00,1.714898e+02,40,Ar,5524.325356,42191.229456,0.013454,OU
2025-11-15T01:19:15,1763169555.776763,816441123.299763,4701.309551,63116,24808,csn,2.060640e+02,2.354726e+01,-1.408706e+02,1.505970e+00,1.715918e+02,40,Ar,4563.674286,31805.081760,0.014803,OU
2025-11-15T01:19:17,1763169557.776759,816441125.299759,4703.309551,63116,24808,csn,2.063556e+02,2.354948e+01,-1.408451e+02,1.380631e+00,1.716922e+02,40,Ar,4025.821075,30123.767518,0.015761,OU
2025-11-15T01:19:19,1763169559.776754,816441127.299754,4705.309551,63116,24808,csn,2.066523e+02,2.355177e+01,-1.408196e+02,1.255312e+00,1.717928e+02,40,Ar,4109.006820,31248.609651,0.015600,OU
2025-11-15T01:19:21,1763169561.776750,816441129.299750,4707.309551,63116,24808,csn,2.069539e+02,2.355395e+01,-1.407942e+02,1.130014e+00,1.718911e+02,40,Ar,3349.838113,24792.665974,0.017278,OU
2025-11-15T01:19:23,1763169563.776746,816441131.299746,4709.309551,63116,24808,csn,2.072607e+02,2.355626e+01,-1.407687e+02,1.004736e+00,1.719901e+02,40,Ar,3809.787010,29848.771421,0.016201,OU
2025-11-15T01:19:25,1763169565.776742,816441133.299742,4711.309551,63116,24808,csn,2.075724e+02,2.355848e+01,-1.407432e+02,8.794799e-01,1.720871e+02,40,Ar,1971.274519,14968.319397,0.022523,OU
2025-11-15T01:19:27,1763169567.776737,816441135.299737,4713.309551,63116,24808,csn,2.078892e+02,2.356078e+01,-1.407178e+02,7.542459e-01,1.721841e+02,40,Ar,1837.630216,14688.176278,0.023328,OU
2025-11-15T01:19:29,1763169569.776733,816441137.299733,4715.309551,63116,24808,csn,2.082111e+02,2.356301e+01,-1.406923e+02,6.290335e-01,1.722793e+02,40,Ar,1560.475754,11318.626562,0.025315,OU
2025-11-15T01:19:31,1763169571.776729,816441139.299729,4717.309551,63116,24808,csn,2.085380e+02,2.356528e+01,-1.406669e+02,5.038433e-01,1.723740e+02,40,Ar,1669.139193,13285.701245,0.024477,OU
2025-11-15T01:19:33,1763169573.776725,816441141.299725,4719.309551,63116,24808,csn,2.088699e+02,2.356749e+01,-1.406415e+02,3.786764e-01,1.724669e+02,40,Ar,1148.878478,11601.687680,0.029503,OU
2025-11-15T01:19:35,1763169575.776721,816441143.299721,4721.309551,63116,24808,csn,2.092068e+02,2.356981e+01,-1.406161e+02,2.535326e-01,1.725601e+02,40,Ar,813.226025,7389.078987,0.035067,OU
2025-11-15T01:19:37,1763169577.776717,816441145.299717,4723.309551,63116,24808,csn,2.095488e+02,2.357182e+01,-1.405906e+02,1.284124e-01,1.726481e+02,40,Ar,974.111522,7389.522378,0.032040,OU
2025-11-15T01:19:39,1763169579.776713,816441147.299713,4725.309551,63116,24808,csn,2.098958e+02,2.357421e+01,-1.405652e+02,3.316722e-03,1.727399e+02,40,Ar,675.663039,4018.371383,0.038471,OU
2025-11-15T01:19:41,1763169581.776709,816441149.299709,4727.309551,63116,24808,csn,2.102479e+02,2.357631e+01,-1.405398e+02,-1.217549e-01,1.728268e+02,40,Ar,554.951614,4259.249357,0.042449,OU
2025-11-15T01:19:43,1763169583.776705,816441151.299705,4729.309551,63116,24808,csn,2.106049e+02,2.357872e+01,-1.405144e+02,-2.468010e-01,1.729163e+02,40,Ar,243.468410,1294.657755,0.064088,OU
2025-11-15T01:19:45,1763169585.776700,816441153.299700,4731.309551,63116,24808,csn,2.109670e+02,2.358077e+01,-1.404890e+02,-3.718213e-01,1.729999e+02,40,Ar,629.122568,4903.446555,0.039869,OU
2025-11-15T01:19:47,1763169587.776696,816441155.299696,4733.309551,63116,24808,csn,2.113340e+02,2.358297e+01,-1.404637e+02,-4.968171e-01,1.730840e+02,40,Ar,451.193297,3370.547284,0.047078,OU
2025-11-15T01:19:49,1763169589.776691,816441157.299691,4735.309551,63116,24808,csn,2.117061e+02,2.358528e+01,-1.404383e+02,-6.217857e-01,1.731682e+02,40,Ar,520.456187,4019.945660,0.043834,OU
2025-11-15T01:19:51,1763169591.776687,816441159.299687,4737.309551,63116,24808,csn,2.120832e+02,2.358750e+01,-1.404129e+02,-7.467287e-01,1.732497e+02,40,Ar,454.033858,3457.881186,0.046931,OU
2025-11-15T01:19:53,1763169593.776683,816441161.299683,4739.309551,63116,24808,csn,2.124653e+02,2.358978e+01,-1.403875e+02,-8.716438e-01,1.733306e+02,40,Ar,423.518651,3376.489729,0.048592,OU
2025-11-15T01:19:55,1763169595.776679,816441163.299679,4741.309551,63116,24808,csn,2.128524e+02,2.359198e+01,-1.403622e+02,-9.965323e-01,1.734088e+02,40,Ar,386.443968,2787.573576,0.050869,OU
2025-11-15T01:19:57,1763169597.776675,816441165.299675,4743.309551,63116,24808,csn,2.132445e+02,2.359427e+01,-1.403368e+02,-1.121392e+00,1.734866e+02,40,Ar,430.790136,3260.306312,0.048180,OU
2025-11-15T01:19:59,1763169599.776671,816441167.299671,4745.309551,63116,24808,csn,2.136416e+02,2.359651e+01,-1.403115e+02,-1.246224e+00,1.735620e+02,40,Ar,477.898845,3285.262163,0.045744,OU
2025-11-15T01:20:01,1763169601.776667,816441169.299667,4747.309551,63116,24808,csn,2.140437e+02,2.359881e+01,-1.402861e+02,-1.371028e+00,1.736366e+02,40,Ar,618.647540,5234.465149,0.040205,OU
2025-11-15T01:20:03,1763169603.776663,816441171.299663,4749.309551,63116,24808,csn,2.144507e+02,2.360085e+01,-1.402608e+02,-1.495803e+00,1.737056e+02,40,Ar,659.647835,4902.925965,0.038935,OU
2025-11-15T01:20:05,1763169605.776658,816441173.299658,4751.309551,63116,24808,csn,2.148628e+02,2.360299e+01,-1.402354e+02,-1.620548e+00,1.737743e+02,40,Ar,592.988442,4227.626721,0.041065,OU
2025-11-15T01:20:07,1763169607.776654,816441175.299654,4753.309551,63116,24808,csn,2.152798e+02,2.360532e+01,-1.402101e+02,-1.745263e+00,1.738438e+02,40,Ar,649.836629,5430.523785,0.039228,OU
2025-11-15T01:20:09,1763169609.776650,816441177.299651,4755.309551,63116,24808,csn,2.157019e+02,2.360755e+01,-1.401847e+02,-1.869949e+00,1.739097e+02,40,Ar,932.031511,7962.768449,0.032756,OU
2025-11-15T01:20:11,1763169611.776646,816441179.299646,4757.309551,63116,24808,csn,2.161289e+02,2.360985e+01,-1.401594e+02,-1.994604e+00,1.739747e+02,40,Ar,586.984276,3461.344611,0.041275,OU
2025-11-15T01:20:13,1763169613.776642,816441181.299642,4759.309551,63116,24808,csn,2.165608e+02,2.361207e+01,-1.401341e+02,-2.119227e+00,1.740364e+02,40,Ar,485.645679,3743.547651,0.045377,OU
2025-11-15T01:20:15,1763169615.776638,816441183.299638,4761.309551,63116,24808,csn,2.169978e+02,2.361438e+01,-1.401087e+02,-2.243819e+00,1.740971e+02,40,Ar,492.665819,3743.833500,0.045053,OU
2025-11-15T01:20:17,1763169617.776633,816441185.299633,4763.309551,63116,24808,csn,2.174397e+02,2.361655e+01,-1.400834e+02,-2.368380e+00,1.741538e+02,40,Ar,316.538962,2336.384358,0.056206,OU
2025-11-15T01:20:19,1763169619.776629,816441187.299630,4765.309551,63116,24808,csn,2.178865e+02,2.361886e+01,-1.400581e+02,-2.492908e+00,1.742100e+02,40,Ar,163.367343,1211.117574,0.078238,OU
2025-11-15T01:20:21,1763169621.776625,816441189.299626,4767.309551,63116,24808,csn,2.183384e+02,2.362106e+01,-1.400328e+02,-2.617404e+00,1.742623e+02,40,Ar,231.526106,1492.244051,0.065720,OU
2025-11-15T01:20:23,1763169623.776621,816441191.299621,4769.309551,63116,24808,csn,2.187952e+02,2.362338e+01,-1.400074e+02,-2.741868e+00,1.743140e+02,40,Ar,377.764849,3745.243176,0.051450,OU
2025-11-15T01:20:25,1763169625.776617,816441193.299617,4771.309551,63116,24808,csn,2.192569e+02,2.362551e+01,-1.399821e+02,-2.866297e+00,1.743603e+02,40,Ar,115.605848,366.491938,0.093006,OU
2025-11-15T01:20:27,1763169627.776612,816441195.299612,4773.309551,63116,24808,csn,2.197236e+02,2.362754e+01,-1.399568e+02,-2.990693e+00,1.744026e+02,40,Ar,225.014372,2055.923666,0.066665,OU
2025-11-15T01:20:29,1763169629.776609,816441197.299609,4775.309551,63116,24808,csn,2.201952e+02,2.362982e+01,-1.399315e+02,-3.115055e+00,1.744460e+02,40,Ar,194.574973,1211.744404,0.071690,OU
2025-11-15T01:20:31,1763169631.776604,816441199.299604,4777.309551,63116,24808,csn,2.206717e+02,2.363207e+01,-1.399062e+02,-3.239382e+00,1.744862e+02,40,Ar,212.723793,1493.101086,0.068563,OU
2025-11-15T01:20:33,1763169633.776600,816441201.299600,4779.309551,63116,24808,csn,2.211532e+02,2.363434e+01,-1.398809e+02,-3.363675e+00,1.745241e+02,40,Ar,66.652582,0.000000,0.122487,OU
2025-11-15T01:20:35,1763169635.776596,816441203.299596,4781.309551,63116,24808,csn,2.216397e+02,2.363657e+01,-1.398556e+02,-3.487932e+00,1.745585e+02,40,Ar,0.000000,0.000000,0.000000,OU
2025-11-15T01:20:37,1763169637.776592,816441205.299592,4783.309551,63116,24808,csn,2.221310e+02,2.363887e+01,-1.398302e+02,-3.612154e+00,1.745911e+02,40,Ar,0.000000,0.000000,0.000000,OU
2025-11-15T01:20:39,1763169639.776587,816441207.299587,4785.309551,63116,24808,csn,2.226273e+02,2.364106e+01,-1.398049e+02,-3.736339e+00,1.746191e+02,40,Ar,19.202290,171.339086,0.228204,OU
2025-11-15T01:20:41,1763169641.776584,816441209.299584,4787.309551,63116,24808,csn,2.231285e+02,2.364336e+01,-1.397796e+02,-3.860489e+00,1.746459e+02,40,Ar,46.143802,171.339086,0.147212,OU
2025-11-15T01:20:43,1763169643.776579,816441211.299579,4789.309551,63116,24808,csn,2.236347e+02,2.364557e+01,-1.397543e+02,-3.984601e+00,1.746684e+02,40,Ar,73.454989,561.754256,0.116678,OU
2025-11-15T01:20:45,1763169645.776576,816441213.299575,4791.309551,63116,24808,csn,2.241457e+02,2.364788e+01,-1.397290e+02,-4.108676e+00,1.746895e+02,40,Ar,9.360117,85.215037,0.326858,OU
2025-11-15T01:20:47,1763169647.776571,816441215.299571,4793.309551,63116,24808,csn,2.246616e+02,2.365005e+01,-1.397037e+02,-4.232714e+00,1.747052e+02,40,Ar,2.129692,0.000000,0.685238,OU
2025-11-15T01:20:49,1763169649.776567,816441217.299567,4795.309551,63116,24808,csn,2.251825e+02,2.365205e+01,-1.396783e+02,-4.356713e+00,1.747156e+02,40,Ar,22.798834,85.231880,0.209432,OU
2025-11-15T01:20:51,1763169651.776563,816441219.299563,4797.309551,63116,24808,csn,2.257082e+02,2.365431e+01,-1.396530e+02,-4.480675e+00,1.747266e+02,40,Ar,31.001699,367.033625,0.179600,OU
2025-11-15T01:20:53,1763169653.776558,816441221.299558,4799.309551,63116,24808,csn,2.262389e+02,2.365657e+01,-1.396277e+02,-4.604597e+00,1.747345e+02,40,Ar,0.000000,0.000000,0.000000,OU
2025-11-15T01:20:55,1763169655.776555,816441223.299554,4801.309551,63116,24808,csn,2.267744e+02,2.365883e+01,-1.396024e+02,-4.728481e+00,1.747393e+02,40,Ar,26.098444,367.142451,0.195746,OU
2025-11-15T01:20:57,1763169657.776550,816441225.299550,4803.309551,63116,24808,csn,2.273148e+02,2.366108e+01,-1.395771e+02,-4.852324e+00,1.747408e+02,40,Ar,93.508388,931.342421,0.103413,OU
2025-11-15T01:20:59,1763169659.776546,816441227.299546,4805.309551,63116,24808,csn,2.278602e+02,2.366336e+01,-1.395517e+02,-4.976129e+00,1.747397e+02,40,Ar,33.510173,0.000000,0.172747,OU
2025-11-15T01:21:01,1763169661.776542,816441229.299542,4807.309551,63116,24808,csn,2.284103e+02,2.366556e+01,-1.395264e+02,-5.099893e+00,1.747343e+02,40,Ar,8.449280,85.302175,0.344025,OU
2025-11-15T01:21:03,1763169663.776537,816441231.299537,4809.309551,63116,24808,csn,2.289654e+02,2.366785e+01,-1.395011e+02,-5.223617e+00,1.747270e+02,40,Ar,143.434110,1214.203519,0.083498,OU
2025-11-15T01:21:05,1763169665.776533,816441233.299533,4811.309551,63116,24808,csn,2.295253e+02,2.367006e+01,-1.394757e+02,-5.347299e+00,1.747156e+02,40,Ar,25.234743,85.323550,0.199068,OU
2025-11-15T01:21:07,1763169667.776530,816441235.299530,4813.309551,63116,24808,csn,2.300901e+02,2.367237e+01,-1.394504e+02,-5.470940e+00,1.747025e+02,40,Ar,0.000000,0.000000,0.000000,OU
2025-11-15T01:21:09,1763169669.776526,816441237.299526,4815.309551,63116,24808,csn,2.306598e+02,2.367456e+01,-1.394250e+02,-5.594539e+00,1.746846e+02,40,Ar,0.000000,0.000000,0.000000,OU
2025-11-15T01:21:11,1763169671.776521,816441239.299521,4817.309551,63116,24808,csn,2.312343e+02,2.367663e+01,-1.393997e+02,-5.718096e+00,1.746621e+02,40,Ar,0.000000,0.000000,0.000000,OU
2025-11-15T01:21:13,1763169673.776517,816441241.299517,4819.309551,63116,24808,csn,2.318137e+02,2.367904e+01,-1.393744e+02,-5.841611e+00,1.746413e+02,40,Ar,2.662468,0.000000,0.612855,OU
2025-11-15T01:21:15,1763169675.776512,816441243.299513,4821.309551,63116,24808,csn,2.323979e+02,2.368103e+01,-1.393490e+02,-5.965083e+00,1.746119e+02,40,Ar,7.188132,85.373309,0.372986,OU
2025-11-15T01:21:17,1763169677.776508,816441245.299508,4823.309551,63116,24808,csn,2.329870e+02,2.368333e+01,-1.393236e+02,-6.088512e+00,1.745839e+02,40,Ar,4.728316,0.000000,0.459882,OU
2025-11-15T01:21:19,1763169679.776504,816441247.299504,4825.309551,63116,24808,csn,2.335809e+02,2.368557e+01,-1.392983e+02,-6.211897e+00,1.745522e+02,40,Ar,5.489841,0.000000,0.426796,OU
2025-11-15T01:21:21,1763169681.776500,816441249.299500,4827.309551,63116,24808,csn,2.341796e+02,2.368784e+01,-1.392729e+02,-6.335238e+00,1.745180e+02,40,Ar,0.000000,0.000000,0.000000,OU
2025-11-15T01:21:23,1763169683.776496,816441251.299496,4829.309551,63116,24808,csn,2.347832e+02,2.369005e+01,-1.392475e+02,-6.458535e+00,1.744804e+02,40,Ar,0.000000,0.000000,0.000000,OU
2025-11-15T01:21:25,1763169685.776492,816441253.299492,4831.309551,63116,24808,csn,2.353915e+02,2.369233e+01,-1.392222e+02,-6.581787e+00,1.744409e+02,40,Ar,0.000000,0.000000,0.000000,OU
2025-11-15T01:21:27,1763169687.776488,816441255.299488,4833.309551,63116,24808,csn,2.360047e+02,2.369456e+01,-1.391968e+02,-6.704993e+00,1.743983e+02,40,Ar,0.000000,0.000000,0.000000,OU
2025-11-15T01:21:29,1763169689.776484,816441257.299484,4835.309551,63116,24808,csn,2.366228e+02,2.369686e+01,-1.391714e+02,-6.828156e+00,1.743540e+02,40,Ar,0.000000,0.000000,0.000000,OU
2025-11-15T01:21:31,1763169691.776479,816441259.299479,4837.309551,63116,24808,csn,2.372456e+02,2.369908e+01,-1.391460e+02,-6.951271e+00,1.743061e+02,40,Ar,0.000000,0.000000,0.000000,OU
2025-11-15T01:21:33,1763169693.776475,816441261.299476,4839.309551,63116,24808,csn,2.378732e+02,2.370138e+01,-1.391206e+02,-7.074342e+00,1.742568e+02,40,Ar,0.000000,0.000000,0.000000,OU
2025-11-15T01:21:35,1763169695.776471,816441263.299471,4841.309551,63116,24808,csn,2.385057e+02,2.370356e+01,-1.390952e+02,-7.197365e+00,1.742038e+02,40,Ar,0.000000,0.000000,0.000000,OU
2025-11-15T01:21:37,1763169697.776467,816441265.299467,4843.309551,63116,24808,csn,2.391429e+02,2.370588e+01,-1.390698e+02,-7.320342e+00,1.741501e+02,40,Ar,0.000000,0.000000,0.000000,OU
2025-11-15T01:21:39,1763169699.776463,816441267.299463,4845.309551,63116,24808,csn,2.397849e+02,2.370801e+01,-1.390444e+02,-7.443270e+00,1.740921e+02,40,Ar,0.000000,0.000000,0.000000,OU
2025-11-15T01:21:41,1763169701.776458,816441269.299458,4847.309551,63116,24808,csn,2.404317e+02,2.371004e+01,-1.390189e+02,-7.566152e+00,1.740308e+02,40,Ar,0.000000,0.000000,0.000000,OU
2025-11-15T01:21:43,1763169703.776455,816441271.299455,4849.309551,63116,24808,csn,2.410833e+02,2.371237e+01,-1.389935e+02,-7.688985e+00,1.739707e+02,40,Ar,0.000000,0.000000,0.000000,OU
2025-11-15T01:21:45,1763169705.776450,816441273.299450,4851.309551,63116,24808,csn,2.417397e+02,2.371446e+01,-1.389681e+02,-7.811772e+00,1.739062e+02,40,Ar,0.000000,0.000000,0.000000,OU
2025-11-15T01:21:47,1763169707.776446,816441275.299446,4853.309551,63116,24808,csn,2.424008e+02,2.371715e+01,-1.389426e+02,-7.934504e+00,1.738457e+02,40,Ar,0.000000,0.000000,0.000000,OU
2025-11-15T01:21:49,1763169709.776443,816441277.299443,4855.309551,63116,24808,csn,2.430667e+02,2.371821e+01,-1.389172e+02,-8.057206e+00,1.737667e+02,40,Ar,0.000000,0.000000,0.000000,OU
2025-11-15T01:21:51,1763169711.776438,816441279.299438,4857.309551,63116,24808,csn,2.437373e+02,2.372089e+01,-1.388917e+02,-8.179840e+00,1.737025e+02,40,Ar,0.000000,0.000000,0.000000,OU
2025-11-15T01:21:53,1763169713.776433,816441281.299433,4859.309551,63116,24808,csn,2.444127e+02,2.372390e+01,-1.388662e+02,-8.302421e+00,1.736397e+02,40,Ar,0.000000,0.000000,0.000000,OU
2025-11-15T01:21:55,1763169715.776429,816441283.299429,4861.309551,63116,24808,csn,2.450929e+02,2.372630e+01,-1.388408e+02,-8.424958e+00,1.735691e+02,40,Ar,0.000000,0.000000,0.000000,OU
2025-11-15T01:21:57,1763169717.776425,816441285.299425,4863.309551,63116,24808,csn,2.457778e+02,2.372836e+01,-1.388153e+02,-8.547449e+00,1.734933e+02,40,Ar,0.000000,0.000000,0.000000,OU
2025-11-15T01:21:59,1763169719.776422,816441287.299421,4865.309551,63116,24808,csn,2.464674e+02,2.373037e+01,-1.387898e+02,-8.669888e+00,1.734157e+02,40,Ar,0.000000,0.000000,0.000000,OU
2025-11-15T01:22:01,1763169721.776417,816441289.299417,4867.309551,63116,24808,csn,2.471618e+02,2.373250e+01,-1.387643e+02,-8.792273e+00,1.733377e+02,40,Ar,0.000000,0.000000,0.000000,OU
2025-11-15T01:22:03,1763169723.776413,816441291.299413,4869.309551,63116,24808,csn,2.478609e+02,2.373486e+01,-1.387388e+02,-8.914609e+00,1.732603e+02,40,Ar,0.000000,0.000000,0.000000,OU
2025-11-15T01:22:05,1763169725.776412,816441293.299409,4871.309551,63116,24808,csn,2.485647e+02,2.373715e+01,-1.387132e+02,-9.036891e+00,1.731809e+02,40,Ar,0.000000,0.000000,0.000000,OU
2025-11-15T01:22:07,1763169727.776411,816441295.299405,4873.309551,63116,24808,csn,2.492732e+02,2.373932e+01,-1.386877e+02,-9.159123e+00,1.730990e+02,40,Ar,0.000000,0.000000,0.000000,OU
2025-11-15T01:22:09,1763169729.776312,816441297.299401,4875.309551,63116,24808,csn,2.499864e+02,2.374153e+01,-1.386622e+02,-9.281301e+00,1.730162e+02,40,Ar,0.000000,0.000000,0.000000,OU
2025-11-15T01:22:11,1763169731.777323,816441299.299396,4877.309551,63116,24808,csn,2.507044e+02,2.374381e+01,-1.386366e+02,-9.403427e+00,1.729327e+02,40,Ar,0.000000,0.000000,0.000000,OU
2025-11-15T01:22:13,1763169733.776192,816441301.299392,4879.309551,63116,24808,csn,2.514270e+02,2.374596e+01,-1.386110e+02,-9.525499e+00,1.728470e+02,40,Ar,0.000000,0.000000,0.000000,OU
2025-11-15T01:22:15,1763169735.776983,816441303.299387,4881.309551,63116,24808,csn,2.521543e+02,2.374827e+01,-1.385855e+02,-9.647518e+00,1.727613e+02,40,Ar,0.000000,0.000000,0.000000,OU
2025-11-15T01:22:17,1763169737.777411,816441305.299383,4883.309551,63116,24808,csn,2.528864e+02,2.375062e+01,-1.385599e+02,-9.769483e+00,1.726747e+02,40,Ar,0.000000,0.000000,0.000000,OU
2025-11-15T01:22:19,1763169739.777388,816441307.299379,4885.309551,63116,24808,csn,2.536231e+02,2.375279e+01,-1.385343e+02,-9.891394e+00,1.725857e+02,40,Ar,0.000000,0.000000,0.000000,OU
2025-11-15T01:22:21,1763169741.777374,816441309.299375,4887.309551,63116,24808,csn,2.543645e+02,2.375512e+01,-1.385087e+02,-1.001325e+01,1.724969e+02,40,Ar,0.000000,0.000000,0.000000,OU
2025-11-15T01:22:23,1763169743.777371,816441311.299371,4889.309551,63116,24808,csn,2.551105e+02,2.375716e+01,-1.384831e+02,-1.013505e+01,1.724050e+02,40,Ar,0.000000,0.000000,0.000000,OU
2025-11-15T01:22:25,1763169745.777367,816441313.299367,4891.309551,63116,24808,csn,2.558612e+02,2.375961e+01,-1.384574e+02,-1.025680e+01,1.723150e+02,40,Ar,0.000000,0.000000,0.000000,OU
2025-11-15T01:22:27,1763169747.777362,816441315.299363,4893.309551,63116,24808,csn,2.566166e+02,2.376166e+01,-1.384318e+02,-1.037849e+01,1.722213e+02,40,Ar,0.000000,0.000000,0.000000,OU
2025-11-15T01:22:29,1763169749.777359,816441317.299359,4895.309551,63116,24808,csn,2.573766e+02,2.376404e+01,-1.384061e+02,-1.050012e+01,1.721289e+02,40,Ar,0.000000,0.000000,0.000000,OU
2025-11-15T01:22:31,1763169751.777354,816441319.299355,4897.309551,63116,24808,csn,2.581413e+02,2.376626e+01,-1.383805e+02,-1.062170e+01,1.720346e+02,40,Ar,0.000000,0.000000,0.000000,OU
2025-11-15T01:22:33,1763169753.777350,816441321.299350,4899.309551,63116,24808,csn,2.589106e+02,2.376851e+01,-1.383548e+02,-1.074322e+01,1.719397e+02,40,Ar,0.000000,0.000000,0.000000,OU
2025-11-15T01:22:35,1763169755.777346,816441323.299346,4901.309551,63116,24808,csn,2.596846e+02,2.377087e+01,-1.383291e+02,-1.086469e+01,1.718447e+02,40,Ar,0.000000,0.000000,0.000000,OU
2025-11-15T01:22:37,1763169757.777342,816441325.299342,4903.309551,63116,24808,csn,2.604632e+02,2.377314e+01,-1.383034e+02,-1.098610e+01,1.717483e+02,40,Ar,0.000000,0.000000,0.000000,OU
2025-11-15T01:22:39,1763169759.777338,816441327.299338,4905.309551,63116,24808,csn,2.612464e+02,2.377537e+01,-1.382777e+02,-1.110745e+01,1.716509e+02,40,Ar,0.000000,0.000000,0.000000,OU
2025-11-15T01:22:41,1763169761.777334,816441329.299334,4907.309551,63116,24808,csn,2.620342e+02,2.377754e+01,-1.382519e+02,-1.122874e+01,1.715525e+02,40,Ar,0.000000,0.000000,0.000000,OU
2025-11-15T01:22:43,1763169763.777329,816441331.299329,4909.309551,63116,24808,csn,2.628266e+02,2.377977e+01,-1.382262e+02,-1.134997e+01,1.714538e+02,40,Ar,0.000000,0.000000,0.000000,OU
2025-11-15T01:22:45,1763169765.777326,816441333.299325,4911.309551,63116,24808,csn,2.636237e+02,2.378222e+01,-1.382004e+02,-1.147115e+01,1.713556e+02,40,Ar,0.000000,0.000000,0.000000,OU
2025-11-15T01:22:47,1763169767.777321,816441335.299321,4913.309551,63116,24808,csn,2.644253e+02,2.378425e+01,-1.381747e+02,-1.159227e+01,1.712545e+02,40,Ar,0.000000,0.000000,0.000000,OU
2025-11-15T01:22:49,1763169769.777317,816441337.299317,4915.309551,63116,24808,csn,2.652316e+02,2.378661e+01,-1.381489e+02,-1.171332e+01,1.711546e+02,40,Ar,0.000000,0.000000,0.000000,OU
2025-11-15T01:22:51,1763169771.777313,816441339.299313,4917.309551,63116,24808,csn,2.660424e+02,2.378883e+01,-1.381231e+02,-1.183432e+01,1.710533e+02,40,Ar,0.000000,0.000000,0.000000,OU
2025-11-15T01:22:53,1763169773.777309,816441341.299309,4919.309551,63116,24808,csn,2.668578e+02,2.379111e+01,-1.380972e+02,-1.195526e+01,1.709518e+02,40,Ar,0.000000,0.000000,0.000000,OU
2025-11-15T01:22:55,1763169775.777304,816441343.299304,4921.309551,63116,24808,csn,2.676778e+02,2.379345e+01,-1.380714e+02,-1.207614e+01,1.708500e+02,40,Ar,0.000000,0.000000,0.000000,OU
2025-11-15T01:22:57,1763169777.777301,816441345.299301,4923.309551,63116,24808,csn,2.685023e+02,2.379567e+01,-1.380456e+02,-1.219696e+01,1.707471e+02,40,Ar,0.000000,0.000000,0.000000,OU
2025-11-15T01:22:59,1763169779.777297,816441347.299297,4925.309551,63116,24808,csn,2.693314e+02,2.379799e+01,-1.380197e+02,-1.231771e+01,1.706442e+02,40,Ar,0.000000,0.000000,0.000000,OU
2025-11-15T01:23:01,1763169781.777292,816441349.299292,4927.309551,63116,24808,csn,2.701651e+02,2.380005e+01,-1.379938e+02,-1.243841e+01,1.705396e+02,40,Ar,0.000000,0.000000,0.000000,OU
2025-11-15T01:23:03,1763169783.777288,816441351.299288,4929.309551,63116,24808,csn,2.710033e+02,2.380244e+01,-1.379679e+02,-1.255905e+01,1.704361e+02,40,Ar,0.000000,0.000000,0.000000,OU
2025-11-15T01:23:05,1763169785.777283,816441353.299283,4931.309551,63116,24808,csn,2.718461e+02,2.380477e+01,-1.379420e+02,-1.267962e+01,1.703318e+02,40,Ar,0.000000,0.000000,0.000000,OU
2025-11-15T01:23:07,1763169787.777280,816441355.299280,4933.309551,63116,24808,csn,2.726933e+02,2.380690e+01,-1.379161e+02,-1.280013e+01,1.702262e+02,40,Ar,0.000000,0.000000,0.000000,OU
2025-11-15T01:23:09,1763169789.777275,816441357.299275,4935.309551,63116,24808,csn,2.735452e+02,2.380926e+01,-1.378902e+02,-1.292058e+01,1.701212e+02,40,Ar,0.000000,0.000000,0.000000,OU
2025-11-15T01:23:11,1763169791.777271,816441359.299271,4937.309551,63116,24808,csn,2.744015e+02,2.381165e+01,-1.378642e+02,-1.304096e+01,1.700159e+02,40,Ar,0.000000,0.000000,0.000000,OU
2025-11-15T01:23:13,1763169793.777267,816441361.299267,4939.309551,63116,24808,csn,2.752624e+02,2.381371e+01,-1.378382e+02,-1.316129e+01,1.699088e+02,40,Ar,0.000000,0.000000,0.000000,OU
2025-11-15T01:23:15,1763169795.777263,816441363.299263,4941.309551,63116,24808,csn,2.761278e+02,2.381604e+01,-1.378122e+02,-1.328155e+01,1.698025e+02,40,Ar,0.000000,0.000000,0.000000,OU
2025-11-15T01:23:17,1763169797.777259,816441365.299259,4943.309551,63116,24808,csn,2.769976e+02,2.381821e+01,-1.377862e+02,-1.340174e+01,1.696953e+02,40,Ar,0.000000,0.000000,0.000000,OU
2025-11-15T01:23:19,1763169799.777255,816441367.299255,4945.309551,63116,24808,csn,2.778720e+02,2.382056e+01,-1.377602e+02,-1.352187e+01,1.695883e+02,40,Ar,0.000000,0.000000,0.000000,OU
2025-11-15T01:23:21,1763169801.777251,816441369.299251,4947.309551,63116,24808,csn,2.787509e+02,2.382286e+01,-1.377341e+02,-1.364194e+01,1.694809e+02,40,Ar,0.000000,0.000000,0.000000,OU
2025-11-15T01:23:23,1763169803.777246,816441371.299246,4949.309551,63116,24808,csn,2.796342e+02,2.382508e+01,-1.377081e+02,-1.376195e+01,1.693728e+02,40,Ar,0.000000,0.000000,0.000000,OU
2025-11-15T01:23:25,1763169805.777242,816441373.299242,4951.309551,63116,24808,csn,2.805221e+02,2.382741e+01,-1.376820e+02,-1.388188e+01,1.692648e+02,40,Ar,0.000000,0.000000,0.000000,OU
2025-11-15T01:23:27,1763169807.777238,816441375.299238,4953.309551,63116,24808,csn,2.814144e+02,2.382976e+01,-1.376559e+02,-1.400176e+01,1.691566e+02,40,Ar,0.000000,0.000000,0.000000,OU
2025-11-15T01:23:29,1763169809.777234,816441377.299234,4955.309551,63116,24808,csn,2.823112e+02,2.383194e+01,-1.376298e+02,-1.412157e+01,1.690475e+02,40,Ar,0.000000,0.000000,0.000000,OU
2025-11-15T01:23:31,1763169811.777230,816441379.299230,4957.309551,63116,24808,csn,2.832124e+02,2.383424e+01,-1.376036e+02,-1.424131e+01,1.689386e+02,40,Ar,0.000000,0.000000,0.000000,OU
2025-11-15T01:23:33,1763169813.777225,816441381.299225,4959.309551,63116,24808,csn,2.841181e+02,2.383660e+01,-1.375775e+02,-1.436098e+01,1.688296e+02,40,Ar,0.000000,0.000000,0.000000,OU
2025-11-15T01:23:35,1763169815.777221,816441383.299221,4961.309551,63116,24808,csn,2.850282e+02,2.383883e+01,-1.375513e+02,-1.448059e+01,1.687199e+02,40,Ar,0.000000,0.000000,0.000000,OU
2025-11-15T01:23:37,1763169817.777217,816441385.299217,4963.309551,63116,24808,csn,2.859428e+02,2.384110e+01,-1.375251e+02,-1.460014e+01,1.686101e+02,40,Ar,0.000000,0.000000,0.000000,OU
2025-11-15T01:23:39,1763169819.777213,816441387.299213,4965.309551,63116,24808,csn,2.868617e+02,2.384346e+01,-1.374989e+02,-1.471961e+01,1.685003e+02,40,Ar,0.000000,0.000000,0.000000,OU
2025-11-15T01:23:41,1763169821.777209,816441389.299209,4967.309551,63116,24808,csn,2.877852e+02,2.384568e+01,-1.374726e+02,-1.483902e+01,1.683899e+02,40,Ar,0.000000,0.000000,0.000000,OU
2025-11-15T01:23:43,1763169823.777204,816441391.299204,4969.309551,63116,24808,csn,2.887130e+02,2.384793e+01,-1.374464e+02,-1.495837e+01,1.682794e+02,40,Ar,0.000000,0.000000,0.000000,OU
2025-11-15T01:23:45,1763169825.777200,816441393.299200,4971.309551,63116,24808,csn,2.896452e+02,2.385030e+01,-1.374201e+02,-1.507764e+01,1.681690e+02,40,Ar,0.000000,0.000000,0.000000,OU
2025-11-15T01:23:47,1763169827.777196,816441395.299196,4973.309551,63116,24808,csn,2.905819e+02,2.385257e+01,-1.373938e+02,-1.519685e+01,1.680581e+02,40,Ar,0.000000,0.000000,0.000000,OU
2025-11-15T01:23:49,1763169829.777192,816441397.299192,4975.309551,63116,24808,csn,2.915229e+02,2.385480e+01,-1.373675e+02,-1.531598e+01,1.679469e+02,40,Ar,0.000000,0.000000,0.000000,OU
2025-11-15T01:23:51,1763169831.777188,816441399.299188,4977.309551,63116,24808,csn,2.924684e+02,2.385726e+01,-1.373411e+02,-1.543505e+01,1.678361e+02,40,Ar,0.000000,0.000000,0.000000,OU
2025-11-15T01:23:53,1763169833.777184,816441401.299184,4979.309551,63116,24808,csn,2.934182e+02,2.385946e+01,-1.373147e+02,-1.555405e+01,1.677245e+02,40,Ar,0.000000,0.000000,0.000000,OU
2025-11-15T01:23:55,1763169835.777180,816441403.299180,4981.309551,63116,24808,csn,2.943724e+02,2.386191e+01,-1.372884e+02,-1.567298e+01,1.676134e+02,40,Ar,0.000000,0.000000,0.000000,OU
2025-11-15T01:23:57,1763169837.777176,816441405.299176,4983.309551,63116,24808,csn,2.953309e+02,2.386410e+01,-1.372620e+02,-1.579185e+01,1.675014e+02,40,Ar,0.000000,0.000000,0.000000,OU
2025-11-15T01:23:59,1763169839.777172,816441407.299172,4985.309551,63116,24808,csn,2.962938e+02,2.386633e+01,-1.372355e+02,-1.591064e+01,1.673894e+02,40,Ar,0.000000,0.000000,0.000000,OU
2025-11-15T01:24:01,1763169841.777167,816441409.299167,4987.309551,63116,24808,csn,2.972611e+02,2.386877e+01,-1.372091e+02,-1.602936e+01,1.672777e+02,40,Ar,0.000000,0.000000,0.000000,OU
2025-11-15T01:24:03,1763169843.777163,816441411.299163,4989.309551,63116,24808,csn,2.982328e+02,2.387096e+01,-1.371826e+02,-1.614801e+01,1.671653e+02,40,Ar,0.000000,0.000000,0.000000,OU
2025-11-15T01:24:05,1763169845.777158,816441413.299158,4991.309551,63116,24808,csn,2.992087e+02,2.387343e+01,-1.371561e+02,-1.626659e+01,1.670534e+02,40,Ar,0.000000,0.000000,0.000000,OU
2025-11-15T01:24:07,1763169847.777155,816441415.299155,4993.309551,63116,24808,csn,3.001890e+02,2.387565e+01,-1.371296e+02,-1.638510e+01,1.669408e+02,40,Ar,0.000000,0.000000,0.000000,OU
2025-11-15T01:24:09,1763169849.777151,816441417.299151,4995.309551,63116,24808,csn,3.011736e+02,2.387794e+01,-1.371030e+02,-1.650354e+01,1.668282e+02,40,Ar,0.000000,0.000000,0.000000,OU
2025-11-15T01:24:11,1763169851.777146,816441419.299146,4997.309551,63116,24808,csn,3.021626e+02,2.388030e+01,-1.370765e+02,-1.662191e+01,1.667157e+02,40,Ar,0.000000,0.000000,0.000000,OU
2025-11-15T01:24:13,1763169853.777142,816441421.299142,4999.309551,63116,24808,csn,3.031558e+02,2.388254e+01,-1.370499e+02,-1.674020e+01,1.666028e+02,40,Ar,0.000000,0.000000,0.000000,OU
2025-11-15T01:24:15,1763169855.777138,816441423.299138,5001.309551,63116,24808,csn,3.041534e+02,2.388478e+01,-1.370232e+02,-1.685842e+01,1.664897e+02,40,Ar,0.000000,0.000000,0.000000,OU
2025-11-15T01:24:17,1763169857.777134,816441425.299134,5003.309551,63116,24808,csn,3.051553e+02,2.388717e+01,-1.369966e+02,-1.697658e+01,1.663769e+02,40,Ar,0.000000,0.000000,0.000000,OU
2025-11-15T01:24:19,1763169859.777130,816441427.299130,5005.309551,63116,24808,csn,3.061614e+02,2.388951e+01,-1.369699e+02,-1.709465e+01,1.662639e+02,40,Ar,0.000000,0.000000,0.000000,OU
2025-11-15T01:24:21,1763169861.777126,816441429.299126,5007.309551,63116,24808,csn,3.071718e+02,2.389189e+01,-1.369432e+02,-1.721266e+01,1.661508e+02,40,Ar,0.000000,0.000000,0.000000,OU
2025-11-15T01:24:23,1763169863.777121,816441431.299121,5009.309551,63116,24808,csn,3.081865e+02,2.389425e+01,-1.369165e+02,-1.733059e+01,1.660376e+02,40,Ar,0.000000,0.000000,0.000000,OU
2025-11-15T01:24:25,1763169865.777117,816441433.299117,5011.309551,63116,24808,csn,3.092055e+02,2.389655e+01,-1.368898e+02,-1.744845e+01,1.659242e+02,40,Ar,0.000000,0.000000,0.000000,OU
2025-11-15T01:24:27,1763169867.777113,816441435.299113,5013.309551,63116,24808,csn,3.102288e+02,2.389875e+01,-1.368630e+02,-1.756624e+01,1.658105e+02,40,Ar,0.000000,0.000000,0.000000,OU
2025-11-15T01:24:29,1763169869.777109,816441437.299109,5015.309551,63116,24808,csn,3.112562e+02,2.390111e+01,-1.368362e+02,-1.768395e+01,1.656971e+02,40,Ar,0.000000,0.000000,0.000000,OU
2025-11-15T01:24:31,1763169871.777105,816441439.299105,5017.309551,63116,24808,csn,3.122880e+02,2.390336e+01,-1.368094e+02,-1.780159e+01,1.655834e+02,40,Ar,0.000000,0.000000,0.000000,OU
2025-11-15T01:24:33,1763169873.777100,816441441.299100,5019.309551,63116,24808,csn,3.133240e+02,2.390588e+01,-1.367826e+02,-1.791915e+01,1.654700e+02,40,Ar,0.000000,0.000000,0.000000,OU
2025-11-15T01:24:35,1763169875.777097,816441443.299096,5021.309551,63116,24808,csn,3.143642e+02,2.390807e+01,-1.367557e+02,-1.803664e+01,1.653560e+02,40,Ar,0.000000,0.000000,0.000000,OU
2025-11-15T01:24:37,1763169877.777092,816441445.299092,5023.309551,63116,24808,csn,3.154086e+02,2.391058e+01,-1.367288e+02,-1.815405e+01,1.652425e+02,40,Ar,0.000000,0.000000,0.000000,OU
2025-11-15T01:24:39,1763169879.777088,816441447.299088,5025.309551,63116,24808,csn,3.164572e+02,2.391275e+01,-1.367019e+02,-1.827139e+01,1.651284e+02,40,Ar,0.000000,0.000000,0.000000,OU
2025-11-15T01:24:41,1763169881.777084,816441449.299084,5027.309551,63116,24808,csn,3.175101e+02,2.391506e+01,-1.366749e+02,-1.838865e+01,1.650145e+02,40,Ar,0.000000,0.000000,0.000000,OU
2025-11-15T01:24:43,1763169883.777080,816441451.299080,5029.309551,63116,24808,csn,3.185671e+02,2.391740e+01,-1.366479e+02,-1.850584e+01,1.649005e+02,40,Ar,0.000000,0.000000,0.000000,OU
2025-11-15T01:24:45,1763169885.777076,816441453.299076,5031.309551,63116,24808,csn,3.196284e+02,2.391996e+01,-1.366209e+02,-1.862295e+01,1.647867e+02,40,Ar,0.000000,0.000000,0.000000,OU
2025-11-15T01:24:47,1763169887.777072,816441455.299072,5033.309551,63116,24808,csn,3.206938e+02,2.392219e+01,-1.365939e+02,-1.873998e+01,1.646725e+02,40,Ar,0.000000,0.000000,0.000000,OU
2025-11-15T01:24:49,1763169889.777068,816441457.299068,5035.309551,63116,24808,csn,3.217634e+02,2.392455e+01,-1.365668e+02,-1.885694e+01,1.645584e+02,40,Ar,0.000000,0.000000,0.000000,OU
2025-11-15T01:24:51,1763169891.777063,816441459.299063,5037.309551,63116,24808,csn,3.228372e+02,2.392673e+01,-1.365397e+02,-1.897382e+01,1.644441e+02,40,Ar,0.000000,0.000000,0.000000,OU
2025-11-15T01:24:53,1763169893.777058,816441461.299058,5039.309551,63116,24808,csn,3.239152e+02,2.392928e+01,-1.365126e+02,-1.909063e+01,1.643301e+02,40,Ar,0.000000,0.000000,0.000000,OU
2025-11-15T01:24:55,1763169895.777055,816441463.299054,5041.309551,63116,24808,csn,3.249973e+02,2.393166e+01,-1.364855e+02,-1.920736e+01,1.642159e+02,40,Ar,0.000000,0.000000,0.000000,OU
2025-11-15T01:24:57,1763169897.777050,816441465.299050,5043.309551,63116,24808,csn,3.260835e+02,2.393393e+01,-1.364583e+02,-1.932401e+01,1.641015e+02,40,Ar,0.000000,0.000000,0.000000,OU
2025-11-15T01:24:59,1763169899.777046,816441467.299046,5045.309551,63116,24808,csn,3.271739e+02,2.393617e+01,-1.364311e+02,-1.944058e+01,1.639871e+02,40,Ar,0.000000,0.000000,0.000000,OU
2025-11-15T01:25:01,1763169901.777042,816441469.299042,5047.309551,63116,24808,csn,3.282684e+02,2.393860e+01,-1.364038e+02,-1.955707e+01,1.638729e+02,40,Ar,0.000000,0.000000,0.000000,OU
2025-11-15T01:25:03,1763169903.777038,816441471.299038,5049.309551,63116,24808,csn,3.293671e+02,2.394108e+01,-1.363766e+02,-1.967349e+01,1.637586e+02,40,Ar,0.000000,0.000000,0.000000,OU
2025-11-15T01:25:05,1763169905.777034,816441473.299034,5051.309551,63116,24808,csn,3.304699e+02,2.394328e+01,-1.363493e+02,-1.978983e+01,1.636441e+02,40,Ar,0.000000,0.000000,0.000000,OU
2025-11-15T01:25:07,1763169907.777030,816441475.299030,5053.309551,63116,24808,csn,3.315767e+02,2.394577e+01,-1.363220e+02,-1.990608e+01,1.635298e+02,40,Ar,0.000000,0.000000,0.000000,OU
2025-11-15T01:25:09,1763169909.777026,816441477.299026,5055.309551,63116,24808,csn,3.326877e+02,2.394798e+01,-1.362946e+02,-2.002226e+01,1.634153e+02,40,Ar,0.000000,0.000000,0.000000,OU
2025-11-15T01:25:11,1763169911.777021,816441479.299021,5057.309551,63116,24808,csn,3.338028e+02,2.395049e+01,-1.362672e+02,-2.013837e+01,1.633009e+02,40,Ar,0.000000,0.000000,0.000000,OU
2025-11-15T01:25:13,1763169913.777017,816441481.299017,5059.309551,63116,24808,csn,3.349220e+02,2.395274e+01,-1.362398e+02,-2.025439e+01,1.631864e+02,40,Ar,0.000000,0.000000,0.000000,OU
2025-11-15T01:25:15,1763169915.777013,816441483.299013,5061.309551,63116,24808,csn,3.360452e+02,2.395505e+01,-1.362123e+02,-2.037033e+01,1.630719e+02,40,Ar,0.000000,0.000000,0.000000,OU
2025-11-15T01:25:17,1763169917.777009,816441485.299008,5063.309551,63116,24808,csn,3.371725e+02,2.395761e+01,-1.361848e+02,-2.048619e+01,1.629575e+02,40,Ar,0.000000,0.000000,0.000000,OU
2025-11-15T01:25:19,1763169919.777005,816441487.299005,5065.309551,63116,24808,csn,3.383039e+02,2.395986e+01,-1.361573e+02,-2.060197e+01,1.628430e+02,40,Ar,0.000000,0.000000,0.000000,OU
2025-11-15T01:25:21,1763169921.777000,816441489.299000,5067.309551,63116,24808,csn,3.394393e+02,2.396221e+01,-1.361298e+02,-2.071767e+01,1.627285e+02,40,Ar,0.000000,0.000000,0.000000,OU
2025-11-15T01:25:23,1763169923.776996,816441491.298996,5069.309551,63116,24808,csn,3.405788e+02,2.396475e+01,-1.361022e+02,-2.083329e+01,1.626141e+02,40,Ar,0.000000,0.000000,0.000000,OU
2025-11-15T01:25:25,1763169925.776992,816441493.298992,5071.309551,63116,24808,csn,3.417223e+02,2.396710e+01,-1.360746e+02,-2.094883e+01,1.624996e+02,40,Ar,0.000000,0.000000,0.000000,OU
2025-11-15T01:25:27,1763169927.776988,816441495.298988,5073.309551,63116,24808,csn,3.428699e+02,2.396948e+01,-1.360469e+02,-2.106429e+01,1.623850e+02,40,Ar,0.000000,0.000000,0.000000,OU
2025-11-15T01:25:29,1763169929.776984,816441497.298984,5075.309551,63116,24808,csn,3.440215e+02,2.397187e+01,-1.360193e+02,-2.117967e+01,1.622705e+02,40,Ar,0.000000,0.000000,0.000000,OU
2025-11-15T01:25:31,1763169931.776979,816441499.298979,5077.309551,63116,24808,csn,3.451771e+02,2.397425e+01,-1.359916e+02,-2.129496e+01,1.621560e+02,40,Ar,0.000000,0.000000,0.000000,OU
2025-11-15T01:25:33,1763169933.776976,816441501.298975,5079.309551,63116,24808,csn,3.463367e+02,2.397664e+01,-1.359638e+02,-2.141018e+01,1.620415e+02,40,Ar,0.000000,0.000000,0.000000,OU
2025-11-15T01:25:35,1763169935.776971,816441503.298971,5081.309551,63116,24808,csn,3.475003e+02,2.397915e+01,-1.359360e+02,-2.152531e+01,1.619271e+02,40,Ar,0.000000,0.000000,0.000000,OU
2025-11-15T01:25:37,1763169937.776967,816441505.298967,5083.309551,63116,24808,csn,3.486678e+02,2.398143e+01,-1.359082e+02,-2.164036e+01,1.618126e+02,40,Ar,0.000000,0.000000,0.000000,OU
2025-11-15T01:25:39,1763169939.776963,816441507.298963,5085.309551,63116,24808,csn,3.498394e+02,2.398377e+01,-1.358804e+02,-2.175533e+01,1.616981e+02,40,Ar,0.000000,0.000000,0.000000,OU
2025-11-15T01:25:41,1763169941.776959,816441509.298959,5087.309551,63116,24808,csn,3.510150e+02,2.398614e+01,-1.358525e+02,-2.187021e+01,1.615836e+02,40,Ar,0.000000,0.000000,0.000000,OU
2025-11-15T01:25:43,1763169943.776955,816441511.298955,5089.309551,63116,24808,csn,3.521945e+02,2.398916e+01,-1.358246e+02,-2.198501e+01,1.614692e+02,40,Ar,0.000000,0.000000,0.000000,OU
2025-11-15T01:25:45,1763169945.776951,816441513.298951,5091.309551,63116,24808,csn,3.533780e+02,2.399219e+01,-1.357966e+02,-2.209973e+01,1.613547e+02,40,Ar,0.000000,0.000000,0.000000,OU
2025-11-15T01:25:47,1763169947.776947,816441515.298946,5093.309551,63116,24808,csn,3.545654e+02,2.394944e+01,-1.357686e+02,-2.221436e+01,1.612403e+02,40,Ar,0.000000,0.000000,0.000000,OU
2025-11-15T01:25:49,1763169949.776942,816441517.298942,5095.309551,63116,24808,csn,3.557568e+02,2.406707e+01,-1.357406e+02,-2.232892e+01,1.611259e+02,40,Ar,0.000000,0.000000,0.000000,OU
2025-11-15T01:25:51,1763169951.776938,816441519.298938,5097.309551,63116,24808,csn,3.569521e+02,2.471314e+01,-1.357125e+02,-2.244338e+01,1.610115e+02,40,Ar,0.000000,0.000000,0.000000,OU
2025-11-15T01:25:53,1763169953.776934,816441521.298934,5099.309551,63116,24808,csn,3.581514e+02,9.526279e+00,-1.356844e+02,-2.255777e+01,1.608971e+02,40,Ar,0.000000,0.000000,0.000000,OU
2025-11-15T01:25:55,1763169955.776930,816441523.298930,5101.309551,63116,24808,csn,3.593545e+02,9.798727e-02,-1.356563e+02,-2.267207e+01,1.607828e+02,40,Ar,0.000000,0.000000,0.000000,OU
2025-11-15T01:25:57,1763169957.776925,816441525.298925,5103.309551,63116,24808,csn,3.605616e+02,-1.320830e-01,-1.356281e+02,-2.278628e+01,1.606684e+02,40,Ar,0.000000,0.000000,0.000000,OU
2025-11-15T01:25:59,1763169959.776921,816441527.298921,5105.309551,63116,24808,csn,3.617726e+02,3.904361e-02,-1.355999e+02,-2.290041e+01,1.605541e+02,40,Ar,0.000000,0.000000,0.000000,OU
2025-11-15T01:26:01,1763169961.776918,816441529.298918,5107.309551,63116,24808,csn,3.629875e+02,1.216384e-02,-1.355717e+02,-2.301446e+01,1.604399e+02,40,Ar,0.000000,0.000000,0.000000,OU
2025-11-15T01:26:03,1763169963.776913,816441531.298913,5109.309551,63116,24808,csn,3.642062e+02,1.200687e-02,-1.355434e+02,-2.312842e+01,1.603256e+02,40,Ar,0.000000,0.000000,0.000000,OU
2025-11-15T01:26:05,1763169965.776909,816441533.298909,5111.309551,63116,24808,csn,3.654289e+02,1.523606e-02,-1.355151e+02,-2.324229e+01,1.602114e+02,40,Ar,0.000000,0.000000,0.000000,OU
2025-11-15T01:26:07,1763169967.776905,816441535.298905,5113.309551,63116,24808,csn,3.666554e+02,1.769202e-02,-1.354867e+02,-2.335608e+01,1.600971e+02,40,Ar,0.000000,0.000000,0.000000,OU
2025-11-15T01:26:09,1763169969.776901,816441537.298901,5115.309551,63116,24808,csn,3.678858e+02,2.010037e-02,-1.354583e+02,-2.346979e+01,1.599829e+02,40,Ar,0.000000,0.000000,0.000000,OU
2025-11-15T01:26:11,1763169971.776896,816441539.298897,5117.309551,63116,24808,csn,3.691200e+02,2.256961e-02,-1.354299e+02,-2.358341e+01,1.598688e+02,40,Ar,0.000000,0.000000,0.000000,OU
2025-11-15T01:26:13,1763169973.776892,816441541.298892,5119.309551,63116,24808,csn,3.703581e+02,2.486148e-02,-1.354014e+02,-2.369694e+01,1.597547e+02,40,Ar,0.000000,0.000000,0.000000,OU
2025-11-15T01:26:15,1763169975.776888,816441543.298888,5121.309551,63116,24808,csn,3.716000e+02,2.737242e-02,-1.353729e+02,-2.381039e+01,1.596406e+02,40,Ar,0.000000,0.000000,0.000000,OU
2025-11-15T01:26:17,1763169977.776884,816441545.298884,5123.309551,63116,24808,csn,3.728457e+02,2.970783e-02,-1.353444e+02,-2.392375e+01,1.595266e+02,40,Ar,0.000000,0.000000,0.000000,OU
2025-11-15T01:26:19,1763169979.776880,816441547.298880,5125.309551,63116,24808,csn,3.740953e+02,3.223133e-02,-1.353158e+02,-2.403702e+01,1.594125e+02,40,Ar,0.000000,0.000000,0.000000,OU
2025-11-15T01:26:21,1763169981.776875,816441549.298875,5127.309551,63116,24808,csn,3.753487e+02,3.470052e-02,-1.352872e+02,-2.415020e+01,1.592985e+02,40,Ar,0.000000,0.000000,0.000000,OU
2025-11-15T01:26:23,1763169983.776872,816441551.298872,5129.309551,63116,24808,csn,3.766059e+02,3.710729e-02,-1.352585e+02,-2.426330e+01,1.591846e+02,40,Ar,0.000000,0.000000,0.000000,OU
2025-11-15T01:26:25,1763169985.776867,816441553.298867,5131.309551,63116,24808,csn,3.778669e+02,3.961722e-02,-1.352298e+02,-2.437631e+01,1.590707e+02,40,Ar,0.000000,0.000000,0.000000,OU
2025-11-15T01:26:27,1763169987.776863,816441555.298863,5133.309551,63116,24808,csn,3.791317e+02,4.213271e-02,-1.352010e+02,-2.448924e+01,1.589567e+02,40,Ar,0.000000,0.000000,0.000000,OU
2025-11-15T01:26:29,1763169989.776859,816441557.298859,5135.309551,63116,24808,csn,3.804002e+02,4.455974e-02,-1.351722e+02,-2.460207e+01,1.588429e+02,40,Ar,0.000000,0.000000,0.000000,OU
2025-11-15T01:26:31,1763169991.776855,816441559.298855,5137.309551,63116,24808,csn,3.816726e+02,4.706461e-02,-1.351434e+02,-2.471482e+01,1.587291e+02,40,Ar,0.000000,0.000000,0.000000,OU
2025-11-15T01:26:33,1763169993.776851,816441561.298851,5139.309551,63116,24808,csn,3.829487e+02,4.955318e-02,-1.351145e+02,-2.482748e+01,1.586153e+02,40,Ar,0.000000,0.000000,0.000000,OU
2025-11-15T01:26:35,1763169995.776847,816441563.298847,5141.309551,63116,24808,csn,3.842285e+02,5.199199e-02,-1.350856e+02,-2.494006e+01,1.585016e+02,40,Ar,0.000000,0.000000,0.000000,OU
2025-11-15T01:26:37,1763169997.776843,816441565.298843,5143.309551,63116,24808,csn,3.855121e+02,5.446602e-02,-1.350566e+02,-2.505254e+01,1.583879e+02,40,Ar,0.000000,0.000000,0.000000,OU
2025-11-15T01:26:39,1763169999.776838,816441567.298838,5145.309551,63116,24808,csn,3.867995e+02,5.701160e-02,-1.350276e+02,-2.516494e+01,1.582743e+02,40,Ar,0.000000,0.000000,0.000000,OU
2025-11-15T01:26:41,1763170001.776834,816441569.298834,5147.309551,63116,24808,csn,3.880905e+02,5.928774e-02,-1.349986e+02,-2.527724e+01,1.581608e+02,40,Ar,0.000000,0.000000,0.000000,OU
2025-11-15T01:26:43,1763170003.776830,816441571.298830,5149.309551,63116,24808,csn,3.893853e+02,6.185893e-02,-1.349695e+02,-2.538946e+01,1.580472e+02,40,Ar,0.000000,0.000000,0.000000,OU
2025-11-15T01:26:45,1763170005.776825,816441573.298825,5151.309551,63116,24808,csn,3.906838e+02,6.438416e-02,-1.349404e+02,-2.550159e+01,1.579336e+02,40,Ar,0.000000,0.000000,0.000000,OU
2025-11-15T01:26:47,1763170007.776821,816441575.298821,5153.309551,63116,24808,csn,3.919861e+02,6.687084e-02,-1.349112e+02,-2.561363e+01,1.578202e+02,40,Ar,0.000000,0.000000,0.000000,OU
2025-11-15T01:26:49,1763170009.776817,816441577.298817,5155.309551,63116,24808,csn,3.932920e+02,6.930631e-02,-1.348820e+02,-2.572557e+01,1.577068e+02,40,Ar,0.000000,0.000000,0.000000,OU
2025-11-15T01:26:51,1763170011.776813,816441579.298813,5157.309551,63116,24808,csn,3.946016e+02,7.183508e-02,-1.348527e+02,-2.583743e+01,1.575934e+02,40,Ar,0.000000,0.000000,0.000000,OU
2025-11-15T01:26:53,1763170013.776809,816441581.298809,5159.309551,63116,24808,csn,3.959149e+02,7.432416e-02,-1.348234e+02,-2.594920e+01,1.574801e+02,40,Ar,0.000000,0.000000,0.000000,OU
2025-11-15T01:26:55,1763170015.776805,816441583.298805,5161.309551,63116,24808,csn,3.972318e+02,7.675167e-02,-1.347941e+02,-2.606088e+01,1.573669e+02,40,Ar,0.000000,0.000000,0.000000,OU
2025-11-15T01:26:57,1763170017.776801,816441585.298801,5163.309551,63116,24808,csn,3.985524e+02,7.922900e-02,-1.347647e+02,-2.617247e+01,1.572537e+02,40,Ar,0.000000,0.000000,0.000000,OU
2025-11-15T01:26:59,1763170019.776796,816441587.298796,5165.309551,63116,24808,csn,3.998767e+02,8.173943e-02,-1.347352e+02,-2.628397e+01,1.571405e+02,40,Ar,0.000000,0.000000,0.000000,OU
2025-11-15T01:27:01,1763170021.776793,816441589.298793,5167.309551,63116,24808,csn,4.012046e+02,8.415600e-02,-1.347058e+02,-2.639538e+01,1.570275e+02,40,Ar,0.000000,0.000000,0.000000,OU
2025-11-15T01:27:03,1763170023.776788,816441591.298788,5169.309551,63116,24808,csn,4.025362e+02,8.687837e-02,-1.346762e+02,-2.650670e+01,1.569142e+02,40,Ar,0.000000,0.000000,0.000000,OU
2025-11-15T01:27:05,1763170025.776784,816441593.298784,5171.309551,63116,24808,csn,4.038714e+02,8.918891e-02,-1.346466e+02,-2.661792e+01,1.568014e+02,40,Ar,0.000000,0.000000,0.000000,OU
2025-11-15T01:27:07,1763170027.776780,816441595.298780,5173.309551,63116,24808,csn,4.052102e+02,9.192044e-02,-1.346170e+02,-2.672906e+01,1.566882e+02,40,Ar,0.000000,0.000000,0.000000,OU
2025-11-15T01:27:09,1763170029.776775,816441597.298775,5175.309551,63116,24808,csn,4.065527e+02,9.433317e-02,-1.345873e+02,-2.684010e+01,1.565754e+02,40,Ar,0.000000,0.000000,0.000000,OU
2025-11-15T01:27:11,1763170031.776772,816441599.298772,5177.309551,63116,24808,csn,4.078987e+02,9.687484e-02,-1.345576e+02,-2.695105e+01,1.564625e+02,40,Ar,0.000000,0.000000,0.000000,OU
2025-11-15T01:27:13,1763170033.776767,816441601.298767,5179.309551,63116,24808,csn,4.092483e+02,9.931703e-02,-1.345279e+02,-2.706191e+01,1.563498e+02,40,Ar,0.000000,0.000000,0.000000,OU
2025-11-15T01:27:15,1763170035.776763,816441603.298763,5181.309551,63116,24808,csn,4.106015e+02,1.017879e-01,-1.344981e+02,-2.717268e+01,1.562371e+02,40,Ar,0.000000,0.000000,0.000000,OU
2025-11-15T01:27:17,1763170037.776759,816441605.298759,5183.309551,63116,24808,csn,4.119584e+02,1.043666e-01,-1.344682e+02,-2.728336e+01,1.561244e+02,40,Ar,0.000000,0.000000,0.000000,OU
2025-11-15T01:27:19,1763170039.776755,816441607.298755,5185.309551,63116,24808,csn,4.133187e+02,1.070502e-01,-1.344383e+02,-2.739394e+01,1.560116e+02,40,Ar,0.000000,0.000000,0.000000,OU
2025-11-15T01:27:21,1763170041.776750,816441609.298750,5187.309551,63116,24808,csn,4.146827e+02,1.094653e-01,-1.344083e+02,-2.750443e+01,1.558992e+02,40,Ar,0.000000,0.000000,0.000000,OU
2025-11-15T01:27:23,1763170043.776747,816441611.298747,5189.309551,63116,24808,csn,4.160502e+02,1.120946e-01,-1.343783e+02,-2.761483e+01,1.557866e+02,40,Ar,0.000000,0.000000,0.000000,OU
2025-11-15T01:27:25,1763170045.776743,816441613.298743,5191.309551,63116,24808,csn,4.174212e+02,1.145359e-01,-1.343483e+02,-2.772514e+01,1.556742e+02,40,Ar,0.000000,0.000000,0.000000,OU
2025-11-15T01:27:27,1763170047.776738,816441615.298738,5193.309551,63116,24808,csn,4.187958e+02,1.171647e-01,-1.343182e+02,-2.783535e+01,1.555617e+02,40,Ar,0.000000,0.000000,0.000000,OU
2025-11-15T01:27:29,1763170049.776735,816441617.298735,5195.309551,63116,24808,csn,4.201739e+02,1.196932e-01,-1.342880e+02,-2.794547e+01,1.554494e+02,40,Ar,0.000000,0.000000,0.000000,OU
2025-11-15T01:27:31,1763170051.776730,816441619.298730,5197.309551,63116,24808,csn,4.215555e+02,1.221547e-01,-1.342578e+02,-2.805550e+01,1.553372e+02,40,Ar,0.000000,0.000000,0.000000,OU
2025-11-15T01:27:33,1763170053.776726,816441621.298726,5199.309551,63116,24808,csn,4.229406e+02,1.248822e-01,-1.342276e+02,-2.816543e+01,1.552248e+02,40,Ar,0.000000,0.000000,0.000000,OU
2025-11-15T01:27:35,1763170055.776721,816441623.298722,5201.309551,63116,24808,csn,4.243293e+02,1.273831e-01,-1.341973e+02,-2.827527e+01,1.551127e+02,40,Ar,0.000000,0.000000,0.000000,OU
2025-11-15T01:27:37,1763170057.776717,816441625.298717,5203.309551,63116,24808,csn,4.257214e+02,1.298905e-01,-1.341669e+02,-2.838502e+01,1.550007e+02,40,Ar,0.000000,0.000000,0.000000,OU
2025-11-15T01:27:39,1763170059.776713,816441627.298713,5205.309551,63116,24808,csn,4.271170e+02,1.326210e-01,-1.341365e+02,-2.849467e+01,1.548885e+02,40,Ar,0.000000,0.000000,0.000000,OU
2025-11-15T01:27:41,1763170061.776709,816441629.298709,5207.309551,63116,24808,csn,4.285161e+02,1.351042e-01,-1.341060e+02,-2.860423e+01,1.547766e+02,40,Ar,0.000000,0.000000,0.000000,OU
2025-11-15T01:27:43,1763170063.776705,816441631.298705,5209.309551,63116,24808,csn,4.299187e+02,1.375932e-01,-1.340755e+02,-2.871370e+01,1.546648e+02,40,Ar,0.000000,0.000000,0.000000,OU
2025-11-15T01:27:45,1763170065.776701,816441633.298701,5211.309551,63116,24808,csn,4.313247e+02,1.402745e-01,-1.340450e+02,-2.882307e+01,1.545528e+02,40,Ar,0.000000,0.000000,0.000000,OU
2025-11-15T01:27:47,1763170067.776695,816441635.298697,5213.309551,63116,24808,csn,4.327343e+02,1.430865e-01,-1.340144e+02,-2.893235e+01,1.544407e+02,40,Ar,0.000000,0.000000,0.000000,OU
2025-11-15T01:27:49,1763170069.776698,816441637.298694,5215.309551,63116,24808,csn,4.341471e+02,1.443478e-01,-1.339837e+02,-2.904152e+01,1.543305e+02,40,Ar,0.000000,0.000000,0.000000,OU
2025-11-15T01:27:51,1763170071.776691,816441639.298689,5217.309551,63116,24808,csn,4.355635e+02,1.475852e-01,-1.339530e+02,-2.915061e+01,1.542181e+02,40,Ar,0.000000,0.000000,0.000000,OU
2025-11-15T01:27:53,1763170073.776684,816441641.298684,5219.309551,63116,24808,csn,4.369833e+02,1.507238e-01,-1.339222e+02,-2.925961e+01,1.541059e+02,40,Ar,0.000000,0.000000,0.000000,OU
2025-11-15T01:27:55,1763170075.776680,816441643.298680,5221.309551,63116,24808,csn,4.384065e+02,1.531404e-01,-1.338914e+02,-2.936850e+01,1.539946e+02,40,Ar,0.000000,0.000000,0.000000,OU
2025-11-15T01:27:57,1763170077.776676,816441645.298676,5223.309551,63116,24808,csn,4.398331e+02,1.558644e-01,-1.338605e+02,-2.947730e+01,1.538830e+02,40,Ar,0.000000,0.000000,0.000000,OU
2025-11-15T01:27:59,1763170079.776672,816441647.298672,5225.309551,63116,24808,csn,4.412632e+02,1.583471e-01,-1.338296e+02,-2.958601e+01,1.537717e+02,40,Ar,0.000000,0.000000,0.000000,OU
2025-11-15T01:28:01,1763170081.776668,816441649.298668,5227.309551,63116,24808,csn,4.426966e+02,1.608724e-01,-1.337986e+02,-2.969462e+01,1.536605e+02,40,Ar,0.000000,0.000000,0.000000,OU
2025-11-15T01:28:03,1763170083.776663,816441651.298663,5229.309551,63116,24808,csn,4.441334e+02,1.636004e-01,-1.337675e+02,-2.980313e+01,1.535490e+02,40,Ar,0.000000,0.000000,0.000000,OU
2025-11-15T01:28:05,1763170085.776659,816441653.298659,5231.309551,63116,24808,csn,4.455735e+02,1.662705e-01,-1.337364e+02,-2.991155e+01,1.534378e+02,40,Ar,0.000000,0.000000,0.000000,OU
2025-11-15T01:28:07,1763170087.776655,816441655.298655,5233.309551,63116,24808,csn,4.470171e+02,1.688281e-01,-1.337053e+02,-3.001988e+01,1.533267e+02,40,Ar,0.000000,0.000000,0.000000,OU
2025-11-15T01:28:09,1763170089.776651,816441657.298651,5235.309551,63116,24808,csn,4.484640e+02,1.714099e-01,-1.336741e+02,-3.012810e+01,1.532157e+02,40,Ar,0.000000,0.000000,0.000000,OU
2025-11-15T01:28:11,1763170091.776647,816441659.298647,5237.309551,63116,24808,csn,4.499142e+02,1.740494e-01,-1.336428e+02,-3.023624e+01,1.531047e+02,40,Ar,0.000000,0.000000,0.000000,OU
2025-11-15T01:28:13,1763170093.776642,816441661.298642,5239.309551,63116,24808,csn,4.513678e+02,1.766199e-01,-1.336115e+02,-3.034427e+01,1.529938e+02,40,Ar,0.000000,0.000000,0.000000,OU
2025-11-15T01:28:15,1763170095.776638,816441663.298638,5241.309551,63116,24808,csn,4.528247e+02,1.792959e-01,-1.335801e+02,-3.045221e+01,1.528829e+02,40,Ar,0.000000,0.000000,0.000000,OU
2025-11-15T01:28:17,1763170097.776634,816441665.298634,5243.309551,63116,24808,csn,4.542849e+02,1.820088e-01,-1.335487e+02,-3.056005e+01,1.527720e+02,40,Ar,0.000000,0.000000,0.000000,OU
2025-11-15T01:28:19,1763170099.776630,816441667.298630,5245.309551,63116,24808,csn,4.557485e+02,1.845897e-01,-1.335172e+02,-3.066779e+01,1.526614e+02,40,Ar,0.000000,0.000000,0.000000,OU
2025-11-15T01:28:21,1763170101.776626,816441669.298626,5247.309551,63116,24808,csn,4.572154e+02,1.872686e-01,-1.334857e+02,-3.077544e+01,1.525507e+02,40,Ar,0.000000,0.000000,0.000000,OU
2025-11-15T01:28:23,1763170103.776622,816441671.298622,5249.309551,63116,24808,csn,4.586855e+02,1.899850e-01,-1.334540e+02,-3.088299e+01,1.524400e+02,40,Ar,0.000000,0.000000,0.000000,OU
2025-11-15T01:28:25,1763170105.776618,816441673.298618,5251.309551,63116,24808,csn,4.601590e+02,1.926072e-01,-1.334224e+02,-3.099045e+01,1.523295e+02,40,Ar,0.000000,0.000000,0.000000,OU
2025-11-15T01:28:27,1763170107.776613,816441675.298613,5253.309551,63116,24808,csn,4.616357e+02,1.952646e-01,-1.333907e+02,-3.109780e+01,1.522191e+02,40,Ar,0.000000,0.000000,0.000000,OU
2025-11-15T01:28:29,1763170109.776610,816441677.298610,5255.309551,63116,24808,csn,4.631157e+02,1.979826e-01,-1.333589e+02,-3.120506e+01,1.521087e+02,40,Ar,0.000000,0.000000,0.000000,OU
2025-11-15T01:28:31,1763170111.776605,816441679.298605,5257.309551,63116,24808,csn,4.645990e+02,2.005981e-01,-1.333270e+02,-3.131222e+01,1.519984e+02,40,Ar,0.000000,0.000000,0.000000,OU
2025-11-15T01:28:33,1763170113.776601,816441681.298601,5259.309551,63116,24808,csn,4.660855e+02,2.032523e-01,-1.332951e+02,-3.141928e+01,1.518882e+02,40,Ar,0.000000,0.000000,0.000000,OU
2025-11-15T01:28:35,1763170115.776596,816441683.298596,5261.309551,63116,24808,csn,4.675753e+02,2.059716e-01,-1.332632e+02,-3.152625e+01,1.517780e+02,40,Ar,0.000000,0.000000,0.000000,OU
2025-11-15T01:28:37,1763170117.776592,816441685.298592,5263.309551,63116,24808,csn,4.690683e+02,2.086380e-01,-1.332311e+02,-3.163312e+01,1.516679e+02,40,Ar,0.000000,0.000000,0.000000,OU
2025-11-15T01:28:39,1763170119.776588,816441687.298588,5265.309551,63116,24808,csn,4.705645e+02,2.112702e-01,-1.331991e+02,-3.173989e+01,1.515580e+02,40,Ar,0.000000,0.000000,0.000000,OU
2025-11-15T01:28:41,1763170121.776584,816441689.298584,5267.309551,63116,24808,csn,4.720640e+02,2.139663e-01,-1.331669e+02,-3.184656e+01,1.514480e+02,40,Ar,0.000000,0.000000,0.000000,OU
2025-11-15T01:28:43,1763170123.776580,816441691.298580,5269.309551,63116,24808,csn,4.735666e+02,2.166204e-01,-1.331347e+02,-3.195313e+01,1.513382e+02,40,Ar,0.000000,0.000000,0.000000,OU
2025-11-15T01:28:45,1763170125.776575,816441693.298575,5271.309551,63116,24808,csn,4.750725e+02,2.192503e-01,-1.331025e+02,-3.205960e+01,1.512285e+02,40,Ar,0.000000,0.000000,0.000000,OU
2025-11-15T01:28:47,1763170127.776572,816441695.298571,5273.309551,63116,24808,csn,4.765816e+02,2.219495e-01,-1.330701e+02,-3.216598e+01,1.511188e+02,40,Ar,0.000000,0.000000,0.000000,OU
2025-11-15T01:28:49,1763170129.776568,816441697.298568,5275.309551,63116,24808,csn,4.780938e+02,2.246463e-01,-1.330377e+02,-3.227226e+01,1.510092e+02,40,Ar,0.000000,0.000000,0.000000,OU
2025-11-15T01:28:51,1763170131.776563,816441699.298563,5277.309551,63116,24808,csn,4.796092e+02,2.272575e-01,-1.330053e+02,-3.237843e+01,1.508998e+02,40,Ar,0.000000,0.000000,0.000000,OU
2025-11-15T01:28:53,1763170133.776559,816441701.298559,5279.309551,63116,24808,csn,4.811278e+02,2.301112e-01,-1.329728e+02,-3.248451e+01,1.507901e+02,40,Ar,0.000000,0.000000,0.000000,OU
2025-11-15T01:28:55,1763170135.776555,816441703.298555,5281.309551,63116,24808,csn,4.826496e+02,2.329104e-01,-1.329402e+02,-3.259049e+01,1.506805e+02,40,Ar,0.000000,0.000000,0.000000,OU
2025-11-15T01:28:57,1763170137.776551,816441705.298551,5283.309551,63116,24808,csn,4.841745e+02,2.355412e-01,-1.329075e+02,-3.269637e+01,1.505713e+02,40,Ar,0.000000,0.000000,0.000000,OU
2025-11-15T01:28:59,1763170139.776547,816441707.298547,5285.309551,63116,24808,csn,4.857025e+02,2.382046e-01,-1.328748e+02,-3.280215e+01,1.504621e+02,40,Ar,0.000000,0.000000,0.000000,OU
2025-11-15T01:29:01,1763170141.776543,816441709.298543,5287.309551,63116,24808,csn,4.872337e+02,2.409246e-01,-1.328421e+02,-3.290784e+01,1.503530e+02,40,Ar,0.000000,0.000000,0.000000,OU
2025-11-15T01:29:03,1763170143.776538,816441711.298538,5289.309551,63116,24808,csn,4.887681e+02,2.435369e-01,-1.328092e+02,-3.301342e+01,1.502440e+02,40,Ar,0.000000,0.000000,0.000000,OU
2025-11-15T01:29:05,1763170145.776534,816441713.298534,5291.309551,63116,24808,csn,4.903055e+02,2.464316e-01,-1.327763e+02,-3.311890e+01,1.501347e+02,40,Ar,0.000000,0.000000,0.000000,OU
2025-11-15T01:29:07,1763170147.776530,816441715.298530,5293.309551,63116,24808,csn,4.918460e+02,2.491734e-01,-1.327434e+02,-3.322428e+01,1.500258e+02,40,Ar,0.000000,0.000000,0.000000,OU
2025-11-15T01:29:09,1763170149.776526,816441717.298526,5295.309551,63116,24808,csn,4.933897e+02,2.517943e-01,-1.327103e+02,-3.332956e+01,1.499171e+02,40,Ar,0.000000,0.000000,0.000000,OU
2025-11-15T01:29:11,1763170151.776522,816441719.298522,5297.309551,63116,24808,csn,4.949364e+02,2.547495e-01,-1.326772e+02,-3.343475e+01,1.498080e+02,40,Ar,0.000000,0.000000,0.000000,OU
2025-11-15T01:29:13,1763170153.776517,816441721.298517,5299.309551,63116,24808,csn,4.964862e+02,2.574596e-01,-1.326441e+02,-3.353983e+01,1.496993e+02,40,Ar,0.000000,0.000000,0.000000,OU
2025-11-15T01:29:15,1763170155.776513,816441723.298513,5301.309551,63116,24808,csn,4.980391e+02,2.601062e-01,-1.326108e+02,-3.364481e+01,1.495908e+02,40,Ar,0.000000,0.000000,0.000000,OU
2025-11-15T01:29:17,1763170157.776510,816441725.298510,5303.309551,63116,24808,csn,4.995950e+02,2.630203e-01,-1.325775e+02,-3.374969e+01,1.494820e+02,40,Ar,0.000000,0.000000,0.000000,OU
2025-11-15T01:29:19,1763170159.776505,816441727.298505,5305.309551,63116,24808,csn,5.011541e+02,2.657104e-01,-1.325442e+02,-3.385447e+01,1.493736e+02,40,Ar,0.000000,0.000000,0.000000,OU
2025-11-15T01:29:21,1763170161.776501,816441729.298501,5307.309551,63116,24808,csn,5.027161e+02,2.683665e-01,-1.325107e+02,-3.395915e+01,1.492654e+02,40,Ar,0.000000,0.000000,0.000000,OU
2025-11-15T01:29:23,1763170163.776497,816441731.298497,5309.309551,63116,24808,csn,5.042812e+02,2.713372e-01,-1.324772e+02,-3.406373e+01,1.491567e+02,40,Ar,0.000000,0.000000,0.000000,OU
2025-11-15T01:29:25,1763170165.776492,816441733.298492,5311.309551,63116,24808,csn,5.058493e+02,2.739956e-01,-1.324436e+02,-3.416821e+01,1.490487e+02,40,Ar,0.000000,0.000000,0.000000,OU
2025-11-15T01:29:27,1763170167.776488,816441735.298488,5313.309551,63116,24808,csn,5.074205e+02,2.766820e-01,-1.324100e+02,-3.427259e+01,1.489407e+02,40,Ar,0.000000,0.000000,0.000000,OU
2025-11-15T01:29:29,1763170169.776484,816441737.298484,5315.309551,63116,24808,csn,5.089947e+02,2.795771e-01,-1.323763e+02,-3.437686e+01,1.488324e+02,40,Ar,0.000000,0.000000,0.000000,OU
2025-11-15T01:29:31,1763170171.776480,816441739.298480,5317.309551,63116,24808,csn,5.105718e+02,2.824221e-01,-1.323425e+02,-3.448104e+01,1.487243e+02,40,Ar,0.000000,0.000000,0.000000,OU
2025-11-15T01:29:33,1763170173.776476,816441741.298476,5319.309551,63116,24808,csn,5.121520e+02,2.852252e-01,-1.323087e+02,-3.458511e+01,1.486163e+02,40,Ar,0.000000,0.000000,0.000000,OU
2025-11-15T01:29:35,1763170175.776472,816441743.298472,5321.309551,63116,24808,csn,5.137352e+02,2.879692e-01,-1.322747e+02,-3.468908e+01,1.485086e+02,40,Ar,0.000000,0.000000,0.000000,OU
2025-11-15T01:29:37,1763170177.776467,816441745.298468,5323.309551,63116,24808,csn,5.153213e+02,2.908075e-01,-1.322408e+02,-3.479296e+01,1.484007e+02,40,Ar,0.000000,0.000000,0.000000,OU
2025-11-15T01:29:39,1763170179.776464,816441747.298464,5325.309551,63116,24808,csn,5.169104e+02,2.935529e-01,-1.322067e+02,-3.489672e+01,1.482931e+02,40,Ar,0.000000,0.000000,0.000000,OU
2025-11-15T01:29:41,1763170181.776459,816441749.298460,5327.309551,63116,24808,csn,5.185025e+02,2.964073e-01,-1.321726e+02,-3.500039e+01,1.481854e+02,40,Ar,0.000000,0.000000,0.000000,OU
2025-11-15T01:29:43,1763170183.776455,816441751.298455,5329.309551,63116,24808,csn,5.200975e+02,2.993224e-01,-1.321383e+02,-3.510396e+01,1.480777e+02,40,Ar,0.000000,0.000000,0.000000,OU
2025-11-15T01:29:45,1763170185.776451,816441753.298451,5331.309551,63116,24808,csn,5.216955e+02,3.020381e-01,-1.321041e+02,-3.520742e+01,1.479705e+02,40,Ar,0.000000,0.000000,0.000000,OU
2025-11-15T01:29:47,1763170187.776447,816441755.298447,5333.309551,63116,24808,csn,5.232964e+02,3.049115e-01,-1.320697e+02,-3.531078e+01,1.478630e+02,40,Ar,0.000000,0.000000,0.000000,OU
2025-11-15T01:29:49,1763170189.776443,816441757.298443,5335.309551,63116,24808,csn,5.249002e+02,3.076412e-01,-1.320353e+02,-3.541404e+01,1.477559e+02,40,Ar,0.000000,0.000000,0.000000,OU
2025-11-15T01:29:51,1763170191.776439,816441759.298439,5337.309551,63116,24808,csn,5.265070e+02,3.106160e-01,-1.320008e+02,-3.551720e+01,1.476484e+02,40,Ar,0.000000,0.000000,0.000000,OU
2025-11-15T01:29:53,1763170193.776434,816441761.298434,5339.309551,63116,24808,csn,5.281166e+02,3.134601e-01,-1.319662e+02,-3.562025e+01,1.475413e+02,40,Ar,0.000000,0.000000,0.000000,OU
2025-11-15T01:29:55,1763170195.776430,816441763.298429,5341.309551,63116,24808,csn,5.297292e+02,3.161494e-01,-1.319316e+02,-3.572321e+01,1.474345e+02,40,Ar,0.000000,0.000000,0.000000,OU
2025-11-15T01:06:22,1763168782.777373,816440350.301373,3928.309551,63116,24808,csn,4.556398e+02,2.243913e+01,-1.543605e+02,4.753348e+01,1.250259e+02,44,CO2,-999.000000,-999.000000,-999.000000,IV
2025-11-15T01:06:24,1763168784.777367,816440352.301367,3930.309551,63116,24808,csn,4.541850e+02,2.244304e+01,-1.543047e+02,4.742949e+01,1.251360e+02,44,CO2,-999.000000,-999.000000,-999.000000,IV
2025-11-15T01:06:26,1763168786.777363,816440354.301363,3932.309551,63116,24808,csn,4.527335e+02,2.244742e+01,-1.542492e+02,4.732538e+01,1.252487e+02,44,CO2,-999.000000,-999.000000,-999.000000,IV
2025-11-15T01:06:28,1763168788.777359,816440356.301359,3934.309551,63116,24808,csn,4.512852e+02,2.245183e+01,-1.541938e+02,4.722116e+01,1.253616e+02,44,CO2,-999.000000,-999.000000,-999.000000,IV
2025-11-15T01:06:30,1763168790.777355,816440358.301355,3936.309551,63116,24808,csn,4.498403e+02,2.245597e+01,-1.541386e+02,4.711682e+01,1.254734e+02,44,CO2,-999.000000,-999.000000,-999.000000,IV
2025-11-15T01:06:32,1763168792.777351,816440360.301351,3938.309551,63116,24808,csn,4.483986e+02,2.246022e+01,-1.540836e+02,4.701237e+01,1.255859e+02,44,CO2,-999.000000,-999.000000,-999.000000,IV
2025-11-15T01:06:34,1763168794.777347,816440362.301347,3940.309551,63116,24808,csn,4.469602e+02,2.246445e+01,-1.540288e+02,4.690779e+01,1.256984e+02,44,CO2,-999.000000,-999.000000,-999.000000,IV
2025-11-15T01:06:36,1763168796.777343,816440364.301343,3942.309551,63116,24808,csn,4.455252e+02,2.246858e+01,-1.539743e+02,4.680311e+01,1.258106e+02,44,CO2,-999.000000,-999.000000,-999.000000,IV
2025-11-15T01:06:38,1763168798.777339,816440366.301339,3944.309551,63116,24808,csn,4.440934e+02,2.247279e+01,-1.539199e+02,4.669831e+01,1.259233e+02,44,CO2,-999.000000,-999.000000,-999.000000,IV
2025-11-15T01:06:40,1763168800.777334,816440368.301334,3946.309551,63116,24808,csn,4.426650e+02,2.247673e+01,-1.538657e+02,4.659339e+01,1.260348e+02,44,CO2,-999.000000,-999.000000,-999.000000,IV
2025-11-15T01:06:42,1763168802.777330,816440370.301330,3948.309551,63116,24808,csn,4.412399e+02,2.248086e+01,-1.538117e+02,4.648836e+01,1.261474e+02,44,CO2,-999.000000,-999.000000,-999.000000,IV
2025-11-15T01:06:44,1763168804.777326,816440372.301326,3950.309551,63116,24808,csn,4.398181e+02,2.248507e+01,-1.537579e+02,4.638322e+01,1.262606e+02,44,CO2,-999.000000,-999.000000,-999.000000,IV
2025-11-15T01:06:46,1763168806.777322,816440374.301322,3952.309551,63116,24808,csn,4.383997e+02,2.248932e+01,-1.537043e+02,4.627796e+01,1.263741e+02,44,CO2,-999.000000,-999.000000,-999.000000,IV
2025-11-15T01:06:48,1763168808.777318,816440376.301318,3954.309551,63116,24808,csn,4.369846e+02,2.249336e+01,-1.536508e+02,4.617258e+01,1.264867e+02,44,CO2,-999.000000,-999.000000,-999.000000,IV
2025-11-15T01:06:50,1763168810.777314,816440378.301314,3956.309551,63116,24808,csn,4.355729e+02,2.249730e+01,-1.535976e+02,4.606710e+01,1.265989e+02,44,CO2,-999.000000,-999.000000,-999.000000,IV
2025-11-15T01:06:52,1763168812.777309,816440380.301309,3958.309551,63116,24808,csn,4.341646e+02,2.250158e+01,-1.535446e+02,4.596150e+01,1.267130e+02,44,CO2,-999.000000,-999.000000,-999.000000,IV
2025-11-15T01:06:54,1763168814.777305,816440382.301305,3960.309551,63116,24808,csn,4.327597e+02,2.250560e+01,-1.534917e+02,4.585578e+01,1.268260e+02,44,CO2,-999.000000,-999.000000,-999.000000,IV
2025-11-15T01:06:56,1763168816.777301,816440384.301301,3962.309551,63116,24808,csn,4.313581e+02,2.250965e+01,-1.534390e+02,4.574996e+01,1.269392e+02,44,CO2,-999.000000,-999.000000,-999.000000,IV
2025-11-15T01:06:58,1763168818.777297,816440386.301297,3964.309551,63116,24808,csn,4.299600e+02,2.251360e+01,-1.533865e+02,4.564402e+01,1.270521e+02,44,CO2,-999.000000,-999.000000,-999.000000,IV
2025-11-15T01:07:00,1763168820.777293,816440388.301293,3966.309551,63116,24808,csn,4.285653e+02,2.251760e+01,-1.533342e+02,4.553797e+01,1.271654e+02,44,CO2,-999.000000,-999.000000,-999.000000,IV
2025-11-15T01:07:02,1763168822.777288,816440390.301288,3968.309551,63116,24808,csn,4.271739e+02,2.252158e+01,-1.532821e+02,4.543181e+01,1.272787e+02,44,CO2,-999.000000,-999.000000,-999.000000,IV
2025-11-15T01:07:04,1763168824.777285,816440392.301285,3970.309551,63116,24808,csn,4.257860e+02,2.252578e+01,-1.532302e+02,4.532553e+01,1.273933e+02,44,CO2,-999.000000,-999.000000,-999.000000,IV
2025-11-15T01:07:06,1763168826.777281,816440394.301281,3972.309551,63116,24808,csn,4.244015e+02,2.252954e+01,-1.531784e+02,4.521915e+01,1.275058e+02,44,CO2,-999.000000,-999.000000,-999.000000,IV
2025-11-15T01:07:08,1763168828.777276,816440396.301276,3974.309551,63116,24808,csn,4.230205e+02,2.253363e+01,-1.531268e+02,4.511265e+01,1.276201e+02,44,CO2,-999.000000,-999.000000,-999.000000,IV
2025-11-15T01:07:10,1763168830.777272,816440398.301272,3976.309551,63116,24808,csn,4.216429e+02,2.253762e+01,-1.530754e+02,4.500604e+01,1.277341e+02,44,CO2,-999.000000,-999.000000,-999.000000,IV
2025-11-15T01:07:12,1763168832.777268,816440400.301268,3978.309551,63116,24808,csn,4.202688e+02,2.254154e+01,-1.530242e+02,4.489933e+01,1.278478e+02,44,CO2,-999.000000,-999.000000,-999.000000,IV
2025-11-15T01:07:14,1763168834.777263,816440402.301264,3980.309551,63116,24808,csn,4.188982e+02,2.254562e+01,-1.529732e+02,4.479250e+01,1.279625e+02,44,CO2,-999.000000,-999.000000,-999.000000,IV
2025-11-15T01:07:16,1763168836.777259,816440404.301259,3982.309551,63116,24808,csn,4.175310e+02,2.254944e+01,-1.529223e+02,4.468556e+01,1.280760e+02,44,CO2,-999.000000,-999.000000,-999.000000,IV
2025-11-15T01:07:18,1763168838.777255,816440406.301255,3984.309551,63116,24808,csn,4.161673e+02,2.255328e+01,-1.528716e+02,4.457851e+01,1.281897e+02,44,CO2,-999.000000,-999.000000,-999.000000,IV
2025-11-15T01:07:20,1763168840.777251,816440408.301251,3986.309551,63116,24808,csn,4.148071e+02,2.255736e+01,-1.528211e+02,4.447135e+01,1.283049e+02,44,CO2,-999.000000,-999.000000,-999.000000,IV
2025-11-15T01:07:22,1763168842.777247,816440410.301247,3988.309551,63116,24808,csn,4.134504e+02,2.256118e+01,-1.527707e+02,4.436408e+01,1.284188e+02,44,CO2,-999.000000,-999.000000,-999.000000,IV
2025-11-15T01:07:24,1763168844.777243,816440412.301243,3990.309551,63116,24808,csn,4.120972e+02,2.256496e+01,-1.527205e+02,4.425671e+01,1.285327e+02,44,CO2,-999.000000,-999.000000,-999.000000,IV
2025-11-15T01:07:26,1763168846.777239,816440414.301239,3992.309551,63116,24808,csn,4.107475e+02,2.256905e+01,-1.526705e+02,4.414922e+01,1.286483e+02,44,CO2,-999.000000,-999.000000,-999.000000,IV
2025-11-15T01:07:28,1763168848.777235,816440416.301235,3994.309551,63116,24808,csn,4.094013e+02,2.257283e+01,-1.526207e+02,4.404163e+01,1.287624e+02,44,CO2,-999.000000,-999.000000,-999.000000,IV
2025-11-15T01:07:30,1763168850.777231,816440418.301230,3996.309551,63116,24808,csn,4.080587e+02,2.257668e+01,-1.525710e+02,4.393392e+01,1.288771e+02,44,CO2,-999.000000,-999.000000,-999.000000,IV
2025-11-15T01:07:32,1763168852.777226,816440420.301226,3998.309551,63116,24808,csn,4.067196e+02,2.258049e+01,-1.525215e+02,4.382611e+01,1.289916e+02,44,CO2,-999.000000,-999.000000,-999.000000,IV
2025-11-15T01:07:34,1763168854.777222,816440422.301222,4000.309551,63116,24808,csn,4.053841e+02,2.258429e+01,-1.524722e+02,4.371819e+01,1.291063e+02,44,CO2,-999.000000,-999.000000,-999.000000,IV
2025-11-15T01:07:36,1763168856.777218,816440424.301218,4002.309551,63116,24808,csn,4.040521e+02,2.258807e+01,-1.524230e+02,4.361017e+01,1.292210e+02,44,CO2,-999.000000,-999.000000,-999.000000,IV
2025-11-15T01:07:38,1763168858.777214,816440426.301214,4004.309551,63116,24808,csn,4.027237e+02,2.259189e+01,-1.523740e+02,4.350204e+01,1.293361e+02,44,CO2,-999.000000,-999.000000,-999.000000,IV
2025-11-15T01:07:40,1763168860.777210,816440428.301210,4006.309551,63116,24808,csn,4.013988e+02,2.259568e+01,-1.523251e+02,4.339379e+01,1.294511e+02,44,CO2,-999.000000,-999.000000,-999.000000,IV
2025-11-15T01:07:42,1763168862.777205,816440430.301205,4008.309551,63116,24808,csn,4.000776e+02,2.259953e+01,-1.522764e+02,4.328545e+01,1.295665e+02,44,CO2,-999.000000,-999.000000,-999.000000,IV
2025-11-15T01:07:44,1763168864.777201,816440432.301201,4010.309551,63116,24808,csn,3.987599e+02,2.260335e+01,-1.522279e+02,4.317699e+01,1.296820e+02,44,CO2,-999.000000,-999.000000,-999.000000,IV
2025-11-15T01:07:46,1763168866.777197,816440434.301197,4012.309551,63116,24808,csn,3.974458e+02,2.260713e+01,-1.521795e+02,4.306843e+01,1.297974e+02,44,CO2,-999.000000,-999.000000,-999.000000,IV
2025-11-15T01:07:48,1763168868.777193,816440436.301193,4014.309551,63116,24808,csn,3.961354e+02,2.261095e+01,-1.521313e+02,4.295977e+01,1.299131e+02,44,CO2,-999.000000,-999.000000,-999.000000,IV
2025-11-15T01:07:50,1763168870.777188,816440438.301188,4016.309551,63116,24808,csn,3.948286e+02,2.261450e+01,-1.520833e+02,4.285100e+01,1.300276e+02,44,CO2,-999.000000,-999.000000,-999.000000,IV
2025-11-15T01:07:52,1763168872.777184,816440440.301184,4018.309551,63116,24808,csn,3.935253e+02,2.261826e+01,-1.520354e+02,4.274212e+01,1.301433e+02,44,CO2,-999.000000,-999.000000,-999.000000,IV
2025-11-15T01:07:54,1763168874.777180,816440442.301180,4020.309551,63116,24808,csn,3.922258e+02,2.262213e+01,-1.519877e+02,4.263314e+01,1.302596e+02,44,CO2,-999.000000,-999.000000,-999.000000,IV
2025-11-15T01:07:56,1763168876.777176,816440444.301176,4022.309551,63116,24808,csn,3.909298e+02,2.262565e+01,-1.519401e+02,4.252405e+01,1.303743e+02,44,CO2,-999.000000,-999.000000,-999.000000,IV
2025-11-15T01:07:58,1763168878.777172,816440446.301172,4024.309551,63116,24808,csn,3.896375e+02,2.262943e+01,-1.518927e+02,4.241486e+01,1.304905e+02,44,CO2,-999.000000,-999.000000,-999.000000,IV
2025-11-15T01:08:00,1763168880.777168,816440448.301168,4026.309551,63116,24808,csn,3.883489e+02,2.263324e+01,-1.518454e+02,4.230556e+01,1.306070e+02,44,CO2,-999.000000,-999.000000,-999.000000,IV
2025-11-15T01:08:02,1763168882.777164,816440450.301164,4028.309551,63116,24808,csn,3.870640e+02,2.263673e+01,-1.517983e+02,4.219616e+01,1.307220e+02,44,CO2,-999.000000,-999.000000,-999.000000,IV
2025-11-15T01:08:04,1763168884.777160,816440452.301160,4030.309551,63116,24808,csn,3.857827e+02,2.264058e+01,-1.517514e+02,4.208666e+01,1.308389e+02,44,CO2,-999.000000,-999.000000,-999.000000,IV
2025-11-15T01:08:06,1763168886.777156,816440454.301156,4032.309551,63116,24808,csn,3.845050e+02,2.264412e+01,-1.517046e+02,4.197705e+01,1.309544e+02,44,CO2,-999.000000,-999.000000,-999.000000,IV
2025-11-15T01:08:08,1763168888.777151,816440456.301151,4034.309551,63116,24808,csn,3.832311e+02,2.264788e+01,-1.516579e+02,4.186734e+01,1.310711e+02,44,CO2,-999.000000,-999.000000,-999.000000,IV
2025-11-15T01:08:10,1763168890.777147,816440458.301147,4036.309551,63116,24808,csn,3.819609e+02,2.265145e+01,-1.516114e+02,4.175753e+01,1.311870e+02,44,CO2,-999.000000,-999.000000,-999.000000,IV
2025-11-15T01:08:12,1763168892.777143,816440460.301142,4038.309551,63116,24808,csn,3.806944e+02,2.265495e+01,-1.515650e+02,4.164761e+01,1.313027e+02,44,CO2,-999.000000,-999.000000,-999.000000,IV
2025-11-15T01:08:14,1763168894.777139,816440462.301139,4040.309551,63116,24808,csn,3.794316e+02,2.265870e+01,-1.515188e+02,4.153759e+01,1.314198e+02,44,CO2,-999.000000,-999.000000,-999.000000,IV
2025-11-15T01:08:16,1763168896.777134,816440464.301135,4042.309551,63116,24808,csn,3.781725e+02,2.266233e+01,-1.514728e+02,4.142747e+01,1.315363e+02,44,CO2,-999.000000,-999.000000,-999.000000,IV
2025-11-15T01:08:18,1763168898.777130,816440466.301130,4044.309551,63116,24808,csn,3.769172e+02,2.266584e+01,-1.514269e+02,4.131725e+01,1.316524e+02,44,CO2,-999.000000,-999.000000,-999.000000,IV
2025-11-15T01:08:20,1763168900.777126,816440468.301126,4046.309551,63116,24808,csn,3.756656e+02,2.266957e+01,-1.513811e+02,4.120692e+01,1.317698e+02,44,CO2,-999.000000,-999.000000,-999.000000,IV
2025-11-15T01:08:22,1763168902.777122,816440470.301122,4048.309551,63116,24808,csn,3.744178e+02,2.267318e+01,-1.513355e+02,4.109649e+01,1.318867e+02,44,CO2,-999.000000,-999.000000,-999.000000,IV
2025-11-15T01:08:24,1763168904.777118,816440472.301118,4050.309551,63116,24808,csn,3.731737e+02,2.267664e+01,-1.512900e+02,4.098597e+01,1.320029e+02,44,CO2,-999.000000,-999.000000,-999.000000,IV
2025-11-15T01:08:26,1763168906.777114,816440474.301114,4052.309551,63116,24808,csn,3.719334e+02,2.268024e+01,-1.512447e+02,4.087534e+01,1.321199e+02,44,CO2,-999.000000,-999.000000,-999.000000,IV
2025-11-15T01:08:28,1763168908.777110,816440476.301110,4054.309551,63116,24808,csn,3.706968e+02,2.268381e+01,-1.511995e+02,4.076461e+01,1.322369e+02,44,CO2,-999.000000,-999.000000,-999.000000,IV
2025-11-15T01:08:30,1763168910.777106,816440478.301105,4056.309551,63116,24808,csn,3.694640e+02,2.268723e+01,-1.511544e+02,4.065378e+01,1.323533e+02,44,CO2,-999.000000,-999.000000,-999.000000,IV
2025-11-15T01:08:32,1763168912.777102,816440480.301102,4058.309551,63116,24808,csn,3.682351e+02,2.269086e+01,-1.511095e+02,4.054285e+01,1.324710e+02,44,CO2,-999.000000,-999.000000,-999.000000,IV
2025-11-15T01:08:34,1763168914.777097,816440482.301097,4060.309551,63116,24808,csn,3.670099e+02,2.269433e+01,-1.510647e+02,4.043182e+01,1.325879e+02,44,CO2,-999.000000,-999.000000,-999.000000,IV
2025-11-15T01:08:36,1763168916.777093,816440484.301093,4062.309551,63116,24808,csn,3.657885e+02,2.269787e+01,-1.510201e+02,4.032069e+01,1.327053e+02,44,CO2,-999.000000,-999.000000,-999.000000,IV
2025-11-15T01:08:38,1763168918.777089,816440486.301089,4064.309551,63116,24808,csn,3.645709e+02,2.270151e+01,-1.509756e+02,4.020946e+01,1.328232e+02,44,CO2,-999.000000,-999.000000,-999.000000,IV
2025-11-15T01:08:40,1763168920.777085,816440488.301084,4066.309551,63116,24808,csn,3.633572e+02,2.270493e+01,-1.509312e+02,4.009813e+01,1.329403e+02,44,CO2,-999.000000,-999.000000,-999.000000,IV
2025-11-15T01:08:42,1763168922.777080,816440490.301080,4068.309551,63116,24808,csn,3.621473e+02,2.270837e+01,-1.508870e+02,3.998671e+01,1.330575e+02,44,CO2,-999.000000,-999.000000,-999.000000,IV
2025-11-15T01:08:44,1763168924.777076,816440492.301076,4070.309551,63116,24808,csn,3.609412e+02,2.271177e+01,-1.508429e+02,3.987518e+01,1.331747e+02,44,CO2,-999.000000,-999.000000,-999.000000,IV
2025-11-15T01:08:46,1763168926.777072,816440494.301072,4072.309551,63116,24808,csn,3.597390e+02,2.271549e+01,-1.507990e+02,3.976356e+01,1.332936e+02,44,CO2,-999.000000,-999.000000,-999.000000,IV
2025-11-15T01:08:48,1763168928.777068,816440496.301068,4074.309551,63116,24808,csn,3.585406e+02,2.271889e+01,-1.507552e+02,3.965184e+01,1.334110e+02,44,CO2,-999.000000,-999.000000,-999.000000,IV
2025-11-15T01:08:50,1763168930.777064,816440498.301064,4076.309551,63116,24808,csn,3.573461e+02,2.272233e+01,-1.507115e+02,3.954002e+01,1.335287e+02,44,CO2,-999.000000,-999.000000,-999.000000,IV
2025-11-15T01:08:52,1763168932.777060,816440500.301060,4078.309551,63116,24808,csn,3.561555e+02,2.272577e+01,-1.506679e+02,3.942810e+01,1.336465e+02,44,CO2,-999.000000,-999.000000,-999.000000,IV
2025-11-15T01:08:54,1763168934.777056,816440502.301056,4080.309551,63116,24808,csn,3.549687e+02,2.272921e+01,-1.506245e+02,3.931609e+01,1.337645e+02,44,CO2,-999.000000,-999.000000,-999.000000,IV
2025-11-15T01:08:56,1763168936.777052,816440504.301052,4082.309551,63116,24808,csn,3.537858e+02,2.273264e+01,-1.505812e+02,3.920398e+01,1.338825e+02,44,CO2,-999.000000,-999.000000,-999.000000,IV
2025-11-15T01:08:58,1763168938.777047,816440506.301047,4084.309551,63116,24808,csn,3.526069e+02,2.273602e+01,-1.505381e+02,3.909177e+01,1.340004e+02,44,CO2,-999.000000,-999.000000,-999.000000,IV
2025-11-15T01:09:00,1763168940.777043,816440508.301043,4086.309551,63116,24808,csn,3.514318e+02,2.273947e+01,-1.504951e+02,3.897947e+01,1.341188e+02,44,CO2,-999.000000,-999.000000,-999.000000,IV
2025-11-15T01:09:02,1763168942.777038,816440510.301039,4088.309551,63116,24808,csn,3.502606e+02,2.274289e+01,-1.504522e+02,3.886707e+01,1.342371e+02,44,CO2,-999.000000,-999.000000,-999.000000,IV
2025-11-15T01:09:04,1763168944.777034,816440512.301034,4090.309551,63116,24808,csn,3.490934e+02,2.274616e+01,-1.504094e+02,3.875458e+01,1.343547e+02,44,CO2,-999.000000,-999.000000,-999.000000,IV
2025-11-15T01:09:06,1763168946.777030,816440514.301030,4092.309551,63116,24808,csn,3.479301e+02,2.274948e+01,-1.503668e+02,3.864199e+01,1.344728e+02,44,CO2,-999.000000,-999.000000,-999.000000,IV
2025-11-15T01:09:08,1763168948.777026,816440516.301026,4094.309551,63116,24808,csn,3.467707e+02,2.275290e+01,-1.503243e+02,3.852930e+01,1.345915e+02,44,CO2,-999.000000,-999.000000,-999.000000,IV
2025-11-15T01:09:10,1763168950.777022,816440518.301022,4096.309551,63116,24808,csn,3.456152e+02,2.275630e+01,-1.502819e+02,3.841652e+01,1.347102e+02,44,CO2,-999.000000,-999.000000,-999.000000,IV
2025-11-15T01:09:12,1763168952.777018,816440520.301018,4098.309551,63116,24808,csn,3.444637e+02,2.275974e+01,-1.502396e+02,3.830365e+01,1.348292e+02,44,CO2,-999.000000,-999.000000,-999.000000,IV
2025-11-15T01:09:14,1763168954.777014,816440522.301014,4100.309551,63116,24808,csn,3.433162e+02,2.276281e+01,-1.501975e+02,3.819068e+01,1.349464e+02,44,CO2,-999.000000,-999.000000,-999.000000,IV
2025-11-15T01:09:16,1763168956.777009,816440524.301009,4102.309551,63116,24808,csn,3.421726e+02,2.276673e+01,-1.501555e+02,3.807762e+01,1.350682e+02,44,CO2,-999.000000,-999.000000,-999.000000,IV
2025-11-15T01:09:18,1763168958.777006,816440526.301009,4104.309551,63116,24808,csn,3.410331e+02,2.276841e+01,-1.501136e+02,3.796447e+01,1.351783e+02,44,CO2,-999.000000,-999.000000,-999.000000,IV
2025-11-15T01:09:20,1763168960.777001,816440528.301002,4106.309551,63116,24808,csn,3.398975e+02,2.277261e+01,-1.500718e+02,3.785121e+01,1.353017e+02,44,CO2,-999.000000,-999.000000,-999.000000,IV
2025-11-15T01:09:22,1763168962.776997,816440530.300996,4108.309551,63116,24808,csn,3.387658e+02,2.277654e+01,-1.500302e+02,3.773787e+01,1.354240e+02,44,CO2,-999.000000,-999.000000,-999.000000,IV
2025-11-15T01:09:24,1763168964.776993,816440532.300993,4110.309551,63116,24808,csn,3.376382e+02,2.277966e+01,-1.499886e+02,3.762443e+01,1.355420e+02,44,CO2,-999.000000,-999.000000,-999.000000,IV
2025-11-15T01:09:26,1763168966.776989,816440534.300989,4112.309551,63116,24808,csn,3.365146e+02,2.278302e+01,-1.499472e+02,3.751090e+01,1.356614e+02,44,CO2,-999.000000,-999.000000,-999.000000,IV
2025-11-15T01:09:28,1763168968.776985,816440536.300985,4114.309551,63116,24808,csn,3.353950e+02,2.278626e+01,-1.499059e+02,3.739728e+01,1.357803e+02,44,CO2,-999.000000,-999.000000,-999.000000,IV
2025-11-15T01:09:30,1763168970.776981,816440538.300981,4116.309551,63116,24808,csn,3.342794e+02,2.278939e+01,-1.498648e+02,3.728357e+01,1.358987e+02,44,CO2,-999.000000,-999.000000,-999.000000,IV
2025-11-15T01:09:32,1763168972.776977,816440540.300977,4118.309551,63116,24808,csn,3.331678e+02,2.279289e+01,-1.498237e+02,3.716977e+01,1.360192e+02,44,CO2,-999.000000,-999.000000,-999.000000,IV
2025-11-15T01:09:34,1763168974.776973,816440542.300973,4120.309551,63116,24808,csn,3.320603e+02,2.279607e+01,-1.497828e+02,3.705587e+01,1.361381e+02,44,CO2,-999.000000,-999.000000,-999.000000,IV
2025-11-15T01:09:36,1763168976.776968,816440544.300968,4122.309551,63116,24808,csn,3.309569e+02,2.279936e+01,-1.497420e+02,3.694188e+01,1.362577e+02,44,CO2,-999.000000,-999.000000,-999.000000,IV
2025-11-15T01:09:38,1763168978.776963,816440546.300963,4124.309551,63116,24808,csn,3.298574e+02,2.280256e+01,-1.497013e+02,3.682780e+01,1.363769e+02,44,CO2,-999.000000,-999.000000,-999.000000,IV
2025-11-15T01:09:40,1763168980.776959,816440548.300959,4126.309551,63116,24808,csn,3.287621e+02,2.280574e+01,-1.496607e+02,3.671363e+01,1.364962e+02,44,CO2,-999.000000,-999.000000,-999.000000,IV
2025-11-15T01:09:42,1763168982.776955,816440550.300955,4128.309551,63116,24808,csn,3.276708e+02,2.280909e+01,-1.496203e+02,3.659938e+01,1.366164e+02,44,CO2,-999.000000,-999.000000,-999.000000,IV
2025-11-15T01:09:44,1763168984.776951,816440552.300951,4130.309551,63116,24808,csn,3.265836e+02,2.281232e+01,-1.495799e+02,3.648503e+01,1.367361e+02,44,CO2,-999.000000,-999.000000,-999.000000,IV
2025-11-15T01:09:46,1763168986.776947,816440554.300947,4132.309551,63116,24808,csn,3.255005e+02,2.281548e+01,-1.495397e+02,3.637059e+01,1.368555e+02,44,CO2,-999.000000,-999.000000,-999.000000,IV
2025-11-15T01:09:48,1763168988.776943,816440556.300943,4134.309551,63116,24808,csn,3.244214e+02,2.281876e+01,-1.494995e+02,3.625606e+01,1.369757e+02,44,CO2,-999.000000,-999.000000,-999.000000,IV
2025-11-15T01:09:50,1763168990.776939,816440558.300939,4136.309551,63116,24808,csn,3.233465e+02,2.282202e+01,-1.494595e+02,3.614144e+01,1.370960e+02,44,CO2,-999.000000,-999.000000,-999.000000,IV
2025-11-15T01:09:52,1763168992.776935,816440560.300935,4138.309551,63116,24808,csn,3.222756e+02,2.282515e+01,-1.494196e+02,3.602674e+01,1.372156e+02,44,CO2,-999.000000,-999.000000,-999.000000,IV
2025-11-15T01:09:54,1763168994.776931,816440562.300931,4140.309551,63116,24808,csn,3.212089e+02,2.282834e+01,-1.493798e+02,3.591194e+01,1.373356e+02,44,CO2,-999.000000,-999.000000,-999.000000,IV
2025-11-15T01:09:56,1763168996.776926,816440564.300926,4142.309551,63116,24808,csn,3.201463e+02,2.283152e+01,-1.493402e+02,3.579706e+01,1.374557e+02,44,CO2,-999.000000,-999.000000,-999.000000,IV
2025-11-15T01:09:58,1763168998.776922,816440566.300922,4144.309551,63116,24808,csn,3.190879e+02,2.283464e+01,-1.493006e+02,3.568209e+01,1.375756e+02,44,CO2,-999.000000,-999.000000,-999.000000,IV
2025-11-15T01:10:00,1763169000.776918,816440568.300918,4146.309551,63116,24808,csn,3.180335e+02,2.283791e+01,-1.492611e+02,3.556703e+01,1.376964e+02,44,CO2,-999.000000,-999.000000,-999.000000,IV
2025-11-15T01:10:02,1763169002.776914,816440570.300914,4148.309551,63116,24808,csn,3.169833e+02,2.284092e+01,-1.492218e+02,3.545188e+01,1.378159e+02,44,CO2,-999.000000,-999.000000,-999.000000,IV
2025-11-15T01:10:04,1763169004.776910,816440572.300910,4150.309551,63116,24808,csn,3.159373e+02,2.284428e+01,-1.491825e+02,3.533665e+01,1.379374e+02,44,CO2,-999.000000,-999.000000,-999.000000,IV
2025-11-15T01:10:06,1763169006.776905,816440574.300905,4152.309551,63116,24808,csn,3.148954e+02,2.284732e+01,-1.491434e+02,3.522133e+01,1.380573e+02,44,CO2,-999.000000,-999.000000,-999.000000,IV
2025-11-15T01:10:08,1763169008.776901,816440576.300902,4154.309551,63116,24808,csn,3.138577e+02,2.285037e+01,-1.491044e+02,3.510592e+01,1.381773e+02,44,CO2,-999.000000,-999.000000,-999.000000,IV
2025-11-15T01:10:10,1763169010.776897,816440578.300897,4156.309551,63116,24808,csn,3.128242e+02,2.285369e+01,-1.490655e+02,3.499043e+01,1.382989e+02,44,CO2,-999.000000,-999.000000,-999.000000,IV
2025-11-15T01:10:12,1763169012.776893,816440580.300893,4158.309551,63116,24808,csn,3.117948e+02,2.285669e+01,-1.490266e+02,3.487485e+01,1.384189e+02,44,CO2,-999.000000,-999.000000,-999.000000,IV
2025-11-15T01:10:14,1763169014.776889,816440582.300889,4160.309551,63116,24808,csn,3.107697e+02,2.285972e+01,-1.489879e+02,3.475919e+01,1.385391e+02,44,CO2,-999.000000,-999.000000,-999.000000,IV
2025-11-15T01:10:16,1763169016.776885,816440584.300885,4162.309551,63116,24808,csn,3.097487e+02,2.286298e+01,-1.489493e+02,3.464344e+01,1.386606e+02,44,CO2,-999.000000,-999.000000,-999.000000,IV
2025-11-15T01:10:18,1763169018.776881,816440586.300880,4164.309551,63116,24808,csn,3.087319e+02,2.286617e+01,-1.489108e+02,3.452760e+01,1.387819e+02,44,CO2,-999.000000,-999.000000,-999.000000,IV
2025-11-15T01:10:20,1763169020.776877,816440588.300877,4166.309551,63116,24808,csn,3.077194e+02,2.286920e+01,-1.488724e+02,3.441168e+01,1.389025e+02,44,CO2,-999.000000,-999.000000,-999.000000,IV
2025-11-15T01:10:22,1763169022.776873,816440590.300873,4168.309551,63116,24808,csn,3.067110e+02,2.287222e+01,-1.488341e+02,3.429568e+01,1.390230e+02,44,CO2,-999.000000,-999.000000,-999.000000,IV
2025-11-15T01:10:24,1763169024.776868,816440592.300868,4170.309551,63116,24808,csn,3.057069e+02,2.287528e+01,-1.487959e+02,3.417959e+01,1.391439e+02,44,CO2,-999.000000,-999.000000,-999.000000,IV
2025-11-15T01:10:26,1763169026.776865,816440594.300864,4172.309551,63116,24808,csn,3.047071e+02,2.287828e+01,-1.487578e+02,3.406342e+01,1.392646e+02,44,CO2,-999.000000,-999.000000,-999.000000,IV
2025-11-15T01:10:28,1763169028.776860,816440596.300859,4174.309551,63116,24808,csn,3.037114e+02,2.288161e+01,-1.487198e+02,3.394717e+01,1.393872e+02,44,CO2,-999.000000,-999.000000,-999.000000,IV
2025-11-15T01:10:30,1763169030.776855,816440598.300856,4176.309551,63116,24808,csn,3.027200e+02,2.288471e+01,-1.486819e+02,3.383083e+01,1.395086e+02,44,CO2,-999.000000,-999.000000,-999.000000,IV
2025-11-15T01:10:32,1763169032.776851,816440600.300851,4178.309551,63116,24808,csn,3.017329e+02,2.288777e+01,-1.486441e+02,3.371441e+01,1.396299e+02,44,CO2,-999.000000,-999.000000,-999.000000,IV
2025-11-15T01:10:34,1763169034.776847,816440602.300847,4180.309551,63116,24808,csn,3.007500e+02,2.289076e+01,-1.486065e+02,3.359791e+01,1.397509e+02,44,CO2,-999.000000,-999.000000,-999.000000,IV
2025-11-15T01:10:36,1763169036.776843,816440604.300843,4182.309551,63116,24808,csn,2.997715e+02,2.289384e+01,-1.485689e+02,3.348132e+01,1.398725e+02,44,CO2,-999.000000,-999.000000,-999.000000,IV
2025-11-15T01:10:38,1763169038.776839,816440606.300839,4184.309551,63116,24808,csn,2.987971e+02,2.289689e+01,-1.485314e+02,3.336465e+01,1.399940e+02,44,CO2,-999.000000,-999.000000,-999.000000,IV
2025-11-15T01:10:40,1763169040.776835,816440608.300835,4186.309551,63116,24808,csn,2.978271e+02,2.289992e+01,-1.484940e+02,3.324790e+01,1.401155e+02,44,CO2,-999.000000,-999.000000,-999.000000,IV
2025-11-15T01:10:42,1763169042.776831,816440610.300831,4188.309551,63116,24808,csn,2.968614e+02,2.290301e+01,-1.484566e+02,3.313107e+01,1.402375e+02,44,CO2,-999.000000,-999.000000,-999.000000,IV
2025-11-15T01:10:44,1763169044.776827,816440612.300827,4190.309551,63116,24808,csn,2.958999e+02,2.290584e+01,-1.484194e+02,3.301416e+01,1.403581e+02,44,CO2,-999.000000,-999.000000,-999.000000,IV
2025-11-15T01:10:46,1763169046.776823,816440614.300822,4192.309551,63116,24808,csn,2.949428e+02,2.290876e+01,-1.483823e+02,3.289717e+01,1.404793e+02,44,CO2,-999.000000,-999.000000,-999.000000,IV
2025-11-15T01:10:48,1763169048.776818,816440616.300818,4194.309551,63116,24808,csn,2.939899e+02,2.291183e+01,-1.483453e+02,3.278010e+01,1.406014e+02,44,CO2,-999.000000,-999.000000,-999.000000,IV
2025-11-15T01:10:50,1763169050.776814,816440618.300814,4196.309551,63116,24808,csn,2.930415e+02,2.291490e+01,-1.483084e+02,3.266295e+01,1.407236e+02,44,CO2,-999.000000,-999.000000,-999.000000,IV
2025-11-15T01:10:52,1763169052.776810,816440620.300810,4198.309551,63116,24808,csn,2.920973e+02,2.291793e+01,-1.482716e+02,3.254571e+01,1.408457e+02,44,CO2,-999.000000,-999.000000,-999.000000,IV
2025-11-15T01:10:54,1763169054.776806,816440622.300806,4200.309551,63116,24808,csn,2.911574e+02,2.292101e+01,-1.482348e+02,3.242840e+01,1.409681e+02,44,CO2,-999.000000,-999.000000,-999.000000,IV
2025-11-15T01:10:56,1763169056.776801,816440624.300801,4202.309551,63116,24808,csn,2.902219e+02,2.292379e+01,-1.481982e+02,3.231101e+01,1.410890e+02,44,CO2,-999.000000,-999.000000,-999.000000,IV
2025-11-15T01:10:58,1763169058.776797,816440626.300797,4204.309551,63116,24808,csn,2.892908e+02,2.292678e+01,-1.481616e+02,3.219354e+01,1.412112e+02,44,CO2,-999.000000,-999.000000,-999.000000,IV
2025-11-15T01:11:00,1763169060.776793,816440628.300793,4206.309551,63116,24808,csn,2.883640e+02,2.292982e+01,-1.481252e+02,3.207600e+01,1.413337e+02,44,CO2,-999.000000,-999.000000,-999.000000,IV
2025-11-15T01:11:02,1763169062.776789,816440630.300789,4208.309551,63116,24808,csn,2.874415e+02,2.293289e+01,-1.480888e+02,3.195837e+01,1.414565e+02,44,CO2,-999.000000,-999.000000,-999.000000,IV
2025-11-15T01:11:04,1763169064.776784,816440632.300784,4210.309551,63116,24808,csn,2.865235e+02,2.293563e+01,-1.480525e+02,3.184067e+01,1.415775e+02,44,CO2,-999.000000,-999.000000,-999.000000,IV
2025-11-15T01:11:06,1763169066.776780,816440634.300780,4212.309551,63116,24808,csn,2.856098e+02,2.293871e+01,-1.480163e+02,3.172288e+01,1.417005e+02,44,CO2,-999.000000,-999.000000,-999.000000,IV
2025-11-15T01:11:08,1763169068.776777,816440636.300776,4214.309551,63116,24808,csn,2.847005e+02,2.294177e+01,-1.479802e+02,3.160503e+01,1.418235e+02,44,CO2,-999.000000,-999.000000,-999.000000,IV
2025-11-15T01:11:10,1763169070.776772,816440638.300772,4216.309551,63116,24808,csn,2.837956e+02,2.294460e+01,-1.479442e+02,3.148709e+01,1.419453e+02,44,CO2,-999.000000,-999.000000,-999.000000,IV
2025-11-15T01:11:12,1763169072.776768,816440640.300768,4218.309551,63116,24808,csn,2.828950e+02,2.294753e+01,-1.479083e+02,3.136908e+01,1.420678e+02,44,CO2,-999.000000,-999.000000,-999.000000,IV
2025-11-15T01:11:14,1763169074.776764,816440642.300764,4220.309551,63116,24808,csn,2.819989e+02,2.295053e+01,-1.478725e+02,3.125099e+01,1.421906e+02,44,CO2,-999.000000,-999.000000,-999.000000,IV
2025-11-15T01:11:16,1763169076.776760,816440644.300760,4222.309551,63116,24808,csn,2.811072e+02,2.295336e+01,-1.478367e+02,3.113283e+01,1.423127e+02,44,CO2,-999.000000,-999.000000,-999.000000,IV
2025-11-15T01:11:18,1763169078.776756,816440646.300756,4224.309551,63116,24808,csn,2.802199e+02,2.295640e+01,-1.478011e+02,3.101459e+01,1.424361e+02,44,CO2,-999.000000,-999.000000,-999.000000,IV
2025-11-15T01:11:20,1763169080.776752,816440648.300752,4226.309551,63116,24808,csn,2.793371e+02,2.295920e+01,-1.477655e+02,3.089627e+01,1.425581e+02,44,CO2,-999.000000,-999.000000,-999.000000,IV
2025-11-15T01:11:22,1763169082.776747,816440650.300747,4228.309551,63116,24808,csn,2.784586e+02,2.296202e+01,-1.477300e+02,3.077789e+01,1.426804e+02,44,CO2,-999.000000,-999.000000,-999.000000,IV
2025-11-15T01:11:24,1763169084.776743,816440652.300743,4230.309551,63116,24808,csn,2.775846e+02,2.296502e+01,-1.476946e+02,3.065942e+01,1.428038e+02,44,CO2,-999.000000,-999.000000,-999.000000,IV
2025-11-15T01:11:26,1763169086.776739,816440654.300739,4232.309551,63116,24808,csn,2.767151e+02,2.296789e+01,-1.476593e+02,3.054088e+01,1.429265e+02,44,CO2,-999.000000,-999.000000,-999.000000,IV
2025-11-15T01:11:28,1763169088.776734,816440656.300734,4234.309551,63116,24808,csn,2.758500e+02,2.297087e+01,-1.476241e+02,3.042227e+01,1.430499e+02,44,CO2,-999.000000,-999.000000,-999.000000,IV
2025-11-15T01:11:30,1763169090.776731,816440658.300731,4236.309551,63116,24808,csn,2.749893e+02,2.297356e+01,-1.475889e+02,3.030359e+01,1.431718e+02,44,CO2,-999.000000,-999.000000,-999.000000,IV
2025-11-15T01:11:32,1763169092.776726,816440660.300726,4238.309551,63116,24808,csn,2.741331e+02,2.297668e+01,-1.475538e+02,3.018483e+01,1.432961e+02,44,CO2,-999.000000,-999.000000,-999.000000,IV
2025-11-15T01:11:34,1763169094.776722,816440662.300722,4240.309551,63116,24808,csn,2.732814e+02,2.297951e+01,-1.475189e+02,3.006599e+01,1.434189e+02,44,CO2,-999.000000,-999.000000,-999.000000,IV
2025-11-15T01:11:36,1763169096.776718,816440664.300718,4242.309551,63116,24808,csn,2.724342e+02,2.298232e+01,-1.474840e+02,2.994709e+01,1.435418e+02,44,CO2,-999.000000,-999.000000,-999.000000,IV
2025-11-15T01:11:38,1763169098.776714,816440666.300714,4244.309551,63116,24808,csn,2.715914e+02,2.298529e+01,-1.474492e+02,2.982811e+01,1.436656e+02,44,CO2,-999.000000,-999.000000,-999.000000,IV
2025-11-15T01:11:40,1763169100.776710,816440668.300710,4246.309551,63116,24808,csn,2.707532e+02,2.298806e+01,-1.474144e+02,2.970907e+01,1.437883e+02,44,CO2,-999.000000,-999.000000,-999.000000,IV
2025-11-15T01:11:42,1763169102.776706,816440670.300705,4248.309551,63116,24808,csn,2.699194e+02,2.299096e+01,-1.473798e+02,2.958994e+01,1.439119e+02,44,CO2,-999.000000,-999.000000,-999.000000,IV
2025-11-15T01:11:44,1763169104.776701,816440672.300701,4250.309551,63116,24808,csn,2.690901e+02,2.299378e+01,-1.473452e+02,2.947075e+01,1.440350e+02,44,CO2,-999.000000,-999.000000,-999.000000,IV
2025-11-15T01:11:46,1763169106.776697,816440674.300697,4252.309551,63116,24808,csn,2.682654e+02,2.299665e+01,-1.473107e+02,2.935149e+01,1.441586e+02,44,CO2,-999.000000,-999.000000,-999.000000,IV
2025-11-15T01:11:48,1763169108.776693,816440676.300693,4254.309551,63116,24808,csn,2.674451e+02,2.299934e+01,-1.472763e+02,2.923216e+01,1.442811e+02,44,CO2,-999.000000,-999.000000,-999.000000,IV
2025-11-15T01:11:50,1763169110.776689,816440678.300689,4256.309551,63116,24808,csn,2.666294e+02,2.300224e+01,-1.472420e+02,2.911276e+01,1.444050e+02,44,CO2,-999.000000,-999.000000,-999.000000,IV
2025-11-15T01:11:52,1763169112.776685,816440680.300685,4258.309551,63116,24808,csn,2.658182e+02,2.300493e+01,-1.472077e+02,2.899328e+01,1.445278e+02,44,CO2,-999.000000,-999.000000,-999.000000,IV
2025-11-15T01:11:54,1763169114.776681,816440682.300681,4260.309551,63116,24808,csn,2.650116e+02,2.300781e+01,-1.471735e+02,2.887374e+01,1.446517e+02,44,CO2,-999.000000,-999.000000,-999.000000,IV
2025-11-15T01:11:56,1763169116.776677,816440684.300677,4262.309551,63116,24808,csn,2.642095e+02,2.301070e+01,-1.471394e+02,2.875413e+01,1.447758e+02,44,CO2,-999.000000,-999.000000,-999.000000,IV
2025-11-15T01:11:58,1763169118.776672,816440686.300672,4264.309551,63116,24808,csn,2.634119e+02,2.301348e+01,-1.471054e+02,2.863445e+01,1.448993e+02,44,CO2,-999.000000,-999.000000,-999.000000,IV
2025-11-15T01:12:00,1763169120.776668,816440688.300668,4266.309551,63116,24808,csn,2.626189e+02,2.301643e+01,-1.470715e+02,2.851470e+01,1.450238e+02,44,CO2,-999.000000,-999.000000,-999.000000,IV
2025-11-15T01:12:02,1763169122.776664,816440690.300664,4268.309551,63116,24808,csn,2.618304e+02,2.301904e+01,-1.470376e+02,2.839488e+01,1.451465e+02,44,CO2,-999.000000,-999.000000,-999.000000,IV
2025-11-15T01:12:04,1763169124.776659,816440692.300660,4270.309551,63116,24808,csn,2.610466e+02,2.302180e+01,-1.470038e+02,2.827500e+01,1.452701e+02,44,CO2,-999.000000,-999.000000,-999.000000,IV
2025-11-15T01:12:06,1763169126.776656,816440694.300656,4272.309551,63116,24808,csn,2.602672e+02,2.302464e+01,-1.469701e+02,2.815504e+01,1.453943e+02,44,CO2,-999.000000,-999.000000,-999.000000,IV
2025-11-15T01:12:08,1763169128.776652,816440696.300652,4274.309551,63116,24808,csn,2.594925e+02,2.302756e+01,-1.469364e+02,2.803502e+01,1.455190e+02,44,CO2,-999.000000,-999.000000,-999.000000,IV
2025-11-15T01:12:10,1763169130.776647,816440698.300647,4276.309551,63116,24808,csn,2.587224e+02,2.303027e+01,-1.469029e+02,2.791494e+01,1.456425e+02,44,CO2,-999.000000,-999.000000,-999.000000,IV
2025-11-15T01:12:12,1763169132.776643,816440700.300643,4278.309551,63116,24808,csn,2.579568e+02,2.303291e+01,-1.468694e+02,2.779478e+01,1.457657e+02,44,CO2,-999.000000,-999.000000,-999.000000,IV
2025-11-15T01:12:14,1763169134.776639,816440702.300640,4280.309551,63116,24808,csn,2.571958e+02,2.303588e+01,-1.468360e+02,2.767457e+01,1.458909e+02,44,CO2,-999.000000,-999.000000,-999.000000,IV
2025-11-15T01:12:16,1763169136.776635,816440704.300635,4282.309551,63116,24808,csn,2.564395e+02,2.303855e+01,-1.468026e+02,2.755428e+01,1.460145e+02,44,CO2,-999.000000,-999.000000,-999.000000,IV
2025-11-15T01:12:18,1763169138.776631,816440706.300631,4284.309551,63116,24808,csn,2.556877e+02,2.304119e+01,-1.467693e+02,2.743393e+01,1.461379e+02,44,CO2,-999.000000,-999.000000,-999.000000,IV
2025-11-15T01:12:20,1763169140.776627,816440708.300627,4286.309551,63116,24808,csn,2.549406e+02,2.304416e+01,-1.467361e+02,2.731352e+01,1.462633e+02,44,CO2,-999.000000,-999.000000,-999.000000,IV
2025-11-15T01:12:22,1763169142.776622,816440710.300622,4288.309551,63116,24808,csn,2.541981e+02,2.304681e+01,-1.467030e+02,2.719304e+01,1.463869e+02,44,CO2,-999.000000,-999.000000,-999.000000,IV
2025-11-15T01:12:24,1763169144.776618,816440712.300618,4290.309551,63116,24808,csn,2.534602e+02,2.304952e+01,-1.466700e+02,2.707249e+01,1.465110e+02,44,CO2,-999.000000,-999.000000,-999.000000,IV
2025-11-15T01:12:26,1763169146.776614,816440714.300614,4292.309551,63116,24808,csn,2.527269e+02,2.305213e+01,-1.466370e+02,2.695188e+01,1.466345e+02,44,CO2,-999.000000,-999.000000,-999.000000,IV
2025-11-15T01:12:28,1763169148.776610,816440716.300610,4294.309551,63116,24808,csn,2.519983e+02,2.305500e+01,-1.466041e+02,2.683121e+01,1.467596e+02,44,CO2,-999.000000,-999.000000,-999.000000,IV
2025-11-15T01:12:30,1763169150.776606,816440718.300606,4296.309551,63116,24808,csn,2.512743e+02,2.305778e+01,-1.465712e+02,2.671048e+01,1.468843e+02,44,CO2,-999.000000,-999.000000,-999.000000,IV
2025-11-15T01:12:32,1763169152.776602,816440720.300602,4298.309551,63116,24808,csn,2.505550e+02,2.306042e+01,-1.465384e+02,2.658968e+01,1.470082e+02,44,CO2,-999.000000,-999.000000,-999.000000,IV
2025-11-15T01:12:34,1763169154.776597,816440722.300597,4300.309551,63116,24808,csn,2.498403e+02,2.306308e+01,-1.465057e+02,2.646882e+01,1.471323e+02,44,CO2,-999.000000,-999.000000,-999.000000,IV
2025-11-15T01:12:36,1763169156.776593,816440724.300594,4302.309551,63116,24808,csn,2.491303e+02,2.306582e+01,-1.464731e+02,2.634790e+01,1.472569e+02,44,CO2,-999.000000,-999.000000,-999.000000,IV
2025-11-15T01:12:38,1763169158.776589,816440726.300589,4304.309551,63116,24808,csn,2.484250e+02,2.306876e+01,-1.464405e+02,2.622691e+01,1.473828e+02,44,CO2,-999.000000,-999.000000,-999.000000,IV
2025-11-15T01:12:40,1763169160.776585,816440728.300585,4306.309551,63116,24808,csn,2.477243e+02,2.307132e+01,-1.464080e+02,2.610587e+01,1.475065e+02,44,CO2,-999.000000,-999.000000,-999.000000,IV
2025-11-15T01:12:42,1763169162.776581,816440730.300581,4308.309551,63116,24808,csn,2.470283e+02,2.307404e+01,-1.463756e+02,2.598476e+01,1.476312e+02,44,CO2,-999.000000,-999.000000,-999.000000,IV
2025-11-15T01:12:44,1763169164.776577,816440732.300577,4310.309551,63116,24808,csn,2.463370e+02,2.307671e+01,-1.463432e+02,2.586359e+01,1.477557e+02,44,CO2,-999.000000,-999.000000,-999.000000,IV
2025-11-15T01:12:46,1763169166.776572,816440734.300573,4312.309551,63116,24808,csn,2.456504e+02,2.307934e+01,-1.463109e+02,2.574236e+01,1.478800e+02,44,CO2,-999.000000,-999.000000,-999.000000,IV
2025-11-15T01:12:48,1763169168.776568,816440736.300568,4314.309551,63116,24808,csn,2.449685e+02,2.308206e+01,-1.462787e+02,2.562108e+01,1.480049e+02,44,CO2,-999.000000,-999.000000,-999.000000,IV
2025-11-15T01:12:50,1763169170.776564,816440738.300564,4316.309551,63116,24808,csn,2.442912e+02,2.308470e+01,-1.462465e+02,2.549973e+01,1.481294e+02,44,CO2,-999.000000,-999.000000,-999.000000,IV
2025-11-15T01:12:52,1763169172.776560,816440740.300559,4318.309551,63116,24808,csn,2.436187e+02,2.308757e+01,-1.462144e+02,2.537832e+01,1.482554e+02,44,CO2,-999.000000,-999.000000,-999.000000,IV
2025-11-15T01:12:54,1763169174.776555,816440742.300555,4320.309551,63116,24808,csn,2.429509e+02,2.309017e+01,-1.461824e+02,2.525685e+01,1.483797e+02,44,CO2,-999.000000,-999.000000,-999.000000,IV
2025-11-15T01:12:56,1763169176.776551,816440744.300551,4322.309551,63116,24808,csn,2.422878e+02,2.309273e+01,-1.461504e+02,2.513533e+01,1.485039e+02,44,CO2,-999.000000,-999.000000,-999.000000,IV
2025-11-15T01:12:58,1763169178.776547,816440746.300547,4324.309551,63116,24808,csn,2.416295e+02,2.309558e+01,-1.461185e+02,2.501375e+01,1.486299e+02,44,CO2,-999.000000,-999.000000,-999.000000,IV
2025-11-15T01:13:00,1763169180.776543,816440748.300543,4326.309551,63116,24808,csn,2.409758e+02,2.309822e+01,-1.460866e+02,2.489211e+01,1.487547e+02,44,CO2,-999.000000,-999.000000,-999.000000,IV
2025-11-15T01:13:02,1763169182.776539,816440750.300539,4328.309551,63116,24808,csn,2.403269e+02,2.310074e+01,-1.460549e+02,2.477041e+01,1.488788e+02,44,CO2,-999.000000,-999.000000,-999.000000,IV
2025-11-15T01:13:04,1763169184.776535,816440752.300535,4330.309551,63116,24808,csn,2.396828e+02,2.310352e+01,-1.460231e+02,2.464865e+01,1.490046e+02,44,CO2,-999.000000,-999.000000,-999.000000,IV
2025-11-15T01:13:06,1763169186.776531,816440754.300531,4332.309551,63116,24808,csn,2.390434e+02,2.310622e+01,-1.459915e+02,2.452684e+01,1.491299e+02,44,CO2,-999.000000,-999.000000,-999.000000,IV
2025-11-15T01:13:08,1763169188.776527,816440756.300527,4334.309551,63116,24808,csn,2.384087e+02,2.310869e+01,-1.459599e+02,2.440497e+01,1.492539e+02,44,CO2,-999.000000,-999.000000,-999.000000,IV
2025-11-15T01:13:10,1763169190.776523,816440758.300523,4336.309551,63116,24808,csn,2.377788e+02,2.311136e+01,-1.459284e+02,2.428305e+01,1.493792e+02,44,CO2,-999.000000,-999.000000,-999.000000,IV
2025-11-15T01:13:12,1763169192.776518,816440760.300518,4338.309551,63116,24808,csn,2.371536e+02,2.311400e+01,-1.458969e+02,2.416107e+01,1.495043e+02,44,CO2,-999.000000,-999.000000,-999.000000,IV
2025-11-15T01:13:14,1763169194.776515,816440762.300514,4340.309551,63116,24808,csn,2.365333e+02,2.311671e+01,-1.458655e+02,2.403904e+01,1.496299e+02,44,CO2,-999.000000,-999.000000,-999.000000,IV
2025-11-15T01:13:16,1763169196.776510,816440764.300510,4342.309551,63116,24808,csn,2.359176e+02,2.311935e+01,-1.458341e+02,2.391694e+01,1.497551e+02,44,CO2,-999.000000,-999.000000,-999.000000,IV
2025-11-15T01:13:18,1763169198.776506,816440766.300506,4344.309551,63116,24808,csn,2.353068e+02,2.312198e+01,-1.458028e+02,2.379480e+01,1.498804e+02,44,CO2,-999.000000,-999.000000,-999.000000,IV
2025-11-15T01:13:20,1763169200.776501,816440768.300501,4346.309551,63116,24808,csn,2.347007e+02,2.312472e+01,-1.457716e+02,2.367260e+01,1.500064e+02,44,CO2,-999.000000,-999.000000,-999.000000,IV
2025-11-15T01:13:22,1763169202.776497,816440770.300497,4348.309551,63116,24808,csn,2.340995e+02,2.312717e+01,-1.457405e+02,2.355035e+01,1.501306e+02,44,CO2,-999.000000,-999.000000,-999.000000,IV
2025-11-15T01:13:24,1763169204.776494,816440772.300494,4350.309551,63116,24808,csn,2.335030e+02,2.312973e+01,-1.457093e+02,2.342804e+01,1.502556e+02,44,CO2,-999.000000,-999.000000,-999.000000,IV
2025-11-15T01:13:26,1763169206.776489,816440774.300489,4352.309551,63116,24808,csn,2.329113e+02,2.313241e+01,-1.456783e+02,2.330569e+01,1.503814e+02,44,CO2,-999.000000,-999.000000,-999.000000,IV
2025-11-15T01:13:28,1763169208.776485,816440776.300485,4354.309551,63116,24808,csn,2.323244e+02,2.313507e+01,-1.456473e+02,2.318327e+01,1.505071e+02,44,CO2,-999.000000,-999.000000,-999.000000,IV
2025-11-15T01:13:30,1763169210.776481,816440778.300481,4356.309551,63116,24808,csn,2.317423e+02,2.313766e+01,-1.456164e+02,2.306081e+01,1.506323e+02,44,CO2,-999.000000,-999.000000,-999.000000,IV
2025-11-15T01:13:32,1763169212.776477,816440780.300477,4358.309551,63116,24808,csn,2.311651e+02,2.314010e+01,-1.455855e+02,2.293830e+01,1.507568e+02,44,CO2,-999.000000,-999.000000,-999.000000,IV
2025-11-15T01:13:34,1763169214.776473,816440782.300472,4360.309551,63116,24808,csn,2.305926e+02,2.314283e+01,-1.455547e+02,2.281573e+01,1.508830e+02,44,CO2,4482.508260,25465.206363,0.014936,IV
2025-11-15T01:13:36,1763169216.776469,816440784.300469,4362.309551,63116,24808,csn,2.300250e+02,2.314546e+01,-1.455239e+02,2.269311e+01,1.510087e+02,44,CO2,5256.142812,29856.619477,0.013793,IV
2025-11-15T01:13:38,1763169218.776464,816440786.300464,4364.309551,63116,24808,csn,2.294622e+02,2.314812e+01,-1.454932e+02,2.257044e+01,1.511347e+02,44,CO2,6676.632359,37922.406361,0.012238,IV
2025-11-15T01:13:40,1763169220.776460,816440788.300460,4366.309551,63116,24808,csn,2.289042e+02,2.315053e+01,-1.454626e+02,2.244773e+01,1.512591e+02,44,CO2,7231.440683,41069.683684,0.011759,IV
2025-11-15T01:13:42,1763169222.776455,816440790.300456,4368.309551,63116,24808,csn,2.283510e+02,2.315317e+01,-1.454320e+02,2.232496e+01,1.513850e+02,44,CO2,6365.586168,36148.125732,0.012534,IV
2025-11-15T01:13:44,1763169224.776453,816440792.300452,4370.309551,63116,24808,csn,2.278027e+02,2.315584e+01,-1.454014e+02,2.220214e+01,1.515111e+02,44,CO2,8610.118747,48888.478421,0.010777,IV
2025-11-15T01:13:46,1763169226.776454,816440794.300448,4372.309551,63116,24808,csn,2.272592e+02,2.315825e+01,-1.453710e+02,2.207927e+01,1.516357e+02,44,CO2,8547.401479,48529.625702,0.010816,IV
2025-11-15T01:13:48,1763169228.776309,816440796.300443,4374.309551,63116,24808,csn,2.267206e+02,2.316092e+01,-1.453405e+02,2.195636e+01,1.517619e+02,44,CO2,8338.897050,47340.395432,0.010951,IV
2025-11-15T01:13:50,1763169230.777401,816440798.300439,4376.309551,63116,24808,csn,2.261869e+02,2.316353e+01,-1.453102e+02,2.183339e+01,1.518878e+02,44,CO2,9449.526156,53639.540038,0.010287,IV
2025-11-15T01:13:52,1763169232.777411,816440800.300435,4378.309551,63116,24808,csn,2.256580e+02,2.316594e+01,-1.452798e+02,2.171038e+01,1.520125e+02,44,CO2,9367.230568,53167.252095,0.010332,IV
2025-11-15T01:13:54,1763169234.777438,816440802.300431,4380.309551,63116,24808,csn,2.251339e+02,2.316862e+01,-1.452496e+02,2.158732e+01,1.521389e+02,44,CO2,7997.340953,45388.238112,0.011182,IV
2025-11-15T01:13:56,1763169236.777427,816440804.300427,4382.309551,63116,24808,csn,2.246147e+02,2.317125e+01,-1.452194e+02,2.146421e+01,1.522650e+02,44,CO2,8315.362983,47188.166392,0.010966,IV
2025-11-15T01:13:58,1763169238.777423,816440806.300423,4384.309551,63116,24808,csn,2.241004e+02,2.317369e+01,-1.451892e+02,2.134106e+01,1.523900e+02,44,CO2,8489.338097,48170.218508,0.010853,IV
2025-11-15T01:14:00,1763169240.777419,816440808.300419,4386.309551,63116,24808,csn,2.235910e+02,2.317617e+01,-1.451591e+02,2.121786e+01,1.525153e+02,44,CO2,8827.547345,50085.639321,0.010643,IV
2025-11-15T01:14:02,1763169242.777415,816440810.300414,4388.309551,63116,24808,csn,2.230864e+02,2.317868e+01,-1.451290e+02,2.109461e+01,1.526408e+02,44,CO2,8415.125885,47741.739081,0.010901,IV
2025-11-15T01:14:04,1763169244.777411,816440812.300411,4390.309551,63116,24808,csn,2.225868e+02,2.318140e+01,-1.450990e+02,2.097132e+01,1.527677e+02,44,CO2,8622.674029,48914.300561,0.010769,IV
2025-11-15T01:14:06,1763169246.777406,816440814.300406,4392.309551,63116,24808,csn,2.220920e+02,2.318383e+01,-1.450691e+02,2.084798e+01,1.528928e+02,44,CO2,10048.795177,56998.219038,0.009976,IV
2025-11-15T01:14:08,1763169248.777402,816440816.300402,4394.309551,63116,24808,csn,2.216021e+02,2.318636e+01,-1.450392e+02,2.072460e+01,1.530185e+02,44,CO2,8690.038753,49289.175169,0.010727,IV
2025-11-15T01:14:10,1763169250.777397,816440818.300397,4396.309551,63116,24808,csn,2.211171e+02,2.318880e+01,-1.450093e+02,2.060117e+01,1.531437e+02,44,CO2,8889.003139,50412.499944,0.010607,IV
2025-11-15T01:14:12,1763169252.777393,816440820.300393,4398.309551,63116,24808,csn,2.206370e+02,2.319153e+01,-1.449795e+02,2.047770e+01,1.532708e+02,44,CO2,8983.620479,50944.106775,0.010551,IV
2025-11-15T01:14:14,1763169254.777389,816440822.300389,4400.309551,63116,24808,csn,2.201618e+02,2.319403e+01,-1.449498e+02,2.035419e+01,1.533964e+02,44,CO2,10120.591790,57385.920949,0.009940,IV
2025-11-15T01:14:16,1763169256.777385,816440824.300385,4402.309551,63116,24808,csn,2.196915e+02,2.319654e+01,-1.449201e+02,2.023063e+01,1.535222e+02,44,CO2,10931.267813,61978.723276,0.009565,IV
2025-11-15T01:14:18,1763169258.777381,816440826.300381,4404.309551,63116,24808,csn,2.192262e+02,2.319896e+01,-1.448905e+02,2.010703e+01,1.536474e+02,44,CO2,10215.304077,57913.835276,0.009894,IV
2025-11-15T01:14:20,1763169260.777377,816440828.300377,4406.309551,63116,24808,csn,2.187657e+02,2.320148e+01,-1.448609e+02,1.998338e+01,1.537733e+02,44,CO2,10454.742323,59265.590836,0.009780,IV
2025-11-15T01:14:22,1763169262.777372,816440830.300372,4408.309551,63116,24808,csn,2.183102e+02,2.320399e+01,-1.448313e+02,1.985970e+01,1.538991e+02,44,CO2,11951.379734,67743.279190,0.009147,IV
2025-11-15T01:14:24,1763169264.777369,816440832.300368,4410.309551,63116,24808,csn,2.178596e+02,2.320640e+01,-1.448018e+02,1.973597e+01,1.540243e+02,44,CO2,11635.110275,65946.362540,0.009271,IV
2025-11-15T01:14:26,1763169266.777364,816440834.300364,4412.309551,63116,24808,csn,2.174139e+02,2.320908e+01,-1.447724e+02,1.961220e+01,1.541514e+02,44,CO2,13325.851346,75522.366723,0.008663,IV
2025-11-15T01:14:28,1763169268.777360,816440836.300360,4414.309551,63116,24808,csn,2.169732e+02,2.321140e+01,-1.447429e+02,1.948839e+01,1.542760e+02,44,CO2,12702.925570,71985.372247,0.008873,IV
2025-11-15T01:14:30,1763169270.777356,816440838.300356,4416.309551,63116,24808,csn,2.165374e+02,2.321414e+01,-1.447136e+02,1.936454e+01,1.544035e+02,44,CO2,14480.271157,82050.555220,0.008310,IV
2025-11-15T01:14:32,1763169272.777352,816440840.300352,4418.309551,63116,24808,csn,2.161065e+02,2.321659e+01,-1.446843e+02,1.924065e+01,1.545290e+02,44,CO2,15192.292936,86079.356888,0.008113,IV
2025-11-15T01:14:34,1763169274.777347,816440842.300347,4420.309551,63116,24808,csn,2.156806e+02,2.321912e+01,-1.446550e+02,1.911672e+01,1.546553e+02,44,CO2,13327.842424,75508.674843,0.008662,IV
2025-11-15T01:14:36,1763169276.777343,816440844.300343,4422.309551,63116,24808,csn,2.152596e+02,2.322155e+01,-1.446258e+02,1.899275e+01,1.547807e+02,44,CO2,14990.130854,84918.937391,0.008168,IV
2025-11-15T01:14:38,1763169278.777339,816440846.300339,4424.309551,63116,24808,csn,2.148436e+02,2.322399e+01,-1.445966e+02,1.886874e+01,1.549063e+02,44,CO2,13140.060250,74435.923480,0.008724,IV
2025-11-15T01:14:40,1763169280.777335,816440848.300335,4426.309551,63116,24808,csn,2.144325e+02,2.322653e+01,-1.445675e+02,1.874470e+01,1.550326e+02,44,CO2,14544.302025,82383.617945,0.008292,IV
2025-11-15T01:14:42,1763169282.777331,816440850.300331,4428.309551,63116,24808,csn,2.140264e+02,2.322899e+01,-1.445384e+02,1.862061e+01,1.551584e+02,44,CO2,14343.166663,81237.300538,0.008350,IV
2025-11-15T01:14:44,1763169284.777326,816440852.300326,4430.309551,63116,24808,csn,2.136252e+02,2.323143e+01,-1.445094e+02,1.849649e+01,1.552841e+02,44,CO2,14405.223075,81582.118267,0.008332,IV
2025-11-15T01:14:46,1763169286.777323,816440854.300323,4432.309551,63116,24808,csn,2.132290e+02,2.323397e+01,-1.444804e+02,1.837233e+01,1.554104e+02,44,CO2,13388.861934,75823.474093,0.008642,IV
2025-11-15T01:14:48,1763169288.777319,816440856.300319,4434.309551,63116,24808,csn,2.128378e+02,2.323642e+01,-1.444515e+02,1.824814e+01,1.555361e+02,44,CO2,12554.018991,71090.104499,0.008925,IV
2025-11-15T01:14:50,1763169290.777314,816440858.300314,4436.309551,63116,24808,csn,2.124516e+02,2.323884e+01,-1.444226e+02,1.812390e+01,1.556617e+02,44,CO2,13070.775962,74010.178416,0.008747,IV
2025-11-15T01:14:52,1763169292.777310,816440860.300310,4438.309551,63116,24808,csn,2.120703e+02,2.324136e+01,-1.443937e+02,1.799963e+01,1.557880e+02,44,CO2,14998.084305,84916.343493,0.008165,IV
2025-11-15T01:14:54,1763169294.777306,816440862.300306,4440.309551,63116,24808,csn,2.116940e+02,2.324386e+01,-1.443649e+02,1.787533e+01,1.559142e+02,44,CO2,13337.101430,75510.476993,0.008659,IV
2025-11-15T01:14:56,1763169296.777302,816440864.300302,4442.309551,63116,24808,csn,2.113227e+02,2.324629e+01,-1.443361e+02,1.775099e+01,1.560398e+02,44,CO2,12666.309410,71707.048450,0.008885,IV
2025-11-15T01:14:58,1763169298.777298,816440866.300298,4444.309551,63116,24808,csn,2.109564e+02,2.324883e+01,-1.443074e+02,1.762661e+01,1.561663e+02,44,CO2,14438.611264,81734.317377,0.008322,IV
2025-11-15T01:15:00,1763169300.777293,816440868.300293,4446.309551,63116,24808,csn,2.105950e+02,2.325125e+01,-1.442787e+02,1.750220e+01,1.562920e+02,44,CO2,12736.228761,72092.030520,0.008861,IV
2025-11-15T01:15:02,1763169302.777290,816440870.300291,4448.309551,63116,24808,csn,2.102387e+02,2.325336e+01,-1.442501e+02,1.737776e+01,1.564155e+02,44,CO2,14936.371707,84539.734085,0.008182,IV
2025-11-15T01:15:04,1763169304.777286,816440872.300290,4450.309551,63116,24808,csn,2.098874e+02,2.325514e+01,-1.442215e+02,1.725328e+01,1.565367e+02,44,CO2,15037.596627,85108.154037,0.008155,IV
2025-11-15T01:15:06,1763169306.777281,816440874.300281,4452.309551,63116,24808,csn,2.095410e+02,2.325834e+01,-1.441929e+02,1.712877e+01,1.566678e+02,44,CO2,15138.821191,85676.571990,0.008127,IV
2025-11-15T01:15:08,1763169308.777276,816440876.300275,4454.309551,63116,24808,csn,2.091997e+02,2.326123e+01,-1.441644e+02,1.700423e+01,1.567968e+02,44,CO2,16869.996040,95467.000361,0.007699,IV
2025-11-15T01:15:10,1763169310.777272,816440878.300271,4456.309551,63116,24808,csn,2.088633e+02,2.326356e+01,-1.441359e+02,1.687965e+01,1.569218e+02,44,CO2,19173.443277,108495.258714,0.007222,IV
2025-11-15T01:15:12,1763169312.777269,816440880.300268,4458.309551,63116,24808,csn,2.085320e+02,2.326573e+01,-1.441075e+02,1.675505e+01,1.570458e+02,44,CO2,21476.891612,121523.523280,0.006824,IV
2025-11-15T01:15:14,1763169314.777265,816440882.300265,4460.309551,63116,24808,csn,2.082057e+02,2.326808e+01,-1.440791e+02,1.663041e+01,1.571711e+02,44,CO2,23465.067129,132766.588881,0.006528,IV
2025-11-15T01:15:16,1763169316.777261,816440884.300261,4462.309551,63116,24808,csn,2.078844e+02,2.327059e+01,-1.440507e+02,1.650574e+01,1.572974e+02,44,CO2,25342.547410,143382.854430,0.006282,IV
2025-11-15T01:15:18,1763169318.777256,816440886.300256,4464.309551,63116,24808,csn,2.075681e+02,2.327308e+01,-1.440224e+02,1.638104e+01,1.574236e+02,44,CO2,27220.027131,153999.116815,0.006061,IV
2025-11-15T01:15:20,1763169320.777251,816440888.300251,4466.309551,63116,24808,csn,2.072568e+02,2.327542e+01,-1.439941e+02,1.625631e+01,1.575487e+02,44,CO2,27481.863435,155472.841114,0.006032,IV
2025-11-15T01:15:22,1763169322.777247,816440890.300247,4468.309551,63116,24808,csn,2.069505e+02,2.327787e+01,-1.439659e+02,1.613155e+01,1.576747e+02,44,CO2,28667.769148,162171.336066,0.005906,IV
2025-11-15T01:15:24,1763169324.777243,816440892.300243,4470.309551,63116,24808,csn,2.066493e+02,2.328024e+01,-1.439377e+02,1.600675e+01,1.578001e+02,44,CO2,29028.340123,164200.867126,0.005869,IV
2025-11-15T01:15:26,1763169326.777240,816440894.300240,4472.309551,63116,24808,csn,2.063531e+02,2.328265e+01,-1.439095e+02,1.588194e+01,1.579257e+02,44,CO2,30909.270420,174837.449336,0.005688,IV
2025-11-15T01:15:28,1763169328.777235,816440896.300235,4474.309551,63116,24808,csn,2.060619e+02,2.328529e+01,-1.438814e+02,1.575709e+01,1.580530e+02,44,CO2,31909.674828,180487.326661,0.005598,IV
2025-11-15T01:15:30,1763169330.777231,816440898.300231,4476.309551,63116,24808,csn,2.057758e+02,2.328750e+01,-1.438533e+02,1.563221e+01,1.581772e+02,44,CO2,30106.689741,170279.192650,0.005763,IV
2025-11-15T01:15:32,1763169332.777227,816440900.300227,4478.309551,63116,24808,csn,2.054947e+02,2.329010e+01,-1.438253e+02,1.550731e+01,1.583042e+02,44,CO2,29652.052538,167698.658663,0.005807,IV
2025-11-15T01:15:34,1763169334.777222,816440902.300222,4480.309551,63116,24808,csn,2.052187e+02,2.329234e+01,-1.437973e+02,1.538237e+01,1.584287e+02,44,CO2,29109.084926,164620.750870,0.005861,IV
2025-11-15T01:15:36,1763169336.777219,816440904.300219,4482.309551,63116,24808,csn,2.049476e+02,2.329487e+01,-1.437693e+02,1.525741e+01,1.585552e+02,44,CO2,29054.272882,164301.547489,0.005867,IV
2025-11-15T01:15:38,1763169338.777215,816440906.300215,4484.309551,63116,24808,csn,2.046816e+02,2.329716e+01,-1.437414e+02,1.513243e+01,1.586799e+02,44,CO2,29862.898067,168865.043179,0.005787,IV
2025-11-15T01:15:40,1763169340.777210,816440908.300210,4486.309551,63116,24808,csn,2.044207e+02,2.329962e+01,-1.437135e+02,1.500742e+01,1.588059e+02,44,CO2,28023.620985,158459.007300,0.005974,IV
2025-11-15T01:15:42,1763169342.777206,816440910.300206,4488.309551,63116,24808,csn,2.041648e+02,2.330203e+01,-1.436856e+02,1.488238e+01,1.589315e+02,44,CO2,28276.164858,159882.254595,0.005947,IV
2025-11-15T01:15:44,1763169344.777201,816440912.300201,4490.309551,63116,24808,csn,2.039140e+02,2.330439e+01,-1.436578e+02,1.475732e+01,1.590567e+02,44,CO2,28693.014466,162230.624179,0.005904,IV
2025-11-15T01:15:46,1763169346.777198,816440914.300198,4492.309551,63116,24808,csn,2.036682e+02,2.330689e+01,-1.436300e+02,1.463223e+01,1.591830e+02,44,CO2,26045.513288,147254.261496,0.006196,IV
2025-11-15T01:15:48,1763169348.777193,816440916.300193,4494.309551,63116,24808,csn,2.034275e+02,2.330915e+01,-1.436023e+02,1.450712e+01,1.593074e+02,44,CO2,27312.652727,154415.984124,0.006051,IV
2025-11-15T01:15:50,1763169350.777189,816440918.300189,4496.309551,63116,24808,csn,2.031918e+02,2.331170e+01,-1.435746e+02,1.438198e+01,1.594340e+02,44,CO2,26875.234735,151937.673942,0.006100,IV
2025-11-15T01:15:52,1763169352.777185,816440920.300185,4498.309551,63116,24808,csn,2.029612e+02,2.331395e+01,-1.435469e+02,1.425682e+01,1.595584e+02,44,CO2,24457.298317,138261.529516,0.006394,IV
2025-11-15T01:15:54,1763169354.777181,816440922.300181,4500.309551,63116,24808,csn,2.027357e+02,2.331626e+01,-1.435192e+02,1.413164e+01,1.596831e+02,44,CO2,25285.545671,142937.512508,0.006289,IV
2025-11-15T01:15:56,1763169356.777177,816440924.300177,4502.309551,63116,24808,csn,2.025152e+02,2.331874e+01,-1.434916e+02,1.400643e+01,1.598091e+02,44,CO2,24655.171298,139372.940704,0.006369,IV
2025-11-15T01:15:58,1763169358.777173,816440926.300173,4504.309551,63116,24808,csn,2.022998e+02,2.332108e+01,-1.434640e+02,1.388120e+01,1.599340e+02,44,CO2,25438.062338,143792.325327,0.006270,IV
2025-11-15T01:16:00,1763169360.777168,816440928.300168,4506.309551,63116,24808,csn,2.020894e+02,2.332351e+01,-1.434365e+02,1.375595e+01,1.600597e+02,44,CO2,23532.052903,133012.451904,0.006519,IV
2025-11-15T01:16:02,1763169362.777165,816440930.300165,4508.309551,63116,24808,csn,2.018841e+02,2.332587e+01,-1.434090e+02,1.363068e+01,1.601847e+02,44,CO2,24776.926007,140045.761499,0.006353,IV
2025-11-15T01:16:04,1763169364.777160,816440932.300160,4510.309551,63116,24808,csn,2.016839e+02,2.332834e+01,-1.433815e+02,1.350539e+01,1.603106e+02,44,CO2,25134.578767,142066.411380,0.006308,IV
2025-11-15T01:16:06,1763169366.777156,816440934.300156,4512.309551,63116,24808,csn,2.014888e+02,2.333053e+01,-1.433540e+02,1.338007e+01,1.604342e+02,44,CO2,25176.384468,142296.806028,0.006302,IV
2025-11-15T01:16:08,1763169368.777152,816440936.300152,4514.309551,63116,24808,csn,2.012987e+02,2.333302e+01,-1.433266e+02,1.325474e+01,1.605602e+02,44,CO2,26571.893546,150178.426047,0.006135,IV
2025-11-15T01:16:10,1763169370.777147,816440938.300147,4516.309551,63116,24808,csn,2.011137e+02,2.333531e+01,-1.432993e+02,1.312939e+01,1.606846e+02,44,CO2,27277.294006,154163.421206,0.006055,IV
2025-11-15T01:16:12,1763169372.777144,816440940.300144,4518.309551,63116,24808,csn,2.009338e+02,2.333781e+01,-1.432719e+02,1.300401e+01,1.608106e+02,44,CO2,27297.937410,154276.847992,0.006053,IV
2025-11-15T01:16:14,1763169374.777139,816440942.300139,4520.309551,63116,24808,csn,2.007590e+02,2.334012e+01,-1.432446e+02,1.287862e+01,1.609350e+02,44,CO2,27388.823101,154784.847645,0.006042,IV
2025-11-15T01:16:16,1763169376.777135,816440944.300135,4522.309551,63116,24808,csn,2.005893e+02,2.334239e+01,-1.432173e+02,1.275321e+01,1.610592e+02,44,CO2,28823.505140,162887.085486,0.005890,IV
2025-11-15T01:16:18,1763169378.777131,816440946.300131,4524.309551,63116,24808,csn,2.004246e+02,2.334489e+01,-1.431900e+02,1.262778e+01,1.611850e+02,44,CO2,31484.336788,177921.746520,0.005636,IV
2025-11-15T01:16:20,1763169380.777128,816440948.300128,4526.309551,63116,24808,csn,2.002650e+02,2.334719e+01,-1.431628e+02,1.250233e+01,1.613093e+02,44,CO2,34091.174899,192647.481898,0.005416,IV
2025-11-15T01:16:22,1763169382.777122,816440950.300123,4528.309551,63116,24808,csn,2.001106e+02,2.334941e+01,-1.431356e+02,1.237687e+01,1.614329e+02,44,CO2,33774.287836,190850.627745,0.005441,IV
2025-11-15T01:16:24,1763169384.777119,816440952.300119,4530.309551,63116,24808,csn,1.999612e+02,2.335200e+01,-1.431085e+02,1.225139e+01,1.615593e+02,44,CO2,36700.389185,207381.666466,0.005220,IV
2025-11-15T01:16:26,1763169386.777115,816440954.300115,4532.309551,63116,24808,csn,1.998169e+02,2.335416e+01,-1.430813e+02,1.212589e+01,1.616824e+02,44,CO2,38123.119930,215422.253121,0.005122,IV
2025-11-15T01:16:28,1763169388.777110,816440956.300110,4534.309551,63116,24808,csn,1.996777e+02,2.335658e+01,-1.430542e+02,1.200037e+01,1.618074e+02,44,CO2,38427.853690,217137.909061,0.005101,IV
2025-11-15T01:16:30,1763169390.777106,816440958.300106,4536.309551,63116,24808,csn,1.995435e+02,2.335902e+01,-1.430272e+02,1.187484e+01,1.619325e+02,44,CO2,42458.589608,239907.152459,0.004853,IV
2025-11-15T01:16:32,1763169392.777102,816440960.300102,4538.309551,63116,24808,csn,1.994145e+02,2.336123e+01,-1.430001e+02,1.174930e+01,1.620558e+02,44,CO2,39068.156929,220749.765110,0.005059,IV
2025-11-15T01:16:34,1763169394.777097,816440962.300097,4540.309551,63116,24808,csn,1.992906e+02,2.336346e+01,-1.429731e+02,1.162374e+01,1.621792e+02,44,CO2,38885.654677,219717.875983,0.005071,IV
2025-11-15T01:16:36,1763169396.777093,816440964.300093,4542.309551,63116,24808,csn,1.991718e+02,2.336593e+01,-1.429461e+02,1.149816e+01,1.623044e+02,44,CO2,38475.384491,217394.542837,0.005098,IV
2025-11-15T01:16:38,1763169398.777089,816440966.300090,4544.309551,63116,24808,csn,1.990580e+02,2.336830e+01,-1.429192e+02,1.137258e+01,1.624287e+02,44,CO2,37324.801943,210888.451489,0.005176,IV
2025-11-15T01:16:40,1763169400.777086,816440968.300086,4546.309551,63116,24808,csn,1.989494e+02,2.337051e+01,-1.428922e+02,1.124698e+01,1.625518e+02,44,CO2,35943.945608,203088.904089,0.005275,IV
2025-11-15T01:16:42,1763169402.777081,816440970.300081,4548.309551,63116,24808,csn,1.988459e+02,2.337281e+01,-1.428653e+02,1.112136e+01,1.626755e+02,44,CO2,33619.294516,189951.781913,0.005454,IV
2025-11-15T01:16:44,1763169404.777077,816440972.300077,4550.309551,63116,24808,csn,1.987474e+02,2.337527e+01,-1.428384e+02,1.099573e+01,1.628003e+02,44,CO2,33777.127726,190839.666701,0.005441,IV
2025-11-15T01:16:46,1763169406.777073,816440974.300073,4552.309551,63116,24808,csn,1.986541e+02,2.337760e+01,-1.428116e+02,1.087009e+01,1.629241e+02,44,CO2,33085.853973,186931.600572,0.005498,IV
2025-11-15T01:16:48,1763169408.777068,816440976.300068,4554.309551,63116,24808,csn,1.985659e+02,2.338008e+01,-1.427848e+02,1.074444e+01,1.630491e+02,44,CO2,32107.836987,181408.061310,0.005581,IV
2025-11-15T01:16:50,1763169410.777065,816440978.300065,4556.309551,63116,24808,csn,1.984828e+02,2.338235e+01,-1.427580e+02,1.061878e+01,1.631722e+02,44,CO2,30992.583701,175103.906962,0.005680,IV
2025-11-15T01:16:52,1763169412.777061,816440980.300061,4558.309551,63116,24808,csn,1.984048e+02,2.338458e+01,-1.427312e+02,1.049311e+01,1.632950e+02,44,CO2,31852.837773,179961.329501,0.005603,IV
2025-11-15T01:16:54,1763169414.777056,816440982.300056,4560.309551,63116,24808,csn,1.983319e+02,2.338697e+01,-1.427045e+02,1.036742e+01,1.634189e+02,44,CO2,32076.426380,181226.910017,0.005584,IV
2025-11-15T01:16:56,1763169416.777052,816440984.300052,4562.309551,63116,24808,csn,1.982641e+02,2.338938e+01,-1.426778e+02,1.024173e+01,1.635430e+02,44,CO2,32209.015392,181979.505308,0.005572,IV
2025-11-15T01:16:58,1763169418.777047,816440986.300048,4564.309551,63116,24808,csn,1.982014e+02,2.339161e+01,-1.426511e+02,1.011602e+01,1.636655e+02,44,CO2,28766.415487,162526.896327,0.005896,IV
2025-11-15T01:17:00,1763169420.777044,816440988.300044,4566.309551,63116,24808,csn,1.981438e+02,2.339389e+01,-1.426244e+02,9.990309e+00,1.637883e+02,44,CO2,28772.037731,162556.708454,0.005895,IV
2025-11-15T01:17:02,1763169422.777039,816440990.300039,4568.309551,63116,24808,csn,1.980913e+02,2.339613e+01,-1.425978e+02,9.864587e+00,1.639106e+02,44,CO2,29136.348841,164615.401252,0.005858,IV
2025-11-15T01:17:04,1763169424.777035,816440992.300035,4570.309551,63116,24808,csn,1.980439e+02,2.339841e+01,-1.425712e+02,9.738857e+00,1.640333e+02,44,CO2,28262.678891,159678.561081,0.005948,IV
2025-11-15T01:17:06,1763169426.777031,816440994.300031,4572.309551,63116,24808,csn,1.980017e+02,2.340086e+01,-1.425446e+02,9.613117e+00,1.641572e+02,44,CO2,28468.555146,160840.341534,0.005927,IV
2025-11-15T01:17:08,1763169428.777027,816440996.300027,4574.309551,63116,24808,csn,1.979646e+02,2.340318e+01,-1.425180e+02,9.487372e+00,1.642800e+02,44,CO2,29560.432703,167008.675983,0.005816,IV
2025-11-15T01:17:10,1763169430.777023,816440998.300023,4576.309551,63116,24808,csn,1.979325e+02,2.340538e+01,-1.424915e+02,9.361618e+00,1.644016e+02,44,CO2,31882.643963,180135.128418,0.005600,IV
2025-11-15T01:17:12,1763169432.777019,816441000.300019,4578.309551,63116,24808,csn,1.979056e+02,2.340774e+01,-1.424650e+02,9.235857e+00,1.645246e+02,44,CO2,31219.166907,176385.784377,0.005660,IV
2025-11-15T01:17:14,1763169434.777014,816441002.300014,4580.309551,63116,24808,csn,1.978838e+02,2.341013e+01,-1.424385e+02,9.110091e+00,1.646476e+02,44,CO2,31423.594952,177539.961783,0.005641,IV
2025-11-15T01:17:16,1763169436.777011,816441004.300011,4582.309551,63116,24808,csn,1.978671e+02,2.341223e+01,-1.424120e+02,8.984319e+00,1.647680e+02,44,CO2,30666.773740,173266.373550,0.005710,IV
2025-11-15T01:17:18,1763169438.777006,816441006.300006,4584.309551,63116,24808,csn,1.978555e+02,2.341472e+01,-1.423856e+02,8.858541e+00,1.648917e+02,44,CO2,31247.921234,176555.049477,0.005657,IV
2025-11-15T01:17:20,1763169440.777002,816441008.300002,4586.309551,63116,24808,csn,1.978491e+02,2.341694e+01,-1.423592e+02,8.732758e+00,1.650130e+02,44,CO2,29525.633548,166823.703992,0.005820,IV
2025-11-15T01:17:21,1763169441.777000,816441009.300000,4587.309551,63116,24808,csn,1.978478e+02,2.341806e+01,-1.423460e+02,8.669865e+00,1.650736e+02,44,CO2,29253.874202,165288.168994,0.005847,OU
2025-11-15T01:17:21,1763169441.777000,816441009.300000,4587.309551,63116,24808,csn,1.978478e+02,2.341806e+01,-1.423460e+02,8.669865e+00,1.650736e+02,44,CO2,29253.874202,165288.168994,0.005847,OU
2025-11-15T01:17:23,1763169443.776995,816441011.299995,4589.309551,63116,24808,csn,1.978490e+02,2.342036e+01,-1.423196e+02,8.544075e+00,1.651954e+02,44,CO2,27436.214961,155019.360387,0.006037,OU
2025-11-15T01:17:25,1763169445.776992,816441013.299991,4591.309551,63116,24808,csn,1.978553e+02,2.342257e+01,-1.422932e+02,8.418282e+00,1.653162e+02,44,CO2,29225.076955,165131.812604,0.005850,OU
2025-11-15T01:17:27,1763169447.776988,816441015.299987,4593.309551,63116,24808,csn,1.978667e+02,2.342494e+01,-1.422669e+02,8.292484e+00,1.654382e+02,44,CO2,27458.697946,155151.593552,0.006035,OU
2025-11-15T01:17:29,1763169449.776983,816441017.299983,4595.309551,63116,24808,csn,1.978833e+02,2.342737e+01,-1.422405e+02,8.166684e+00,1.655607e+02,44,CO2,28853.277720,163031.999537,0.005887,OU
2025-11-15T01:17:31,1763169451.776979,816441019.299979,4597.309551,63116,24808,csn,1.979049e+02,2.342961e+01,-1.422143e+02,8.040881e+00,1.656814e+02,44,CO2,28014.607671,158296.911750,0.005975,OU
2025-11-15T01:17:33,1763169453.776975,816441021.299975,4599.309551,63116,24808,csn,1.979317e+02,2.343188e+01,-1.421880e+02,7.915077e+00,1.658021e+02,44,CO2,29589.349924,167199.939024,0.005813,OU
2025-11-15T01:17:35,1763169455.776970,816441023.299971,4601.309551,63116,24808,csn,1.979636e+02,2.343413e+01,-1.421617e+02,7.789270e+00,1.659226e+02,44,CO2,28484.134461,160955.817477,0.005925,OU
2025-11-15T01:17:37,1763169457.776967,816441025.299967,4603.309551,63116,24808,csn,1.980006e+02,2.343638e+01,-1.421355e+02,7.663461e+00,1.660429e+02,44,CO2,31365.434170,177238.570207,0.005646,OU
2025-11-15T01:17:39,1763169459.776962,816441027.299962,4605.309551,63116,24808,csn,1.980427e+02,2.343882e+01,-1.421093e+02,7.537652e+00,1.661647e+02,44,CO2,33973.410776,191983.573395,0.005425,OU
2025-11-15T01:17:41,1763169461.776958,816441029.299958,4607.309551,63116,24808,csn,1.980899e+02,2.344118e+01,-1.420831e+02,7.411842e+00,1.662856e+02,44,CO2,31856.467248,180024.370062,0.005603,OU
2025-11-15T01:17:43,1763169463.776954,816441031.299954,4609.309551,63116,24808,csn,1.981423e+02,2.344338e+01,-1.420569e+02,7.286032e+00,1.664050e+02,44,CO2,35866.178224,202685.963397,0.005280,OU
2025-11-15T01:17:45,1763169465.776950,816441033.299950,4611.309551,63116,24808,csn,1.981997e+02,2.344569e+01,-1.420308e+02,7.160223e+00,1.665252e+02,44,CO2,35793.377702,202277.310724,0.005286,OU
2025-11-15T01:17:47,1763169467.776946,816441035.299946,4613.309551,63116,24808,csn,1.982623e+02,2.344790e+01,-1.420046e+02,7.034414e+00,1.666442e+02,44,CO2,38224.624955,216023.189505,0.005115,OU
2025-11-15T01:17:49,1763169469.776941,816441037.299941,4615.309551,63116,24808,csn,1.983300e+02,2.345020e+01,-1.419785e+02,6.908606e+00,1.667639e+02,44,CO2,39692.691505,224323.112077,0.005019,OU
2025-11-15T01:17:51,1763169471.776937,816441039.299937,4617.309551,63116,24808,csn,1.984028e+02,2.345239e+01,-1.419524e+02,6.782800e+00,1.668823e+02,44,CO2,40045.832364,226322.254825,0.004997,OU
2025-11-15T01:17:53,1763169473.776933,816441041.299933,4619.309551,63116,24808,csn,1.984807e+02,2.345469e+01,-1.419263e+02,6.656995e+00,1.670016e+02,44,CO2,41319.053599,233526.355580,0.004920,OU
2025-11-15T01:17:55,1763169475.776929,816441043.299929,4621.309551,63116,24808,csn,1.985637e+02,2.345689e+01,-1.419003e+02,6.531194e+00,1.671198e+02,44,CO2,42744.458149,241593.698245,0.004837,OU
2025-11-15T01:17:57,1763169477.776925,816441045.299925,4623.309551,63116,24808,csn,1.986518e+02,2.345937e+01,-1.418742e+02,6.405395e+00,1.672404e+02,44,CO2,39829.291704,225121.195751,0.005011,OU
2025-11-15T01:17:59,1763169479.776921,816441047.299921,4625.309551,63116,24808,csn,1.987451e+02,2.346155e+01,-1.418482e+02,6.279600e+00,1.673579e+02,44,CO2,43605.738088,246470.998652,0.004789,OU
2025-11-15T01:18:01,1763169481.776917,816441049.299917,4627.309551,63116,24808,csn,1.988434e+02,2.346382e+01,-1.418222e+02,6.153807e+00,1.674761e+02,44,CO2,41743.559175,235956.585148,0.004894,OU
2025-11-15T01:18:03,1763169483.776913,816441051.299913,4629.309551,63116,24808,csn,1.989469e+02,2.346623e+01,-1.417962e+02,6.028020e+00,1.675954e+02,44,CO2,41396.365723,234002.983237,0.004915,OU
2025-11-15T01:18:05,1763169485.776909,816441053.299909,4631.309551,63116,24808,csn,1.990554e+02,2.346844e+01,-1.417703e+02,5.902236e+00,1.677124e+02,44,CO2,41089.009307,232270.803679,0.004933,OU
2025-11-15T01:18:07,1763169487.776904,816441055.299904,4633.309551,63116,24808,csn,1.991691e+02,2.347074e+01,-1.417443e+02,5.776458e+00,1.678302e+02,44,CO2,36846.910606,208295.669074,0.005210,OU
2025-11-15T01:18:09,1763169489.776900,816441057.299900,4635.309551,63116,24808,csn,1.992879e+02,2.347295e+01,-1.417184e+02,5.650685e+00,1.679468e+02,44,CO2,42240.830492,238793.475203,0.004866,OU
2025-11-15T01:18:11,1763169491.776895,816441059.299896,4637.309551,63116,24808,csn,1.994118e+02,2.347525e+01,-1.416925e+02,5.524919e+00,1.680640e+02,44,CO2,47003.142784,265730.913360,0.004613,OU
2025-11-15T01:18:13,1763169493.776891,816441061.299891,4639.309551,63116,24808,csn,1.995407e+02,2.347750e+01,-1.416666e+02,5.399158e+00,1.681804e+02,44,CO2,49673.064272,280835.627702,0.004487,OU
2025-11-15T01:18:15,1763169495.776887,816441063.299887,4641.309551,63116,24808,csn,1.996748e+02,2.347970e+01,-1.416407e+02,5.273404e+00,1.682961e+02,44,CO2,52342.986238,295940.344745,0.004371,OU
2025-11-15T01:18:17,1763169497.776883,816441065.299883,4643.309551,63116,24808,csn,1.998140e+02,2.348194e+01,-1.416148e+02,5.147656e+00,1.684118e+02,44,CO2,55354.694586,312982.221426,0.004250,OU
2025-11-15T01:18:19,1763169499.776879,816441067.299879,4645.309551,63116,24808,csn,1.999583e+02,2.348421e+01,-1.415890e+02,5.021917e+00,1.685276e+02,44,CO2,58562.911198,331137.857746,0.004132,OU
2025-11-15T01:18:21,1763169501.776875,816441069.299875,4647.309551,63116,24808,csn,2.001077e+02,2.348650e+01,-1.415631e+02,4.896185e+00,1.686433e+02,44,CO2,61771.127810,349293.494066,0.004024,OU
2025-11-15T01:18:23,1763169503.776871,816441071.299871,4649.309551,63116,24808,csn,2.002622e+02,2.348878e+01,-1.415373e+02,4.770462e+00,1.687586e+02,44,CO2,62354.601402,352607.624842,0.004005,OU
2025-11-15T01:18:25,1763169505.776867,816441073.299867,4651.309551,63116,24808,csn,2.004218e+02,2.349105e+01,-1.415115e+02,4.644748e+00,1.688733e+02,44,CO2,61036.905815,345171.669725,0.004048,OU
2025-11-15T01:18:27,1763169507.776863,816441075.299863,4653.309551,63116,24808,csn,2.005865e+02,2.349330e+01,-1.414857e+02,4.519043e+00,1.689876e+02,44,CO2,59719.210229,337735.714609,0.004092,OU
2025-11-15T01:18:29,1763169509.776858,816441077.299858,4655.309551,63116,24808,csn,2.007562e+02,2.349553e+01,-1.414599e+02,4.393347e+00,1.691013e+02,44,CO2,58147.810218,328863.559326,0.004147,OU
2025-11-15T01:18:31,1763169511.776854,816441079.299854,4657.309551,63116,24808,csn,2.009311e+02,2.349776e+01,-1.414342e+02,4.267661e+00,1.692147e+02,44,CO2,56327.660126,318583.250019,0.004213,OU
2025-11-15T01:18:33,1763169513.776850,816441081.299850,4659.309551,63116,24808,csn,2.011111e+02,2.350005e+01,-1.414084e+02,4.141986e+00,1.693283e+02,44,CO2,54507.510142,308302.941324,0.004283,OU
2025-11-15T01:18:35,1763169515.776846,816441083.299846,4661.309551,63116,24808,csn,2.012961e+02,2.350243e+01,-1.413827e+02,4.016322e+00,1.694425e+02,44,CO2,54005.736078,305480.783265,0.004303,OU
2025-11-15T01:18:37,1763169517.776841,816441085.299841,4663.309551,63116,24808,csn,2.014863e+02,2.350483e+01,-1.413570e+02,3.890669e+00,1.695565e+02,44,CO2,55148.735897,311963.233401,0.004258,OU
2025-11-15T01:18:39,1763169519.776837,816441087.299837,4665.309551,63116,24808,csn,2.016815e+02,2.350710e+01,-1.413313e+02,3.765028e+00,1.696687e+02,44,CO2,56291.735921,318445.684697,0.004215,OU
2025-11-15T01:18:41,1763169521.776833,816441089.299833,4667.309551,63116,24808,csn,2.018819e+02,2.350910e+01,-1.413056e+02,3.639399e+00,1.697776e+02,44,CO2,56516.772296,319734.426192,0.004206,OU
2025-11-15T01:18:43,1763169523.776829,816441091.299829,4669.309551,63116,24808,csn,2.020873e+02,2.351133e+01,-1.412799e+02,3.513783e+00,1.698885e+02,44,CO2,60014.345874,339535.944282,0.004082,OU
2025-11-15T01:18:45,1763169525.776825,816441093.299825,4671.309551,63116,24808,csn,2.022978e+02,2.351360e+01,-1.412542e+02,3.388179e+00,1.699994e+02,44,CO2,61823.538770,349786.877088,0.004022,OU
2025-11-15T01:18:47,1763169527.776821,816441095.299821,4673.309551,63116,24808,csn,2.025133e+02,2.351587e+01,-1.412286e+02,3.262589e+00,1.701098e+02,44,CO2,64773.107737,366499.978361,0.003929,OU
2025-11-15T01:18:49,1763169529.776817,816441097.299817,4675.309551,63116,24808,csn,2.027340e+02,2.351804e+01,-1.412029e+02,3.137013e+00,1.702186e+02,44,CO2,68227.015254,386068.281273,0.003828,OU
2025-11-15T01:18:51,1763169531.776812,816441099.299812,4677.309551,63116,24808,csn,2.029597e+02,2.352043e+01,-1.411773e+02,3.011451e+00,1.703294e+02,44,CO2,67313.595505,380917.376272,0.003854,OU
2025-11-15T01:18:53,1763169533.776808,816441101.299808,4679.309551,63116,24808,csn,2.031905e+02,2.352251e+01,-1.411517e+02,2.885904e+00,1.704362e+02,44,CO2,68020.322206,384935.170372,0.003834,OU
2025-11-15T01:18:55,1763169535.776804,816441103.299805,4681.309551,63116,24808,csn,2.034264e+02,2.352498e+01,-1.411261e+02,2.760371e+00,1.705468e+02,44,CO2,69264.064371,392008.833579,0.003800,OU
2025-11-15T01:18:57,1763169537.776800,816441105.299800,4683.309551,63116,24808,csn,2.036674e+02,2.352701e+01,-1.411005e+02,2.634855e+00,1.706520e+02,44,CO2,68671.380428,388677.274758,0.003816,OU
2025-11-15T01:18:59,1763169539.776796,816441107.299796,4685.309551,63116,24808,csn,2.039134e+02,2.352947e+01,-1.410749e+02,2.509354e+00,1.707614e+02,44,CO2,70591.139120,399563.444304,0.003764,OU
2025-11-15T01:19:01,1763169541.776791,816441109.299791,4687.309551,63116,24808,csn,2.041645e+02,2.353146e+01,-1.410493e+02,2.383870e+00,1.708648e+02,44,CO2,70945.841354,401595.537990,0.003754,OU
2025-11-15T01:19:03,1763169543.776788,816441111.299788,4689.309551,63116,24808,csn,2.044207e+02,2.353372e+01,-1.410238e+02,2.258402e+00,1.709707e+02,44,CO2,72329.727757,409465.014078,0.003718,OU
2025-11-15T01:19:05,1763169545.776783,816441113.299783,4691.309551,63116,24808,csn,2.046819e+02,2.353600e+01,-1.409982e+02,2.132951e+00,1.710762e+02,44,CO2,74335.460514,420842.403242,0.003668,OU
2025-11-15T01:19:07,1763169547.776779,816441115.299779,4693.309551,63116,24808,csn,2.049482e+02,2.353824e+01,-1.409727e+02,2.007518e+00,1.711807e+02,44,CO2,75048.913276,424905.191938,0.003650,OU
2025-11-15T01:19:09,1763169549.776775,816441117.299775,4695.309551,63116,24808,csn,2.052196e+02,2.354049e+01,-1.409472e+02,1.882103e+00,1.712845e+02,44,CO2,74408.628689,421304.820795,0.003666,OU
2025-11-15T01:19:11,1763169551.776771,816441119.299771,4697.309551,63116,24808,csn,2.054960e+02,2.354273e+01,-1.409216e+02,1.756707e+00,1.713875e+02,44,CO2,69830.579772,395407.909383,0.003784,OU
2025-11-15T01:19:13,1763169553.776766,816441121.299766,4699.309551,63116,24808,csn,2.057775e+02,2.354498e+01,-1.408961e+02,1.631329e+00,1.714898e+02,44,CO2,69438.766931,393211.998720,0.003795,OU
2025-11-15T01:19:15,1763169555.776763,816441123.299763,4701.309551,63116,24808,csn,2.060640e+02,2.354726e+01,-1.408706e+02,1.505970e+00,1.715918e+02,44,CO2,64645.839123,366092.890301,0.003933,OU
2025-11-15T01:19:17,1763169557.776759,816441125.299759,4703.309551,63116,24808,csn,2.063556e+02,2.354948e+01,-1.408451e+02,1.380631e+00,1.716922e+02,44,CO2,60668.309190,343600.800600,0.004060,OU
2025-11-15T01:19:19,1763169559.776754,816441127.299754,4705.309551,63116,24808,csn,2.066523e+02,2.355177e+01,-1.408196e+02,1.255312e+00,1.717928e+02,44,CO2,56017.614792,317285.251713,0.004225,OU
2025-11-15T01:19:21,1763169561.776750,816441129.299750,4707.309551,63116,24808,csn,2.069539e+02,2.355395e+01,-1.407942e+02,1.130014e+00,1.718911e+02,44,CO2,52441.299069,297047.338677,0.004367,OU
2025-11-15T01:19:23,1763169563.776746,816441131.299746,4709.309551,63116,24808,csn,2.072607e+02,2.355626e+01,-1.407687e+02,1.004736e+00,1.719901e+02,44,CO2,47620.835859,269760.838458,0.004582,OU
2025-11-15T01:19:25,1763169565.776742,816441133.299742,4711.309551,63116,24808,csn,2.075724e+02,2.355848e+01,-1.407432e+02,8.794799e-01,1.720871e+02,44,CO2,44044.971556,249531.726318,0.004765,OU
2025-11-15T01:19:27,1763169567.776737,816441135.299737,4713.309551,63116,24808,csn,2.078892e+02,2.356078e+01,-1.407178e+02,7.542459e-01,1.721841e+02,44,CO2,40697.908959,230584.227334,0.004957,OU
2025-11-15T01:19:29,1763169569.776733,816441137.299733,4715.309551,63116,24808,csn,2.082111e+02,2.356301e+01,-1.406923e+02,6.290335e-01,1.722793e+02,44,CO2,36441.607849,206483.230813,0.005238,OU
2025-11-15T01:19:31,1763169571.776729,816441139.299729,4717.309551,63116,24808,csn,2.085380e+02,2.356528e+01,-1.406669e+02,5.038433e-01,1.723740e+02,44,CO2,31962.995770,181122.746808,0.005593,OU
2025-11-15T01:19:33,1763169573.776725,816441141.299725,4719.309551,63116,24808,csn,2.088699e+02,2.356749e+01,-1.406415e+02,3.786764e-01,1.724669e+02,44,CO2,32132.193451,182099.406721,0.005579,OU
2025-11-15T01:19:35,1763169575.776721,816441143.299721,4721.309551,63116,24808,csn,2.092068e+02,2.356981e+01,-1.406161e+02,2.535326e-01,1.725601e+02,44,CO2,29556.981373,167516.804079,0.005817,OU
2025-11-15T01:19:37,1763169577.776717,816441145.299717,4723.309551,63116,24808,csn,2.095488e+02,2.357182e+01,-1.405906e+02,1.284124e-01,1.726481e+02,44,CO2,27088.196687,153535.833425,0.006076,OU
2025-11-15T01:19:39,1763169579.776713,816441147.299713,4725.309551,63116,24808,csn,2.098958e+02,2.357421e+01,-1.405652e+02,3.316722e-03,1.727399e+02,44,CO2,25007.034096,141751.927993,0.006324,OU
2025-11-15T01:19:41,1763169581.776709,816441149.299709,4727.309551,63116,24808,csn,2.102479e+02,2.357631e+01,-1.405398e+02,-1.217549e-01,1.728268e+02,44,CO2,23448.914909,132931.826392,0.006530,OU
2025-11-15T01:19:43,1763169583.776705,816441151.299705,4729.309551,63116,24808,csn,2.106049e+02,2.357872e+01,-1.405144e+02,-2.468010e-01,1.729163e+02,44,CO2,22959.992019,130169.536008,0.006600,OU
2025-11-15T01:19:45,1763169585.776700,816441153.299700,4731.309551,63116,24808,csn,2.109670e+02,2.358077e+01,-1.404890e+02,-3.718213e-01,1.729999e+02,44,CO2,21328.573254,120929.661348,0.006847,OU
2025-11-15T01:19:47,1763169587.776696,816441155.299696,4733.309551,63116,24808,csn,2.113340e+02,2.358297e+01,-1.404637e+02,-4.968171e-01,1.730840e+02,44,CO2,20751.183769,117670.053954,0.006942,OU
2025-11-15T01:19:49,1763169589.776691,816441157.299691,4735.309551,63116,24808,csn,2.117061e+02,2.358528e+01,-1.404383e+02,-6.217857e-01,1.731682e+02,44,CO2,19274.553597,109305.881783,0.007203,OU
2025-11-15T01:19:51,1763169591.776687,816441159.299687,4737.309551,63116,24808,csn,2.120832e+02,2.358750e+01,-1.404129e+02,-7.467287e-01,1.732497e+02,44,CO2,20169.592646,114390.503807,0.007041,OU
2025-11-15T01:19:53,1763169593.776683,816441161.299683,4739.309551,63116,24808,csn,2.124653e+02,2.358978e+01,-1.403875e+02,-8.716438e-01,1.733306e+02,44,CO2,20705.493011,117440.063109,0.006950,OU
2025-11-15T01:19:55,1763169595.776679,816441163.299679,4741.309551,63116,24808,csn,2.128524e+02,2.359198e+01,-1.403622e+02,-9.965323e-01,1.734088e+02,44,CO2,19486.287511,110536.207290,0.007164,OU
2025-11-15T01:19:57,1763169597.776675,816441165.299675,4743.309551,63116,24808,csn,2.132445e+02,2.359427e+01,-1.403368e+02,-1.121392e+00,1.734866e+02,44,CO2,18909.047866,107270.721862,0.007272,OU
2025-11-15T01:19:59,1763169599.776671,816441167.299671,4745.309551,63116,24808,csn,2.136416e+02,2.359651e+01,-1.403115e+02,-1.246224e+00,1.735620e+02,44,CO2,18757.471900,106419.451472,0.007302,OU
2025-11-15T01:20:01,1763169601.776667,816441169.299667,4747.309551,63116,24808,csn,2.140437e+02,2.359881e+01,-1.402861e+02,-1.371028e+00,1.736366e+02,44,CO2,19929.067881,113075.982283,0.007084,OU
2025-11-15T01:20:03,1763169603.776663,816441171.299663,4749.309551,63116,24808,csn,2.144507e+02,2.360085e+01,-1.402608e+02,-1.495803e+00,1.737056e+02,44,CO2,18856.051953,106996.654977,0.007282,OU
2025-11-15T01:20:05,1763169605.776658,816441173.299658,4751.309551,63116,24808,csn,2.148628e+02,2.360299e+01,-1.402354e+02,-1.620548e+00,1.737743e+02,44,CO2,19368.411505,109917.811366,0.007185,OU
2025-11-15T01:20:07,1763169607.776654,816441175.299654,4753.309551,63116,24808,csn,2.152798e+02,2.360532e+01,-1.402101e+02,-1.745263e+00,1.738438e+02,44,CO2,18286.818038,103790.944190,0.007395,OU
2025-11-15T01:20:09,1763169609.776650,816441177.299651,4755.309551,63116,24808,csn,2.157019e+02,2.360755e+01,-1.401847e+02,-1.869949e+00,1.739097e+02,44,CO2,18388.576983,104377.376250,0.007374,OU
2025-11-15T01:20:11,1763169611.776646,816441179.299646,4757.309551,63116,24808,csn,2.161289e+02,2.360985e+01,-1.401594e+02,-1.994604e+00,1.739747e+02,44,CO2,18717.189721,106252.438425,0.007309,OU
2025-11-15T01:20:13,1763169613.776642,816441181.299642,4759.309551,63116,24808,csn,2.165608e+02,2.361207e+01,-1.401341e+02,-2.119227e+00,1.740364e+02,44,CO2,18256.127383,103647.347709,0.007401,OU
2025-11-15T01:20:15,1763169615.776638,816441183.299638,4761.309551,63116,24808,csn,2.169978e+02,2.361438e+01,-1.401087e+02,-2.243819e+00,1.740971e+02,44,CO2,17449.382156,99077.454886,0.007570,OU
2025-11-15T01:20:17,1763169617.776633,816441185.299633,4763.309551,63116,24808,csn,2.174397e+02,2.361655e+01,-1.400834e+02,-2.368380e+00,1.741538e+02,44,CO2,17509.739742,99429.302039,0.007557,OU
2025-11-15T01:20:19,1763169619.776629,816441187.299630,4765.309551,63116,24808,csn,2.178865e+02,2.361886e+01,-1.400581e+02,-2.492908e+00,1.742100e+02,44,CO2,16161.087839,91779.656127,0.007866,OU
2025-11-15T01:20:21,1763169621.776625,816441189.299626,4767.309551,63116,24808,csn,2.183384e+02,2.362106e+01,-1.400328e+02,-2.617404e+00,1.742623e+02,44,CO2,14105.037393,80113.051562,0.008420,OU
2025-11-15T01:20:23,1763169623.776621,816441191.299621,4769.309551,63116,24808,csn,2.187952e+02,2.362338e+01,-1.400074e+02,-2.741868e+00,1.743140e+02,44,CO2,13838.906998,78608.810519,0.008501,OU
2025-11-15T01:20:25,1763169625.776617,816441193.299617,4771.309551,63116,24808,csn,2.192569e+02,2.362551e+01,-1.399821e+02,-2.866297e+00,1.743603e+02,44,CO2,12802.079249,72726.416123,0.008838,OU
2025-11-15T01:20:27,1763169627.776612,816441195.299612,4773.309551,63116,24808,csn,2.197236e+02,2.362754e+01,-1.399568e+02,-2.990693e+00,1.744026e+02,44,CO2,13417.474476,76230.518329,0.008633,OU
2025-11-15T01:20:29,1763169629.776609,816441197.299609,4775.309551,63116,24808,csn,2.201952e+02,2.362982e+01,-1.399315e+02,-3.115055e+00,1.744460e+02,44,CO2,12230.601233,69496.040124,0.009042,OU
2025-11-15T01:20:31,1763169631.776604,816441199.299604,4777.309551,63116,24808,csn,2.206717e+02,2.363207e+01,-1.399062e+02,-3.239382e+00,1.744862e+02,44,CO2,12612.820501,71674.479461,0.008904,OU
2025-11-15T01:20:33,1763169633.776600,816441201.299600,4779.309551,63116,24808,csn,2.211532e+02,2.363434e+01,-1.398809e+02,-3.363675e+00,1.745241e+02,44,CO2,12415.712763,70561.797715,0.008975,OU
2025-11-15T01:20:35,1763169635.776596,816441203.299596,4781.309551,63116,24808,csn,2.216397e+02,2.363657e+01,-1.398556e+02,-3.487932e+00,1.745585e+02,44,CO2,11726.170909,66651.211857,0.009235,OU
2025-11-15T01:20:37,1763169637.776592,816441205.299592,4783.309551,63116,24808,csn,2.221310e+02,2.363887e+01,-1.398302e+02,-3.612154e+00,1.745911e+02,44,CO2,10917.025703,62058.983668,0.009571,OU
2025-11-15T01:20:39,1763169639.776587,816441207.299587,4785.309551,63116,24808,csn,2.226273e+02,2.364106e+01,-1.398049e+02,-3.736339e+00,1.746191e+02,44,CO2,12373.185480,70344.020350,0.008990,OU
2025-11-15T01:20:41,1763169641.776584,816441209.299584,4787.309551,63116,24808,csn,2.231285e+02,2.364336e+01,-1.397796e+02,-3.860489e+00,1.746459e+02,44,CO2,10570.091302,60099.250493,0.009727,OU
2025-11-15T01:20:43,1763169643.776579,816441211.299579,4789.309551,63116,24808,csn,2.236347e+02,2.364557e+01,-1.397543e+02,-3.984601e+00,1.746684e+02,44,CO2,9762.796186,55516.784692,0.010121,OU
2025-11-15T01:20:45,1763169645.776576,816441213.299575,4791.309551,63116,24808,csn,2.241457e+02,2.364788e+01,-1.397290e+02,-4.108676e+00,1.746895e+02,44,CO2,11024.313441,62697.085914,0.009524,OU
2025-11-15T01:20:47,1763169647.776571,816441215.299571,4793.309551,63116,24808,csn,2.246616e+02,2.365005e+01,-1.397037e+02,-4.232714e+00,1.747052e+02,44,CO2,9417.761338,53566.322494,0.010304,OU
2025-11-15T01:20:49,1763169649.776567,816441217.299567,4795.309551,63116,24808,csn,2.251825e+02,2.365205e+01,-1.396783e+02,-4.356713e+00,1.747156e+02,44,CO2,10225.402053,58166.611064,0.009889,OU
2025-11-15T01:20:51,1763169651.776563,816441219.299563,4797.309551,63116,24808,csn,2.257082e+02,2.365431e+01,-1.396530e+02,-4.480675e+00,1.747266e+02,44,CO2,9618.053504,54719.788439,0.010197,OU
2025-11-15T01:20:53,1763169653.776558,816441221.299558,4799.309551,63116,24808,csn,2.262389e+02,2.365657e+01,-1.396277e+02,-4.604597e+00,1.747345e+02,44,CO2,9634.216904,54817.666506,0.010188,OU
2025-11-15T01:20:55,1763169655.776555,816441223.299554,4801.309551,63116,24808,csn,2.267744e+02,2.365883e+01,-1.396024e+02,-4.728481e+00,1.747393e+02,44,CO2,8355.755637,47548.724463,0.010940,OU
2025-11-15T01:20:57,1763169657.776550,816441225.299550,4803.309551,63116,24808,csn,2.273148e+02,2.366108e+01,-1.395771e+02,-4.852324e+00,1.747408e+02,44,CO2,10432.299611,59373.800573,0.009791,OU
2025-11-15T01:20:59,1763169659.776546,816441227.299546,4805.309551,63116,24808,csn,2.278602e+02,2.366336e+01,-1.395517e+02,-4.976129e+00,1.747397e+02,44,CO2,9432.326006,53689.722673,0.010297,OU
2025-11-15T01:21:01,1763169661.776542,816441229.299542,4807.309551,63116,24808,csn,2.284103e+02,2.366556e+01,-1.395264e+02,-5.099893e+00,1.747343e+02,44,CO2,9875.653199,56219.488530,0.010063,OU
2025-11-15T01:21:03,1763169663.776537,816441231.299537,4809.309551,63116,24808,csn,2.289654e+02,2.366785e+01,-1.395011e+02,-5.223617e+00,1.747270e+02,44,CO2,8836.832026,50311.588354,0.010638,OU
2025-11-15T01:21:05,1763169665.776533,816441233.299533,4811.309551,63116,24808,csn,2.295253e+02,2.367006e+01,-1.394757e+02,-5.347299e+00,1.747156e+02,44,CO2,9118.305599,51921.782001,0.010472,OU
2025-11-15T01:21:07,1763169667.776530,816441235.299530,4813.309551,63116,24808,csn,2.300901e+02,2.367237e+01,-1.394504e+02,-5.470940e+00,1.747025e+02,44,CO2,9101.018269,51829.668401,0.010482,OU
2025-11-15T01:21:09,1763169669.776526,816441237.299526,4815.309551,63116,24808,csn,2.306598e+02,2.367456e+01,-1.394250e+02,-5.594539e+00,1.746846e+02,44,CO2,9063.423599,51621.655362,0.010504,OU
2025-11-15T01:21:11,1763169671.776521,816441239.299521,4817.309551,63116,24808,csn,2.312343e+02,2.367663e+01,-1.393997e+02,-5.718096e+00,1.746621e+02,44,CO2,7870.535961,44833.253518,0.011272,OU
2025-11-15T01:21:13,1763169673.776517,816441241.299517,4819.309551,63116,24808,csn,2.318137e+02,2.367904e+01,-1.393744e+02,-5.841611e+00,1.746413e+02,44,CO2,8288.004690,47218.537960,0.010984,OU
2025-11-15T01:21:15,1763169675.776512,816441243.299513,4821.309551,63116,24808,csn,2.323979e+02,2.368103e+01,-1.393490e+02,-5.965083e+00,1.746119e+02,44,CO2,7472.608917,42578.521981,0.011568,OU
2025-11-15T01:21:17,1763169677.776508,816441245.299508,4823.309551,63116,24808,csn,2.329870e+02,2.368333e+01,-1.393236e+02,-6.088512e+00,1.745839e+02,44,CO2,7649.856875,43593.370001,0.011433,OU
2025-11-15T01:21:19,1763169679.776504,816441247.299504,4825.309551,63116,24808,csn,2.335809e+02,2.368557e+01,-1.392983e+02,-6.211897e+00,1.745522e+02,44,CO2,7531.879879,42927.169401,0.011523,OU
2025-11-15T01:21:21,1763169681.776500,816441249.299500,4827.309551,63116,24808,csn,2.341796e+02,2.368784e+01,-1.392729e+02,-6.335238e+00,1.745180e+02,44,CO2,7859.109882,44797.746712,0.011280,OU
2025-11-15T01:21:23,1763169683.776496,816441251.299496,4829.309551,63116,24808,csn,2.347832e+02,2.369005e+01,-1.392475e+02,-6.458535e+00,1.744804e+02,44,CO2,7260.121133,41388.390649,0.011736,OU
2025-11-15T01:21:25,1763169685.776492,816441253.299492,4831.309551,63116,24808,csn,2.353915e+02,2.369233e+01,-1.392222e+02,-6.581787e+00,1.744409e+02,44,CO2,7612.460064,43402.560572,0.011461,OU
2025-11-15T01:21:27,1763169687.776488,816441255.299488,4833.309551,63116,24808,csn,2.360047e+02,2.369456e+01,-1.391968e+02,-6.704993e+00,1.743983e+02,44,CO2,8100.933943,46195.225079,0.011110,OU
2025-11-15T01:21:29,1763169689.776484,816441257.299484,4835.309551,63116,24808,csn,2.366228e+02,2.369686e+01,-1.391714e+02,-6.828156e+00,1.743540e+02,44,CO2,6947.422762,39622.528337,0.011997,OU
2025-11-15T01:21:31,1763169691.776479,816441259.299479,4837.309551,63116,24808,csn,2.372456e+02,2.369908e+01,-1.391460e+02,-6.951271e+00,1.743061e+02,44,CO2,6962.847337,39715.615810,0.011984,OU
2025-11-15T01:21:33,1763169693.776475,816441261.299476,4839.309551,63116,24808,csn,2.378732e+02,2.370138e+01,-1.391206e+02,-7.074342e+00,1.742568e+02,44,CO2,6437.114088,36721.881015,0.012464,OU
2025-11-15T01:21:35,1763169695.776471,816441263.299471,4841.309551,63116,24808,csn,2.385057e+02,2.370356e+01,-1.390952e+02,-7.197365e+00,1.742038e+02,44,CO2,6738.846231,38449.353434,0.012182,OU
2025-11-15T01:21:37,1763169697.776467,816441265.299467,4843.309551,63116,24808,csn,2.391429e+02,2.370588e+01,-1.390698e+02,-7.320342e+00,1.741501e+02,44,CO2,7441.477604,42463.676302,0.011592,OU
2025-11-15T01:21:39,1763169699.776463,816441267.299463,4845.309551,63116,24808,csn,2.397849e+02,2.370801e+01,-1.390444e+02,-7.443270e+00,1.740921e+02,44,CO2,6175.585330,35244.879147,0.012725,OU
2025-11-15T01:21:41,1763169701.776458,816441269.299458,4847.309551,63116,24808,csn,2.404317e+02,2.371004e+01,-1.390189e+02,-7.566152e+00,1.740308e+02,44,CO2,6682.385563,38142.890380,0.012233,OU
2025-11-15T01:21:43,1763169703.776455,816441271.299455,4849.309551,63116,24808,csn,2.410833e+02,2.371237e+01,-1.389935e+02,-7.688985e+00,1.739707e+02,44,CO2,6016.934764,34349.960673,0.012892,OU
2025-11-15T01:21:45,1763169705.776450,816441273.299450,4851.309551,63116,24808,csn,2.417397e+02,2.371446e+01,-1.389681e+02,-7.811772e+00,1.739062e+02,44,CO2,6045.868174,34519.990283,0.012861,OU
2025-11-15T01:21:47,1763169707.776446,816441275.299446,4853.309551,63116,24808,csn,2.424008e+02,2.371715e+01,-1.389426e+02,-7.934504e+00,1.738457e+02,44,CO2,6455.634914,36864.415978,0.012446,OU
2025-11-15T01:21:49,1763169709.776443,816441277.299443,4855.309551,63116,24808,csn,2.430667e+02,2.371821e+01,-1.389172e+02,-8.057206e+00,1.737667e+02,44,CO2,5844.955372,33382.266573,0.013080,OU
2025-11-15T01:21:51,1763169711.776438,816441279.299438,4857.309551,63116,24808,csn,2.437373e+02,2.372089e+01,-1.388917e+02,-8.179840e+00,1.737025e+02,44,CO2,5870.569286,33533.708554,0.013051,OU
2025-11-15T01:21:53,1763169713.776433,816441281.299433,4859.309551,63116,24808,csn,2.444127e+02,2.372390e+01,-1.388662e+02,-8.302421e+00,1.736397e+02,44,CO2,5948.650368,33985.105198,0.012966,OU
2025-11-15T01:21:55,1763169715.776429,816441283.299429,4861.309551,63116,24808,csn,2.450929e+02,2.372630e+01,-1.388408e+02,-8.424958e+00,1.735691e+02,44,CO2,6146.447451,35120.917897,0.012755,OU
2025-11-15T01:21:57,1763169717.776425,816441285.299425,4863.309551,63116,24808,csn,2.457778e+02,2.372836e+01,-1.388153e+02,-8.547449e+00,1.734933e+02,44,CO2,6344.244592,36256.730935,0.012555,OU
2025-11-15T01:21:59,1763169719.776422,816441287.299421,4865.309551,63116,24808,csn,2.464674e+02,2.373037e+01,-1.387898e+02,-8.669888e+00,1.734157e+02,44,CO2,-999.000000,-999.000000,-999.000000,OU
2025-11-15T01:22:01,1763169721.776417,816441289.299417,4867.309551,63116,24808,csn,2.471618e+02,2.373250e+01,-1.387643e+02,-8.792273e+00,1.733377e+02,44,CO2,-999.000000,-999.000000,-999.000000,OU
2025-11-15T01:22:03,1763169723.776413,816441291.299413,4869.309551,63116,24808,csn,2.478609e+02,2.373486e+01,-1.387388e+02,-8.914609e+00,1.732603e+02,44,CO2,-999.000000,-999.000000,-999.000000,OU
2025-11-15T01:22:05,1763169725.776412,816441293.299409,4871.309551,63116,24808,csn,2.485647e+02,2.373715e+01,-1.387132e+02,-9.036891e+00,1.731809e+02,44,CO2,-999.000000,-999.000000,-999.000000,OU
2025-11-15T01:22:07,1763169727.776411,816441295.299405,4873.309551,63116,24808,csn,2.492732e+02,2.373932e+01,-1.386877e+02,-9.159123e+00,1.730990e+02,44,CO2,-999.000000,-999.000000,-999.000000,OU
2025-11-15T01:22:09,1763169729.776312,816441297.299401,4875.309551,63116,24808,csn,2.499864e+02,2.374153e+01,-1.386622e+02,-9.281301e+00,1.730162e+02,44,CO2,-999.000000,-999.000000,-999.000000,OU
2025-11-15T01:22:11,1763169731.777323,816441299.299396,4877.309551,63116,24808,csn,2.507044e+02,2.374381e+01,-1.386366e+02,-9.403427e+00,1.729327e+02,44,CO2,-999.000000,-999.000000,-999.000000,OU
2025-11-15T01:22:13,1763169733.776192,816441301.299392,4879.309551,63116,24808,csn,2.514270e+02,2.374596e+01,-1.386110e+02,-9.525499e+00,1.728470e+02,44,CO2,-999.000000,-999.000000,-999.000000,OU
2025-11-15T01:22:15,1763169735.776983,816441303.299387,4881.309551,63116,24808,csn,2.521543e+02,2.374827e+01,-1.385855e+02,-9.647518e+00,1.727613e+02,44,CO2,-999.000000,-999.000000,-999.000000,OU
2025-11-15T01:22:17,1763169737.777411,816441305.299383,4883.309551,63116,24808,csn,2.528864e+02,2.375062e+01,-1.385599e+02,-9.769483e+00,1.726747e+02,44,CO2,5737.890649,32841.779562,0.013202,OU
2025-11-15T01:22:19,1763169739.777388,816441307.299379,4885.309551,63116,24808,csn,2.536231e+02,2.375279e+01,-1.385343e+02,-9.891394e+00,1.725857e+02,44,CO2,-999.000000,-999.000000,-999.000000,OU
2025-11-15T01:22:21,1763169741.777374,816441309.299375,4887.309551,63116,24808,csn,2.543645e+02,2.375512e+01,-1.385087e+02,-1.001325e+01,1.724969e+02,44,CO2,-999.000000,-999.000000,-999.000000,OU
2025-11-15T01:22:23,1763169743.777371,816441311.299371,4889.309551,63116,24808,csn,2.551105e+02,2.375716e+01,-1.384831e+02,-1.013505e+01,1.724050e+02,44,CO2,-999.000000,-999.000000,-999.000000,OU
2025-11-15T01:22:25,1763169745.777367,816441313.299367,4891.309551,63116,24808,csn,2.558612e+02,2.375961e+01,-1.384574e+02,-1.025680e+01,1.723150e+02,44,CO2,-999.000000,-999.000000,-999.000000,OU
2025-11-15T01:22:27,1763169747.777362,816441315.299363,4893.309551,63116,24808,csn,2.566166e+02,2.376166e+01,-1.384318e+02,-1.037849e+01,1.722213e+02,44,CO2,-999.000000,-999.000000,-999.000000,OU
2025-11-15T01:22:29,1763169749.777359,816441317.299359,4895.309551,63116,24808,csn,2.573766e+02,2.376404e+01,-1.384061e+02,-1.050012e+01,1.721289e+02,44,CO2,-999.000000,-999.000000,-999.000000,OU
2025-11-15T01:22:31,1763169751.777354,816441319.299355,4897.309551,63116,24808,csn,2.581413e+02,2.376626e+01,-1.383805e+02,-1.062170e+01,1.720346e+02,44,CO2,-999.000000,-999.000000,-999.000000,OU
2025-11-15T01:22:33,1763169753.777350,816441321.299350,4899.309551,63116,24808,csn,2.589106e+02,2.376851e+01,-1.383548e+02,-1.074322e+01,1.719397e+02,44,CO2,-999.000000,-999.000000,-999.000000,OU
2025-11-15T01:22:35,1763169755.777346,816441323.299346,4901.309551,63116,24808,csn,2.596846e+02,2.377087e+01,-1.383291e+02,-1.086469e+01,1.718447e+02,44,CO2,-999.000000,-999.000000,-999.000000,OU
2025-11-15T01:22:37,1763169757.777342,816441325.299342,4903.309551,63116,24808,csn,2.604632e+02,2.377314e+01,-1.383034e+02,-1.098610e+01,1.717483e+02,44,CO2,-999.000000,-999.000000,-999.000000,OU
2025-11-15T01:22:39,1763169759.777338,816441327.299338,4905.309551,63116,24808,csn,2.612464e+02,2.377537e+01,-1.382777e+02,-1.110745e+01,1.716509e+02,44,CO2,-999.000000,-999.000000,-999.000000,OU
2025-11-15T01:22:41,1763169761.777334,816441329.299334,4907.309551,63116,24808,csn,2.620342e+02,2.377754e+01,-1.382519e+02,-1.122874e+01,1.715525e+02,44,CO2,-999.000000,-999.000000,-999.000000,OU
2025-11-15T01:22:43,1763169763.777329,816441331.299329,4909.309551,63116,24808,csn,2.628266e+02,2.377977e+01,-1.382262e+02,-1.134997e+01,1.714538e+02,44,CO2,-999.000000,-999.000000,-999.000000,OU
2025-11-15T01:22:45,1763169765.777326,816441333.299325,4911.309551,63116,24808,csn,2.636237e+02,2.378222e+01,-1.382004e+02,-1.147115e+01,1.713556e+02,44,CO2,-999.000000,-999.000000,-999.000000,OU
2025-11-15T01:22:47,1763169767.777321,816441335.299321,4913.309551,63116,24808,csn,2.644253e+02,2.378425e+01,-1.381747e+02,-1.159227e+01,1.712545e+02,44,CO2,-999.000000,-999.000000,-999.000000,OU
2025-11-15T01:22:49,1763169769.777317,816441337.299317,4915.309551,63116,24808,csn,2.652316e+02,2.378661e+01,-1.381489e+02,-1.171332e+01,1.711546e+02,44,CO2,-999.000000,-999.000000,-999.000000,OU
2025-11-15T01:22:51,1763169771.777313,816441339.299313,4917.309551,63116,24808,csn,2.660424e+02,2.378883e+01,-1.381231e+02,-1.183432e+01,1.710533e+02,44,CO2,-999.000000,-999.000000,-999.000000,OU
2025-11-15T01:22:53,1763169773.777309,816441341.299309,4919.309551,63116,24808,csn,2.668578e+02,2.379111e+01,-1.380972e+02,-1.195526e+01,1.709518e+02,44,CO2,-999.000000,-999.000000,-999.000000,OU
2025-11-15T01:22:55,1763169775.777304,816441343.299304,4921.309551,63116,24808,csn,2.676778e+02,2.379345e+01,-1.380714e+02,-1.207614e+01,1.708500e+02,44,CO2,-999.000000,-999.000000,-999.000000,OU
2025-11-15T01:22:57,1763169777.777301,816441345.299301,4923.309551,63116,24808,csn,2.685023e+02,2.379567e+01,-1.380456e+02,-1.219696e+01,1.707471e+02,44,CO2,-999.000000,-999.000000,-999.000000,OU
2025-11-15T01:22:59,1763169779.777297,816441347.299297,4925.309551,63116,24808,csn,2.693314e+02,2.379799e+01,-1.380197e+02,-1.231771e+01,1.706442e+02,44,CO2,-999.000000,-999.000000,-999.000000,OU
2025-11-15T01:23:01,1763169781.777292,816441349.299292,4927.309551,63116,24808,csn,2.701651e+02,2.380005e+01,-1.379938e+02,-1.243841e+01,1.705396e+02,44,CO2,-999.000000,-999.000000,-999.000000,OU
2025-11-15T01:23:03,1763169783.777288,816441351.299288,4929.309551,63116,24808,csn,2.710033e+02,2.380244e+01,-1.379679e+02,-1.255905e+01,1.704361e+02,44,CO2,-999.000000,-999.000000,-999.000000,OU
2025-11-15T01:23:05,1763169785.777283,816441353.299283,4931.309551,63116,24808,csn,2.718461e+02,2.380477e+01,-1.379420e+02,-1.267962e+01,1.703318e+02,44,CO2,-999.000000,-999.000000,-999.000000,OU
2025-11-15T01:23:07,1763169787.777280,816441355.299280,4933.309551,63116,24808,csn,2.726933e+02,2.380690e+01,-1.379161e+02,-1.280013e+01,1.702262e+02,44,CO2,-999.000000,-999.000000,-999.000000,OU
2025-11-15T01:23:09,1763169789.777275,816441357.299275,4935.309551,63116,24808,csn,2.735452e+02,2.380926e+01,-1.378902e+02,-1.292058e+01,1.701212e+02,44,CO2,-999.000000,-999.000000,-999.000000,OU
2025-11-15T01:23:11,1763169791.777271,816441359.299271,4937.309551,63116,24808,csn,2.744015e+02,2.381165e+01,-1.378642e+02,-1.304096e+01,1.700159e+02,44,CO2,-999.000000,-999.000000,-999.000000,OU
2025-11-15T01:23:13,1763169793.777267,816441361.299267,4939.309551,63116,24808,csn,2.752624e+02,2.381371e+01,-1.378382e+02,-1.316129e+01,1.699088e+02,44,CO2,-999.000000,-999.000000,-999.000000,OU
2025-11-15T01:23:15,1763169795.777263,816441363.299263,4941.309551,63116,24808,csn,2.761278e+02,2.381604e+01,-1.378122e+02,-1.328155e+01,1.698025e+02,44,CO2,-999.000000,-999.000000,-999.000000,OU
2025-11-15T01:23:17,1763169797.777259,816441365.299259,4943.309551,63116,24808,csn,2.769976e+02,2.381821e+01,-1.377862e+02,-1.340174e+01,1.696953e+02,44,CO2,-999.000000,-999.000000,-999.000000,OU
2025-11-15T01:23:19,1763169799.777255,816441367.299255,4945.309551,63116,24808,csn,2.778720e+02,2.382056e+01,-1.377602e+02,-1.352187e+01,1.695883e+02,44,CO2,-999.000000,-999.000000,-999.000000,OU
2025-11-15T01:23:21,1763169801.777251,816441369.299251,4947.309551,63116,24808,csn,2.787509e+02,2.382286e+01,-1.377341e+02,-1.364194e+01,1.694809e+02,44,CO2,-999.000000,-999.000000,-999.000000,OU
2025-11-15T01:23:23,1763169803.777246,816441371.299246,4949.309551,63116,24808,csn,2.796342e+02,2.382508e+01,-1.377081e+02,-1.376195e+01,1.693728e+02,44,CO2,-999.000000,-999.000000,-999.000000,OU
2025-11-15T01:23:25,1763169805.777242,816441373.299242,4951.309551,63116,24808,csn,2.805221e+02,2.382741e+01,-1.376820e+02,-1.388188e+01,1.692648e+02,44,CO2,-999.000000,-999.000000,-999.000000,OU
2025-11-15T01:23:27,1763169807.777238,816441375.299238,4953.309551,63116,24808,csn,2.814144e+02,2.382976e+01,-1.376559e+02,-1.400176e+01,1.691566e+02,44,CO2,-999.000000,-999.000000,-999.000000,OU
2025-11-15T01:23:29,1763169809.777234,816441377.299234,4955.309551,63116,24808,csn,2.823112e+02,2.383194e+01,-1.376298e+02,-1.412157e+01,1.690475e+02,44,CO2,-999.000000,-999.000000,-999.000000,OU
2025-11-15T01:23:31,1763169811.777230,816441379.299230,4957.309551,63116,24808,csn,2.832124e+02,2.383424e+01,-1.376036e+02,-1.424131e+01,1.689386e+02,44,CO2,-999.000000,-999.000000,-999.000000,OU
2025-11-15T01:23:33,1763169813.777225,816441381.299225,4959.309551,63116,24808,csn,2.841181e+02,2.383660e+01,-1.375775e+02,-1.436098e+01,1.688296e+02,44,CO2,-999.000000,-999.000000,-999.000000,OU
2025-11-15T01:23:35,1763169815.777221,816441383.299221,4961.309551,63116,24808,csn,2.850282e+02,2.383883e+01,-1.375513e+02,-1.448059e+01,1.687199e+02,44,CO2,-999.000000,-999.000000,-999.000000,OU
2025-11-15T01:23:37,1763169817.777217,816441385.299217,4963.309551,63116,24808,csn,2.859428e+02,2.384110e+01,-1.375251e+02,-1.460014e+01,1.686101e+02,44,CO2,-999.000000,-999.000000,-999.000000,OU
2025-11-15T01:23:39,1763169819.777213,816441387.299213,4965.309551,63116,24808,csn,2.868617e+02,2.384346e+01,-1.374989e+02,-1.471961e+01,1.685003e+02,44,CO2,-999.000000,-999.000000,-999.000000,OU
2025-11-15T01:23:41,1763169821.777209,816441389.299209,4967.309551,63116,24808,csn,2.877852e+02,2.384568e+01,-1.374726e+02,-1.483902e+01,1.683899e+02,44,CO2,-999.000000,-999.000000,-999.000000,OU
2025-11-15T01:23:43,1763169823.777204,816441391.299204,4969.309551,63116,24808,csn,2.887130e+02,2.384793e+01,-1.374464e+02,-1.495837e+01,1.682794e+02,44,CO2,-999.000000,-999.000000,-999.000000,OU
2025-11-15T01:23:45,1763169825.777200,816441393.299200,4971.309551,63116,24808,csn,2.896452e+02,2.385030e+01,-1.374201e+02,-1.507764e+01,1.681690e+02,44,CO2,-999.000000,-999.000000,-999.000000,OU
2025-11-15T01:23:47,1763169827.777196,816441395.299196,4973.309551,63116,24808,csn,2.905819e+02,2.385257e+01,-1.373938e+02,-1.519685e+01,1.680581e+02,44,CO2,-999.000000,-999.000000,-999.000000,OU
2025-11-15T01:23:49,1763169829.777192,816441397.299192,4975.309551,63116,24808,csn,2.915229e+02,2.385480e+01,-1.373675e+02,-1.531598e+01,1.679469e+02,44,CO2,-999.000000,-999.000000,-999.000000,OU
2025-11-15T01:23:51,1763169831.777188,816441399.299188,4977.309551,63116,24808,csn,2.924684e+02,2.385726e+01,-1.373411e+02,-1.543505e+01,1.678361e+02,44,CO2,-999.000000,-999.000000,-999.000000,OU
2025-11-15T01:23:53,1763169833.777184,816441401.299184,4979.309551,63116,24808,csn,2.934182e+02,2.385946e+01,-1.373147e+02,-1.555405e+01,1.677245e+02,44,CO2,-999.000000,-999.000000,-999.000000,OU
2025-11-15T01:23:55,1763169835.777180,816441403.299180,4981.309551,63116,24808,csn,2.943724e+02,2.386191e+01,-1.372884e+02,-1.567298e+01,1.676134e+02,44,CO2,-999.000000,-999.000000,-999.000000,OU
2025-11-15T01:23:57,1763169837.777176,816441405.299176,4983.309551,63116,24808,csn,2.953309e+02,2.386410e+01,-1.372620e+02,-1.579185e+01,1.675014e+02,44,CO2,-999.000000,-999.000000,-999.000000,OU
2025-11-15T01:23:59,1763169839.777172,816441407.299172,4985.309551,63116,24808,csn,2.962938e+02,2.386633e+01,-1.372355e+02,-1.591064e+01,1.673894e+02,44,CO2,-999.000000,-999.000000,-999.000000,OU
2025-11-15T01:24:01,1763169841.777167,816441409.299167,4987.309551,63116,24808,csn,2.972611e+02,2.386877e+01,-1.372091e+02,-1.602936e+01,1.672777e+02,44,CO2,-999.000000,-999.000000,-999.000000,OU
2025-11-15T01:24:03,1763169843.777163,816441411.299163,4989.309551,63116,24808,csn,2.982328e+02,2.387096e+01,-1.371826e+02,-1.614801e+01,1.671653e+02,44,CO2,-999.000000,-999.000000,-999.000000,OU
2025-11-15T01:24:05,1763169845.777158,816441413.299158,4991.309551,63116,24808,csn,2.992087e+02,2.387343e+01,-1.371561e+02,-1.626659e+01,1.670534e+02,44,CO2,-999.000000,-999.000000,-999.000000,OU
2025-11-15T01:24:07,1763169847.777155,816441415.299155,4993.309551,63116,24808,csn,3.001890e+02,2.387565e+01,-1.371296e+02,-1.638510e+01,1.669408e+02,44,CO2,-999.000000,-999.000000,-999.000000,OU
2025-11-15T01:24:09,1763169849.777151,816441417.299151,4995.309551,63116,24808,csn,3.011736e+02,2.387794e+01,-1.371030e+02,-1.650354e+01,1.668282e+02,44,CO2,-999.000000,-999.000000,-999.000000,OU
2025-11-15T01:24:11,1763169851.777146,816441419.299146,4997.309551,63116,24808,csn,3.021626e+02,2.388030e+01,-1.370765e+02,-1.662191e+01,1.667157e+02,44,CO2,-999.000000,-999.000000,-999.000000,OU
2025-11-15T01:24:13,1763169853.777142,816441421.299142,4999.309551,63116,24808,csn,3.031558e+02,2.388254e+01,-1.370499e+02,-1.674020e+01,1.666028e+02,44,CO2,-999.000000,-999.000000,-999.000000,OU
2025-11-15T01:24:15,1763169855.777138,816441423.299138,5001.309551,63116,24808,csn,3.041534e+02,2.388478e+01,-1.370232e+02,-1.685842e+01,1.664897e+02,44,CO2,-999.000000,-999.000000,-999.000000,OU
2025-11-15T01:24:17,1763169857.777134,816441425.299134,5003.309551,63116,24808,csn,3.051553e+02,2.388717e+01,-1.369966e+02,-1.697658e+01,1.663769e+02,44,CO2,-999.000000,-999.000000,-999.000000,OU
2025-11-15T01:24:19,1763169859.777130,816441427.299130,5005.309551,63116,24808,csn,3.061614e+02,2.388951e+01,-1.369699e+02,-1.709465e+01,1.662639e+02,44,CO2,-999.000000,-999.000000,-999.000000,OU
2025-11-15T01:24:21,1763169861.777126,816441429.299126,5007.309551,63116,24808,csn,3.071718e+02,2.389189e+01,-1.369432e+02,-1.721266e+01,1.661508e+02,44,CO2,-999.000000,-999.000000,-999.000000,OU
2025-11-15T01:24:23,1763169863.777121,816441431.299121,5009.309551,63116,24808,csn,3.081865e+02,2.389425e+01,-1.369165e+02,-1.733059e+01,1.660376e+02,44,CO2,-999.000000,-999.000000,-999.000000,OU
2025-11-15T01:24:25,1763169865.777117,816441433.299117,5011.309551,63116,24808,csn,3.092055e+02,2.389655e+01,-1.368898e+02,-1.744845e+01,1.659242e+02,44,CO2,-999.000000,-999.000000,-999.000000,OU
2025-11-15T01:24:27,1763169867.777113,816441435.299113,5013.309551,63116,24808,csn,3.102288e+02,2.389875e+01,-1.368630e+02,-1.756624e+01,1.658105e+02,44,CO2,-999.000000,-999.000000,-999.000000,OU
2025-11-15T01:24:29,1763169869.777109,816441437.299109,5015.309551,63116,24808,csn,3.112562e+02,2.390111e+01,-1.368362e+02,-1.768395e+01,1.656971e+02,44,CO2,-999.000000,-999.000000,-999.000000,OU
2025-11-15T01:24:31,1763169871.777105,816441439.299105,5017.309551,63116,24808,csn,3.122880e+02,2.390336e+01,-1.368094e+02,-1.780159e+01,1.655834e+02,44,CO2,-999.000000,-999.000000,-999.000000,OU
2025-11-15T01:24:33,1763169873.777100,816441441.299100,5019.309551,63116,24808,csn,3.133240e+02,2.390588e+01,-1.367826e+02,-1.791915e+01,1.654700e+02,44,CO2,-999.000000,-999.000000,-999.000000,OU
2025-11-15T01:24:35,1763169875.777097,816441443.299096,5021.309551,63116,24808,csn,3.143642e+02,2.390807e+01,-1.367557e+02,-1.803664e+01,1.653560e+02,44,CO2,-999.000000,-999.000000,-999.000000,OU
2025-11-15T01:24:37,1763169877.777092,816441445.299092,5023.309551,63116,24808,csn,3.154086e+02,2.391058e+01,-1.367288e+02,-1.815405e+01,1.652425e+02,44,CO2,-999.000000,-999.000000,-999.000000,OU
2025-11-15T01:24:39,1763169879.777088,816441447.299088,5025.309551,63116,24808,csn,3.164572e+02,2.391275e+01,-1.367019e+02,-1.827139e+01,1.651284e+02,44,CO2,-999.000000,-999.000000,-999.000000,OU
2025-11-15T01:24:41,1763169881.777084,816441449.299084,5027.309551,63116,24808,csn,3.175101e+02,2.391506e+01,-1.366749e+02,-1.838865e+01,1.650145e+02,44,CO2,-999.000000,-999.000000,-999.000000,OU
2025-11-15T01:24:43,1763169883.777080,816441451.299080,5029.309551,63116,24808,csn,3.185671e+02,2.391740e+01,-1.366479e+02,-1.850584e+01,1.649005e+02,44,CO2,-999.000000,-999.000000,-999.000000,OU
2025-11-15T01:24:45,1763169885.777076,816441453.299076,5031.309551,63116,24808,csn,3.196284e+02,2.391996e+01,-1.366209e+02,-1.862295e+01,1.647867e+02,44,CO2,-999.000000,-999.000000,-999.000000,OU
2025-11-15T01:24:47,1763169887.777072,816441455.299072,5033.309551,63116,24808,csn,3.206938e+02,2.392219e+01,-1.365939e+02,-1.873998e+01,1.646725e+02,44,CO2,-999.000000,-999.000000,-999.000000,OU
2025-11-15T01:24:49,1763169889.777068,816441457.299068,5035.309551,63116,24808,csn,3.217634e+02,2.392455e+01,-1.365668e+02,-1.885694e+01,1.645584e+02,44,CO2,-999.000000,-999.000000,-999.000000,OU
2025-11-15T01:24:51,1763169891.777063,816441459.299063,5037.309551,63116,24808,csn,3.228372e+02,2.392673e+01,-1.365397e+02,-1.897382e+01,1.644441e+02,44,CO2,-999.000000,-999.000000,-999.000000,OU
2025-11-15T01:24:53,1763169893.777058,816441461.299058,5039.309551,63116,24808,csn,3.239152e+02,2.392928e+01,-1.365126e+02,-1.909063e+01,1.643301e+02,44,CO2,-999.000000,-999.000000,-999.000000,OU
2025-11-15T01:24:55,1763169895.777055,816441463.299054,5041.309551,63116,24808,csn,3.249973e+02,2.393166e+01,-1.364855e+02,-1.920736e+01,1.642159e+02,44,CO2,-999.000000,-999.000000,-999.000000,OU
2025-11-15T01:24:57,1763169897.777050,816441465.299050,5043.309551,63116,24808,csn,3.260835e+02,2.393393e+01,-1.364583e+02,-1.932401e+01,1.641015e+02,44,CO2,-999.000000,-999.000000,-999.000000,OU
2025-11-15T01:24:59,1763169899.777046,816441467.299046,5045.309551,63116,24808,csn,3.271739e+02,2.393617e+01,-1.364311e+02,-1.944058e+01,1.639871e+02,44,CO2,-999.000000,-999.000000,-999.000000,OU
2025-11-15T01:25:01,1763169901.777042,816441469.299042,5047.309551,63116,24808,csn,3.282684e+02,2.393860e+01,-1.364038e+02,-1.955707e+01,1.638729e+02,44,CO2,-999.000000,-999.000000,-999.000000,OU
2025-11-15T01:25:03,1763169903.777038,816441471.299038,5049.309551,63116,24808,csn,3.293671e+02,2.394108e+01,-1.363766e+02,-1.967349e+01,1.637586e+02,44,CO2,-999.000000,-999.000000,-999.000000,OU
2025-11-15T01:25:05,1763169905.777034,816441473.299034,5051.309551,63116,24808,csn,3.304699e+02,2.394328e+01,-1.363493e+02,-1.978983e+01,1.636441e+02,44,CO2,-999.000000,-999.000000,-999.000000,OU
2025-11-15T01:25:07,1763169907.777030,816441475.299030,5053.309551,63116,24808,csn,3.315767e+02,2.394577e+01,-1.363220e+02,-1.990608e+01,1.635298e+02,44,CO2,-999.000000,-999.000000,-999.000000,OU
2025-11-15T01:25:09,1763169909.777026,816441477.299026,5055.309551,63116,24808,csn,3.326877e+02,2.394798e+01,-1.362946e+02,-2.002226e+01,1.634153e+02,44,CO2,-999.000000,-999.000000,-999.000000,OU
2025-11-15T01:25:11,1763169911.777021,816441479.299021,5057.309551,63116,24808,csn,3.338028e+02,2.395049e+01,-1.362672e+02,-2.013837e+01,1.633009e+02,44,CO2,-999.000000,-999.000000,-999.000000,OU
2025-11-15T01:25:13,1763169913.777017,816441481.299017,5059.309551,63116,24808,csn,3.349220e+02,2.395274e+01,-1.362398e+02,-2.025439e+01,1.631864e+02,44,CO2,-999.000000,-999.000000,-999.000000,OU
2025-11-15T01:25:15,1763169915.777013,816441483.299013,5061.309551,63116,24808,csn,3.360452e+02,2.395505e+01,-1.362123e+02,-2.037033e+01,1.630719e+02,44,CO2,-999.000000,-999.000000,-999.000000,OU
2025-11-15T01:25:17,1763169917.777009,816441485.299008,5063.309551,63116,24808,csn,3.371725e+02,2.395761e+01,-1.361848e+02,-2.048619e+01,1.629575e+02,44,CO2,-999.000000,-999.000000,-999.000000,OU
2025-11-15T01:25:19,1763169919.777005,816441487.299005,5065.309551,63116,24808,csn,3.383039e+02,2.395986e+01,-1.361573e+02,-2.060197e+01,1.628430e+02,44,CO2,-999.000000,-999.000000,-999.000000,OU
2025-11-15T01:25:21,1763169921.777000,816441489.299000,5067.309551,63116,24808,csn,3.394393e+02,2.396221e+01,-1.361298e+02,-2.071767e+01,1.627285e+02,44,CO2,-999.000000,-999.000000,-999.000000,OU
2025-11-15T01:25:23,1763169923.776996,816441491.298996,5069.309551,63116,24808,csn,3.405788e+02,2.396475e+01,-1.361022e+02,-2.083329e+01,1.626141e+02,44,CO2,-999.000000,-999.000000,-999.000000,OU
2025-11-15T01:25:25,1763169925.776992,816441493.298992,5071.309551,63116,24808,csn,3.417223e+02,2.396710e+01,-1.360746e+02,-2.094883e+01,1.624996e+02,44,CO2,-999.000000,-999.000000,-999.000000,OU
2025-11-15T01:25:27,1763169927.776988,816441495.298988,5073.309551,63116,24808,csn,3.428699e+02,2.396948e+01,-1.360469e+02,-2.106429e+01,1.623850e+02,44,CO2,-999.000000,-999.000000,-999.000000,OU
2025-11-15T01:25:29,1763169929.776984,816441497.298984,5075.309551,63116,24808,csn,3.440215e+02,2.397187e+01,-1.360193e+02,-2.117967e+01,1.622705e+02,44,CO2,-999.000000,-999.000000,-999.000000,OU
2025-11-15T01:25:31,1763169931.776979,816441499.298979,5077.309551,63116,24808,csn,3.451771e+02,2.397425e+01,-1.359916e+02,-2.129496e+01,1.621560e+02,44,CO2,-999.000000,-999.000000,-999.000000,OU
2025-11-15T01:25:33,1763169933.776976,816441501.298975,5079.309551,63116,24808,csn,3.463367e+02,2.397664e+01,-1.359638e+02,-2.141018e+01,1.620415e+02,44,CO2,-999.000000,-999.000000,-999.000000,OU
2025-11-15T01:25:35,1763169935.776971,816441503.298971,5081.309551,63116,24808,csn,3.475003e+02,2.397915e+01,-1.359360e+02,-2.152531e+01,1.619271e+02,44,CO2,-999.000000,-999.000000,-999.000000,OU
2025-11-15T01:25:37,1763169937.776967,816441505.298967,5083.309551,63116,24808,csn,3.486678e+02,2.398143e+01,-1.359082e+02,-2.164036e+01,1.618126e+02,44,CO2,-999.000000,-999.000000,-999.000000,OU
2025-11-15T01:25:39,1763169939.776963,816441507.298963,5085.309551,63116,24808,csn,3.498394e+02,2.398377e+01,-1.358804e+02,-2.175533e+01,1.616981e+02,44,CO2,-999.000000,-999.000000,-999.000000,OU
2025-11-15T01:25:41,1763169941.776959,816441509.298959,5087.309551,63116,24808,csn,3.510150e+02,2.398614e+01,-1.358525e+02,-2.187021e+01,1.615836e+02,44,CO2,-999.000000,-999.000000,-999.000000,OU
2025-11-15T01:25:43,1763169943.776955,816441511.298955,5089.309551,63116,24808,csn,3.521945e+02,2.398916e+01,-1.358246e+02,-2.198501e+01,1.614692e+02,44,CO2,-999.000000,-999.000000,-999.000000,OU
2025-11-15T01:25:45,1763169945.776951,816441513.298951,5091.309551,63116,24808,csn,3.533780e+02,2.399219e+01,-1.357966e+02,-2.209973e+01,1.613547e+02,44,CO2,-999.000000,-999.000000,-999.000000,OU
2025-11-15T01:25:47,1763169947.776947,816441515.298946,5093.309551,63116,24808,csn,3.545654e+02,2.394944e+01,-1.357686e+02,-2.221436e+01,1.612403e+02,44,CO2,-999.000000,-999.000000,-999.000000,OU
2025-11-15T01:25:49,1763169949.776942,816441517.298942,5095.309551,63116,24808,csn,3.557568e+02,2.406707e+01,-1.357406e+02,-2.232892e+01,1.611259e+02,44,CO2,-999.000000,-999.000000,-999.000000,OU
2025-11-15T01:25:51,1763169951.776938,816441519.298938,5097.309551,63116,24808,csn,3.569521e+02,2.471314e+01,-1.357125e+02,-2.244338e+01,1.610115e+02,44,CO2,-999.000000,-999.000000,-999.000000,OU
2025-11-15T01:25:53,1763169953.776934,816441521.298934,5099.309551,63116,24808,csn,3.581514e+02,9.526279e+00,-1.356844e+02,-2.255777e+01,1.608971e+02,44,CO2,-999.000000,-999.000000,-999.000000,OU
2025-11-15T01:25:55,1763169955.776930,816441523.298930,5101.309551,63116,24808,csn,3.593545e+02,9.798727e-02,-1.356563e+02,-2.267207e+01,1.607828e+02,44,CO2,-999.000000,-999.000000,-999.000000,OU
2025-11-15T01:25:57,1763169957.776925,816441525.298925,5103.309551,63116,24808,csn,3.605616e+02,-1.320830e-01,-1.356281e+02,-2.278628e+01,1.606684e+02,44,CO2,-999.000000,-999.000000,-999.000000,OU
2025-11-15T01:25:59,1763169959.776921,816441527.298921,5105.309551,63116,24808,csn,3.617726e+02,3.904361e-02,-1.355999e+02,-2.290041e+01,1.605541e+02,44,CO2,-999.000000,-999.000000,-999.000000,OU
2025-11-15T01:26:01,1763169961.776918,816441529.298918,5107.309551,63116,24808,csn,3.629875e+02,1.216384e-02,-1.355717e+02,-2.301446e+01,1.604399e+02,44,CO2,-999.000000,-999.000000,-999.000000,OU
2025-11-15T01:26:03,1763169963.776913,816441531.298913,5109.309551,63116,24808,csn,3.642062e+02,1.200687e-02,-1.355434e+02,-2.312842e+01,1.603256e+02,44,CO2,-999.000000,-999.000000,-999.000000,OU
2025-11-15T01:26:05,1763169965.776909,816441533.298909,5111.309551,63116,24808,csn,3.654289e+02,1.523606e-02,-1.355151e+02,-2.324229e+01,1.602114e+02,44,CO2,-999.000000,-999.000000,-999.000000,OU
2025-11-15T01:26:07,1763169967.776905,816441535.298905,5113.309551,63116,24808,csn,3.666554e+02,1.769202e-02,-1.354867e+02,-2.335608e+01,1.600971e+02,44,CO2,-999.000000,-999.000000,-999.000000,OU
2025-11-15T01:26:09,1763169969.776901,816441537.298901,5115.309551,63116,24808,csn,3.678858e+02,2.010037e-02,-1.354583e+02,-2.346979e+01,1.599829e+02,44,CO2,-999.000000,-999.000000,-999.000000,OU
2025-11-15T01:26:11,1763169971.776896,816441539.298897,5117.309551,63116,24808,csn,3.691200e+02,2.256961e-02,-1.354299e+02,-2.358341e+01,1.598688e+02,44,CO2,-999.000000,-999.000000,-999.000000,OU
2025-11-15T01:26:13,1763169973.776892,816441541.298892,5119.309551,63116,24808,csn,3.703581e+02,2.486148e-02,-1.354014e+02,-2.369694e+01,1.597547e+02,44,CO2,-999.000000,-999.000000,-999.000000,OU
2025-11-15T01:26:15,1763169975.776888,816441543.298888,5121.309551,63116,24808,csn,3.716000e+02,2.737242e-02,-1.353729e+02,-2.381039e+01,1.596406e+02,44,CO2,-999.000000,-999.000000,-999.000000,OU
2025-11-15T01:26:17,1763169977.776884,816441545.298884,5123.309551,63116,24808,csn,3.728457e+02,2.970783e-02,-1.353444e+02,-2.392375e+01,1.595266e+02,44,CO2,-999.000000,-999.000000,-999.000000,OU
2025-11-15T01:26:19,1763169979.776880,816441547.298880,5125.309551,63116,24808,csn,3.740953e+02,3.223133e-02,-1.353158e+02,-2.403702e+01,1.594125e+02,44,CO2,-999.000000,-999.000000,-999.000000,OU
2025-11-15T01:26:21,1763169981.776875,816441549.298875,5127.309551,63116,24808,csn,3.753487e+02,3.470052e-02,-1.352872e+02,-2.415020e+01,1.592985e+02,44,CO2,-999.000000,-999.000000,-999.000000,OU
2025-11-15T01:26:23,1763169983.776872,816441551.298872,5129.309551,63116,24808,csn,3.766059e+02,3.710729e-02,-1.352585e+02,-2.426330e+01,1.591846e+02,44,CO2,-999.000000,-999.000000,-999.000000,OU
2025-11-15T01:26:25,1763169985.776867,816441553.298867,5131.309551,63116,24808,csn,3.778669e+02,3.961722e-02,-1.352298e+02,-2.437631e+01,1.590707e+02,44,CO2,-999.000000,-999.000000,-999.000000,OU
2025-11-15T01:26:27,1763169987.776863,816441555.298863,5133.309551,63116,24808,csn,3.791317e+02,4.213271e-02,-1.352010e+02,-2.448924e+01,1.589567e+02,44,CO2,-999.000000,-999.000000,-999.000000,OU
2025-11-15T01:26:29,1763169989.776859,816441557.298859,5135.309551,63116,24808,csn,3.804002e+02,4.455974e-02,-1.351722e+02,-2.460207e+01,1.588429e+02,44,CO2,-999.000000,-999.000000,-999.000000,OU
2025-11-15T01:26:31,1763169991.776855,816441559.298855,5137.309551,63116,24808,csn,3.816726e+02,4.706461e-02,-1.351434e+02,-2.471482e+01,1.587291e+02,44,CO2,-999.000000,-999.000000,-999.000000,OU
2025-11-15T01:26:33,1763169993.776851,816441561.298851,5139.309551,63116,24808,csn,3.829487e+02,4.955318e-02,-1.351145e+02,-2.482748e+01,1.586153e+02,44,CO2,-999.000000,-999.000000,-999.000000,OU
2025-11-15T01:26:35,1763169995.776847,816441563.298847,5141.309551,63116,24808,csn,3.842285e+02,5.199199e-02,-1.350856e+02,-2.494006e+01,1.585016e+02,44,CO2,-999.000000,-999.000000,-999.000000,OU
2025-11-15T01:26:37,1763169997.776843,816441565.298843,5143.309551,63116,24808,csn,3.855121e+02,5.446602e-02,-1.350566e+02,-2.505254e+01,1.583879e+02,44,CO2,-999.000000,-999.000000,-999.000000,OU
2025-11-15T01:26:39,1763169999.776838,816441567.298838,5145.309551,63116,24808,csn,3.867995e+02,5.701160e-02,-1.350276e+02,-2.516494e+01,1.582743e+02,44,CO2,-999.000000,-999.000000,-999.000000,OU
2025-11-15T01:26:41,1763170001.776834,816441569.298834,5147.309551,63116,24808,csn,3.880905e+02,5.928774e-02,-1.349986e+02,-2.527724e+01,1.581608e+02,44,CO2,-999.000000,-999.000000,-999.000000,OU
2025-11-15T01:26:43,1763170003.776830,816441571.298830,5149.309551,63116,24808,csn,3.893853e+02,6.185893e-02,-1.349695e+02,-2.538946e+01,1.580472e+02,44,CO2,-999.000000,-999.000000,-999.000000,OU
2025-11-15T01:26:45,1763170005.776825,816441573.298825,5151.309551,63116,24808,csn,3.906838e+02,6.438416e-02,-1.349404e+02,-2.550159e+01,1.579336e+02,44,CO2,-999.000000,-999.000000,-999.000000,OU
2025-11-15T01:26:47,1763170007.776821,816441575.298821,5153.309551,63116,24808,csn,3.919861e+02,6.687084e-02,-1.349112e+02,-2.561363e+01,1.578202e+02,44,CO2,-999.000000,-999.000000,-999.000000,OU
2025-11-15T01:26:49,1763170009.776817,816441577.298817,5155.309551,63116,24808,csn,3.932920e+02,6.930631e-02,-1.348820e+02,-2.572557e+01,1.577068e+02,44,CO2,-999.000000,-999.000000,-999.000000,OU
2025-11-15T01:26:51,1763170011.776813,816441579.298813,5157.309551,63116,24808,csn,3.946016e+02,7.183508e-02,-1.348527e+02,-2.583743e+01,1.575934e+02,44,CO2,-999.000000,-999.000000,-999.000000,OU
2025-11-15T01:26:53,1763170013.776809,816441581.298809,5159.309551,63116,24808,csn,3.959149e+02,7.432416e-02,-1.348234e+02,-2.594920e+01,1.574801e+02,44,CO2,-999.000000,-999.000000,-999.000000,OU
2025-11-15T01:26:55,1763170015.776805,816441583.298805,5161.309551,63116,24808,csn,3.972318e+02,7.675167e-02,-1.347941e+02,-2.606088e+01,1.573669e+02,44,CO2,-999.000000,-999.000000,-999.000000,OU
2025-11-15T01:26:57,1763170017.776801,816441585.298801,5163.309551,63116,24808,csn,3.985524e+02,7.922900e-02,-1.347647e+02,-2.617247e+01,1.572537e+02,44,CO2,-999.000000,-999.000000,-999.000000,OU
2025-11-15T01:26:59,1763170019.776796,816441587.298796,5165.309551,63116,24808,csn,3.998767e+02,8.173943e-02,-1.347352e+02,-2.628397e+01,1.571405e+02,44,CO2,-999.000000,-999.000000,-999.000000,OU
2025-11-15T01:27:01,1763170021.776793,816441589.298793,5167.309551,63116,24808,csn,4.012046e+02,8.415600e-02,-1.347058e+02,-2.639538e+01,1.570275e+02,44,CO2,-999.000000,-999.000000,-999.000000,OU
2025-11-15T01:27:03,1763170023.776788,816441591.298788,5169.309551,63116,24808,csn,4.025362e+02,8.687837e-02,-1.346762e+02,-2.650670e+01,1.569142e+02,44,CO2,-999.000000,-999.000000,-999.000000,OU
2025-11-15T01:27:05,1763170025.776784,816441593.298784,5171.309551,63116,24808,csn,4.038714e+02,8.918891e-02,-1.346466e+02,-2.661792e+01,1.568014e+02,44,CO2,-999.000000,-999.000000,-999.000000,OU
2025-11-15T01:27:07,1763170027.776780,816441595.298780,5173.309551,63116,24808,csn,4.052102e+02,9.192044e-02,-1.346170e+02,-2.672906e+01,1.566882e+02,44,CO2,-999.000000,-999.000000,-999.000000,OU
2025-11-15T01:27:09,1763170029.776775,816441597.298775,5175.309551,63116,24808,csn,4.065527e+02,9.433317e-02,-1.345873e+02,-2.684010e+01,1.565754e+02,44,CO2,-999.000000,-999.000000,-999.000000,OU
2025-11-15T01:27:11,1763170031.776772,816441599.298772,5177.309551,63116,24808,csn,4.078987e+02,9.687484e-02,-1.345576e+02,-2.695105e+01,1.564625e+02,44,CO2,-999.000000,-999.000000,-999.000000,OU
2025-11-15T01:27:13,1763170033.776767,816441601.298767,5179.309551,63116,24808,csn,4.092483e+02,9.931703e-02,-1.345279e+02,-2.706191e+01,1.563498e+02,44,CO2,-999.000000,-999.000000,-999.000000,OU
2025-11-15T01:27:15,1763170035.776763,816441603.298763,5181.309551,63116,24808,csn,4.106015e+02,1.017879e-01,-1.344981e+02,-2.717268e+01,1.562371e+02,44,CO2,-999.000000,-999.000000,-999.000000,OU
2025-11-15T01:27:17,1763170037.776759,816441605.298759,5183.309551,63116,24808,csn,4.119584e+02,1.043666e-01,-1.344682e+02,-2.728336e+01,1.561244e+02,44,CO2,-999.000000,-999.000000,-999.000000,OU
2025-11-15T01:27:19,1763170039.776755,816441607.298755,5185.309551,63116,24808,csn,4.133187e+02,1.070502e-01,-1.344383e+02,-2.739394e+01,1.560116e+02,44,CO2,-999.000000,-999.000000,-999.000000,OU
2025-11-15T01:27:21,1763170041.776750,816441609.298750,5187.309551,63116,24808,csn,4.146827e+02,1.094653e-01,-1.344083e+02,-2.750443e+01,1.558992e+02,44,CO2,-999.000000,-999.000000,-999.000000,OU
2025-11-15T01:27:23,1763170043.776747,816441611.298747,5189.309551,63116,24808,csn,4.160502e+02,1.120946e-01,-1.343783e+02,-2.761483e+01,1.557866e+02,44,CO2,-999.000000,-999.000000,-999.000000,OU
2025-11-15T01:27:25,1763170045.776743,816441613.298743,5191.309551,63116,24808,csn,4.174212e+02,1.145359e-01,-1.343483e+02,-2.772514e+01,1.556742e+02,44,CO2,-999.000000,-999.000000,-999.000000,OU
2025-11-15T01:27:27,1763170047.776738,816441615.298738,5193.309551,63116,24808,csn,4.187958e+02,1.171647e-01,-1.343182e+02,-2.783535e+01,1.555617e+02,44,CO2,-999.000000,-999.000000,-999.000000,OU
2025-11-15T01:27:29,1763170049.776735,816441617.298735,5195.309551,63116,24808,csn,4.201739e+02,1.196932e-01,-1.342880e+02,-2.794547e+01,1.554494e+02,44,CO2,-999.000000,-999.000000,-999.000000,OU
2025-11-15T01:27:31,1763170051.776730,816441619.298730,5197.309551,63116,24808,csn,4.215555e+02,1.221547e-01,-1.342578e+02,-2.805550e+01,1.553372e+02,44,CO2,-999.000000,-999.000000,-999.000000,OU
2025-11-15T01:27:33,1763170053.776726,816441621.298726,5199.309551,63116,24808,csn,4.229406e+02,1.248822e-01,-1.342276e+02,-2.816543e+01,1.552248e+02,44,CO2,-999.000000,-999.000000,-999.000000,OU
2025-11-15T01:27:35,1763170055.776721,816441623.298722,5201.309551,63116,24808,csn,4.243293e+02,1.273831e-01,-1.341973e+02,-2.827527e+01,1.551127e+02,44,CO2,-999.000000,-999.000000,-999.000000,OU
2025-11-15T01:27:37,1763170057.776717,816441625.298717,5203.309551,63116,24808,csn,4.257214e+02,1.298905e-01,-1.341669e+02,-2.838502e+01,1.550007e+02,44,CO2,-999.000000,-999.000000,-999.000000,OU
2025-11-15T01:27:39,1763170059.776713,816441627.298713,5205.309551,63116,24808,csn,4.271170e+02,1.326210e-01,-1.341365e+02,-2.849467e+01,1.548885e+02,44,CO2,-999.000000,-999.000000,-999.000000,OU
2025-11-15T01:27:41,1763170061.776709,816441629.298709,5207.309551,63116,24808,csn,4.285161e+02,1.351042e-01,-1.341060e+02,-2.860423e+01,1.547766e+02,44,CO2,-999.000000,-999.000000,-999.000000,OU
2025-11-15T01:27:43,1763170063.776705,816441631.298705,5209.309551,63116,24808,csn,4.299187e+02,1.375932e-01,-1.340755e+02,-2.871370e+01,1.546648e+02,44,CO2,-999.000000,-999.000000,-999.000000,OU
2025-11-15T01:27:45,1763170065.776701,816441633.298701,5211.309551,63116,24808,csn,4.313247e+02,1.402745e-01,-1.340450e+02,-2.882307e+01,1.545528e+02,44,CO2,-999.000000,-999.000000,-999.000000,OU
2025-11-15T01:27:47,1763170067.776695,816441635.298697,5213.309551,63116,24808,csn,4.327343e+02,1.430865e-01,-1.340144e+02,-2.893235e+01,1.544407e+02,44,CO2,-999.000000,-999.000000,-999.000000,OU
2025-11-15T01:27:49,1763170069.776698,816441637.298694,5215.309551,63116,24808,csn,4.341471e+02,1.443478e-01,-1.339837e+02,-2.904152e+01,1.543305e+02,44,CO2,-999.000000,-999.000000,-999.000000,OU
2025-11-15T01:27:51,1763170071.776691,816441639.298689,5217.309551,63116,24808,csn,4.355635e+02,1.475852e-01,-1.339530e+02,-2.915061e+01,1.542181e+02,44,CO2,-999.000000,-999.000000,-999.000000,OU
2025-11-15T01:27:53,1763170073.776684,816441641.298684,5219.309551,63116,24808,csn,4.369833e+02,1.507238e-01,-1.339222e+02,-2.925961e+01,1.541059e+02,44,CO2,-999.000000,-999.000000,-999.000000,OU
2025-11-15T01:27:55,1763170075.776680,816441643.298680,5221.309551,63116,24808,csn,4.384065e+02,1.531404e-01,-1.338914e+02,-2.936850e+01,1.539946e+02,44,CO2,-999.000000,-999.000000,-999.000000,OU
2025-11-15T01:27:57,1763170077.776676,816441645.298676,5223.309551,63116,24808,csn,4.398331e+02,1.558644e-01,-1.338605e+02,-2.947730e+01,1.538830e+02,44,CO2,-999.000000,-999.000000,-999.000000,OU
2025-11-15T01:27:59,1763170079.776672,816441647.298672,5225.309551,63116,24808,csn,4.412632e+02,1.583471e-01,-1.338296e+02,-2.958601e+01,1.537717e+02,44,CO2,-999.000000,-999.000000,-999.000000,OU
2025-11-15T01:28:01,1763170081.776668,816441649.298668,5227.309551,63116,24808,csn,4.426966e+02,1.608724e-01,-1.337986e+02,-2.969462e+01,1.536605e+02,44,CO2,-999.000000,-999.000000,-999.000000,OU
2025-11-15T01:28:03,1763170083.776663,816441651.298663,5229.309551,63116,24808,csn,4.441334e+02,1.636004e-01,-1.337675e+02,-2.980313e+01,1.535490e+02,44,CO2,-999.000000,-999.000000,-999.000000,OU
2025-11-15T01:28:05,1763170085.776659,816441653.298659,5231.309551,63116,24808,csn,4.455735e+02,1.662705e-01,-1.337364e+02,-2.991155e+01,1.534378e+02,44,CO2,-999.000000,-999.000000,-999.000000,OU
2025-11-15T01:28:07,1763170087.776655,816441655.298655,5233.309551,63116,24808,csn,4.470171e+02,1.688281e-01,-1.337053e+02,-3.001988e+01,1.533267e+02,44,CO2,-999.000000,-999.000000,-999.000000,OU
2025-11-15T01:28:09,1763170089.776651,816441657.298651,5235.309551,63116,24808,csn,4.484640e+02,1.714099e-01,-1.336741e+02,-3.012810e+01,1.532157e+02,44,CO2,-999.000000,-999.000000,-999.000000,OU
2025-11-15T01:28:11,1763170091.776647,816441659.298647,5237.309551,63116,24808,csn,4.499142e+02,1.740494e-01,-1.336428e+02,-3.023624e+01,1.531047e+02,44,CO2,-999.000000,-999.000000,-999.000000,OU
2025-11-15T01:28:13,1763170093.776642,816441661.298642,5239.309551,63116,24808,csn,4.513678e+02,1.766199e-01,-1.336115e+02,-3.034427e+01,1.529938e+02,44,CO2,-999.000000,-999.000000,-999.000000,OU
2025-11-15T01:28:15,1763170095.776638,816441663.298638,5241.309551,63116,24808,csn,4.528247e+02,1.792959e-01,-1.335801e+02,-3.045221e+01,1.528829e+02,44,CO2,-999.000000,-999.000000,-999.000000,OU
2025-11-15T01:28:17,1763170097.776634,816441665.298634,5243.309551,63116,24808,csn,4.542849e+02,1.820088e-01,-1.335487e+02,-3.056005e+01,1.527720e+02,44,CO2,-999.000000,-999.000000,-999.000000,OU
2025-11-15T01:28:19,1763170099.776630,816441667.298630,5245.309551,63116,24808,csn,4.557485e+02,1.845897e-01,-1.335172e+02,-3.066779e+01,1.526614e+02,44,CO2,-999.000000,-999.000000,-999.000000,OU
2025-11-15T01:28:21,1763170101.776626,816441669.298626,5247.309551,63116,24808,csn,4.572154e+02,1.872686e-01,-1.334857e+02,-3.077544e+01,1.525507e+02,44,CO2,-999.000000,-999.000000,-999.000000,OU
2025-11-15T01:28:23,1763170103.776622,816441671.298622,5249.309551,63116,24808,csn,4.586855e+02,1.899850e-01,-1.334540e+02,-3.088299e+01,1.524400e+02,44,CO2,-999.000000,-999.000000,-999.000000,OU
2025-11-15T01:28:25,1763170105.776618,816441673.298618,5251.309551,63116,24808,csn,4.601590e+02,1.926072e-01,-1.334224e+02,-3.099045e+01,1.523295e+02,44,CO2,-999.000000,-999.000000,-999.000000,OU
2025-11-15T01:28:27,1763170107.776613,816441675.298613,5253.309551,63116,24808,csn,4.616357e+02,1.952646e-01,-1.333907e+02,-3.109780e+01,1.522191e+02,44,CO2,-999.000000,-999.000000,-999.000000,OU
2025-11-15T01:28:29,1763170109.776610,816441677.298610,5255.309551,63116,24808,csn,4.631157e+02,1.979826e-01,-1.333589e+02,-3.120506e+01,1.521087e+02,44,CO2,-999.000000,-999.000000,-999.000000,OU
2025-11-15T01:28:31,1763170111.776605,816441679.298605,5257.309551,63116,24808,csn,4.645990e+02,2.005981e-01,-1.333270e+02,-3.131222e+01,1.519984e+02,44,CO2,-999.000000,-999.000000,-999.000000,OU
2025-11-15T01:28:33,1763170113.776601,816441681.298601,5259.309551,63116,24808,csn,4.660855e+02,2.032523e-01,-1.332951e+02,-3.141928e+01,1.518882e+02,44,CO2,-999.000000,-999.000000,-999.000000,OU
2025-11-15T01:28:35,1763170115.776596,816441683.298596,5261.309551,63116,24808,csn,4.675753e+02,2.059716e-01,-1.332632e+02,-3.152625e+01,1.517780e+02,44,CO2,-999.000000,-999.000000,-999.000000,OU
2025-11-15T01:28:37,1763170117.776592,816441685.298592,5263.309551,63116,24808,csn,4.690683e+02,2.086380e-01,-1.332311e+02,-3.163312e+01,1.516679e+02,44,CO2,-999.000000,-999.000000,-999.000000,OU
2025-11-15T01:28:39,1763170119.776588,816441687.298588,5265.309551,63116,24808,csn,4.705645e+02,2.112702e-01,-1.331991e+02,-3.173989e+01,1.515580e+02,44,CO2,-999.000000,-999.000000,-999.000000,OU
2025-11-15T01:28:41,1763170121.776584,816441689.298584,5267.309551,63116,24808,csn,4.720640e+02,2.139663e-01,-1.331669e+02,-3.184656e+01,1.514480e+02,44,CO2,-999.000000,-999.000000,-999.000000,OU
2025-11-15T01:28:43,1763170123.776580,816441691.298580,5269.309551,63116,24808,csn,4.735666e+02,2.166204e-01,-1.331347e+02,-3.195313e+01,1.513382e+02,44,CO2,-999.000000,-999.000000,-999.000000,OU
2025-11-15T01:28:45,1763170125.776575,816441693.298575,5271.309551,63116,24808,csn,4.750725e+02,2.192503e-01,-1.331025e+02,-3.205960e+01,1.512285e+02,44,CO2,-999.000000,-999.000000,-999.000000,OU
2025-11-15T01:28:47,1763170127.776572,816441695.298571,5273.309551,63116,24808,csn,4.765816e+02,2.219495e-01,-1.330701e+02,-3.216598e+01,1.511188e+02,44,CO2,-999.000000,-999.000000,-999.000000,OU
2025-11-15T01:28:49,1763170129.776568,816441697.298568,5275.309551,63116,24808,csn,4.780938e+02,2.246463e-01,-1.330377e+02,-3.227226e+01,1.510092e+02,44,CO2,-999.000000,-999.000000,-999.000000,OU
2025-11-15T01:28:51,1763170131.776563,816441699.298563,5277.309551,63116,24808,csn,4.796092e+02,2.272575e-01,-1.330053e+02,-3.237843e+01,1.508998e+02,44,CO2,-999.000000,-999.000000,-999.000000,OU
2025-11-15T01:28:53,1763170133.776559,816441701.298559,5279.309551,63116,24808,csn,4.811278e+02,2.301112e-01,-1.329728e+02,-3.248451e+01,1.507901e+02,44,CO2,-999.000000,-999.000000,-999.000000,OU
2025-11-15T01:28:55,1763170135.776555,816441703.298555,5281.309551,63116,24808,csn,4.826496e+02,2.329104e-01,-1.329402e+02,-3.259049e+01,1.506805e+02,44,CO2,-999.000000,-999.000000,-999.000000,OU
2025-11-15T01:28:57,1763170137.776551,816441705.298551,5283.309551,63116,24808,csn,4.841745e+02,2.355412e-01,-1.329075e+02,-3.269637e+01,1.505713e+02,44,CO2,-999.000000,-999.000000,-999.000000,OU
2025-11-15T01:28:59,1763170139.776547,816441707.298547,5285.309551,63116,24808,csn,4.857025e+02,2.382046e-01,-1.328748e+02,-3.280215e+01,1.504621e+02,44,CO2,-999.000000,-999.000000,-999.000000,OU
2025-11-15T01:29:01,1763170141.776543,816441709.298543,5287.309551,63116,24808,csn,4.872337e+02,2.409246e-01,-1.328421e+02,-3.290784e+01,1.503530e+02,44,CO2,-999.000000,-999.000000,-999.000000,OU
2025-11-15T01:29:03,1763170143.776538,816441711.298538,5289.309551,63116,24808,csn,4.887681e+02,2.435369e-01,-1.328092e+02,-3.301342e+01,1.502440e+02,44,CO2,-999.000000,-999.000000,-999.000000,OU
2025-11-15T01:29:05,1763170145.776534,816441713.298534,5291.309551,63116,24808,csn,4.903055e+02,2.464316e-01,-1.327763e+02,-3.311890e+01,1.501347e+02,44,CO2,-999.000000,-999.000000,-999.000000,OU
2025-11-15T01:29:07,1763170147.776530,816441715.298530,5293.309551,63116,24808,csn,4.918460e+02,2.491734e-01,-1.327434e+02,-3.322428e+01,1.500258e+02,44,CO2,-999.000000,-999.000000,-999.000000,OU
2025-11-15T01:29:09,1763170149.776526,816441717.298526,5295.309551,63116,24808,csn,4.933897e+02,2.517943e-01,-1.327103e+02,-3.332956e+01,1.499171e+02,44,CO2,-999.000000,-999.000000,-999.000000,OU
2025-11-15T01:29:11,1763170151.776522,816441719.298522,5297.309551,63116,24808,csn,4.949364e+02,2.547495e-01,-1.326772e+02,-3.343475e+01,1.498080e+02,44,CO2,-999.000000,-999.000000,-999.000000,OU
2025-11-15T01:29:13,1763170153.776517,816441721.298517,5299.309551,63116,24808,csn,4.964862e+02,2.574596e-01,-1.326441e+02,-3.353983e+01,1.496993e+02,44,CO2,-999.000000,-999.000000,-999.000000,OU
2025-11-15T01:29:15,1763170155.776513,816441723.298513,5301.309551,63116,24808,csn,4.980391e+02,2.601062e-01,-1.326108e+02,-3.364481e+01,1.495908e+02,44,CO2,-999.000000,-999.000000,-999.000000,OU
2025-11-15T01:29:17,1763170157.776510,816441725.298510,5303.309551,63116,24808,csn,4.995950e+02,2.630203e-01,-1.325775e+02,-3.374969e+01,1.494820e+02,44,CO2,-999.000000,-999.000000,-999.000000,OU
2025-11-15T01:29:19,1763170159.776505,816441727.298505,5305.309551,63116,24808,csn,5.011541e+02,2.657104e-01,-1.325442e+02,-3.385447e+01,1.493736e+02,44,CO2,-999.000000,-999.000000,-999.000000,OU
2025-11-15T01:29:21,1763170161.776501,816441729.298501,5307.309551,63116,24808,csn,5.027161e+02,2.683665e-01,-1.325107e+02,-3.395915e+01,1.492654e+02,44,CO2,-999.000000,-999.000000,-999.000000,OU
2025-11-15T01:29:23,1763170163.776497,816441731.298497,5309.309551,63116,24808,csn,5.042812e+02,2.713372e-01,-1.324772e+02,-3.406373e+01,1.491567e+02,44,CO2,-999.000000,-999.000000,-999.000000,OU
2025-11-15T01:29:25,1763170165.776492,816441733.298492,5311.309551,63116,24808,csn,5.058493e+02,2.739956e-01,-1.324436e+02,-3.416821e+01,1.490487e+02,44,CO2,-999.000000,-999.000000,-999.000000,OU
2025-11-15T01:29:27,1763170167.776488,816441735.298488,5313.309551,63116,24808,csn,5.074205e+02,2.766820e-01,-1.324100e+02,-3.427259e+01,1.489407e+02,44,CO2,-999.000000,-999.000000,-999.000000,OU
2025-11-15T01:29:29,1763170169.776484,816441737.298484,5315.309551,63116,24808,csn,5.089947e+02,2.795771e-01,-1.323763e+02,-3.437686e+01,1.488324e+02,44,CO2,-999.000000,-999.000000,-999.000000,OU
2025-11-15T01:29:31,1763170171.776480,816441739.298480,5317.309551,63116,24808,csn,5.105718e+02,2.824221e-01,-1.323425e+02,-3.448104e+01,1.487243e+02,44,CO2,-999.000000,-999.000000,-999.000000,OU
2025-11-15T01:29:33,1763170173.776476,816441741.298476,5319.309551,63116,24808,csn,5.121520e+02,2.852252e-01,-1.323087e+02,-3.458511e+01,1.486163e+02,44,CO2,-999.000000,-999.000000,-999.000000,OU
2025-11-15T01:29:35,1763170175.776472,816441743.298472,5321.309551,63116,24808,csn,5.137352e+02,2.879692e-01,-1.322747e+02,-3.468908e+01,1.485086e+02,44,CO2,-999.000000,-999.000000,-999.000000,OU
2025-11-15T01:29:37,1763170177.776467,816441745.298468,5323.309551,63116,24808,csn,5.153213e+02,2.908075e-01,-1.322408e+02,-3.479296e+01,1.484007e+02,44,CO2,-999.000000,-999.000000,-999.000000,OU
2025-11-15T01:29:39,1763170179.776464,816441747.298464,5325.309551,63116,24808,csn,5.169104e+02,2.935529e-01,-1.322067e+02,-3.489672e+01,1.482931e+02,44,CO2,-999.000000,-999.000000,-999.000000,OU
2025-11-15T01:29:41,1763170181.776459,816441749.298460,5327.309551,63116,24808,csn,5.185025e+02,2.964073e-01,-1.321726e+02,-3.500039e+01,1.481854e+02,44,CO2,-999.000000,-999.000000,-999.000000,OU
2025-11-15T01:29:43,1763170183.776455,816441751.298455,5329.309551,63116,24808,csn,5.200975e+02,2.993224e-01,-1.321383e+02,-3.510396e+01,1.480777e+02,44,CO2,-999.000000,-999.000000,-999.000000,OU
2025-11-15T01:29:45,1763170185.776451,816441753.298451,5331.309551,63116,24808,csn,5.216955e+02,3.020381e-01,-1.321041e+02,-3.520742e+01,1.479705e+02,44,CO2,-999.000000,-999.000000,-999.000000,OU
2025-11-15T01:29:47,1763170187.776447,816441755.298447,5333.309551,63116,24808,csn,5.232964e+02,3.049115e-01,-1.320697e+02,-3.531078e+01,1.478630e+02,44,CO2,-999.000000,-999.000000,-999.000000,OU
2025-11-15T01:29:49,1763170189.776443,816441757.298443,5335.309551,63116,24808,csn,5.249002e+02,3.076412e-01,-1.320353e+02,-3.541404e+01,1.477559e+02,44,CO2,-999.000000,-999.000000,-999.000000,OU
2025-11-15T01:29:51,1763170191.776439,816441759.298439,5337.309551,63116,24808,csn,5.265070e+02,3.106160e-01,-1.320008e+02,-3.551720e+01,1.476484e+02,44,CO2,-999.000000,-999.000000,-999.000000,OU
2025-11-15T01:29:53,1763170193.776434,816441761.298434,5339.309551,63116,24808,csn,5.281166e+02,3.134601e-01,-1.319662e+02,-3.562025e+01,1.475413e+02,44,CO2,-999.000000,-999.000000,-999.000000,OU
2025-11-15T01:29:55,1763170195.776430,816441763.298429,5341.309551,63116,24808,csn,5.297292e+02,3.161494e-01,-1.319316e+02,-3.572321e+01,1.474345e+02,44,CO2,-999.000000,-999.000000,-999.000000,OU
2025-11-15T01:06:22,1763168782.777373,816440350.301373,3928.309551,63116,24808,csn,4.556398e+02,2.243913e+01,-1.543605e+02,4.753348e+01,1.250259e+02,28,N2,-999.000000,-999.000000,-999.000000,IV
2025-11-15T01:06:24,1763168784.777367,816440352.301367,3930.309551,63116,24808,csn,4.541850e+02,2.244304e+01,-1.543047e+02,4.742949e+01,1.251360e+02,28,N2,-999.000000,-999.000000,-999.000000,IV
2025-11-15T01:06:26,1763168786.777363,816440354.301363,3932.309551,63116,24808,csn,4.527335e+02,2.244742e+01,-1.542492e+02,4.732538e+01,1.252487e+02,28,N2,-999.000000,-999.000000,-999.000000,IV
2025-11-15T01:06:28,1763168788.777359,816440356.301359,3934.309551,63116,24808,csn,4.512852e+02,2.245183e+01,-1.541938e+02,4.722116e+01,1.253616e+02,28,N2,-999.000000,-999.000000,-999.000000,IV
2025-11-15T01:06:30,1763168790.777355,816440358.301355,3936.309551,63116,24808,csn,4.498403e+02,2.245597e+01,-1.541386e+02,4.711682e+01,1.254734e+02,28,N2,-999.000000,-999.000000,-999.000000,IV
2025-11-15T01:06:32,1763168792.777351,816440360.301351,3938.309551,63116,24808,csn,4.483986e+02,2.246022e+01,-1.540836e+02,4.701237e+01,1.255859e+02,28,N2,-999.000000,-999.000000,-999.000000,IV
2025-11-15T01:06:34,1763168794.777347,816440362.301347,3940.309551,63116,24808,csn,4.469602e+02,2.246445e+01,-1.540288e+02,4.690779e+01,1.256984e+02,28,N2,-999.000000,-999.000000,-999.000000,IV
2025-11-15T01:06:36,1763168796.777343,816440364.301343,3942.309551,63116,24808,csn,4.455252e+02,2.246858e+01,-1.539743e+02,4.680311e+01,1.258106e+02,28,N2,-999.000000,-999.000000,-999.000000,IV
2025-11-15T01:06:38,1763168798.777339,816440366.301339,3944.309551,63116,24808,csn,4.440934e+02,2.247279e+01,-1.539199e+02,4.669831e+01,1.259233e+02,28,N2,-999.000000,-999.000000,-999.000000,IV
2025-11-15T01:06:40,1763168800.777334,816440368.301334,3946.309551,63116,24808,csn,4.426650e+02,2.247673e+01,-1.538657e+02,4.659339e+01,1.260348e+02,28,N2,-999.000000,-999.000000,-999.000000,IV
2025-11-15T01:06:42,1763168802.777330,816440370.301330,3948.309551,63116,24808,csn,4.412399e+02,2.248086e+01,-1.538117e+02,4.648836e+01,1.261474e+02,28,N2,-999.000000,-999.000000,-999.000000,IV
2025-11-15T01:06:44,1763168804.777326,816440372.301326,3950.309551,63116,24808,csn,4.398181e+02,2.248507e+01,-1.537579e+02,4.638322e+01,1.262606e+02,28,N2,-999.000000,-999.000000,-999.000000,IV
2025-11-15T01:06:46,1763168806.777322,816440374.301322,3952.309551,63116,24808,csn,4.383997e+02,2.248932e+01,-1.537043e+02,4.627796e+01,1.263741e+02,28,N2,-999.000000,-999.000000,-999.000000,IV
2025-11-15T01:06:48,1763168808.777318,816440376.301318,3954.309551,63116,24808,csn,4.369846e+02,2.249336e+01,-1.536508e+02,4.617258e+01,1.264867e+02,28,N2,-999.000000,-999.000000,-999.000000,IV
2025-11-15T01:06:50,1763168810.777314,816440378.301314,3956.309551,63116,24808,csn,4.355729e+02,2.249730e+01,-1.535976e+02,4.606710e+01,1.265989e+02,28,N2,-999.000000,-999.000000,-999.000000,IV
2025-11-15T01:06:52,1763168812.777309,816440380.301309,3958.309551,63116,24808,csn,4.341646e+02,2.250158e+01,-1.535446e+02,4.596150e+01,1.267130e+02,28,N2,-999.000000,-999.000000,-999.000000,IV
2025-11-15T01:06:54,1763168814.777305,816440382.301305,3960.309551,63116,24808,csn,4.327597e+02,2.250560e+01,-1.534917e+02,4.585578e+01,1.268260e+02,28,N2,-999.000000,-999.000000,-999.000000,IV
2025-11-15T01:06:56,1763168816.777301,816440384.301301,3962.309551,63116,24808,csn,4.313581e+02,2.250965e+01,-1.534390e+02,4.574996e+01,1.269392e+02,28,N2,-999.000000,-999.000000,-999.000000,IV
2025-11-15T01:06:58,1763168818.777297,816440386.301297,3964.309551,63116,24808,csn,4.299600e+02,2.251360e+01,-1.533865e+02,4.564402e+01,1.270521e+02,28,N2,-999.000000,-999.000000,-999.000000,IV
2025-11-15T01:07:00,1763168820.777293,816440388.301293,3966.309551,63116,24808,csn,4.285653e+02,2.251760e+01,-1.533342e+02,4.553797e+01,1.271654e+02,28,N2,-999.000000,-999.000000,-999.000000,IV
2025-11-15T01:07:02,1763168822.777288,816440390.301288,3968.309551,63116,24808,csn,4.271739e+02,2.252158e+01,-1.532821e+02,4.543181e+01,1.272787e+02,28,N2,-999.000000,-999.000000,-999.000000,IV
2025-11-15T01:07:04,1763168824.777285,816440392.301285,3970.309551,63116,24808,csn,4.257860e+02,2.252578e+01,-1.532302e+02,4.532553e+01,1.273933e+02,28,N2,-999.000000,-999.000000,-999.000000,IV
2025-11-15T01:07:06,1763168826.777281,816440394.301281,3972.309551,63116,24808,csn,4.244015e+02,2.252954e+01,-1.531784e+02,4.521915e+01,1.275058e+02,28,N2,-999.000000,-999.000000,-999.000000,IV
2025-11-15T01:07:08,1763168828.777276,816440396.301276,3974.309551,63116,24808,csn,4.230205e+02,2.253363e+01,-1.531268e+02,4.511265e+01,1.276201e+02,28,N2,-999.000000,-999.000000,-999.000000,IV
2025-11-15T01:07:10,1763168830.777272,816440398.301272,3976.309551,63116,24808,csn,4.216429e+02,2.253762e+01,-1.530754e+02,4.500604e+01,1.277341e+02,28,N2,-999.000000,-999.000000,-999.000000,IV
2025-11-15T01:07:12,1763168832.777268,816440400.301268,3978.309551,63116,24808,csn,4.202688e+02,2.254154e+01,-1.530242e+02,4.489933e+01,1.278478e+02,28,N2,-999.000000,-999.000000,-999.000000,IV
2025-11-15T01:07:14,1763168834.777263,816440402.301264,3980.309551,63116,24808,csn,4.188982e+02,2.254562e+01,-1.529732e+02,4.479250e+01,1.279625e+02,28,N2,-999.000000,-999.000000,-999.000000,IV
2025-11-15T01:07:16,1763168836.777259,816440404.301259,3982.309551,63116,24808,csn,4.175310e+02,2.254944e+01,-1.529223e+02,4.468556e+01,1.280760e+02,28,N2,-999.000000,-999.000000,-999.000000,IV
2025-11-15T01:07:18,1763168838.777255,816440406.301255,3984.309551,63116,24808,csn,4.161673e+02,2.255328e+01,-1.528716e+02,4.457851e+01,1.281897e+02,28,N2,-999.000000,-999.000000,-999.000000,IV
2025-11-15T01:07:20,1763168840.777251,816440408.301251,3986.309551,63116,24808,csn,4.148071e+02,2.255736e+01,-1.528211e+02,4.447135e+01,1.283049e+02,28,N2,-999.000000,-999.000000,-999.000000,IV
2025-11-15T01:07:22,1763168842.777247,816440410.301247,3988.309551,63116,24808,csn,4.134504e+02,2.256118e+01,-1.527707e+02,4.436408e+01,1.284188e+02,28,N2,-999.000000,-999.000000,-999.000000,IV
2025-11-15T01:07:24,1763168844.777243,816440412.301243,3990.309551,63116,24808,csn,4.120972e+02,2.256496e+01,-1.527205e+02,4.425671e+01,1.285327e+02,28,N2,-999.000000,-999.000000,-999.000000,IV
2025-11-15T01:07:26,1763168846.777239,816440414.301239,3992.309551,63116,24808,csn,4.107475e+02,2.256905e+01,-1.526705e+02,4.414922e+01,1.286483e+02,28,N2,-999.000000,-999.000000,-999.000000,IV
2025-11-15T01:07:28,1763168848.777235,816440416.301235,3994.309551,63116,24808,csn,4.094013e+02,2.257283e+01,-1.526207e+02,4.404163e+01,1.287624e+02,28,N2,-999.000000,-999.000000,-999.000000,IV
2025-11-15T01:07:30,1763168850.777231,816440418.301230,3996.309551,63116,24808,csn,4.080587e+02,2.257668e+01,-1.525710e+02,4.393392e+01,1.288771e+02,28,N2,-999.000000,-999.000000,-999.000000,IV
2025-11-15T01:07:32,1763168852.777226,816440420.301226,3998.309551,63116,24808,csn,4.067196e+02,2.258049e+01,-1.525215e+02,4.382611e+01,1.289916e+02,28,N2,-999.000000,-999.000000,-999.000000,IV
2025-11-15T01:07:34,1763168854.777222,816440422.301222,4000.309551,63116,24808,csn,4.053841e+02,2.258429e+01,-1.524722e+02,4.371819e+01,1.291063e+02,28,N2,-999.000000,-999.000000,-999.000000,IV
2025-11-15T01:07:36,1763168856.777218,816440424.301218,4002.309551,63116,24808,csn,4.040521e+02,2.258807e+01,-1.524230e+02,4.361017e+01,1.292210e+02,28,N2,-999.000000,-999.000000,-999.000000,IV
2025-11-15T01:07:38,1763168858.777214,816440426.301214,4004.309551,63116,24808,csn,4.027237e+02,2.259189e+01,-1.523740e+02,4.350204e+01,1.293361e+02,28,N2,-999.000000,-999.000000,-999.000000,IV
2025-11-15T01:07:40,1763168860.777210,816440428.301210,4006.309551,63116,24808,csn,4.013988e+02,2.259568e+01,-1.523251e+02,4.339379e+01,1.294511e+02,28,N2,-999.000000,-999.000000,-999.000000,IV
2025-11-15T01:07:42,1763168862.777205,816440430.301205,4008.309551,63116,24808,csn,4.000776e+02,2.259953e+01,-1.522764e+02,4.328545e+01,1.295665e+02,28,N2,-999.000000,-999.000000,-999.000000,IV
2025-11-15T01:07:44,1763168864.777201,816440432.301201,4010.309551,63116,24808,csn,3.987599e+02,2.260335e+01,-1.522279e+02,4.317699e+01,1.296820e+02,28,N2,-999.000000,-999.000000,-999.000000,IV
2025-11-15T01:07:46,1763168866.777197,816440434.301197,4012.309551,63116,24808,csn,3.974458e+02,2.260713e+01,-1.521795e+02,4.306843e+01,1.297974e+02,28,N2,-999.000000,-999.000000,-999.000000,IV
2025-11-15T01:07:48,1763168868.777193,816440436.301193,4014.309551,63116,24808,csn,3.961354e+02,2.261095e+01,-1.521313e+02,4.295977e+01,1.299131e+02,28,N2,-999.000000,-999.000000,-999.000000,IV
2025-11-15T01:07:50,1763168870.777188,816440438.301188,4016.309551,63116,24808,csn,3.948286e+02,2.261450e+01,-1.520833e+02,4.285100e+01,1.300276e+02,28,N2,-999.000000,-999.000000,-999.000000,IV
2025-11-15T01:07:52,1763168872.777184,816440440.301184,4018.309551,63116,24808,csn,3.935253e+02,2.261826e+01,-1.520354e+02,4.274212e+01,1.301433e+02,28,N2,-999.000000,-999.000000,-999.000000,IV
2025-11-15T01:07:54,1763168874.777180,816440442.301180,4020.309551,63116,24808,csn,3.922258e+02,2.262213e+01,-1.519877e+02,4.263314e+01,1.302596e+02,28,N2,-999.000000,-999.000000,-999.000000,IV
2025-11-15T01:07:56,1763168876.777176,816440444.301176,4022.309551,63116,24808,csn,3.909298e+02,2.262565e+01,-1.519401e+02,4.252405e+01,1.303743e+02,28,N2,-999.000000,-999.000000,-999.000000,IV
2025-11-15T01:07:58,1763168878.777172,816440446.301172,4024.309551,63116,24808,csn,3.896375e+02,2.262943e+01,-1.518927e+02,4.241486e+01,1.304905e+02,28,N2,-999.000000,-999.000000,-999.000000,IV
2025-11-15T01:08:00,1763168880.777168,816440448.301168,4026.309551,63116,24808,csn,3.883489e+02,2.263324e+01,-1.518454e+02,4.230556e+01,1.306070e+02,28,N2,-999.000000,-999.000000,-999.000000,IV
2025-11-15T01:08:02,1763168882.777164,816440450.301164,4028.309551,63116,24808,csn,3.870640e+02,2.263673e+01,-1.517983e+02,4.219616e+01,1.307220e+02,28,N2,-999.000000,-999.000000,-999.000000,IV
2025-11-15T01:08:04,1763168884.777160,816440452.301160,4030.309551,63116,24808,csn,3.857827e+02,2.264058e+01,-1.517514e+02,4.208666e+01,1.308389e+02,28,N2,-999.000000,-999.000000,-999.000000,IV
2025-11-15T01:08:06,1763168886.777156,816440454.301156,4032.309551,63116,24808,csn,3.845050e+02,2.264412e+01,-1.517046e+02,4.197705e+01,1.309544e+02,28,N2,-999.000000,-999.000000,-999.000000,IV
2025-11-15T01:08:08,1763168888.777151,816440456.301151,4034.309551,63116,24808,csn,3.832311e+02,2.264788e+01,-1.516579e+02,4.186734e+01,1.310711e+02,28,N2,-999.000000,-999.000000,-999.000000,IV
2025-11-15T01:08:10,1763168890.777147,816440458.301147,4036.309551,63116,24808,csn,3.819609e+02,2.265145e+01,-1.516114e+02,4.175753e+01,1.311870e+02,28,N2,-999.000000,-999.000000,-999.000000,IV
2025-11-15T01:08:12,1763168892.777143,816440460.301142,4038.309551,63116,24808,csn,3.806944e+02,2.265495e+01,-1.515650e+02,4.164761e+01,1.313027e+02,28,N2,-999.000000,-999.000000,-999.000000,IV
2025-11-15T01:08:14,1763168894.777139,816440462.301139,4040.309551,63116,24808,csn,3.794316e+02,2.265870e+01,-1.515188e+02,4.153759e+01,1.314198e+02,28,N2,-999.000000,-999.000000,-999.000000,IV
2025-11-15T01:08:16,1763168896.777134,816440464.301135,4042.309551,63116,24808,csn,3.781725e+02,2.266233e+01,-1.514728e+02,4.142747e+01,1.315363e+02,28,N2,-999.000000,-999.000000,-999.000000,IV
2025-11-15T01:08:18,1763168898.777130,816440466.301130,4044.309551,63116,24808,csn,3.769172e+02,2.266584e+01,-1.514269e+02,4.131725e+01,1.316524e+02,28,N2,-999.000000,-999.000000,-999.000000,IV
2025-11-15T01:08:20,1763168900.777126,816440468.301126,4046.309551,63116,24808,csn,3.756656e+02,2.266957e+01,-1.513811e+02,4.120692e+01,1.317698e+02,28,N2,-999.000000,-999.000000,-999.000000,IV
2025-11-15T01:08:22,1763168902.777122,816440470.301122,4048.309551,63116,24808,csn,3.744178e+02,2.267318e+01,-1.513355e+02,4.109649e+01,1.318867e+02,28,N2,-999.000000,-999.000000,-999.000000,IV
2025-11-15T01:08:24,1763168904.777118,816440472.301118,4050.309551,63116,24808,csn,3.731737e+02,2.267664e+01,-1.512900e+02,4.098597e+01,1.320029e+02,28,N2,-999.000000,-999.000000,-999.000000,IV
2025-11-15T01:08:26,1763168906.777114,816440474.301114,4052.309551,63116,24808,csn,3.719334e+02,2.268024e+01,-1.512447e+02,4.087534e+01,1.321199e+02,28,N2,-999.000000,-999.000000,-999.000000,IV
2025-11-15T01:08:28,1763168908.777110,816440476.301110,4054.309551,63116,24808,csn,3.706968e+02,2.268381e+01,-1.511995e+02,4.076461e+01,1.322369e+02,28,N2,-999.000000,-999.000000,-999.000000,IV
2025-11-15T01:08:30,1763168910.777106,816440478.301105,4056.309551,63116,24808,csn,3.694640e+02,2.268723e+01,-1.511544e+02,4.065378e+01,1.323533e+02,28,N2,-999.000000,-999.000000,-999.000000,IV
2025-11-15T01:08:32,1763168912.777102,816440480.301102,4058.309551,63116,24808,csn,3.682351e+02,2.269086e+01,-1.511095e+02,4.054285e+01,1.324710e+02,28,N2,-999.000000,-999.000000,-999.000000,IV
2025-11-15T01:08:34,1763168914.777097,816440482.301097,4060.309551,63116,24808,csn,3.670099e+02,2.269433e+01,-1.510647e+02,4.043182e+01,1.325879e+02,28,N2,-999.000000,-999.000000,-999.000000,IV
2025-11-15T01:08:36,1763168916.777093,816440484.301093,4062.309551,63116,24808,csn,3.657885e+02,2.269787e+01,-1.510201e+02,4.032069e+01,1.327053e+02,28,N2,-999.000000,-999.000000,-999.000000,IV
2025-11-15T01:08:38,1763168918.777089,816440486.301089,4064.309551,63116,24808,csn,3.645709e+02,2.270151e+01,-1.509756e+02,4.020946e+01,1.328232e+02,28,N2,-999.000000,-999.000000,-999.000000,IV
2025-11-15T01:08:40,1763168920.777085,816440488.301084,4066.309551,63116,24808,csn,3.633572e+02,2.270493e+01,-1.509312e+02,4.009813e+01,1.329403e+02,28,N2,-999.000000,-999.000000,-999.000000,IV
2025-11-15T01:08:42,1763168922.777080,816440490.301080,4068.309551,63116,24808,csn,3.621473e+02,2.270837e+01,-1.508870e+02,3.998671e+01,1.330575e+02,28,N2,-999.000000,-999.000000,-999.000000,IV
2025-11-15T01:08:44,1763168924.777076,816440492.301076,4070.309551,63116,24808,csn,3.609412e+02,2.271177e+01,-1.508429e+02,3.987518e+01,1.331747e+02,28,N2,-999.000000,-999.000000,-999.000000,IV
2025-11-15T01:08:46,1763168926.777072,816440494.301072,4072.309551,63116,24808,csn,3.597390e+02,2.271549e+01,-1.507990e+02,3.976356e+01,1.332936e+02,28,N2,-999.000000,-999.000000,-999.000000,IV
2025-11-15T01:08:48,1763168928.777068,816440496.301068,4074.309551,63116,24808,csn,3.585406e+02,2.271889e+01,-1.507552e+02,3.965184e+01,1.334110e+02,28,N2,-999.000000,-999.000000,-999.000000,IV
2025-11-15T01:08:50,1763168930.777064,816440498.301064,4076.309551,63116,24808,csn,3.573461e+02,2.272233e+01,-1.507115e+02,3.954002e+01,1.335287e+02,28,N2,-999.000000,-999.000000,-999.000000,IV
2025-11-15T01:08:52,1763168932.777060,816440500.301060,4078.309551,63116,24808,csn,3.561555e+02,2.272577e+01,-1.506679e+02,3.942810e+01,1.336465e+02,28,N2,-999.000000,-999.000000,-999.000000,IV
2025-11-15T01:08:54,1763168934.777056,816440502.301056,4080.309551,63116,24808,csn,3.549687e+02,2.272921e+01,-1.506245e+02,3.931609e+01,1.337645e+02,28,N2,-999.000000,-999.000000,-999.000000,IV
2025-11-15T01:08:56,1763168936.777052,816440504.301052,4082.309551,63116,24808,csn,3.537858e+02,2.273264e+01,-1.505812e+02,3.920398e+01,1.338825e+02,28,N2,-999.000000,-999.000000,-999.000000,IV
2025-11-15T01:08:58,1763168938.777047,816440506.301047,4084.309551,63116,24808,csn,3.526069e+02,2.273602e+01,-1.505381e+02,3.909177e+01,1.340004e+02,28,N2,-999.000000,-999.000000,-999.000000,IV
2025-11-15T01:09:00,1763168940.777043,816440508.301043,4086.309551,63116,24808,csn,3.514318e+02,2.273947e+01,-1.504951e+02,3.897947e+01,1.341188e+02,28,N2,-999.000000,-999.000000,-999.000000,IV
2025-11-15T01:09:02,1763168942.777038,816440510.301039,4088.309551,63116,24808,csn,3.502606e+02,2.274289e+01,-1.504522e+02,3.886707e+01,1.342371e+02,28,N2,-999.000000,-999.000000,-999.000000,IV
2025-11-15T01:09:04,1763168944.777034,816440512.301034,4090.309551,63116,24808,csn,3.490934e+02,2.274616e+01,-1.504094e+02,3.875458e+01,1.343547e+02,28,N2,-999.000000,-999.000000,-999.000000,IV
2025-11-15T01:09:06,1763168946.777030,816440514.301030,4092.309551,63116,24808,csn,3.479301e+02,2.274948e+01,-1.503668e+02,3.864199e+01,1.344728e+02,28,N2,-999.000000,-999.000000,-999.000000,IV
2025-11-15T01:09:08,1763168948.777026,816440516.301026,4094.309551,63116,24808,csn,3.467707e+02,2.275290e+01,-1.503243e+02,3.852930e+01,1.345915e+02,28,N2,-999.000000,-999.000000,-999.000000,IV
2025-11-15T01:09:10,1763168950.777022,816440518.301022,4096.309551,63116,24808,csn,3.456152e+02,2.275630e+01,-1.502819e+02,3.841652e+01,1.347102e+02,28,N2,-999.000000,-999.000000,-999.000000,IV
2025-11-15T01:09:12,1763168952.777018,816440520.301018,4098.309551,63116,24808,csn,3.444637e+02,2.275974e+01,-1.502396e+02,3.830365e+01,1.348292e+02,28,N2,-999.000000,-999.000000,-999.000000,IV
2025-11-15T01:09:14,1763168954.777014,816440522.301014,4100.309551,63116,24808,csn,3.433162e+02,2.276281e+01,-1.501975e+02,3.819068e+01,1.349464e+02,28,N2,-999.000000,-999.000000,-999.000000,IV
2025-11-15T01:09:16,1763168956.777009,816440524.301009,4102.309551,63116,24808,csn,3.421726e+02,2.276673e+01,-1.501555e+02,3.807762e+01,1.350682e+02,28,N2,-999.000000,-999.000000,-999.000000,IV
2025-11-15T01:09:18,1763168958.777006,816440526.301009,4104.309551,63116,24808,csn,3.410331e+02,2.276841e+01,-1.501136e+02,3.796447e+01,1.351783e+02,28,N2,-999.000000,-999.000000,-999.000000,IV
2025-11-15T01:09:20,1763168960.777001,816440528.301002,4106.309551,63116,24808,csn,3.398975e+02,2.277261e+01,-1.500718e+02,3.785121e+01,1.353017e+02,28,N2,-999.000000,-999.000000,-999.000000,IV
2025-11-15T01:09:22,1763168962.776997,816440530.300996,4108.309551,63116,24808,csn,3.387658e+02,2.277654e+01,-1.500302e+02,3.773787e+01,1.354240e+02,28,N2,-999.000000,-999.000000,-999.000000,IV
2025-11-15T01:09:24,1763168964.776993,816440532.300993,4110.309551,63116,24808,csn,3.376382e+02,2.277966e+01,-1.499886e+02,3.762443e+01,1.355420e+02,28,N2,-999.000000,-999.000000,-999.000000,IV
2025-11-15T01:09:26,1763168966.776989,816440534.300989,4112.309551,63116,24808,csn,3.365146e+02,2.278302e+01,-1.499472e+02,3.751090e+01,1.356614e+02,28,N2,-999.000000,-999.000000,-999.000000,IV
2025-11-15T01:09:28,1763168968.776985,816440536.300985,4114.309551,63116,24808,csn,3.353950e+02,2.278626e+01,-1.499059e+02,3.739728e+01,1.357803e+02,28,N2,-999.000000,-999.000000,-999.000000,IV
2025-11-15T01:09:30,1763168970.776981,816440538.300981,4116.309551,63116,24808,csn,3.342794e+02,2.278939e+01,-1.498648e+02,3.728357e+01,1.358987e+02,28,N2,-999.000000,-999.000000,-999.000000,IV
2025-11-15T01:09:32,1763168972.776977,816440540.300977,4118.309551,63116,24808,csn,3.331678e+02,2.279289e+01,-1.498237e+02,3.716977e+01,1.360192e+02,28,N2,-999.000000,-999.000000,-999.000000,IV
2025-11-15T01:09:34,1763168974.776973,816440542.300973,4120.309551,63116,24808,csn,3.320603e+02,2.279607e+01,-1.497828e+02,3.705587e+01,1.361381e+02,28,N2,-999.000000,-999.000000,-999.000000,IV
2025-11-15T01:09:36,1763168976.776968,816440544.300968,4122.309551,63116,24808,csn,3.309569e+02,2.279936e+01,-1.497420e+02,3.694188e+01,1.362577e+02,28,N2,-999.000000,-999.000000,-999.000000,IV
2025-11-15T01:09:38,1763168978.776963,816440546.300963,4124.309551,63116,24808,csn,3.298574e+02,2.280256e+01,-1.497013e+02,3.682780e+01,1.363769e+02,28,N2,-999.000000,-999.000000,-999.000000,IV
2025-11-15T01:09:40,1763168980.776959,816440548.300959,4126.309551,63116,24808,csn,3.287621e+02,2.280574e+01,-1.496607e+02,3.671363e+01,1.364962e+02,28,N2,-999.000000,-999.000000,-999.000000,IV
2025-11-15T01:09:42,1763168982.776955,816440550.300955,4128.309551,63116,24808,csn,3.276708e+02,2.280909e+01,-1.496203e+02,3.659938e+01,1.366164e+02,28,N2,-999.000000,-999.000000,-999.000000,IV
2025-11-15T01:09:44,1763168984.776951,816440552.300951,4130.309551,63116,24808,csn,3.265836e+02,2.281232e+01,-1.495799e+02,3.648503e+01,1.367361e+02,28,N2,-999.000000,-999.000000,-999.000000,IV
2025-11-15T01:09:46,1763168986.776947,816440554.300947,4132.309551,63116,24808,csn,3.255005e+02,2.281548e+01,-1.495397e+02,3.637059e+01,1.368555e+02,28,N2,-999.000000,-999.000000,-999.000000,IV
2025-11-15T01:09:48,1763168988.776943,816440556.300943,4134.309551,63116,24808,csn,3.244214e+02,2.281876e+01,-1.494995e+02,3.625606e+01,1.369757e+02,28,N2,-999.000000,-999.000000,-999.000000,IV
2025-11-15T01:09:50,1763168990.776939,816440558.300939,4136.309551,63116,24808,csn,3.233465e+02,2.282202e+01,-1.494595e+02,3.614144e+01,1.370960e+02,28,N2,-999.000000,-999.000000,-999.000000,IV
2025-11-15T01:09:52,1763168992.776935,816440560.300935,4138.309551,63116,24808,csn,3.222756e+02,2.282515e+01,-1.494196e+02,3.602674e+01,1.372156e+02,28,N2,-999.000000,-999.000000,-999.000000,IV
2025-11-15T01:09:54,1763168994.776931,816440562.300931,4140.309551,63116,24808,csn,3.212089e+02,2.282834e+01,-1.493798e+02,3.591194e+01,1.373356e+02,28,N2,-999.000000,-999.000000,-999.000000,IV
2025-11-15T01:09:56,1763168996.776926,816440564.300926,4142.309551,63116,24808,csn,3.201463e+02,2.283152e+01,-1.493402e+02,3.579706e+01,1.374557e+02,28,N2,-999.000000,-999.000000,-999.000000,IV
2025-11-15T01:09:58,1763168998.776922,816440566.300922,4144.309551,63116,24808,csn,3.190879e+02,2.283464e+01,-1.493006e+02,3.568209e+01,1.375756e+02,28,N2,-999.000000,-999.000000,-999.000000,IV
2025-11-15T01:10:00,1763169000.776918,816440568.300918,4146.309551,63116,24808,csn,3.180335e+02,2.283791e+01,-1.492611e+02,3.556703e+01,1.376964e+02,28,N2,-999.000000,-999.000000,-999.000000,IV
2025-11-15T01:10:02,1763169002.776914,816440570.300914,4148.309551,63116,24808,csn,3.169833e+02,2.284092e+01,-1.492218e+02,3.545188e+01,1.378159e+02,28,N2,-999.000000,-999.000000,-999.000000,IV
2025-11-15T01:10:04,1763169004.776910,816440572.300910,4150.309551,63116,24808,csn,3.159373e+02,2.284428e+01,-1.491825e+02,3.533665e+01,1.379374e+02,28,N2,-999.000000,-999.000000,-999.000000,IV
2025-11-15T01:10:06,1763169006.776905,816440574.300905,4152.309551,63116,24808,csn,3.148954e+02,2.284732e+01,-1.491434e+02,3.522133e+01,1.380573e+02,28,N2,-999.000000,-999.000000,-999.000000,IV
2025-11-15T01:10:08,1763169008.776901,816440576.300902,4154.309551,63116,24808,csn,3.138577e+02,2.285037e+01,-1.491044e+02,3.510592e+01,1.381773e+02,28,N2,-999.000000,-999.000000,-999.000000,IV
2025-11-15T01:10:10,1763169010.776897,816440578.300897,4156.309551,63116,24808,csn,3.128242e+02,2.285369e+01,-1.490655e+02,3.499043e+01,1.382989e+02,28,N2,-999.000000,-999.000000,-999.000000,IV
2025-11-15T01:10:12,1763169012.776893,816440580.300893,4158.309551,63116,24808,csn,3.117948e+02,2.285669e+01,-1.490266e+02,3.487485e+01,1.384189e+02,28,N2,-999.000000,-999.000000,-999.000000,IV
2025-11-15T01:10:14,1763169014.776889,816440582.300889,4160.309551,63116,24808,csn,3.107697e+02,2.285972e+01,-1.489879e+02,3.475919e+01,1.385391e+02,28,N2,-999.000000,-999.000000,-999.000000,IV
2025-11-15T01:10:16,1763169016.776885,816440584.300885,4162.309551,63116,24808,csn,3.097487e+02,2.286298e+01,-1.489493e+02,3.464344e+01,1.386606e+02,28,N2,-999.000000,-999.000000,-999.000000,IV
2025-11-15T01:10:18,1763169018.776881,816440586.300880,4164.309551,63116,24808,csn,3.087319e+02,2.286617e+01,-1.489108e+02,3.452760e+01,1.387819e+02,28,N2,-999.000000,-999.000000,-999.000000,IV
2025-11-15T01:10:20,1763169020.776877,816440588.300877,4166.309551,63116,24808,csn,3.077194e+02,2.286920e+01,-1.488724e+02,3.441168e+01,1.389025e+02,28,N2,-999.000000,-999.000000,-999.000000,IV
2025-11-15T01:10:22,1763169022.776873,816440590.300873,4168.309551,63116,24808,csn,3.067110e+02,2.287222e+01,-1.488341e+02,3.429568e+01,1.390230e+02,28,N2,-999.000000,-999.000000,-999.000000,IV
2025-11-15T01:10:24,1763169024.776868,816440592.300868,4170.309551,63116,24808,csn,3.057069e+02,2.287528e+01,-1.487959e+02,3.417959e+01,1.391439e+02,28,N2,-999.000000,-999.000000,-999.000000,IV
2025-11-15T01:10:26,1763169026.776865,816440594.300864,4172.309551,63116,24808,csn,3.047071e+02,2.287828e+01,-1.487578e+02,3.406342e+01,1.392646e+02,28,N2,-999.000000,-999.000000,-999.000000,IV
2025-11-15T01:10:28,1763169028.776860,816440596.300859,4174.309551,63116,24808,csn,3.037114e+02,2.288161e+01,-1.487198e+02,3.394717e+01,1.393872e+02,28,N2,-999.000000,-999.000000,-999.000000,IV
2025-11-15T01:10:30,1763169030.776855,816440598.300856,4176.309551,63116,24808,csn,3.027200e+02,2.288471e+01,-1.486819e+02,3.383083e+01,1.395086e+02,28,N2,-999.000000,-999.000000,-999.000000,IV
2025-11-15T01:10:32,1763169032.776851,816440600.300851,4178.309551,63116,24808,csn,3.017329e+02,2.288777e+01,-1.486441e+02,3.371441e+01,1.396299e+02,28,N2,-999.000000,-999.000000,-999.000000,IV
2025-11-15T01:10:34,1763169034.776847,816440602.300847,4180.309551,63116,24808,csn,3.007500e+02,2.289076e+01,-1.486065e+02,3.359791e+01,1.397509e+02,28,N2,-999.000000,-999.000000,-999.000000,IV
2025-11-15T01:10:36,1763169036.776843,816440604.300843,4182.309551,63116,24808,csn,2.997715e+02,2.289384e+01,-1.485689e+02,3.348132e+01,1.398725e+02,28,N2,-999.000000,-999.000000,-999.000000,IV
2025-11-15T01:10:38,1763169038.776839,816440606.300839,4184.309551,63116,24808,csn,2.987971e+02,2.289689e+01,-1.485314e+02,3.336465e+01,1.399940e+02,28,N2,-999.000000,-999.000000,-999.000000,IV
2025-11-15T01:10:40,1763169040.776835,816440608.300835,4186.309551,63116,24808,csn,2.978271e+02,2.289992e+01,-1.484940e+02,3.324790e+01,1.401155e+02,28,N2,-999.000000,-999.000000,-999.000000,IV
2025-11-15T01:10:42,1763169042.776831,816440610.300831,4188.309551,63116,24808,csn,2.968614e+02,2.290301e+01,-1.484566e+02,3.313107e+01,1.402375e+02,28,N2,-999.000000,-999.000000,-999.000000,IV
2025-11-15T01:10:44,1763169044.776827,816440612.300827,4190.309551,63116,24808,csn,2.958999e+02,2.290584e+01,-1.484194e+02,3.301416e+01,1.403581e+02,28,N2,-999.000000,-999.000000,-999.000000,IV
2025-11-15T01:10:46,1763169046.776823,816440614.300822,4192.309551,63116,24808,csn,2.949428e+02,2.290876e+01,-1.483823e+02,3.289717e+01,1.404793e+02,28,N2,-999.000000,-999.000000,-999.000000,IV
2025-11-15T01:10:48,1763169048.776818,816440616.300818,4194.309551,63116,24808,csn,2.939899e+02,2.291183e+01,-1.483453e+02,3.278010e+01,1.406014e+02,28,N2,-999.000000,-999.000000,-999.000000,IV
2025-11-15T01:10:50,1763169050.776814,816440618.300814,4196.309551,63116,24808,csn,2.930415e+02,2.291490e+01,-1.483084e+02,3.266295e+01,1.407236e+02,28,N2,-999.000000,-999.000000,-999.000000,IV
2025-11-15T01:10:52,1763169052.776810,816440620.300810,4198.309551,63116,24808,csn,2.920973e+02,2.291793e+01,-1.482716e+02,3.254571e+01,1.408457e+02,28,N2,-999.000000,-999.000000,-999.000000,IV
2025-11-15T01:10:54,1763169054.776806,816440622.300806,4200.309551,63116,24808,csn,2.911574e+02,2.292101e+01,-1.482348e+02,3.242840e+01,1.409681e+02,28,N2,-999.000000,-999.000000,-999.000000,IV
2025-11-15T01:10:56,1763169056.776801,816440624.300801,4202.309551,63116,24808,csn,2.902219e+02,2.292379e+01,-1.481982e+02,3.231101e+01,1.410890e+02,28,N2,-999.000000,-999.000000,-999.000000,IV
2025-11-15T01:10:58,1763169058.776797,816440626.300797,4204.309551,63116,24808,csn,2.892908e+02,2.292678e+01,-1.481616e+02,3.219354e+01,1.412112e+02,28,N2,-999.000000,-999.000000,-999.000000,IV
2025-11-15T01:11:00,1763169060.776793,816440628.300793,4206.309551,63116,24808,csn,2.883640e+02,2.292982e+01,-1.481252e+02,3.207600e+01,1.413337e+02,28,N2,-999.000000,-999.000000,-999.000000,IV
2025-11-15T01:11:02,1763169062.776789,816440630.300789,4208.309551,63116,24808,csn,2.874415e+02,2.293289e+01,-1.480888e+02,3.195837e+01,1.414565e+02,28,N2,-999.000000,-999.000000,-999.000000,IV
2025-11-15T01:11:04,1763169064.776784,816440632.300784,4210.309551,63116,24808,csn,2.865235e+02,2.293563e+01,-1.480525e+02,3.184067e+01,1.415775e+02,28,N2,-999.000000,-999.000000,-999.000000,IV
2025-11-15T01:11:06,1763169066.776780,816440634.300780,4212.309551,63116,24808,csn,2.856098e+02,2.293871e+01,-1.480163e+02,3.172288e+01,1.417005e+02,28,N2,-999.000000,-999.000000,-999.000000,IV
2025-11-15T01:11:08,1763169068.776777,816440636.300776,4214.309551,63116,24808,csn,2.847005e+02,2.294177e+01,-1.479802e+02,3.160503e+01,1.418235e+02,28,N2,-999.000000,-999.000000,-999.000000,IV
2025-11-15T01:11:10,1763169070.776772,816440638.300772,4216.309551,63116,24808,csn,2.837956e+02,2.294460e+01,-1.479442e+02,3.148709e+01,1.419453e+02,28,N2,-999.000000,-999.000000,-999.000000,IV
2025-11-15T01:11:12,1763169072.776768,816440640.300768,4218.309551,63116,24808,csn,2.828950e+02,2.294753e+01,-1.479083e+02,3.136908e+01,1.420678e+02,28,N2,-999.000000,-999.000000,-999.000000,IV
2025-11-15T01:11:14,1763169074.776764,816440642.300764,4220.309551,63116,24808,csn,2.819989e+02,2.295053e+01,-1.478725e+02,3.125099e+01,1.421906e+02,28,N2,-999.000000,-999.000000,-999.000000,IV
2025-11-15T01:11:16,1763169076.776760,816440644.300760,4222.309551,63116,24808,csn,2.811072e+02,2.295336e+01,-1.478367e+02,3.113283e+01,1.423127e+02,28,N2,-999.000000,-999.000000,-999.000000,IV
2025-11-15T01:11:18,1763169078.776756,816440646.300756,4224.309551,63116,24808,csn,2.802199e+02,2.295640e+01,-1.478011e+02,3.101459e+01,1.424361e+02,28,N2,-999.000000,-999.000000,-999.000000,IV
2025-11-15T01:11:20,1763169080.776752,816440648.300752,4226.309551,63116,24808,csn,2.793371e+02,2.295920e+01,-1.477655e+02,3.089627e+01,1.425581e+02,28,N2,-999.000000,-999.000000,-999.000000,IV
2025-11-15T01:11:22,1763169082.776747,816440650.300747,4228.309551,63116,24808,csn,2.784586e+02,2.296202e+01,-1.477300e+02,3.077789e+01,1.426804e+02,28,N2,-999.000000,-999.000000,-999.000000,IV
2025-11-15T01:11:24,1763169084.776743,816440652.300743,4230.309551,63116,24808,csn,2.775846e+02,2.296502e+01,-1.476946e+02,3.065942e+01,1.428038e+02,28,N2,-999.000000,-999.000000,-999.000000,IV
2025-11-15T01:11:26,1763169086.776739,816440654.300739,4232.309551,63116,24808,csn,2.767151e+02,2.296789e+01,-1.476593e+02,3.054088e+01,1.429265e+02,28,N2,-999.000000,-999.000000,-999.000000,IV
2025-11-15T01:11:28,1763169088.776734,816440656.300734,4234.309551,63116,24808,csn,2.758500e+02,2.297087e+01,-1.476241e+02,3.042227e+01,1.430499e+02,28,N2,-999.000000,-999.000000,-999.000000,IV
2025-11-15T01:11:30,1763169090.776731,816440658.300731,4236.309551,63116,24808,csn,2.749893e+02,2.297356e+01,-1.475889e+02,3.030359e+01,1.431718e+02,28,N2,-999.000000,-999.000000,-999.000000,IV
2025-11-15T01:11:32,1763169092.776726,816440660.300726,4238.309551,63116,24808,csn,2.741331e+02,2.297668e+01,-1.475538e+02,3.018483e+01,1.432961e+02,28,N2,-999.000000,-999.000000,-999.000000,IV
2025-11-15T01:11:34,1763169094.776722,816440662.300722,4240.309551,63116,24808,csn,2.732814e+02,2.297951e+01,-1.475189e+02,3.006599e+01,1.434189e+02,28,N2,-999.000000,-999.000000,-999.000000,IV
2025-11-15T01:11:36,1763169096.776718,816440664.300718,4242.309551,63116,24808,csn,2.724342e+02,2.298232e+01,-1.474840e+02,2.994709e+01,1.435418e+02,28,N2,-999.000000,-999.000000,-999.000000,IV
2025-11-15T01:11:38,1763169098.776714,816440666.300714,4244.309551,63116,24808,csn,2.715914e+02,2.298529e+01,-1.474492e+02,2.982811e+01,1.436656e+02,28,N2,-999.000000,-999.000000,-999.000000,IV
2025-11-15T01:11:40,1763169100.776710,816440668.300710,4246.309551,63116,24808,csn,2.707532e+02,2.298806e+01,-1.474144e+02,2.970907e+01,1.437883e+02,28,N2,-999.000000,-999.000000,-999.000000,IV
2025-11-15T01:11:42,1763169102.776706,816440670.300705,4248.309551,63116,24808,csn,2.699194e+02,2.299096e+01,-1.473798e+02,2.958994e+01,1.439119e+02,28,N2,-999.000000,-999.000000,-999.000000,IV
2025-11-15T01:11:44,1763169104.776701,816440672.300701,4250.309551,63116,24808,csn,2.690901e+02,2.299378e+01,-1.473452e+02,2.947075e+01,1.440350e+02,28,N2,-999.000000,-999.000000,-999.000000,IV
2025-11-15T01:11:46,1763169106.776697,816440674.300697,4252.309551,63116,24808,csn,2.682654e+02,2.299665e+01,-1.473107e+02,2.935149e+01,1.441586e+02,28,N2,-999.000000,-999.000000,-999.000000,IV
2025-11-15T01:11:48,1763169108.776693,816440676.300693,4254.309551,63116,24808,csn,2.674451e+02,2.299934e+01,-1.472763e+02,2.923216e+01,1.442811e+02,28,N2,-999.000000,-999.000000,-999.000000,IV
2025-11-15T01:11:50,1763169110.776689,816440678.300689,4256.309551,63116,24808,csn,2.666294e+02,2.300224e+01,-1.472420e+02,2.911276e+01,1.444050e+02,28,N2,-999.000000,-999.000000,-999.000000,IV
2025-11-15T01:11:52,1763169112.776685,816440680.300685,4258.309551,63116,24808,csn,2.658182e+02,2.300493e+01,-1.472077e+02,2.899328e+01,1.445278e+02,28,N2,-999.000000,-999.000000,-999.000000,IV
2025-11-15T01:11:54,1763169114.776681,816440682.300681,4260.309551,63116,24808,csn,2.650116e+02,2.300781e+01,-1.471735e+02,2.887374e+01,1.446517e+02,28,N2,-999.000000,-999.000000,-999.000000,IV
2025-11-15T01:11:56,1763169116.776677,816440684.300677,4262.309551,63116,24808,csn,2.642095e+02,2.301070e+01,-1.471394e+02,2.875413e+01,1.447758e+02,28,N2,-999.000000,-999.000000,-999.000000,IV
2025-11-15T01:11:58,1763169118.776672,816440686.300672,4264.309551,63116,24808,csn,2.634119e+02,2.301348e+01,-1.471054e+02,2.863445e+01,1.448993e+02,28,N2,-999.000000,-999.000000,-999.000000,IV
2025-11-15T01:12:00,1763169120.776668,816440688.300668,4266.309551,63116,24808,csn,2.626189e+02,2.301643e+01,-1.470715e+02,2.851470e+01,1.450238e+02,28,N2,-999.000000,-999.000000,-999.000000,IV
2025-11-15T01:12:02,1763169122.776664,816440690.300664,4268.309551,63116,24808,csn,2.618304e+02,2.301904e+01,-1.470376e+02,2.839488e+01,1.451465e+02,28,N2,-999.000000,-999.000000,-999.000000,IV
2025-11-15T01:12:04,1763169124.776659,816440692.300660,4270.309551,63116,24808,csn,2.610466e+02,2.302180e+01,-1.470038e+02,2.827500e+01,1.452701e+02,28,N2,-999.000000,-999.000000,-999.000000,IV
2025-11-15T01:12:06,1763169126.776656,816440694.300656,4272.309551,63116,24808,csn,2.602672e+02,2.302464e+01,-1.469701e+02,2.815504e+01,1.453943e+02,28,N2,-999.000000,-999.000000,-999.000000,IV
2025-11-15T01:12:08,1763169128.776652,816440696.300652,4274.309551,63116,24808,csn,2.594925e+02,2.302756e+01,-1.469364e+02,2.803502e+01,1.455190e+02,28,N2,-999.000000,-999.000000,-999.000000,IV
2025-11-15T01:12:10,1763169130.776647,816440698.300647,4276.309551,63116,24808,csn,2.587224e+02,2.303027e+01,-1.469029e+02,2.791494e+01,1.456425e+02,28,N2,-999.000000,-999.000000,-999.000000,IV
2025-11-15T01:12:12,1763169132.776643,816440700.300643,4278.309551,63116,24808,csn,2.579568e+02,2.303291e+01,-1.468694e+02,2.779478e+01,1.457657e+02,28,N2,-999.000000,-999.000000,-999.000000,IV
2025-11-15T01:12:14,1763169134.776639,816440702.300640,4280.309551,63116,24808,csn,2.571958e+02,2.303588e+01,-1.468360e+02,2.767457e+01,1.458909e+02,28,N2,-999.000000,-999.000000,-999.000000,IV
2025-11-15T01:12:16,1763169136.776635,816440704.300635,4282.309551,63116,24808,csn,2.564395e+02,2.303855e+01,-1.468026e+02,2.755428e+01,1.460145e+02,28,N2,-999.000000,-999.000000,-999.000000,IV
2025-11-15T01:12:18,1763169138.776631,816440706.300631,4284.309551,63116,24808,csn,2.556877e+02,2.304119e+01,-1.467693e+02,2.743393e+01,1.461379e+02,28,N2,-999.000000,-999.000000,-999.000000,IV
2025-11-15T01:12:20,1763169140.776627,816440708.300627,4286.309551,63116,24808,csn,2.549406e+02,2.304416e+01,-1.467361e+02,2.731352e+01,1.462633e+02,28,N2,-999.000000,-999.000000,-999.000000,IV
2025-11-15T01:12:22,1763169142.776622,816440710.300622,4288.309551,63116,24808,csn,2.541981e+02,2.304681e+01,-1.467030e+02,2.719304e+01,1.463869e+02,28,N2,-999.000000,-999.000000,-999.000000,IV
2025-11-15T01:12:24,1763169144.776618,816440712.300618,4290.309551,63116,24808,csn,2.534602e+02,2.304952e+01,-1.466700e+02,2.707249e+01,1.465110e+02,28,N2,-999.000000,-999.000000,-999.000000,IV
2025-11-15T01:12:26,1763169146.776614,816440714.300614,4292.309551,63116,24808,csn,2.527269e+02,2.305213e+01,-1.466370e+02,2.695188e+01,1.466345e+02,28,N2,-999.000000,-999.000000,-999.000000,IV
2025-11-15T01:12:28,1763169148.776610,816440716.300610,4294.309551,63116,24808,csn,2.519983e+02,2.305500e+01,-1.466041e+02,2.683121e+01,1.467596e+02,28,N2,-999.000000,-999.000000,-999.000000,IV
2025-11-15T01:12:30,1763169150.776606,816440718.300606,4296.309551,63116,24808,csn,2.512743e+02,2.305778e+01,-1.465712e+02,2.671048e+01,1.468843e+02,28,N2,-999.000000,-999.000000,-999.000000,IV
2025-11-15T01:12:32,1763169152.776602,816440720.300602,4298.309551,63116,24808,csn,2.505550e+02,2.306042e+01,-1.465384e+02,2.658968e+01,1.470082e+02,28,N2,-999.000000,-999.000000,-999.000000,IV
2025-11-15T01:12:34,1763169154.776597,816440722.300597,4300.309551,63116,24808,csn,2.498403e+02,2.306308e+01,-1.465057e+02,2.646882e+01,1.471323e+02,28,N2,-999.000000,-999.000000,-999.000000,IV
2025-11-15T01:12:36,1763169156.776593,816440724.300594,4302.309551,63116,24808,csn,2.491303e+02,2.306582e+01,-1.464731e+02,2.634790e+01,1.472569e+02,28,N2,-999.000000,-999.000000,-999.000000,IV
2025-11-15T01:12:38,1763169158.776589,816440726.300589,4304.309551,63116,24808,csn,2.484250e+02,2.306876e+01,-1.464405e+02,2.622691e+01,1.473828e+02,28,N2,-999.000000,-999.000000,-999.000000,IV
2025-11-15T01:12:40,1763169160.776585,816440728.300585,4306.309551,63116,24808,csn,2.477243e+02,2.307132e+01,-1.464080e+02,2.610587e+01,1.475065e+02,28,N2,-999.000000,-999.000000,-999.000000,IV
2025-11-15T01:12:42,1763169162.776581,816440730.300581,4308.309551,63116,24808,csn,2.470283e+02,2.307404e+01,-1.463756e+02,2.598476e+01,1.476312e+02,28,N2,-999.000000,-999.000000,-999.000000,IV
2025-11-15T01:12:44,1763169164.776577,816440732.300577,4310.309551,63116,24808,csn,2.463370e+02,2.307671e+01,-1.463432e+02,2.586359e+01,1.477557e+02,28,N2,-999.000000,-999.000000,-999.000000,IV
2025-11-15T01:12:46,1763169166.776572,816440734.300573,4312.309551,63116,24808,csn,2.456504e+02,2.307934e+01,-1.463109e+02,2.574236e+01,1.478800e+02,28,N2,-999.000000,-999.000000,-999.000000,IV
2025-11-15T01:12:48,1763169168.776568,816440736.300568,4314.309551,63116,24808,csn,2.449685e+02,2.308206e+01,-1.462787e+02,2.562108e+01,1.480049e+02,28,N2,-999.000000,-999.000000,-999.000000,IV
2025-11-15T01:12:50,1763169170.776564,816440738.300564,4316.309551,63116,24808,csn,2.442912e+02,2.308470e+01,-1.462465e+02,2.549973e+01,1.481294e+02,28,N2,-999.000000,-999.000000,-999.000000,IV
2025-11-15T01:12:52,1763169172.776560,816440740.300559,4318.309551,63116,24808,csn,2.436187e+02,2.308757e+01,-1.462144e+02,2.537832e+01,1.482554e+02,28,N2,-999.000000,-999.000000,-999.000000,IV
2025-11-15T01:12:54,1763169174.776555,816440742.300555,4320.309551,63116,24808,csn,2.429509e+02,2.309017e+01,-1.461824e+02,2.525685e+01,1.483797e+02,28,N2,-999.000000,-999.000000,-999.000000,IV
2025-11-15T01:12:56,1763169176.776551,816440744.300551,4322.309551,63116,24808,csn,2.422878e+02,2.309273e+01,-1.461504e+02,2.513533e+01,1.485039e+02,28,N2,-999.000000,-999.000000,-999.000000,IV
2025-11-15T01:12:58,1763169178.776547,816440746.300547,4324.309551,63116,24808,csn,2.416295e+02,2.309558e+01,-1.461185e+02,2.501375e+01,1.486299e+02,28,N2,-999.000000,-999.000000,-999.000000,IV
2025-11-15T01:13:00,1763169180.776543,816440748.300543,4326.309551,63116,24808,csn,2.409758e+02,2.309822e+01,-1.460866e+02,2.489211e+01,1.487547e+02,28,N2,-999.000000,-999.000000,-999.000000,IV
2025-11-15T01:13:02,1763169182.776539,816440750.300539,4328.309551,63116,24808,csn,2.403269e+02,2.310074e+01,-1.460549e+02,2.477041e+01,1.488788e+02,28,N2,-999.000000,-999.000000,-999.000000,IV
2025-11-15T01:13:04,1763169184.776535,816440752.300535,4330.309551,63116,24808,csn,2.396828e+02,2.310352e+01,-1.460231e+02,2.464865e+01,1.490046e+02,28,N2,-999.000000,-999.000000,-999.000000,IV
2025-11-15T01:13:06,1763169186.776531,816440754.300531,4332.309551,63116,24808,csn,2.390434e+02,2.310622e+01,-1.459915e+02,2.452684e+01,1.491299e+02,28,N2,-999.000000,-999.000000,-999.000000,IV
2025-11-15T01:13:08,1763169188.776527,816440756.300527,4334.309551,63116,24808,csn,2.384087e+02,2.310869e+01,-1.459599e+02,2.440497e+01,1.492539e+02,28,N2,-999.000000,-999.000000,-999.000000,IV
2025-11-15T01:13:10,1763169190.776523,816440758.300523,4336.309551,63116,24808,csn,2.377788e+02,2.311136e+01,-1.459284e+02,2.428305e+01,1.493792e+02,28,N2,-999.000000,-999.000000,-999.000000,IV
2025-11-15T01:13:12,1763169192.776518,816440760.300518,4338.309551,63116,24808,csn,2.371536e+02,2.311400e+01,-1.458969e+02,2.416107e+01,1.495043e+02,28,N2,-999.000000,-999.000000,-999.000000,IV
2025-11-15T01:13:14,1763169194.776515,816440762.300514,4340.309551,63116,24808,csn,2.365333e+02,2.311671e+01,-1.458655e+02,2.403904e+01,1.496299e+02,28,N2,-999.000000,-999.000000,-999.000000,IV
2025-11-15T01:13:16,1763169196.776510,816440764.300510,4342.309551,63116,24808,csn,2.359176e+02,2.311935e+01,-1.458341e+02,2.391694e+01,1.497551e+02,28,N2,-999.000000,-999.000000,-999.000000,IV
2025-11-15T01:13:18,1763169198.776506,816440766.300506,4344.309551,63116,24808,csn,2.353068e+02,2.312198e+01,-1.458028e+02,2.379480e+01,1.498804e+02,28,N2,-999.000000,-999.000000,-999.000000,IV
2025-11-15T01:13:20,1763169200.776501,816440768.300501,4346.309551,63116,24808,csn,2.347007e+02,2.312472e+01,-1.457716e+02,2.367260e+01,1.500064e+02,28,N2,692.013429,184404.975391,0.038014,IV
2025-11-15T01:13:22,1763169202.776497,816440770.300497,4348.309551,63116,24808,csn,2.340995e+02,2.312717e+01,-1.457405e+02,2.355035e+01,1.501306e+02,28,N2,863.319188,230028.813555,0.034034,IV
2025-11-15T01:13:24,1763169204.776494,816440772.300494,4350.309551,63116,24808,csn,2.335030e+02,2.312973e+01,-1.457093e+02,2.342804e+01,1.502556e+02,28,N2,1066.940472,284258.006784,0.030615,IV
2025-11-15T01:13:26,1763169206.776489,816440774.300489,4352.309551,63116,24808,csn,2.329113e+02,2.313241e+01,-1.456783e+02,2.330569e+01,1.503814e+02,28,N2,752.053768,200347.271410,0.036465,IV
2025-11-15T01:13:28,1763169208.776485,816440776.300485,4354.309551,63116,24808,csn,2.323244e+02,2.313507e+01,-1.456473e+02,2.318327e+01,1.505071e+02,28,N2,794.733312,211678.764656,0.035472,IV
2025-11-15T01:13:30,1763169210.776481,816440778.300481,4356.309551,63116,24808,csn,2.317423e+02,2.313766e+01,-1.456164e+02,2.306081e+01,1.506323e+02,28,N2,1357.054261,361426.843494,0.027146,IV
2025-11-15T01:13:32,1763169212.776477,816440780.300477,4358.309551,63116,24808,csn,2.311651e+02,2.314010e+01,-1.455855e+02,2.293830e+01,1.507568e+02,28,N2,1073.155139,285785.957724,0.030526,IV
2025-11-15T01:13:34,1763169214.776473,816440782.300472,4360.309551,63116,24808,csn,2.305926e+02,2.314283e+01,-1.455547e+02,2.281573e+01,1.508830e+02,28,N2,1137.463655,302865.035532,0.029650,IV
2025-11-15T01:13:36,1763169216.776469,816440784.300469,4362.309551,63116,24808,csn,2.300250e+02,2.314546e+01,-1.455239e+02,2.269311e+01,1.510087e+02,28,N2,1485.022736,395369.694223,0.025950,IV
2025-11-15T01:13:38,1763169218.776464,816440786.300464,4364.309551,63116,24808,csn,2.294622e+02,2.314812e+01,-1.454932e+02,2.257044e+01,1.511347e+02,28,N2,1384.246746,368510.573221,0.026878,IV
2025-11-15T01:13:40,1763169220.776460,816440788.300460,4366.309551,63116,24808,csn,2.289042e+02,2.315053e+01,-1.454626e+02,2.244773e+01,1.512591e+02,28,N2,1294.196887,344503.306102,0.027797,IV
2025-11-15T01:13:42,1763169222.776455,816440790.300456,4368.309551,63116,24808,csn,2.283510e+02,2.315317e+01,-1.454320e+02,2.232496e+01,1.513850e+02,28,N2,1342.840949,357404.713950,0.027289,IV
2025-11-15T01:13:44,1763169224.776453,816440792.300452,4370.309551,63116,24808,csn,2.278027e+02,2.315584e+01,-1.454014e+02,2.220214e+01,1.515111e+02,28,N2,2136.438029,568559.430671,0.021635,IV
2025-11-15T01:13:46,1763169226.776454,816440794.300448,4372.309551,63116,24808,csn,2.272592e+02,2.315825e+01,-1.453710e+02,2.207927e+01,1.516357e+02,28,N2,2185.186987,581493.806600,0.021392,IV
2025-11-15T01:13:48,1763169228.776309,816440796.300443,4374.309551,63116,24808,csn,2.267206e+02,2.316092e+01,-1.453405e+02,2.195636e+01,1.517619e+02,28,N2,2051.218040,545792.538169,0.022080,IV
2025-11-15T01:13:50,1763169230.777401,816440798.300439,4376.309551,63116,24808,csn,2.261869e+02,2.316353e+01,-1.453102e+02,2.183339e+01,1.518878e+02,28,N2,2372.095767,631102.931573,0.020532,IV
2025-11-15T01:13:52,1763169232.777411,816440800.300435,4378.309551,63116,24808,csn,2.256580e+02,2.316594e+01,-1.452798e+02,2.171038e+01,1.520125e+02,28,N2,2116.027990,562933.400736,0.021739,IV
2025-11-15T01:13:54,1763169234.777438,816440802.300431,4380.309551,63116,24808,csn,2.251339e+02,2.316862e+01,-1.452496e+02,2.158732e+01,1.521389e+02,28,N2,1823.506020,485065.490443,0.023418,IV
2025-11-15T01:13:56,1763169236.777427,816440804.300427,4382.309551,63116,24808,csn,2.246147e+02,2.317125e+01,-1.452194e+02,2.146421e+01,1.522650e+02,28,N2,1825.710366,485599.432335,0.023404,IV
2025-11-15T01:13:58,1763169238.777423,816440806.300423,4384.309551,63116,24808,csn,2.241004e+02,2.317369e+01,-1.451892e+02,2.134106e+01,1.523900e+02,28,N2,1628.900666,433209.409089,0.024777,IV
2025-11-15T01:14:00,1763169240.777419,816440808.300419,4386.309551,63116,24808,csn,2.235910e+02,2.317617e+01,-1.451591e+02,2.121786e+01,1.525153e+02,28,N2,1523.250191,405070.918542,0.025622,IV
2025-11-15T01:14:02,1763169242.777415,816440810.300414,4388.309551,63116,24808,csn,2.230864e+02,2.317868e+01,-1.451290e+02,2.109461e+01,1.526408e+02,28,N2,1598.879100,425154.125124,0.025009,IV
2025-11-15T01:14:04,1763169244.777411,816440812.300411,4390.309551,63116,24808,csn,2.225868e+02,2.318140e+01,-1.450990e+02,2.097132e+01,1.527677e+02,28,N2,1532.321442,407415.815105,0.025546,IV
2025-11-15T01:14:06,1763169246.777406,816440814.300406,4392.309551,63116,24808,csn,2.220920e+02,2.318383e+01,-1.450691e+02,2.084798e+01,1.528928e+02,28,N2,1465.046696,389495.850015,0.026126,IV
2025-11-15T01:14:08,1763169248.777402,816440816.300402,4394.309551,63116,24808,csn,2.216021e+02,2.318636e+01,-1.450392e+02,2.072460e+01,1.530185e+02,28,N2,1415.078991,376187.705347,0.026583,IV
2025-11-15T01:14:10,1763169250.777397,816440818.300397,4396.309551,63116,24808,csn,2.211171e+02,2.318880e+01,-1.450093e+02,2.060117e+01,1.531437e+02,28,N2,1725.008146,458530.431846,0.024077,IV
2025-11-15T01:14:12,1763169252.777393,816440820.300393,4398.309551,63116,24808,csn,2.206370e+02,2.319153e+01,-1.449795e+02,2.047770e+01,1.532708e+02,28,N2,1818.295358,483284.067683,0.023451,IV
2025-11-15T01:14:14,1763169254.777389,816440822.300389,4400.309551,63116,24808,csn,2.201618e+02,2.319403e+01,-1.449498e+02,2.035419e+01,1.533964e+02,28,N2,1751.266510,465422.583483,0.023896,IV
2025-11-15T01:14:16,1763169256.777385,816440824.300385,4402.309551,63116,24808,csn,2.196915e+02,2.319654e+01,-1.449201e+02,2.023063e+01,1.535222e+02,28,N2,1744.546130,463602.916649,0.023942,IV
2025-11-15T01:14:18,1763169258.777381,816440826.300381,4404.309551,63116,24808,csn,2.192262e+02,2.319896e+01,-1.448905e+02,2.010703e+01,1.536474e+02,28,N2,1958.572467,520428.918422,0.022596,IV
2025-11-15T01:14:20,1763169260.777377,816440828.300377,4406.309551,63116,24808,csn,2.187657e+02,2.320148e+01,-1.448609e+02,1.998338e+01,1.537733e+02,28,N2,2196.729025,583663.704891,0.021336,IV
2025-11-15T01:14:22,1763169262.777372,816440830.300372,4408.309551,63116,24808,csn,2.183102e+02,2.320399e+01,-1.448313e+02,1.985970e+01,1.538991e+02,28,N2,2020.740426,536864.758213,0.022246,IV
2025-11-15T01:14:24,1763169264.777369,816440832.300368,4410.309551,63116,24808,csn,2.178596e+02,2.320640e+01,-1.448018e+02,1.973597e+01,1.540243e+02,28,N2,1992.667864,529358.468838,0.022402,IV
2025-11-15T01:14:26,1763169266.777364,816440834.300364,4412.309551,63116,24808,csn,2.174139e+02,2.320908e+01,-1.447724e+02,1.961220e+01,1.541514e+02,28,N2,1990.930290,528848.713550,0.022412,IV
2025-11-15T01:14:28,1763169268.777360,816440836.300360,4414.309551,63116,24808,csn,2.169732e+02,2.321140e+01,-1.447429e+02,1.948839e+01,1.542760e+02,28,N2,1914.530012,508507.831413,0.022854,IV
2025-11-15T01:14:30,1763169270.777356,816440838.300356,4416.309551,63116,24808,csn,2.165374e+02,2.321414e+01,-1.447136e+02,1.936454e+01,1.544035e+02,28,N2,2065.029615,548438.404814,0.022006,IV
2025-11-15T01:14:32,1763169272.777352,816440840.300352,4418.309551,63116,24808,csn,2.161065e+02,2.321659e+01,-1.446843e+02,1.924065e+01,1.545290e+02,28,N2,2304.839212,612080.695508,0.020830,IV
2025-11-15T01:14:34,1763169274.777347,816440842.300347,4420.309551,63116,24808,csn,2.156806e+02,2.321912e+01,-1.446550e+02,1.911672e+01,1.546553e+02,28,N2,2610.276733,693134.479824,0.019573,IV
2025-11-15T01:14:36,1763169276.777343,816440844.300343,4422.309551,63116,24808,csn,2.152596e+02,2.322155e+01,-1.446258e+02,1.899275e+01,1.547807e+02,28,N2,2249.244593,597219.605920,0.021085,IV
2025-11-15T01:14:38,1763169278.777339,816440846.300339,4424.309551,63116,24808,csn,2.148436e+02,2.322399e+01,-1.445966e+02,1.886874e+01,1.549063e+02,28,N2,1986.624113,527447.051841,0.022436,IV
2025-11-15T01:14:40,1763169280.777335,816440848.300335,4426.309551,63116,24808,csn,2.144325e+02,2.322653e+01,-1.445675e+02,1.874470e+01,1.550326e+02,28,N2,1952.270598,518301.033605,0.022632,IV
2025-11-15T01:14:42,1763169282.777331,816440850.300331,4428.309551,63116,24808,csn,2.140264e+02,2.322899e+01,-1.445384e+02,1.862061e+01,1.551584e+02,28,N2,1937.510329,514339.657089,0.022718,IV
2025-11-15T01:14:44,1763169284.777326,816440852.300326,4430.309551,63116,24808,csn,2.136252e+02,2.323143e+01,-1.445094e+02,1.849649e+01,1.552841e+02,28,N2,1850.024865,491083.778480,0.023249,IV
2025-11-15T01:14:46,1763169286.777323,816440854.300323,4432.309551,63116,24808,csn,2.132290e+02,2.323397e+01,-1.444804e+02,1.837233e+01,1.554104e+02,28,N2,1710.650473,454062.796367,0.024178,IV
2025-11-15T01:14:48,1763169288.777319,816440856.300319,4434.309551,63116,24808,csn,2.128378e+02,2.323642e+01,-1.444515e+02,1.824814e+01,1.555361e+02,28,N2,1795.915117,476655.509092,0.023597,IV
2025-11-15T01:14:50,1763169290.777314,816440858.300314,4436.309551,63116,24808,csn,2.124516e+02,2.323884e+01,-1.444226e+02,1.812390e+01,1.556617e+02,28,N2,1824.691939,484255.228724,0.023410,IV
2025-11-15T01:14:52,1763169292.777310,816440860.300310,4438.309551,63116,24808,csn,2.120703e+02,2.324136e+01,-1.443937e+02,1.799963e+01,1.557880e+02,28,N2,1863.694352,494568.627245,0.023164,IV
2025-11-15T01:14:54,1763169294.777306,816440862.300306,4440.309551,63116,24808,csn,2.116940e+02,2.324386e+01,-1.443649e+02,1.787533e+01,1.559142e+02,28,N2,2201.161310,584098.027784,0.021314,IV
2025-11-15T01:14:56,1763169296.777302,816440864.300302,4442.309551,63116,24808,csn,2.113227e+02,2.324629e+01,-1.443361e+02,1.775099e+01,1.560398e+02,28,N2,2167.922922,575243.856300,0.021477,IV
2025-11-15T01:14:58,1763169298.777298,816440866.300298,4444.309551,63116,24808,csn,2.109564e+02,2.324883e+01,-1.443074e+02,1.762661e+01,1.561663e+02,28,N2,1970.595785,522843.579548,0.022527,IV
2025-11-15T01:15:00,1763169300.777293,816440868.300293,4446.309551,63116,24808,csn,2.105950e+02,2.325125e+01,-1.442787e+02,1.750220e+01,1.562920e+02,28,N2,1794.212488,476009.496676,0.023608,IV
2025-11-15T01:15:02,1763169302.777290,816440870.300291,4448.309551,63116,24808,csn,2.102387e+02,2.325336e+01,-1.442501e+02,1.737776e+01,1.564155e+02,28,N2,1855.314313,492187.656346,0.023216,IV
2025-11-15T01:15:04,1763169304.777286,816440872.300290,4450.309551,63116,24808,csn,2.098874e+02,2.325514e+01,-1.442215e+02,1.725328e+01,1.565367e+02,28,N2,1991.351436,528248.498164,0.022409,IV
2025-11-15T01:15:06,1763169306.777281,816440874.300281,4452.309551,63116,24808,csn,2.095410e+02,2.325834e+01,-1.441929e+02,1.712877e+01,1.566678e+02,28,N2,2230.702942,591704.632810,0.021173,IV
2025-11-15T01:15:08,1763169308.777276,816440876.300275,4454.309551,63116,24808,csn,2.091997e+02,2.326123e+01,-1.441644e+02,1.700423e+01,1.567968e+02,28,N2,2699.861129,716097.310075,0.019246,IV
2025-11-15T01:15:10,1763169310.777272,816440878.300271,4456.309551,63116,24808,csn,2.088633e+02,2.326356e+01,-1.441359e+02,1.687965e+01,1.569218e+02,28,N2,3169.019987,840490.165286,0.017764,IV
2025-11-15T01:15:12,1763169312.777269,816440880.300268,4458.309551,63116,24808,csn,2.085320e+02,2.326573e+01,-1.441075e+02,1.675505e+01,1.570458e+02,28,N2,3468.633764,919915.415878,0.016979,IV
2025-11-15T01:15:14,1763169314.777265,816440882.300265,4460.309551,63116,24808,csn,2.082057e+02,2.326808e+01,-1.440791e+02,1.663041e+01,1.571711e+02,28,N2,3391.109995,899314.337102,0.017172,IV
2025-11-15T01:15:16,1763169316.777261,816440884.300261,4462.309551,63116,24808,csn,2.078844e+02,2.327059e+01,-1.440507e+02,1.650574e+01,1.572974e+02,28,N2,3313.586263,878713.268149,0.017372,IV
2025-11-15T01:15:18,1763169318.777256,816440886.300256,4464.309551,63116,24808,csn,2.075681e+02,2.327308e+01,-1.440224e+02,1.638104e+01,1.574236e+02,28,N2,3236.062554,858112.205336,0.017579,IV
2025-11-15T01:15:20,1763169320.777251,816440888.300251,4466.309551,63116,24808,csn,2.072568e+02,2.327542e+01,-1.439941e+02,1.625631e+01,1.575487e+02,28,N2,3152.570348,835926.507163,0.017810,IV
2025-11-15T01:15:22,1763169322.777247,816440890.300247,4468.309551,63116,24808,csn,2.069505e+02,2.327787e+01,-1.439659e+02,1.613155e+01,1.576747e+02,28,N2,3057.236920,810596.965138,0.018086,IV
2025-11-15T01:15:24,1763169324.777243,816440892.300243,4470.309551,63116,24808,csn,2.066493e+02,2.328024e+01,-1.439377e+02,1.600675e+01,1.578001e+02,28,N2,3244.166376,860114.203776,0.017557,IV
2025-11-15T01:15:26,1763169326.777240,816440894.300240,4472.309551,63116,24808,csn,2.063531e+02,2.328265e+01,-1.439095e+02,1.588194e+01,1.579257e+02,28,N2,3724.735535,987494.979634,0.016385,IV
2025-11-15T01:15:28,1763169328.777235,816440896.300235,4474.309551,63116,24808,csn,2.060619e+02,2.328529e+01,-1.438814e+02,1.575709e+01,1.580530e+02,28,N2,3705.236877,982282.752296,0.016428,IV
2025-11-15T01:15:30,1763169330.777231,816440898.300231,4476.309551,63116,24808,csn,2.057758e+02,2.328750e+01,-1.438533e+02,1.563221e+01,1.581772e+02,28,N2,3398.445200,900894.768856,0.017154,IV
2025-11-15T01:15:32,1763169332.777227,816440900.300227,4478.309551,63116,24808,csn,2.054947e+02,2.329010e+01,-1.438253e+02,1.550731e+01,1.583042e+02,28,N2,2845.756006,754349.494383,0.018746,IV
2025-11-15T01:15:34,1763169334.777222,816440902.300222,4480.309551,63116,24808,csn,2.052187e+02,2.329234e+01,-1.437973e+02,1.538237e+01,1.584287e+02,28,N2,2227.747366,590496.041249,0.021187,IV
2025-11-15T01:15:36,1763169336.777219,816440904.300219,4482.309551,63116,24808,csn,2.049476e+02,2.329487e+01,-1.437693e+02,1.525741e+01,1.585552e+02,28,N2,2641.469490,700113.258389,0.019457,IV
2025-11-15T01:15:38,1763169338.777215,816440906.300215,4484.309551,63116,24808,csn,2.046816e+02,2.329716e+01,-1.437414e+02,1.513243e+01,1.586799e+02,28,N2,3066.621129,812761.921914,0.018058,IV
2025-11-15T01:15:40,1763169340.777210,816440908.300210,4486.309551,63116,24808,csn,2.044207e+02,2.329962e+01,-1.437135e+02,1.500742e+01,1.588059e+02,28,N2,2970.514629,787266.677356,0.018348,IV
2025-11-15T01:15:42,1763169342.777206,816440910.300206,4488.309551,63116,24808,csn,2.041648e+02,2.330203e+01,-1.436856e+02,1.488238e+01,1.589315e+02,28,N2,3003.853983,796071.017314,0.018246,IV
2025-11-15T01:15:44,1763169344.777201,816440912.300201,4490.309551,63116,24808,csn,2.039140e+02,2.330439e+01,-1.436578e+02,1.475732e+01,1.590567e+02,28,N2,3446.872804,913429.127330,0.017033,IV
2025-11-15T01:15:46,1763169346.777198,816440914.300198,4492.309551,63116,24808,csn,2.036682e+02,2.330689e+01,-1.436300e+02,1.463223e+01,1.591830e+02,28,N2,3526.048872,934379.330273,0.016841,IV
2025-11-15T01:15:48,1763169348.777193,816440916.300193,4494.309551,63116,24808,csn,2.034275e+02,2.330915e+01,-1.436023e+02,1.450712e+01,1.593074e+02,28,N2,3048.179110,807728.344980,0.018113,IV
2025-11-15T01:15:50,1763169350.777189,816440918.300189,4496.309551,63116,24808,csn,2.031918e+02,2.331170e+01,-1.435746e+02,1.438198e+01,1.594340e+02,28,N2,2707.844769,717518.028603,0.019217,IV
2025-11-15T01:15:52,1763169352.777185,816440920.300185,4498.309551,63116,24808,csn,2.029612e+02,2.331395e+01,-1.435469e+02,1.425682e+01,1.595584e+02,28,N2,2487.004797,658968.317393,0.020052,IV
2025-11-15T01:15:54,1763169354.777181,816440922.300181,4500.309551,63116,24808,csn,2.027357e+02,2.331626e+01,-1.435192e+02,1.413164e+01,1.596831e+02,28,N2,2363.168691,626136.027153,0.020571,IV
2025-11-15T01:15:56,1763169356.777177,816440924.300177,4502.309551,63116,24808,csn,2.025152e+02,2.331874e+01,-1.434916e+02,1.400643e+01,1.598091e+02,28,N2,2282.895210,604852.950338,0.020929,IV
2025-11-15T01:15:58,1763169358.777173,816440926.300173,4504.309551,63116,24808,csn,2.022998e+02,2.332108e+01,-1.434640e+02,1.388120e+01,1.599340e+02,28,N2,2506.041772,663945.594470,0.019976,IV
2025-11-15T01:16:00,1763169360.777168,816440928.300168,4506.309551,63116,24808,csn,2.020894e+02,2.332351e+01,-1.434365e+02,1.375595e+01,1.600597e+02,28,N2,2784.807669,737771.755291,0.018950,IV
2025-11-15T01:16:02,1763169362.777165,816440930.300165,4508.309551,63116,24808,csn,2.018841e+02,2.332587e+01,-1.434090e+02,1.363068e+01,1.601847e+02,28,N2,2368.125178,627374.394209,0.020549,IV
2025-11-15T01:16:04,1763169364.777160,816440932.300160,4510.309551,63116,24808,csn,2.016839e+02,2.332834e+01,-1.433815e+02,1.350539e+01,1.603106e+02,28,N2,2039.933454,540417.877938,0.022141,IV
2025-11-15T01:16:06,1763169366.777156,816440934.300156,4512.309551,63116,24808,csn,2.014888e+02,2.333053e+01,-1.433540e+02,1.338007e+01,1.604342e+02,28,N2,2319.606503,614482.463819,0.020763,IV
2025-11-15T01:16:08,1763169368.777152,816440936.300152,4514.309551,63116,24808,csn,2.012987e+02,2.333302e+01,-1.433266e+02,1.325474e+01,1.605602e+02,28,N2,2540.186580,672896.315063,0.019841,IV
2025-11-15T01:16:10,1763169370.777147,816440938.300147,4516.309551,63116,24808,csn,2.011137e+02,2.333531e+01,-1.432993e+02,1.312939e+01,1.606846e+02,28,N2,2619.596299,693921.290325,0.019538,IV
2025-11-15T01:16:12,1763169372.777144,816440940.300144,4518.309551,63116,24808,csn,2.009338e+02,2.333781e+01,-1.432719e+02,1.300401e+01,1.608106e+02,28,N2,2742.556275,726474.484966,0.019095,IV
2025-11-15T01:16:14,1763169374.777139,816440942.300139,4520.309551,63116,24808,csn,2.007590e+02,2.334012e+01,-1.432446e+02,1.287862e+01,1.609350e+02,28,N2,2923.228383,774304.699070,0.018496,IV
2025-11-15T01:16:16,1763169376.777135,816440944.300135,4522.309551,63116,24808,csn,2.005893e+02,2.334239e+01,-1.432173e+02,1.275321e+01,1.610592e+02,28,N2,3131.059666,829332.566990,0.017871,IV
2025-11-15T01:16:18,1763169378.777131,816440946.300131,4524.309551,63116,24808,csn,2.004246e+02,2.334489e+01,-1.431900e+02,1.262778e+01,1.611850e+02,28,N2,3358.152182,889464.996617,0.017256,IV
2025-11-15T01:16:20,1763169380.777128,816440948.300128,4526.309551,63116,24808,csn,2.002650e+02,2.334719e+01,-1.431628e+02,1.250233e+01,1.613093e+02,28,N2,3200.962490,847808.163468,0.017675,IV
2025-11-15T01:16:22,1763169382.777122,816440950.300123,4528.309551,63116,24808,csn,2.001106e+02,2.334941e+01,-1.431356e+02,1.237687e+01,1.614329e+02,28,N2,2912.285234,771322.702048,0.018530,IV
2025-11-15T01:16:24,1763169384.777119,816440952.300119,4530.309551,63116,24808,csn,1.999612e+02,2.335200e+01,-1.431085e+02,1.225139e+01,1.615593e+02,28,N2,3224.279619,853947.814672,0.017611,IV
2025-11-15T01:16:26,1763169386.777115,816440954.300115,4532.309551,63116,24808,csn,1.998169e+02,2.335416e+01,-1.430813e+02,1.212589e+01,1.616824e+02,28,N2,3598.314739,953006.429707,0.016671,IV
2025-11-15T01:16:28,1763169388.777110,816440956.300110,4534.309551,63116,24808,csn,1.996777e+02,2.335658e+01,-1.430542e+02,1.200037e+01,1.618074e+02,28,N2,3589.746470,950710.186793,0.016690,IV
2025-11-15T01:16:30,1763169390.777106,816440958.300106,4536.309551,63116,24808,csn,1.995435e+02,2.335902e+01,-1.430272e+02,1.187484e+01,1.619325e+02,28,N2,3518.486394,931816.231308,0.016859,IV
2025-11-15T01:16:32,1763169392.777102,816440960.300102,4538.309551,63116,24808,csn,1.994145e+02,2.336123e+01,-1.430001e+02,1.174930e+01,1.620558e+02,28,N2,3188.509792,844426.842641,0.017709,IV
2025-11-15T01:16:34,1763169394.777097,816440962.300097,4540.309551,63116,24808,csn,1.992906e+02,2.336346e+01,-1.429731e+02,1.162374e+01,1.621792e+02,28,N2,2983.458731,790115.509632,0.018308,IV
2025-11-15T01:16:36,1763169396.777093,816440964.300093,4542.309551,63116,24808,csn,1.991718e+02,2.336593e+01,-1.429461e+02,1.149816e+01,1.623044e+02,28,N2,3026.339144,801452.010616,0.018178,IV
2025-11-15T01:16:38,1763169398.777089,816440966.300090,4544.309551,63116,24808,csn,1.990580e+02,2.336830e+01,-1.429192e+02,1.137258e+01,1.624287e+02,28,N2,3107.220690,822861.760459,0.017940,IV
2025-11-15T01:16:40,1763169400.777086,816440968.300086,4546.309551,63116,24808,csn,1.989494e+02,2.337051e+01,-1.428922e+02,1.124698e+01,1.625518e+02,28,N2,3227.647166,854753.985177,0.017602,IV
2025-11-15T01:16:42,1763169402.777081,816440970.300081,4548.309551,63116,24808,csn,1.988459e+02,2.337281e+01,-1.428653e+02,1.112136e+01,1.626755e+02,28,N2,3090.587663,818448.036664,0.017988,IV
2025-11-15T01:16:44,1763169404.777077,816440972.300077,4550.309551,63116,24808,csn,1.987474e+02,2.337527e+01,-1.428384e+02,1.099573e+01,1.628003e+02,28,N2,2811.836968,744613.518943,0.018858,IV
2025-11-15T01:16:46,1763169406.777073,816440974.300073,4552.309551,63116,24808,csn,1.986541e+02,2.337760e+01,-1.428116e+02,1.087009e+01,1.629241e+02,28,N2,2909.513514,770476.446891,0.018539,IV
2025-11-15T01:16:48,1763169408.777068,816440976.300068,4554.309551,63116,24808,csn,1.985659e+02,2.338008e+01,-1.427848e+02,1.074444e+01,1.630491e+02,28,N2,3110.264599,823638.855795,0.017931,IV
2025-11-15T01:16:50,1763169410.777065,816440978.300065,4556.309551,63116,24808,csn,1.984828e+02,2.338235e+01,-1.427580e+02,1.061878e+01,1.631722e+02,28,N2,2669.408211,706885.089433,0.019355,IV
2025-11-15T01:16:52,1763169412.777061,816440980.300061,4558.309551,63116,24808,csn,1.984048e+02,2.338458e+01,-1.427312e+02,1.049311e+01,1.632950e+02,28,N2,2240.974384,593422.300345,0.021124,IV
2025-11-15T01:16:54,1763169414.777056,816440982.300056,4560.309551,63116,24808,csn,1.983319e+02,2.338697e+01,-1.427045e+02,1.036742e+01,1.634189e+02,28,N2,2320.601302,614519.369173,0.020759,IV
2025-11-15T01:16:56,1763169416.777052,816440984.300052,4562.309551,63116,24808,csn,1.982641e+02,2.338938e+01,-1.426778e+02,1.024173e+01,1.635430e+02,28,N2,2471.160048,654395.210223,0.020116,IV
2025-11-15T01:16:58,1763169418.777047,816440986.300048,4564.309551,63116,24808,csn,1.982014e+02,2.339161e+01,-1.426511e+02,1.011602e+01,1.636655e+02,28,N2,2852.590497,755392.936592,0.018723,IV
2025-11-15T01:17:00,1763169420.777044,816440988.300044,4566.309551,63116,24808,csn,1.981438e+02,2.339389e+01,-1.426244e+02,9.990309e+00,1.637883e+02,28,N2,3069.590936,812851.187062,0.018049,IV
2025-11-15T01:17:02,1763169422.777039,816440990.300039,4568.309551,63116,24808,csn,1.980913e+02,2.339613e+01,-1.425978e+02,9.864587e+00,1.639106e+02,28,N2,3029.430264,802215.663177,0.018169,IV
2025-11-15T01:17:04,1763169424.777035,816440992.300035,4570.309551,63116,24808,csn,1.980439e+02,2.339841e+01,-1.425712e+02,9.738857e+00,1.640333e+02,28,N2,2837.516106,751392.002973,0.018773,IV
2025-11-15T01:17:06,1763169426.777031,816440994.300031,4572.309551,63116,24808,csn,1.980017e+02,2.340086e+01,-1.425446e+02,9.613117e+00,1.641572e+02,28,N2,2518.918257,667019.318639,0.019925,IV
2025-11-15T01:17:08,1763169428.777027,816440996.300027,4574.309551,63116,24808,csn,1.979646e+02,2.340318e+01,-1.425180e+02,9.487372e+00,1.642800e+02,28,N2,2569.434527,680404.012975,0.019728,IV
2025-11-15T01:17:10,1763169430.777023,816440998.300023,4576.309551,63116,24808,csn,1.979325e+02,2.340538e+01,-1.424915e+02,9.361618e+00,1.644016e+02,28,N2,2789.677629,738739.711126,0.018933,IV
2025-11-15T01:17:12,1763169432.777019,816441000.300019,4578.309551,63116,24808,csn,1.979056e+02,2.340774e+01,-1.424650e+02,9.235857e+00,1.645246e+02,28,N2,2708.640149,717279.253337,0.019214,IV
2025-11-15T01:17:14,1763169434.777014,816441002.300014,4580.309551,63116,24808,csn,1.978838e+02,2.341013e+01,-1.424385e+02,9.110091e+00,1.646476e+02,28,N2,2568.073056,680051.983427,0.019733,IV
2025-11-15T01:17:16,1763169436.777011,816441004.300011,4582.309551,63116,24808,csn,1.978671e+02,2.341223e+01,-1.424120e+02,8.984319e+00,1.647680e+02,28,N2,2501.824402,662523.647100,0.019993,IV
2025-11-15T01:17:18,1763169438.777006,816441006.300006,4584.309551,63116,24808,csn,1.978555e+02,2.341472e+01,-1.423856e+02,8.858541e+00,1.648917e+02,28,N2,2470.139869,654146.575044,0.020121,IV
2025-11-15T01:17:20,1763169440.777002,816441008.300002,4586.309551,63116,24808,csn,1.978491e+02,2.341694e+01,-1.423592e+02,8.732758e+00,1.650130e+02,28,N2,2655.108528,703129.586507,0.019407,IV
2025-11-15T01:17:21,1763169441.777000,816441009.300000,4587.309551,63116,24808,csn,1.978478e+02,2.341806e+01,-1.423460e+02,8.669865e+00,1.650736e+02,28,N2,2747.592868,727621.095159,0.019078,OU
2025-11-15T01:17:21,1763169441.777000,816441009.300000,4587.309551,63116,24808,csn,1.978478e+02,2.341806e+01,-1.423460e+02,8.669865e+00,1.650736e+02,28,N2,2747.592868,727621.095159,0.019078,OU
2025-11-15T01:17:23,1763169443.776995,816441011.299995,4589.309551,63116,24808,csn,1.978490e+02,2.342036e+01,-1.423196e+02,8.544075e+00,1.651954e+02,28,N2,2703.731951,716017.022770,0.019232,OU
2025-11-15T01:17:25,1763169445.776992,816441013.299991,4591.309551,63116,24808,csn,1.978553e+02,2.342257e+01,-1.422932e+02,8.418282e+00,1.653162e+02,28,N2,2599.042692,688307.462702,0.019615,OU
2025-11-15T01:17:27,1763169447.776988,816441015.299987,4593.309551,63116,24808,csn,1.978667e+02,2.342494e+01,-1.422669e+02,8.292484e+00,1.654382e+02,28,N2,2578.487089,682866.470209,0.019693,OU
2025-11-15T01:17:29,1763169449.776983,816441017.299983,4595.309551,63116,24808,csn,1.978833e+02,2.342737e+01,-1.422405e+02,8.166684e+00,1.655607e+02,28,N2,2586.457427,684981.094467,0.019663,OU
2025-11-15T01:17:31,1763169451.776979,816441019.299979,4597.309551,63116,24808,csn,1.979049e+02,2.342961e+01,-1.422143e+02,8.040881e+00,1.656814e+02,28,N2,2848.812943,754484.162233,0.018736,OU
2025-11-15T01:17:33,1763169453.776975,816441021.299975,4599.309551,63116,24808,csn,1.979317e+02,2.343188e+01,-1.421880e+02,7.915077e+00,1.658021e+02,28,N2,3033.749090,803479.670075,0.018156,OU
2025-11-15T01:17:35,1763169455.776970,816441023.299971,4601.309551,63116,24808,csn,1.979636e+02,2.343413e+01,-1.421617e+02,7.789270e+00,1.659226e+02,28,N2,2973.508070,787530.377251,0.018339,OU
2025-11-15T01:17:37,1763169457.776967,816441025.299967,4603.309551,63116,24808,csn,1.980006e+02,2.343638e+01,-1.421355e+02,7.663461e+00,1.660429e+02,28,N2,3023.581047,800806.727404,0.018186,OU
2025-11-15T01:17:39,1763169459.776962,816441027.299962,4605.309551,63116,24808,csn,1.980427e+02,2.343882e+01,-1.421093e+02,7.537652e+00,1.661647e+02,28,N2,3242.627065,858849.343775,0.017561,OU
2025-11-15T01:17:41,1763169461.776958,816441029.299958,4607.309551,63116,24808,csn,1.980899e+02,2.344118e+01,-1.420831e+02,7.411842e+00,1.662856e+02,28,N2,3459.596781,916334.453396,0.017002,OU
2025-11-15T01:17:43,1763169463.776954,816441031.299954,4609.309551,63116,24808,csn,1.981423e+02,2.344338e+01,-1.420569e+02,7.286032e+00,1.664050e+02,28,N2,3674.761614,973334.935022,0.016496,OU
2025-11-15T01:17:45,1763169465.776950,816441033.299950,4611.309551,63116,24808,csn,1.981997e+02,2.344569e+01,-1.420308e+02,7.160223e+00,1.665252e+02,28,N2,3394.268139,899054.967824,0.017164,OU
2025-11-15T01:17:47,1763169467.776946,816441035.299946,4613.309551,63116,24808,csn,1.982623e+02,2.344790e+01,-1.420046e+02,7.034414e+00,1.666442e+02,28,N2,2891.062923,765787.393514,0.018598,OU
2025-11-15T01:17:49,1763169469.776941,816441037.299941,4615.309551,63116,24808,csn,1.983300e+02,2.345020e+01,-1.419785e+02,6.908606e+00,1.667639e+02,28,N2,3082.246729,816443.263040,0.018012,OU
2025-11-15T01:17:51,1763169471.776937,816441039.299937,4617.309551,63116,24808,csn,1.984028e+02,2.345239e+01,-1.419524e+02,6.782800e+00,1.668823e+02,28,N2,3400.830503,900843.676479,0.017148,OU
2025-11-15T01:17:53,1763169473.776933,816441041.299933,4619.309551,63116,24808,csn,1.984807e+02,2.345469e+01,-1.419263e+02,6.656995e+00,1.670016e+02,28,N2,3925.290381,1039817.118681,0.015961,OU
2025-11-15T01:17:55,1763169475.776929,816441043.299929,4621.309551,63116,24808,csn,1.985637e+02,2.345689e+01,-1.419003e+02,6.531194e+00,1.671198e+02,28,N2,4317.418360,1143731.976009,0.015219,OU
2025-11-15T01:17:57,1763169477.776925,816441045.299925,4623.309551,63116,24808,csn,1.986518e+02,2.345937e+01,-1.418742e+02,6.405395e+00,1.672404e+02,28,N2,3877.107071,1027106.506857,0.016060,OU
2025-11-15T01:17:59,1763169479.776921,816441047.299921,4625.309551,63116,24808,csn,1.987451e+02,2.346155e+01,-1.418482e+02,6.279600e+00,1.673579e+02,28,N2,3496.202249,926223.270513,0.016912,OU
2025-11-15T01:18:01,1763169481.776917,816441049.299917,4627.309551,63116,24808,csn,1.988434e+02,2.346382e+01,-1.418222e+02,6.153807e+00,1.674761e+02,28,N2,3257.295426,862968.355065,0.017522,OU
2025-11-15T01:18:03,1763169483.776913,816441051.299913,4629.309551,63116,24808,csn,1.989469e+02,2.346623e+01,-1.417962e+02,6.028020e+00,1.675954e+02,28,N2,3139.747358,831856.694731,0.017846,OU
2025-11-15T01:18:05,1763169485.776909,816441053.299909,4631.309551,63116,24808,csn,1.990554e+02,2.346844e+01,-1.417703e+02,5.902236e+00,1.677124e+02,28,N2,3179.853680,842501.603286,0.017734,OU
2025-11-15T01:18:07,1763169487.776904,816441055.299904,4633.309551,63116,24808,csn,1.991691e+02,2.347074e+01,-1.417443e+02,5.776458e+00,1.678302e+02,28,N2,3078.218195,815598.797734,0.018024,OU
2025-11-15T01:18:09,1763169489.776900,816441057.299900,4635.309551,63116,24808,csn,1.992879e+02,2.347295e+01,-1.417184e+02,5.650685e+00,1.679468e+02,28,N2,2878.065181,762598.483720,0.018640,OU
2025-11-15T01:18:11,1763169491.776895,816441059.299896,4637.309551,63116,24808,csn,1.994118e+02,2.347525e+01,-1.416925e+02,5.524919e+00,1.680640e+02,28,N2,3222.225785,853828.428354,0.017617,OU
2025-11-15T01:18:13,1763169493.776891,816441061.299891,4639.309551,63116,24808,csn,1.995407e+02,2.347750e+01,-1.416666e+02,5.399158e+00,1.681804e+02,28,N2,3757.682002,995747.194048,0.016313,OU
2025-11-15T01:18:15,1763169495.776887,816441063.299887,4641.309551,63116,24808,csn,1.996748e+02,2.347970e+01,-1.416407e+02,5.273404e+00,1.682961e+02,28,N2,4210.819630,1115860.095023,0.015410,OU
2025-11-15T01:18:17,1763169497.776883,816441065.299883,4643.309551,63116,24808,csn,1.998140e+02,2.348194e+01,-1.416148e+02,5.147656e+00,1.684118e+02,28,N2,4416.927523,1170535.807779,0.015047,OU
2025-11-15T01:18:19,1763169499.776879,816441067.299879,4645.309551,63116,24808,csn,1.999583e+02,2.348421e+01,-1.415890e+02,5.021917e+00,1.685276e+02,28,N2,4623.035416,1225211.520534,0.014707,OU
2025-11-15T01:18:21,1763169501.776875,816441069.299875,4647.309551,63116,24808,csn,2.001077e+02,2.348650e+01,-1.415631e+02,4.896185e+00,1.686433e+02,28,N2,4751.396558,1259281.775328,0.014507,OU
2025-11-15T01:18:23,1763169503.776871,816441071.299871,4649.309551,63116,24808,csn,2.002622e+02,2.348878e+01,-1.415373e+02,4.770462e+00,1.687586e+02,28,N2,4558.676439,1208254.887136,0.014811,OU
2025-11-15T01:18:25,1763169505.776867,816441073.299867,4651.309551,63116,24808,csn,2.004218e+02,2.349105e+01,-1.415115e+02,4.644748e+00,1.688733e+02,28,N2,4365.956320,1157227.998943,0.015134,OU
2025-11-15T01:18:27,1763169507.776863,816441075.299863,4653.309551,63116,24808,csn,2.005865e+02,2.349330e+01,-1.414857e+02,4.519043e+00,1.689876e+02,28,N2,4170.222204,1105399.409475,0.015485,OU
2025-11-15T01:18:29,1763169509.776858,816441077.299858,4655.309551,63116,24808,csn,2.007562e+02,2.349553e+01,-1.414599e+02,4.393347e+00,1.691013e+02,28,N2,3952.371141,1047687.873298,0.015906,OU
2025-11-15T01:18:31,1763169511.776854,816441079.299854,4657.309551,63116,24808,csn,2.009311e+02,2.349776e+01,-1.414342e+02,4.267661e+00,1.692147e+02,28,N2,3734.520065,989976.333682,0.016364,OU
2025-11-15T01:18:33,1763169513.776850,816441081.299850,4659.309551,63116,24808,csn,2.011111e+02,2.350005e+01,-1.414084e+02,4.141986e+00,1.693283e+02,28,N2,3555.747752,942626.840889,0.016770,OU
2025-11-15T01:18:35,1763169515.776846,816441083.299846,4661.309551,63116,24808,csn,2.012961e+02,2.350243e+01,-1.413827e+02,4.016322e+00,1.694425e+02,28,N2,3990.022715,1057831.738987,0.015831,OU
2025-11-15T01:18:37,1763169517.776841,816441085.299841,4663.309551,63116,24808,csn,2.014863e+02,2.350483e+01,-1.413570e+02,3.890669e+00,1.695565e+02,28,N2,4424.297653,1173036.630218,0.015034,OU
2025-11-15T01:18:39,1763169519.776837,816441087.299837,4665.309551,63116,24808,csn,2.016815e+02,2.350710e+01,-1.413313e+02,3.765028e+00,1.696687e+02,28,N2,4858.572668,1288241.542049,0.014346,OU
2025-11-15T01:18:41,1763169521.776833,816441089.299833,4667.309551,63116,24808,csn,2.018819e+02,2.350910e+01,-1.413056e+02,3.639399e+00,1.697776e+02,28,N2,5266.150893,1396367.819498,0.013780,OU
2025-11-15T01:18:43,1763169523.776829,816441091.299829,4669.309551,63116,24808,csn,2.020873e+02,2.351133e+01,-1.412799e+02,3.513783e+00,1.698885e+02,28,N2,5165.596540,1369763.113536,0.013914,OU
2025-11-15T01:18:45,1763169525.776825,816441093.299825,4671.309551,63116,24808,csn,2.022978e+02,2.351360e+01,-1.412542e+02,3.388179e+00,1.699994e+02,28,N2,5043.535854,1337460.466728,0.014081,OU
2025-11-15T01:18:47,1763169527.776821,816441095.299821,4673.309551,63116,24808,csn,2.025133e+02,2.351587e+01,-1.412286e+02,3.262589e+00,1.701098e+02,28,N2,4838.027872,1283049.086029,0.014377,OU
2025-11-15T01:18:49,1763169529.776817,816441097.299817,4675.309551,63116,24808,csn,2.027340e+02,2.351804e+01,-1.412029e+02,3.137013e+00,1.702186e+02,28,N2,4818.470019,1277945.066127,0.014406,OU
2025-11-15T01:18:51,1763169531.776812,816441099.299812,4677.309551,63116,24808,csn,2.029597e+02,2.352043e+01,-1.411773e+02,3.011451e+00,1.703294e+02,28,N2,5144.386096,1364448.445069,0.013942,OU
2025-11-15T01:18:53,1763169533.776808,816441101.299808,4679.309551,63116,24808,csn,2.031905e+02,2.352251e+01,-1.411517e+02,2.885904e+00,1.704362e+02,28,N2,5107.924345,1354852.886800,0.013992,OU
2025-11-15T01:18:55,1763169535.776804,816441103.299805,4681.309551,63116,24808,csn,2.034264e+02,2.352498e+01,-1.411261e+02,2.760371e+00,1.705468e+02,28,N2,4716.125742,1251025.586253,0.014562,OU
2025-11-15T01:18:57,1763169537.776800,816441105.299800,4683.309551,63116,24808,csn,2.036674e+02,2.352701e+01,-1.411005e+02,2.634855e+00,1.706520e+02,28,N2,4693.641208,1245140.808081,0.014596,OU
2025-11-15T01:18:59,1763169539.776796,816441107.299796,4685.309551,63116,24808,csn,2.039134e+02,2.352947e+01,-1.410749e+02,2.509354e+00,1.707614e+02,28,N2,4861.492890,1289733.416471,0.014342,OU
2025-11-15T01:19:01,1763169541.776791,816441109.299791,4687.309551,63116,24808,csn,2.041645e+02,2.353146e+01,-1.410493e+02,2.383870e+00,1.708648e+02,28,N2,5250.712781,1393097.538480,0.013800,OU
2025-11-15T01:19:03,1763169543.776788,816441111.299788,4689.309551,63116,24808,csn,2.044207e+02,2.353372e+01,-1.410238e+02,2.258402e+00,1.709707e+02,28,N2,5695.310441,1511164.021478,0.013251,OU
2025-11-15T01:19:05,1763169545.776783,816441113.299783,4691.309551,63116,24808,csn,2.046819e+02,2.353600e+01,-1.409982e+02,2.132951e+00,1.710762e+02,28,N2,5205.927983,1381383.569425,0.013860,OU
2025-11-15T01:19:07,1763169547.776779,816441115.299779,4693.309551,63116,24808,csn,2.049482e+02,2.353824e+01,-1.409727e+02,2.007518e+00,1.711807e+02,28,N2,4723.235399,1253377.103128,0.014551,OU
2025-11-15T01:19:09,1763169549.776775,816441117.299775,4695.309551,63116,24808,csn,2.052196e+02,2.354049e+01,-1.409472e+02,1.882103e+00,1.712845e+02,28,N2,4652.091193,1234571.361255,0.014661,OU
2025-11-15T01:19:11,1763169551.776771,816441119.299771,4697.309551,63116,24808,csn,2.054960e+02,2.354273e+01,-1.409216e+02,1.756707e+00,1.713875e+02,28,N2,4579.335507,1215336.433826,0.014777,OU
2025-11-15T01:19:13,1763169553.776766,816441121.299766,4699.309551,63116,24808,csn,2.057775e+02,2.354498e+01,-1.408961e+02,1.631329e+00,1.714898e+02,28,N2,4501.742283,1194813.125590,0.014904,OU
2025-11-15T01:19:15,1763169555.776763,816441123.299763,4701.309551,63116,24808,csn,2.060640e+02,2.354726e+01,-1.408706e+02,1.505970e+00,1.715918e+02,28,N2,4244.832350,1126699.198831,0.015349,OU
2025-11-15T01:19:17,1763169557.776759,816441125.299759,4703.309551,63116,24808,csn,2.063556e+02,2.354948e+01,-1.408451e+02,1.380631e+00,1.716922e+02,28,N2,3724.353038,988634.012143,0.016386,OU
2025-11-15T01:19:19,1763169559.776754,816441127.299754,4705.309551,63116,24808,csn,2.066523e+02,2.355177e+01,-1.408196e+02,1.255312e+00,1.717928e+02,28,N2,3227.481490,856802.598519,0.017602,OU
2025-11-15T01:19:21,1763169561.776750,816441129.299750,4707.309551,63116,24808,csn,2.069539e+02,2.355395e+01,-1.407942e+02,1.130014e+00,1.718911e+02,28,N2,2749.547663,729971.804218,0.019071,OU
2025-11-15T01:19:23,1763169563.776746,816441131.299746,4709.309551,63116,24808,csn,2.072607e+02,2.355626e+01,-1.407687e+02,1.004736e+00,1.719901e+02,28,N2,2351.963976,624465.854670,0.020620,OU
2025-11-15T01:19:25,1763169565.776742,816441133.299742,4711.309551,63116,24808,csn,2.075724e+02,2.355848e+01,-1.407432e+02,8.794799e-01,1.720871e+02,28,N2,1989.662524,528323.773684,0.022419,OU
2025-11-15T01:19:27,1763169567.776737,816441135.299737,4713.309551,63116,24808,csn,2.078892e+02,2.356078e+01,-1.407178e+02,7.542459e-01,1.721841e+02,28,N2,1816.942575,482494.334165,0.023460,OU
2025-11-15T01:19:29,1763169569.776733,816441137.299733,4715.309551,63116,24808,csn,2.082111e+02,2.356301e+01,-1.406923e+02,6.290335e-01,1.722793e+02,28,N2,1677.401382,445470.380374,0.024416,OU
2025-11-15T01:19:31,1763169571.776729,816441139.299729,4717.309551,63116,24808,csn,2.085380e+02,2.356528e+01,-1.406669e+02,5.038433e-01,1.723740e+02,28,N2,1637.608622,434942.996482,0.024711,OU
2025-11-15T01:19:33,1763169573.776725,816441141.299725,4719.309551,63116,24808,csn,2.088699e+02,2.356749e+01,-1.406415e+02,3.786764e-01,1.724669e+02,28,N2,1594.749014,423598.838625,0.025041,OU
2025-11-15T01:19:35,1763169575.776721,816441143.299721,4721.309551,63116,24808,csn,2.092068e+02,2.356981e+01,-1.406161e+02,2.535326e-01,1.725601e+02,28,N2,1534.491819,407621.293632,0.025528,OU
2025-11-15T01:19:37,1763169577.776717,816441145.299717,4723.309551,63116,24808,csn,2.095488e+02,2.357182e+01,-1.405906e+02,1.284124e-01,1.726481e+02,28,N2,1449.770928,385144.646206,0.026263,OU
2025-11-15T01:19:39,1763169579.776713,816441147.299713,4725.309551,63116,24808,csn,2.098958e+02,2.357421e+01,-1.405652e+02,3.316722e-03,1.727399e+02,28,N2,1309.267933,347848.749504,0.027637,OU
2025-11-15T01:19:41,1763169581.776709,816441149.299709,4727.309551,63116,24808,csn,2.102479e+02,2.357631e+01,-1.405398e+02,-1.217549e-01,1.728268e+02,28,N2,1130.080237,300265.649400,0.029747,OU
2025-11-15T01:19:43,1763169583.776705,816441151.299705,4729.309551,63116,24808,csn,2.106049e+02,2.357872e+01,-1.405144e+02,-2.468010e-01,1.729163e+02,28,N2,905.453613,240599.232918,0.033233,OU
2025-11-15T01:19:45,1763169585.776700,816441153.299700,4731.309551,63116,24808,csn,2.109670e+02,2.358077e+01,-1.404890e+02,-3.718213e-01,1.729999e+02,28,N2,782.014235,207818.709967,0.035760,OU
2025-11-15T01:19:47,1763169587.776696,816441155.299696,4733.309551,63116,24808,csn,2.113340e+02,2.358297e+01,-1.404637e+02,-4.968171e-01,1.730840e+02,28,N2,726.074703,192973.190812,0.037112,OU
2025-11-15T01:19:49,1763169589.776691,816441157.299691,4735.309551,63116,24808,csn,2.117061e+02,2.358528e+01,-1.404383e+02,-6.217857e-01,1.731682e+02,28,N2,955.851478,254069.974260,0.032345,OU
2025-11-15T01:19:51,1763169591.776687,816441159.299687,4737.309551,63116,24808,csn,2.120832e+02,2.358750e+01,-1.404129e+02,-7.467287e-01,1.732497e+02,28,N2,1278.420685,339830.631059,0.027968,OU
2025-11-15T01:19:53,1763169593.776683,816441161.299683,4739.309551,63116,24808,csn,2.124653e+02,2.358978e+01,-1.403875e+02,-8.716438e-01,1.733306e+02,28,N2,1061.753872,282255.995019,0.030689,OU
2025-11-15T01:19:55,1763169595.776679,816441163.299679,4741.309551,63116,24808,csn,2.128524e+02,2.359198e+01,-1.403622e+02,-9.965323e-01,1.734088e+02,28,N2,804.542202,213903.978747,0.035255,OU
2025-11-15T01:19:57,1763169597.776675,816441165.299675,4743.309551,63116,24808,csn,2.132445e+02,2.359427e+01,-1.403368e+02,-1.121392e+00,1.734866e+02,28,N2,793.036717,210862.058060,0.035510,OU
2025-11-15T01:19:59,1763169599.776671,816441167.299671,4745.309551,63116,24808,csn,2.136416e+02,2.359651e+01,-1.403115e+02,-1.246224e+00,1.735620e+02,28,N2,832.632654,221410.478420,0.034656,OU
2025-11-15T01:20:01,1763169601.776667,816441169.299667,4747.309551,63116,24808,csn,2.140437e+02,2.359881e+01,-1.402861e+02,-1.371028e+00,1.736366e+02,28,N2,1070.601962,284715.978132,0.030562,OU
2025-11-15T01:20:03,1763169603.776663,816441171.299663,4749.309551,63116,24808,csn,2.144507e+02,2.360085e+01,-1.402608e+02,-1.495803e+00,1.737056e+02,28,N2,1147.291951,305131.573207,0.029523,OU
2025-11-15T01:20:05,1763169605.776658,816441173.299658,4751.309551,63116,24808,csn,2.148628e+02,2.360299e+01,-1.402354e+02,-1.620548e+00,1.737743e+02,28,N2,937.054051,249242.842213,0.032668,OU
2025-11-15T01:20:07,1763169607.776654,816441175.299654,4753.309551,63116,24808,csn,2.152798e+02,2.360532e+01,-1.402101e+02,-1.745263e+00,1.738438e+02,28,N2,792.768747,210893.233510,0.035516,OU
2025-11-15T01:20:09,1763169609.776650,816441177.299651,4755.309551,63116,24808,csn,2.157019e+02,2.360755e+01,-1.401847e+02,-1.869949e+00,1.739097e+02,28,N2,814.083582,216582.544922,0.035048,OU
2025-11-15T01:20:11,1763169611.776646,816441179.299646,4757.309551,63116,24808,csn,2.161289e+02,2.360985e+01,-1.401594e+02,-1.994604e+00,1.739747e+02,28,N2,843.723194,224490.581840,0.034427,OU
2025-11-15T01:20:13,1763169613.776642,816441181.299642,4759.309551,63116,24808,csn,2.165608e+02,2.361207e+01,-1.401341e+02,-2.119227e+00,1.740364e+02,28,N2,883.965576,235224.477017,0.033634,OU
2025-11-15T01:20:15,1763169615.776638,816441183.299638,4761.309551,63116,24808,csn,2.169978e+02,2.361438e+01,-1.401087e+02,-2.243819e+00,1.740971e+02,28,N2,900.069774,239533.133968,0.033332,OU
2025-11-15T01:20:17,1763169617.776633,816441185.299633,4763.309551,63116,24808,csn,2.174397e+02,2.361655e+01,-1.400834e+02,-2.368380e+00,1.741538e+02,28,N2,900.069774,239555.084411,0.033332,OU
2025-11-15T01:20:19,1763169619.776629,816441187.299630,4765.309551,63116,24808,csn,2.178865e+02,2.361886e+01,-1.400581e+02,-2.492908e+00,1.742100e+02,28,N2,766.776050,204095.894610,0.036113,OU
2025-11-15T01:20:21,1763169621.776625,816441189.299626,4767.309551,63116,24808,csn,2.183384e+02,2.362106e+01,-1.400328e+02,-2.617404e+00,1.742623e+02,28,N2,586.604684,156158.456601,0.041288,OU
2025-11-15T01:20:23,1763169623.776621,816441191.299621,4769.309551,63116,24808,csn,2.187952e+02,2.362338e+01,-1.400074e+02,-2.741868e+00,1.743140e+02,28,N2,602.476657,160401.128253,0.040741,OU
2025-11-15T01:20:25,1763169625.776617,816441193.299617,4771.309551,63116,24808,csn,2.192569e+02,2.362551e+01,-1.399821e+02,-2.866297e+00,1.743603e+02,28,N2,-999.000000,-999.000000,-999.000000,OU
2025-11-15T01:20:27,1763169627.776612,816441195.299612,4773.309551,63116,24808,csn,2.197236e+02,2.362754e+01,-1.399568e+02,-2.990693e+00,1.744026e+02,28,N2,-999.000000,-999.000000,-999.000000,OU
2025-11-15T01:20:29,1763169629.776609,816441197.299609,4775.309551,63116,24808,csn,2.201952e+02,2.362982e+01,-1.399315e+02,-3.115055e+00,1.744460e+02,28,N2,-999.000000,-999.000000,-999.000000,OU
2025-11-15T01:20:31,1763169631.776604,816441199.299604,4777.309551,63116,24808,csn,2.206717e+02,2.363207e+01,-1.399062e+02,-3.239382e+00,1.744862e+02,28,N2,-999.000000,-999.000000,-999.000000,OU
2025-11-15T01:20:33,1763169633.776600,816441201.299600,4779.309551,63116,24808,csn,2.211532e+02,2.363434e+01,-1.398809e+02,-3.363675e+00,1.745241e+02,28,N2,-999.000000,-999.000000,-999.000000,OU
2025-11-15T01:20:35,1763169635.776596,816441203.299596,4781.309551,63116,24808,csn,2.216397e+02,2.363657e+01,-1.398556e+02,-3.487932e+00,1.745585e+02,28,N2,-999.000000,-999.000000,-999.000000,OU
2025-11-15T01:20:37,1763169637.776592,816441205.299592,4783.309551,63116,24808,csn,2.221310e+02,2.363887e+01,-1.398302e+02,-3.612154e+00,1.745911e+02,28,N2,563.942991,150255.189378,0.042110,OU
2025-11-15T01:20:39,1763169639.776587,816441207.299587,4785.309551,63116,24808,csn,2.226273e+02,2.364106e+01,-1.398049e+02,-3.736339e+00,1.746191e+02,28,N2,558.322571,148773.025982,0.042321,OU
2025-11-15T01:20:41,1763169641.776584,816441209.299584,4787.309551,63116,24808,csn,2.231285e+02,2.364336e+01,-1.397796e+02,-3.860489e+00,1.746459e+02,28,N2,-999.000000,-999.000000,-999.000000,OU
2025-11-15T01:20:43,1763169643.776579,816441211.299579,4789.309551,63116,24808,csn,2.236347e+02,2.364557e+01,-1.397543e+02,-3.984601e+00,1.746684e+02,28,N2,-999.000000,-999.000000,-999.000000,OU
2025-11-15T01:20:45,1763169645.776576,816441213.299575,4791.309551,63116,24808,csn,2.241457e+02,2.364788e+01,-1.397290e+02,-4.108676e+00,1.746895e+02,28,N2,-999.000000,-999.000000,-999.000000,OU
2025-11-15T01:20:47,1763169647.776571,816441215.299571,4793.309551,63116,24808,csn,2.246616e+02,2.365005e+01,-1.397037e+02,-4.232714e+00,1.747052e+02,28,N2,-999.000000,-999.000000,-999.000000,OU
2025-11-15T01:20:49,1763169649.776567,816441217.299567,4795.309551,63116,24808,csn,2.251825e+02,2.365205e+01,-1.396783e+02,-4.356713e+00,1.747156e+02,28,N2,-999.000000,-999.000000,-999.000000,OU
2025-11-15T01:20:51,1763169651.776563,816441219.299563,4797.309551,63116,24808,csn,2.257082e+02,2.365431e+01,-1.396530e+02,-4.480675e+00,1.747266e+02,28,N2,-999.000000,-999.000000,-999.000000,OU
2025-11-15T01:20:53,1763169653.776558,816441221.299558,4799.309551,63116,24808,csn,2.262389e+02,2.365657e+01,-1.396277e+02,-4.604597e+00,1.747345e+02,28,N2,-999.000000,-999.000000,-999.000000,OU
2025-11-15T01:20:55,1763169655.776555,816441223.299554,4801.309551,63116,24808,csn,2.267744e+02,2.365883e+01,-1.396024e+02,-4.728481e+00,1.747393e+02,28,N2,-999.000000,-999.000000,-999.000000,OU
2025-11-15T01:20:57,1763169657.776550,816441225.299550,4803.309551,63116,24808,csn,2.273148e+02,2.366108e+01,-1.395771e+02,-4.852324e+00,1.747408e+02,28,N2,-999.000000,-999.000000,-999.000000,OU
2025-11-15T01:20:59,1763169659.776546,816441227.299546,4805.309551,63116,24808,csn,2.278602e+02,2.366336e+01,-1.395517e+02,-4.976129e+00,1.747397e+02,28,N2,-999.000000,-999.000000,-999.000000,OU
2025-11-15T01:21:01,1763169661.776542,816441229.299542,4807.309551,63116,24808,csn,2.284103e+02,2.366556e+01,-1.395264e+02,-5.099893e+00,1.747343e+02,28,N2,-999.000000,-999.000000,-999.000000,OU
2025-11-15T01:21:03,1763169663.776537,816441231.299537,4809.309551,63116,24808,csn,2.289654e+02,2.366785e+01,-1.395011e+02,-5.223617e+00,1.747270e+02,28,N2,-999.000000,-999.000000,-999.000000,OU
2025-11-15T01:21:05,1763169665.776533,816441233.299533,4811.309551,63116,24808,csn,2.295253e+02,2.367006e+01,-1.394757e+02,-5.347299e+00,1.747156e+02,28,N2,-999.000000,-999.000000,-999.000000,OU
2025-11-15T01:21:07,1763169667.776530,816441235.299530,4813.309551,63116,24808,csn,2.300901e+02,2.367237e+01,-1.394504e+02,-5.470940e+00,1.747025e+02,28,N2,-999.000000,-999.000000,-999.000000,OU
2025-11-15T01:21:09,1763169669.776526,816441237.299526,4815.309551,63116,24808,csn,2.306598e+02,2.367456e+01,-1.394250e+02,-5.594539e+00,1.746846e+02,28,N2,-999.000000,-999.000000,-999.000000,OU
2025-11-15T01:21:11,1763169671.776521,816441239.299521,4817.309551,63116,24808,csn,2.312343e+02,2.367663e+01,-1.393997e+02,-5.718096e+00,1.746621e+02,28,N2,-999.000000,-999.000000,-999.000000,OU
2025-11-15T01:21:13,1763169673.776517,816441241.299517,4819.309551,63116,24808,csn,2.318137e+02,2.367904e+01,-1.393744e+02,-5.841611e+00,1.746413e+02,28,N2,-999.000000,-999.000000,-999.000000,OU
2025-11-15T01:21:15,1763169675.776512,816441243.299513,4821.309551,63116,24808,csn,2.323979e+02,2.368103e+01,-1.393490e+02,-5.965083e+00,1.746119e+02,28,N2,-999.000000,-999.000000,-999.000000,OU
2025-11-15T01:21:17,1763169677.776508,816441245.299508,4823.309551,63116,24808,csn,2.329870e+02,2.368333e+01,-1.393236e+02,-6.088512e+00,1.745839e+02,28,N2,-999.000000,-999.000000,-999.000000,OU
2025-11-15T01:21:19,1763169679.776504,816441247.299504,4825.309551,63116,24808,csn,2.335809e+02,2.368557e+01,-1.392983e+02,-6.211897e+00,1.745522e+02,28,N2,-999.000000,-999.000000,-999.000000,OU
2025-11-15T01:21:21,1763169681.776500,816441249.299500,4827.309551,63116,24808,csn,2.341796e+02,2.368784e+01,-1.392729e+02,-6.335238e+00,1.745180e+02,28,N2,-999.000000,-999.000000,-999.000000,OU
2025-11-15T01:21:23,1763169683.776496,816441251.299496,4829.309551,63116,24808,csn,2.347832e+02,2.369005e+01,-1.392475e+02,-6.458535e+00,1.744804e+02,28,N2,-999.000000,-999.000000,-999.000000,OU
2025-11-15T01:21:25,1763169685.776492,816441253.299492,4831.309551,63116,24808,csn,2.353915e+02,2.369233e+01,-1.392222e+02,-6.581787e+00,1.744409e+02,28,N2,-999.000000,-999.000000,-999.000000,OU
2025-11-15T01:21:27,1763169687.776488,816441255.299488,4833.309551,63116,24808,csn,2.360047e+02,2.369456e+01,-1.391968e+02,-6.704993e+00,1.743983e+02,28,N2,-999.000000,-999.000000,-999.000000,OU
2025-11-15T01:21:29,1763169689.776484,816441257.299484,4835.309551,63116,24808,csn,2.366228e+02,2.369686e+01,-1.391714e+02,-6.828156e+00,1.743540e+02,28,N2,-999.000000,-999.000000,-999.000000,OU
2025-11-15T01:21:31,1763169691.776479,816441259.299479,4837.309551,63116,24808,csn,2.372456e+02,2.369908e+01,-1.391460e+02,-6.951271e+00,1.743061e+02,28,N2,-999.000000,-999.000000,-999.000000,OU
2025-11-15T01:21:33,1763169693.776475,816441261.299476,4839.309551,63116,24808,csn,2.378732e+02,2.370138e+01,-1.391206e+02,-7.074342e+00,1.742568e+02,28,N2,-999.000000,-999.000000,-999.000000,OU
2025-11-15T01:21:35,1763169695.776471,816441263.299471,4841.309551,63116,24808,csn,2.385057e+02,2.370356e+01,-1.390952e+02,-7.197365e+00,1.742038e+02,28,N2,-999.000000,-999.000000,-999.000000,OU
2025-11-15T01:21:37,1763169697.776467,816441265.299467,4843.309551,63116,24808,csn,2.391429e+02,2.370588e+01,-1.390698e+02,-7.320342e+00,1.741501e+02,28,N2,-999.000000,-999.000000,-999.000000,OU
2025-11-15T01:21:39,1763169699.776463,816441267.299463,4845.309551,63116,24808,csn,2.397849e+02,2.370801e+01,-1.390444e+02,-7.443270e+00,1.740921e+02,28,N2,-999.000000,-999.000000,-999.000000,OU
2025-11-15T01:21:41,1763169701.776458,816441269.299458,4847.309551,63116,24808,csn,2.404317e+02,2.371004e+01,-1.390189e+02,-7.566152e+00,1.740308e+02,28,N2,-999.000000,-999.000000,-999.000000,OU
2025-11-15T01:21:43,1763169703.776455,816441271.299455,4849.309551,63116,24808,csn,2.410833e+02,2.371237e+01,-1.389935e+02,-7.688985e+00,1.739707e+02,28,N2,-999.000000,-999.000000,-999.000000,OU
2025-11-15T01:21:45,1763169705.776450,816441273.299450,4851.309551,63116,24808,csn,2.417397e+02,2.371446e+01,-1.389681e+02,-7.811772e+00,1.739062e+02,28,N2,-999.000000,-999.000000,-999.000000,OU
2025-11-15T01:21:47,1763169707.776446,816441275.299446,4853.309551,63116,24808,csn,2.424008e+02,2.371715e+01,-1.389426e+02,-7.934504e+00,1.738457e+02,28,N2,-999.000000,-999.000000,-999.000000,OU
2025-11-15T01:21:49,1763169709.776443,816441277.299443,4855.309551,63116,24808,csn,2.430667e+02,2.371821e+01,-1.389172e+02,-8.057206e+00,1.737667e+02,28,N2,-999.000000,-999.000000,-999.000000,OU
2025-11-15T01:21:51,1763169711.776438,816441279.299438,4857.309551,63116,24808,csn,2.437373e+02,2.372089e+01,-1.388917e+02,-8.179840e+00,1.737025e+02,28,N2,-999.000000,-999.000000,-999.000000,OU
2025-11-15T01:21:53,1763169713.776433,816441281.299433,4859.309551,63116,24808,csn,2.444127e+02,2.372390e+01,-1.388662e+02,-8.302421e+00,1.736397e+02,28,N2,-999.000000,-999.000000,-999.000000,OU
2025-11-15T01:21:55,1763169715.776429,816441283.299429,4861.309551,63116,24808,csn,2.450929e+02,2.372630e+01,-1.388408e+02,-8.424958e+00,1.735691e+02,28,N2,-999.000000,-999.000000,-999.000000,OU
2025-11-15T01:21:57,1763169717.776425,816441285.299425,4863.309551,63116,24808,csn,2.457778e+02,2.372836e+01,-1.388153e+02,-8.547449e+00,1.734933e+02,28,N2,-999.000000,-999.000000,-999.000000,OU
2025-11-15T01:21:59,1763169719.776422,816441287.299421,4865.309551,63116,24808,csn,2.464674e+02,2.373037e+01,-1.387898e+02,-8.669888e+00,1.734157e+02,28,N2,-999.000000,-999.000000,-999.000000,OU
2025-11-15T01:22:01,1763169721.776417,816441289.299417,4867.309551,63116,24808,csn,2.471618e+02,2.373250e+01,-1.387643e+02,-8.792273e+00,1.733377e+02,28,N2,-999.000000,-999.000000,-999.000000,OU
2025-11-15T01:22:03,1763169723.776413,816441291.299413,4869.309551,63116,24808,csn,2.478609e+02,2.373486e+01,-1.387388e+02,-8.914609e+00,1.732603e+02,28,N2,-999.000000,-999.000000,-999.000000,OU
2025-11-15T01:22:05,1763169725.776412,816441293.299409,4871.309551,63116,24808,csn,2.485647e+02,2.373715e+01,-1.387132e+02,-9.036891e+00,1.731809e+02,28,N2,-999.000000,-999.000000,-999.000000,OU
2025-11-15T01:22:07,1763169727.776411,816441295.299405,4873.309551,63116,24808,csn,2.492732e+02,2.373932e+01,-1.386877e+02,-9.159123e+00,1.730990e+02,28,N2,-999.000000,-999.000000,-999.000000,OU
2025-11-15T01:22:09,1763169729.776312,816441297.299401,4875.309551,63116,24808,csn,2.499864e+02,2.374153e+01,-1.386622e+02,-9.281301e+00,1.730162e+02,28,N2,-999.000000,-999.000000,-999.000000,OU
2025-11-15T01:22:11,1763169731.777323,816441299.299396,4877.309551,63116,24808,csn,2.507044e+02,2.374381e+01,-1.386366e+02,-9.403427e+00,1.729327e+02,28,N2,-999.000000,-999.000000,-999.000000,OU
2025-11-15T01:22:13,1763169733.776192,816441301.299392,4879.309551,63116,24808,csn,2.514270e+02,2.374596e+01,-1.386110e+02,-9.525499e+00,1.728470e+02,28,N2,-999.000000,-999.000000,-999.000000,OU
2025-11-15T01:22:15,1763169735.776983,816441303.299387,4881.309551,63116,24808,csn,2.521543e+02,2.374827e+01,-1.385855e+02,-9.647518e+00,1.727613e+02,28,N2,-999.000000,-999.000000,-999.000000,OU
2025-11-15T01:22:17,1763169737.777411,816441305.299383,4883.309551,63116,24808,csn,2.528864e+02,2.375062e+01,-1.385599e+02,-9.769483e+00,1.726747e+02,28,N2,-999.000000,-999.000000,-999.000000,OU
2025-11-15T01:22:19,1763169739.777388,816441307.299379,4885.309551,63116,24808,csn,2.536231e+02,2.375279e+01,-1.385343e+02,-9.891394e+00,1.725857e+02,28,N2,-999.000000,-999.000000,-999.000000,OU
2025-11-15T01:22:21,1763169741.777374,816441309.299375,4887.309551,63116,24808,csn,2.543645e+02,2.375512e+01,-1.385087e+02,-1.001325e+01,1.724969e+02,28,N2,-999.000000,-999.000000,-999.000000,OU
2025-11-15T01:22:23,1763169743.777371,816441311.299371,4889.309551,63116,24808,csn,2.551105e+02,2.375716e+01,-1.384831e+02,-1.013505e+01,1.724050e+02,28,N2,-999.000000,-999.000000,-999.000000,OU
2025-11-15T01:22:25,1763169745.777367,816441313.299367,4891.309551,63116,24808,csn,2.558612e+02,2.375961e+01,-1.384574e+02,-1.025680e+01,1.723150e+02,28,N2,-999.000000,-999.000000,-999.000000,OU
2025-11-15T01:22:27,1763169747.777362,816441315.299363,4893.309551,63116,24808,csn,2.566166e+02,2.376166e+01,-1.384318e+02,-1.037849e+01,1.722213e+02,28,N2,-999.000000,-999.000000,-999.000000,OU
2025-11-15T01:22:29,1763169749.777359,816441317.299359,4895.309551,63116,24808,csn,2.573766e+02,2.376404e+01,-1.384061e+02,-1.050012e+01,1.721289e+02,28,N2,-999.000000,-999.000000,-999.000000,OU
2025-11-15T01:22:31,1763169751.777354,816441319.299355,4897.309551,63116,24808,csn,2.581413e+02,2.376626e+01,-1.383805e+02,-1.062170e+01,1.720346e+02,28,N2,-999.000000,-999.000000,-999.000000,OU
2025-11-15T01:22:33,1763169753.777350,816441321.299350,4899.309551,63116,24808,csn,2.589106e+02,2.376851e+01,-1.383548e+02,-1.074322e+01,1.719397e+02,28,N2,-999.000000,-999.000000,-999.000000,OU
2025-11-15T01:22:35,1763169755.777346,816441323.299346,4901.309551,63116,24808,csn,2.596846e+02,2.377087e+01,-1.383291e+02,-1.086469e+01,1.718447e+02,28,N2,-999.000000,-999.000000,-999.000000,OU
2025-11-15T01:22:37,1763169757.777342,816441325.299342,4903.309551,63116,24808,csn,2.604632e+02,2.377314e+01,-1.383034e+02,-1.098610e+01,1.717483e+02,28,N2,-999.000000,-999.000000,-999.000000,OU
2025-11-15T01:22:39,1763169759.777338,816441327.299338,4905.309551,63116,24808,csn,2.612464e+02,2.377537e+01,-1.382777e+02,-1.110745e+01,1.716509e+02,28,N2,-999.000000,-999.000000,-999.000000,OU
2025-11-15T01:22:41,1763169761.777334,816441329.299334,4907.309551,63116,24808,csn,2.620342e+02,2.377754e+01,-1.382519e+02,-1.122874e+01,1.715525e+02,28,N2,-999.000000,-999.000000,-999.000000,OU
2025-11-15T01:22:43,1763169763.777329,816441331.299329,4909.309551,63116,24808,csn,2.628266e+02,2.377977e+01,-1.382262e+02,-1.134997e+01,1.714538e+02,28,N2,-999.000000,-999.000000,-999.000000,OU
2025-11-15T01:22:45,1763169765.777326,816441333.299325,4911.309551,63116,24808,csn,2.636237e+02,2.378222e+01,-1.382004e+02,-1.147115e+01,1.713556e+02,28,N2,-999.000000,-999.000000,-999.000000,OU
2025-11-15T01:22:47,1763169767.777321,816441335.299321,4913.309551,63116,24808,csn,2.644253e+02,2.378425e+01,-1.381747e+02,-1.159227e+01,1.712545e+02,28,N2,-999.000000,-999.000000,-999.000000,OU
2025-11-15T01:22:49,1763169769.777317,816441337.299317,4915.309551,63116,24808,csn,2.652316e+02,2.378661e+01,-1.381489e+02,-1.171332e+01,1.711546e+02,28,N2,-999.000000,-999.000000,-999.000000,OU
2025-11-15T01:22:51,1763169771.777313,816441339.299313,4917.309551,63116,24808,csn,2.660424e+02,2.378883e+01,-1.381231e+02,-1.183432e+01,1.710533e+02,28,N2,-999.000000,-999.000000,-999.000000,OU
2025-11-15T01:22:53,1763169773.777309,816441341.299309,4919.309551,63116,24808,csn,2.668578e+02,2.379111e+01,-1.380972e+02,-1.195526e+01,1.709518e+02,28,N2,-999.000000,-999.000000,-999.000000,OU
2025-11-15T01:22:55,1763169775.777304,816441343.299304,4921.309551,63116,24808,csn,2.676778e+02,2.379345e+01,-1.380714e+02,-1.207614e+01,1.708500e+02,28,N2,-999.000000,-999.000000,-999.000000,OU
2025-11-15T01:22:57,1763169777.777301,816441345.299301,4923.309551,63116,24808,csn,2.685023e+02,2.379567e+01,-1.380456e+02,-1.219696e+01,1.707471e+02,28,N2,-999.000000,-999.000000,-999.000000,OU
2025-11-15T01:22:59,1763169779.777297,816441347.299297,4925.309551,63116,24808,csn,2.693314e+02,2.379799e+01,-1.380197e+02,-1.231771e+01,1.706442e+02,28,N2,-999.000000,-999.000000,-999.000000,OU
2025-11-15T01:23:01,1763169781.777292,816441349.299292,4927.309551,63116,24808,csn,2.701651e+02,2.380005e+01,-1.379938e+02,-1.243841e+01,1.705396e+02,28,N2,-999.000000,-999.000000,-999.000000,OU
2025-11-15T01:23:03,1763169783.777288,816441351.299288,4929.309551,63116,24808,csn,2.710033e+02,2.380244e+01,-1.379679e+02,-1.255905e+01,1.704361e+02,28,N2,-999.000000,-999.000000,-999.000000,OU
2025-11-15T01:23:05,1763169785.777283,816441353.299283,4931.309551,63116,24808,csn,2.718461e+02,2.380477e+01,-1.379420e+02,-1.267962e+01,1.703318e+02,28,N2,-999.000000,-999.000000,-999.000000,OU
2025-11-15T01:23:07,1763169787.777280,816441355.299280,4933.309551,63116,24808,csn,2.726933e+02,2.380690e+01,-1.379161e+02,-1.280013e+01,1.702262e+02,28,N2,-999.000000,-999.000000,-999.000000,OU
2025-11-15T01:23:09,1763169789.777275,816441357.299275,4935.309551,63116,24808,csn,2.735452e+02,2.380926e+01,-1.378902e+02,-1.292058e+01,1.701212e+02,28,N2,-999.000000,-999.000000,-999.000000,OU
2025-11-15T01:23:11,1763169791.777271,816441359.299271,4937.309551,63116,24808,csn,2.744015e+02,2.381165e+01,-1.378642e+02,-1.304096e+01,1.700159e+02,28,N2,-999.000000,-999.000000,-999.000000,OU
2025-11-15T01:23:13,1763169793.777267,816441361.299267,4939.309551,63116,24808,csn,2.752624e+02,2.381371e+01,-1.378382e+02,-1.316129e+01,1.699088e+02,28,N2,-999.000000,-999.000000,-999.000000,OU
2025-11-15T01:23:15,1763169795.777263,816441363.299263,4941.309551,63116,24808,csn,2.761278e+02,2.381604e+01,-1.378122e+02,-1.328155e+01,1.698025e+02,28,N2,-999.000000,-999.000000,-999.000000,OU
2025-11-15T01:23:17,1763169797.777259,816441365.299259,4943.309551,63116,24808,csn,2.769976e+02,2.381821e+01,-1.377862e+02,-1.340174e+01,1.696953e+02,28,N2,-999.000000,-999.000000,-999.000000,OU
2025-11-15T01:23:19,1763169799.777255,816441367.299255,4945.309551,63116,24808,csn,2.778720e+02,2.382056e+01,-1.377602e+02,-1.352187e+01,1.695883e+02,28,N2,-999.000000,-999.000000,-999.000000,OU
2025-11-15T01:23:21,1763169801.777251,816441369.299251,4947.309551,63116,24808,csn,2.787509e+02,2.382286e+01,-1.377341e+02,-1.364194e+01,1.694809e+02,28,N2,-999.000000,-999.000000,-999.000000,OU
2025-11-15T01:23:23,1763169803.777246,816441371.299246,4949.309551,63116,24808,csn,2.796342e+02,2.382508e+01,-1.377081e+02,-1.376195e+01,1.693728e+02,28,N2,-999.000000,-999.000000,-999.000000,OU
2025-11-15T01:23:25,1763169805.777242,816441373.299242,4951.309551,63116,24808,csn,2.805221e+02,2.382741e+01,-1.376820e+02,-1.388188e+01,1.692648e+02,28,N2,-999.000000,-999.000000,-999.000000,OU
2025-11-15T01:23:27,1763169807.777238,816441375.299238,4953.309551,63116,24808,csn,2.814144e+02,2.382976e+01,-1.376559e+02,-1.400176e+01,1.691566e+02,28,N2,-999.000000,-999.000000,-999.000000,OU
2025-11-15T01:23:29,1763169809.777234,816441377.299234,4955.309551,63116,24808,csn,2.823112e+02,2.383194e+01,-1.376298e+02,-1.412157e+01,1.690475e+02,28,N2,-999.000000,-999.000000,-999.000000,OU
2025-11-15T01:23:31,1763169811.777230,816441379.299230,4957.309551,63116,24808,csn,2.832124e+02,2.383424e+01,-1.376036e+02,-1.424131e+01,1.689386e+02,28,N2,-999.000000,-999.000000,-999.000000,OU
2025-11-15T01:23:33,1763169813.777225,816441381.299225,4959.309551,63116,24808,csn,2.841181e+02,2.383660e+01,-1.375775e+02,-1.436098e+01,1.688296e+02,28,N2,-999.000000,-999.000000,-999.000000,OU
2025-11-15T01:23:35,1763169815.777221,816441383.299221,4961.309551,63116,24808,csn,2.850282e+02,2.383883e+01,-1.375513e+02,-1.448059e+01,1.687199e+02,28,N2,-999.000000,-999.000000,-999.000000,OU
2025-11-15T01:23:37,1763169817.777217,816441385.299217,4963.309551,63116,24808,csn,2.859428e+02,2.384110e+01,-1.375251e+02,-1.460014e+01,1.686101e+02,28,N2,-999.000000,-999.000000,-999.000000,OU
2025-11-15T01:23:39,1763169819.777213,816441387.299213,4965.309551,63116,24808,csn,2.868617e+02,2.384346e+01,-1.374989e+02,-1.471961e+01,1.685003e+02,28,N2,-999.000000,-999.000000,-999.000000,OU
2025-11-15T01:23:41,1763169821.777209,816441389.299209,4967.309551,63116,24808,csn,2.877852e+02,2.384568e+01,-1.374726e+02,-1.483902e+01,1.683899e+02,28,N2,-999.000000,-999.000000,-999.000000,OU
2025-11-15T01:23:43,1763169823.777204,816441391.299204,4969.309551,63116,24808,csn,2.887130e+02,2.384793e+01,-1.374464e+02,-1.495837e+01,1.682794e+02,28,N2,-999.000000,-999.000000,-999.000000,OU
2025-11-15T01:23:45,1763169825.777200,816441393.299200,4971.309551,63116,24808,csn,2.896452e+02,2.385030e+01,-1.374201e+02,-1.507764e+01,1.681690e+02,28,N2,-999.000000,-999.000000,-999.000000,OU
2025-11-15T01:23:47,1763169827.777196,816441395.299196,4973.309551,63116,24808,csn,2.905819e+02,2.385257e+01,-1.373938e+02,-1.519685e+01,1.680581e+02,28,N2,-999.000000,-999.000000,-999.000000,OU
2025-11-15T01:23:49,1763169829.777192,816441397.299192,4975.309551,63116,24808,csn,2.915229e+02,2.385480e+01,-1.373675e+02,-1.531598e+01,1.679469e+02,28,N2,-999.000000,-999.000000,-999.000000,OU
2025-11-15T01:23:51,1763169831.777188,816441399.299188,4977.309551,63116,24808,csn,2.924684e+02,2.385726e+01,-1.373411e+02,-1.543505e+01,1.678361e+02,28,N2,-999.000000,-999.000000,-999.000000,OU
2025-11-15T01:23:53,1763169833.777184,816441401.299184,4979.309551,63116,24808,csn,2.934182e+02,2.385946e+01,-1.373147e+02,-1.555405e+01,1.677245e+02,28,N2,-999.000000,-999.000000,-999.000000,OU
2025-11-15T01:23:55,1763169835.777180,816441403.299180,4981.309551,63116,24808,csn,2.943724e+02,2.386191e+01,-1.372884e+02,-1.567298e+01,1.676134e+02,28,N2,-999.000000,-999.000000,-999.000000,OU
2025-11-15T01:23:57,1763169837.777176,816441405.299176,4983.309551,63116,24808,csn,2.953309e+02,2.386410e+01,-1.372620e+02,-1.579185e+01,1.675014e+02,28,N2,-999.000000,-999.000000,-999.000000,OU
2025-11-15T01:23:59,1763169839.777172,816441407.299172,4985.309551,63116,24808,csn,2.962938e+02,2.386633e+01,-1.372355e+02,-1.591064e+01,1.673894e+02,28,N2,-999.000000,-999.000000,-999.000000,OU
2025-11-15T01:24:01,1763169841.777167,816441409.299167,4987.309551,63116,24808,csn,2.972611e+02,2.386877e+01,-1.372091e+02,-1.602936e+01,1.672777e+02,28,N2,-999.000000,-999.000000,-999.000000,OU
2025-11-15T01:24:03,1763169843.777163,816441411.299163,4989.309551,63116,24808,csn,2.982328e+02,2.387096e+01,-1.371826e+02,-1.614801e+01,1.671653e+02,28,N2,-999.000000,-999.000000,-999.000000,OU
2025-11-15T01:24:05,1763169845.777158,816441413.299158,4991.309551,63116,24808,csn,2.992087e+02,2.387343e+01,-1.371561e+02,-1.626659e+01,1.670534e+02,28,N2,-999.000000,-999.000000,-999.000000,OU
2025-11-15T01:24:07,1763169847.777155,816441415.299155,4993.309551,63116,24808,csn,3.001890e+02,2.387565e+01,-1.371296e+02,-1.638510e+01,1.669408e+02,28,N2,-999.000000,-999.000000,-999.000000,OU
2025-11-15T01:24:09,1763169849.777151,816441417.299151,4995.309551,63116,24808,csn,3.011736e+02,2.387794e+01,-1.371030e+02,-1.650354e+01,1.668282e+02,28,N2,-999.000000,-999.000000,-999.000000,OU
2025-11-15T01:24:11,1763169851.777146,816441419.299146,4997.309551,63116,24808,csn,3.021626e+02,2.388030e+01,-1.370765e+02,-1.662191e+01,1.667157e+02,28,N2,-999.000000,-999.000000,-999.000000,OU
2025-11-15T01:24:13,1763169853.777142,816441421.299142,4999.309551,63116,24808,csn,3.031558e+02,2.388254e+01,-1.370499e+02,-1.674020e+01,1.666028e+02,28,N2,-999.000000,-999.000000,-999.000000,OU
2025-11-15T01:24:15,1763169855.777138,816441423.299138,5001.309551,63116,24808,csn,3.041534e+02,2.388478e+01,-1.370232e+02,-1.685842e+01,1.664897e+02,28,N2,-999.000000,-999.000000,-999.000000,OU
2025-11-15T01:24:17,1763169857.777134,816441425.299134,5003.309551,63116,24808,csn,3.051553e+02,2.388717e+01,-1.369966e+02,-1.697658e+01,1.663769e+02,28,N2,-999.000000,-999.000000,-999.000000,OU
2025-11-15T01:24:19,1763169859.777130,816441427.299130,5005.309551,63116,24808,csn,3.061614e+02,2.388951e+01,-1.369699e+02,-1.709465e+01,1.662639e+02,28,N2,-999.000000,-999.000000,-999.000000,OU
2025-11-15T01:24:21,1763169861.777126,816441429.299126,5007.309551,63116,24808,csn,3.071718e+02,2.389189e+01,-1.369432e+02,-1.721266e+01,1.661508e+02,28,N2,-999.000000,-999.000000,-999.000000,OU
2025-11-15T01:24:23,1763169863.777121,816441431.299121,5009.309551,63116,24808,csn,3.081865e+02,2.389425e+01,-1.369165e+02,-1.733059e+01,1.660376e+02,28,N2,-999.000000,-999.000000,-999.000000,OU
2025-11-15T01:24:25,1763169865.777117,816441433.299117,5011.309551,63116,24808,csn,3.092055e+02,2.389655e+01,-1.368898e+02,-1.744845e+01,1.659242e+02,28,N2,-999.000000,-999.000000,-999.000000,OU
2025-11-15T01:24:27,1763169867.777113,816441435.299113,5013.309551,63116,24808,csn,3.102288e+02,2.389875e+01,-1.368630e+02,-1.756624e+01,1.658105e+02,28,N2,-999.000000,-999.000000,-999.000000,OU
2025-11-15T01:24:29,1763169869.777109,816441437.299109,5015.309551,63116,24808,csn,3.112562e+02,2.390111e+01,-1.368362e+02,-1.768395e+01,1.656971e+02,28,N2,-999.000000,-999.000000,-999.000000,OU
2025-11-15T01:24:31,1763169871.777105,816441439.299105,5017.309551,63116,24808,csn,3.122880e+02,2.390336e+01,-1.368094e+02,-1.780159e+01,1.655834e+02,28,N2,-999.000000,-999.000000,-999.000000,OU
2025-11-15T01:24:33,1763169873.777100,816441441.299100,5019.309551,63116,24808,csn,3.133240e+02,2.390588e+01,-1.367826e+02,-1.791915e+01,1.654700e+02,28,N2,-999.000000,-999.000000,-999.000000,OU
2025-11-15T01:24:35,1763169875.777097,816441443.299096,5021.309551,63116,24808,csn,3.143642e+02,2.390807e+01,-1.367557e+02,-1.803664e+01,1.653560e+02,28,N2,-999.000000,-999.000000,-999.000000,OU
2025-11-15T01:24:37,1763169877.777092,816441445.299092,5023.309551,63116,24808,csn,3.154086e+02,2.391058e+01,-1.367288e+02,-1.815405e+01,1.652425e+02,28,N2,-999.000000,-999.000000,-999.000000,OU
2025-11-15T01:24:39,1763169879.777088,816441447.299088,5025.309551,63116,24808,csn,3.164572e+02,2.391275e+01,-1.367019e+02,-1.827139e+01,1.651284e+02,28,N2,-999.000000,-999.000000,-999.000000,OU
2025-11-15T01:24:41,1763169881.777084,816441449.299084,5027.309551,63116,24808,csn,3.175101e+02,2.391506e+01,-1.366749e+02,-1.838865e+01,1.650145e+02,28,N2,-999.000000,-999.000000,-999.000000,OU
2025-11-15T01:24:43,1763169883.777080,816441451.299080,5029.309551,63116,24808,csn,3.185671e+02,2.391740e+01,-1.366479e+02,-1.850584e+01,1.649005e+02,28,N2,-999.000000,-999.000000,-999.000000,OU
2025-11-15T01:24:45,1763169885.777076,816441453.299076,5031.309551,63116,24808,csn,3.196284e+02,2.391996e+01,-1.366209e+02,-1.862295e+01,1.647867e+02,28,N2,-999.000000,-999.000000,-999.000000,OU
2025-11-15T01:24:47,1763169887.777072,816441455.299072,5033.309551,63116,24808,csn,3.206938e+02,2.392219e+01,-1.365939e+02,-1.873998e+01,1.646725e+02,28,N2,-999.000000,-999.000000,-999.000000,OU
2025-11-15T01:24:49,1763169889.777068,816441457.299068,5035.309551,63116,24808,csn,3.217634e+02,2.392455e+01,-1.365668e+02,-1.885694e+01,1.645584e+02,28,N2,-999.000000,-999.000000,-999.000000,OU
2025-11-15T01:24:51,1763169891.777063,816441459.299063,5037.309551,63116,24808,csn,3.228372e+02,2.392673e+01,-1.365397e+02,-1.897382e+01,1.644441e+02,28,N2,-999.000000,-999.000000,-999.000000,OU
2025-11-15T01:24:53,1763169893.777058,816441461.299058,5039.309551,63116,24808,csn,3.239152e+02,2.392928e+01,-1.365126e+02,-1.909063e+01,1.643301e+02,28,N2,-999.000000,-999.000000,-999.000000,OU
2025-11-15T01:24:55,1763169895.777055,816441463.299054,5041.309551,63116,24808,csn,3.249973e+02,2.393166e+01,-1.364855e+02,-1.920736e+01,1.642159e+02,28,N2,-999.000000,-999.000000,-999.000000,OU
2025-11-15T01:24:57,1763169897.777050,816441465.299050,5043.309551,63116,24808,csn,3.260835e+02,2.393393e+01,-1.364583e+02,-1.932401e+01,1.641015e+02,28,N2,-999.000000,-999.000000,-999.000000,OU
2025-11-15T01:24:59,1763169899.777046,816441467.299046,5045.309551,63116,24808,csn,3.271739e+02,2.393617e+01,-1.364311e+02,-1.944058e+01,1.639871e+02,28,N2,-999.000000,-999.000000,-999.000000,OU
2025-11-15T01:25:01,1763169901.777042,816441469.299042,5047.309551,63116,24808,csn,3.282684e+02,2.393860e+01,-1.364038e+02,-1.955707e+01,1.638729e+02,28,N2,-999.000000,-999.000000,-999.000000,OU
2025-11-15T01:25:03,1763169903.777038,816441471.299038,5049.309551,63116,24808,csn,3.293671e+02,2.394108e+01,-1.363766e+02,-1.967349e+01,1.637586e+02,28,N2,-999.000000,-999.000000,-999.000000,OU
2025-11-15T01:25:05,1763169905.777034,816441473.299034,5051.309551,63116,24808,csn,3.304699e+02,2.394328e+01,-1.363493e+02,-1.978983e+01,1.636441e+02,28,N2,-999.000000,-999.000000,-999.000000,OU
2025-11-15T01:25:07,1763169907.777030,816441475.299030,5053.309551,63116,24808,csn,3.315767e+02,2.394577e+01,-1.363220e+02,-1.990608e+01,1.635298e+02,28,N2,-999.000000,-999.000000,-999.000000,OU
2025-11-15T01:25:09,1763169909.777026,816441477.299026,5055.309551,63116,24808,csn,3.326877e+02,2.394798e+01,-1.362946e+02,-2.002226e+01,1.634153e+02,28,N2,-999.000000,-999.000000,-999.000000,OU
2025-11-15T01:25:11,1763169911.777021,816441479.299021,5057.309551,63116,24808,csn,3.338028e+02,2.395049e+01,-1.362672e+02,-2.013837e+01,1.633009e+02,28,N2,-999.000000,-999.000000,-999.000000,OU
2025-11-15T01:25:13,1763169913.777017,816441481.299017,5059.309551,63116,24808,csn,3.349220e+02,2.395274e+01,-1.362398e+02,-2.025439e+01,1.631864e+02,28,N2,-999.000000,-999.000000,-999.000000,OU
2025-11-15T01:25:15,1763169915.777013,816441483.299013,5061.309551,63116,24808,csn,3.360452e+02,2.395505e+01,-1.362123e+02,-2.037033e+01,1.630719e+02,28,N2,-999.000000,-999.000000,-999.000000,OU
2025-11-15T01:25:17,1763169917.777009,816441485.299008,5063.309551,63116,24808,csn,3.371725e+02,2.395761e+01,-1.361848e+02,-2.048619e+01,1.629575e+02,28,N2,-999.000000,-999.000000,-999.000000,OU
2025-11-15T01:25:19,1763169919.777005,816441487.299005,5065.309551,63116,24808,csn,3.383039e+02,2.395986e+01,-1.361573e+02,-2.060197e+01,1.628430e+02,28,N2,-999.000000,-999.000000,-999.000000,OU
2025-11-15T01:25:21,1763169921.777000,816441489.299000,5067.309551,63116,24808,csn,3.394393e+02,2.396221e+01,-1.361298e+02,-2.071767e+01,1.627285e+02,28,N2,-999.000000,-999.000000,-999.000000,OU
2025-11-15T01:25:23,1763169923.776996,816441491.298996,5069.309551,63116,24808,csn,3.405788e+02,2.396475e+01,-1.361022e+02,-2.083329e+01,1.626141e+02,28,N2,-999.000000,-999.000000,-999.000000,OU
2025-11-15T01:25:25,1763169925.776992,816441493.298992,5071.309551,63116,24808,csn,3.417223e+02,2.396710e+01,-1.360746e+02,-2.094883e+01,1.624996e+02,28,N2,-999.000000,-999.000000,-999.000000,OU
2025-11-15T01:25:27,1763169927.776988,816441495.298988,5073.309551,63116,24808,csn,3.428699e+02,2.396948e+01,-1.360469e+02,-2.106429e+01,1.623850e+02,28,N2,-999.000000,-999.000000,-999.000000,OU
2025-11-15T01:25:29,1763169929.776984,816441497.298984,5075.309551,63116,24808,csn,3.440215e+02,2.397187e+01,-1.360193e+02,-2.117967e+01,1.622705e+02,28,N2,-999.000000,-999.000000,-999.000000,OU
2025-11-15T01:25:31,1763169931.776979,816441499.298979,5077.309551,63116,24808,csn,3.451771e+02,2.397425e+01,-1.359916e+02,-2.129496e+01,1.621560e+02,28,N2,-999.000000,-999.000000,-999.000000,OU
2025-11-15T01:25:33,1763169933.776976,816441501.298975,5079.309551,63116,24808,csn,3.463367e+02,2.397664e+01,-1.359638e+02,-2.141018e+01,1.620415e+02,28,N2,-999.000000,-999.000000,-999.000000,OU
2025-11-15T01:25:35,1763169935.776971,816441503.298971,5081.309551,63116,24808,csn,3.475003e+02,2.397915e+01,-1.359360e+02,-2.152531e+01,1.619271e+02,28,N2,-999.000000,-999.000000,-999.000000,OU
2025-11-15T01:25:37,1763169937.776967,816441505.298967,5083.309551,63116,24808,csn,3.486678e+02,2.398143e+01,-1.359082e+02,-2.164036e+01,1.618126e+02,28,N2,-999.000000,-999.000000,-999.000000,OU
2025-11-15T01:25:39,1763169939.776963,816441507.298963,5085.309551,63116,24808,csn,3.498394e+02,2.398377e+01,-1.358804e+02,-2.175533e+01,1.616981e+02,28,N2,-999.000000,-999.000000,-999.000000,OU
2025-11-15T01:25:41,1763169941.776959,816441509.298959,5087.309551,63116,24808,csn,3.510150e+02,2.398614e+01,-1.358525e+02,-2.187021e+01,1.615836e+02,28,N2,-999.000000,-999.000000,-999.000000,OU
2025-11-15T01:25:43,1763169943.776955,816441511.298955,5089.309551,63116,24808,csn,3.521945e+02,2.398916e+01,-1.358246e+02,-2.198501e+01,1.614692e+02,28,N2,-999.000000,-999.000000,-999.000000,OU
2025-11-15T01:25:45,1763169945.776951,816441513.298951,5091.309551,63116,24808,csn,3.533780e+02,2.399219e+01,-1.357966e+02,-2.209973e+01,1.613547e+02,28,N2,-999.000000,-999.000000,-999.000000,OU
2025-11-15T01:25:47,1763169947.776947,816441515.298946,5093.309551,63116,24808,csn,3.545654e+02,2.394944e+01,-1.357686e+02,-2.221436e+01,1.612403e+02,28,N2,-999.000000,-999.000000,-999.000000,OU
2025-11-15T01:25:49,1763169949.776942,816441517.298942,5095.309551,63116,24808,csn,3.557568e+02,2.406707e+01,-1.357406e+02,-2.232892e+01,1.611259e+02,28,N2,-999.000000,-999.000000,-999.000000,OU
2025-11-15T01:25:51,1763169951.776938,816441519.298938,5097.309551,63116,24808,csn,3.569521e+02,2.471314e+01,-1.357125e+02,-2.244338e+01,1.610115e+02,28,N2,-999.000000,-999.000000,-999.000000,OU
2025-11-15T01:25:53,1763169953.776934,816441521.298934,5099.309551,63116,24808,csn,3.581514e+02,9.526279e+00,-1.356844e+02,-2.255777e+01,1.608971e+02,28,N2,-999.000000,-999.000000,-999.000000,OU
2025-11-15T01:25:55,1763169955.776930,816441523.298930,5101.309551,63116,24808,csn,3.593545e+02,9.798727e-02,-1.356563e+02,-2.267207e+01,1.607828e+02,28,N2,-999.000000,-999.000000,-999.000000,OU
2025-11-15T01:25:57,1763169957.776925,816441525.298925,5103.309551,63116,24808,csn,3.605616e+02,-1.320830e-01,-1.356281e+02,-2.278628e+01,1.606684e+02,28,N2,-999.000000,-999.000000,-999.000000,OU
2025-11-15T01:25:59,1763169959.776921,816441527.298921,5105.309551,63116,24808,csn,3.617726e+02,3.904361e-02,-1.355999e+02,-2.290041e+01,1.605541e+02,28,N2,-999.000000,-999.000000,-999.000000,OU
2025-11-15T01:26:01,1763169961.776918,816441529.298918,5107.309551,63116,24808,csn,3.629875e+02,1.216384e-02,-1.355717e+02,-2.301446e+01,1.604399e+02,28,N2,-999.000000,-999.000000,-999.000000,OU
2025-11-15T01:26:03,1763169963.776913,816441531.298913,5109.309551,63116,24808,csn,3.642062e+02,1.200687e-02,-1.355434e+02,-2.312842e+01,1.603256e+02,28,N2,-999.000000,-999.000000,-999.000000,OU
2025-11-15T01:26:05,1763169965.776909,816441533.298909,5111.309551,63116,24808,csn,3.654289e+02,1.523606e-02,-1.355151e+02,-2.324229e+01,1.602114e+02,28,N2,-999.000000,-999.000000,-999.000000,OU
2025-11-15T01:26:07,1763169967.776905,816441535.298905,5113.309551,63116,24808,csn,3.666554e+02,1.769202e-02,-1.354867e+02,-2.335608e+01,1.600971e+02,28,N2,-999.000000,-999.000000,-999.000000,OU
2025-11-15T01:26:09,1763169969.776901,816441537.298901,5115.309551,63116,24808,csn,3.678858e+02,2.010037e-02,-1.354583e+02,-2.346979e+01,1.599829e+02,28,N2,-999.000000,-999.000000,-999.000000,OU
2025-11-15T01:26:11,1763169971.776896,816441539.298897,5117.309551,63116,24808,csn,3.691200e+02,2.256961e-02,-1.354299e+02,-2.358341e+01,1.598688e+02,28,N2,-999.000000,-999.000000,-999.000000,OU
2025-11-15T01:26:13,1763169973.776892,816441541.298892,5119.309551,63116,24808,csn,3.703581e+02,2.486148e-02,-1.354014e+02,-2.369694e+01,1.597547e+02,28,N2,-999.000000,-999.000000,-999.000000,OU
2025-11-15T01:26:15,1763169975.776888,816441543.298888,5121.309551,63116,24808,csn,3.716000e+02,2.737242e-02,-1.353729e+02,-2.381039e+01,1.596406e+02,28,N2,-999.000000,-999.000000,-999.000000,OU
2025-11-15T01:26:17,1763169977.776884,816441545.298884,5123.309551,63116,24808,csn,3.728457e+02,2.970783e-02,-1.353444e+02,-2.392375e+01,1.595266e+02,28,N2,-999.000000,-999.000000,-999.000000,OU
2025-11-15T01:26:19,1763169979.776880,816441547.298880,5125.309551,63116,24808,csn,3.740953e+02,3.223133e-02,-1.353158e+02,-2.403702e+01,1.594125e+02,28,N2,-999.000000,-999.000000,-999.000000,OU
2025-11-15T01:26:21,1763169981.776875,816441549.298875,5127.309551,63116,24808,csn,3.753487e+02,3.470052e-02,-1.352872e+02,-2.415020e+01,1.592985e+02,28,N2,-999.000000,-999.000000,-999.000000,OU
2025-11-15T01:26:23,1763169983.776872,816441551.298872,5129.309551,63116,24808,csn,3.766059e+02,3.710729e-02,-1.352585e+02,-2.426330e+01,1.591846e+02,28,N2,-999.000000,-999.000000,-999.000000,OU
2025-11-15T01:26:25,1763169985.776867,816441553.298867,5131.309551,63116,24808,csn,3.778669e+02,3.961722e-02,-1.352298e+02,-2.437631e+01,1.590707e+02,28,N2,-999.000000,-999.000000,-999.000000,OU
2025-11-15T01:26:27,1763169987.776863,816441555.298863,5133.309551,63116,24808,csn,3.791317e+02,4.213271e-02,-1.352010e+02,-2.448924e+01,1.589567e+02,28,N2,-999.000000,-999.000000,-999.000000,OU
2025-11-15T01:26:29,1763169989.776859,816441557.298859,5135.309551,63116,24808,csn,3.804002e+02,4.455974e-02,-1.351722e+02,-2.460207e+01,1.588429e+02,28,N2,-999.000000,-999.000000,-999.000000,OU
2025-11-15T01:26:31,1763169991.776855,816441559.298855,5137.309551,63116,24808,csn,3.816726e+02,4.706461e-02,-1.351434e+02,-2.471482e+01,1.587291e+02,28,N2,-999.000000,-999.000000,-999.000000,OU
2025-11-15T01:26:33,1763169993.776851,816441561.298851,5139.309551,63116,24808,csn,3.829487e+02,4.955318e-02,-1.351145e+02,-2.482748e+01,1.586153e+02,28,N2,-999.000000,-999.000000,-999.000000,OU
2025-11-15T01:26:35,1763169995.776847,816441563.298847,5141.309551,63116,24808,csn,3.842285e+02,5.199199e-02,-1.350856e+02,-2.494006e+01,1.585016e+02,28,N2,-999.000000,-999.000000,-999.000000,OU
2025-11-15T01:26:37,1763169997.776843,816441565.298843,5143.309551,63116,24808,csn,3.855121e+02,5.446602e-02,-1.350566e+02,-2.505254e+01,1.583879e+02,28,N2,-999.000000,-999.000000,-999.000000,OU
2025-11-15T01:26:39,1763169999.776838,816441567.298838,5145.309551,63116,24808,csn,3.867995e+02,5.701160e-02,-1.350276e+02,-2.516494e+01,1.582743e+02,28,N2,-999.000000,-999.000000,-999.000000,OU
2025-11-15T01:26:41,1763170001.776834,816441569.298834,5147.309551,63116,24808,csn,3.880905e+02,5.928774e-02,-1.349986e+02,-2.527724e+01,1.581608e+02,28,N2,-999.000000,-999.000000,-999.000000,OU
2025-11-15T01:26:43,1763170003.776830,816441571.298830,5149.309551,63116,24808,csn,3.893853e+02,6.185893e-02,-1.349695e+02,-2.538946e+01,1.580472e+02,28,N2,-999.000000,-999.000000,-999.000000,OU
2025-11-15T01:26:45,1763170005.776825,816441573.298825,5151.309551,63116,24808,csn,3.906838e+02,6.438416e-02,-1.349404e+02,-2.550159e+01,1.579336e+02,28,N2,-999.000000,-999.000000,-999.000000,OU
2025-11-15T01:26:47,1763170007.776821,816441575.298821,5153.309551,63116,24808,csn,3.919861e+02,6.687084e-02,-1.349112e+02,-2.561363e+01,1.578202e+02,28,N2,-999.000000,-999.000000,-999.000000,OU
2025-11-15T01:26:49,1763170009.776817,816441577.298817,5155.309551,63116,24808,csn,3.932920e+02,6.930631e-02,-1.348820e+02,-2.572557e+01,1.577068e+02,28,N2,-999.000000,-999.000000,-999.000000,OU
2025-11-15T01:26:51,1763170011.776813,816441579.298813,5157.309551,63116,24808,csn,3.946016e+02,7.183508e-02,-1.348527e+02,-2.583743e+01,1.575934e+02,28,N2,-999.000000,-999.000000,-999.000000,OU
2025-11-15T01:26:53,1763170013.776809,816441581.298809,5159.309551,63116,24808,csn,3.959149e+02,7.432416e-02,-1.348234e+02,-2.594920e+01,1.574801e+02,28,N2,-999.000000,-999.000000,-999.000000,OU
2025-11-15T01:26:55,1763170015.776805,816441583.298805,5161.309551,63116,24808,csn,3.972318e+02,7.675167e-02,-1.347941e+02,-2.606088e+01,1.573669e+02,28,N2,-999.000000,-999.000000,-999.000000,OU
2025-11-15T01:26:57,1763170017.776801,816441585.298801,5163.309551,63116,24808,csn,3.985524e+02,7.922900e-02,-1.347647e+02,-2.617247e+01,1.572537e+02,28,N2,-999.000000,-999.000000,-999.000000,OU
2025-11-15T01:26:59,1763170019.776796,816441587.298796,5165.309551,63116,24808,csn,3.998767e+02,8.173943e-02,-1.347352e+02,-2.628397e+01,1.571405e+02,28,N2,-999.000000,-999.000000,-999.000000,OU
2025-11-15T01:27:01,1763170021.776793,816441589.298793,5167.309551,63116,24808,csn,4.012046e+02,8.415600e-02,-1.347058e+02,-2.639538e+01,1.570275e+02,28,N2,-999.000000,-999.000000,-999.000000,OU
2025-11-15T01:27:03,1763170023.776788,816441591.298788,5169.309551,63116,24808,csn,4.025362e+02,8.687837e-02,-1.346762e+02,-2.650670e+01,1.569142e+02,28,N2,-999.000000,-999.000000,-999.000000,OU
2025-11-15T01:27:05,1763170025.776784,816441593.298784,5171.309551,63116,24808,csn,4.038714e+02,8.918891e-02,-1.346466e+02,-2.661792e+01,1.568014e+02,28,N2,-999.000000,-999.000000,-999.000000,OU
2025-11-15T01:27:07,1763170027.776780,816441595.298780,5173.309551,63116,24808,csn,4.052102e+02,9.192044e-02,-1.346170e+02,-2.672906e+01,1.566882e+02,28,N2,-999.000000,-999.000000,-999.000000,OU
2025-11-15T01:27:09,1763170029.776775,816441597.298775,5175.309551,63116,24808,csn,4.065527e+02,9.433317e-02,-1.345873e+02,-2.684010e+01,1.565754e+02,28,N2,-999.000000,-999.000000,-999.000000,OU
2025-11-15T01:27:11,1763170031.776772,816441599.298772,5177.309551,63116,24808,csn,4.078987e+02,9.687484e-02,-1.345576e+02,-2.695105e+01,1.564625e+02,28,N2,-999.000000,-999.000000,-999.000000,OU
2025-11-15T01:27:13,1763170033.776767,816441601.298767,5179.309551,63116,24808,csn,4.092483e+02,9.931703e-02,-1.345279e+02,-2.706191e+01,1.563498e+02,28,N2,-999.000000,-999.000000,-999.000000,OU
2025-11-15T01:27:15,1763170035.776763,816441603.298763,5181.309551,63116,24808,csn,4.106015e+02,1.017879e-01,-1.344981e+02,-2.717268e+01,1.562371e+02,28,N2,-999.000000,-999.000000,-999.000000,OU
2025-11-15T01:27:17,1763170037.776759,816441605.298759,5183.309551,63116,24808,csn,4.119584e+02,1.043666e-01,-1.344682e+02,-2.728336e+01,1.561244e+02,28,N2,-999.000000,-999.000000,-999.000000,OU
2025-11-15T01:27:19,1763170039.776755,816441607.298755,5185.309551,63116,24808,csn,4.133187e+02,1.070502e-01,-1.344383e+02,-2.739394e+01,1.560116e+02,28,N2,-999.000000,-999.000000,-999.000000,OU
2025-11-15T01:27:21,1763170041.776750,816441609.298750,5187.309551,63116,24808,csn,4.146827e+02,1.094653e-01,-1.344083e+02,-2.750443e+01,1.558992e+02,28,N2,-999.000000,-999.000000,-999.000000,OU
2025-11-15T01:27:23,1763170043.776747,816441611.298747,5189.309551,63116,24808,csn,4.160502e+02,1.120946e-01,-1.343783e+02,-2.761483e+01,1.557866e+02,28,N2,-999.000000,-999.000000,-999.000000,OU
2025-11-15T01:27:25,1763170045.776743,816441613.298743,5191.309551,63116,24808,csn,4.174212e+02,1.145359e-01,-1.343483e+02,-2.772514e+01,1.556742e+02,28,N2,-999.000000,-999.000000,-999.000000,OU
2025-11-15T01:27:27,1763170047.776738,816441615.298738,5193.309551,63116,24808,csn,4.187958e+02,1.171647e-01,-1.343182e+02,-2.783535e+01,1.555617e+02,28,N2,-999.000000,-999.000000,-999.000000,OU
2025-11-15T01:27:29,1763170049.776735,816441617.298735,5195.309551,63116,24808,csn,4.201739e+02,1.196932e-01,-1.342880e+02,-2.794547e+01,1.554494e+02,28,N2,-999.000000,-999.000000,-999.000000,OU
2025-11-15T01:27:31,1763170051.776730,816441619.298730,5197.309551,63116,24808,csn,4.215555e+02,1.221547e-01,-1.342578e+02,-2.805550e+01,1.553372e+02,28,N2,-999.000000,-999.000000,-999.000000,OU
2025-11-15T01:27:33,1763170053.776726,816441621.298726,5199.309551,63116,24808,csn,4.229406e+02,1.248822e-01,-1.342276e+02,-2.816543e+01,1.552248e+02,28,N2,-999.000000,-999.000000,-999.000000,OU
2025-11-15T01:27:35,1763170055.776721,816441623.298722,5201.309551,63116,24808,csn,4.243293e+02,1.273831e-01,-1.341973e+02,-2.827527e+01,1.551127e+02,28,N2,-999.000000,-999.000000,-999.000000,OU
2025-11-15T01:27:37,1763170057.776717,816441625.298717,5203.309551,63116,24808,csn,4.257214e+02,1.298905e-01,-1.341669e+02,-2.838502e+01,1.550007e+02,28,N2,-999.000000,-999.000000,-999.000000,OU
2025-11-15T01:27:39,1763170059.776713,816441627.298713,5205.309551,63116,24808,csn,4.271170e+02,1.326210e-01,-1.341365e+02,-2.849467e+01,1.548885e+02,28,N2,-999.000000,-999.000000,-999.000000,OU
2025-11-15T01:27:41,1763170061.776709,816441629.298709,5207.309551,63116,24808,csn,4.285161e+02,1.351042e-01,-1.341060e+02,-2.860423e+01,1.547766e+02,28,N2,-999.000000,-999.000000,-999.000000,OU
2025-11-15T01:27:43,1763170063.776705,816441631.298705,5209.309551,63116,24808,csn,4.299187e+02,1.375932e-01,-1.340755e+02,-2.871370e+01,1.546648e+02,28,N2,-999.000000,-999.000000,-999.000000,OU
2025-11-15T01:27:45,1763170065.776701,816441633.298701,5211.309551,63116,24808,csn,4.313247e+02,1.402745e-01,-1.340450e+02,-2.882307e+01,1.545528e+02,28,N2,-999.000000,-999.000000,-999.000000,OU
2025-11-15T01:27:47,1763170067.776695,816441635.298697,5213.309551,63116,24808,csn,4.327343e+02,1.430865e-01,-1.340144e+02,-2.893235e+01,1.544407e+02,28,N2,-999.000000,-999.000000,-999.000000,OU
2025-11-15T01:27:49,1763170069.776698,816441637.298694,5215.309551,63116,24808,csn,4.341471e+02,1.443478e-01,-1.339837e+02,-2.904152e+01,1.543305e+02,28,N2,-999.000000,-999.000000,-999.000000,OU
2025-11-15T01:27:51,1763170071.776691,816441639.298689,5217.309551,63116,24808,csn,4.355635e+02,1.475852e-01,-1.339530e+02,-2.915061e+01,1.542181e+02,28,N2,-999.000000,-999.000000,-999.000000,OU
2025-11-15T01:27:53,1763170073.776684,816441641.298684,5219.309551,63116,24808,csn,4.369833e+02,1.507238e-01,-1.339222e+02,-2.925961e+01,1.541059e+02,28,N2,-999.000000,-999.000000,-999.000000,OU
2025-11-15T01:27:55,1763170075.776680,816441643.298680,5221.309551,63116,24808,csn,4.384065e+02,1.531404e-01,-1.338914e+02,-2.936850e+01,1.539946e+02,28,N2,-999.000000,-999.000000,-999.000000,OU
2025-11-15T01:27:57,1763170077.776676,816441645.298676,5223.309551,63116,24808,csn,4.398331e+02,1.558644e-01,-1.338605e+02,-2.947730e+01,1.538830e+02,28,N2,-999.000000,-999.000000,-999.000000,OU
2025-11-15T01:27:59,1763170079.776672,816441647.298672,5225.309551,63116,24808,csn,4.412632e+02,1.583471e-01,-1.338296e+02,-2.958601e+01,1.537717e+02,28,N2,-999.000000,-999.000000,-999.000000,OU
2025-11-15T01:28:01,1763170081.776668,816441649.298668,5227.309551,63116,24808,csn,4.426966e+02,1.608724e-01,-1.337986e+02,-2.969462e+01,1.536605e+02,28,N2,-999.000000,-999.000000,-999.000000,OU
2025-11-15T01:28:03,1763170083.776663,816441651.298663,5229.309551,63116,24808,csn,4.441334e+02,1.636004e-01,-1.337675e+02,-2.980313e+01,1.535490e+02,28,N2,-999.000000,-999.000000,-999.000000,OU
2025-11-15T01:28:05,1763170085.776659,816441653.298659,5231.309551,63116,24808,csn,4.455735e+02,1.662705e-01,-1.337364e+02,-2.991155e+01,1.534378e+02,28,N2,-999.000000,-999.000000,-999.000000,OU
2025-11-15T01:28:07,1763170087.776655,816441655.298655,5233.309551,63116,24808,csn,4.470171e+02,1.688281e-01,-1.337053e+02,-3.001988e+01,1.533267e+02,28,N2,-999.000000,-999.000000,-999.000000,OU
2025-11-15T01:28:09,1763170089.776651,816441657.298651,5235.309551,63116,24808,csn,4.484640e+02,1.714099e-01,-1.336741e+02,-3.012810e+01,1.532157e+02,28,N2,-999.000000,-999.000000,-999.000000,OU
2025-11-15T01:28:11,1763170091.776647,816441659.298647,5237.309551,63116,24808,csn,4.499142e+02,1.740494e-01,-1.336428e+02,-3.023624e+01,1.531047e+02,28,N2,-999.000000,-999.000000,-999.000000,OU
2025-11-15T01:28:13,1763170093.776642,816441661.298642,5239.309551,63116,24808,csn,4.513678e+02,1.766199e-01,-1.336115e+02,-3.034427e+01,1.529938e+02,28,N2,-999.000000,-999.000000,-999.000000,OU
2025-11-15T01:28:15,1763170095.776638,816441663.298638,5241.309551,63116,24808,csn,4.528247e+02,1.792959e-01,-1.335801e+02,-3.045221e+01,1.528829e+02,28,N2,-999.000000,-999.000000,-999.000000,OU
2025-11-15T01:28:17,1763170097.776634,816441665.298634,5243.309551,63116,24808,csn,4.542849e+02,1.820088e-01,-1.335487e+02,-3.056005e+01,1.527720e+02,28,N2,-999.000000,-999.000000,-999.000000,OU
2025-11-15T01:28:19,1763170099.776630,816441667.298630,5245.309551,63116,24808,csn,4.557485e+02,1.845897e-01,-1.335172e+02,-3.066779e+01,1.526614e+02,28,N2,-999.000000,-999.000000,-999.000000,OU
2025-11-15T01:28:21,1763170101.776626,816441669.298626,5247.309551,63116,24808,csn,4.572154e+02,1.872686e-01,-1.334857e+02,-3.077544e+01,1.525507e+02,28,N2,-999.000000,-999.000000,-999.000000,OU
2025-11-15T01:28:23,1763170103.776622,816441671.298622,5249.309551,63116,24808,csn,4.586855e+02,1.899850e-01,-1.334540e+02,-3.088299e+01,1.524400e+02,28,N2,-999.000000,-999.000000,-999.000000,OU
2025-11-15T01:28:25,1763170105.776618,816441673.298618,5251.309551,63116,24808,csn,4.601590e+02,1.926072e-01,-1.334224e+02,-3.099045e+01,1.523295e+02,28,N2,-999.000000,-999.000000,-999.000000,OU
2025-11-15T01:28:27,1763170107.776613,816441675.298613,5253.309551,63116,24808,csn,4.616357e+02,1.952646e-01,-1.333907e+02,-3.109780e+01,1.522191e+02,28,N2,-999.000000,-999.000000,-999.000000,OU
2025-11-15T01:28:29,1763170109.776610,816441677.298610,5255.309551,63116,24808,csn,4.631157e+02,1.979826e-01,-1.333589e+02,-3.120506e+01,1.521087e+02,28,N2,-999.000000,-999.000000,-999.000000,OU
2025-11-15T01:28:31,1763170111.776605,816441679.298605,5257.309551,63116,24808,csn,4.645990e+02,2.005981e-01,-1.333270e+02,-3.131222e+01,1.519984e+02,28,N2,-999.000000,-999.000000,-999.000000,OU
2025-11-15T01:28:33,1763170113.776601,816441681.298601,5259.309551,63116,24808,csn,4.660855e+02,2.032523e-01,-1.332951e+02,-3.141928e+01,1.518882e+02,28,N2,-999.000000,-999.000000,-999.000000,OU
2025-11-15T01:28:35,1763170115.776596,816441683.298596,5261.309551,63116,24808,csn,4.675753e+02,2.059716e-01,-1.332632e+02,-3.152625e+01,1.517780e+02,28,N2,-999.000000,-999.000000,-999.000000,OU
2025-11-15T01:28:37,1763170117.776592,816441685.298592,5263.309551,63116,24808,csn,4.690683e+02,2.086380e-01,-1.332311e+02,-3.163312e+01,1.516679e+02,28,N2,-999.000000,-999.000000,-999.000000,OU
2025-11-15T01:28:39,1763170119.776588,816441687.298588,5265.309551,63116,24808,csn,4.705645e+02,2.112702e-01,-1.331991e+02,-3.173989e+01,1.515580e+02,28,N2,-999.000000,-999.000000,-999.000000,OU
2025-11-15T01:28:41,1763170121.776584,816441689.298584,5267.309551,63116,24808,csn,4.720640e+02,2.139663e-01,-1.331669e+02,-3.184656e+01,1.514480e+02,28,N2,-999.000000,-999.000000,-999.000000,OU
2025-11-15T01:28:43,1763170123.776580,816441691.298580,5269.309551,63116,24808,csn,4.735666e+02,2.166204e-01,-1.331347e+02,-3.195313e+01,1.513382e+02,28,N2,-999.000000,-999.000000,-999.000000,OU
2025-11-15T01:28:45,1763170125.776575,816441693.298575,5271.309551,63116,24808,csn,4.750725e+02,2.192503e-01,-1.331025e+02,-3.205960e+01,1.512285e+02,28,N2,-999.000000,-999.000000,-999.000000,OU
2025-11-15T01:28:47,1763170127.776572,816441695.298571,5273.309551,63116,24808,csn,4.765816e+02,2.219495e-01,-1.330701e+02,-3.216598e+01,1.511188e+02,28,N2,-999.000000,-999.000000,-999.000000,OU
2025-11-15T01:28:49,1763170129.776568,816441697.298568,5275.309551,63116,24808,csn,4.780938e+02,2.246463e-01,-1.330377e+02,-3.227226e+01,1.510092e+02,28,N2,-999.000000,-999.000000,-999.000000,OU
2025-11-15T01:28:51,1763170131.776563,816441699.298563,5277.309551,63116,24808,csn,4.796092e+02,2.272575e-01,-1.330053e+02,-3.237843e+01,1.508998e+02,28,N2,-999.000000,-999.000000,-999.000000,OU
2025-11-15T01:28:53,1763170133.776559,816441701.298559,5279.309551,63116,24808,csn,4.811278e+02,2.301112e-01,-1.329728e+02,-3.248451e+01,1.507901e+02,28,N2,-999.000000,-999.000000,-999.000000,OU
2025-11-15T01:28:55,1763170135.776555,816441703.298555,5281.309551,63116,24808,csn,4.826496e+02,2.329104e-01,-1.329402e+02,-3.259049e+01,1.506805e+02,28,N2,-999.000000,-999.000000,-999.000000,OU
2025-11-15T01:28:57,1763170137.776551,816441705.298551,5283.309551,63116,24808,csn,4.841745e+02,2.355412e-01,-1.329075e+02,-3.269637e+01,1.505713e+02,28,N2,-999.000000,-999.000000,-999.000000,OU
2025-11-15T01:28:59,1763170139.776547,816441707.298547,5285.309551,63116,24808,csn,4.857025e+02,2.382046e-01,-1.328748e+02,-3.280215e+01,1.504621e+02,28,N2,-999.000000,-999.000000,-999.000000,OU
2025-11-15T01:29:01,1763170141.776543,816441709.298543,5287.309551,63116,24808,csn,4.872337e+02,2.409246e-01,-1.328421e+02,-3.290784e+01,1.503530e+02,28,N2,-999.000000,-999.000000,-999.000000,OU
2025-11-15T01:29:03,1763170143.776538,816441711.298538,5289.309551,63116,24808,csn,4.887681e+02,2.435369e-01,-1.328092e+02,-3.301342e+01,1.502440e+02,28,N2,-999.000000,-999.000000,-999.000000,OU
2025-11-15T01:29:05,1763170145.776534,816441713.298534,5291.309551,63116,24808,csn,4.903055e+02,2.464316e-01,-1.327763e+02,-3.311890e+01,1.501347e+02,28,N2,-999.000000,-999.000000,-999.000000,OU
2025-11-15T01:29:07,1763170147.776530,816441715.298530,5293.309551,63116,24808,csn,4.918460e+02,2.491734e-01,-1.327434e+02,-3.322428e+01,1.500258e+02,28,N2,-999.000000,-999.000000,-999.000000,OU
2025-11-15T01:29:09,1763170149.776526,816441717.298526,5295.309551,63116,24808,csn,4.933897e+02,2.517943e-01,-1.327103e+02,-3.332956e+01,1.499171e+02,28,N2,-999.000000,-999.000000,-999.000000,OU
2025-11-15T01:29:11,1763170151.776522,816441719.298522,5297.309551,63116,24808,csn,4.949364e+02,2.547495e-01,-1.326772e+02,-3.343475e+01,1.498080e+02,28,N2,-999.000000,-999.000000,-999.000000,OU
2025-11-15T01:29:13,1763170153.776517,816441721.298517,5299.309551,63116,24808,csn,4.964862e+02,2.574596e-01,-1.326441e+02,-3.353983e+01,1.496993e+02,28,N2,-999.000000,-999.000000,-999.000000,OU
2025-11-15T01:29:15,1763170155.776513,816441723.298513,5301.309551,63116,24808,csn,4.980391e+02,2.601062e-01,-1.326108e+02,-3.364481e+01,1.495908e+02,28,N2,-999.000000,-999.000000,-999.000000,OU
2025-11-15T01:29:17,1763170157.776510,816441725.298510,5303.309551,63116,24808,csn,4.995950e+02,2.630203e-01,-1.325775e+02,-3.374969e+01,1.494820e+02,28,N2,-999.000000,-999.000000,-999.000000,OU
2025-11-15T01:29:19,1763170159.776505,816441727.298505,5305.309551,63116,24808,csn,5.011541e+02,2.657104e-01,-1.325442e+02,-3.385447e+01,1.493736e+02,28,N2,-999.000000,-999.000000,-999.000000,OU
2025-11-15T01:29:21,1763170161.776501,816441729.298501,5307.309551,63116,24808,csn,5.027161e+02,2.683665e-01,-1.325107e+02,-3.395915e+01,1.492654e+02,28,N2,-999.000000,-999.000000,-999.000000,OU
2025-11-15T01:29:23,1763170163.776497,816441731.298497,5309.309551,63116,24808,csn,5.042812e+02,2.713372e-01,-1.324772e+02,-3.406373e+01,1.491567e+02,28,N2,-999.000000,-999.000000,-999.000000,OU
2025-11-15T01:29:25,1763170165.776492,816441733.298492,5311.309551,63116,24808,csn,5.058493e+02,2.739956e-01,-1.324436e+02,-3.416821e+01,1.490487e+02,28,N2,-999.000000,-999.000000,-999.000000,OU
2025-11-15T01:29:27,1763170167.776488,816441735.298488,5313.309551,63116,24808,csn,5.074205e+02,2.766820e-01,-1.324100e+02,-3.427259e+01,1.489407e+02,28,N2,-999.000000,-999.000000,-999.000000,OU
2025-11-15T01:29:29,1763170169.776484,816441737.298484,5315.309551,63116,24808,csn,5.089947e+02,2.795771e-01,-1.323763e+02,-3.437686e+01,1.488324e+02,28,N2,-999.000000,-999.000000,-999.000000,OU
2025-11-15T01:29:31,1763170171.776480,816441739.298480,5317.309551,63116,24808,csn,5.105718e+02,2.824221e-01,-1.323425e+02,-3.448104e+01,1.487243e+02,28,N2,-999.000000,-999.000000,-999.000000,OU
2025-11-15T01:29:33,1763170173.776476,816441741.298476,5319.309551,63116,24808,csn,5.121520e+02,2.852252e-01,-1.323087e+02,-3.458511e+01,1.486163e+02,28,N2,-999.000000,-999.000000,-999.000000,OU
2025-11-15T01:29:35,1763170175.776472,816441743.298472,5321.309551,63116,24808,csn,5.137352e+02,2.879692e-01,-1.322747e+02,-3.468908e+01,1.485086e+02,28,N2,-999.000000,-999.000000,-999.000000,OU
2025-11-15T01:29:37,1763170177.776467,816441745.298468,5323.309551,63116,24808,csn,5.153213e+02,2.908075e-01,-1.322408e+02,-3.479296e+01,1.484007e+02,28,N2,-999.000000,-999.000000,-999.000000,OU
2025-11-15T01:29:39,1763170179.776464,816441747.298464,5325.309551,63116,24808,csn,5.169104e+02,2.935529e-01,-1.322067e+02,-3.489672e+01,1.482931e+02,28,N2,-999.000000,-999.000000,-999.000000,OU
2025-11-15T01:29:41,1763170181.776459,816441749.298460,5327.309551,63116,24808,csn,5.185025e+02,2.964073e-01,-1.321726e+02,-3.500039e+01,1.481854e+02,28,N2,-999.000000,-999.000000,-999.000000,OU
2025-11-15T01:29:43,1763170183.776455,816441751.298455,5329.309551,63116,24808,csn,5.200975e+02,2.993224e-01,-1.321383e+02,-3.510396e+01,1.480777e+02,28,N2,-999.000000,-999.000000,-999.000000,OU
2025-11-15T01:29:45,1763170185.776451,816441753.298451,5331.309551,63116,24808,csn,5.216955e+02,3.020381e-01,-1.321041e+02,-3.520742e+01,1.479705e+02,28,N2,-999.000000,-999.000000,-999.000000,OU
2025-11-15T01:29:47,1763170187.776447,816441755.298447,5333.309551,63116,24808,csn,5.232964e+02,3.049115e-01,-1.320697e+02,-3.531078e+01,1.478630e+02,28,N2,-999.000000,-999.000000,-999.000000,OU
2025-11-15T01:29:49,1763170189.776443,816441757.298443,5335.309551,63116,24808,csn,5.249002e+02,3.076412e-01,-1.320353e+02,-3.541404e+01,1.477559e+02,28,N2,-999.000000,-999.000000,-999.000000,OU
2025-11-15T01:29:51,1763170191.776439,816441759.298439,5337.309551,63116,24808,csn,5.265070e+02,3.106160e-01,-1.320008e+02,-3.551720e+01,1.476484e+02,28,N2,-999.000000,-999.000000,-999.000000,OU
2025-11-15T01:29:53,1763170193.776434,816441761.298434,5339.309551,63116,24808,csn,5.281166e+02,3.134601e-01,-1.319662e+02,-3.562025e+01,1.475413e+02,28,N2,-999.000000,-999.000000,-999.000000,OU
2025-11-15T01:29:55,1763170195.776430,816441763.298429,5341.309551,63116,24808,csn,5.297292e+02,3.161494e-01,-1.319316e+02,-3.572321e+01,1.474345e+02,28,N2,-999.000000,-999.000000,-999.000000,OU
2025-11-15T01:06:22,1763168782.777373,816440350.301373,3928.309551,63116,24808,csn,4.556398e+02,2.243913e+01,-1.543605e+02,4.753348e+01,1.250259e+02,4,He,0.000000,0.000000,0.000000,IV
2025-11-15T01:06:24,1763168784.777367,816440352.301367,3930.309551,63116,24808,csn,4.541850e+02,2.244304e+01,-1.543047e+02,4.742949e+01,1.251360e+02,4,He,0.000000,0.000000,0.000000,IV
2025-11-15T01:06:26,1763168786.777363,816440354.301363,3932.309551,63116,24808,csn,4.527335e+02,2.244742e+01,-1.542492e+02,4.732538e+01,1.252487e+02,4,He,2.435754,448.532997,0.640742,IV
2025-11-15T01:06:28,1763168788.777359,816440356.301359,3934.309551,63116,24808,csn,4.512852e+02,2.245183e+01,-1.541938e+02,4.722116e+01,1.253616e+02,4,He,27.892572,5136.289316,0.189346,IV
2025-11-15T01:06:30,1763168790.777355,816440358.301355,3936.309551,63116,24808,csn,4.498403e+02,2.245597e+01,-1.541386e+02,4.711682e+01,1.254734e+02,4,He,20.673860,3806.996638,0.219932,IV
2025-11-15T01:06:32,1763168792.777351,816440360.301351,3938.309551,63116,24808,csn,4.483986e+02,2.246022e+01,-1.540836e+02,4.701237e+01,1.255859e+02,4,He,14.572039,2681.257045,0.261963,IV
2025-11-15T01:06:34,1763168794.777347,816440362.301347,3940.309551,63116,24808,csn,4.469602e+02,2.246445e+01,-1.540288e+02,4.690779e+01,1.256984e+02,4,He,90.995164,16743.122202,0.104831,IV
2025-11-15T01:06:36,1763168796.777343,816440364.301343,3942.309551,63116,24808,csn,4.455252e+02,2.246858e+01,-1.539743e+02,4.680311e+01,1.258106e+02,4,He,111.195882,20455.687143,0.094832,IV
2025-11-15T01:06:38,1763168798.777339,816440366.301339,3944.309551,63116,24808,csn,4.440934e+02,2.247279e+01,-1.539199e+02,4.669831e+01,1.259233e+02,4,He,90.892562,16717.105913,0.104890,IV
2025-11-15T01:06:40,1763168800.777334,816440368.301334,3946.309551,63116,24808,csn,4.426650e+02,2.247673e+01,-1.538657e+02,4.659339e+01,1.260348e+02,4,He,14.469438,2661.242322,0.262890,IV
2025-11-15T01:06:42,1763168802.777330,816440370.301330,3948.309551,63116,24808,csn,4.412399e+02,2.248086e+01,-1.538117e+02,4.648836e+01,1.261474e+02,4,He,0.000000,0.000000,0.000000,IV
2025-11-15T01:06:44,1763168804.777326,816440372.301326,3950.309551,63116,24808,csn,4.398181e+02,2.248507e+01,-1.537579e+02,4.638322e+01,1.262606e+02,4,He,0.000000,0.000000,0.000000,IV
2025-11-15T01:06:46,1763168806.777322,816440374.301322,3952.309551,63116,24808,csn,4.383997e+02,2.248932e+01,-1.537043e+02,4.627796e+01,1.263741e+02,4,He,0.000000,0.000000,0.000000,IV
2025-11-15T01:06:48,1763168808.777318,816440376.301318,3954.309551,63116,24808,csn,4.369846e+02,2.249336e+01,-1.536508e+02,4.617258e+01,1.264867e+02,4,He,0.000000,0.000000,0.000000,IV
2025-11-15T01:06:50,1763168810.777314,816440378.301314,3956.309551,63116,24808,csn,4.355729e+02,2.249730e+01,-1.535976e+02,4.606710e+01,1.265989e+02,4,He,10.963177,2012.364980,0.302017,IV
2025-11-15T01:06:52,1763168812.777309,816440380.301309,3958.309551,63116,24808,csn,4.341646e+02,2.250158e+01,-1.535446e+02,4.596150e+01,1.267130e+02,4,He,36.419992,6685.134640,0.165703,IV
2025-11-15T01:06:54,1763168814.777305,816440382.301305,3960.309551,63116,24808,csn,4.327597e+02,2.250560e+01,-1.534917e+02,4.585578e+01,1.268260e+02,4,He,37.039747,6797.273282,0.164311,IV
2025-11-15T01:06:56,1763168816.777301,816440384.301301,3962.309551,63116,24808,csn,4.313581e+02,2.250965e+01,-1.534390e+02,4.574996e+01,1.269392e+02,4,He,63.575428,11662.530697,0.125417,IV
2025-11-15T01:06:58,1763168818.777297,816440386.301297,3964.309551,63116,24808,csn,4.299600e+02,2.251360e+01,-1.533865e+02,4.564402e+01,1.270521e+02,4,He,107.884152,19787.514060,0.096277,IV
2025-11-15T01:07:00,1763168820.777293,816440388.301293,3966.309551,63116,24808,csn,4.285653e+02,2.251760e+01,-1.533342e+02,4.553797e+01,1.271654e+02,4,He,57.437908,10532.962410,0.131947,IV
2025-11-15T01:07:02,1763168822.777288,816440390.301288,3968.309551,63116,24808,csn,4.271739e+02,2.252158e+01,-1.532821e+02,4.543181e+01,1.272787e+02,4,He,37.039747,6789.786339,0.164311,IV
2025-11-15T01:07:04,1763168824.777285,816440392.301285,3970.309551,63116,24808,csn,4.257860e+02,2.252578e+01,-1.532302e+02,4.532553e+01,1.273933e+02,4,He,40.493067,7420.621836,0.157148,IV
2025-11-15T01:07:06,1763168826.777281,816440394.301281,3972.309551,63116,24808,csn,4.244015e+02,2.252954e+01,-1.531784e+02,4.521915e+01,1.275058e+02,4,He,65.952030,12082.651012,0.123136,IV
2025-11-15T01:07:08,1763168828.777276,816440396.301276,3974.309551,63116,24808,csn,4.230205e+02,2.253363e+01,-1.531268e+02,4.511265e+01,1.276201e+02,4,He,39.307828,7200.973128,0.159500,IV
2025-11-15T01:07:10,1763168830.777272,816440398.301272,3976.309551,63116,24808,csn,4.216429e+02,2.253762e+01,-1.530754e+02,4.500604e+01,1.277341e+02,4,He,0.000000,0.000000,0.000000,IV
2025-11-15T01:07:12,1763168832.777268,816440400.301268,3978.309551,63116,24808,csn,4.202688e+02,2.254154e+01,-1.530242e+02,4.489933e+01,1.278478e+02,4,He,0.000000,0.000000,0.000000,IV
2025-11-15T01:07:14,1763168834.777263,816440402.301264,3980.309551,63116,24808,csn,4.188982e+02,2.254562e+01,-1.529732e+02,4.479250e+01,1.279625e+02,4,He,58.129980,10636.710135,0.131160,IV
2025-11-15T01:07:16,1763168836.777259,816440404.301259,3982.309551,63116,24808,csn,4.175310e+02,2.254944e+01,-1.529223e+02,4.468556e+01,1.280760e+02,4,He,95.619033,17496.030887,0.102265,IV
2025-11-15T01:07:18,1763168838.777255,816440406.301255,3984.309551,63116,24808,csn,4.161673e+02,2.255328e+01,-1.528716e+02,4.457851e+01,1.281897e+02,4,He,44.652725,8168.563979,0.149650,IV
2025-11-15T01:07:20,1763168840.777251,816440408.301251,3986.309551,63116,24808,csn,4.148071e+02,2.255736e+01,-1.528211e+02,4.447135e+01,1.283049e+02,4,He,15.385480,2814.305254,0.254944,IV
2025-11-15T01:07:22,1763168842.777247,816440410.301247,3988.309551,63116,24808,csn,4.134504e+02,2.256118e+01,-1.527707e+02,4.436408e+01,1.284188e+02,4,He,9.968569,1822.083332,0.316726,IV
2025-11-15T01:07:24,1763168844.777243,816440412.301243,3990.309551,63116,24808,csn,4.120972e+02,2.256496e+01,-1.527205e+02,4.425671e+01,1.285327e+02,4,He,35.165619,6427.671767,0.168632,IV
2025-11-15T01:07:26,1763168846.777239,816440414.301239,3992.309551,63116,24808,csn,4.107475e+02,2.256905e+01,-1.526705e+02,4.414922e+01,1.286483e+02,4,He,37.039747,6768.511098,0.164311,IV
2025-11-15T01:07:28,1763168848.777235,816440416.301235,3994.309551,63116,24808,csn,4.094013e+02,2.257283e+01,-1.526207e+02,4.404163e+01,1.287624e+02,4,He,61.025430,11147.336342,0.128010,IV
2025-11-15T01:07:30,1763168850.777231,816440418.301230,3996.309551,63116,24808,csn,4.080587e+02,2.257668e+01,-1.525710e+02,4.393392e+01,1.288771e+02,4,He,111.593072,20380.946926,0.094663,IV
2025-11-15T01:07:32,1763168852.777226,816440420.301226,3998.309551,63116,24808,csn,4.067196e+02,2.258049e+01,-1.525215e+02,4.382611e+01,1.289916e+02,4,He,137.029078,25019.918319,0.085427,IV
2025-11-15T01:07:34,1763168854.777222,816440422.301222,4000.309551,63116,24808,csn,4.053841e+02,2.258429e+01,-1.524722e+02,4.371819e+01,1.291063e+02,4,He,91.684541,16739.078856,0.104436,IV
2025-11-15T01:07:36,1763168856.777218,816440424.301218,4002.309551,63116,24808,csn,4.040521e+02,2.258807e+01,-1.524230e+02,4.361017e+01,1.292210e+02,4,He,4.613441,841.620936,0.465573,IV
2025-11-15T01:07:38,1763168858.777214,816440426.301214,4004.309551,63116,24808,csn,4.027237e+02,2.259189e+01,-1.523740e+02,4.350204e+01,1.293361e+02,4,He,55.529224,10130.086174,0.134196,IV
2025-11-15T01:07:40,1763168860.777210,816440428.301210,4006.309551,63116,24808,csn,4.013988e+02,2.259568e+01,-1.523251e+02,4.339379e+01,1.294511e+02,4,He,57.900734,10561.768812,0.131419,IV
2025-11-15T01:07:42,1763168862.777205,816440430.301205,4008.309551,63116,24808,csn,4.000776e+02,2.259953e+01,-1.522764e+02,4.328545e+01,1.295665e+02,4,He,32.442169,5916.461355,0.175568,IV
2025-11-15T01:07:44,1763168864.777201,816440432.301201,4010.309551,63116,24808,csn,3.987599e+02,2.260335e+01,-1.522279e+02,4.317699e+01,1.296820e+02,4,He,6.985347,1273.914066,0.378361,IV
2025-11-15T01:07:46,1763168866.777197,816440434.301197,4012.309551,63116,24808,csn,3.974458e+02,2.260713e+01,-1.521795e+02,4.306843e+01,1.297974e+02,4,He,36.567501,6663.731690,0.165368,IV
2025-11-15T01:07:48,1763168868.777193,816440436.301193,4014.309551,63116,24808,csn,3.961354e+02,2.261095e+01,-1.521313e+02,4.295977e+01,1.299131e+02,4,He,67.575384,12313.869458,0.121648,IV
2025-11-15T01:07:50,1763168870.777188,816440438.301188,4016.309551,63116,24808,csn,3.948286e+02,2.261450e+01,-1.520833e+02,4.285100e+01,1.300276e+02,4,He,42.116424,7672.661360,0.154090,IV
2025-11-15T01:07:52,1763168872.777184,816440440.301184,4018.309551,63116,24808,csn,3.935253e+02,2.261826e+01,-1.520354e+02,4.274212e+01,1.301433e+02,4,He,57.422035,10457.156300,0.131966,IV
2025-11-15T01:07:54,1763168874.777180,816440442.301180,4020.309551,63116,24808,csn,3.922258e+02,2.262213e+01,-1.519877e+02,4.263314e+01,1.302596e+02,4,He,65.284229,11887.092540,0.123764,IV
2025-11-15T01:07:56,1763168876.777176,816440444.301176,4022.309551,63116,24808,csn,3.909298e+02,2.262565e+01,-1.519401e+02,4.252405e+01,1.303743e+02,4,He,39.825270,7249.760064,0.158460,IV
2025-11-15T01:07:58,1763168878.777172,816440446.301172,4024.309551,63116,24808,csn,3.896375e+02,2.262943e+01,-1.518927e+02,4.241486e+01,1.304905e+02,4,He,81.966560,14915.705254,0.110454,IV
2025-11-15T01:08:00,1763168880.777168,816440448.301168,4026.309551,63116,24808,csn,3.883489e+02,2.263324e+01,-1.518454e+02,4.230556e+01,1.306070e+02,4,He,89.833634,16345.534534,0.105507,IV
2025-11-15T01:08:02,1763168882.777164,816440450.301164,4028.309551,63116,24808,csn,3.870640e+02,2.263673e+01,-1.517983e+02,4.219616e+01,1.307220e+02,4,He,39.041869,7101.917529,0.160042,IV
2025-11-15T01:08:04,1763168884.777160,816440452.301160,4030.309551,63116,24808,csn,3.857827e+02,2.264058e+01,-1.517514e+02,4.208666e+01,1.308389e+02,4,He,85.997058,15637.840006,0.107835,IV
2025-11-15T01:08:06,1763168886.777156,816440454.301156,4032.309551,63116,24808,csn,3.845050e+02,2.264412e+01,-1.517046e+02,4.197705e+01,1.309544e+02,4,He,85.428391,15532.683922,0.108193,IV
2025-11-15T01:08:08,1763168888.777151,816440456.301151,4034.309551,63116,24808,csn,3.832311e+02,2.264788e+01,-1.516579e+02,4.186734e+01,1.310711e+02,4,He,37.039747,6732.371239,0.164311,IV
2025-11-15T01:08:10,1763168890.777147,816440458.301147,4036.309551,63116,24808,csn,3.819609e+02,2.265145e+01,-1.516114e+02,4.175753e+01,1.311870e+02,4,He,37.039747,6730.927552,0.164311,IV
2025-11-15T01:08:12,1763168892.777143,816440460.301142,4038.309551,63116,24808,csn,3.806944e+02,2.265495e+01,-1.515650e+02,4.164761e+01,1.313027e+02,4,He,22.132937,4021.678516,0.212559,IV
2025-11-15T01:08:14,1763168894.777139,816440462.301139,4040.309551,63116,24808,csn,3.794316e+02,2.265870e+01,-1.515188e+02,4.153759e+01,1.314198e+02,4,He,0.000000,0.000000,0.000000,IV
2025-11-15T01:08:16,1763168896.777134,816440464.301135,4042.309551,63116,24808,csn,3.781725e+02,2.266233e+01,-1.514728e+02,4.142747e+01,1.315363e+02,4,He,0.000000,0.000000,0.000000,IV
2025-11-15T01:08:18,1763168898.777130,816440466.301130,4044.309551,63116,24808,csn,3.769172e+02,2.266584e+01,-1.514269e+02,4.131725e+01,1.316524e+02,4,He,0.000000,0.000000,0.000000,IV
2025-11-15T01:08:20,1763168900.777126,816440468.301126,4046.309551,63116,24808,csn,3.756656e+02,2.266957e+01,-1.513811e+02,4.120692e+01,1.317698e+02,4,He,27.796114,5043.400565,0.189674,IV
2025-11-15T01:08:22,1763168902.777122,816440470.301122,4048.309551,63116,24808,csn,3.744178e+02,2.267318e+01,-1.513355e+02,4.109649e+01,1.318867e+02,4,He,153.819234,27909.369394,0.080630,IV
2025-11-15T01:08:24,1763168904.777118,816440472.301118,4050.309551,63116,24808,csn,3.731737e+02,2.267664e+01,-1.512900e+02,4.098597e+01,1.320029e+02,4,He,127.906631,23205.528643,0.088421,IV
2025-11-15T01:08:26,1763168906.777114,816440474.301114,4052.309551,63116,24808,csn,3.719334e+02,2.268024e+01,-1.512447e+02,4.087534e+01,1.321199e+02,4,He,74.082613,13436.498221,0.116183,IV
2025-11-15T01:08:28,1763168908.777110,816440476.301110,4054.309551,63116,24808,csn,3.706968e+02,2.268381e+01,-1.511995e+02,4.076461e+01,1.322369e+02,4,He,74.082613,13433.104326,0.116183,IV
2025-11-15T01:08:30,1763168910.777106,816440478.301105,4056.309551,63116,24808,csn,3.694640e+02,2.268723e+01,-1.511544e+02,4.065378e+01,1.323533e+02,4,He,31.285128,5672.578844,0.178785,IV
2025-11-15T01:08:32,1763168912.777102,816440480.301102,4058.309551,63116,24808,csn,3.682351e+02,2.269086e+01,-1.511095e+02,4.054285e+01,1.324710e+02,4,He,68.021752,12324.780359,0.121248,IV
2025-11-15T01:08:34,1763168914.777097,816440482.301097,4060.309551,63116,24808,csn,3.670099e+02,2.269433e+01,-1.510647e+02,4.043182e+01,1.325879e+02,4,He,244.448812,44291.389701,0.063960,IV
2025-11-15T01:08:36,1763168916.777093,816440484.301093,4062.309551,63116,24808,csn,3.657885e+02,2.269787e+01,-1.510201e+02,4.032069e+01,1.327053e+02,4,He,189.412565,34313.311491,0.072660,IV
2025-11-15T01:08:38,1763168918.777089,816440486.301089,4064.309551,63116,24808,csn,3.645709e+02,2.270151e+01,-1.509756e+02,4.020946e+01,1.328232e+02,4,He,136.490911,24719.736755,0.085595,IV
2025-11-15T01:08:40,1763168920.777085,816440488.301084,4066.309551,63116,24808,csn,3.633572e+02,2.270493e+01,-1.509312e+02,4.009813e+01,1.329403e+02,4,He,111.195882,20134.041508,0.094832,IV
2025-11-15T01:08:42,1763168922.777080,816440490.301080,4068.309551,63116,24808,csn,3.621473e+02,2.270837e+01,-1.508870e+02,3.998671e+01,1.330575e+02,4,He,111.195882,20129.065430,0.094832,IV
2025-11-15T01:08:44,1763168924.777076,816440492.301076,4070.309551,63116,24808,csn,3.609412e+02,2.271177e+01,-1.508429e+02,3.987518e+01,1.331747e+02,4,He,111.195882,20124.102583,0.094832,IV
2025-11-15T01:08:46,1763168926.777072,816440494.301072,4072.309551,63116,24808,csn,3.597390e+02,2.271549e+01,-1.507990e+02,3.976356e+01,1.332936e+02,4,He,111.195882,20119.225116,0.094832,IV
2025-11-15T01:08:48,1763168928.777068,816440496.301068,4074.309551,63116,24808,csn,3.585406e+02,2.271889e+01,-1.507552e+02,3.965184e+01,1.334110e+02,4,He,111.195882,20115.199110,0.094832,IV
2025-11-15T01:08:50,1763168930.777064,816440498.301064,4076.309551,63116,24808,csn,3.573461e+02,2.272233e+01,-1.507115e+02,3.954002e+01,1.335287e+02,4,He,143.035020,25867.810602,0.083614,IV
2025-11-15T01:08:52,1763168932.777060,816440500.301060,4078.309551,63116,24808,csn,3.561555e+02,2.272577e+01,-1.506679e+02,3.942810e+01,1.336465e+02,4,He,176.574497,31927.666612,0.075255,IV
2025-11-15T01:08:54,1763168934.777056,816440502.301056,4080.309551,63116,24808,csn,3.549687e+02,2.272921e+01,-1.506245e+02,3.931609e+01,1.337645e+02,4,He,125.675313,22719.799341,0.089202,IV
2025-11-15T01:08:56,1763168936.777052,816440504.301052,4082.309551,63116,24808,csn,3.537858e+02,2.273264e+01,-1.505812e+02,3.920398e+01,1.338825e+02,4,He,75.100210,13574.391831,0.115393,IV
2025-11-15T01:08:58,1763168938.777047,816440506.301047,4084.309551,63116,24808,csn,3.526069e+02,2.273602e+01,-1.505381e+02,3.909177e+01,1.340004e+02,4,He,43.290533,7821.878738,0.151986,IV
2025-11-15T01:09:00,1763168940.777043,816440508.301043,4086.309551,63116,24808,csn,3.514318e+02,2.273947e+01,-1.504951e+02,3.897947e+01,1.341188e+02,4,He,68.749500,12419.136239,0.120605,IV
2025-11-15T01:09:02,1763168942.777038,816440510.301039,4088.309551,63116,24808,csn,3.502606e+02,2.274289e+01,-1.504522e+02,3.886707e+01,1.342371e+02,4,He,94.177650,17008.941747,0.103045,IV
2025-11-15T01:09:04,1763168944.777034,816440512.301034,4090.309551,63116,24808,csn,3.490934e+02,2.274616e+01,-1.504094e+02,3.875458e+01,1.343547e+02,4,He,128.018971,23115.794080,0.088382,IV
2025-11-15T01:09:06,1763168946.777030,816440514.301030,4092.309551,63116,24808,csn,3.479301e+02,2.274948e+01,-1.503668e+02,3.864199e+01,1.344728e+02,4,He,178.918149,32299.502986,0.074761,IV
2025-11-15T01:09:08,1763168948.777026,816440516.301026,4094.309551,63116,24808,csn,3.467707e+02,2.275290e+01,-1.503243e+02,3.852930e+01,1.345915e+02,4,He,185.254347,33436.869060,0.073471,IV
2025-11-15T01:09:10,1763168950.777022,816440518.301022,4096.309551,63116,24808,csn,3.456152e+02,2.275630e+01,-1.502819e+02,3.841652e+01,1.347102e+02,4,He,185.254347,33429.678636,0.073471,IV
2025-11-15T01:09:12,1763168952.777018,816440520.301018,4098.309551,63116,24808,csn,3.444637e+02,2.275974e+01,-1.502396e+02,3.830365e+01,1.348292e+02,4,He,185.254347,33421.791594,0.073471,IV
2025-11-15T01:09:14,1763168954.777014,816440522.301014,4100.309551,63116,24808,csn,3.433162e+02,2.276281e+01,-1.501975e+02,3.819068e+01,1.349464e+02,4,He,87.920960,15860.180747,0.106648,IV
2025-11-15T01:09:16,1763168956.777009,816440524.301009,4102.309551,63116,24808,csn,3.421726e+02,2.276673e+01,-1.501555e+02,3.807762e+01,1.350682e+02,4,He,60.615538,10928.796997,0.128442,IV
2025-11-15T01:09:18,1763168958.777006,816440526.301009,4104.309551,63116,24808,csn,3.410331e+02,2.276841e+01,-1.501136e+02,3.796447e+01,1.351783e+02,4,He,107.719605,19417.830349,0.096350,IV
2025-11-15T01:09:20,1763168960.777001,816440528.301002,4106.309551,63116,24808,csn,3.398975e+02,2.277261e+01,-1.500718e+02,3.785121e+01,1.353017e+02,4,He,141.399727,25487.207206,0.084096,IV
2025-11-15T01:09:22,1763168962.776997,816440530.300996,4108.309551,63116,24808,csn,3.387658e+02,2.277654e+01,-1.500302e+02,3.773787e+01,1.354240e+02,4,He,92.961700,16754.846044,0.103717,IV
2025-11-15T01:09:24,1763168964.776993,816440532.300993,4110.309551,63116,24808,csn,3.376382e+02,2.277966e+01,-1.499886e+02,3.762443e+01,1.355420e+02,4,He,44.523611,8022.473953,0.149867,IV
2025-11-15T01:09:26,1763168966.776989,816440534.300989,4112.309551,63116,24808,csn,3.365146e+02,2.278302e+01,-1.499472e+02,3.751090e+01,1.356614e+02,4,He,37.039747,6671.992056,0.164311,IV
2025-11-15T01:09:28,1763168968.776985,816440536.300985,4114.309551,63116,24808,csn,3.353950e+02,2.278626e+01,-1.499059e+02,3.739728e+01,1.357803e+02,4,He,37.039747,6670.556307,0.164311,IV
2025-11-15T01:09:30,1763168970.776981,816440538.300981,4116.309551,63116,24808,csn,3.342794e+02,2.278939e+01,-1.498648e+02,3.728357e+01,1.358987e+02,4,He,37.039747,6669.275592,0.164311,IV
2025-11-15T01:09:32,1763168972.776977,816440540.300977,4118.309551,63116,24808,csn,3.331678e+02,2.279289e+01,-1.498237e+02,3.716977e+01,1.360192e+02,4,He,84.973068,15295.552066,0.108482,IV
2025-11-15T01:09:34,1763168974.776973,816440542.300973,4120.309551,63116,24808,csn,3.320603e+02,2.279607e+01,-1.497828e+02,3.705587e+01,1.361381e+02,4,He,111.195882,20012.557022,0.094832,IV
2025-11-15T01:09:36,1763168976.776968,816440544.300968,4122.309551,63116,24808,csn,3.309569e+02,2.279936e+01,-1.497420e+02,3.694188e+01,1.362577e+02,4,He,111.195882,20008.031695,0.094832,IV
2025-11-15T01:09:38,1763168978.776963,816440546.300963,4124.309551,63116,24808,csn,3.298574e+02,2.280256e+01,-1.497013e+02,3.682780e+01,1.363769e+02,4,He,111.195882,20004.095925,0.094832,IV
2025-11-15T01:09:40,1763168980.776959,816440548.300959,4126.309551,63116,24808,csn,3.287621e+02,2.280574e+01,-1.496607e+02,3.671363e+01,1.364962e+02,4,He,96.899500,17429.000398,0.101587,IV
2025-11-15T01:09:42,1763168982.776955,816440550.300955,4128.309551,63116,24808,csn,3.276708e+02,2.280909e+01,-1.496203e+02,3.659938e+01,1.366164e+02,4,He,68.712129,12356.184339,0.120638,IV
2025-11-15T01:09:44,1763168984.776951,816440552.300951,4130.309551,63116,24808,csn,3.265836e+02,2.281232e+01,-1.495799e+02,3.648503e+01,1.367361e+02,4,He,17.796349,3200.235202,0.237047,IV
2025-11-15T01:09:46,1763168986.776947,816440554.300947,4132.309551,63116,24808,csn,3.255005e+02,2.281548e+01,-1.495397e+02,3.637059e+01,1.368555e+02,4,He,32.781482,5891.317618,0.174657,IV
2025-11-15T01:09:48,1763168988.776943,816440556.300943,4134.309551,63116,24808,csn,3.244214e+02,2.281876e+01,-1.494995e+02,3.625606e+01,1.369757e+02,4,He,69.487990,12487.755475,0.119962,IV
2025-11-15T01:09:50,1763168990.776939,816440558.300939,4136.309551,63116,24808,csn,3.233465e+02,2.282202e+01,-1.494595e+02,3.614144e+01,1.370960e+02,4,He,44.029028,7910.934125,0.150706,IV
2025-11-15T01:09:52,1763168992.776935,816440560.300935,4138.309551,63116,24808,csn,3.222756e+02,2.282515e+01,-1.494196e+02,3.602674e+01,1.372156e+02,4,He,74.014220,13294.592070,0.116236,IV
2025-11-15T01:09:54,1763168994.776931,816440562.300931,4140.309551,63116,24808,csn,3.212089e+02,2.282834e+01,-1.493798e+02,3.591194e+01,1.373356e+02,4,He,111.195882,19970.759973,0.094832,IV
2025-11-15T01:09:56,1763168996.776926,816440564.300926,4142.309551,63116,24808,csn,3.201463e+02,2.283152e+01,-1.493402e+02,3.579706e+01,1.374557e+02,4,He,111.195882,19966.399980,0.094832,IV
2025-11-15T01:09:58,1763168998.776922,816440566.300922,4144.309551,63116,24808,csn,3.190879e+02,2.283464e+01,-1.493006e+02,3.568209e+01,1.375756e+02,4,He,90.607834,16266.587035,0.105055,IV
2025-11-15T01:10:00,1763169000.776918,816440568.300918,4146.309551,63116,24808,csn,3.180335e+02,2.283791e+01,-1.492611e+02,3.556703e+01,1.376964e+02,4,He,91.681498,16454.673650,0.104438,IV
2025-11-15T01:10:02,1763169002.776914,816440570.300914,4148.309551,63116,24808,csn,3.169833e+02,2.284092e+01,-1.492218e+02,3.545188e+01,1.378159e+02,4,He,142.624845,25593.608894,0.083734,IV
2025-11-15T01:10:04,1763169004.776910,816440572.300910,4150.309551,63116,24808,csn,3.159373e+02,2.284428e+01,-1.491825e+02,3.533665e+01,1.379374e+02,4,He,125.555679,22526.533323,0.089245,IV
2025-11-15T01:10:06,1763169006.776905,816440574.300905,4152.309551,63116,24808,csn,3.148954e+02,2.284732e+01,-1.491434e+02,3.522133e+01,1.380573e+02,4,He,133.284200,23907.282079,0.086619,IV
2025-11-15T01:10:08,1763169008.776901,816440576.300902,4154.309551,63116,24808,csn,3.138577e+02,2.285037e+01,-1.491044e+02,3.510592e+01,1.381773e+02,4,He,184.009088,33001.165334,0.073719,IV
2025-11-15T01:10:10,1763169010.776897,816440578.300897,4156.309551,63116,24808,csn,3.128242e+02,2.285369e+01,-1.490655e+02,3.499043e+01,1.382989e+02,4,He,185.254347,33217.532667,0.073471,IV
2025-11-15T01:10:12,1763169012.776893,816440580.300893,4158.309551,63116,24808,csn,3.117948e+02,2.285669e+01,-1.490266e+02,3.487485e+01,1.384189e+02,4,He,185.254347,33210.500458,0.073471,IV
2025-11-15T01:10:14,1763169014.776889,816440582.300889,4160.309551,63116,24808,csn,3.107697e+02,2.285972e+01,-1.489879e+02,3.475919e+01,1.385391e+02,4,He,182.677902,32741.887681,0.073987,IV
2025-11-15T01:10:16,1763169016.776885,816440584.300885,4162.309551,63116,24808,csn,3.097487e+02,2.286298e+01,-1.489493e+02,3.464344e+01,1.386606e+02,4,He,131.603208,23584.212414,0.087170,IV
2025-11-15T01:10:18,1763169018.776881,816440586.300880,4164.309551,63116,24808,csn,3.087319e+02,2.286617e+01,-1.489108e+02,3.452760e+01,1.387819e+02,4,He,65.308272,11702.586835,0.123742,IV
2025-11-15T01:10:20,1763169020.776877,816440588.300877,4166.309551,63116,24808,csn,3.077194e+02,2.286920e+01,-1.488724e+02,3.441168e+01,1.389025e+02,4,He,11.001461,1970.234471,0.301491,IV
2025-11-15T01:10:22,1763169022.776873,816440590.300873,4168.309551,63116,24808,csn,3.067110e+02,2.287222e+01,-1.488341e+02,3.429568e+01,1.390230e+02,4,He,86.644759,15517.074404,0.107431,IV
2025-11-15T01:10:24,1763169024.776868,816440592.300868,4170.309551,63116,24808,csn,3.057069e+02,2.287528e+01,-1.487959e+02,3.417959e+01,1.391439e+02,4,He,145.574989,26066.177799,0.082881,IV
2025-11-15T01:10:26,1763169026.776865,816440594.300864,4172.309551,63116,24808,csn,3.047071e+02,2.287828e+01,-1.487578e+02,3.406342e+01,1.392646e+02,4,He,168.411851,30150.969616,0.077057,IV
2025-11-15T01:10:28,1763169028.776860,816440596.300859,4174.309551,63116,24808,csn,3.037114e+02,2.288161e+01,-1.487198e+02,3.394717e+01,1.393872e+02,4,He,92.005351,16468.835456,0.104254,IV
2025-11-15T01:10:30,1763169030.776855,816440598.300856,4176.309551,63116,24808,csn,3.027200e+02,2.288471e+01,-1.486819e+02,3.383083e+01,1.395086e+02,4,He,132.566421,23722.060291,0.086853,IV
2025-11-15T01:10:32,1763169032.776851,816440600.300851,4178.309551,63116,24808,csn,3.017329e+02,2.288777e+01,-1.486441e+02,3.371441e+01,1.396299e+02,4,He,193.069874,34543.787187,0.071969,IV
2025-11-15T01:10:34,1763169034.776847,816440602.300847,4180.309551,63116,24808,csn,3.007500e+02,2.289076e+01,-1.486065e+02,3.359791e+01,1.397509e+02,4,He,218.246624,39040.652703,0.067690,IV
2025-11-15T01:10:36,1763169036.776843,816440604.300843,4182.309551,63116,24808,csn,2.997715e+02,2.289384e+01,-1.485689e+02,3.348132e+01,1.398725e+02,4,He,243.684394,43581.997711,0.064060,IV
2025-11-15T01:10:38,1763169038.776839,816440606.300839,4184.309551,63116,24808,csn,2.987971e+02,2.289689e+01,-1.485314e+02,3.336465e+01,1.399940e+02,4,He,239.721383,42866.465380,0.064587,IV
2025-11-15T01:10:40,1763169040.776835,816440608.300835,4186.309551,63116,24808,csn,2.978271e+02,2.289992e+01,-1.484940e+02,3.324790e+01,1.401155e+02,4,He,188.797759,33755.010256,0.072778,IV
2025-11-15T01:10:42,1763169042.776831,816440610.300831,4188.309551,63116,24808,csn,2.968614e+02,2.290301e+01,-1.484566e+02,3.313107e+01,1.402375e+02,4,He,66.791462,11941.423559,0.122360,IV
2025-11-15T01:10:44,1763169044.776827,816440612.300827,4190.309551,63116,24808,csn,2.958999e+02,2.290584e+01,-1.484194e+02,3.301416e+01,1.403581e+02,4,He,59.913196,10706.051641,0.129193,IV
2025-11-15T01:10:46,1763169046.776823,816440614.300822,4192.309551,63116,24808,csn,2.949428e+02,2.290876e+01,-1.483823e+02,3.289717e+01,1.404793e+02,4,He,185.116561,33078.952793,0.073498,IV
2025-11-15T01:10:48,1763169048.776818,816440616.300818,4194.309551,63116,24808,csn,2.939899e+02,2.291183e+01,-1.483453e+02,3.278010e+01,1.406014e+02,4,He,159.653380,28523.672222,0.079143,IV
2025-11-15T01:10:50,1763169050.776814,816440618.300814,4196.309551,63116,24808,csn,2.930415e+02,2.291490e+01,-1.483084e+02,3.266295e+01,1.407236e+02,4,He,176.220845,31476.132986,0.075331,IV
2025-11-15T01:10:52,1763169052.776810,816440620.300810,4198.309551,63116,24808,csn,2.920973e+02,2.291793e+01,-1.482716e+02,3.254571e+01,1.408457e+02,4,He,217.408170,38826.746571,0.067821,IV
2025-11-15T01:10:54,1763169054.776806,816440622.300806,4200.309551,63116,24808,csn,2.911574e+02,2.292101e+01,-1.482348e+02,3.242840e+01,1.409681e+02,4,He,166.508681,29732.298087,0.077496,IV
2025-11-15T01:10:56,1763169056.776801,816440624.300801,4202.309551,63116,24808,csn,2.902219e+02,2.292379e+01,-1.481982e+02,3.231101e+01,1.410890e+02,4,He,180.468858,32217.694077,0.074439,IV
2025-11-15T01:10:58,1763169058.776797,816440626.300797,4204.309551,63116,24808,csn,2.892908e+02,2.292678e+01,-1.481616e+02,3.219354e+01,1.412112e+02,4,He,209.256775,37351.558150,0.069129,IV
2025-11-15T01:11:00,1763169060.776793,816440628.300793,4206.309551,63116,24808,csn,2.883640e+02,2.292982e+01,-1.481252e+02,3.207600e+01,1.413337e+02,4,He,132.921286,23722.708213,0.086737,IV
2025-11-15T01:11:02,1763169062.776789,816440630.300789,4208.309551,63116,24808,csn,2.874415e+02,2.293289e+01,-1.480888e+02,3.195837e+01,1.414565e+02,4,He,129.392696,23087.669922,0.087911,IV
2025-11-15T01:11:04,1763169064.776784,816440632.300784,4210.309551,63116,24808,csn,2.865235e+02,2.293563e+01,-1.480525e+02,3.184067e+01,1.415775e+02,4,He,187.969678,33532.327774,0.072938,IV
2025-11-15T01:11:06,1763169066.776780,816440634.300780,4212.309551,63116,24808,csn,2.856098e+02,2.293871e+01,-1.480163e+02,3.172288e+01,1.417005e+02,4,He,340.678706,60764.600244,0.054179,IV
2025-11-15T01:11:08,1763169068.776777,816440636.300776,4214.309551,63116,24808,csn,2.847005e+02,2.294177e+01,-1.479802e+02,3.160503e+01,1.418235e+02,4,He,329.944854,58842.366625,0.055053,IV
2025-11-15T01:11:10,1763169070.776772,816440638.300772,4216.309551,63116,24808,csn,2.837956e+02,2.294460e+01,-1.479442e+02,3.148709e+01,1.419453e+02,4,He,237.439129,42339.428067,0.064897,IV
2025-11-15T01:11:12,1763169072.776768,816440640.300768,4218.309551,63116,24808,csn,2.828950e+02,2.294753e+01,-1.479083e+02,3.136908e+01,1.420678e+02,4,He,59.245569,10562.957921,0.129919,IV
2025-11-15T01:11:14,1763169074.776764,816440642.300764,4220.309551,63116,24808,csn,2.819989e+02,2.295053e+01,-1.478725e+02,3.125099e+01,1.421906e+02,4,He,282.995435,50438.629359,0.059444,IV
2025-11-15T01:11:16,1763169076.776760,816440644.300760,4222.309551,63116,24808,csn,2.811072e+02,2.295336e+01,-1.478367e+02,3.113283e+01,1.423127e+02,4,He,390.331056,69564.748730,0.050615,IV
2025-11-15T01:11:18,1763169078.776756,816440646.300756,4224.309551,63116,24808,csn,2.802199e+02,2.295640e+01,-1.478011e+02,3.101459e+01,1.424361e+02,4,He,263.116761,46882.983317,0.061649,IV
2025-11-15T01:11:20,1763169080.776752,816440648.300752,4226.309551,63116,24808,csn,2.793371e+02,2.295920e+01,-1.477655e+02,3.089627e+01,1.425581e+02,4,He,234.868417,41842.222273,0.065251,IV
2025-11-15T01:11:22,1763169082.776747,816440650.300747,4228.309551,63116,24808,csn,2.784586e+02,2.296202e+01,-1.477300e+02,3.077789e+01,1.426804e+02,4,He,235.017454,41860.958767,0.065230,IV
2025-11-15T01:11:24,1763169084.776743,816440652.300743,4230.309551,63116,24808,csn,2.775846e+02,2.296502e+01,-1.476946e+02,3.065942e+01,1.428038e+02,4,He,254.728513,45365.307535,0.062656,IV
2025-11-15T01:11:26,1763169086.776739,816440654.300739,4232.309551,63116,24808,csn,2.767151e+02,2.296789e+01,-1.476593e+02,3.054088e+01,1.429265e+02,4,He,152.905710,27227.783407,0.080870,IV
2025-11-15T01:11:28,1763169088.776734,816440656.300734,4234.309551,63116,24808,csn,2.758500e+02,2.297087e+01,-1.476241e+02,3.042227e+01,1.430499e+02,4,He,171.308858,30496.154427,0.076403,IV
2025-11-15T01:11:30,1763169090.776731,816440658.300731,4236.309551,63116,24808,csn,2.749893e+02,2.297356e+01,-1.475889e+02,3.030359e+01,1.431718e+02,4,He,267.788170,47665.035033,0.061109,IV
2025-11-15T01:11:32,1763169092.776726,816440660.300726,4238.309551,63116,24808,csn,2.741331e+02,2.297668e+01,-1.475538e+02,3.018483e+01,1.432961e+02,4,He,330.136162,58752.244773,0.055037,IV
2025-11-15T01:11:34,1763169094.776722,816440662.300722,4240.309551,63116,24808,csn,2.732814e+02,2.297951e+01,-1.475189e+02,3.006599e+01,1.434189e+02,4,He,392.484192,69839.461121,0.050476,IV
2025-11-15T01:11:36,1763169096.776718,816440664.300718,4242.309551,63116,24808,csn,2.724342e+02,2.298232e+01,-1.474840e+02,2.994709e+01,1.435418e+02,4,He,283.905048,50516.715456,0.059349,IV
2025-11-15T01:11:38,1763169098.776714,816440666.300714,4244.309551,63116,24808,csn,2.715914e+02,2.298529e+01,-1.474492e+02,2.982811e+01,1.436656e+02,4,He,121.455664,21609.818146,0.090738,IV
2025-11-15T01:11:40,1763169100.776710,816440668.300710,4246.309551,63116,24808,csn,2.707532e+02,2.298806e+01,-1.474144e+02,2.970907e+01,1.437883e+02,4,He,85.472136,15200.774378,0.108165,IV
2025-11-15T01:11:42,1763169102.776706,816440670.300705,4248.309551,63116,24808,csn,2.699194e+02,2.299096e+01,-1.473798e+02,2.958994e+01,1.439119e+02,4,He,185.783365,33038.092132,0.073366,IV
2025-11-15T01:11:44,1763169104.776701,816440672.300701,4250.309551,63116,24808,csn,2.690901e+02,2.299378e+01,-1.473452e+02,2.947075e+01,1.440350e+02,4,He,236.882599,42118.780620,0.064973,IV
2025-11-15T01:11:46,1763169106.776697,816440674.300697,4252.309551,63116,24808,csn,2.682654e+02,2.299665e+01,-1.473107e+02,2.935149e+01,1.441586e+02,4,He,230.813334,41034.552932,0.065822,IV
2025-11-15T01:11:48,1763169108.776693,816440676.300693,4254.309551,63116,24808,csn,2.674451e+02,2.299934e+01,-1.472763e+02,2.923216e+01,1.442811e+02,4,He,198.659290,35310.927384,0.070949,IV
2025-11-15T01:11:50,1763169110.776689,816440678.300689,4256.309551,63116,24808,csn,2.666294e+02,2.300224e+01,-1.472420e+02,2.911276e+01,1.444050e+02,4,He,325.905155,57918.042212,0.055393,IV
2025-11-15T01:11:52,1763169112.776685,816440680.300685,4258.309551,63116,24808,csn,2.658182e+02,2.300493e+01,-1.472077e+02,2.899328e+01,1.445278e+02,4,He,321.268252,57087.926700,0.055791,IV
2025-11-15T01:11:54,1763169114.776681,816440682.300681,4260.309551,63116,24808,csn,2.650116e+02,2.300781e+01,-1.471735e+02,2.887374e+01,1.446517e+02,4,He,254.751983,45261.168115,0.062653,IV
2025-11-15T01:11:56,1763169116.776677,816440684.300677,4262.309551,63116,24808,csn,2.642095e+02,2.301070e+01,-1.471394e+02,2.875413e+01,1.447758e+02,4,He,229.264654,40726.225315,0.066044,IV
2025-11-15T01:11:58,1763169118.776672,816440686.300672,4264.309551,63116,24808,csn,2.634119e+02,2.301348e+01,-1.471054e+02,2.863445e+01,1.448993e+02,4,He,314.569340,55868.099632,0.056382,IV
2025-11-15T01:12:00,1763169120.776668,816440688.300668,4266.309551,63116,24808,csn,2.626189e+02,2.301643e+01,-1.470715e+02,2.851470e+01,1.450238e+02,4,He,400.545599,71128.994970,0.049966,IV
2025-11-15T01:12:02,1763169122.776664,816440690.300664,4268.309551,63116,24808,csn,2.618304e+02,2.301904e+01,-1.470376e+02,2.839488e+01,1.451465e+02,4,He,375.097011,66600.002991,0.051633,IV
2025-11-15T01:12:04,1763169124.776659,816440692.300660,4270.309551,63116,24808,csn,2.610466e+02,2.302180e+01,-1.470038e+02,2.827500e+01,1.452701e+02,4,He,308.804526,54821.808380,0.056906,IV
2025-11-15T01:12:06,1763169126.776656,816440694.300656,4272.309551,63116,24808,csn,2.602672e+02,2.302464e+01,-1.469701e+02,2.815504e+01,1.453943e+02,4,He,303.128665,53804.307980,0.057436,IV
2025-11-15T01:12:08,1763169128.776652,816440696.300652,4274.309551,63116,24808,csn,2.594925e+02,2.302756e+01,-1.469364e+02,2.803502e+01,1.455190e+02,4,He,429.907333,76299.590944,0.048229,IV
2025-11-15T01:12:10,1763169130.776647,816440698.300647,4276.309551,63116,24808,csn,2.587224e+02,2.303027e+01,-1.469029e+02,2.791494e+01,1.456425e+02,4,He,376.853615,66874.814700,0.051513,IV
2025-11-15T01:12:12,1763169132.776643,816440700.300643,4278.309551,63116,24808,csn,2.579568e+02,2.303291e+01,-1.468694e+02,2.779478e+01,1.457657e+02,4,He,267.654459,47490.387596,0.061124,IV
2025-11-15T01:12:14,1763169134.776639,816440702.300640,4280.309551,63116,24808,csn,2.571958e+02,2.303588e+01,-1.468360e+02,2.767457e+01,1.458909e+02,4,He,114.964311,20394.438183,0.093265,IV
2025-11-15T01:12:16,1763169136.776635,816440704.300635,4282.309551,63116,24808,csn,2.564395e+02,2.303855e+01,-1.468026e+02,2.755428e+01,1.460145e+02,4,He,283.758240,50329.393844,0.059364,IV
2025-11-15T01:12:18,1763169138.776631,816440706.300631,4284.309551,63116,24808,csn,2.556877e+02,2.304119e+01,-1.467693e+02,2.743393e+01,1.461379e+02,4,He,318.442377,56476.719522,0.056038,IV
2025-11-15T01:12:20,1763169140.776627,816440708.300627,4286.309551,63116,24808,csn,2.549406e+02,2.304416e+01,-1.467361e+02,2.731352e+01,1.462633e+02,4,He,225.079258,39911.315380,0.066655,IV
2025-11-15T01:12:22,1763169142.776622,816440710.300622,4288.309551,63116,24808,csn,2.541981e+02,2.304681e+01,-1.467030e+02,2.719304e+01,1.463869e+02,4,He,275.971019,48928.813867,0.060196,IV
2025-11-15T01:12:24,1763169144.776618,816440712.300618,4290.309551,63116,24808,csn,2.534602e+02,2.304952e+01,-1.466700e+02,2.707249e+01,1.465110e+02,4,He,235.205585,41697.094882,0.065204,IV
2025-11-15T01:12:26,1763169146.776614,816440714.300614,4292.309551,63116,24808,csn,2.527269e+02,2.305213e+01,-1.466370e+02,2.695188e+01,1.466345e+02,4,He,177.488189,31458.104684,0.075061,IV
2025-11-15T01:12:28,1763169148.776610,816440716.300610,4294.309551,63116,24808,csn,2.519983e+02,2.305500e+01,-1.466041e+02,2.683121e+01,1.467596e+02,4,He,379.011734,67166.322544,0.051366,IV
2025-11-15T01:12:30,1763169150.776606,816440718.300606,4296.309551,63116,24808,csn,2.512743e+02,2.305778e+01,-1.465712e+02,2.671048e+01,1.468843e+02,4,He,410.077945,72665.511788,0.049382,IV
2025-11-15T01:12:32,1763169152.776602,816440720.300602,4298.309551,63116,24808,csn,2.505550e+02,2.306042e+01,-1.465384e+02,2.658968e+01,1.470082e+02,4,He,325.532575,57678.430174,0.055425,IV
2025-11-15T01:12:34,1763169154.776597,816440722.300597,4300.309551,63116,24808,csn,2.498403e+02,2.306308e+01,-1.465057e+02,2.646882e+01,1.471323e+02,4,He,121.880190,21592.732575,0.090580,IV
2025-11-15T01:12:36,1763169156.776593,816440724.300594,4302.309551,63116,24808,csn,2.491303e+02,2.306582e+01,-1.464731e+02,2.634790e+01,1.472569e+02,4,He,190.970175,33824.826210,0.072363,IV
2025-11-15T01:12:38,1763169158.776589,816440726.300589,4304.309551,63116,24808,csn,2.484250e+02,2.306876e+01,-1.464405e+02,2.622691e+01,1.473828e+02,4,He,311.950274,55248.305619,0.056618,IV
2025-11-15T01:12:40,1763169160.776585,816440728.300585,4306.309551,63116,24808,csn,2.477243e+02,2.307132e+01,-1.464080e+02,2.610587e+01,1.475065e+02,4,He,362.348480,64165.086654,0.052534,IV
2025-11-15T01:12:42,1763169162.776581,816440730.300581,4308.309551,63116,24808,csn,2.470283e+02,2.307404e+01,-1.463756e+02,2.598476e+01,1.476312e+02,4,He,498.761744,88306.934254,0.044777,IV
2025-11-15T01:12:44,1763169164.776577,816440732.300577,4310.309551,63116,24808,csn,2.463370e+02,2.307671e+01,-1.463432e+02,2.586359e+01,1.477557e+02,4,He,553.416639,97973.576780,0.042508,IV
2025-11-15T01:12:46,1763169166.776572,816440734.300573,4312.309551,63116,24808,csn,2.456504e+02,2.307934e+01,-1.463109e+02,2.574236e+01,1.478800e+02,4,He,451.547287,79928.965505,0.047060,IV
2025-11-15T01:12:48,1763169168.776568,816440736.300568,4314.309551,63116,24808,csn,2.449685e+02,2.308206e+01,-1.462787e+02,2.562108e+01,1.480049e+02,4,He,302.389388,53520.571264,0.057506,IV
2025-11-15T01:12:50,1763169170.776564,816440738.300564,4316.309551,63116,24808,csn,2.442912e+02,2.308470e+01,-1.462465e+02,2.549973e+01,1.481294e+02,4,He,294.100171,52042.554310,0.058311,IV
2025-11-15T01:12:52,1763169172.776560,816440740.300559,4318.309551,63116,24808,csn,2.436187e+02,2.308757e+01,-1.462144e+02,2.537832e+01,1.482554e+02,4,He,444.580248,78662.473417,0.047427,IV
2025-11-15T01:12:54,1763169174.776555,816440742.300555,4320.309551,63116,24808,csn,2.429509e+02,2.309017e+01,-1.461824e+02,2.525685e+01,1.483797e+02,4,He,470.086817,83166.203692,0.046122,IV
2025-11-15T01:12:56,1763169176.776551,816440744.300551,4322.309551,63116,24808,csn,2.422878e+02,2.309273e+01,-1.461504e+02,2.513533e+01,1.485039e+02,4,He,439.517312,77749.397404,0.047699,IV
2025-11-15T01:12:58,1763169178.776547,816440746.300547,4324.309551,63116,24808,csn,2.416295e+02,2.309558e+01,-1.461185e+02,2.501375e+01,1.486299e+02,4,He,365.546337,64654.851097,0.052303,IV
2025-11-15T01:13:00,1763169180.776543,816440748.300543,4326.309551,63116,24808,csn,2.409758e+02,2.309822e+01,-1.460866e+02,2.489211e+01,1.487547e+02,4,He,314.628557,55643.496854,0.056377,IV
2025-11-15T01:13:02,1763169182.776539,816440750.300539,4328.309551,63116,24808,csn,2.403269e+02,2.310074e+01,-1.460549e+02,2.477041e+01,1.488788e+02,4,He,360.832665,63805.402185,0.052644,IV
2025-11-15T01:13:04,1763169184.776535,816440752.300535,4330.309551,63116,24808,csn,2.396828e+02,2.310352e+01,-1.460231e+02,2.464865e+01,1.490046e+02,4,He,448.788526,79349.319632,0.047204,IV
2025-11-15T01:13:06,1763169186.776531,816440754.300531,4332.309551,63116,24808,csn,2.390434e+02,2.310622e+01,-1.459915e+02,2.452684e+01,1.491299e+02,4,He,474.295093,83847.898265,0.045917,IV
2025-11-15T01:13:08,1763169188.776527,816440756.300527,4334.309551,63116,24808,csn,2.384087e+02,2.310869e+01,-1.459599e+02,2.440497e+01,1.492539e+02,4,He,372.695927,65881.215822,0.051799,IV
2025-11-15T01:13:10,1763169190.776523,816440758.300523,4336.309551,63116,24808,csn,2.377788e+02,2.311136e+01,-1.459284e+02,2.428305e+01,1.493792e+02,4,He,324.314911,57319.829014,0.055529,IV
2025-11-15T01:13:12,1763169192.776518,816440760.300518,4338.309551,63116,24808,csn,2.371536e+02,2.311400e+01,-1.458969e+02,2.416107e+01,1.495043e+02,4,He,578.824248,102290.572364,0.041565,IV
2025-11-15T01:13:14,1763169194.776515,816440762.300514,4340.309551,63116,24808,csn,2.365333e+02,2.311671e+01,-1.458655e+02,2.403904e+01,1.496299e+02,4,He,467.806289,82666.256279,0.046235,IV
2025-11-15T01:13:16,1763169196.776510,816440764.300510,4342.309551,63116,24808,csn,2.359176e+02,2.311935e+01,-1.458341e+02,2.391694e+01,1.497551e+02,4,He,358.956187,63423.005306,0.052781,IV
2025-11-15T01:13:18,1763169198.776506,816440766.300506,4344.309551,63116,24808,csn,2.353068e+02,2.312198e+01,-1.458028e+02,2.379480e+01,1.498804e+02,4,He,435.303231,76903.293819,0.047930,IV
2025-11-15T01:13:20,1763169200.776501,816440768.300501,4346.309551,63116,24808,csn,2.347007e+02,2.312472e+01,-1.457716e+02,2.367260e+01,1.500064e+02,4,He,489.286415,86429.157009,0.045208,IV
2025-11-15T01:13:22,1763169202.776497,816440770.300497,4348.309551,63116,24808,csn,2.340995e+02,2.312717e+01,-1.457405e+02,2.355035e+01,1.501306e+02,4,He,486.082307,85854.636967,0.045357,IV
2025-11-15T01:13:24,1763169204.776494,816440772.300494,4350.309551,63116,24808,csn,2.335030e+02,2.312973e+01,-1.457093e+02,2.342804e+01,1.502556e+02,4,He,409.697916,72355.895503,0.049405,IV
2025-11-15T01:13:26,1763169206.776489,816440774.300489,4352.309551,63116,24808,csn,2.329113e+02,2.313241e+01,-1.456783e+02,2.330569e+01,1.503814e+02,4,He,407.425231,71945.706604,0.049542,IV
2025-11-15T01:13:28,1763169208.776485,816440776.300485,4354.309551,63116,24808,csn,2.323244e+02,2.313507e+01,-1.456473e+02,2.318327e+01,1.505071e+02,4,He,445.636008,78683.406018,0.047371,IV
2025-11-15T01:13:30,1763169210.776481,816440778.300481,4356.309551,63116,24808,csn,2.317423e+02,2.313766e+01,-1.456164e+02,2.306081e+01,1.506323e+02,4,He,510.504851,90128.127381,0.044259,IV
2025-11-15T01:13:32,1763169212.776477,816440780.300477,4358.309551,63116,24808,csn,2.311651e+02,2.314010e+01,-1.455855e+02,2.293830e+01,1.507568e+02,4,He,332.349692,58669.793325,0.054853,IV
2025-11-15T01:13:34,1763169214.776473,816440782.300472,4360.309551,63116,24808,csn,2.305926e+02,2.314283e+01,-1.455547e+02,2.281573e+01,1.508830e+02,4,He,349.489958,61684.916339,0.053491,IV
2025-11-15T01:13:36,1763169216.776469,816440784.300469,4362.309551,63116,24808,csn,2.300250e+02,2.314546e+01,-1.455239e+02,2.269311e+01,1.510087e+02,4,He,478.143537,84384.998838,0.045732,IV
2025-11-15T01:13:38,1763169218.776464,816440786.300464,4364.309551,63116,24808,csn,2.294622e+02,2.314812e+01,-1.454932e+02,2.257044e+01,1.511347e+02,4,He,452.897253,79923.108507,0.046989,IV
2025-11-15T01:13:40,1763169220.776460,816440788.300460,4366.309551,63116,24808,csn,2.289042e+02,2.315053e+01,-1.454626e+02,2.244773e+01,1.512591e+02,4,He,393.657140,69462.474806,0.050401,IV
2025-11-15T01:13:42,1763169222.776455,816440790.300456,4368.309551,63116,24808,csn,2.283510e+02,2.315317e+01,-1.454320e+02,2.232496e+01,1.513850e+02,4,He,311.961100,55040.418243,0.056617,IV
2025-11-15T01:13:44,1763169224.776453,816440792.300452,4370.309551,63116,24808,csn,2.278027e+02,2.315584e+01,-1.454014e+02,2.220214e+01,1.515111e+02,4,He,210.170190,37077.105719,0.068979,IV
2025-11-15T01:13:46,1763169226.776454,816440794.300448,4372.309551,63116,24808,csn,2.272592e+02,2.315825e+01,-1.453710e+02,2.207927e+01,1.516357e+02,4,He,339.051839,59806.261472,0.054308,IV
2025-11-15T01:13:48,1763169228.776309,816440796.300443,4374.309551,63116,24808,csn,2.267206e+02,2.316092e+01,-1.453405e+02,2.195636e+01,1.517619e+02,4,He,466.417458,82267.869890,0.046303,IV
2025-11-15T01:13:50,1763169230.777401,816440798.300439,4376.309551,63116,24808,csn,2.261869e+02,2.316353e+01,-1.453102e+02,2.183339e+01,1.518878e+02,4,He,415.987303,73364.642883,0.049030,IV
2025-11-15T01:13:52,1763169232.777411,816440800.300435,4378.309551,63116,24808,csn,2.256580e+02,2.316594e+01,-1.452798e+02,2.171038e+01,1.520125e+02,4,He,322.933126,56949.061103,0.055647,IV
2025-11-15T01:13:54,1763169234.777438,816440802.300431,4380.309551,63116,24808,csn,2.251339e+02,2.316862e+01,-1.452496e+02,2.158732e+01,1.521389e+02,4,He,297.534461,52463.782740,0.057974,IV
2025-11-15T01:13:56,1763169236.777427,816440804.300427,4382.309551,63116,24808,csn,2.246147e+02,2.317125e+01,-1.452194e+02,2.146421e+01,1.522650e+02,4,He,399.305267,70402.102841,0.050043,IV
2025-11-15T01:13:58,1763169238.777423,816440806.300423,4384.309551,63116,24808,csn,2.241004e+02,2.317369e+01,-1.451892e+02,2.134106e+01,1.523900e+02,4,He,313.774373,55317.230168,0.056454,IV
2025-11-15T01:14:00,1763169240.777419,816440808.300419,4386.309551,63116,24808,csn,2.235910e+02,2.317617e+01,-1.451591e+02,2.121786e+01,1.525153e+02,4,He,353.092698,62241.191099,0.053218,IV
2025-11-15T01:14:02,1763169242.777415,816440810.300414,4388.309551,63116,24808,csn,2.230864e+02,2.317868e+01,-1.451290e+02,2.109461e+01,1.526408e+02,4,He,554.602169,97757.245343,0.042463,IV
2025-11-15T01:14:04,1763169244.777411,816440812.300411,4390.309551,63116,24808,csn,2.225868e+02,2.318140e+01,-1.450990e+02,2.097132e+01,1.527677e+02,4,He,580.942520,102389.350881,0.041489,IV
2025-11-15T01:14:06,1763169246.777406,816440814.300406,4392.309551,63116,24808,csn,2.220920e+02,2.318383e+01,-1.450691e+02,2.084798e+01,1.528928e+02,4,He,537.824046,94782.962321,0.043120,IV
2025-11-15T01:14:08,1763169248.777402,816440816.300402,4394.309551,63116,24808,csn,2.216021e+02,2.318636e+01,-1.450392e+02,2.072460e+01,1.530185e+02,4,He,436.280309,76882.335567,0.047876,IV
2025-11-15T01:14:10,1763169250.777397,816440818.300397,4396.309551,63116,24808,csn,2.211171e+02,2.318880e+01,-1.450093e+02,2.060117e+01,1.531437e+02,4,He,334.470504,58935.819019,0.054679,IV
2025-11-15T01:14:12,1763169252.777393,816440820.300393,4398.309551,63116,24808,csn,2.206370e+02,2.319153e+01,-1.449795e+02,2.047770e+01,1.532708e+02,4,He,390.836897,68858.813960,0.050583,IV
2025-11-15T01:14:14,1763169254.777389,816440822.300389,4400.309551,63116,24808,csn,2.201618e+02,2.319403e+01,-1.449498e+02,2.035419e+01,1.533964e+02,4,He,538.384127,94846.700411,0.043098,IV
2025-11-15T01:14:16,1763169256.777385,816440824.300385,4402.309551,63116,24808,csn,2.196915e+02,2.319654e+01,-1.449201e+02,2.023063e+01,1.535222e+02,4,He,666.090837,117336.010164,0.038747,IV
2025-11-15T01:14:18,1763169258.777381,816440826.300381,4404.309551,63116,24808,csn,2.192262e+02,2.319896e+01,-1.448905e+02,2.010703e+01,1.536474e+02,4,He,757.610814,133445.850322,0.036331,IV
2025-11-15T01:14:20,1763169260.777377,816440828.300377,4406.309551,63116,24808,csn,2.187657e+02,2.320148e+01,-1.448609e+02,1.998338e+01,1.537733e+02,4,He,776.678687,136793.370265,0.035882,IV
2025-11-15T01:14:22,1763169262.777372,816440830.300372,4408.309551,63116,24808,csn,2.183102e+02,2.320399e+01,-1.448313e+02,1.985970e+01,1.538991e+02,4,He,623.947372,109885.302713,0.040034,IV
2025-11-15T01:14:24,1763169264.777369,816440832.300368,4410.309551,63116,24808,csn,2.178596e+02,2.320640e+01,-1.448018e+02,1.973597e+01,1.540243e+02,4,He,492.461472,86721.876547,0.045062,IV
2025-11-15T01:14:26,1763169266.777364,816440834.300364,4412.309551,63116,24808,csn,2.174139e+02,2.320908e+01,-1.447724e+02,1.961220e+01,1.541514e+02,4,He,423.993316,74656.529952,0.048565,IV
2025-11-15T01:14:28,1763169268.777360,816440836.300360,4414.309551,63116,24808,csn,2.169732e+02,2.321140e+01,-1.447429e+02,1.948839e+01,1.542760e+02,4,He,474.943363,83620.311161,0.045886,IV
2025-11-15T01:14:30,1763169270.777356,816440838.300356,4416.309551,63116,24808,csn,2.165374e+02,2.321414e+01,-1.447136e+02,1.936454e+01,1.544035e+02,4,He,326.484524,57479.139840,0.055344,IV
2025-11-15T01:14:32,1763169272.777352,816440840.300352,4418.309551,63116,24808,csn,2.161065e+02,2.321659e+01,-1.446843e+02,1.924065e+01,1.545290e+02,4,He,391.366738,68892.554096,0.050548,IV
2025-11-15T01:14:34,1763169274.777347,816440842.300347,4420.309551,63116,24808,csn,2.156806e+02,2.321912e+01,-1.446550e+02,1.911672e+01,1.546553e+02,4,He,798.668985,140583.024081,0.035385,IV
2025-11-15T01:14:36,1763169276.777343,816440844.300343,4422.309551,63116,24808,csn,2.152596e+02,2.322155e+01,-1.446258e+02,1.899275e+01,1.547807e+02,4,He,476.166381,83811.132616,0.045827,IV
2025-11-15T01:14:38,1763169278.777339,816440846.300339,4424.309551,63116,24808,csn,2.148436e+02,2.322399e+01,-1.445966e+02,1.886874e+01,1.549063e+02,4,He,271.366301,47759.238000,0.060705,IV
2025-11-15T01:14:40,1763169280.777335,816440848.300335,4426.309551,63116,24808,csn,2.144325e+02,2.322653e+01,-1.445675e+02,1.874470e+01,1.550326e+02,4,He,233.901607,41163.159055,0.065386,IV
2025-11-15T01:14:42,1763169282.777331,816440850.300331,4428.309551,63116,24808,csn,2.140264e+02,2.322899e+01,-1.445384e+02,1.862061e+01,1.551584e+02,4,He,564.811931,99388.472157,0.042077,IV
2025-11-15T01:14:44,1763169284.777326,816440852.300326,4430.309551,63116,24808,csn,2.136252e+02,2.323143e+01,-1.445094e+02,1.849649e+01,1.552841e+02,4,He,541.283000,95245.325579,0.042982,IV
2025-11-15T01:14:46,1763169286.777323,816440854.300323,4432.309551,63116,24808,csn,2.132290e+02,2.323397e+01,-1.444804e+02,1.837233e+01,1.554104e+02,4,He,299.466394,52691.192997,0.057786,IV
2025-11-15T01:14:48,1763169288.777319,816440856.300319,4434.309551,63116,24808,csn,2.128378e+02,2.323642e+01,-1.444515e+02,1.824814e+01,1.555361e+02,4,He,324.669392,57120.951067,0.055498,IV
2025-11-15T01:14:50,1763169290.777314,816440858.300314,4436.309551,63116,24808,csn,2.124516e+02,2.323884e+01,-1.444226e+02,1.812390e+01,1.556617e+02,4,He,466.778250,82115.094111,0.046285,IV
2025-11-15T01:14:52,1763169292.777310,816440860.300310,4438.309551,63116,24808,csn,2.120703e+02,2.324136e+01,-1.443937e+02,1.799963e+01,1.557880e+02,4,He,609.286739,107179.454812,0.040513,IV
2025-11-15T01:14:54,1763169294.777306,816440862.300306,4440.309551,63116,24808,csn,2.116940e+02,2.324386e+01,-1.443649e+02,1.787533e+01,1.559142e+02,4,He,507.498233,89270.310222,0.044390,IV
2025-11-15T01:14:56,1763169296.777302,816440864.300302,4442.309551,63116,24808,csn,2.113227e+02,2.324629e+01,-1.443361e+02,1.775099e+01,1.560398e+02,4,He,519.460664,91367.779222,0.043876,IV
2025-11-15T01:14:58,1763169298.777298,816440866.300298,4444.309551,63116,24808,csn,2.109564e+02,2.324883e+01,-1.443074e+02,1.762661e+01,1.561663e+02,4,He,540.959792,95142.609334,0.042995,IV
2025-11-15T01:15:00,1763169300.777293,816440868.300293,4446.309551,63116,24808,csn,2.105950e+02,2.325125e+01,-1.442787e+02,1.750220e+01,1.562920e+02,4,He,490.612809,86281.177803,0.045147,IV
2025-11-15T01:15:02,1763169302.777290,816440870.300291,4448.309551,63116,24808,csn,2.102387e+02,2.325336e+01,-1.442501e+02,1.737776e+01,1.564155e+02,4,He,442.927387,77891.022413,0.047515,IV
2025-11-15T01:15:04,1763169304.777286,816440872.300290,4450.309551,63116,24808,csn,2.098874e+02,2.325514e+01,-1.442215e+02,1.725328e+01,1.565367e+02,4,He,395.825615,69604.212781,0.050263,IV
2025-11-15T01:15:06,1763169306.777281,816440874.300281,4452.309551,63116,24808,csn,2.095410e+02,2.325834e+01,-1.441929e+02,1.712877e+01,1.566678e+02,4,He,393.123392,69124.038476,0.050435,IV
2025-11-15T01:15:08,1763169308.777276,816440876.300275,4454.309551,63116,24808,csn,2.091997e+02,2.326123e+01,-1.441644e+02,1.700423e+01,1.567968e+02,4,He,442.512312,77802.888985,0.047538,IV
2025-11-15T01:15:10,1763169310.777272,816440878.300271,4456.309551,63116,24808,csn,2.088633e+02,2.326356e+01,-1.441359e+02,1.687965e+01,1.569218e+02,4,He,491.901303,86481.751909,0.045088,IV
2025-11-15T01:15:12,1763169312.777269,816440880.300268,4458.309551,63116,24808,csn,2.085320e+02,2.326573e+01,-1.441075e+02,1.675505e+01,1.570458e+02,4,He,505.984373,88953.854804,0.044456,IV
2025-11-15T01:15:14,1763169314.777265,816440882.300265,4460.309551,63116,24808,csn,2.082057e+02,2.326808e+01,-1.440791e+02,1.663041e+01,1.571711e+02,4,He,478.643831,84143.711441,0.045708,IV
2025-11-15T01:15:16,1763169316.777261,816440884.300261,4462.309551,63116,24808,csn,2.078844e+02,2.327059e+01,-1.440507e+02,1.650574e+01,1.572974e+02,4,He,451.303303,79333.570373,0.047072,IV
2025-11-15T01:15:18,1763169318.777256,816440886.300256,4464.309551,63116,24808,csn,2.075681e+02,2.327308e+01,-1.440224e+02,1.638104e+01,1.574236e+02,4,He,423.962782,74523.430737,0.048566,IV
2025-11-15T01:15:20,1763169320.777251,816440888.300251,4466.309551,63116,24808,csn,2.072568e+02,2.327542e+01,-1.439941e+02,1.625631e+01,1.575487e+02,4,He,439.151516,77188.040767,0.047719,IV
2025-11-15T01:15:22,1763169322.777247,816440890.300247,4468.309551,63116,24808,csn,2.069505e+02,2.327787e+01,-1.439659e+02,1.613155e+01,1.576747e+02,4,He,519.445502,91295.256116,0.043876,IV
2025-11-15T01:15:24,1763169324.777243,816440892.300243,4470.309551,63116,24808,csn,2.066493e+02,2.328024e+01,-1.439377e+02,1.600675e+01,1.578001e+02,4,He,544.594215,95711.511722,0.042851,IV
2025-11-15T01:15:26,1763169326.777240,816440894.300240,4472.309551,63116,24808,csn,2.063531e+02,2.328265e+01,-1.439095e+02,1.588194e+01,1.579257e+02,4,He,524.646412,92202.726794,0.043658,IV
2025-11-15T01:15:28,1763169328.777235,816440896.300235,4474.309551,63116,24808,csn,2.060619e+02,2.328529e+01,-1.438814e+02,1.575709e+01,1.580530e+02,4,He,560.420792,98484.193553,0.042242,IV
2025-11-15T01:15:30,1763169330.777231,816440898.300231,4476.309551,63116,24808,csn,2.057758e+02,2.328750e+01,-1.438533e+02,1.563221e+01,1.581772e+02,4,He,620.635072,109059.691172,0.040140,IV
2025-11-15T01:15:32,1763169332.777227,816440900.300227,4478.309551,63116,24808,csn,2.054947e+02,2.329010e+01,-1.438253e+02,1.550731e+01,1.583042e+02,4,He,561.419621,98650.018728,0.042204,IV
2025-11-15T01:15:34,1763169334.777222,816440902.300222,4480.309551,63116,24808,csn,2.052187e+02,2.329234e+01,-1.437973e+02,1.538237e+01,1.584287e+02,4,He,482.371801,84755.553271,0.045531,IV
2025-11-15T01:15:36,1763169336.777219,816440904.300219,4482.309551,63116,24808,csn,2.049476e+02,2.329487e+01,-1.437693e+02,1.525741e+01,1.585552e+02,4,He,641.646386,112733.414152,0.039478,IV
2025-11-15T01:15:38,1763169338.777215,816440906.300215,4484.309551,63116,24808,csn,2.046816e+02,2.329716e+01,-1.437414e+02,1.513243e+01,1.586799e+02,4,He,763.247657,134092.757475,0.036197,IV
2025-11-15T01:15:40,1763169340.777210,816440908.300210,4486.309551,63116,24808,csn,2.044207e+02,2.329962e+01,-1.437135e+02,1.500742e+01,1.588059e+02,4,He,662.899293,116459.578471,0.038840,IV
2025-11-15T01:15:42,1763169342.777206,816440910.300206,4488.309551,63116,24808,csn,2.041648e+02,2.330203e+01,-1.436856e+02,1.488238e+01,1.589315e+02,4,He,580.612724,101999.298597,0.041501,IV
2025-11-15T01:15:44,1763169344.777201,816440912.300201,4490.309551,63116,24808,csn,2.039140e+02,2.330439e+01,-1.436578e+02,1.475732e+01,1.590567e+02,4,He,540.449612,94938.808415,0.043015,IV
2025-11-15T01:15:46,1763169346.777198,816440914.300198,4492.309551,63116,24808,csn,2.036682e+02,2.330689e+01,-1.436300e+02,1.463223e+01,1.591830e+02,4,He,563.872779,99049.062693,0.042112,IV
2025-11-15T01:15:48,1763169348.777193,816440916.300193,4494.309551,63116,24808,csn,2.034275e+02,2.330915e+01,-1.436023e+02,1.450712e+01,1.593074e+02,4,He,663.429055,116534.269878,0.038824,IV
2025-11-15T01:15:50,1763169350.777189,816440918.300189,4496.309551,63116,24808,csn,2.031918e+02,2.331170e+01,-1.435746e+02,1.438198e+01,1.594340e+02,4,He,715.701812,125711.548236,0.037380,IV
2025-11-15T01:15:52,1763169352.777185,816440920.300185,4498.309551,63116,24808,csn,2.029612e+02,2.331395e+01,-1.435469e+02,1.425682e+01,1.595584e+02,4,He,735.802752,129236.092101,0.036865,IV
2025-11-15T01:15:54,1763169354.777181,816440922.300181,4500.309551,63116,24808,csn,2.027357e+02,2.331626e+01,-1.435192e+02,1.413164e+01,1.596831e+02,4,He,605.280985,106308.847267,0.040646,IV
2025-11-15T01:15:56,1763169356.777177,816440924.300177,4502.309551,63116,24808,csn,2.025152e+02,2.331874e+01,-1.434916e+02,1.400643e+01,1.598091e+02,4,He,424.576236,74568.657701,0.048531,IV
2025-11-15T01:15:58,1763169358.777173,816440926.300173,4504.309551,63116,24808,csn,2.022998e+02,2.332108e+01,-1.434640e+02,1.388120e+01,1.599340e+02,4,He,479.512318,84212.905746,0.045667,IV
2025-11-15T01:16:00,1763169360.777168,816440928.300168,4506.309551,63116,24808,csn,2.020894e+02,2.332351e+01,-1.434365e+02,1.375595e+01,1.600597e+02,4,He,557.378461,97884.344824,0.042357,IV
2025-11-15T01:16:02,1763169362.777165,816440930.300165,4508.309551,63116,24808,csn,2.018841e+02,2.332587e+01,-1.434090e+02,1.363068e+01,1.601847e+02,4,He,597.536835,104935.416550,0.040909,IV
2025-11-15T01:16:04,1763169364.777160,816440932.300160,4510.309551,63116,24808,csn,2.016839e+02,2.332834e+01,-1.433815e+02,1.350539e+01,1.603106e+02,4,He,629.660278,110574.813692,0.039852,IV
2025-11-15T01:16:06,1763169366.777156,816440934.300156,4512.309551,63116,24808,csn,2.014888e+02,2.333053e+01,-1.433540e+02,1.338007e+01,1.604342e+02,4,He,629.660278,110570.373017,0.039852,IV
2025-11-15T01:16:08,1763169368.777152,816440936.300152,4514.309551,63116,24808,csn,2.012987e+02,2.333302e+01,-1.433266e+02,1.325474e+01,1.605602e+02,4,He,573.248000,100661.269041,0.041767,IV
2025-11-15T01:16:10,1763169370.777147,816440938.300147,4516.309551,63116,24808,csn,2.011137e+02,2.333531e+01,-1.432993e+02,1.312939e+01,1.606846e+02,4,He,414.374427,72762.382445,0.049125,IV
2025-11-15T01:16:12,1763169372.777144,816440940.300144,4518.309551,63116,24808,csn,2.009338e+02,2.333781e+01,-1.432719e+02,1.300401e+01,1.608106e+02,4,He,362.867047,63715.761490,0.052496,IV
2025-11-15T01:16:14,1763169374.777139,816440942.300139,4520.309551,63116,24808,csn,2.007590e+02,2.334012e+01,-1.432446e+02,1.287862e+01,1.609350e+02,4,He,423.075655,74285.180391,0.048617,IV
2025-11-15T01:16:16,1763169376.777135,816440944.300135,4522.309551,63116,24808,csn,2.005893e+02,2.334239e+01,-1.432173e+02,1.275321e+01,1.610592e+02,4,He,457.456359,80319.906756,0.046755,IV
2025-11-15T01:16:18,1763169378.777131,816440946.300131,4524.309551,63116,24808,csn,2.004246e+02,2.334489e+01,-1.431900e+02,1.262778e+01,1.611850e+02,4,He,477.625956,83859.541140,0.045757,IV
2025-11-15T01:16:20,1763169380.777128,816440948.300128,4526.309551,63116,24808,csn,2.002650e+02,2.334719e+01,-1.431628e+02,1.250233e+01,1.613093e+02,4,He,513.591564,90171.343511,0.044126,IV
2025-11-15T01:16:22,1763169382.777122,816440950.300123,4528.309551,63116,24808,csn,2.001106e+02,2.334941e+01,-1.431356e+02,1.237687e+01,1.614329e+02,4,He,553.381921,97154.381626,0.042510,IV
2025-11-15T01:16:24,1763169384.777119,816440952.300119,4530.309551,63116,24808,csn,1.999612e+02,2.335200e+01,-1.431085e+02,1.225139e+01,1.615593e+02,4,He,441.747175,77554.910516,0.047579,IV
2025-11-15T01:16:26,1763169386.777115,816440954.300115,4532.309551,63116,24808,csn,1.998169e+02,2.335416e+01,-1.430813e+02,1.212589e+01,1.616824e+02,4,He,337.377083,59230.806857,0.054443,IV
2025-11-15T01:16:28,1763169388.777110,816440956.300110,4534.309551,63116,24808,csn,1.996777e+02,2.335658e+01,-1.430542e+02,1.200037e+01,1.618074e+02,4,He,377.520520,66276.482175,0.051467,IV
2025-11-15T01:16:30,1763169390.777106,816440958.300106,4536.309551,63116,24808,csn,1.995435e+02,2.335902e+01,-1.430272e+02,1.187484e+01,1.619325e+02,4,He,407.425231,71525.126590,0.049542,IV
2025-11-15T01:16:32,1763169392.777102,816440960.300102,4538.309551,63116,24808,csn,1.994145e+02,2.336123e+01,-1.430001e+02,1.174930e+01,1.620558e+02,4,He,407.425231,71525.101388,0.049542,IV
2025-11-15T01:16:34,1763169394.777097,816440962.300097,4540.309551,63116,24808,csn,1.992906e+02,2.336346e+01,-1.429731e+02,1.162374e+01,1.621792e+02,4,He,447.088678,78487.152713,0.047294,IV
2025-11-15T01:16:36,1763169396.777093,816440964.300093,4542.309551,63116,24808,csn,1.991718e+02,2.336593e+01,-1.429461e+02,1.149816e+01,1.623044e+02,4,He,547.489858,96110.424365,0.042738,IV
2025-11-15T01:16:38,1763169398.777089,816440966.300090,4544.309551,63116,24808,csn,1.990580e+02,2.336830e+01,-1.429192e+02,1.137258e+01,1.624287e+02,4,He,625.780008,109853.200126,0.039975,IV
2025-11-15T01:16:40,1763169400.777086,816440968.300086,4546.309551,63116,24808,csn,1.989494e+02,2.337051e+01,-1.428922e+02,1.124698e+01,1.625518e+02,4,He,685.982604,120421.601833,0.038181,IV
2025-11-15T01:16:42,1763169402.777081,816440970.300081,4548.309551,63116,24808,csn,1.988459e+02,2.337281e+01,-1.428653e+02,1.112136e+01,1.626755e+02,4,He,731.816033,128465.515464,0.036966,IV
2025-11-15T01:16:44,1763169404.777077,816440972.300077,4550.309551,63116,24808,csn,1.987474e+02,2.337527e+01,-1.428384e+02,1.099573e+01,1.628003e+02,4,He,771.638077,135453.301784,0.035999,IV
2025-11-15T01:16:46,1763169406.777073,816440974.300073,4552.309551,63116,24808,csn,1.986541e+02,2.337760e+01,-1.428116e+02,1.087009e+01,1.629241e+02,4,He,642.121618,112717.743529,0.039463,IV
2025-11-15T01:16:48,1763169408.777068,816440976.300068,4554.309551,63116,24808,csn,1.985659e+02,2.338008e+01,-1.427848e+02,1.074444e+01,1.630491e+02,4,He,481.559085,84532.785565,0.045570,IV
2025-11-15T01:16:50,1763169410.777065,816440978.300065,4556.309551,63116,24808,csn,1.984828e+02,2.338235e+01,-1.427580e+02,1.061878e+01,1.631722e+02,4,He,521.672968,91572.738101,0.043783,IV
2025-11-15T01:16:52,1763169412.777061,816440980.300061,4558.309551,63116,24808,csn,1.984048e+02,2.338458e+01,-1.427312e+02,1.049311e+01,1.632950e+02,4,He,567.918026,99689.488704,0.041962,IV
2025-11-15T01:16:54,1763169414.777056,816440982.300056,4560.309551,63116,24808,csn,1.983319e+02,2.338697e+01,-1.427045e+02,1.036742e+01,1.634189e+02,4,He,647.580141,113675.166747,0.039296,IV
2025-11-15T01:16:56,1763169416.777052,816440984.300052,4562.309551,63116,24808,csn,1.982641e+02,2.338938e+01,-1.426778e+02,1.024173e+01,1.635430e+02,4,He,685.978463,120416.473339,0.038181,IV
2025-11-15T01:16:58,1763169418.777047,816440986.300048,4564.309551,63116,24808,csn,1.982014e+02,2.339161e+01,-1.426511e+02,1.011602e+01,1.636655e+02,4,He,625.775882,109847.166102,0.039975,IV
2025-11-15T01:17:00,1763169420.777044,816440988.300044,4566.309551,63116,24808,csn,1.981438e+02,2.339389e+01,-1.426244e+02,9.990309e+00,1.637883e+02,4,He,565.564958,99277.069972,0.042049,IV
2025-11-15T01:17:02,1763169422.777039,816440990.300039,4568.309551,63116,24808,csn,1.980913e+02,2.339613e+01,-1.425978e+02,9.864587e+00,1.639106e+02,4,He,505.343906,88706.021420,0.044484,IV
2025-11-15T01:17:04,1763169424.777035,816440992.300035,4570.309551,63116,24808,csn,1.980439e+02,2.339841e+01,-1.425712e+02,9.738857e+00,1.640333e+02,4,He,481.557712,84530.200706,0.045570,IV
2025-11-15T01:17:06,1763169426.777031,816440994.300031,4572.309551,63116,24808,csn,1.980017e+02,2.340086e+01,-1.425446e+02,9.613117e+00,1.641572e+02,4,He,481.557712,84529.451224,0.045570,IV
2025-11-15T01:17:08,1763169428.777027,816440996.300027,4574.309551,63116,24808,csn,1.979646e+02,2.340318e+01,-1.425180e+02,9.487372e+00,1.642800e+02,4,He,511.362374,89762.380330,0.044222,IV
2025-11-15T01:17:10,1763169430.777023,816440998.300023,4576.309551,63116,24808,csn,1.979325e+02,2.340538e+01,-1.424915e+02,9.361618e+00,1.644016e+02,4,He,551.367831,96786.562457,0.042587,IV
2025-11-15T01:17:12,1763169432.777019,816441000.300019,4578.309551,63116,24808,csn,1.979056e+02,2.340774e+01,-1.424650e+02,9.235857e+00,1.645246e+02,4,He,465.741750,81755.702466,0.046337,IV
2025-11-15T01:17:14,1763169434.777014,816441002.300014,4580.309551,63116,24808,csn,1.978838e+02,2.341013e+01,-1.424385e+02,9.110091e+00,1.646476e+02,4,He,372.393652,65369.221723,0.051820,IV
2025-11-15T01:17:16,1763169436.777011,816441004.300011,4582.309551,63116,24808,csn,1.978671e+02,2.341223e+01,-1.424120e+02,8.984319e+00,1.647680e+02,4,He,412.311708,72378.169017,0.049248,IV
2025-11-15T01:17:18,1763169438.777006,816441006.300006,4584.309551,63116,24808,csn,1.978555e+02,2.341472e+01,-1.423856e+02,8.858541e+00,1.648917e+02,4,He,452.279436,79395.521643,0.047022,IV
2025-11-15T01:17:20,1763169440.777002,816441008.300002,4586.309551,63116,24808,csn,1.978491e+02,2.341694e+01,-1.423592e+02,8.732758e+00,1.650130e+02,4,He,492.452320,86447.590493,0.045063,IV
2025-11-15T01:17:21,1763169441.777000,816441009.300000,4587.309551,63116,24808,csn,1.978478e+02,2.341806e+01,-1.423460e+02,8.669865e+00,1.650736e+02,4,He,512.538764,89973.625338,0.044171,OV
2025-11-15T01:17:21,1763169441.777000,816441009.300000,4587.309551,63116,24808,csn,1.978478e+02,2.341806e+01,-1.423460e+02,8.669865e+00,1.650736e+02,4,He,512.538764,89973.625338,0.044171,OV
2025-11-15T01:17:23,1763169443.776995,816441011.299995,4589.309551,63116,24808,csn,1.978490e+02,2.342036e+01,-1.423196e+02,8.544075e+00,1.651954e+02,4,He,569.746809,100018.160514,0.041895,OV
2025-11-15T01:17:25,1763169445.776992,816441013.299991,4591.309551,63116,24808,csn,1.978553e+02,2.342257e+01,-1.422932e+02,8.418282e+00,1.653162e+02,4,He,629.759902,110555.456777,0.039849,OV
2025-11-15T01:17:27,1763169447.776988,816441015.299987,4593.309551,63116,24808,csn,1.978667e+02,2.342494e+01,-1.422669e+02,8.292484e+00,1.654382e+02,4,He,649.701680,114056.615003,0.039232,OV
2025-11-15T01:17:29,1763169449.776983,816441017.299983,4595.309551,63116,24808,csn,1.978833e+02,2.342737e+01,-1.422405e+02,8.166684e+00,1.655607e+02,4,He,652.198347,114495.533434,0.039157,OV
2025-11-15T01:17:31,1763169451.776979,816441019.299979,4597.309551,63116,24808,csn,1.979049e+02,2.342961e+01,-1.422143e+02,8.040881e+00,1.656814e+02,4,He,551.822189,96876.596598,0.042570,OV
2025-11-15T01:17:33,1763169453.776975,816441021.299975,4599.309551,63116,24808,csn,1.979317e+02,2.343188e+01,-1.421880e+02,7.915077e+00,1.658021e+02,4,He,541.768530,95114.160533,0.042963,OV
2025-11-15T01:17:35,1763169455.776970,816441023.299971,4601.309551,63116,24808,csn,1.979636e+02,2.343413e+01,-1.421617e+02,7.789270e+00,1.659226e+02,4,He,742.479219,130352.306316,0.036699,OV
2025-11-15T01:17:37,1763169457.776967,816441025.299967,4603.309551,63116,24808,csn,1.980006e+02,2.343638e+01,-1.421355e+02,7.663461e+00,1.660429e+02,4,He,797.514027,140016.352501,0.035410,OV
2025-11-15T01:17:39,1763169459.776962,816441027.299962,4605.309551,63116,24808,csn,1.980427e+02,2.343882e+01,-1.421093e+02,7.537652e+00,1.661647e+02,4,He,678.046858,119045.739677,0.038403,OV
2025-11-15T01:17:41,1763169461.776958,816441029.299958,4607.309551,63116,24808,csn,1.980899e+02,2.344118e+01,-1.420831e+02,7.411842e+00,1.662856e+02,4,He,725.232108,127333.227888,0.037133,OV
2025-11-15T01:17:43,1763169463.776954,816441031.299954,4609.309551,63116,24808,csn,1.981423e+02,2.344338e+01,-1.420569e+02,7.286032e+00,1.664050e+02,4,He,885.862341,155537.527232,0.033598,OV
2025-11-15T01:17:45,1763169465.776950,816441033.299950,4611.309551,63116,24808,csn,1.981997e+02,2.344569e+01,-1.420308e+02,7.160223e+00,1.665252e+02,4,He,926.023636,162592.017765,0.032862,OV
2025-11-15T01:17:47,1763169467.776946,816441035.299946,4613.309551,63116,24808,csn,1.982623e+02,2.344790e+01,-1.420046e+02,7.034414e+00,1.666442e+02,4,He,926.023636,162595.697407,0.032862,OV
2025-11-15T01:17:49,1763169469.776941,816441037.299941,4615.309551,63116,24808,csn,1.983300e+02,2.345020e+01,-1.419785e+02,6.908606e+00,1.667639e+02,4,He,835.917033,146776.384831,0.034587,OV
2025-11-15T01:17:51,1763169471.776937,816441039.299937,4617.309551,63116,24808,csn,1.984028e+02,2.345239e+01,-1.419524e+02,6.782800e+00,1.668823e+02,4,He,733.602373,128813.380590,0.036921,OV
2025-11-15T01:17:53,1763169473.776933,816441041.299933,4619.309551,63116,24808,csn,1.984807e+02,2.345469e+01,-1.419263e+02,6.656995e+00,1.670016e+02,4,He,572.962830,100610.057270,0.041777,OV
2025-11-15T01:17:55,1763169475.776929,816441043.299929,4621.309551,63116,24808,csn,1.985637e+02,2.345689e+01,-1.419003e+02,6.531194e+00,1.671198e+02,4,He,448.467858,78753.055141,0.047221,OV
2025-11-15T01:17:57,1763169477.776925,816441045.299925,4623.309551,63116,24808,csn,1.986518e+02,2.345937e+01,-1.418742e+02,6.405395e+00,1.672404e+02,4,He,468.582798,82286.890097,0.046196,OV
2025-11-15T01:17:59,1763169479.776921,816441047.299921,4625.309551,63116,24808,csn,1.987451e+02,2.346155e+01,-1.418482e+02,6.279600e+00,1.673579e+02,4,He,552.227708,96979.028297,0.042554,OV
2025-11-15T01:18:01,1763169481.776917,816441049.299917,4627.309551,63116,24808,csn,1.988434e+02,2.346382e+01,-1.418222e+02,6.153807e+00,1.674761e+02,4,He,751.319752,131948.117773,0.036483,OV
2025-11-15T01:18:03,1763169483.776913,816441051.299913,4629.309551,63116,24808,csn,1.989469e+02,2.346623e+01,-1.417962e+02,6.028020e+00,1.675954e+02,4,He,812.131075,142631.303532,0.035090,OV
2025-11-15T01:18:05,1763169485.776909,816441053.299909,4631.309551,63116,24808,csn,1.990554e+02,2.346844e+01,-1.417703e+02,5.902236e+00,1.677124e+02,4,He,731.844006,128533.725266,0.036965,OV
2025-11-15T01:18:07,1763169487.776904,816441055.299904,4633.309551,63116,24808,csn,1.991691e+02,2.347074e+01,-1.417443e+02,5.776458e+00,1.678302e+02,4,He,690.745082,121319.747706,0.038049,OV
2025-11-15T01:18:09,1763169489.776900,816441057.299900,4635.309551,63116,24808,csn,1.992879e+02,2.347295e+01,-1.417184e+02,5.650685e+00,1.679468e+02,4,He,670.751735,117813.074042,0.038612,OV
2025-11-15T01:18:11,1763169491.776895,816441059.299896,4637.309551,63116,24808,csn,1.994118e+02,2.347525e+01,-1.416925e+02,5.524919e+00,1.680640e+02,4,He,753.713783,132390.419594,0.036425,OV
2025-11-15T01:18:13,1763169493.776891,816441061.299891,4639.309551,63116,24808,csn,1.995407e+02,2.347750e+01,-1.416666e+02,5.399158e+00,1.681804e+02,4,He,862.422800,151490.196222,0.034052,OV
2025-11-15T01:18:15,1763169495.776887,816441063.299887,4641.309551,63116,24808,csn,1.996748e+02,2.347970e+01,-1.416407e+02,5.273404e+00,1.682961e+02,4,He,885.770263,155595.848440,0.033600,OV
2025-11-15T01:18:17,1763169497.776883,816441065.299883,4643.309551,63116,24808,csn,1.998140e+02,2.348194e+01,-1.416148e+02,5.147656e+00,1.684118e+02,4,He,788.761172,138560.353989,0.035606,OV
2025-11-15T01:18:19,1763169499.776879,816441067.299879,4645.309551,63116,24808,csn,1.999583e+02,2.348421e+01,-1.415890e+02,5.021917e+00,1.685276e+02,4,He,691.752080,121524.859537,0.038021,OV
2025-11-15T01:18:21,1763169501.776875,816441069.299875,4647.309551,63116,24808,csn,2.001077e+02,2.348650e+01,-1.415631e+02,4.896185e+00,1.686433e+02,4,He,660.010499,115955.656363,0.038925,OV
2025-11-15T01:18:23,1763169503.776871,816441071.299871,4649.309551,63116,24808,csn,2.002622e+02,2.348878e+01,-1.415373e+02,4.770462e+00,1.687586e+02,4,He,744.331108,130776.427624,0.036654,OV
2025-11-15T01:18:25,1763169505.776867,816441073.299867,4651.309551,63116,24808,csn,2.004218e+02,2.349105e+01,-1.415115e+02,4.644748e+00,1.688733e+02,4,He,828.651717,145597.198885,0.034739,OV
2025-11-15T01:18:27,1763169507.776863,816441075.299863,4653.309551,63116,24808,csn,2.005865e+02,2.349330e+01,-1.414857e+02,4.519043e+00,1.689876e+02,4,He,878.598121,154378.138997,0.033737,OV
2025-11-15T01:18:29,1763169509.776858,816441077.299858,4655.309551,63116,24808,csn,2.007562e+02,2.349553e+01,-1.414599e+02,4.393347e+00,1.691013e+02,4,He,842.278684,148001.459740,0.034457,OV
2025-11-15T01:18:31,1763169511.776854,816441079.299854,4657.309551,63116,24808,csn,2.009311e+02,2.349776e+01,-1.414342e+02,4.267661e+00,1.692147e+02,4,He,805.959244,141624.780103,0.035224,OV
2025-11-15T01:18:33,1763169513.776850,816441081.299850,4659.309551,63116,24808,csn,2.011111e+02,2.350005e+01,-1.414084e+02,4.141986e+00,1.693283e+02,4,He,761.615946,133837.890415,0.036235,OV
2025-11-15T01:18:35,1763169515.776846,816441083.299846,4661.309551,63116,24808,csn,2.012961e+02,2.350243e+01,-1.413827e+02,4.016322e+00,1.694425e+02,4,He,689.623088,121191.533036,0.038080,OV
2025-11-15T01:18:37,1763169517.776841,816441085.299841,4663.309551,63116,24808,csn,2.014863e+02,2.350483e+01,-1.413570e+02,3.890669e+00,1.695565e+02,4,He,617.630236,108545.176411,0.040238,OV
2025-11-15T01:18:39,1763169519.776837,816441087.299837,4665.309551,63116,24808,csn,2.016815e+02,2.350710e+01,-1.413313e+02,3.765028e+00,1.696687e+02,4,He,545.637370,95898.817524,0.042810,OV
2025-11-15T01:18:41,1763169521.776833,816441089.299833,4667.309551,63116,24808,csn,2.018819e+02,2.350910e+01,-1.413056e+02,3.639399e+00,1.697776e+02,4,He,490.380973,86193.874829,0.045158,OV
2025-11-15T01:18:43,1763169523.776829,816441091.299829,4669.309551,63116,24808,csn,2.020873e+02,2.351133e+01,-1.412799e+02,3.513783e+00,1.698885e+02,4,He,570.653225,100307.943714,0.041861,OV
2025-11-15T01:18:45,1763169525.776825,816441093.299825,4671.309551,63116,24808,csn,2.022978e+02,2.351360e+01,-1.412542e+02,3.388179e+00,1.699994e+02,4,He,608.509751,106966.651303,0.040538,OV
2025-11-15T01:18:47,1763169527.776821,816441095.299821,4673.309551,63116,24808,csn,2.025133e+02,2.351587e+01,-1.412286e+02,3.262589e+00,1.701098e+02,4,He,528.670275,92938.073021,0.043492,OV
2025-11-15T01:18:49,1763169529.776817,816441097.299817,4675.309551,63116,24808,csn,2.027340e+02,2.351804e+01,-1.412029e+02,3.137013e+00,1.702186e+02,4,He,498.000764,87552.573028,0.044811,OV
2025-11-15T01:18:51,1763169531.776812,816441099.299812,4677.309551,63116,24808,csn,2.029597e+02,2.352043e+01,-1.411773e+02,3.011451e+00,1.703294e+02,4,He,538.114625,94609.347618,0.043108,OV
2025-11-15T01:18:53,1763169533.776808,816441101.299808,4679.309551,63116,24808,csn,2.031905e+02,2.352251e+01,-1.411517e+02,2.885904e+00,1.704362e+02,4,He,566.926622,99681.234559,0.041999,OV
2025-11-15T01:18:55,1763169535.776804,816441103.299805,4681.309551,63116,24808,csn,2.034264e+02,2.352498e+01,-1.411261e+02,2.760371e+00,1.705468e+02,4,He,587.033827,103224.343900,0.041273,OV
2025-11-15T01:18:57,1763169537.776800,816441105.299800,4683.309551,63116,24808,csn,2.036674e+02,2.352701e+01,-1.411005e+02,2.634855e+00,1.706520e+02,4,He,650.010229,114305.201028,0.039223,OV
2025-11-15T01:18:59,1763169539.776796,816441107.299796,4685.309551,63116,24808,csn,2.039134e+02,2.352947e+01,-1.410749e+02,2.509354e+00,1.707614e+02,4,He,729.666154,128318.840698,0.037020,OV
2025-11-15T01:19:01,1763169541.776791,816441109.299791,4687.309551,63116,24808,csn,2.041645e+02,2.353146e+01,-1.410493e+02,2.383870e+00,1.708648e+02,4,He,740.826133,130290.709033,0.036740,OV
2025-11-15T01:19:03,1763169543.776788,816441111.299788,4689.309551,63116,24808,csn,2.044207e+02,2.353372e+01,-1.410238e+02,2.258402e+00,1.709707e+02,4,He,738.433600,129879.727618,0.036800,OV
2025-11-15T01:19:05,1763169545.776783,816441113.299783,4691.309551,63116,24808,csn,2.046819e+02,2.353600e+01,-1.409982e+02,2.132951e+00,1.710762e+02,4,He,577.794071,101629.862607,0.041602,OV
2025-11-15T01:19:07,1763169547.776779,816441115.299779,4693.309551,63116,24808,csn,2.049482e+02,2.353824e+01,-1.409727e+02,2.007518e+00,1.711807e+02,4,He,485.045579,85322.624612,0.045406,OV
2025-11-15T01:19:09,1763169549.776775,816441117.299775,4695.309551,63116,24808,csn,2.052196e+02,2.354049e+01,-1.409472e+02,1.882103e+00,1.712845e+02,4,He,724.024278,127369.100678,0.037164,OV
2025-11-15T01:19:11,1763169551.776771,816441119.299771,4697.309551,63116,24808,csn,2.054960e+02,2.354273e+01,-1.409216e+02,1.756707e+00,1.713875e+02,4,He,870.280049,153104.535300,0.033898,OV
2025-11-15T01:19:13,1763169553.776766,816441121.299766,4699.309551,63116,24808,csn,2.057775e+02,2.354498e+01,-1.408961e+02,1.631329e+00,1.714898e+02,4,He,810.042934,142515.469314,0.035135,OV
2025-11-15T01:19:15,1763169555.776763,816441123.299763,4701.309551,63116,24808,csn,2.060640e+02,2.354726e+01,-1.408706e+02,1.505970e+00,1.715918e+02,4,He,638.207667,112288.955816,0.039584,OV
2025-11-15T01:19:17,1763169557.776759,816441125.299759,4703.309551,63116,24808,csn,2.063556e+02,2.354948e+01,-1.408451e+02,1.380631e+00,1.716922e+02,4,He,337.913797,59458.133993,0.054400,OV
2025-11-15T01:19:19,1763169559.776754,816441127.299754,4705.309551,63116,24808,csn,2.066523e+02,2.355177e+01,-1.408196e+02,1.255312e+00,1.717928e+02,4,He,320.214997,56351.768974,0.055883,OV
2025-11-15T01:19:21,1763169561.776750,816441129.299750,4707.309551,63116,24808,csn,2.069539e+02,2.355395e+01,-1.407942e+02,1.130014e+00,1.718911e+02,4,He,479.516012,84389.682849,0.045667,OV
2025-11-15T01:19:23,1763169563.776746,816441131.299746,4709.309551,63116,24808,csn,2.072607e+02,2.355626e+01,-1.407687e+02,1.004736e+00,1.719901e+02,4,He,457.778064,80569.095002,0.046738,OV
2025-11-15T01:19:25,1763169565.776742,816441133.299742,4711.309551,63116,24808,csn,2.075724e+02,2.355848e+01,-1.407432e+02,8.794799e-01,1.720871e+02,4,He,377.252551,66403.310117,0.051485,OV
2025-11-15T01:19:27,1763169567.776737,816441135.299737,4713.309551,63116,24808,csn,2.078892e+02,2.356078e+01,-1.407178e+02,7.542459e-01,1.721841e+02,4,He,352.032144,61968.281006,0.053298,OV
2025-11-15T01:19:29,1763169569.776733,816441137.299733,4715.309551,63116,24808,csn,2.082111e+02,2.356301e+01,-1.406923e+02,6.290335e-01,1.722793e+02,4,He,338.927121,59665.835673,0.054318,OV
2025-11-15T01:19:31,1763169571.776729,816441139.299729,4717.309551,63116,24808,csn,2.085380e+02,2.356528e+01,-1.406669e+02,5.038433e-01,1.723740e+02,4,He,418.602913,73700.132987,0.048876,OV
2025-11-15T01:19:33,1763169573.776725,816441141.299725,4719.309551,63116,24808,csn,2.088699e+02,2.356749e+01,-1.406415e+02,3.786764e-01,1.724669e+02,4,He,464.700785,81821.973073,0.046389,OV
2025-11-15T01:19:35,1763169575.776721,816441143.299721,4721.309551,63116,24808,csn,2.092068e+02,2.356981e+01,-1.406161e+02,2.535326e-01,1.725601e+02,4,He,384.377208,67683.309821,0.051006,OV
2025-11-15T01:19:37,1763169577.776717,816441145.299717,4723.309551,63116,24808,csn,2.095488e+02,2.357182e+01,-1.405906e+02,1.284124e-01,1.726481e+02,4,He,406.604938,71605.311984,0.049592,OV
2025-11-15T01:19:39,1763169579.776713,816441147.299713,4725.309551,63116,24808,csn,2.098958e+02,2.357421e+01,-1.405652e+02,3.316722e-03,1.727399e+02,4,He,607.352116,106966.991922,0.040577,OV
2025-11-15T01:19:41,1763169581.776709,816441149.299709,4727.309551,63116,24808,csn,2.102479e+02,2.357631e+01,-1.405398e+02,-1.217549e-01,1.728268e+02,4,He,620.922398,109362.316599,0.040131,OV
2025-11-15T01:19:43,1763169583.776705,816441151.299705,4729.309551,63116,24808,csn,2.106049e+02,2.357872e+01,-1.405144e+02,-2.468010e-01,1.729163e+02,4,He,461.613781,81309.507522,0.046544,OV
2025-11-15T01:19:45,1763169585.776700,816441153.299700,4731.309551,63116,24808,csn,2.109670e+02,2.358077e+01,-1.404890e+02,-3.718213e-01,1.729999e+02,4,He,380.936523,67105.425502,0.051236,OV
2025-11-15T01:19:47,1763169587.776696,816441155.299696,4733.309551,63116,24808,csn,2.113340e+02,2.358297e+01,-1.404637e+02,-4.968171e-01,1.730840e+02,4,He,340.793077,60040.246852,0.054169,OV
2025-11-15T01:19:49,1763169589.776691,816441157.299691,4735.309551,63116,24808,csn,2.117061e+02,2.358528e+01,-1.404383e+02,-6.217857e-01,1.731682e+02,4,He,333.360428,58735.841575,0.054770,OV
2025-11-15T01:19:51,1763169591.776687,816441159.299687,4737.309551,63116,24808,csn,2.120832e+02,2.358750e+01,-1.404129e+02,-7.467287e-01,1.732497e+02,4,He,333.360428,58740.417121,0.054770,OV
2025-11-15T01:19:53,1763169593.776683,816441161.299683,4739.309551,63116,24808,csn,2.124653e+02,2.358978e+01,-1.403875e+02,-8.716438e-01,1.733306e+02,4,He,352.672283,62149.544701,0.053249,OV
2025-11-15T01:19:55,1763169595.776679,816441163.299679,4741.309551,63116,24808,csn,2.128524e+02,2.359198e+01,-1.403622e+02,-9.965323e-01,1.734088e+02,4,He,379.218395,66833.860960,0.051352,OV
2025-11-15T01:19:57,1763169597.776675,816441165.299675,4743.309551,63116,24808,csn,2.132445e+02,2.359427e+01,-1.403368e+02,-1.121392e+00,1.734866e+02,4,He,459.525704,80994.598970,0.046649,OV
2025-11-15T01:19:59,1763169599.776671,816441167.299671,4745.309551,63116,24808,csn,2.136416e+02,2.359651e+01,-1.403115e+02,-1.246224e+00,1.735620e+02,4,He,571.730190,100779.765687,0.041822,OV
2025-11-15T01:20:01,1763169601.776667,816441169.299667,4747.309551,63116,24808,csn,2.140437e+02,2.359881e+01,-1.402861e+02,-1.371028e+00,1.736366e+02,4,He,772.478772,136177.910738,0.035980,OV
2025-11-15T01:20:03,1763169603.776663,816441171.299663,4749.309551,63116,24808,csn,2.144507e+02,2.360085e+01,-1.402608e+02,-1.495803e+00,1.737056e+02,4,He,776.535787,136900.412326,0.035886,OV
2025-11-15T01:20:05,1763169605.776658,816441173.299658,4751.309551,63116,24808,csn,2.148628e+02,2.360299e+01,-1.402354e+02,-1.620548e+00,1.737743e+02,4,He,508.783993,89704.512993,0.044334,OV
2025-11-15T01:20:07,1763169607.776654,816441175.299654,4753.309551,63116,24808,csn,2.152798e+02,2.360532e+01,-1.402101e+02,-1.745263e+00,1.738438e+02,4,He,354.122036,62446.428603,0.053140,OV
2025-11-15T01:20:09,1763169609.776650,816441177.299651,4755.309551,63116,24808,csn,2.157019e+02,2.360755e+01,-1.401847e+02,-1.869949e+00,1.739097e+02,4,He,414.330684,73070.177286,0.049128,OV
2025-11-15T01:20:11,1763169611.776646,816441179.299646,4757.309551,63116,24808,csn,2.161289e+02,2.360985e+01,-1.401594e+02,-1.994604e+00,1.739747e+02,4,He,434.389266,76614.416630,0.047980,OV
2025-11-15T01:20:13,1763169613.776642,816441181.299642,4759.309551,63116,24808,csn,2.165608e+02,2.361207e+01,-1.401341e+02,-2.119227e+00,1.740364e+02,4,He,414.269553,73074.169201,0.049131,OV
2025-11-15T01:20:15,1763169615.776638,816441183.299638,4761.309551,63116,24808,csn,2.169978e+02,2.361438e+01,-1.401087e+02,-2.243819e+00,1.740971e+02,4,He,591.393571,104331.751104,0.041121,OV
2025-11-15T01:20:17,1763169617.776633,816441185.299633,4763.309551,63116,24808,csn,2.174397e+02,2.361655e+01,-1.400834e+02,-2.368380e+00,1.741538e+02,4,He,870.209217,153529.816683,0.033899,OV
2025-11-15T01:20:19,1763169619.776629,816441187.299630,4765.309551,63116,24808,csn,2.178865e+02,2.361886e+01,-1.400581e+02,-2.492908e+00,1.742100e+02,4,He,845.956765,149263.781195,0.034382,OV
2025-11-15T01:20:21,1763169621.776625,816441189.299626,4767.309551,63116,24808,csn,2.183384e+02,2.362106e+01,-1.400328e+02,-2.617404e+00,1.742623e+02,4,He,745.850214,131616.359694,0.036616,OV
2025-11-15T01:20:23,1763169623.776621,816441191.299621,4769.309551,63116,24808,csn,2.187952e+02,2.362338e+01,-1.400074e+02,-2.741868e+00,1.743140e+02,4,He,645.454778,113909.732129,0.039361,OV
2025-11-15T01:20:25,1763169625.776617,816441193.299617,4771.309551,63116,24808,csn,2.192569e+02,2.362551e+01,-1.399821e+02,-2.866297e+00,1.743603e+02,4,He,549.289488,96948.936921,0.042668,OV
2025-11-15T01:20:27,1763169627.776612,816441195.299612,4773.309551,63116,24808,csn,2.197236e+02,2.362754e+01,-1.399568e+02,-2.990693e+00,1.744026e+02,4,He,489.385377,86385.216006,0.045204,OV
2025-11-15T01:20:29,1763169629.776609,816441197.299609,4775.309551,63116,24808,csn,2.201952e+02,2.362982e+01,-1.399315e+02,-3.115055e+00,1.744460e+02,4,He,449.470388,79349.516796,0.047168,OV
2025-11-15T01:20:31,1763169631.776604,816441199.299604,4777.309551,63116,24808,csn,2.206717e+02,2.363207e+01,-1.399062e+02,-3.239382e+00,1.744862e+02,4,He,469.585320,82908.923152,0.046147,OV
2025-11-15T01:20:33,1763169633.776600,816441201.299600,4779.309551,63116,24808,csn,2.211532e+02,2.363434e+01,-1.398809e+02,-3.363675e+00,1.745241e+02,4,He,546.556364,96510.673857,0.042774,OV
2025-11-15T01:20:35,1763169635.776596,816441203.299596,4781.309551,63116,24808,csn,2.216397e+02,2.363657e+01,-1.398556e+02,-3.487932e+00,1.745585e+02,4,He,707.125859,124878.197653,0.037606,OV
2025-11-15T01:20:37,1763169637.776592,816441205.299592,4783.309551,63116,24808,csn,2.221310e+02,2.363887e+01,-1.398302e+02,-3.612154e+00,1.745911e+02,4,He,677.478100,119651.149480,0.038420,OV
2025-11-15T01:20:39,1763169639.776587,816441207.299587,4785.309551,63116,24808,csn,2.226273e+02,2.364106e+01,-1.398049e+02,-3.736339e+00,1.746191e+02,4,He,498.250834,88006.626569,0.044800,OV
2025-11-15T01:20:41,1763169641.776584,816441209.299584,4787.309551,63116,24808,csn,2.231285e+02,2.364336e+01,-1.397796e+02,-3.860489e+00,1.746459e+02,4,He,458.521879,81000.580251,0.046700,OV
2025-11-15T01:20:43,1763169643.776579,816441211.299579,4789.309551,63116,24808,csn,2.236347e+02,2.364557e+01,-1.397543e+02,-3.984601e+00,1.746684e+02,4,He,478.636805,84564.282282,0.045708,OV
2025-11-15T01:20:45,1763169645.776576,816441213.299575,4791.309551,63116,24808,csn,2.241457e+02,2.364788e+01,-1.397290e+02,-4.108676e+00,1.746895e+02,4,He,550.173568,97214.964035,0.042633,OV
2025-11-15T01:20:47,1763169647.776571,816441215.299571,4793.309551,63116,24808,csn,2.246616e+02,2.365005e+01,-1.397037e+02,-4.232714e+00,1.747052e+02,4,He,628.296269,111029.470266,0.039895,OV
2025-11-15T01:20:49,1763169649.776567,816441217.299567,4795.309551,63116,24808,csn,2.251825e+02,2.365205e+01,-1.396783e+02,-4.356713e+00,1.747156e+02,4,He,488.907977,86406.078791,0.045226,OV
2025-11-15T01:20:51,1763169651.776563,816441219.299563,4797.309551,63116,24808,csn,2.257082e+02,2.365431e+01,-1.396530e+02,-4.480675e+00,1.747266e+02,4,He,373.403464,66003.337935,0.051750,OV
2025-11-15T01:20:53,1763169653.776558,816441221.299558,4799.309551,63116,24808,csn,2.262389e+02,2.365657e+01,-1.396277e+02,-4.604597e+00,1.747345e+02,4,He,393.472666,69558.668109,0.050413,OV
2025-11-15T01:20:55,1763169655.776555,816441223.299554,4801.309551,63116,24808,csn,2.267744e+02,2.365883e+01,-1.396024e+02,-4.728481e+00,1.747393e+02,4,He,468.609255,82853.213399,0.046195,OV
2025-11-15T01:20:57,1763169657.776550,816441225.299550,4803.309551,63116,24808,csn,2.273148e+02,2.366108e+01,-1.395771e+02,-4.852324e+00,1.747408e+02,4,He,669.358799,118363.659301,0.038652,OV
2025-11-15T01:20:59,1763169659.776546,816441227.299546,4805.309551,63116,24808,csn,2.278602e+02,2.366336e+01,-1.395517e+02,-4.976129e+00,1.747397e+02,4,He,759.499842,134316.075863,0.036286,OV
2025-11-15T01:21:01,1763169661.776542,816441229.299542,4807.309551,63116,24808,csn,2.284103e+02,2.366556e+01,-1.395264e+02,-5.099893e+00,1.747343e+02,4,He,719.677793,127288.143832,0.037276,OV
2025-11-15T01:21:03,1763169663.776537,816441231.299537,4809.309551,63116,24808,csn,2.289654e+02,2.366785e+01,-1.395011e+02,-5.223617e+00,1.747270e+02,4,He,727.818068,128745.460661,0.037067,OV
2025-11-15T01:21:05,1763169665.776533,816441233.299533,4811.309551,63116,24808,csn,2.295253e+02,2.367006e+01,-1.394757e+02,-5.347299e+00,1.747156e+02,4,He,767.963867,135865.030979,0.036085,OV
2025-11-15T01:21:07,1763169667.776530,816441235.299530,4813.309551,63116,24808,csn,2.300901e+02,2.367237e+01,-1.394504e+02,-5.470940e+00,1.747025e+02,4,He,717.203322,126898.445300,0.037340,OV
2025-11-15T01:21:09,1763169669.776526,816441237.299526,4815.309551,63116,24808,csn,2.306598e+02,2.367456e+01,-1.394250e+02,-5.594539e+00,1.746846e+02,4,He,636.906090,112705.252355,0.039624,OV
2025-11-15T01:21:11,1763169671.776521,816441239.299521,4817.309551,63116,24808,csn,2.312343e+02,2.367663e+01,-1.393997e+02,-5.718096e+00,1.746621e+02,4,He,665.893960,117852.564377,0.038752,OV
2025-11-15T01:21:13,1763169673.776517,816441241.299517,4819.309551,63116,24808,csn,2.318137e+02,2.367904e+01,-1.393744e+02,-5.841611e+00,1.746413e+02,4,He,697.747714,123506.514062,0.037857,OV
2025-11-15T01:21:15,1763169675.776512,816441243.299513,4821.309551,63116,24808,csn,2.323979e+02,2.368103e+01,-1.393490e+02,-5.965083e+00,1.746119e+02,4,He,577.324067,102201.056222,0.041619,OV
2025-11-15T01:21:17,1763169677.776508,816441245.299508,4823.309551,63116,24808,csn,2.329870e+02,2.368333e+01,-1.393236e+02,-6.088512e+00,1.745839e+02,4,He,489.749013,86710.907675,0.045187,OV
2025-11-15T01:21:19,1763169679.776504,816441247.299504,4825.309551,63116,24808,csn,2.335809e+02,2.368557e+01,-1.392983e+02,-6.211897e+00,1.745522e+02,4,He,529.754459,93806.813020,0.043447,OV
2025-11-15T01:21:21,1763169681.776500,816441249.299500,4827.309551,63116,24808,csn,2.341796e+02,2.368784e+01,-1.392729e+02,-6.335238e+00,1.745180e+02,4,He,605.027452,107150.617608,0.040655,OV
2025-11-15T01:21:23,1763169683.776496,816441251.299496,4829.309551,63116,24808,csn,2.347832e+02,2.369005e+01,-1.392475e+02,-6.458535e+00,1.744804e+02,4,He,744.447775,131858.582174,0.036651,OV
2025-11-15T01:21:25,1763169685.776492,816441253.299492,4831.309551,63116,24808,csn,2.353915e+02,2.369233e+01,-1.392222e+02,-6.581787e+00,1.744409e+02,4,He,675.453102,119647.518391,0.038477,OV
2025-11-15T01:21:27,1763169687.776488,816441255.299488,4833.309551,63116,24808,csn,2.360047e+02,2.369456e+01,-1.391968e+02,-6.704993e+00,1.743983e+02,4,He,393.617570,69733.420529,0.050404,OV
2025-11-15T01:21:29,1763169689.776484,816441257.299484,4835.309551,63116,24808,csn,2.366228e+02,2.369686e+01,-1.391714e+02,-6.828156e+00,1.743540e+02,4,He,309.459479,54834.680031,0.056846,OV
2025-11-15T01:21:31,1763169691.776479,816441259.299479,4837.309551,63116,24808,csn,2.372456e+02,2.369908e+01,-1.391460e+02,-6.951271e+00,1.743061e+02,4,He,329.539908,58400.105198,0.055087,OV
2025-11-15T01:21:33,1763169693.776475,816441261.299476,4839.309551,63116,24808,csn,2.378732e+02,2.370138e+01,-1.391206e+02,-7.074342e+00,1.742568e+02,4,He,413.987798,73378.512539,0.049148,OV
2025-11-15T01:21:35,1763169695.776471,816441263.299471,4841.309551,63116,24808,csn,2.385057e+02,2.370356e+01,-1.390952e+02,-7.197365e+00,1.742038e+02,4,He,513.559791,91038.571611,0.044127,OV
2025-11-15T01:21:37,1763169697.776467,816441265.299467,4843.309551,63116,24808,csn,2.391429e+02,2.370588e+01,-1.390698e+02,-7.320342e+00,1.741501e+02,4,He,594.845728,105463.436883,0.041001,OV
2025-11-15T01:21:39,1763169699.776463,816441267.299463,4845.309551,63116,24808,csn,2.397849e+02,2.370801e+01,-1.390444e+02,-7.443270e+00,1.740921e+02,4,He,662.546555,117480.281350,0.038850,OV
2025-11-15T01:21:41,1763169701.776458,816441269.299458,4847.309551,63116,24808,csn,2.404317e+02,2.371004e+01,-1.390189e+02,-7.566152e+00,1.740308e+02,4,He,622.391502,110376.440447,0.040084,OV
2025-11-15T01:21:43,1763169703.776455,816441271.299455,4849.309551,63116,24808,csn,2.410833e+02,2.371237e+01,-1.389935e+02,-7.688985e+00,1.739707e+02,4,He,556.456847,98697.575420,0.042392,OV
2025-11-15T01:21:45,1763169705.776450,816441273.299450,4851.309551,63116,24808,csn,2.417397e+02,2.371446e+01,-1.389681e+02,-7.811772e+00,1.739062e+02,4,He,417.045647,73979.061062,0.048968,OV
2025-11-15T01:21:47,1763169707.776446,816441275.299446,4853.309551,63116,24808,csn,2.424008e+02,2.371715e+01,-1.389426e+02,-7.934504e+00,1.738457e+02,4,He,327.125007,58038.134295,0.055290,OV
2025-11-15T01:21:49,1763169709.776443,816441277.299443,4855.309551,63116,24808,csn,2.430667e+02,2.371821e+01,-1.389172e+02,-8.057206e+00,1.737667e+02,4,He,311.525668,55278.746093,0.056657,OV
2025-11-15T01:21:51,1763169711.776438,816441279.299438,4857.309551,63116,24808,csn,2.437373e+02,2.372089e+01,-1.388917e+02,-8.179840e+00,1.737025e+02,4,He,295.817913,52500.042774,0.058142,OV
2025-11-15T01:21:53,1763169713.776433,816441281.299433,4859.309551,63116,24808,csn,2.444127e+02,2.372390e+01,-1.388662e+02,-8.302421e+00,1.736397e+02,4,He,275.832080,48959.167459,0.060211,OV
2025-11-15T01:21:55,1763169715.776429,816441283.299429,4861.309551,63116,24808,csn,2.450929e+02,2.372630e+01,-1.388408e+02,-8.424958e+00,1.735691e+02,4,He,255.846241,45418.291089,0.062519,OV
2025-11-15T01:21:57,1763169717.776425,816441285.299425,4863.309551,63116,24808,csn,2.457778e+02,2.372836e+01,-1.388153e+02,-8.547449e+00,1.734933e+02,4,He,235.860395,41877.413663,0.065114,OV
2025-11-15T01:21:59,1763169719.776422,816441287.299421,4865.309551,63116,24808,csn,2.464674e+02,2.373037e+01,-1.387898e+02,-8.669888e+00,1.734157e+02,4,He,271.084698,48141.506947,0.060736,OV
2025-11-15T01:22:01,1763169721.776417,816441289.299417,4867.309551,63116,24808,csn,2.471618e+02,2.373250e+01,-1.387643e+02,-8.792273e+00,1.733377e+02,4,He,423.786294,75268.819776,0.048577,OV
2025-11-15T01:22:03,1763169723.776413,816441291.299413,4869.309551,63116,24808,csn,2.478609e+02,2.373486e+01,-1.387388e+02,-8.914609e+00,1.732603e+02,4,He,599.075529,106421.509301,0.040856,OV
2025-11-15T01:22:05,1763169725.776412,816441293.299409,4871.309551,63116,24808,csn,2.485647e+02,2.373715e+01,-1.387132e+02,-9.036891e+00,1.731809e+02,4,He,630.589831,112032.882175,0.039822,OV
2025-11-15T01:22:07,1763169727.776411,816441295.299405,4873.309551,63116,24808,csn,2.492732e+02,2.373932e+01,-1.386877e+02,-9.159123e+00,1.730990e+02,4,He,454.199573,80707.633328,0.046922,OV
2025-11-15T01:22:09,1763169729.776312,816441297.299401,4875.309551,63116,24808,csn,2.499864e+02,2.374153e+01,-1.386622e+02,-9.281301e+00,1.730162e+02,4,He,444.445580,78986.430649,0.047434,OV
2025-11-15T01:22:11,1763169731.777323,816441299.299396,4877.309551,63116,24808,csn,2.507044e+02,2.374381e+01,-1.386366e+02,-9.403427e+00,1.729327e+02,4,He,444.445580,78998.798918,0.047434,OV
2025-11-15T01:22:13,1763169733.776192,816441301.299392,4879.309551,63116,24808,csn,2.514270e+02,2.374596e+01,-1.386110e+02,-9.525499e+00,1.728470e+02,4,He,446.213037,79326.141977,0.047340,OV
2025-11-15T01:22:15,1763169735.776983,816441303.299387,4881.309551,63116,24808,csn,2.521543e+02,2.374827e+01,-1.385855e+02,-9.647518e+00,1.727613e+02,4,He,497.153890,88396.017364,0.044849,OV
2025-11-15T01:22:17,1763169737.777411,816441305.299383,4883.309551,63116,24808,csn,2.528864e+02,2.375062e+01,-1.385599e+02,-9.769483e+00,1.726747e+02,4,He,474.737069,84421.345294,0.045896,OV
2025-11-15T01:22:19,1763169739.777388,816441307.299379,4885.309551,63116,24808,csn,2.536231e+02,2.375279e+01,-1.385343e+02,-9.891394e+00,1.725857e+02,4,He,393.514128,69988.757789,0.050410,OV
2025-11-15T01:22:21,1763169741.777374,816441309.299375,4887.309551,63116,24808,csn,2.543645e+02,2.375512e+01,-1.385087e+02,-1.001325e+01,1.724969e+02,4,He,266.691784,47439.982513,0.061234,OV
2025-11-15T01:22:23,1763169743.777371,816441311.299371,4889.309551,63116,24808,csn,2.551105e+02,2.375716e+01,-1.384831e+02,-1.013505e+01,1.724050e+02,4,He,321.472499,57197.950726,0.055774,OV
2025-11-15T01:22:25,1763169745.777367,816441313.299367,4891.309551,63116,24808,csn,2.558612e+02,2.375961e+01,-1.384574e+02,-1.025680e+01,1.723150e+02,4,He,429.530799,76432.878448,0.048251,OV
2025-11-15T01:22:27,1763169747.777362,816441315.299363,4893.309551,63116,24808,csn,2.566166e+02,2.376166e+01,-1.384318e+02,-1.037849e+01,1.722213e+02,4,He,352.920509,62811.601755,0.053231,OV
2025-11-15T01:22:29,1763169749.777359,816441317.299359,4895.309551,63116,24808,csn,2.573766e+02,2.376404e+01,-1.384061e+02,-1.050012e+01,1.721289e+02,4,He,295.867067,52665.901172,0.058137,OV
2025-11-15T01:22:31,1763169751.777354,816441319.299355,4897.309551,63116,24808,csn,2.581413e+02,2.376626e+01,-1.383805e+02,-1.062170e+01,1.720346e+02,4,He,280.312413,49906.375390,0.059728,OV
2025-11-15T01:22:33,1763169753.777350,816441321.299350,4899.309551,63116,24808,csn,2.589106e+02,2.376851e+01,-1.383548e+02,-1.074322e+01,1.719397e+02,4,He,356.634636,63504.342587,0.052953,OV
2025-11-15T01:22:35,1763169755.777346,816441323.299346,4901.309551,63116,24808,csn,2.596846e+02,2.377087e+01,-1.383291e+02,-1.086469e+01,1.718447e+02,4,He,328.661443,58533.075530,0.055160,OV
2025-11-15T01:22:37,1763169757.777342,816441325.299342,4903.309551,63116,24808,csn,2.604632e+02,2.377314e+01,-1.383034e+02,-1.098610e+01,1.717483e+02,4,He,287.047657,51131.827321,0.059023,OV
2025-11-15T01:22:39,1763169759.777338,816441327.299338,4905.309551,63116,24808,csn,2.612464e+02,2.377537e+01,-1.382777e+02,-1.110745e+01,1.716509e+02,4,He,261.643203,46614.215706,0.061822,OV
2025-11-15T01:22:41,1763169761.777334,816441329.299334,4907.309551,63116,24808,csn,2.620342e+02,2.377754e+01,-1.382519e+02,-1.122874e+01,1.715525e+02,4,He,236.399939,42124.359052,0.065039,OV
2025-11-15T01:22:43,1763169763.777329,816441331.299329,4909.309551,63116,24808,csn,2.628266e+02,2.377977e+01,-1.382262e+02,-1.134997e+01,1.714538e+02,4,He,233.470144,41610.440042,0.065446,OV
2025-11-15T01:22:45,1763169765.777326,816441333.299325,4911.309551,63116,24808,csn,2.636237e+02,2.378222e+01,-1.382004e+02,-1.147115e+01,1.713556e+02,4,He,258.957479,46160.165237,0.062142,OV
2025-11-15T01:22:47,1763169767.777321,816441335.299321,4913.309551,63116,24808,csn,2.644253e+02,2.378425e+01,-1.381747e+02,-1.159227e+01,1.712545e+02,4,He,159.087272,28361.207610,0.079283,OV
2025-11-15T01:22:49,1763169769.777317,816441337.299317,4915.309551,63116,24808,csn,2.652316e+02,2.378661e+01,-1.381489e+02,-1.171332e+01,1.711546e+02,4,He,219.031168,39059.541316,0.067569,OV
2025-11-15T01:22:51,1763169771.777313,816441339.299313,4917.309551,63116,24808,csn,2.660424e+02,2.378883e+01,-1.381231e+02,-1.183432e+01,1.710533e+02,4,He,394.260292,70314.184918,0.050363,OV
2025-11-15T01:22:53,1763169773.777309,816441341.299309,4919.309551,63116,24808,csn,2.668578e+02,2.379111e+01,-1.380972e+02,-1.195526e+01,1.709518e+02,4,He,217.920605,38869.549401,0.067741,OV
2025-11-15T01:22:55,1763169775.777304,816441343.299304,4921.309551,63116,24808,csn,2.676778e+02,2.379345e+01,-1.380714e+02,-1.207614e+01,1.708500e+02,4,He,240.541392,42917.275691,0.064477,OV
2025-11-15T01:22:57,1763169777.777301,816441345.299301,4923.309551,63116,24808,csn,2.685023e+02,2.379567e+01,-1.380456e+02,-1.219696e+01,1.707471e+02,4,He,339.920752,60654.892855,0.054239,OV
2025-11-15T01:22:59,1763169779.777297,816441347.299297,4925.309551,63116,24808,csn,2.693314e+02,2.379799e+01,-1.380197e+02,-1.231771e+01,1.706442e+02,4,He,136.268343,24317.956273,0.085665,OV
2025-11-15T01:23:01,1763169781.777292,816441349.299292,4927.309551,63116,24808,csn,2.701651e+02,2.380005e+01,-1.379938e+02,-1.243841e+01,1.705396e+02,4,He,286.287220,51108.102653,0.059102,OV
2025-11-15T01:23:03,1763169783.777288,816441351.299288,4929.309551,63116,24808,csn,2.710033e+02,2.380244e+01,-1.379679e+02,-1.255905e+01,1.704361e+02,4,He,476.306435,85035.542053,0.045820,OV
2025-11-15T01:23:05,1763169785.777283,816441353.299283,4931.309551,63116,24808,csn,2.718461e+02,2.380477e+01,-1.379420e+02,-1.267962e+01,1.703318e+02,4,He,299.969226,53564.100583,0.057738,OV
2025-11-15T01:23:07,1763169787.777280,816441355.299280,4933.309551,63116,24808,csn,2.726933e+02,2.380690e+01,-1.379161e+02,-1.280013e+01,1.702262e+02,4,He,357.257780,63809.691609,0.052907,OV
2025-11-15T01:23:09,1763169789.777275,816441357.299275,4935.309551,63116,24808,csn,2.735452e+02,2.380926e+01,-1.378902e+02,-1.292058e+01,1.701212e+02,4,He,396.399799,70809.192645,0.050227,OV
2025-11-15T01:23:11,1763169791.777271,816441359.299271,4937.309551,63116,24808,csn,2.744015e+02,2.381165e+01,-1.378642e+02,-1.304096e+01,1.700159e+02,4,He,243.698184,43539.831091,0.064058,OV
2025-11-15T01:23:13,1763169793.777267,816441361.299267,4939.309551,63116,24808,csn,2.752624e+02,2.381371e+01,-1.378382e+02,-1.316129e+01,1.699088e+02,4,He,244.174056,43634.743123,0.063996,OV
2025-11-15T01:23:15,1763169795.777263,816441363.299263,4941.309551,63116,24808,csn,2.761278e+02,2.381604e+01,-1.378122e+02,-1.328155e+01,1.698025e+02,4,He,249.140622,44529.959399,0.063355,OV
2025-11-15T01:23:17,1763169797.777259,816441365.299259,4943.309551,63116,24808,csn,2.769976e+02,2.381821e+01,-1.377862e+02,-1.340174e+01,1.696953e+02,4,He,223.913373,40028.381304,0.066828,OV
2025-11-15T01:23:19,1763169799.777255,816441367.299255,4945.309551,63116,24808,csn,2.778720e+02,2.382056e+01,-1.377602e+02,-1.352187e+01,1.695883e+02,4,He,174.855016,31263.977984,0.075624,OV
2025-11-15T01:23:21,1763169801.777251,816441369.299251,4947.309551,63116,24808,csn,2.787509e+02,2.382286e+01,-1.377341e+02,-1.364194e+01,1.694809e+02,4,He,124.026285,22180.081363,0.089793,OV
2025-11-15T01:23:23,1763169803.777246,816441371.299246,4949.309551,63116,24808,csn,2.796342e+02,2.382508e+01,-1.377081e+02,-1.376195e+01,1.693728e+02,4,He,75.082288,13430.194469,0.115407,OV
2025-11-15T01:23:25,1763169805.777242,816441373.299242,4951.309551,63116,24808,csn,2.805221e+02,2.382741e+01,-1.376820e+02,-1.388188e+01,1.692648e+02,4,He,126.025644,22547.367338,0.089078,OV
2025-11-15T01:23:27,1763169807.777238,816441375.299238,4953.309551,63116,24808,csn,2.814144e+02,2.382976e+01,-1.376559e+02,-1.400176e+01,1.691566e+02,4,He,205.286455,36735.988490,0.069794,OV
2025-11-15T01:23:29,1763169809.777234,816441377.299234,4955.309551,63116,24808,csn,2.823112e+02,2.383194e+01,-1.376298e+02,-1.412157e+01,1.690475e+02,4,He,288.708363,51671.983148,0.058853,OV
2025-11-15T01:23:31,1763169811.777230,816441379.299230,4957.309551,63116,24808,csn,2.832124e+02,2.383424e+01,-1.376036e+02,-1.424131e+01,1.689386e+02,4,He,212.380271,38017.373254,0.068619,OV
2025-11-15T01:23:33,1763169813.777225,816441381.299225,4959.309551,63116,24808,csn,2.841181e+02,2.383660e+01,-1.375775e+02,-1.436098e+01,1.688296e+02,4,He,136.001631,24349.259939,0.085749,OV
2025-11-15T01:23:35,1763169815.777221,816441383.299221,4961.309551,63116,24808,csn,2.850282e+02,2.383883e+01,-1.375513e+02,-1.448059e+01,1.687199e+02,4,He,78.919082,14133.559843,0.112566,OV
2025-11-15T01:23:37,1763169817.777217,816441385.299217,4963.309551,63116,24808,csn,2.859428e+02,2.384110e+01,-1.375251e+02,-1.460014e+01,1.686101e+02,4,He,104.426428,18705.165588,0.097858,OV
2025-11-15T01:23:39,1763169819.777213,816441387.299213,4965.309551,63116,24808,csn,2.868617e+02,2.384346e+01,-1.374989e+02,-1.471961e+01,1.685003e+02,4,He,203.704340,36496.786113,0.070065,OV
2025-11-15T01:23:41,1763169821.777209,816441389.299209,4967.309551,63116,24808,csn,2.877852e+02,2.384568e+01,-1.374726e+02,-1.483902e+01,1.683899e+02,4,He,282.845734,50682.140631,0.059460,OV
2025-11-15T01:23:43,1763169823.777204,816441391.299204,4969.309551,63116,24808,csn,2.887130e+02,2.384793e+01,-1.374464e+02,-1.495837e+01,1.682794e+02,4,He,231.953955,41571.329140,0.065660,OV
2025-11-15T01:23:45,1763169825.777200,816441393.299200,4971.309551,63116,24808,csn,2.896452e+02,2.385030e+01,-1.374201e+02,-1.507764e+01,1.681690e+02,4,He,242.898836,43542.224795,0.064163,OV
2025-11-15T01:23:47,1763169827.777196,816441395.299196,4973.309551,63116,24808,csn,2.905819e+02,2.385257e+01,-1.373938e+02,-1.519685e+01,1.680581e+02,4,He,214.197257,38402.539355,0.068327,OV
2025-11-15T01:23:49,1763169829.777192,816441397.299192,4975.309551,63116,24808,csn,2.915229e+02,2.385480e+01,-1.373675e+02,-1.531598e+01,1.679469e+02,4,He,86.867108,15577.564325,0.107293,OV
2025-11-15T01:23:51,1763169831.777188,816441399.299188,4977.309551,63116,24808,csn,2.924684e+02,2.385726e+01,-1.373411e+02,-1.543505e+01,1.678361e+02,4,He,74.082613,13288.164177,0.116183,OV
2025-11-15T01:23:53,1763169833.777184,816441401.299184,4979.309551,63116,24808,csn,2.934182e+02,2.385946e+01,-1.373147e+02,-1.555405e+01,1.677245e+02,4,He,63.145627,11328.218078,0.125843,OV
2025-11-15T01:23:55,1763169835.777180,816441403.299180,4981.309551,63116,24808,csn,2.943724e+02,2.386191e+01,-1.372884e+02,-1.567298e+01,1.676134e+02,4,He,37.686666,6762.451082,0.162894,OV
2025-11-15T01:23:57,1763169837.777176,816441405.299176,4983.309551,63116,24808,csn,2.953309e+02,2.386410e+01,-1.372620e+02,-1.579185e+01,1.675014e+02,4,He,136.316821,24468.131868,0.085650,OV
2025-11-15T01:23:59,1763169839.777172,816441407.299172,4985.309551,63116,24808,csn,2.962938e+02,2.386633e+01,-1.372355e+02,-1.591064e+01,1.673894e+02,4,He,211.713598,38007.370742,0.068727,OV
2025-11-15T01:24:01,1763169841.777167,816441409.299167,4987.309551,63116,24808,csn,2.972611e+02,2.386877e+01,-1.372091e+02,-1.602936e+01,1.672777e+02,4,He,254.465390,45690.041817,0.062688,OV
2025-11-15T01:24:03,1763169843.777163,816441411.299163,4989.309551,63116,24808,csn,2.982328e+02,2.387096e+01,-1.371826e+02,-1.614801e+01,1.671653e+02,4,He,178.858034,32119.918438,0.074773,OV
2025-11-15T01:24:05,1763169845.777158,816441413.299158,4991.309551,63116,24808,csn,2.992087e+02,2.387343e+01,-1.371561e+02,-1.626659e+01,1.670534e+02,4,He,133.081596,23904.830283,0.086684,OV
2025-11-15T01:24:07,1763169847.777155,816441415.299155,4993.309551,63116,24808,csn,3.001890e+02,2.387565e+01,-1.371296e+02,-1.638510e+01,1.669408e+02,4,He,111.195882,19978.668498,0.094832,OV
2025-11-15T01:24:09,1763169849.777151,816441417.299151,4995.309551,63116,24808,csn,3.011736e+02,2.387794e+01,-1.371030e+02,-1.650354e+01,1.668282e+02,4,He,111.195882,19982.708515,0.094832,OV
2025-11-15T01:24:11,1763169851.777146,816441419.299146,4997.309551,63116,24808,csn,3.021626e+02,2.388030e+01,-1.370765e+02,-1.662191e+01,1.667157e+02,4,He,250.570869,45043.119670,0.063173,OV
2025-11-15T01:24:13,1763169853.777142,816441421.299142,4999.309551,63116,24808,csn,3.031558e+02,2.388254e+01,-1.370499e+02,-1.674020e+01,1.666028e+02,4,He,343.797298,61806.257202,0.053932,OV
2025-11-15T01:24:15,1763169855.777138,816441423.299138,5001.309551,63116,24808,csn,3.041534e+02,2.388478e+01,-1.370232e+02,-1.685842e+01,1.664897e+02,4,He,66.637799,11979.829374,0.122501,OV
2025-11-15T01:24:17,1763169857.777134,816441425.299134,5003.309551,63116,24808,csn,3.051553e+02,2.388717e+01,-1.369966e+02,-1.697658e+01,1.663769e+02,4,He,116.030617,20871.961780,0.092835,OV
2025-11-15T01:24:19,1763169859.777130,816441427.299130,5005.309551,63116,24808,csn,3.061614e+02,2.388951e+01,-1.369699e+02,-1.709465e+01,1.662639e+02,4,He,199.094714,35815.244378,0.070871,OV
2025-11-15T01:24:21,1763169861.777126,816441429.299126,5007.309551,63116,24808,csn,3.071718e+02,2.389189e+01,-1.369432e+02,-1.721266e+01,1.661508e+02,4,He,123.020626,22135.535872,0.090159,OV
2025-11-15T01:24:23,1763169863.777121,816441431.299121,5009.309551,63116,24808,csn,3.081865e+02,2.389425e+01,-1.369165e+02,-1.733059e+01,1.660376e+02,4,He,68.151656,12264.758419,0.121133,OV
2025-11-15T01:24:25,1763169865.777117,816441433.299117,5011.309551,63116,24808,csn,3.092055e+02,2.389655e+01,-1.368898e+02,-1.744845e+01,1.659242e+02,4,He,66.599821,11990.242677,0.122536,OV
2025-11-15T01:24:27,1763169867.777113,816441435.299113,5013.309551,63116,24808,csn,3.102288e+02,2.389875e+01,-1.368630e+02,-1.756624e+01,1.658105e+02,4,He,142.480607,25654.614363,0.083776,OV
2025-11-15T01:24:29,1763169869.777109,816441437.299109,5015.309551,63116,24808,csn,3.112562e+02,2.390111e+01,-1.368362e+02,-1.768395e+01,1.656971e+02,4,He,148.205345,26690.711717,0.082143,OV
2025-11-15T01:24:31,1763169871.777105,816441439.299105,5017.309551,63116,24808,csn,3.122880e+02,2.390336e+01,-1.368094e+02,-1.780159e+01,1.655834e+02,4,He,172.105370,31002.385572,0.076226,OV
2025-11-15T01:24:33,1763169873.777100,816441441.299100,5019.309551,63116,24808,csn,3.133240e+02,2.390588e+01,-1.367826e+02,-1.791915e+01,1.654700e+02,4,He,221.523648,39911.671996,0.067188,OV
2025-11-15T01:24:35,1763169875.777097,816441443.299096,5021.309551,63116,24808,csn,3.143642e+02,2.390807e+01,-1.367557e+02,-1.803664e+01,1.653560e+02,4,He,170.624158,30747.688418,0.076556,OV
2025-11-15T01:24:37,1763169877.777092,816441445.299092,5023.309551,63116,24808,csn,3.154086e+02,2.391058e+01,-1.367288e+02,-1.815405e+01,1.652425e+02,4,He,91.791916,16543.866733,0.104375,OV
2025-11-15T01:24:39,1763169879.777088,816441447.299088,5025.309551,63116,24808,csn,3.164572e+02,2.391275e+01,-1.367019e+02,-1.827139e+01,1.651284e+02,4,He,13.678655,2466.995396,0.270382,OV
2025-11-15T01:24:41,1763169881.777084,816441449.299084,5027.309551,63116,24808,csn,3.175101e+02,2.391506e+01,-1.366749e+02,-1.838865e+01,1.650145e+02,4,He,166.437280,30017.571678,0.077513,OV
2025-11-15T01:24:43,1763169883.777080,816441451.299080,5029.309551,63116,24808,csn,3.185671e+02,2.391740e+01,-1.366479e+02,-1.850584e+01,1.649005e+02,4,He,157.640754,28432.926445,0.079646,OV
2025-11-15T01:24:45,1763169885.777076,816441453.299076,5031.309551,63116,24808,csn,3.196284e+02,2.391996e+01,-1.366209e+02,-1.862295e+01,1.647867e+02,4,He,69.511757,12540.920989,0.119942,OV
2025-11-15T01:24:47,1763169887.777072,816441455.299072,5033.309551,63116,24808,csn,3.206938e+02,2.392219e+01,-1.365939e+02,-1.873998e+01,1.646725e+02,4,He,44.052793,7949.312259,0.150665,OV
2025-11-15T01:24:49,1763169889.777068,816441457.299068,5035.309551,63116,24808,csn,3.217634e+02,2.392455e+01,-1.365668e+02,-1.885694e+01,1.645584e+02,4,He,37.039747,6685.672886,0.164311,OV
2025-11-15T01:24:51,1763169891.777063,816441459.299063,5037.309551,63116,24808,csn,3.228372e+02,2.392673e+01,-1.365397e+02,-1.897382e+01,1.644441e+02,4,He,37.039747,6687.269729,0.164311,OV
2025-11-15T01:24:53,1763169893.777058,816441461.299058,5039.309551,63116,24808,csn,3.239152e+02,2.392928e+01,-1.365126e+02,-1.909063e+01,1.643301e+02,4,He,37.039747,6688.745542,0.164311,OV
2025-11-15T01:24:55,1763169895.777055,816441463.299054,5041.309551,63116,24808,csn,3.249973e+02,2.393166e+01,-1.364855e+02,-1.920736e+01,1.642159e+02,4,He,77.788781,14051.509116,0.113381,OV
2025-11-15T01:24:57,1763169897.777050,816441465.299050,5043.309551,63116,24808,csn,3.260835e+02,2.393393e+01,-1.364583e+02,-1.932401e+01,1.641015e+02,4,He,128.731968,23258.099266,0.088137,OV
2025-11-15T01:24:59,1763169899.777046,816441467.299046,5045.309551,63116,24808,csn,3.271739e+02,2.393617e+01,-1.364311e+02,-1.944058e+01,1.639871e+02,4,He,179.631145,32461.037868,0.074612,OV
2025-11-15T01:25:01,1763169901.777042,816441469.299042,5047.309551,63116,24808,csn,3.282684e+02,2.393860e+01,-1.364038e+02,-1.955707e+01,1.638729e+02,4,He,117.982513,21323.569775,0.092064,OV
2025-11-15T01:25:03,1763169903.777038,816441471.299038,5049.309551,63116,24808,csn,3.293671e+02,2.394108e+01,-1.363766e+02,-1.967349e+01,1.637586e+02,4,He,52.722434,9530.735990,0.137722,OV
2025-11-15T01:25:05,1763169905.777034,816441473.299034,5051.309551,63116,24808,csn,3.304699e+02,2.394328e+01,-1.363493e+02,-1.978983e+01,1.636441e+02,4,He,1.806658,326.592978,0.743981,OV
2025-11-15T01:25:07,1763169907.777030,816441475.299030,5053.309551,63116,24808,csn,3.315767e+02,2.394577e+01,-1.363220e+02,-1.990608e+01,1.635298e+02,4,He,0.000000,0.000000,0.000000,OV
2025-11-15T01:25:09,1763169909.777026,816441477.299026,5055.309551,63116,24808,csn,3.326877e+02,2.394798e+01,-1.362946e+02,-2.002226e+01,1.634153e+02,4,He,25.942297,4694.514187,0.196334,OV
2025-11-15T01:25:11,1763169911.777021,816441479.299021,5057.309551,63116,24808,csn,3.338028e+02,2.395049e+01,-1.362672e+02,-2.013837e+01,1.633009e+02,4,He,78.205088,14152.430874,0.113079,OV
2025-11-15T01:25:13,1763169913.777017,816441481.299017,5059.309551,63116,24808,csn,3.349220e+02,2.395274e+01,-1.362398e+02,-2.025439e+01,1.631864e+02,4,He,153.831971,27846.110957,0.080626,OV
2025-11-15T01:25:15,1763169915.777013,816441483.299013,5061.309551,63116,24808,csn,3.360452e+02,2.395505e+01,-1.362123e+02,-2.037033e+01,1.630719e+02,4,He,170.370918,30845.060198,0.076613,OV
2025-11-15T01:25:17,1763169917.777009,816441485.299008,5063.309551,63116,24808,csn,3.371725e+02,2.395761e+01,-1.361848e+02,-2.048619e+01,1.629575e+02,4,He,161.342630,29218.581926,0.078727,OV
2025-11-15T01:25:19,1763169919.777005,816441487.299005,5065.309551,63116,24808,csn,3.383039e+02,2.395986e+01,-1.361573e+02,-2.060197e+01,1.628430e+02,4,He,262.785311,47601.533596,0.061688,OV
2025-11-15T01:25:21,1763169921.777000,816441489.299000,5067.309551,63116,24808,csn,3.394393e+02,2.396221e+01,-1.361298e+02,-2.071767e+01,1.627285e+02,4,He,228.162557,41335.948698,0.066203,OV
2025-11-15T01:25:23,1763169923.776996,816441491.298996,5069.309551,63116,24808,csn,3.405788e+02,2.396475e+01,-1.361022e+02,-2.083329e+01,1.626141e+02,4,He,148.205345,26857.983800,0.082143,OV
2025-11-15T01:25:25,1763169925.776992,816441493.298992,5071.309551,63116,24808,csn,3.417223e+02,2.396710e+01,-1.360746e+02,-2.094883e+01,1.624996e+02,4,He,148.205345,26864.622508,0.082143,OV
2025-11-15T01:25:27,1763169927.776988,816441495.298988,5073.309551,63116,24808,csn,3.428699e+02,2.396948e+01,-1.360469e+02,-2.106429e+01,1.623850e+02,4,He,148.205345,26871.261220,0.082143,OV
2025-11-15T01:25:29,1763169929.776984,816441497.298984,5075.309551,63116,24808,csn,3.440215e+02,2.397187e+01,-1.360193e+02,-2.117967e+01,1.622705e+02,4,He,175.148884,31766.379148,0.075561,OV
2025-11-15T01:25:31,1763169931.776979,816441499.298979,5077.309551,63116,24808,csn,3.451771e+02,2.397425e+01,-1.359916e+02,-2.129496e+01,1.621560e+02,4,He,207.630781,37666.344579,0.069399,OV
2025-11-15T01:25:33,1763169933.776976,816441501.298975,5079.309551,63116,24808,csn,3.463367e+02,2.397664e+01,-1.359638e+02,-2.141018e+01,1.620415e+02,4,He,166.873779,30276.869658,0.077412,OV
2025-11-15T01:25:35,1763169935.776971,816441503.298971,5081.309551,63116,24808,csn,3.475003e+02,2.397915e+01,-1.359360e+02,-2.152531e+01,1.619271e+02,4,He,72.052010,13076.748538,0.117809,OV
2025-11-15T01:25:37,1763169937.776967,816441505.298967,5083.309551,63116,24808,csn,3.486678e+02,2.398143e+01,-1.359082e+02,-2.164036e+01,1.618126e+02,4,He,46.505257,8441.997147,0.146639,OV
2025-11-15T01:25:39,1763169939.776963,816441507.298963,5085.309551,63116,24808,csn,3.498394e+02,2.398377e+01,-1.358804e+02,-2.175533e+01,1.616981e+02,4,He,101.162333,18371.577800,0.099424,OV
2025-11-15T01:25:41,1763169941.776959,816441509.298959,5087.309551,63116,24808,csn,3.510150e+02,2.398614e+01,-1.358525e+02,-2.187021e+01,1.615836e+02,4,He,167.480884,30417.838665,0.077271,OV
2025-11-15T01:25:43,1763169943.776955,816441511.298955,5089.309551,63116,24808,csn,3.521945e+02,2.398916e+01,-1.358246e+02,-2.198501e+01,1.614692e+02,4,He,65.615384,11918.841260,0.123452,OV
2025-11-15T01:25:45,1763169945.776951,816441513.298951,5091.309551,63116,24808,csn,3.533780e+02,2.399219e+01,-1.357966e+02,-2.209973e+01,1.613547e+02,4,He,18.911048,3435.790846,0.229955,OV
2025-11-15T01:25:47,1763169947.776947,816441515.298946,5093.309551,63116,24808,csn,3.545654e+02,2.394944e+01,-1.357686e+02,-2.221436e+01,1.612403e+02,4,He,0.000000,0.000000,0.000000,OV
2025-11-15T01:25:49,1763169949.776942,816441517.298942,5095.309551,63116,24808,csn,3.557568e+02,2.406707e+01,-1.357406e+02,-2.232892e+01,1.611259e+02,4,He,0.000000,0.000000,0.000000,OV
2025-11-15T01:25:51,1763169951.776938,816441519.298938,5097.309551,63116,24808,csn,3.569521e+02,2.471314e+01,-1.357125e+02,-2.244338e+01,1.610115e+02,4,He,40.451081,7357.414075,0.157230,OV
2025-11-15T01:25:53,1763169953.776934,816441521.298934,5099.309551,63116,24808,csn,3.581514e+02,9.526279e+00,-1.356844e+02,-2.255777e+01,1.608971e+02,4,He,74.082613,13475.661483,0.116183,OV
2025-11-15T01:25:55,1763169955.776930,816441523.298930,5101.309551,63116,24808,csn,3.593545e+02,9.798727e-02,-1.356563e+02,-2.267207e+01,1.607828e+02,4,He,74.082613,13479.201464,0.116183,OV
2025-11-15T01:25:57,1763169957.776925,816441525.298925,5103.309551,63116,24808,csn,3.605616e+02,-1.320830e-01,-1.356281e+02,-2.278628e+01,1.606684e+02,4,He,163.239837,29710.922164,0.078268,OV
2025-11-15T01:25:59,1763169959.776921,816441527.298921,5105.309551,63116,24808,csn,3.617726e+02,3.904361e-02,-1.355999e+02,-2.290041e+01,1.605541e+02,4,He,158.951688,28932.340484,0.079317,OV
2025-11-15T01:26:01,1763169961.776918,816441529.298918,5107.309551,63116,24808,csn,3.629875e+02,1.216384e-02,-1.355717e+02,-2.301446e+01,1.604399e+02,4,He,6.193026,1127.252856,0.401836,OV
2025-11-15T01:26:03,1763169963.776913,816441531.298913,5109.309551,63116,24808,csn,3.642062e+02,1.200687e-02,-1.355434e+02,-2.312842e+01,1.603256e+02,4,He,48.851581,8898.593673,0.143074,OV
2025-11-15T01:26:05,1763169965.776909,816441533.298909,5111.309551,63116,24808,csn,3.654289e+02,1.523606e-02,-1.355151e+02,-2.324229e+01,1.602114e+02,4,He,48.397873,8815.948165,0.143743,OV
2025-11-15T01:26:07,1763169967.776905,816441535.298905,5113.309551,63116,24808,csn,3.666554e+02,1.769202e-02,-1.354867e+02,-2.335608e+01,1.600971e+02,4,He,1.246061,227.153362,0.895840,OV
2025-11-15T01:26:09,1763169969.776901,816441537.298901,5115.309551,63116,24808,csn,3.678858e+02,2.010037e-02,-1.354583e+02,-2.346979e+01,1.599829e+02,4,He,26.443114,4820.504070,0.194466,OV
2025-11-15T01:26:11,1763169971.776896,816441539.298897,5117.309551,63116,24808,csn,3.691200e+02,2.256961e-02,-1.354299e+02,-2.358341e+01,1.598688e+02,4,He,37.039747,6753.225581,0.164311,OV
2025-11-15T01:26:13,1763169973.776892,816441541.298892,5119.309551,63116,24808,csn,3.703581e+02,2.486148e-02,-1.354014e+02,-2.369694e+01,1.597547e+02,4,He,37.039747,6754.945830,0.164311,OV
2025-11-15T01:26:15,1763169975.776888,816441543.298888,5121.309551,63116,24808,csn,3.716000e+02,2.737242e-02,-1.353729e+02,-2.381039e+01,1.596406e+02,4,He,37.039747,6756.800898,0.164311,OV
2025-11-15T01:26:17,1763169977.776884,816441545.298884,5123.309551,63116,24808,csn,3.728457e+02,2.970783e-02,-1.353444e+02,-2.392375e+01,1.595266e+02,4,He,19.997850,3648.344379,0.223619,OV
2025-11-15T01:26:19,1763169979.776880,816441547.298880,5125.309551,63116,24808,csn,3.740953e+02,3.223133e-02,-1.353158e+02,-2.403702e+01,1.594125e+02,4,He,5.403264,986.488780,0.430201,OV
2025-11-15T01:26:21,1763169981.776875,816441549.298875,5127.309551,63116,24808,csn,3.753487e+02,3.470052e-02,-1.352872e+02,-2.415020e+01,1.592985e+02,4,He,30.600317,5586.783808,0.180774,OV
2025-11-15T01:26:23,1763169983.776872,816441551.298872,5129.309551,63116,24808,csn,3.766059e+02,3.710729e-02,-1.352585e+02,-2.426330e+01,1.591846e+02,4,He,55.927443,10213.580682,0.133717,OV
2025-11-15T01:26:25,1763169985.776867,816441553.298867,5131.309551,63116,24808,csn,3.778669e+02,3.961722e-02,-1.352298e+02,-2.437631e+01,1.590707e+02,4,He,74.082613,13531.857522,0.116183,OV
2025-11-15T01:26:27,1763169987.776863,816441555.298863,5133.309551,63116,24808,csn,3.791317e+02,4.213271e-02,-1.352010e+02,-2.448924e+01,1.589567e+02,4,He,74.082613,13535.339593,0.116183,OV
2025-11-15T01:26:29,1763169989.776859,816441557.298859,5135.309551,63116,24808,csn,3.804002e+02,4.455974e-02,-1.351722e+02,-2.460207e+01,1.588429e+02,4,He,95.312163,17419.809821,0.102430,OV
2025-11-15T01:26:31,1763169991.776855,816441559.298855,5137.309551,63116,24808,csn,3.816726e+02,4.706461e-02,-1.351434e+02,-2.471482e+01,1.587291e+02,4,He,101.616429,18575.971076,0.099201,OV
2025-11-15T01:26:33,1763169993.776851,816441561.298851,5139.309551,63116,24808,csn,3.829487e+02,4.955318e-02,-1.351145e+02,-2.482748e+01,1.586153e+02,4,He,76.369360,13964.526190,0.114430,OV
2025-11-15T01:26:35,1763169995.776847,816441563.298847,5141.309551,63116,24808,csn,3.842285e+02,5.199199e-02,-1.350856e+02,-2.494006e+01,1.585016e+02,4,He,50.929587,9314.657252,0.140125,OV
2025-11-15T01:26:37,1763169997.776843,816441565.298843,5143.309551,63116,24808,csn,3.855121e+02,5.446602e-02,-1.350566e+02,-2.505254e+01,1.583879e+02,4,He,25.471600,4659.536454,0.198140,OV
2025-11-15T01:26:39,1763169999.776838,816441567.298838,5145.309551,63116,24808,csn,3.867995e+02,5.701160e-02,-1.350276e+02,-2.516494e+01,1.582743e+02,4,He,0.014787,2.704914,8.223686,OV
2025-11-15T01:26:41,1763170001.776834,816441569.298834,5147.309551,63116,24808,csn,3.880905e+02,5.928774e-02,-1.349986e+02,-2.527724e+01,1.581608e+02,4,He,0.000000,0.000000,0.000000,OV
2025-11-15T01:26:43,1763170003.776830,816441571.298830,5149.309551,63116,24808,csn,3.893853e+02,6.185893e-02,-1.349695e+02,-2.538946e+01,1.580472e+02,4,He,27.436512,5024.913894,0.190913,OV
2025-11-15T01:26:45,1763170005.776825,816441573.298825,5151.309551,63116,24808,csn,3.906838e+02,6.438416e-02,-1.349404e+02,-2.550159e+01,1.579336e+02,4,He,72.188141,13221.178811,0.117697,OV
2025-11-15T01:26:47,1763170007.776821,816441575.298821,5153.309551,63116,24808,csn,3.919861e+02,6.687084e-02,-1.349112e+02,-2.561363e+01,1.578202e+02,4,He,46.729178,8560.331094,0.146287,OV
2025-11-15T01:26:49,1763170009.776817,816441577.298817,5155.309551,63116,24808,csn,3.932920e+02,6.930631e-02,-1.348820e+02,-2.572557e+01,1.577068e+02,4,He,68.608782,12573.920846,0.120729,OV
2025-11-15T01:26:51,1763170011.776813,816441579.298813,5157.309551,63116,24808,csn,3.946016e+02,7.183508e-02,-1.348527e+02,-2.583743e+01,1.575934e+02,4,He,111.195882,20382.261000,0.094832,OV
2025-11-15T01:26:53,1763170013.776809,816441581.298809,5159.309551,63116,24808,csn,3.959149e+02,7.432416e-02,-1.348234e+02,-2.594920e+01,1.574801e+02,4,He,111.195882,20388.140574,0.094832,OV
2025-11-15T01:26:55,1763170015.776805,816441583.298805,5161.309551,63116,24808,csn,3.972318e+02,7.675167e-02,-1.347941e+02,-2.606088e+01,1.573669e+02,4,He,57.534230,10549.979427,0.131837,OV
2025-11-15T01:26:57,1763170017.776801,816441585.298801,5163.309551,63116,24808,csn,3.985524e+02,7.922900e-02,-1.347647e+02,-2.617247e+01,1.572537e+02,4,He,12.189277,2236.887146,0.286425,OV
2025-11-15T01:26:59,1763170019.776796,816441587.298796,5165.309551,63116,24808,csn,3.998767e+02,8.173943e-02,-1.347352e+02,-2.628397e+01,1.571405e+02,4,He,63.105057,11580.579625,0.125883,OV
2025-11-15T01:27:01,1763170021.776793,816441589.298793,5167.309551,63116,24808,csn,4.012046e+02,8.415600e-02,-1.347058e+02,-2.639538e+01,1.570275e+02,4,He,74.082613,13598.303638,0.116183,OV
2025-11-15T01:27:03,1763170023.776788,816441591.298788,5169.309551,63116,24808,csn,4.025362e+02,8.687837e-02,-1.346762e+02,-2.650670e+01,1.569142e+02,4,He,74.082613,13602.255507,0.116183,OV
2025-11-15T01:27:05,1763170025.776784,816441593.298784,5171.309551,63116,24808,csn,4.038714e+02,8.918891e-02,-1.346466e+02,-2.661792e+01,1.568014e+02,4,He,74.082613,13605.939945,0.116183,OV
2025-11-15T01:27:07,1763170027.776780,816441595.298780,5173.309551,63116,24808,csn,4.052102e+02,9.192044e-02,-1.346170e+02,-2.672906e+01,1.566882e+02,4,He,30.016556,5512.998683,0.182524,OV
2025-11-15T01:27:09,1763170029.776775,816441597.298775,5175.309551,63116,24808,csn,4.065527e+02,9.433317e-02,-1.345873e+02,-2.684010e+01,1.565754e+02,4,He,20.589753,3784.730559,0.220381,OV
2025-11-15T01:27:11,1763170031.776772,816441599.298772,5177.309551,63116,24808,csn,4.078987e+02,9.687484e-02,-1.345576e+02,-2.695105e+01,1.564625e+02,4,He,71.505548,13143.879688,0.118258,OV
2025-11-15T01:27:13,1763170033.776767,816441601.298767,5179.309551,63116,24808,csn,4.092483e+02,9.931703e-02,-1.345279e+02,-2.706191e+01,1.563498e+02,4,He,74.082613,13621.129056,0.116183,OV
2025-11-15T01:27:15,1763170035.776763,816441603.298763,5181.309551,63116,24808,csn,4.106015e+02,1.017879e-01,-1.344981e+02,-2.717268e+01,1.562371e+02,4,He,48.910746,8994.173390,0.142987,OV
2025-11-15T01:27:17,1763170037.776759,816441605.298759,5183.309551,63116,24808,csn,4.119584e+02,1.043666e-01,-1.344682e+02,-2.728336e+01,1.561244e+02,4,He,0.992252,182.621025,1.003897,OV
2025-11-15T01:27:19,1763170039.776755,816441607.298755,5185.309551,63116,24808,csn,4.133187e+02,1.070502e-01,-1.344383e+02,-2.739394e+01,1.560116e+02,4,He,26.189305,4820.063973,0.195406,OV
2025-11-15T01:27:21,1763170041.776750,816441609.298750,5187.309551,63116,24808,csn,4.146827e+02,1.094653e-01,-1.344083e+02,-2.750443e+01,1.558992e+02,4,He,22.594874,4158.519713,0.210375,OV
2025-11-15T01:27:23,1763170043.776747,816441611.298747,5189.309551,63116,24808,csn,4.160502e+02,1.120946e-01,-1.343783e+02,-2.761483e+01,1.557866e+02,4,He,8.358674,1539.643564,0.345885,OV
2025-11-15T01:27:25,1763170045.776743,816441613.298743,5191.309551,63116,24808,csn,4.174212e+02,1.145359e-01,-1.343483e+02,-2.772514e+01,1.556742e+02,4,He,84.781802,15616.562479,0.108605,OV
2025-11-15T01:27:27,1763170047.776738,816441615.298738,5193.309551,63116,24808,csn,4.187958e+02,1.171647e-01,-1.343182e+02,-2.783535e+01,1.555617e+02,4,He,77.845036,14340.075670,0.113340,OV
2025-11-15T01:27:29,1763170049.776735,816441617.298735,5195.309551,63116,24808,csn,4.201739e+02,1.196932e-01,-1.342880e+02,-2.794547e+01,1.554494e+02,4,He,31.999123,5896.538172,0.176779,OV
2025-11-15T01:27:31,1763170051.776730,816441619.298730,5197.309551,63116,24808,csn,4.215555e+02,1.221547e-01,-1.342578e+02,-2.805550e+01,1.553372e+02,4,He,6.716083,1237.585236,0.385871,OV
2025-11-15T01:27:33,1763170053.776726,816441621.298726,5199.309551,63116,24808,csn,4.229406e+02,1.248822e-01,-1.342276e+02,-2.816543e+01,1.552248e+02,4,He,0.000000,0.000000,0.000000,OV
2025-11-15T01:27:35,1763170055.776721,816441623.298722,5201.309551,63116,24808,csn,4.243293e+02,1.273831e-01,-1.341973e+02,-2.827527e+01,1.551127e+02,4,He,14.223901,2624.370116,0.265149,OV
2025-11-15T01:27:37,1763170057.776717,816441625.298717,5203.309551,63116,24808,csn,4.257214e+02,1.298905e-01,-1.341669e+02,-2.838502e+01,1.550007e+02,4,He,65.139675,12018.546387,0.123902,OV
2025-11-15T01:27:39,1763170059.776713,816441627.298713,5205.309551,63116,24808,csn,4.271170e+02,1.326210e-01,-1.341365e+02,-2.849467e+01,1.548885e+02,4,He,74.082613,13672.037207,0.116183,OV
2025-11-15T01:27:41,1763170061.776709,816441629.298709,5207.309551,63116,24808,csn,4.285161e+02,1.351042e-01,-1.341060e+02,-2.860423e+01,1.547766e+02,4,He,55.468495,10238.772581,0.134269,OV
2025-11-15T01:27:43,1763170063.776705,816441631.298705,5209.309551,63116,24808,csn,4.299187e+02,1.375932e-01,-1.340755e+02,-2.871370e+01,1.546648e+02,4,He,5.072269,936.275703,0.444016,OV
2025-11-15T01:27:45,1763170065.776701,816441633.298701,5211.309551,63116,24808,csn,4.313247e+02,1.402745e-01,-1.340450e+02,-2.882307e+01,1.545528e+02,4,He,68.731324,12697.795798,0.120621,OV
2025-11-15T01:27:47,1763170067.776695,816441635.298697,5213.309551,63116,24808,csn,4.327343e+02,1.430865e-01,-1.340144e+02,-2.893235e+01,1.544407e+02,4,He,97.233528,17964.333090,0.101413,OV
2025-11-15T01:27:49,1763170069.776698,816441637.298694,5215.309551,63116,24808,csn,4.341471e+02,1.443478e-01,-1.339837e+02,-2.904152e+01,1.543305e+02,4,He,65.811486,12161.249606,0.123268,OV
2025-11-15T01:27:51,1763170071.776691,816441639.298689,5217.309551,63116,24808,csn,4.355635e+02,1.475852e-01,-1.339530e+02,-2.915061e+01,1.542181e+02,4,He,38.401121,7099.654572,0.161372,OV
2025-11-15T01:27:53,1763170073.776684,816441641.298684,5219.309551,63116,24808,csn,4.369833e+02,1.507238e-01,-1.339222e+02,-2.925961e+01,1.541059e+02,4,He,54.541769,10087.703383,0.135405,OV
2025-11-15T01:27:55,1763170075.776680,816441643.298680,5221.309551,63116,24808,csn,4.384065e+02,1.531404e-01,-1.338914e+02,-2.936850e+01,1.539946e+02,4,He,70.682420,13075.752906,0.118944,OV
2025-11-15T01:27:57,1763170077.776676,816441645.298676,5223.309551,63116,24808,csn,4.398331e+02,1.558644e-01,-1.338605e+02,-2.947730e+01,1.538830e+02,4,He,33.892779,6270.133291,0.171770,OV
2025-11-15T01:27:59,1763170079.776672,816441647.298672,5225.309551,63116,24808,csn,4.412632e+02,1.583471e-01,-1.338296e+02,-2.958601e+01,1.537717e+02,4,He,0.000000,0.000000,0.000000,OV
2025-11-15T01:28:01,1763170081.776668,816441649.298668,5227.309551,63116,24808,csn,4.426966e+02,1.608724e-01,-1.337986e+02,-2.969462e+01,1.536605e+02,4,He,0.000000,0.000000,0.000000,OV
2025-11-15T01:28:03,1763170083.776663,816441651.298663,5229.309551,63116,24808,csn,4.441334e+02,1.636004e-01,-1.337675e+02,-2.980313e+01,1.535490e+02,4,He,0.000000,0.000000,0.000000,OV
2025-11-15T01:28:05,1763170085.776659,816441653.298659,5231.309551,63116,24808,csn,4.455735e+02,1.662705e-01,-1.337364e+02,-2.991155e+01,1.534378e+02,4,He,10.817865,2004.771678,0.304039,OV
2025-11-15T01:28:07,1763170087.776655,816441655.298655,5233.309551,63116,24808,csn,4.470171e+02,1.688281e-01,-1.337053e+02,-3.001988e+01,1.533267e+02,4,He,36.014913,6674.300312,0.166632,OV
2025-11-15T01:28:09,1763170089.776651,816441657.298651,5235.309551,63116,24808,csn,4.484640e+02,1.714099e-01,-1.336741e+02,-3.012810e+01,1.532157e+02,4,He,85.933120,15931.376121,0.107875,OV
2025-11-15T01:28:11,1763170091.776647,816441659.298647,5237.309551,63116,24808,csn,4.499142e+02,1.740494e-01,-1.336428e+02,-3.023624e+01,1.531047e+02,4,He,72.653834,13470.396722,0.117320,OV
2025-11-15T01:28:13,1763170093.776642,816441661.298642,5239.309551,63116,24808,csn,4.513678e+02,1.766199e-01,-1.336115e+02,-3.034427e+01,1.529938e+02,4,He,0.000000,0.000000,0.000000,OV
2025-11-15T01:28:15,1763170095.776638,816441663.298638,5241.309551,63116,24808,csn,4.528247e+02,1.792959e-01,-1.335801e+02,-3.045221e+01,1.528829e+02,4,He,0.000000,0.000000,0.000000,OV
2025-11-15T01:28:17,1763170097.776634,816441665.298634,5243.309551,63116,24808,csn,4.542849e+02,1.820088e-01,-1.335487e+02,-3.056005e+01,1.527720e+02,4,He,0.000000,0.000000,0.000000,OV
2025-11-15T01:28:19,1763170099.776630,816441667.298630,5245.309551,63116,24808,csn,4.557485e+02,1.845897e-01,-1.335172e+02,-3.066779e+01,1.526614e+02,4,He,0.000000,0.000000,0.000000,OV
2025-11-15T01:28:21,1763170101.776626,816441669.298626,5247.309551,63116,24808,csn,4.572154e+02,1.872686e-01,-1.334857e+02,-3.077544e+01,1.525507e+02,4,He,0.000000,0.000000,0.000000,OV
2025-11-15T01:28:23,1763170103.776622,816441671.298622,5249.309551,63116,24808,csn,4.586855e+02,1.899850e-01,-1.334540e+02,-3.088299e+01,1.524400e+02,4,He,0.000000,0.000000,0.000000,OV
2025-11-15T01:28:25,1763170105.776618,816441673.298618,5251.309551,63116,24808,csn,4.601590e+02,1.926072e-01,-1.334224e+02,-3.099045e+01,1.523295e+02,4,He,0.000000,0.000000,0.000000,OV
2025-11-15T01:28:27,1763170107.776613,816441675.298613,5253.309551,63116,24808,csn,4.616357e+02,1.952646e-01,-1.333907e+02,-3.109780e+01,1.522191e+02,4,He,0.000000,0.000000,0.000000,OV
2025-11-15T01:28:29,1763170109.776610,816441677.298610,5255.309551,63116,24808,csn,4.631157e+02,1.979826e-01,-1.333589e+02,-3.120506e+01,1.521087e+02,4,He,38.014201,7069.879920,0.162191,OV
2025-11-15T01:28:31,1763170111.776605,816441679.298605,5257.309551,63116,24808,csn,4.645990e+02,2.005981e-01,-1.333270e+02,-3.131222e+01,1.519984e+02,4,He,59.557189,11076.443948,0.129578,OV
2025-11-15T01:28:33,1763170113.776601,816441681.298601,5259.309551,63116,24808,csn,4.660855e+02,2.032523e-01,-1.332951e+02,-3.141928e+01,1.518882e+02,4,He,8.465825,1574.473864,0.343689,OV
2025-11-15T01:28:35,1763170115.776596,816441683.298596,5261.309551,63116,24808,csn,4.675753e+02,2.059716e-01,-1.332632e+02,-3.152625e+01,1.517780e+02,4,He,21.238618,3953.479052,0.216989,OV
2025-11-15T01:28:37,1763170117.776592,816441685.298592,5263.309551,63116,24808,csn,4.690683e+02,2.086380e-01,-1.332311e+02,-3.163312e+01,1.516679e+02,4,He,27.384056,5097.426331,0.191096,OV
2025-11-15T01:28:39,1763170119.776588,816441687.298588,5265.309551,63116,24808,csn,4.705645e+02,2.112702e-01,-1.331991e+02,-3.173989e+01,1.515580e+02,4,He,1.927242,358.748041,0.720331,OV
2025-11-15T01:28:41,1763170121.776584,816441689.298584,5267.309551,63116,24808,csn,4.720640e+02,2.139663e-01,-1.331669e+02,-3.184656e+01,1.514480e+02,4,He,0.000000,0.000000,0.000000,OV
2025-11-15T01:28:43,1763170123.776580,816441691.298580,5269.309551,63116,24808,csn,4.735666e+02,2.166204e-01,-1.331347e+02,-3.195313e+01,1.513382e+02,4,He,0.000000,0.000000,0.000000,OV
2025-11-15T01:28:45,1763170125.776575,816441693.298575,5271.309551,63116,24808,csn,4.750725e+02,2.192503e-01,-1.331025e+02,-3.205960e+01,1.512285e+02,4,He,0.000000,0.000000,0.000000,OV
2025-11-15T01:28:47,1763170127.776572,816441695.298571,5273.309551,63116,24808,csn,4.765816e+02,2.219495e-01,-1.330701e+02,-3.216598e+01,1.511188e+02,4,He,25.438687,4744.006126,0.198268,OV
2025-11-15T01:28:49,1763170129.776568,816441697.298568,5275.309551,63116,24808,csn,4.780938e+02,2.246463e-01,-1.330377e+02,-3.227226e+01,1.510092e+02,4,He,23.183985,4323.531628,0.207685,OV
2025-11-15T01:28:51,1763170131.776563,816441699.298563,5277.309551,63116,24808,csn,4.796092e+02,2.272575e-01,-1.330053e+02,-3.237843e+01,1.508998e+02,4,He,0.000000,0.000000,0.000000,OV
2025-11-15T01:28:53,1763170133.776559,816441701.298559,5279.309551,63116,24808,csn,4.811278e+02,2.301112e-01,-1.329728e+02,-3.248451e+01,1.507901e+02,4,He,0.000000,0.000000,0.000000,OV
2025-11-15T01:28:55,1763170135.776555,816441703.298555,5281.309551,63116,24808,csn,4.826496e+02,2.329104e-01,-1.329402e+02,-3.259049e+01,1.506805e+02,4,He,0.000000,0.000000,0.000000,OV
2025-11-15T01:28:57,1763170137.776551,816441705.298551,5283.309551,63116,24808,csn,4.841745e+02,2.355412e-01,-1.329075e+02,-3.269637e+01,1.505713e+02,4,He,0.000000,0.000000,0.000000,OV
2025-11-15T01:28:59,1763170139.776547,816441707.298547,5285.309551,63116,24808,csn,4.857025e+02,2.382046e-01,-1.328748e+02,-3.280215e+01,1.504621e+02,4,He,0.000000,0.000000,0.000000,OV
2025-11-15T01:29:01,1763170141.776543,816441709.298543,5287.309551,63116,24808,csn,4.872337e+02,2.409246e-01,-1.328421e+02,-3.290784e+01,1.503530e+02,4,He,0.000000,0.000000,0.000000,OV
2025-11-15T01:29:03,1763170143.776538,816441711.298538,5289.309551,63116,24808,csn,4.887681e+02,2.435369e-01,-1.328092e+02,-3.301342e+01,1.502440e+02,4,He,0.000000,0.000000,0.000000,OV
2025-11-15T01:29:05,1763170145.776534,816441713.298534,5291.309551,63116,24808,csn,4.903055e+02,2.464316e-01,-1.327763e+02,-3.311890e+01,1.501347e+02,4,He,0.000000,0.000000,0.000000,OV
2025-11-15T01:29:07,1763170147.776530,816441715.298530,5293.309551,63116,24808,csn,4.918460e+02,2.491734e-01,-1.327434e+02,-3.322428e+01,1.500258e+02,4,He,0.000000,0.000000,0.000000,OV
2025-11-15T01:29:09,1763170149.776526,816441717.298526,5295.309551,63116,24808,csn,4.933897e+02,2.517943e-01,-1.327103e+02,-3.332956e+01,1.499171e+02,4,He,0.000000,0.000000,0.000000,OV
2025-11-15T01:29:11,1763170151.776522,816441719.298522,5297.309551,63116,24808,csn,4.949364e+02,2.547495e-01,-1.326772e+02,-3.343475e+01,1.498080e+02,4,He,0.000000,0.000000,0.000000,OV
2025-11-15T01:29:13,1763170153.776517,816441721.298517,5299.309551,63116,24808,csn,4.964862e+02,2.574596e-01,-1.326441e+02,-3.353983e+01,1.496993e+02,4,He,0.000000,0.000000,0.000000,OV
2025-11-15T01:29:15,1763170155.776513,816441723.298513,5301.309551,63116,24808,csn,4.980391e+02,2.601062e-01,-1.326108e+02,-3.364481e+01,1.495908e+02,4,He,0.000000,0.000000,0.000000,OV
2025-11-15T01:29:17,1763170157.776510,816441725.298510,5303.309551,63116,24808,csn,4.995950e+02,2.630203e-01,-1.325775e+02,-3.374969e+01,1.494820e+02,4,He,0.000000,0.000000,0.000000,OV
2025-11-15T01:29:19,1763170159.776505,816441727.298505,5305.309551,63116,24808,csn,5.011541e+02,2.657104e-01,-1.325442e+02,-3.385447e+01,1.493736e+02,4,He,0.000000,0.000000,0.000000,OV
2025-11-15T01:29:21,1763170161.776501,816441729.298501,5307.309551,63116,24808,csn,5.027161e+02,2.683665e-01,-1.325107e+02,-3.395915e+01,1.492654e+02,4,He,0.000000,0.000000,0.000000,OV
2025-11-15T01:29:23,1763170163.776497,816441731.298497,5309.309551,63116,24808,csn,5.042812e+02,2.713372e-01,-1.324772e+02,-3.406373e+01,1.491567e+02,4,He,0.000000,0.000000,0.000000,OV
2025-11-15T01:29:25,1763170165.776492,816441733.298492,5311.309551,63116,24808,csn,5.058493e+02,2.739956e-01,-1.324436e+02,-3.416821e+01,1.490487e+02,4,He,0.000000,0.000000,0.000000,OV
2025-11-15T01:29:27,1763170167.776488,816441735.298488,5313.309551,63116,24808,csn,5.074205e+02,2.766820e-01,-1.324100e+02,-3.427259e+01,1.489407e+02,4,He,0.000000,0.000000,0.000000,OV
2025-11-15T01:29:29,1763170169.776484,816441737.298484,5315.309551,63116,24808,csn,5.089947e+02,2.795771e-01,-1.323763e+02,-3.437686e+01,1.488324e+02,4,He,0.000000,0.000000,0.000000,OV
2025-11-15T01:29:31,1763170171.776480,816441739.298480,5317.309551,63116,24808,csn,5.105718e+02,2.824221e-01,-1.323425e+02,-3.448104e+01,1.487243e+02,4,He,0.000000,0.000000,0.000000,OV
2025-11-15T01:29:33,1763170173.776476,816441741.298476,5319.309551,63116,24808,csn,5.121520e+02,2.852252e-01,-1.323087e+02,-3.458511e+01,1.486163e+02,4,He,0.000000,0.000000,0.000000,OV
2025-11-15T01:29:35,1763170175.776472,816441743.298472,5321.309551,63116,24808,csn,5.137352e+02,2.879692e-01,-1.322747e+02,-3.468908e+01,1.485086e+02,4,He,5.071921,953.355503,0.444031,OV
2025-11-15T01:29:37,1763170177.776467,816441745.298468,5323.309551,63116,24808,csn,5.153213e+02,2.908075e-01,-1.322408e+02,-3.479296e+01,1.484007e+02,4,He,30.528739,5738.405394,0.180986,OV
2025-11-15T01:29:39,1763170179.776464,816441747.298464,5325.309551,63116,24808,csn,5.169104e+02,2.935529e-01,-1.322067e+02,-3.489672e+01,1.482931e+02,4,He,18.223255,3425.376545,0.234254,OV
2025-11-15T01:29:41,1763170181.776459,816441749.298460,5327.309551,63116,24808,csn,5.185025e+02,2.964073e-01,-1.321726e+02,-3.500039e+01,1.481854e+02,4,He,0.000000,0.000000,0.000000,OV
2025-11-15T01:29:43,1763170183.776455,816441751.298455,5329.309551,63116,24808,csn,5.200975e+02,2.993224e-01,-1.321383e+02,-3.510396e+01,1.480777e+02,4,He,0.000000,0.000000,0.000000,OV
2025-11-15T01:29:45,1763170185.776451,816441753.298451,5331.309551,63116,24808,csn,5.216955e+02,3.020381e-01,-1.321041e+02,-3.520742e+01,1.479705e+02,4,He,0.000000,0.000000,0.000000,OV
2025-11-15T01:29:47,1763170187.776447,816441755.298447,5333.309551,63116,24808,csn,5.232964e+02,3.049115e-01,-1.320697e+02,-3.531078e+01,1.478630e+02,4,He,0.000000,0.000000,0.000000,OV
2025-11-15T01:29:49,1763170189.776443,816441757.298443,5335.309551,63116,24808,csn,5.249002e+02,3.076412e-01,-1.320353e+02,-3.541404e+01,1.477559e+02,4,He,0.000000,0.000000,0.000000,OV
2025-11-15T01:29:51,1763170191.776439,816441759.298439,5337.309551,63116,24808,csn,5.265070e+02,3.106160e-01,-1.320008e+02,-3.551720e+01,1.476484e+02,4,He,0.000000,0.000000,0.000000,OV
2025-11-15T01:29:53,1763170193.776434,816441761.298434,5339.309551,63116,24808,csn,5.281166e+02,3.134601e-01,-1.319662e+02,-3.562025e+01,1.475413e+02,4,He,0.000000,0.000000,0.000000,OV
2025-11-15T01:29:55,1763170195.776430,816441763.298429,5341.309551,63116,24808,csn,5.297292e+02,3.161494e-01,-1.319316e+02,-3.572321e+01,1.474345e+02,4,He,0.000000,0.000000,0.000000,OV
2025-11-15T01:06:22,1763168782.777373,816440350.301373,3928.309551,63116,24808,csn,4.556398e+02,2.243913e+01,-1.543605e+02,4.753348e+01,1.250259e+02,28,CO,-999.000000,-999.000000,-999.000000,IU
2025-11-15T01:06:24,1763168784.777367,816440352.301367,3930.309551,63116,24808,csn,4.541850e+02,2.244304e+01,-1.543047e+02,4.742949e+01,1.251360e+02,28,CO,-999.000000,-999.000000,-999.000000,IU
2025-11-15T01:06:26,1763168786.777363,816440354.301363,3932.309551,63116,24808,csn,4.527335e+02,2.244742e+01,-1.542492e+02,4.732538e+01,1.252487e+02,28,CO,-999.000000,-999.000000,-999.000000,IU
2025-11-15T01:06:28,1763168788.777359,816440356.301359,3934.309551,63116,24808,csn,4.512852e+02,2.245183e+01,-1.541938e+02,4.722116e+01,1.253616e+02,28,CO,-999.000000,-999.000000,-999.000000,IU
2025-11-15T01:06:30,1763168790.777355,816440358.301355,3936.309551,63116,24808,csn,4.498403e+02,2.245597e+01,-1.541386e+02,4.711682e+01,1.254734e+02,28,CO,-999.000000,-999.000000,-999.000000,IU
2025-11-15T01:06:32,1763168792.777351,816440360.301351,3938.309551,63116,24808,csn,4.483986e+02,2.246022e+01,-1.540836e+02,4.701237e+01,1.255859e+02,28,CO,-999.000000,-999.000000,-999.000000,IU
2025-11-15T01:06:34,1763168794.777347,816440362.301347,3940.309551,63116,24808,csn,4.469602e+02,2.246445e+01,-1.540288e+02,4.690779e+01,1.256984e+02,28,CO,-999.000000,-999.000000,-999.000000,IU
2025-11-15T01:06:36,1763168796.777343,816440364.301343,3942.309551,63116,24808,csn,4.455252e+02,2.246858e+01,-1.539743e+02,4.680311e+01,1.258106e+02,28,CO,-999.000000,-999.000000,-999.000000,IU
2025-11-15T01:06:38,1763168798.777339,816440366.301339,3944.309551,63116,24808,csn,4.440934e+02,2.247279e+01,-1.539199e+02,4.669831e+01,1.259233e+02,28,CO,-999.000000,-999.000000,-999.000000,IU
2025-11-15T01:06:40,1763168800.777334,816440368.301334,3946.309551,63116,24808,csn,4.426650e+02,2.247673e+01,-1.538657e+02,4.659339e+01,1.260348e+02,28,CO,-999.000000,-999.000000,-999.000000,IU
2025-11-15T01:06:42,1763168802.777330,816440370.301330,3948.309551,63116,24808,csn,4.412399e+02,2.248086e+01,-1.538117e+02,4.648836e+01,1.261474e+02,28,CO,-999.000000,-999.000000,-999.000000,IU
2025-11-15T01:06:44,1763168804.777326,816440372.301326,3950.309551,63116,24808,csn,4.398181e+02,2.248507e+01,-1.537579e+02,4.638322e+01,1.262606e+02,28,CO,-999.000000,-999.000000,-999.000000,IU
2025-11-15T01:06:46,1763168806.777322,816440374.301322,3952.309551,63116,24808,csn,4.383997e+02,2.248932e+01,-1.537043e+02,4.627796e+01,1.263741e+02,28,CO,-999.000000,-999.000000,-999.000000,IU
2025-11-15T01:06:48,1763168808.777318,816440376.301318,3954.309551,63116,24808,csn,4.369846e+02,2.249336e+01,-1.536508e+02,4.617258e+01,1.264867e+02,28,CO,-999.000000,-999.000000,-999.000000,IU
2025-11-15T01:06:50,1763168810.777314,816440378.301314,3956.309551,63116,24808,csn,4.355729e+02,2.249730e+01,-1.535976e+02,4.606710e+01,1.265989e+02,28,CO,-999.000000,-999.000000,-999.000000,IU
2025-11-15T01:06:52,1763168812.777309,816440380.301309,3958.309551,63116,24808,csn,4.341646e+02,2.250158e+01,-1.535446e+02,4.596150e+01,1.267130e+02,28,CO,-999.000000,-999.000000,-999.000000,IU
2025-11-15T01:06:54,1763168814.777305,816440382.301305,3960.309551,63116,24808,csn,4.327597e+02,2.250560e+01,-1.534917e+02,4.585578e+01,1.268260e+02,28,CO,-999.000000,-999.000000,-999.000000,IU
2025-11-15T01:06:56,1763168816.777301,816440384.301301,3962.309551,63116,24808,csn,4.313581e+02,2.250965e+01,-1.534390e+02,4.574996e+01,1.269392e+02,28,CO,-999.000000,-999.000000,-999.000000,IU
2025-11-15T01:06:58,1763168818.777297,816440386.301297,3964.309551,63116,24808,csn,4.299600e+02,2.251360e+01,-1.533865e+02,4.564402e+01,1.270521e+02,28,CO,-999.000000,-999.000000,-999.000000,IU
2025-11-15T01:07:00,1763168820.777293,816440388.301293,3966.309551,63116,24808,csn,4.285653e+02,2.251760e+01,-1.533342e+02,4.553797e+01,1.271654e+02,28,CO,-999.000000,-999.000000,-999.000000,IU
2025-11-15T01:07:02,1763168822.777288,816440390.301288,3968.309551,63116,24808,csn,4.271739e+02,2.252158e+01,-1.532821e+02,4.543181e+01,1.272787e+02,28,CO,-999.000000,-999.000000,-999.000000,IU
2025-11-15T01:07:04,1763168824.777285,816440392.301285,3970.309551,63116,24808,csn,4.257860e+02,2.252578e+01,-1.532302e+02,4.532553e+01,1.273933e+02,28,CO,-999.000000,-999.000000,-999.000000,IU
2025-11-15T01:07:06,1763168826.777281,816440394.301281,3972.309551,63116,24808,csn,4.244015e+02,2.252954e+01,-1.531784e+02,4.521915e+01,1.275058e+02,28,CO,-999.000000,-999.000000,-999.000000,IU
2025-11-15T01:07:08,1763168828.777276,816440396.301276,3974.309551,63116,24808,csn,4.230205e+02,2.253363e+01,-1.531268e+02,4.511265e+01,1.276201e+02,28,CO,-999.000000,-999.000000,-999.000000,IU
2025-11-15T01:07:10,1763168830.777272,816440398.301272,3976.309551,63116,24808,csn,4.216429e+02,2.253762e+01,-1.530754e+02,4.500604e+01,1.277341e+02,28,CO,-999.000000,-999.000000,-999.000000,IU
2025-11-15T01:07:12,1763168832.777268,816440400.301268,3978.309551,63116,24808,csn,4.202688e+02,2.254154e+01,-1.530242e+02,4.489933e+01,1.278478e+02,28,CO,-999.000000,-999.000000,-999.000000,IU
2025-11-15T01:07:14,1763168834.777263,816440402.301264,3980.309551,63116,24808,csn,4.188982e+02,2.254562e+01,-1.529732e+02,4.479250e+01,1.279625e+02,28,CO,-999.000000,-999.000000,-999.000000,IU
2025-11-15T01:07:16,1763168836.777259,816440404.301259,3982.309551,63116,24808,csn,4.175310e+02,2.254944e+01,-1.529223e+02,4.468556e+01,1.280760e+02,28,CO,-999.000000,-999.000000,-999.000000,IU
2025-11-15T01:07:18,1763168838.777255,816440406.301255,3984.309551,63116,24808,csn,4.161673e+02,2.255328e+01,-1.528716e+02,4.457851e+01,1.281897e+02,28,CO,-999.000000,-999.000000,-999.000000,IU
2025-11-15T01:07:20,1763168840.777251,816440408.301251,3986.309551,63116,24808,csn,4.148071e+02,2.255736e+01,-1.528211e+02,4.447135e+01,1.283049e+02,28,CO,-999.000000,-999.000000,-999.000000,IU
2025-11-15T01:07:22,1763168842.777247,816440410.301247,3988.309551,63116,24808,csn,4.134504e+02,2.256118e+01,-1.527707e+02,4.436408e+01,1.284188e+02,28,CO,-999.000000,-999.000000,-999.000000,IU
2025-11-15T01:07:24,1763168844.777243,816440412.301243,3990.309551,63116,24808,csn,4.120972e+02,2.256496e+01,-1.527205e+02,4.425671e+01,1.285327e+02,28,CO,-999.000000,-999.000000,-999.000000,IU
2025-11-15T01:07:26,1763168846.777239,816440414.301239,3992.309551,63116,24808,csn,4.107475e+02,2.256905e+01,-1.526705e+02,4.414922e+01,1.286483e+02,28,CO,-999.000000,-999.000000,-999.000000,IU
2025-11-15T01:07:28,1763168848.777235,816440416.301235,3994.309551,63116,24808,csn,4.094013e+02,2.257283e+01,-1.526207e+02,4.404163e+01,1.287624e+02,28,CO,-999.000000,-999.000000,-999.000000,IU
2025-11-15T01:07:30,1763168850.777231,816440418.301230,3996.309551,63116,24808,csn,4.080587e+02,2.257668e+01,-1.525710e+02,4.393392e+01,1.288771e+02,28,CO,-999.000000,-999.000000,-999.000000,IU
2025-11-15T01:07:32,1763168852.777226,816440420.301226,3998.309551,63116,24808,csn,4.067196e+02,2.258049e+01,-1.525215e+02,4.382611e+01,1.289916e+02,28,CO,-999.000000,-999.000000,-999.000000,IU
2025-11-15T01:07:34,1763168854.777222,816440422.301222,4000.309551,63116,24808,csn,4.053841e+02,2.258429e+01,-1.524722e+02,4.371819e+01,1.291063e+02,28,CO,-999.000000,-999.000000,-999.000000,IU
2025-11-15T01:07:36,1763168856.777218,816440424.301218,4002.309551,63116,24808,csn,4.040521e+02,2.258807e+01,-1.524230e+02,4.361017e+01,1.292210e+02,28,CO,-999.000000,-999.000000,-999.000000,IU
2025-11-15T01:07:38,1763168858.777214,816440426.301214,4004.309551,63116,24808,csn,4.027237e+02,2.259189e+01,-1.523740e+02,4.350204e+01,1.293361e+02,28,CO,-999.000000,-999.000000,-999.000000,IU
2025-11-15T01:07:40,1763168860.777210,816440428.301210,4006.309551,63116,24808,csn,4.013988e+02,2.259568e+01,-1.523251e+02,4.339379e+01,1.294511e+02,28,CO,-999.000000,-999.000000,-999.000000,IU
2025-11-15T01:07:42,1763168862.777205,816440430.301205,4008.309551,63116,24808,csn,4.000776e+02,2.259953e+01,-1.522764e+02,4.328545e+01,1.295665e+02,28,CO,-999.000000,-999.000000,-999.000000,IU
2025-11-15T01:07:44,1763168864.777201,816440432.301201,4010.309551,63116,24808,csn,3.987599e+02,2.260335e+01,-1.522279e+02,4.317699e+01,1.296820e+02,28,CO,-999.000000,-999.000000,-999.000000,IU
2025-11-15T01:07:46,1763168866.777197,816440434.301197,4012.309551,63116,24808,csn,3.974458e+02,2.260713e+01,-1.521795e+02,4.306843e+01,1.297974e+02,28,CO,-999.000000,-999.000000,-999.000000,IU
2025-11-15T01:07:48,1763168868.777193,816440436.301193,4014.309551,63116,24808,csn,3.961354e+02,2.261095e+01,-1.521313e+02,4.295977e+01,1.299131e+02,28,CO,-999.000000,-999.000000,-999.000000,IU
2025-11-15T01:07:50,1763168870.777188,816440438.301188,4016.309551,63116,24808,csn,3.948286e+02,2.261450e+01,-1.520833e+02,4.285100e+01,1.300276e+02,28,CO,-999.000000,-999.000000,-999.000000,IU
2025-11-15T01:07:52,1763168872.777184,816440440.301184,4018.309551,63116,24808,csn,3.935253e+02,2.261826e+01,-1.520354e+02,4.274212e+01,1.301433e+02,28,CO,-999.000000,-999.000000,-999.000000,IU
2025-11-15T01:07:54,1763168874.777180,816440442.301180,4020.309551,63116,24808,csn,3.922258e+02,2.262213e+01,-1.519877e+02,4.263314e+01,1.302596e+02,28,CO,-999.000000,-999.000000,-999.000000,IU
2025-11-15T01:07:56,1763168876.777176,816440444.301176,4022.309551,63116,24808,csn,3.909298e+02,2.262565e+01,-1.519401e+02,4.252405e+01,1.303743e+02,28,CO,-999.000000,-999.000000,-999.000000,IU
2025-11-15T01:07:58,1763168878.777172,816440446.301172,4024.309551,63116,24808,csn,3.896375e+02,2.262943e+01,-1.518927e+02,4.241486e+01,1.304905e+02,28,CO,-999.000000,-999.000000,-999.000000,IU
2025-11-15T01:08:00,1763168880.777168,816440448.301168,4026.309551,63116,24808,csn,3.883489e+02,2.263324e+01,-1.518454e+02,4.230556e+01,1.306070e+02,28,CO,-999.000000,-999.000000,-999.000000,IU
2025-11-15T01:08:02,1763168882.777164,816440450.301164,4028.309551,63116,24808,csn,3.870640e+02,2.263673e+01,-1.517983e+02,4.219616e+01,1.307220e+02,28,CO,-999.000000,-999.000000,-999.000000,IU
2025-11-15T01:08:04,1763168884.777160,816440452.301160,4030.309551,63116,24808,csn,3.857827e+02,2.264058e+01,-1.517514e+02,4.208666e+01,1.308389e+02,28,CO,-999.000000,-999.000000,-999.000000,IU
2025-11-15T01:08:06,1763168886.777156,816440454.301156,4032.309551,63116,24808,csn,3.845050e+02,2.264412e+01,-1.517046e+02,4.197705e+01,1.309544e+02,28,CO,-999.000000,-999.000000,-999.000000,IU
2025-11-15T01:08:08,1763168888.777151,816440456.301151,4034.309551,63116,24808,csn,3.832311e+02,2.264788e+01,-1.516579e+02,4.186734e+01,1.310711e+02,28,CO,-999.000000,-999.000000,-999.000000,IU
2025-11-15T01:08:10,1763168890.777147,816440458.301147,4036.309551,63116,24808,csn,3.819609e+02,2.265145e+01,-1.516114e+02,4.175753e+01,1.311870e+02,28,CO,-999.000000,-999.000000,-999.000000,IU
2025-11-15T01:08:12,1763168892.777143,816440460.301142,4038.309551,63116,24808,csn,3.806944e+02,2.265495e+01,-1.515650e+02,4.164761e+01,1.313027e+02,28,CO,-999.000000,-999.000000,-999.000000,IU
2025-11-15T01:08:14,1763168894.777139,816440462.301139,4040.309551,63116,24808,csn,3.794316e+02,2.265870e+01,-1.515188e+02,4.153759e+01,1.314198e+02,28,CO,-999.000000,-999.000000,-999.000000,IU
2025-11-15T01:08:16,1763168896.777134,816440464.301135,4042.309551,63116,24808,csn,3.781725e+02,2.266233e+01,-1.514728e+02,4.142747e+01,1.315363e+02,28,CO,-999.000000,-999.000000,-999.000000,IU
2025-11-15T01:08:18,1763168898.777130,816440466.301130,4044.309551,63116,24808,csn,3.769172e+02,2.266584e+01,-1.514269e+02,4.131725e+01,1.316524e+02,28,CO,-999.000000,-999.000000,-999.000000,IU
2025-11-15T01:08:20,1763168900.777126,816440468.301126,4046.309551,63116,24808,csn,3.756656e+02,2.266957e+01,-1.513811e+02,4.120692e+01,1.317698e+02,28,CO,-999.000000,-999.000000,-999.000000,IU
2025-11-15T01:08:22,1763168902.777122,816440470.301122,4048.309551,63116,24808,csn,3.744178e+02,2.267318e+01,-1.513355e+02,4.109649e+01,1.318867e+02,28,CO,-999.000000,-999.000000,-999.000000,IU
2025-11-15T01:08:24,1763168904.777118,816440472.301118,4050.309551,63116,24808,csn,3.731737e+02,2.267664e+01,-1.512900e+02,4.098597e+01,1.320029e+02,28,CO,-999.000000,-999.000000,-999.000000,IU
2025-11-15T01:08:26,1763168906.777114,816440474.301114,4052.309551,63116,24808,csn,3.719334e+02,2.268024e+01,-1.512447e+02,4.087534e+01,1.321199e+02,28,CO,-999.000000,-999.000000,-999.000000,IU
2025-11-15T01:08:28,1763168908.777110,816440476.301110,4054.309551,63116,24808,csn,3.706968e+02,2.268381e+01,-1.511995e+02,4.076461e+01,1.322369e+02,28,CO,-999.000000,-999.000000,-999.000000,IU
2025-11-15T01:08:30,1763168910.777106,816440478.301105,4056.309551,63116,24808,csn,3.694640e+02,2.268723e+01,-1.511544e+02,4.065378e+01,1.323533e+02,28,CO,-999.000000,-999.000000,-999.000000,IU
2025-11-15T01:08:32,1763168912.777102,816440480.301102,4058.309551,63116,24808,csn,3.682351e+02,2.269086e+01,-1.511095e+02,4.054285e+01,1.324710e+02,28,CO,-999.000000,-999.000000,-999.000000,IU
2025-11-15T01:08:34,1763168914.777097,816440482.301097,4060.309551,63116,24808,csn,3.670099e+02,2.269433e+01,-1.510647e+02,4.043182e+01,1.325879e+02,28,CO,-999.000000,-999.000000,-999.000000,IU
2025-11-15T01:08:36,1763168916.777093,816440484.301093,4062.309551,63116,24808,csn,3.657885e+02,2.269787e+01,-1.510201e+02,4.032069e+01,1.327053e+02,28,CO,-999.000000,-999.000000,-999.000000,IU
2025-11-15T01:08:38,1763168918.777089,816440486.301089,4064.309551,63116,24808,csn,3.645709e+02,2.270151e+01,-1.509756e+02,4.020946e+01,1.328232e+02,28,CO,-999.000000,-999.000000,-999.000000,IU
2025-11-15T01:08:40,1763168920.777085,816440488.301084,4066.309551,63116,24808,csn,3.633572e+02,2.270493e+01,-1.509312e+02,4.009813e+01,1.329403e+02,28,CO,-999.000000,-999.000000,-999.000000,IU
2025-11-15T01:08:42,1763168922.777080,816440490.301080,4068.309551,63116,24808,csn,3.621473e+02,2.270837e+01,-1.508870e+02,3.998671e+01,1.330575e+02,28,CO,-999.000000,-999.000000,-999.000000,IU
2025-11-15T01:08:44,1763168924.777076,816440492.301076,4070.309551,63116,24808,csn,3.609412e+02,2.271177e+01,-1.508429e+02,3.987518e+01,1.331747e+02,28,CO,-999.000000,-999.000000,-999.000000,IU
2025-11-15T01:08:46,1763168926.777072,816440494.301072,4072.309551,63116,24808,csn,3.597390e+02,2.271549e+01,-1.507990e+02,3.976356e+01,1.332936e+02,28,CO,-999.000000,-999.000000,-999.000000,IU
2025-11-15T01:08:48,1763168928.777068,816440496.301068,4074.309551,63116,24808,csn,3.585406e+02,2.271889e+01,-1.507552e+02,3.965184e+01,1.334110e+02,28,CO,-999.000000,-999.000000,-999.000000,IU
2025-11-15T01:08:50,1763168930.777064,816440498.301064,4076.309551,63116,24808,csn,3.573461e+02,2.272233e+01,-1.507115e+02,3.954002e+01,1.335287e+02,28,CO,-999.000000,-999.000000,-999.000000,IU
2025-11-15T01:08:52,1763168932.777060,816440500.301060,4078.309551,63116,24808,csn,3.561555e+02,2.272577e+01,-1.506679e+02,3.942810e+01,1.336465e+02,28,CO,-999.000000,-999.000000,-999.000000,IU
2025-11-15T01:08:54,1763168934.777056,816440502.301056,4080.309551,63116,24808,csn,3.549687e+02,2.272921e+01,-1.506245e+02,3.931609e+01,1.337645e+02,28,CO,-999.000000,-999.000000,-999.000000,IU
2025-11-15T01:08:56,1763168936.777052,816440504.301052,4082.309551,63116,24808,csn,3.537858e+02,2.273264e+01,-1.505812e+02,3.920398e+01,1.338825e+02,28,CO,-999.000000,-999.000000,-999.000000,IU
2025-11-15T01:08:58,1763168938.777047,816440506.301047,4084.309551,63116,24808,csn,3.526069e+02,2.273602e+01,-1.505381e+02,3.909177e+01,1.340004e+02,28,CO,-999.000000,-999.000000,-999.000000,IU
2025-11-15T01:09:00,1763168940.777043,816440508.301043,4086.309551,63116,24808,csn,3.514318e+02,2.273947e+01,-1.504951e+02,3.897947e+01,1.341188e+02,28,CO,-999.000000,-999.000000,-999.000000,IU
2025-11-15T01:09:02,1763168942.777038,816440510.301039,4088.309551,63116,24808,csn,3.502606e+02,2.274289e+01,-1.504522e+02,3.886707e+01,1.342371e+02,28,CO,-999.000000,-999.000000,-999.000000,IU
2025-11-15T01:09:04,1763168944.777034,816440512.301034,4090.309551,63116,24808,csn,3.490934e+02,2.274616e+01,-1.504094e+02,3.875458e+01,1.343547e+02,28,CO,-999.000000,-999.000000,-999.000000,IU
2025-11-15T01:09:06,1763168946.777030,816440514.301030,4092.309551,63116,24808,csn,3.479301e+02,2.274948e+01,-1.503668e+02,3.864199e+01,1.344728e+02,28,CO,-999.000000,-999.000000,-999.000000,IU
2025-11-15T01:09:08,1763168948.777026,816440516.301026,4094.309551,63116,24808,csn,3.467707e+02,2.275290e+01,-1.503243e+02,3.852930e+01,1.345915e+02,28,CO,-999.000000,-999.000000,-999.000000,IU
2025-11-15T01:09:10,1763168950.777022,816440518.301022,4096.309551,63116,24808,csn,3.456152e+02,2.275630e+01,-1.502819e+02,3.841652e+01,1.347102e+02,28,CO,-999.000000,-999.000000,-999.000000,IU
2025-11-15T01:09:12,1763168952.777018,816440520.301018,4098.309551,63116,24808,csn,3.444637e+02,2.275974e+01,-1.502396e+02,3.830365e+01,1.348292e+02,28,CO,-999.000000,-999.000000,-999.000000,IU
2025-11-15T01:09:14,1763168954.777014,816440522.301014,4100.309551,63116,24808,csn,3.433162e+02,2.276281e+01,-1.501975e+02,3.819068e+01,1.349464e+02,28,CO,-999.000000,-999.000000,-999.000000,IU
2025-11-15T01:09:16,1763168956.777009,816440524.301009,4102.309551,63116,24808,csn,3.421726e+02,2.276673e+01,-1.501555e+02,3.807762e+01,1.350682e+02,28,CO,-999.000000,-999.000000,-999.000000,IU
2025-11-15T01:09:18,1763168958.777006,816440526.301009,4104.309551,63116,24808,csn,3.410331e+02,2.276841e+01,-1.501136e+02,3.796447e+01,1.351783e+02,28,CO,-999.000000,-999.000000,-999.000000,IU
2025-11-15T01:09:20,1763168960.777001,816440528.301002,4106.309551,63116,24808,csn,3.398975e+02,2.277261e+01,-1.500718e+02,3.785121e+01,1.353017e+02,28,CO,-999.000000,-999.000000,-999.000000,IU
2025-11-15T01:09:22,1763168962.776997,816440530.300996,4108.309551,63116,24808,csn,3.387658e+02,2.277654e+01,-1.500302e+02,3.773787e+01,1.354240e+02,28,CO,-999.000000,-999.000000,-999.000000,IU
2025-11-15T01:09:24,1763168964.776993,816440532.300993,4110.309551,63116,24808,csn,3.376382e+02,2.277966e+01,-1.499886e+02,3.762443e+01,1.355420e+02,28,CO,-999.000000,-999.000000,-999.000000,IU
2025-11-15T01:09:26,1763168966.776989,816440534.300989,4112.309551,63116,24808,csn,3.365146e+02,2.278302e+01,-1.499472e+02,3.751090e+01,1.356614e+02,28,CO,-999.000000,-999.000000,-999.000000,IU
2025-11-15T01:09:28,1763168968.776985,816440536.300985,4114.309551,63116,24808,csn,3.353950e+02,2.278626e+01,-1.499059e+02,3.739728e+01,1.357803e+02,28,CO,-999.000000,-999.000000,-999.000000,IU
2025-11-15T01:09:30,1763168970.776981,816440538.300981,4116.309551,63116,24808,csn,3.342794e+02,2.278939e+01,-1.498648e+02,3.728357e+01,1.358987e+02,28,CO,-999.000000,-999.000000,-999.000000,IU
2025-11-15T01:09:32,1763168972.776977,816440540.300977,4118.309551,63116,24808,csn,3.331678e+02,2.279289e+01,-1.498237e+02,3.716977e+01,1.360192e+02,28,CO,-999.000000,-999.000000,-999.000000,IU
2025-11-15T01:09:34,1763168974.776973,816440542.300973,4120.309551,63116,24808,csn,3.320603e+02,2.279607e+01,-1.497828e+02,3.705587e+01,1.361381e+02,28,CO,-999.000000,-999.000000,-999.000000,IU
2025-11-15T01:09:36,1763168976.776968,816440544.300968,4122.309551,63116,24808,csn,3.309569e+02,2.279936e+01,-1.497420e+02,3.694188e+01,1.362577e+02,28,CO,-999.000000,-999.000000,-999.000000,IU
2025-11-15T01:09:38,1763168978.776963,816440546.300963,4124.309551,63116,24808,csn,3.298574e+02,2.280256e+01,-1.497013e+02,3.682780e+01,1.363769e+02,28,CO,-999.000000,-999.000000,-999.000000,IU
2025-11-15T01:09:40,1763168980.776959,816440548.300959,4126.309551,63116,24808,csn,3.287621e+02,2.280574e+01,-1.496607e+02,3.671363e+01,1.364962e+02,28,CO,-999.000000,-999.000000,-999.000000,IU
2025-11-15T01:09:42,1763168982.776955,816440550.300955,4128.309551,63116,24808,csn,3.276708e+02,2.280909e+01,-1.496203e+02,3.659938e+01,1.366164e+02,28,CO,-999.000000,-999.000000,-999.000000,IU
2025-11-15T01:09:44,1763168984.776951,816440552.300951,4130.309551,63116,24808,csn,3.265836e+02,2.281232e+01,-1.495799e+02,3.648503e+01,1.367361e+02,28,CO,-999.000000,-999.000000,-999.000000,IU
2025-11-15T01:09:46,1763168986.776947,816440554.300947,4132.309551,63116,24808,csn,3.255005e+02,2.281548e+01,-1.495397e+02,3.637059e+01,1.368555e+02,28,CO,-999.000000,-999.000000,-999.000000,IU
2025-11-15T01:09:48,1763168988.776943,816440556.300943,4134.309551,63116,24808,csn,3.244214e+02,2.281876e+01,-1.494995e+02,3.625606e+01,1.369757e+02,28,CO,-999.000000,-999.000000,-999.000000,IU
2025-11-15T01:09:50,1763168990.776939,816440558.300939,4136.309551,63116,24808,csn,3.233465e+02,2.282202e+01,-1.494595e+02,3.614144e+01,1.370960e+02,28,CO,-999.000000,-999.000000,-999.000000,IU
2025-11-15T01:09:52,1763168992.776935,816440560.300935,4138.309551,63116,24808,csn,3.222756e+02,2.282515e+01,-1.494196e+02,3.602674e+01,1.372156e+02,28,CO,-999.000000,-999.000000,-999.000000,IU
2025-11-15T01:09:54,1763168994.776931,816440562.300931,4140.309551,63116,24808,csn,3.212089e+02,2.282834e+01,-1.493798e+02,3.591194e+01,1.373356e+02,28,CO,-999.000000,-999.000000,-999.000000,IU
2025-11-15T01:09:56,1763168996.776926,816440564.300926,4142.309551,63116,24808,csn,3.201463e+02,2.283152e+01,-1.493402e+02,3.579706e+01,1.374557e+02,28,CO,-999.000000,-999.000000,-999.000000,IU
2025-11-15T01:09:58,1763168998.776922,816440566.300922,4144.309551,63116,24808,csn,3.190879e+02,2.283464e+01,-1.493006e+02,3.568209e+01,1.375756e+02,28,CO,-999.000000,-999.000000,-999.000000,IU
2025-11-15T01:10:00,1763169000.776918,816440568.300918,4146.309551,63116,24808,csn,3.180335e+02,2.283791e+01,-1.492611e+02,3.556703e+01,1.376964e+02,28,CO,-999.000000,-999.000000,-999.000000,IU
2025-11-15T01:10:02,1763169002.776914,816440570.300914,4148.309551,63116,24808,csn,3.169833e+02,2.284092e+01,-1.492218e+02,3.545188e+01,1.378159e+02,28,CO,-999.000000,-999.000000,-999.000000,IU
2025-11-15T01:10:04,1763169004.776910,816440572.300910,4150.309551,63116,24808,csn,3.159373e+02,2.284428e+01,-1.491825e+02,3.533665e+01,1.379374e+02,28,CO,-999.000000,-999.000000,-999.000000,IU
2025-11-15T01:10:06,1763169006.776905,816440574.300905,4152.309551,63116,24808,csn,3.148954e+02,2.284732e+01,-1.491434e+02,3.522133e+01,1.380573e+02,28,CO,-999.000000,-999.000000,-999.000000,IU
2025-11-15T01:10:08,1763169008.776901,816440576.300902,4154.309551,63116,24808,csn,3.138577e+02,2.285037e+01,-1.491044e+02,3.510592e+01,1.381773e+02,28,CO,-999.000000,-999.000000,-999.000000,IU
2025-11-15T01:10:10,1763169010.776897,816440578.300897,4156.309551,63116,24808,csn,3.128242e+02,2.285369e+01,-1.490655e+02,3.499043e+01,1.382989e+02,28,CO,-999.000000,-999.000000,-999.000000,IU
2025-11-15T01:10:12,1763169012.776893,816440580.300893,4158.309551,63116,24808,csn,3.117948e+02,2.285669e+01,-1.490266e+02,3.487485e+01,1.384189e+02,28,CO,-999.000000,-999.000000,-999.000000,IU
2025-11-15T01:10:14,1763169014.776889,816440582.300889,4160.309551,63116,24808,csn,3.107697e+02,2.285972e+01,-1.489879e+02,3.475919e+01,1.385391e+02,28,CO,-999.000000,-999.000000,-999.000000,IU
2025-11-15T01:10:16,1763169016.776885,816440584.300885,4162.309551,63116,24808,csn,3.097487e+02,2.286298e+01,-1.489493e+02,3.464344e+01,1.386606e+02,28,CO,-999.000000,-999.000000,-999.000000,IU
2025-11-15T01:10:18,1763169018.776881,816440586.300880,4164.309551,63116,24808,csn,3.087319e+02,2.286617e+01,-1.489108e+02,3.452760e+01,1.387819e+02,28,CO,-999.000000,-999.000000,-999.000000,IU
2025-11-15T01:10:20,1763169020.776877,816440588.300877,4166.309551,63116,24808,csn,3.077194e+02,2.286920e+01,-1.488724e+02,3.441168e+01,1.389025e+02,28,CO,-999.000000,-999.000000,-999.000000,IU
2025-11-15T01:10:22,1763169022.776873,816440590.300873,4168.309551,63116,24808,csn,3.067110e+02,2.287222e+01,-1.488341e+02,3.429568e+01,1.390230e+02,28,CO,-999.000000,-999.000000,-999.000000,IU
2025-11-15T01:10:24,1763169024.776868,816440592.300868,4170.309551,63116,24808,csn,3.057069e+02,2.287528e+01,-1.487959e+02,3.417959e+01,1.391439e+02,28,CO,-999.000000,-999.000000,-999.000000,IU
2025-11-15T01:10:26,1763169026.776865,816440594.300864,4172.309551,63116,24808,csn,3.047071e+02,2.287828e+01,-1.487578e+02,3.406342e+01,1.392646e+02,28,CO,-999.000000,-999.000000,-999.000000,IU
2025-11-15T01:10:28,1763169028.776860,816440596.300859,4174.309551,63116,24808,csn,3.037114e+02,2.288161e+01,-1.487198e+02,3.394717e+01,1.393872e+02,28,CO,-999.000000,-999.000000,-999.000000,IU
2025-11-15T01:10:30,1763169030.776855,816440598.300856,4176.309551,63116,24808,csn,3.027200e+02,2.288471e+01,-1.486819e+02,3.383083e+01,1.395086e+02,28,CO,-999.000000,-999.000000,-999.000000,IU
2025-11-15T01:10:32,1763169032.776851,816440600.300851,4178.309551,63116,24808,csn,3.017329e+02,2.288777e+01,-1.486441e+02,3.371441e+01,1.396299e+02,28,CO,-999.000000,-999.000000,-999.000000,IU
2025-11-15T01:10:34,1763169034.776847,816440602.300847,4180.309551,63116,24808,csn,3.007500e+02,2.289076e+01,-1.486065e+02,3.359791e+01,1.397509e+02,28,CO,-999.000000,-999.000000,-999.000000,IU
2025-11-15T01:10:36,1763169036.776843,816440604.300843,4182.309551,63116,24808,csn,2.997715e+02,2.289384e+01,-1.485689e+02,3.348132e+01,1.398725e+02,28,CO,-999.000000,-999.000000,-999.000000,IU
2025-11-15T01:10:38,1763169038.776839,816440606.300839,4184.309551,63116,24808,csn,2.987971e+02,2.289689e+01,-1.485314e+02,3.336465e+01,1.399940e+02,28,CO,-999.000000,-999.000000,-999.000000,IU
2025-11-15T01:10:40,1763169040.776835,816440608.300835,4186.309551,63116,24808,csn,2.978271e+02,2.289992e+01,-1.484940e+02,3.324790e+01,1.401155e+02,28,CO,-999.000000,-999.000000,-999.000000,IU
2025-11-15T01:10:42,1763169042.776831,816440610.300831,4188.309551,63116,24808,csn,2.968614e+02,2.290301e+01,-1.484566e+02,3.313107e+01,1.402375e+02,28,CO,-999.000000,-999.000000,-999.000000,IU
2025-11-15T01:10:44,1763169044.776827,816440612.300827,4190.309551,63116,24808,csn,2.958999e+02,2.290584e+01,-1.484194e+02,3.301416e+01,1.403581e+02,28,CO,-999.000000,-999.000000,-999.000000,IU
2025-11-15T01:10:46,1763169046.776823,816440614.300822,4192.309551,63116,24808,csn,2.949428e+02,2.290876e+01,-1.483823e+02,3.289717e+01,1.404793e+02,28,CO,-999.000000,-999.000000,-999.000000,IU
2025-11-15T01:10:48,1763169048.776818,816440616.300818,4194.309551,63116,24808,csn,2.939899e+02,2.291183e+01,-1.483453e+02,3.278010e+01,1.406014e+02,28,CO,-999.000000,-999.000000,-999.000000,IU
2025-11-15T01:10:50,1763169050.776814,816440618.300814,4196.309551,63116,24808,csn,2.930415e+02,2.291490e+01,-1.483084e+02,3.266295e+01,1.407236e+02,28,CO,-999.000000,-999.000000,-999.000000,IU
2025-11-15T01:10:52,1763169052.776810,816440620.300810,4198.309551,63116,24808,csn,2.920973e+02,2.291793e+01,-1.482716e+02,3.254571e+01,1.408457e+02,28,CO,-999.000000,-999.000000,-999.000000,IU
2025-11-15T01:10:54,1763169054.776806,816440622.300806,4200.309551,63116,24808,csn,2.911574e+02,2.292101e+01,-1.482348e+02,3.242840e+01,1.409681e+02,28,CO,-999.000000,-999.000000,-999.000000,IU
2025-11-15T01:10:56,1763169056.776801,816440624.300801,4202.309551,63116,24808,csn,2.902219e+02,2.292379e+01,-1.481982e+02,3.231101e+01,1.410890e+02,28,CO,-999.000000,-999.000000,-999.000000,IU
2025-11-15T01:10:58,1763169058.776797,816440626.300797,4204.309551,63116,24808,csn,2.892908e+02,2.292678e+01,-1.481616e+02,3.219354e+01,1.412112e+02,28,CO,-999.000000,-999.000000,-999.000000,IU
2025-11-15T01:11:00,1763169060.776793,816440628.300793,4206.309551,63116,24808,csn,2.883640e+02,2.292982e+01,-1.481252e+02,3.207600e+01,1.413337e+02,28,CO,-999.000000,-999.000000,-999.000000,IU
2025-11-15T01:11:02,1763169062.776789,816440630.300789,4208.309551,63116,24808,csn,2.874415e+02,2.293289e+01,-1.480888e+02,3.195837e+01,1.414565e+02,28,CO,-999.000000,-999.000000,-999.000000,IU
2025-11-15T01:11:04,1763169064.776784,816440632.300784,4210.309551,63116,24808,csn,2.865235e+02,2.293563e+01,-1.480525e+02,3.184067e+01,1.415775e+02,28,CO,-999.000000,-999.000000,-999.000000,IU
2025-11-15T01:11:06,1763169066.776780,816440634.300780,4212.309551,63116,24808,csn,2.856098e+02,2.293871e+01,-1.480163e+02,3.172288e+01,1.417005e+02,28,CO,-999.000000,-999.000000,-999.000000,IU
2025-11-15T01:11:08,1763169068.776777,816440636.300776,4214.309551,63116,24808,csn,2.847005e+02,2.294177e+01,-1.479802e+02,3.160503e+01,1.418235e+02,28,CO,-999.000000,-999.000000,-999.000000,IU
2025-11-15T01:11:10,1763169070.776772,816440638.300772,4216.309551,63116,24808,csn,2.837956e+02,2.294460e+01,-1.479442e+02,3.148709e+01,1.419453e+02,28,CO,-999.000000,-999.000000,-999.000000,IU
2025-11-15T01:11:12,1763169072.776768,816440640.300768,4218.309551,63116,24808,csn,2.828950e+02,2.294753e+01,-1.479083e+02,3.136908e+01,1.420678e+02,28,CO,-999.000000,-999.000000,-999.000000,IU
2025-11-15T01:11:14,1763169074.776764,816440642.300764,4220.309551,63116,24808,csn,2.819989e+02,2.295053e+01,-1.478725e+02,3.125099e+01,1.421906e+02,28,CO,-999.000000,-999.000000,-999.000000,IU
2025-11-15T01:11:16,1763169076.776760,816440644.300760,4222.309551,63116,24808,csn,2.811072e+02,2.295336e+01,-1.478367e+02,3.113283e+01,1.423127e+02,28,CO,-999.000000,-999.000000,-999.000000,IU
2025-11-15T01:11:18,1763169078.776756,816440646.300756,4224.309551,63116,24808,csn,2.802199e+02,2.295640e+01,-1.478011e+02,3.101459e+01,1.424361e+02,28,CO,-999.000000,-999.000000,-999.000000,IU
2025-11-15T01:11:20,1763169080.776752,816440648.300752,4226.309551,63116,24808,csn,2.793371e+02,2.295920e+01,-1.477655e+02,3.089627e+01,1.425581e+02,28,CO,-999.000000,-999.000000,-999.000000,IU
2025-11-15T01:11:22,1763169082.776747,816440650.300747,4228.309551,63116,24808,csn,2.784586e+02,2.296202e+01,-1.477300e+02,3.077789e+01,1.426804e+02,28,CO,-999.000000,-999.000000,-999.000000,IU
2025-11-15T01:11:24,1763169084.776743,816440652.300743,4230.309551,63116,24808,csn,2.775846e+02,2.296502e+01,-1.476946e+02,3.065942e+01,1.428038e+02,28,CO,-999.000000,-999.000000,-999.000000,IU
2025-11-15T01:11:26,1763169086.776739,816440654.300739,4232.309551,63116,24808,csn,2.767151e+02,2.296789e+01,-1.476593e+02,3.054088e+01,1.429265e+02,28,CO,-999.000000,-999.000000,-999.000000,IU
2025-11-15T01:11:28,1763169088.776734,816440656.300734,4234.309551,63116,24808,csn,2.758500e+02,2.297087e+01,-1.476241e+02,3.042227e+01,1.430499e+02,28,CO,-999.000000,-999.000000,-999.000000,IU
2025-11-15T01:11:30,1763169090.776731,816440658.300731,4236.309551,63116,24808,csn,2.749893e+02,2.297356e+01,-1.475889e+02,3.030359e+01,1.431718e+02,28,CO,-999.000000,-999.000000,-999.000000,IU
2025-11-15T01:11:32,1763169092.776726,816440660.300726,4238.309551,63116,24808,csn,2.741331e+02,2.297668e+01,-1.475538e+02,3.018483e+01,1.432961e+02,28,CO,-999.000000,-999.000000,-999.000000,IU
2025-11-15T01:11:34,1763169094.776722,816440662.300722,4240.309551,63116,24808,csn,2.732814e+02,2.297951e+01,-1.475189e+02,3.006599e+01,1.434189e+02,28,CO,-999.000000,-999.000000,-999.000000,IU
2025-11-15T01:11:36,1763169096.776718,816440664.300718,4242.309551,63116,24808,csn,2.724342e+02,2.298232e+01,-1.474840e+02,2.994709e+01,1.435418e+02,28,CO,-999.000000,-999.000000,-999.000000,IU
2025-11-15T01:11:38,1763169098.776714,816440666.300714,4244.309551,63116,24808,csn,2.715914e+02,2.298529e+01,-1.474492e+02,2.982811e+01,1.436656e+02,28,CO,-999.000000,-999.000000,-999.000000,IU
2025-11-15T01:11:40,1763169100.776710,816440668.300710,4246.309551,63116,24808,csn,2.707532e+02,2.298806e+01,-1.474144e+02,2.970907e+01,1.437883e+02,28,CO,-999.000000,-999.000000,-999.000000,IU
2025-11-15T01:11:42,1763169102.776706,816440670.300705,4248.309551,63116,24808,csn,2.699194e+02,2.299096e+01,-1.473798e+02,2.958994e+01,1.439119e+02,28,CO,-999.000000,-999.000000,-999.000000,IU
2025-11-15T01:11:44,1763169104.776701,816440672.300701,4250.309551,63116,24808,csn,2.690901e+02,2.299378e+01,-1.473452e+02,2.947075e+01,1.440350e+02,28,CO,-999.000000,-999.000000,-999.000000,IU
2025-11-15T01:11:46,1763169106.776697,816440674.300697,4252.309551,63116,24808,csn,2.682654e+02,2.299665e+01,-1.473107e+02,2.935149e+01,1.441586e+02,28,CO,-999.000000,-999.000000,-999.000000,IU
2025-11-15T01:11:48,1763169108.776693,816440676.300693,4254.309551,63116,24808,csn,2.674451e+02,2.299934e+01,-1.472763e+02,2.923216e+01,1.442811e+02,28,CO,-999.000000,-999.000000,-999.000000,IU
2025-11-15T01:11:50,1763169110.776689,816440678.300689,4256.309551,63116,24808,csn,2.666294e+02,2.300224e+01,-1.472420e+02,2.911276e+01,1.444050e+02,28,CO,-999.000000,-999.000000,-999.000000,IU
2025-11-15T01:11:52,1763169112.776685,816440680.300685,4258.309551,63116,24808,csn,2.658182e+02,2.300493e+01,-1.472077e+02,2.899328e+01,1.445278e+02,28,CO,-999.000000,-999.000000,-999.000000,IU
2025-11-15T01:11:54,1763169114.776681,816440682.300681,4260.309551,63116,24808,csn,2.650116e+02,2.300781e+01,-1.471735e+02,2.887374e+01,1.446517e+02,28,CO,-999.000000,-999.000000,-999.000000,IU
2025-11-15T01:11:56,1763169116.776677,816440684.300677,4262.309551,63116,24808,csn,2.642095e+02,2.301070e+01,-1.471394e+02,2.875413e+01,1.447758e+02,28,CO,-999.000000,-999.000000,-999.000000,IU
2025-11-15T01:11:58,1763169118.776672,816440686.300672,4264.309551,63116,24808,csn,2.634119e+02,2.301348e+01,-1.471054e+02,2.863445e+01,1.448993e+02,28,CO,-999.000000,-999.000000,-999.000000,IU
2025-11-15T01:12:00,1763169120.776668,816440688.300668,4266.309551,63116,24808,csn,2.626189e+02,2.301643e+01,-1.470715e+02,2.851470e+01,1.450238e+02,28,CO,-999.000000,-999.000000,-999.000000,IU
2025-11-15T01:12:02,1763169122.776664,816440690.300664,4268.309551,63116,24808,csn,2.618304e+02,2.301904e+01,-1.470376e+02,2.839488e+01,1.451465e+02,28,CO,-999.000000,-999.000000,-999.000000,IU
2025-11-15T01:12:04,1763169124.776659,816440692.300660,4270.309551,63116,24808,csn,2.610466e+02,2.302180e+01,-1.470038e+02,2.827500e+01,1.452701e+02,28,CO,-999.000000,-999.000000,-999.000000,IU
2025-11-15T01:12:06,1763169126.776656,816440694.300656,4272.309551,63116,24808,csn,2.602672e+02,2.302464e+01,-1.469701e+02,2.815504e+01,1.453943e+02,28,CO,-999.000000,-999.000000,-999.000000,IU
2025-11-15T01:12:08,1763169128.776652,816440696.300652,4274.309551,63116,24808,csn,2.594925e+02,2.302756e+01,-1.469364e+02,2.803502e+01,1.455190e+02,28,CO,-999.000000,-999.000000,-999.000000,IU
2025-11-15T01:12:10,1763169130.776647,816440698.300647,4276.309551,63116,24808,csn,2.587224e+02,2.303027e+01,-1.469029e+02,2.791494e+01,1.456425e+02,28,CO,-999.000000,-999.000000,-999.000000,IU
2025-11-15T01:12:12,1763169132.776643,816440700.300643,4278.309551,63116,24808,csn,2.579568e+02,2.303291e+01,-1.468694e+02,2.779478e+01,1.457657e+02,28,CO,-999.000000,-999.000000,-999.000000,IU
2025-11-15T01:12:14,1763169134.776639,816440702.300640,4280.309551,63116,24808,csn,2.571958e+02,2.303588e+01,-1.468360e+02,2.767457e+01,1.458909e+02,28,CO,-999.000000,-999.000000,-999.000000,IU
2025-11-15T01:12:16,1763169136.776635,816440704.300635,4282.309551,63116,24808,csn,2.564395e+02,2.303855e+01,-1.468026e+02,2.755428e+01,1.460145e+02,28,CO,-999.000000,-999.000000,-999.000000,IU
2025-11-15T01:12:18,1763169138.776631,816440706.300631,4284.309551,63116,24808,csn,2.556877e+02,2.304119e+01,-1.467693e+02,2.743393e+01,1.461379e+02,28,CO,-999.000000,-999.000000,-999.000000,IU
2025-11-15T01:12:20,1763169140.776627,816440708.300627,4286.309551,63116,24808,csn,2.549406e+02,2.304416e+01,-1.467361e+02,2.731352e+01,1.462633e+02,28,CO,-999.000000,-999.000000,-999.000000,IU
2025-11-15T01:12:22,1763169142.776622,816440710.300622,4288.309551,63116,24808,csn,2.541981e+02,2.304681e+01,-1.467030e+02,2.719304e+01,1.463869e+02,28,CO,-999.000000,-999.000000,-999.000000,IU
2025-11-15T01:12:24,1763169144.776618,816440712.300618,4290.309551,63116,24808,csn,2.534602e+02,2.304952e+01,-1.466700e+02,2.707249e+01,1.465110e+02,28,CO,-999.000000,-999.000000,-999.000000,IU
2025-11-15T01:12:26,1763169146.776614,816440714.300614,4292.309551,63116,24808,csn,2.527269e+02,2.305213e+01,-1.466370e+02,2.695188e+01,1.466345e+02,28,CO,-999.000000,-999.000000,-999.000000,IU
2025-11-15T01:12:28,1763169148.776610,816440716.300610,4294.309551,63116,24808,csn,2.519983e+02,2.305500e+01,-1.466041e+02,2.683121e+01,1.467596e+02,28,CO,-999.000000,-999.000000,-999.000000,IU
2025-11-15T01:12:30,1763169150.776606,816440718.300606,4296.309551,63116,24808,csn,2.512743e+02,2.305778e+01,-1.465712e+02,2.671048e+01,1.468843e+02,28,CO,-999.000000,-999.000000,-999.000000,IU
2025-11-15T01:12:32,1763169152.776602,816440720.300602,4298.309551,63116,24808,csn,2.505550e+02,2.306042e+01,-1.465384e+02,2.658968e+01,1.470082e+02,28,CO,-999.000000,-999.000000,-999.000000,IU
2025-11-15T01:12:34,1763169154.776597,816440722.300597,4300.309551,63116,24808,csn,2.498403e+02,2.306308e+01,-1.465057e+02,2.646882e+01,1.471323e+02,28,CO,-999.000000,-999.000000,-999.000000,IU
2025-11-15T01:12:36,1763169156.776593,816440724.300594,4302.309551,63116,24808,csn,2.491303e+02,2.306582e+01,-1.464731e+02,2.634790e+01,1.472569e+02,28,CO,2503.238445,36309.621788,0.019987,IU
2025-11-15T01:12:38,1763169158.776589,816440726.300589,4304.309551,63116,24808,csn,2.484250e+02,2.306876e+01,-1.464405e+02,2.622691e+01,1.473828e+02,28,CO,2323.468260,33698.124234,0.020746,IU
2025-11-15T01:12:40,1763169160.776585,816440728.300585,4306.309551,63116,24808,csn,2.477243e+02,2.307132e+01,-1.464080e+02,2.610587e+01,1.475065e+02,28,CO,2900.562278,42061.245435,0.018568,IU
2025-11-15T01:12:42,1763169162.776581,816440730.300581,4308.309551,63116,24808,csn,2.470283e+02,2.307404e+01,-1.463756e+02,2.598476e+01,1.476312e+02,28,CO,3253.908380,47178.929833,0.017531,IU
2025-11-15T01:12:44,1763169164.776577,816440732.300577,4310.309551,63116,24808,csn,2.463370e+02,2.307671e+01,-1.463432e+02,2.586359e+01,1.477557e+02,28,CO,3339.375322,48411.336929,0.017305,IU
2025-11-15T01:12:46,1763169166.776572,816440734.300573,4312.309551,63116,24808,csn,2.456504e+02,2.307934e+01,-1.463109e+02,2.574236e+01,1.478800e+02,28,CO,3135.464014,45449.820677,0.017859,IU
2025-11-15T01:12:48,1763169168.776568,816440736.300568,4314.309551,63116,24808,csn,2.449685e+02,2.308206e+01,-1.462787e+02,2.562108e+01,1.480049e+02,28,CO,3468.204920,50265.445298,0.016980,IU
2025-11-15T01:12:50,1763169170.776564,816440738.300564,4316.309551,63116,24808,csn,2.442912e+02,2.308470e+01,-1.462465e+02,2.549973e+01,1.481294e+02,28,CO,4225.570217,61234.327991,0.015384,IU
2025-11-15T01:12:52,1763169172.776560,816440740.300559,4318.309551,63116,24808,csn,2.436187e+02,2.308757e+01,-1.462144e+02,2.537832e+01,1.482554e+02,28,CO,5279.130417,76493.115064,0.013763,IU
2025-11-15T01:12:54,1763169174.776555,816440742.300555,4320.309551,63116,24808,csn,2.429509e+02,2.309017e+01,-1.461824e+02,2.525685e+01,1.483797e+02,28,CO,6191.731379,89704.779551,0.012708,IU
2025-11-15T01:12:56,1763169176.776551,816440744.300551,4322.309551,63116,24808,csn,2.422878e+02,2.309273e+01,-1.461504e+02,2.513533e+01,1.485039e+02,28,CO,7135.976866,103370.949972,0.011838,IU
2025-11-15T01:12:58,1763169178.776547,816440746.300547,4324.309551,63116,24808,csn,2.416295e+02,2.309558e+01,-1.461185e+02,2.501375e+01,1.486299e+02,28,CO,8483.514651,122874.459084,0.010857,IU
2025-11-15T01:13:00,1763169180.776543,816440748.300543,4326.309551,63116,24808,csn,2.409758e+02,2.309822e+01,-1.460866e+02,2.489211e+01,1.487547e+02,28,CO,9067.812176,131323.448179,0.010501,IU
2025-11-15T01:13:02,1763169182.776539,816440750.300539,4328.309551,63116,24808,csn,2.403269e+02,2.310074e+01,-1.460549e+02,2.477041e+01,1.488788e+02,28,CO,9894.527136,143279.229731,0.010053,IU
2025-11-15T01:13:04,1763169184.776535,816440752.300535,4330.309551,63116,24808,csn,2.396828e+02,2.310352e+01,-1.460231e+02,2.464865e+01,1.490046e+02,28,CO,11906.158542,172386.683013,0.009165,IU
2025-11-15T01:13:06,1763169186.776531,816440754.300531,4332.309551,63116,24808,csn,2.390434e+02,2.310622e+01,-1.459915e+02,2.452684e+01,1.491299e+02,28,CO,12425.576479,179884.100364,0.008971,IU
2025-11-15T01:13:08,1763169188.776527,816440756.300527,4334.309551,63116,24808,csn,2.384087e+02,2.310869e+01,-1.459599e+02,2.440497e+01,1.492539e+02,28,CO,13389.079379,193808.415697,0.008642,IU
2025-11-15T01:13:10,1763169190.776523,816440758.300523,4336.309551,63116,24808,csn,2.377788e+02,2.311136e+01,-1.459284e+02,2.428305e+01,1.493792e+02,28,CO,15645.220925,226445.269940,0.007995,IU
2025-11-15T01:13:12,1763169192.776518,816440760.300518,4338.309551,63116,24808,csn,2.371536e+02,2.311400e+01,-1.458969e+02,2.416107e+01,1.495043e+02,28,CO,17537.294897,253797.252982,0.007551,IU
2025-11-15T01:13:14,1763169194.776515,816440762.300514,4340.309551,63116,24808,csn,2.365333e+02,2.311671e+01,-1.458655e+02,2.403904e+01,1.496299e+02,28,CO,19756.415722,285880.959209,0.007115,IU
2025-11-15T01:13:16,1763169196.776510,816440764.300510,4342.309551,63116,24808,csn,2.359176e+02,2.311935e+01,-1.458341e+02,2.391694e+01,1.497551e+02,28,CO,22409.811239,324249.832105,0.006680,IU
2025-11-15T01:13:18,1763169198.776506,816440766.300506,4344.309551,63116,24808,csn,2.353068e+02,2.312198e+01,-1.458028e+02,2.379480e+01,1.498804e+02,28,CO,25130.844100,363572.557138,0.006308,IU
2025-11-15T01:13:20,1763169200.776501,816440768.300501,4346.309551,63116,24808,csn,2.347007e+02,2.312472e+01,-1.457716e+02,2.367260e+01,1.500064e+02,28,CO,27198.650329,393439.503764,0.006064,IU
2025-11-15T01:13:22,1763169202.776497,816440770.300497,4348.309551,63116,24808,csn,2.340995e+02,2.312717e+01,-1.457405e+02,2.355035e+01,1.501306e+02,28,CO,28719.181776,415384.768264,0.005901,IU
2025-11-15T01:13:24,1763169204.776494,816440772.300494,4350.309551,63116,24808,csn,2.335030e+02,2.312973e+01,-1.457093e+02,2.342804e+01,1.502556e+02,28,CO,30474.499633,440730.691441,0.005728,IU
2025-11-15T01:13:26,1763169206.776489,816440774.300489,4352.309551,63116,24808,csn,2.329113e+02,2.313241e+01,-1.456783e+02,2.330569e+01,1.503814e+02,28,CO,33212.057977,480266.227948,0.005487,IU
2025-11-15T01:13:28,1763169208.776485,816440776.300485,4354.309551,63116,24808,csn,2.323244e+02,2.313507e+01,-1.456473e+02,2.318327e+01,1.505071e+02,28,CO,36436.025882,526826.026255,0.005239,IU
2025-11-15T01:13:30,1763169210.776481,816440778.300481,4356.309551,63116,24808,csn,2.317423e+02,2.313766e+01,-1.456164e+02,2.306081e+01,1.506323e+02,28,CO,39103.231800,565329.177565,0.005057,IU
2025-11-15T01:13:32,1763169212.776477,816440780.300477,4358.309551,63116,24808,csn,2.311651e+02,2.314010e+01,-1.455855e+02,2.293830e+01,1.507568e+02,28,CO,42718.027439,617515.805178,0.004838,IU
2025-11-15T01:13:34,1763169214.776473,816440782.300472,4360.309551,63116,24808,csn,2.305926e+02,2.314283e+01,-1.455547e+02,2.281573e+01,1.508830e+02,28,CO,46314.203128,669423.930901,0.004647,IU
2025-11-15T01:13:36,1763169216.776469,816440784.300469,4362.309551,63116,24808,csn,2.300250e+02,2.314546e+01,-1.455239e+02,2.269311e+01,1.510087e+02,28,CO,48604.618303,702446.867379,0.004536,IU
2025-11-15T01:13:38,1763169218.776464,816440786.300464,4364.309551,63116,24808,csn,2.294622e+02,2.314812e+01,-1.454932e+02,2.257044e+01,1.511347e+02,28,CO,51174.734111,739525.539429,0.004421,IU
2025-11-15T01:13:40,1763169220.776460,816440788.300460,4366.309551,63116,24808,csn,2.289042e+02,2.315053e+01,-1.454626e+02,2.244773e+01,1.512591e+02,28,CO,53803.566385,777444.264834,0.004311,IU
2025-11-15T01:13:42,1763169222.776455,816440790.300456,4368.309551,63116,24808,csn,2.283510e+02,2.315317e+01,-1.454320e+02,2.232496e+01,1.513850e+02,28,CO,56399.427771,814860.807560,0.004211,IU
2025-11-15T01:13:44,1763169224.776453,816440792.300452,4370.309551,63116,24808,csn,2.278027e+02,2.315584e+01,-1.454014e+02,2.220214e+01,1.515111e+02,28,CO,57009.946685,823615.179404,0.004188,IU
2025-11-15T01:13:46,1763169226.776454,816440794.300448,4372.309551,63116,24808,csn,2.272592e+02,2.315825e+01,-1.453710e+02,2.207927e+01,1.516357e+02,28,CO,56842.857265,821127.384843,0.004194,IU
2025-11-15T01:13:48,1763169228.776309,816440796.300443,4374.309551,63116,24808,csn,2.267206e+02,2.316092e+01,-1.453405e+02,2.195636e+01,1.517619e+02,28,CO,56002.410828,808895.520476,0.004226,IU
2025-11-15T01:13:50,1763169230.777401,816440798.300439,4376.309551,63116,24808,csn,2.261869e+02,2.316353e+01,-1.453102e+02,2.183339e+01,1.518878e+02,28,CO,58684.483337,847539.090683,0.004128,IU
2025-11-15T01:13:52,1763169232.777411,816440800.300435,4378.309551,63116,24808,csn,2.256580e+02,2.316594e+01,-1.452798e+02,2.171038e+01,1.520125e+02,28,CO,60185.179100,869131.580859,0.004076,IU
2025-11-15T01:13:54,1763169234.777438,816440802.300431,4380.309551,63116,24808,csn,2.251339e+02,2.316862e+01,-1.452496e+02,2.158732e+01,1.521389e+02,28,CO,60206.679538,869371.856682,0.004075,IU
2025-11-15T01:13:56,1763169236.777427,816440804.300427,4382.309551,63116,24808,csn,2.246147e+02,2.317125e+01,-1.452194e+02,2.146421e+01,1.522650e+02,28,CO,58602.460977,846117.134507,0.004131,IU
2025-11-15T01:13:58,1763169238.777423,816440806.300423,4384.309551,63116,24808,csn,2.241004e+02,2.317369e+01,-1.451892e+02,2.134106e+01,1.523900e+02,28,CO,57832.217104,834905.982333,0.004158,IU
2025-11-15T01:14:00,1763169240.777419,816440808.300419,4386.309551,63116,24808,csn,2.235910e+02,2.317617e+01,-1.451591e+02,2.121786e+01,1.525153e+02,28,CO,57726.507992,833295.055289,0.004162,IU
2025-11-15T01:14:02,1763169242.777415,816440810.300414,4388.309551,63116,24808,csn,2.230864e+02,2.317868e+01,-1.451290e+02,2.109461e+01,1.526408e+02,28,CO,57976.891601,836852.621446,0.004153,IU
2025-11-15T01:14:04,1763169244.777411,816440812.300411,4390.309551,63116,24808,csn,2.225868e+02,2.318140e+01,-1.450990e+02,2.097132e+01,1.527677e+02,28,CO,57633.032728,831814.307098,0.004165,IU
2025-11-15T01:14:06,1763169246.777406,816440814.300406,4392.309551,63116,24808,csn,2.220920e+02,2.318383e+01,-1.450691e+02,2.084798e+01,1.528928e+02,28,CO,57084.097095,823812.863685,0.004185,IU
2025-11-15T01:14:08,1763169248.777402,816440816.300402,4394.309551,63116,24808,csn,2.216021e+02,2.318636e+01,-1.450392e+02,2.072460e+01,1.530185e+02,28,CO,57007.679454,822660.385573,0.004188,IU
2025-11-15T01:14:10,1763169250.777397,816440818.300397,4396.309551,63116,24808,csn,2.211171e+02,2.318880e+01,-1.450093e+02,2.060117e+01,1.531437e+02,28,CO,59136.334184,853299.506875,0.004112,IU
2025-11-15T01:14:12,1763169252.777393,816440820.300393,4398.309551,63116,24808,csn,2.206370e+02,2.319153e+01,-1.449795e+02,2.047770e+01,1.532708e+02,28,CO,61190.709207,882857.006200,0.004043,IU
2025-11-15T01:14:14,1763169254.777389,816440822.300389,4400.309551,63116,24808,csn,2.201618e+02,2.319403e+01,-1.449498e+02,2.035419e+01,1.533964e+02,28,CO,61014.006577,880220.499981,0.004048,IU
2025-11-15T01:14:16,1763169256.777385,816440824.300385,4402.309551,63116,24808,csn,2.196915e+02,2.319654e+01,-1.449201e+02,2.023063e+01,1.535222e+02,28,CO,63215.575804,911909.397488,0.003977,IU
2025-11-15T01:14:18,1763169258.777381,816440826.300381,4404.309551,63116,24808,csn,2.192262e+02,2.319896e+01,-1.448905e+02,2.010703e+01,1.536474e+02,28,CO,66271.819448,955919.256622,0.003885,IU
2025-11-15T01:14:20,1763169260.777377,816440828.300377,4406.309551,63116,24808,csn,2.187657e+02,2.320148e+01,-1.448609e+02,1.998338e+01,1.537733e+02,28,CO,69856.532881,1007530.748285,0.003784,IU
2025-11-15T01:14:22,1763169262.777372,816440830.300372,4408.309551,63116,24808,csn,2.183102e+02,2.320399e+01,-1.448313e+02,1.985970e+01,1.538991e+02,28,CO,71256.186444,1027639.963787,0.003746,IU
2025-11-15T01:14:24,1763169264.777369,816440832.300368,4410.309551,63116,24808,csn,2.178596e+02,2.320640e+01,-1.448018e+02,1.973597e+01,1.540243e+02,28,CO,71581.544805,1032248.300407,0.003738,IU
2025-11-15T01:14:26,1763169266.777364,816440834.300364,4412.309551,63116,24808,csn,2.174139e+02,2.320908e+01,-1.447724e+02,1.961220e+01,1.541514e+02,28,CO,70874.377247,1021955.155218,0.003756,IU
2025-11-15T01:14:28,1763169268.777360,816440836.300360,4414.309551,63116,24808,csn,2.169732e+02,2.321140e+01,-1.447429e+02,1.948839e+01,1.542760e+02,28,CO,71732.166901,1034228.679927,0.003734,IU
2025-11-15T01:14:30,1763169270.777356,816440838.300356,4416.309551,63116,24808,csn,2.165374e+02,2.321414e+01,-1.447136e+02,1.936454e+01,1.544035e+02,28,CO,71551.984908,1031549.758089,0.003738,IU
2025-11-15T01:14:32,1763169272.777352,816440840.300352,4418.309551,63116,24808,csn,2.161065e+02,2.321659e+01,-1.446843e+02,1.924065e+01,1.545290e+02,28,CO,70763.803112,1020113.870486,0.003759,IU
2025-11-15T01:14:34,1763169274.777347,816440842.300347,4420.309551,63116,24808,csn,2.156806e+02,2.321912e+01,-1.446550e+02,1.911672e+01,1.546553e+02,28,CO,74732.987342,1077235.938187,0.003658,IU
2025-11-15T01:14:36,1763169276.777343,816440844.300343,4422.309551,63116,24808,csn,2.152596e+02,2.322155e+01,-1.446258e+02,1.899275e+01,1.547807e+02,28,CO,73129.374871,1054056.519100,0.003698,IU
2025-11-15T01:14:38,1763169278.777339,816440846.300339,4424.309551,63116,24808,csn,2.148436e+02,2.322399e+01,-1.445966e+02,1.886874e+01,1.549063e+02,28,CO,69107.214149,996025.608582,0.003804,IU
2025-11-15T01:14:40,1763169280.777335,816440848.300335,4426.309551,63116,24808,csn,2.144325e+02,2.322653e+01,-1.445675e+02,1.874470e+01,1.550326e+02,28,CO,71371.410292,1028570.597629,0.003743,IU
2025-11-15T01:14:42,1763169282.777331,816440850.300331,4428.309551,63116,24808,csn,2.140264e+02,2.322899e+01,-1.445384e+02,1.862061e+01,1.551584e+02,28,CO,68643.316605,989175.255668,0.003817,IU
2025-11-15T01:14:44,1763169284.777326,816440852.300326,4430.309551,63116,24808,csn,2.136252e+02,2.323143e+01,-1.445094e+02,1.849649e+01,1.552841e+02,28,CO,64897.080462,935116.751174,0.003925,IU
2025-11-15T01:14:46,1763169286.777323,816440854.300323,4432.309551,63116,24808,csn,2.132290e+02,2.323397e+01,-1.444804e+02,1.837233e+01,1.554104e+02,28,CO,65128.539289,938405.823553,0.003918,IU
2025-11-15T01:14:48,1763169288.777319,816440856.300319,4434.309551,63116,24808,csn,2.128378e+02,2.323642e+01,-1.444515e+02,1.824814e+01,1.555361e+02,28,CO,64392.798511,927736.990143,0.003941,IU
2025-11-15T01:14:50,1763169290.777314,816440858.300314,4436.309551,63116,24808,csn,2.124516e+02,2.323884e+01,-1.444226e+02,1.812390e+01,1.556617e+02,28,CO,63773.674188,918742.365491,0.003960,IU
2025-11-15T01:14:52,1763169292.777310,816440860.300310,4438.309551,63116,24808,csn,2.120703e+02,2.324136e+01,-1.443937e+02,1.799963e+01,1.557880e+02,28,CO,64020.106737,922219.434479,0.003952,IU
2025-11-15T01:14:54,1763169294.777306,816440862.300306,4440.309551,63116,24808,csn,2.116940e+02,2.324386e+01,-1.443649e+02,1.787533e+01,1.559142e+02,28,CO,64340.815641,926796.673380,0.003942,IU
2025-11-15T01:14:56,1763169296.777302,816440864.300302,4442.309551,63116,24808,csn,2.113227e+02,2.324629e+01,-1.443361e+02,1.775099e+01,1.560398e+02,28,CO,66699.512570,960717.561187,0.003872,IU
2025-11-15T01:14:58,1763169298.777298,816440866.300298,4444.309551,63116,24808,csn,2.109564e+02,2.324883e+01,-1.443074e+02,1.762661e+01,1.561663e+02,28,CO,72094.402950,1038346.802699,0.003724,IU
2025-11-15T01:15:00,1763169300.777293,816440868.300293,4446.309551,63116,24808,csn,2.105950e+02,2.325125e+01,-1.442787e+02,1.750220e+01,1.562920e+02,28,CO,71793.388895,1033934.804112,0.003732,IU
2025-11-15T01:15:02,1763169302.777290,816440870.300291,4448.309551,63116,24808,csn,2.102387e+02,2.325336e+01,-1.442501e+02,1.737776e+01,1.564155e+02,28,CO,74366.387760,1070916.335270,0.003667,IU
2025-11-15T01:15:04,1763169304.777286,816440872.300290,4450.309551,63116,24808,csn,2.098874e+02,2.325514e+01,-1.442215e+02,1.725328e+01,1.565367e+02,28,CO,80479.212457,1158881.208278,0.003525,IU
2025-11-15T01:15:06,1763169306.777281,816440874.300281,4452.309551,63116,24808,csn,2.095410e+02,2.325834e+01,-1.441929e+02,1.712877e+01,1.566678e+02,28,CO,86578.498167,1246649.609988,0.003399,IU
2025-11-15T01:15:08,1763169308.777276,816440876.300275,4454.309551,63116,24808,csn,2.091997e+02,2.326123e+01,-1.441644e+02,1.700423e+01,1.567968e+02,28,CO,92354.554744,1329727.402357,0.003291,IU
2025-11-15T01:15:10,1763169310.777272,816440878.300271,4456.309551,63116,24808,csn,2.088633e+02,2.326356e+01,-1.441359e+02,1.687965e+01,1.569218e+02,28,CO,98130.619583,1412805.313571,0.003192,IU
2025-11-15T01:15:12,1763169312.777269,816440880.300268,4458.309551,63116,24808,csn,2.085320e+02,2.326573e+01,-1.441075e+02,1.675505e+01,1.570458e+02,28,CO,103786.259735,1494149.444462,0.003104,IU
2025-11-15T01:15:14,1763169314.777265,816440882.300265,4460.309551,63116,24808,csn,2.082057e+02,2.326808e+01,-1.440791e+02,1.663041e+01,1.571711e+02,28,CO,106561.711188,1534026.875320,0.003063,IU
2025-11-15T01:15:16,1763169316.777261,816440884.300261,4462.309551,63116,24808,csn,2.078844e+02,2.327059e+01,-1.440507e+02,1.650574e+01,1.572974e+02,28,CO,109337.161318,1573904.287163,0.003024,IU
2025-11-15T01:15:18,1763169318.777256,816440886.300256,4464.309551,63116,24808,csn,2.075681e+02,2.327308e+01,-1.440224e+02,1.638104e+01,1.574236e+02,28,CO,112112.610620,1613781.687122,0.002987,IU
2025-11-15T01:15:20,1763169320.777251,816440888.300251,4466.309551,63116,24808,csn,2.072568e+02,2.327542e+01,-1.439941e+02,1.625631e+01,1.575487e+02,28,CO,114790.749450,1652256.148725,0.002952,IU
2025-11-15T01:15:22,1763169322.777247,816440890.300247,4468.309551,63116,24808,csn,2.069505e+02,2.327787e+01,-1.439659e+02,1.613155e+01,1.576747e+02,28,CO,116072.010599,1670591.634090,0.002935,IU
2025-11-15T01:15:24,1763169324.777243,816440892.300243,4470.309551,63116,24808,csn,2.066493e+02,2.328024e+01,-1.439377e+02,1.600675e+01,1.578001e+02,28,CO,116851.333166,1681714.581132,0.002925,IU
2025-11-15T01:15:26,1763169326.777240,816440894.300240,4472.309551,63116,24808,csn,2.063531e+02,2.328265e+01,-1.439095e+02,1.588194e+01,1.579257e+02,28,CO,115852.319711,1667283.970247,0.002938,IU
2025-11-15T01:15:28,1763169328.777235,816440896.300235,4474.309551,63116,24808,csn,2.060619e+02,2.328529e+01,-1.438814e+02,1.575709e+01,1.580530e+02,28,CO,114983.470517,1654710.612824,0.002949,IU
2025-11-15T01:15:30,1763169330.777231,816440898.300231,4476.309551,63116,24808,csn,2.057758e+02,2.328750e+01,-1.438533e+02,1.563221e+01,1.581772e+02,28,CO,114340.954834,1645366.703051,0.002957,IU
2025-11-15T01:15:32,1763169332.777227,816440900.300227,4478.309551,63116,24808,csn,2.054947e+02,2.329010e+01,-1.438253e+02,1.550731e+01,1.583042e+02,28,CO,114312.410908,1644867.938756,0.002958,IU
2025-11-15T01:15:34,1763169334.777222,816440902.300222,4480.309551,63116,24808,csn,2.052187e+02,2.329234e+01,-1.437973e+02,1.538237e+01,1.584287e+02,28,CO,114850.349720,1652530.172440,0.002951,IU
2025-11-15T01:15:36,1763169336.777219,816440904.300219,4482.309551,63116,24808,csn,2.049476e+02,2.329487e+01,-1.437693e+02,1.525741e+01,1.585552e+02,28,CO,110723.925271,1593076.922712,0.003005,IU
2025-11-15T01:15:38,1763169338.777215,816440906.300215,4484.309551,63116,24808,csn,2.046816e+02,2.329716e+01,-1.437414e+02,1.513243e+01,1.586799e+02,28,CO,104352.830011,1501325.123769,0.003096,IU
2025-11-15T01:15:40,1763169340.777210,816440908.300210,4486.309551,63116,24808,csn,2.044207e+02,2.329962e+01,-1.437135e+02,1.500742e+01,1.588059e+02,28,CO,101322.800426,1457680.249516,0.003142,IU
2025-11-15T01:15:42,1763169342.777206,816440910.300206,4488.309551,63116,24808,csn,2.041648e+02,2.330203e+01,-1.436856e+02,1.488238e+01,1.589315e+02,28,CO,99050.633813,1424947.599233,0.003177,IU
2025-11-15T01:15:44,1763169344.777201,816440912.300201,4490.309551,63116,24808,csn,2.039140e+02,2.330439e+01,-1.436578e+02,1.475732e+01,1.590567e+02,28,CO,99157.374836,1426410.401792,0.003176,IU
2025-11-15T01:15:46,1763169346.777198,816440914.300198,4492.309551,63116,24808,csn,2.036682e+02,2.330689e+01,-1.436300e+02,1.463223e+01,1.591830e+02,28,CO,98936.033034,1423158.322977,0.003179,IU
2025-11-15T01:15:48,1763169348.777193,816440916.300193,4494.309551,63116,24808,csn,2.034275e+02,2.330915e+01,-1.436023e+02,1.450712e+01,1.593074e+02,28,CO,95907.459416,1379561.733230,0.003229,IU
2025-11-15T01:15:50,1763169350.777189,816440918.300189,4496.309551,63116,24808,csn,2.031918e+02,2.331170e+01,-1.435746e+02,1.438198e+01,1.594340e+02,28,CO,94144.340480,1354158.747044,0.003259,IU
2025-11-15T01:15:52,1763169352.777185,816440920.300185,4498.309551,63116,24808,csn,2.029612e+02,2.331395e+01,-1.435469e+02,1.425682e+01,1.595584e+02,28,CO,95889.356503,1379192.665245,0.003229,IU
2025-11-15T01:15:54,1763169354.777181,816440922.300181,4500.309551,63116,24808,csn,2.027357e+02,2.331626e+01,-1.435192e+02,1.413164e+01,1.596831e+02,28,CO,94918.900270,1365185.467883,0.003246,IU
2025-11-15T01:15:56,1763169356.777177,816440924.300177,4502.309551,63116,24808,csn,2.025152e+02,2.331874e+01,-1.434916e+02,1.400643e+01,1.598091e+02,28,CO,90199.910363,1297284.537601,0.003330,IU
2025-11-15T01:15:58,1763169358.777173,816440926.300173,4504.309551,63116,24808,csn,2.022998e+02,2.332108e+01,-1.434640e+02,1.388120e+01,1.599340e+02,28,CO,89407.799082,1285845.480677,0.003344,IU
2025-11-15T01:16:00,1763169360.777168,816440928.300168,4506.309551,63116,24808,csn,2.020894e+02,2.332351e+01,-1.434365e+02,1.375595e+01,1.600597e+02,28,CO,91517.121531,1316124.133786,0.003306,IU
2025-11-15T01:16:02,1763169362.777165,816440930.300165,4508.309551,63116,24808,csn,2.018841e+02,2.332587e+01,-1.434090e+02,1.363068e+01,1.601847e+02,28,CO,92863.787532,1335463.087322,0.003282,IU
2025-11-15T01:16:04,1763169364.777160,816440932.300160,4510.309551,63116,24808,csn,2.016839e+02,2.332834e+01,-1.433815e+02,1.350539e+01,1.603106e+02,28,CO,93906.581036,1350443.231785,0.003263,IU
2025-11-15T01:16:06,1763169366.777156,816440934.300156,4512.309551,63116,24808,csn,2.014888e+02,2.333053e+01,-1.433540e+02,1.338007e+01,1.604342e+02,28,CO,95070.412010,1367129.916820,0.003243,IU
2025-11-15T01:16:08,1763169368.777152,816440936.300152,4514.309551,63116,24808,csn,2.012987e+02,2.333302e+01,-1.433266e+02,1.325474e+01,1.605602e+02,28,CO,96283.896141,1384526.334065,0.003223,IU
2025-11-15T01:16:10,1763169370.777147,816440938.300147,4516.309551,63116,24808,csn,2.011137e+02,2.333531e+01,-1.432993e+02,1.312939e+01,1.606846e+02,28,CO,98725.172084,1419609.246004,0.003183,IU
2025-11-15T01:16:12,1763169372.777144,816440940.300144,4518.309551,63116,24808,csn,2.009338e+02,2.333781e+01,-1.432719e+02,1.300401e+01,1.608106e+02,28,CO,101038.841694,1452852.016991,0.003146,IU
2025-11-15T01:16:14,1763169374.777139,816440942.300139,4520.309551,63116,24808,csn,2.007590e+02,2.334012e+01,-1.432446e+02,1.287862e+01,1.609350e+02,28,CO,102682.931194,1476439.140742,0.003121,IU
2025-11-15T01:16:16,1763169376.777135,816440944.300135,4522.309551,63116,24808,csn,2.005893e+02,2.334239e+01,-1.432173e+02,1.275321e+01,1.610592e+02,28,CO,105704.606304,1519839.183985,0.003076,IU
2025-11-15T01:16:18,1763169378.777131,816440946.300131,4524.309551,63116,24808,csn,2.004246e+02,2.334489e+01,-1.431900e+02,1.262778e+01,1.611850e+02,28,CO,111721.034667,1606310.819141,0.002992,IU
2025-11-15T01:16:20,1763169380.777128,816440948.300128,4526.309551,63116,24808,csn,2.002650e+02,2.334719e+01,-1.431628e+02,1.250233e+01,1.613093e+02,28,CO,117490.696903,1689221.849496,0.002917,IU
2025-11-15T01:16:22,1763169382.777122,816440950.300123,4528.309551,63116,24808,csn,2.001106e+02,2.334941e+01,-1.431356e+02,1.237687e+01,1.614329e+02,28,CO,122987.684228,1768198.435699,0.002851,IU
2025-11-15T01:16:24,1763169384.777119,816440952.300119,4530.309551,63116,24808,csn,1.999612e+02,2.335200e+01,-1.431085e+02,1.225139e+01,1.615593e+02,28,CO,125248.475485,1800677.147714,0.002826,IU
2025-11-15T01:16:26,1763169386.777115,816440954.300115,4532.309551,63116,24808,csn,1.998169e+02,2.335416e+01,-1.430813e+02,1.212589e+01,1.616824e+02,28,CO,125483.871457,1804054.849422,0.002823,IU
2025-11-15T01:16:28,1763169388.777110,816440956.300110,4534.309551,63116,24808,csn,1.996777e+02,2.335658e+01,-1.430542e+02,1.200037e+01,1.618074e+02,28,CO,127069.846469,1826814.325387,0.002805,IU
2025-11-15T01:16:30,1763169390.777106,816440958.300106,4536.309551,63116,24808,csn,1.995435e+02,2.335902e+01,-1.430272e+02,1.187484e+01,1.619325e+02,28,CO,129059.111774,1855361.305224,0.002784,IU
2025-11-15T01:16:32,1763169392.777102,816440960.300102,4538.309551,63116,24808,csn,1.994145e+02,2.336123e+01,-1.430001e+02,1.174930e+01,1.620558e+02,28,CO,127214.122828,1828833.872497,0.002804,IU
2025-11-15T01:16:34,1763169394.777097,816440962.300097,4540.309551,63116,24808,csn,1.992906e+02,2.336346e+01,-1.429731e+02,1.162374e+01,1.621792e+02,28,CO,124796.544110,1794076.112386,0.002831,IU
2025-11-15T01:16:36,1763169396.777093,816440964.300093,4542.309551,63116,24808,csn,1.991718e+02,2.336593e+01,-1.429461e+02,1.149816e+01,1.623044e+02,28,CO,118614.073318,1705157.315318,0.002904,IU
2025-11-15T01:16:38,1763169398.777089,816440966.300090,4544.309551,63116,24808,csn,1.990580e+02,2.336830e+01,-1.429192e+02,1.137258e+01,1.624287e+02,28,CO,112925.815582,1623352.891934,0.002976,IU
2025-11-15T01:16:40,1763169400.777086,816440968.300086,4546.309551,63116,24808,csn,1.989494e+02,2.337051e+01,-1.428922e+02,1.124698e+01,1.625518e+02,28,CO,108989.318002,1566765.682313,0.003029,IU
2025-11-15T01:16:42,1763169402.777081,816440970.300081,4548.309551,63116,24808,csn,1.988459e+02,2.337281e+01,-1.428653e+02,1.112136e+01,1.626755e+02,28,CO,106214.886482,1526871.568082,0.003068,IU
2025-11-15T01:16:44,1763169404.777077,816440972.300077,4550.309551,63116,24808,csn,1.987474e+02,2.337527e+01,-1.428384e+02,1.099573e+01,1.628003e+02,28,CO,105376.886848,1514794.325281,0.003081,IU
2025-11-15T01:16:46,1763169406.777073,816440974.300073,4552.309551,63116,24808,csn,1.986541e+02,2.337760e+01,-1.428116e+02,1.087009e+01,1.629241e+02,28,CO,103687.786634,1490499.756282,0.003106,IU
2025-11-15T01:16:48,1763169408.777068,816440976.300068,4554.309551,63116,24808,csn,1.985659e+02,2.338008e+01,-1.427848e+02,1.074444e+01,1.630491e+02,28,CO,101197.286721,1454701.304296,0.003144,IU
2025-11-15T01:16:50,1763169410.777065,816440978.300065,4556.309551,63116,24808,csn,1.984828e+02,2.338235e+01,-1.427580e+02,1.061878e+01,1.631722e+02,28,CO,98127.992696,1410566.381287,0.003192,IU
2025-11-15T01:16:52,1763169412.777061,816440980.300061,4558.309551,63116,24808,csn,1.984048e+02,2.338458e+01,-1.427312e+02,1.049311e+01,1.632950e+02,28,CO,94773.666572,1362326.091922,0.003248,IU
2025-11-15T01:16:54,1763169414.777056,816440982.300056,4560.309551,63116,24808,csn,1.983319e+02,2.338697e+01,-1.427045e+02,1.036742e+01,1.634189e+02,28,CO,92772.900883,1333581.925560,0.003283,IU
2025-11-15T01:16:56,1763169416.777052,816440984.300052,4562.309551,63116,24808,csn,1.982641e+02,2.338938e+01,-1.426778e+02,1.024173e+01,1.635430e+02,28,CO,91059.194162,1308972.437509,0.003314,IU
2025-11-15T01:16:58,1763169418.777047,816440986.300048,4564.309551,63116,24808,csn,1.982014e+02,2.339161e+01,-1.426511e+02,1.011602e+01,1.636655e+02,28,CO,87936.580994,1264071.172980,0.003372,IU
2025-11-15T01:17:00,1763169420.777044,816440988.300044,4566.309551,63116,24808,csn,1.981438e+02,2.339389e+01,-1.426244e+02,9.990309e+00,1.637883e+02,28,CO,85160.491119,1224151.501649,0.003427,IU
2025-11-15T01:17:02,1763169422.777039,816440990.300039,4568.309551,63116,24808,csn,1.980913e+02,2.339613e+01,-1.425978e+02,9.864587e+00,1.639106e+02,28,CO,85299.416405,1226147.821325,0.003424,IU
2025-11-15T01:17:04,1763169424.777035,816440992.300035,4570.309551,63116,24808,csn,1.980439e+02,2.339841e+01,-1.425712e+02,9.738857e+00,1.640333e+02,28,CO,86527.772751,1243801.362500,0.003400,IU
2025-11-15T01:17:06,1763169426.777031,816440994.300031,4572.309551,63116,24808,csn,1.980017e+02,2.340086e+01,-1.425446e+02,9.613117e+00,1.641572e+02,28,CO,90628.002897,1302729.258541,0.003322,IU
2025-11-15T01:17:08,1763169428.777027,816440996.300027,4574.309551,63116,24808,csn,1.979646e+02,2.340318e+01,-1.425180e+02,9.487372e+00,1.642800e+02,28,CO,93241.953652,1340308.263252,0.003275,IU
2025-11-15T01:17:10,1763169430.777023,816440998.300023,4576.309551,63116,24808,csn,1.979325e+02,2.340538e+01,-1.424915e+02,9.361618e+00,1.644016e+02,28,CO,93760.913657,1347794.857261,0.003266,IU
2025-11-15T01:17:12,1763169432.777019,816441000.300019,4578.309551,63116,24808,csn,1.979056e+02,2.340774e+01,-1.424650e+02,9.235857e+00,1.645246e+02,28,CO,92976.497773,1336527.096634,0.003280,IU
2025-11-15T01:17:14,1763169434.777014,816441002.300014,4580.309551,63116,24808,csn,1.978838e+02,2.341013e+01,-1.424385e+02,9.110091e+00,1.646476e+02,28,CO,91188.642059,1310820.779502,0.003312,IU
2025-11-15T01:17:16,1763169436.777011,816441004.300011,4582.309551,63116,24808,csn,1.978671e+02,2.341223e+01,-1.424120e+02,8.984319e+00,1.647680e+02,28,CO,88717.918569,1275323.876967,0.003357,IU
2025-11-15T01:17:18,1763169438.777006,816441006.300006,4584.309551,63116,24808,csn,1.978555e+02,2.341472e+01,-1.423856e+02,8.858541e+00,1.648917e+02,28,CO,85981.646244,1236019.680274,0.003410,IU
2025-11-15T01:17:20,1763169440.777002,816441008.300002,4586.309551,63116,24808,csn,1.978491e+02,2.341694e+01,-1.423592e+02,8.732758e+00,1.650130e+02,28,CO,85244.485519,1225426.149922,0.003425,IU
2025-11-15T01:17:21,1763169441.777000,816441009.300000,4587.309551,63116,24808,csn,1.978478e+02,2.341806e+01,-1.423460e+02,8.669865e+00,1.650736e+02,28,CO,85031.901428,1222369.758376,0.003429,OU
2025-11-15T01:17:21,1763169441.777000,816441009.300000,4587.309551,63116,24808,csn,1.978478e+02,2.341806e+01,-1.423460e+02,8.669865e+00,1.650736e+02,28,CO,85031.901428,1222369.758376,0.003429,OU
2025-11-15T01:17:23,1763169443.776995,816441011.299995,4589.309551,63116,24808,csn,1.978490e+02,2.342036e+01,-1.423196e+02,8.544075e+00,1.651954e+02,28,CO,84567.010913,1215699.684143,0.003439,OU
2025-11-15T01:17:25,1763169445.776992,816441013.299991,4591.309551,63116,24808,csn,1.978553e+02,2.342257e+01,-1.422932e+02,8.418282e+00,1.653162e+02,28,CO,84065.453135,1208515.180299,0.003449,OU
2025-11-15T01:17:27,1763169447.776988,816441015.299987,4593.309551,63116,24808,csn,1.978667e+02,2.342494e+01,-1.422669e+02,8.292484e+00,1.654382e+02,28,CO,86050.796550,1237067.725429,0.003409,OU
2025-11-15T01:17:29,1763169449.776983,816441017.299983,4595.309551,63116,24808,csn,1.978833e+02,2.342737e+01,-1.422405e+02,8.166684e+00,1.655607e+02,28,CO,89233.563003,1282827.373858,0.003348,OU
2025-11-15T01:17:31,1763169451.776979,816441019.299979,4597.309551,63116,24808,csn,1.979049e+02,2.342961e+01,-1.422143e+02,8.040881e+00,1.656814e+02,28,CO,90296.383220,1298137.493085,0.003328,OU
2025-11-15T01:17:33,1763169453.776975,816441021.299975,4599.309551,63116,24808,csn,1.979317e+02,2.343188e+01,-1.421880e+02,7.915077e+00,1.658021e+02,28,CO,90877.959792,1306535.341521,0.003317,OU
2025-11-15T01:17:35,1763169455.776970,816441023.299971,4601.309551,63116,24808,csn,1.979636e+02,2.343413e+01,-1.421617e+02,7.789270e+00,1.659226e+02,28,CO,95878.582235,1378439.546599,0.003230,OU
2025-11-15T01:17:37,1763169457.776967,816441025.299967,4603.309551,63116,24808,csn,1.980006e+02,2.343638e+01,-1.421355e+02,7.663461e+00,1.660429e+02,28,CO,100654.834796,1447122.045326,0.003152,OU
2025-11-15T01:17:39,1763169459.776962,816441027.299962,4605.309551,63116,24808,csn,1.980427e+02,2.343882e+01,-1.421093e+02,7.537652e+00,1.661647e+02,28,CO,102902.990021,1479492.198684,0.003117,OU
2025-11-15T01:17:41,1763169461.776958,816441029.299958,4607.309551,63116,24808,csn,1.980899e+02,2.344118e+01,-1.420831e+02,7.411842e+00,1.662856e+02,28,CO,105683.045164,1519502.371733,0.003076,OU
2025-11-15T01:17:43,1763169463.776954,816441031.299954,4609.309551,63116,24808,csn,1.981423e+02,2.344338e+01,-1.420569e+02,7.286032e+00,1.664050e+02,28,CO,109938.520515,1580704.951476,0.003016,OU
2025-11-15T01:17:45,1763169465.776950,816441033.299950,4611.309551,63116,24808,csn,1.981997e+02,2.344569e+01,-1.420308e+02,7.160223e+00,1.665252e+02,28,CO,113611.169996,1633536.908311,0.002967,OU
2025-11-15T01:17:47,1763169467.776946,816441035.299946,4613.309551,63116,24808,csn,1.982623e+02,2.344790e+01,-1.420046e+02,7.034414e+00,1.666442e+02,28,CO,116478.888580,1674808.340286,0.002930,OU
2025-11-15T01:17:49,1763169469.776941,816441037.299941,4615.309551,63116,24808,csn,1.983300e+02,2.345020e+01,-1.419785e+02,6.908606e+00,1.667639e+02,28,CO,120170.006553,1727913.480567,0.002885,OU
2025-11-15T01:17:51,1763169471.776937,816441039.299937,4617.309551,63116,24808,csn,1.984028e+02,2.345239e+01,-1.419524e+02,6.782800e+00,1.668823e+02,28,CO,124469.797340,1789766.327832,0.002834,OU
2025-11-15T01:17:53,1763169473.776933,816441041.299933,4619.309551,63116,24808,csn,1.984807e+02,2.345469e+01,-1.419263e+02,6.656995e+00,1.670016e+02,28,CO,124918.431308,1796279.931967,0.002829,OU
2025-11-15T01:17:55,1763169475.776929,816441043.299929,4621.309551,63116,24808,csn,1.985637e+02,2.345689e+01,-1.419003e+02,6.531194e+00,1.671198e+02,28,CO,123831.749121,1780731.792561,0.002842,OU
2025-11-15T01:17:57,1763169477.776925,816441045.299925,4623.309551,63116,24808,csn,1.986518e+02,2.345937e+01,-1.418742e+02,6.405395e+00,1.672404e+02,28,CO,125541.206346,1805354.824265,0.002822,OU
2025-11-15T01:17:59,1763169479.776921,816441047.299921,4625.309551,63116,24808,csn,1.987451e+02,2.346155e+01,-1.418482e+02,6.279600e+00,1.673579e+02,28,CO,127551.844287,1834304.262074,0.002800,OU
2025-11-15T01:18:01,1763169481.776917,816441049.299917,4627.309551,63116,24808,csn,1.988434e+02,2.346382e+01,-1.418222e+02,6.153807e+00,1.674761e+02,28,CO,125001.258362,1797702.550125,0.002828,OU
2025-11-15T01:18:03,1763169483.776913,816441051.299913,4629.309551,63116,24808,csn,1.989469e+02,2.346623e+01,-1.417962e+02,6.028020e+00,1.675954e+02,28,CO,123374.421203,1774379.817934,0.002847,OU
2025-11-15T01:18:05,1763169485.776909,816441053.299909,4631.309551,63116,24808,csn,1.990554e+02,2.346844e+01,-1.417703e+02,5.902236e+00,1.677124e+02,28,CO,126423.787004,1818277.965127,0.002812,OU
2025-11-15T01:18:07,1763169487.776904,816441055.299904,4633.309551,63116,24808,csn,1.991691e+02,2.347074e+01,-1.417443e+02,5.776458e+00,1.678302e+02,28,CO,131148.848459,1886291.422479,0.002761,OU
2025-11-15T01:18:09,1763169489.776900,816441057.299900,4635.309551,63116,24808,csn,1.992879e+02,2.347295e+01,-1.417184e+02,5.650685e+00,1.679468e+02,28,CO,139435.540598,2005561.101974,0.002678,OU
2025-11-15T01:18:11,1763169491.776895,816441059.299896,4637.309551,63116,24808,csn,1.994118e+02,2.347525e+01,-1.416925e+02,5.524919e+00,1.680640e+02,28,CO,146616.208796,2108923.220995,0.002612,OU
2025-11-15T01:18:13,1763169493.776891,816441061.299891,4639.309551,63116,24808,csn,1.995407e+02,2.347750e+01,-1.416666e+02,5.399158e+00,1.681804e+02,28,CO,152549.405858,2194343.393413,0.002560,OU
2025-11-15T01:18:15,1763169495.776887,816441063.299887,4641.309551,63116,24808,csn,1.996748e+02,2.347970e+01,-1.416407e+02,5.273404e+00,1.682961e+02,28,CO,158482.603981,2279763.581105,0.002512,OU
2025-11-15T01:18:17,1763169497.776883,816441065.299883,4643.309551,63116,24808,csn,1.998140e+02,2.348194e+01,-1.416148e+02,5.147656e+00,1.684118e+02,28,CO,161748.467362,2326853.838064,0.002486,OU
2025-11-15T01:18:19,1763169499.776879,816441067.299879,4645.309551,63116,24808,csn,1.999583e+02,2.348421e+01,-1.415890e+02,5.021917e+00,1.685276e+02,28,CO,164959.738335,2373159.595347,0.002462,OU
2025-11-15T01:18:21,1763169501.776875,816441069.299875,4647.309551,63116,24808,csn,2.001077e+02,2.348650e+01,-1.415631e+02,4.896185e+00,1.686433e+02,28,CO,168171.009307,2419465.352629,0.002439,OU
2025-11-15T01:18:23,1763169503.776871,816441071.299871,4649.309551,63116,24808,csn,2.002622e+02,2.348878e+01,-1.415373e+02,4.770462e+00,1.687586e+02,28,CO,162227.552477,2334054.047879,0.002483,OU
2025-11-15T01:18:25,1763169505.776867,816441073.299867,4651.309551,63116,24808,csn,2.004218e+02,2.349105e+01,-1.415115e+02,4.644748e+00,1.688733e+02,28,CO,155541.151145,2237953.351921,0.002536,OU
2025-11-15T01:18:27,1763169507.776863,816441075.299863,4653.309551,63116,24808,csn,2.005865e+02,2.349330e+01,-1.414857e+02,4.519043e+00,1.689876e+02,28,CO,148854.749814,2141852.655964,0.002592,OU
2025-11-15T01:18:29,1763169509.776858,816441077.299858,4655.309551,63116,24808,csn,2.007562e+02,2.349553e+01,-1.414599e+02,4.393347e+00,1.691013e+02,28,CO,142942.909407,2056874.758999,0.002645,OU
2025-11-15T01:18:31,1763169511.776854,816441079.299854,4657.309551,63116,24808,csn,2.009311e+02,2.349776e+01,-1.414342e+02,4.267661e+00,1.692147e+02,28,CO,137167.829746,1973860.764715,0.002700,OU
2025-11-15T01:18:33,1763169513.776850,816441081.299850,4659.309551,63116,24808,csn,2.011111e+02,2.350005e+01,-1.414084e+02,4.141986e+00,1.693283e+02,28,CO,131392.750429,1890846.775379,0.002759,OU
2025-11-15T01:18:35,1763169515.776846,816441083.299846,4661.309551,63116,24808,csn,2.012961e+02,2.350243e+01,-1.413827e+02,4.016322e+00,1.694425e+02,28,CO,134096.218462,1929859.175273,0.002731,OU
2025-11-15T01:18:37,1763169517.776841,816441085.299841,4663.309551,63116,24808,csn,2.014863e+02,2.350483e+01,-1.413570e+02,3.890669e+00,1.695565e+02,28,CO,139054.502744,2001323.724541,0.002682,OU
2025-11-15T01:18:39,1763169519.776837,816441087.299837,4665.309551,63116,24808,csn,2.016815e+02,2.350710e+01,-1.413313e+02,3.765028e+00,1.696687e+02,28,CO,144012.787912,2072788.286588,0.002635,OU
2025-11-15T01:18:41,1763169521.776833,816441089.299833,4667.309551,63116,24808,csn,2.018819e+02,2.350910e+01,-1.413056e+02,3.639399e+00,1.697776e+02,28,CO,148971.073966,2144252.861414,0.002591,OU
2025-11-15T01:18:43,1763169523.776829,816441091.299829,4669.309551,63116,24808,csn,2.020873e+02,2.351133e+01,-1.412799e+02,3.513783e+00,1.698885e+02,28,CO,153677.447672,2212094.208572,0.002551,OU
2025-11-15T01:18:45,1763169525.776825,816441093.299825,4671.309551,63116,24808,csn,2.022978e+02,2.351360e+01,-1.412542e+02,3.388179e+00,1.699994e+02,28,CO,158312.732346,2278913.089918,0.002513,OU
2025-11-15T01:18:47,1763169527.776821,816441095.299821,4673.309551,63116,24808,csn,2.025133e+02,2.351587e+01,-1.412286e+02,3.262589e+00,1.701098e+02,28,CO,161339.292753,2322637.969456,0.002490,OU
2025-11-15T01:18:49,1763169529.776817,816441097.299817,4675.309551,63116,24808,csn,2.027340e+02,2.351804e+01,-1.412029e+02,3.137013e+00,1.702186e+02,28,CO,164378.409187,2366545.117136,0.002466,OU
2025-11-15T01:18:51,1763169531.776812,816441099.299812,4677.309551,63116,24808,csn,2.029597e+02,2.352043e+01,-1.411773e+02,3.011451e+00,1.703294e+02,28,CO,168851.650912,2431063.077051,0.002434,OU
2025-11-15T01:18:53,1763169533.776808,816441101.299808,4679.309551,63116,24808,csn,2.031905e+02,2.352251e+01,-1.411517e+02,2.885904e+00,1.704362e+02,28,CO,172463.052865,2483190.517441,0.002408,OU
2025-11-15T01:18:55,1763169535.776804,816441103.299805,4681.309551,63116,24808,csn,2.034264e+02,2.352498e+01,-1.411261e+02,2.760371e+00,1.705468e+02,28,CO,173267.398367,2494961.398436,0.002402,OU
2025-11-15T01:18:57,1763169537.776800,816441105.299800,4683.309551,63116,24808,csn,2.036674e+02,2.352701e+01,-1.411005e+02,2.634855e+00,1.706520e+02,28,CO,172777.692745,2488072.938539,0.002406,OU
2025-11-15T01:18:59,1763169539.776796,816441107.299796,4685.309551,63116,24808,csn,2.039134e+02,2.352947e+01,-1.410749e+02,2.509354e+00,1.707614e+02,28,CO,170263.114514,2451987.186985,0.002423,OU
2025-11-15T01:19:01,1763169541.776791,816441109.299791,4687.309551,63116,24808,csn,2.041645e+02,2.353146e+01,-1.410493e+02,2.383870e+00,1.708648e+02,28,CO,168708.855149,2429761.543418,0.002435,OU
2025-11-15T01:19:03,1763169543.776788,816441111.299788,4689.309551,63116,24808,csn,2.044207e+02,2.353372e+01,-1.410238e+02,2.258402e+00,1.709707e+02,28,CO,168006.550651,2419832.010083,0.002440,OU
2025-11-15T01:19:05,1763169545.776783,816441113.299783,4691.309551,63116,24808,csn,2.046819e+02,2.353600e+01,-1.409982e+02,2.132951e+00,1.710762e+02,28,CO,166245.548797,2394614.880703,0.002453,OU
2025-11-15T01:19:07,1763169547.776779,816441115.299779,4693.309551,63116,24808,csn,2.049482e+02,2.353824e+01,-1.409727e+02,2.007518e+00,1.711807e+02,28,CO,163997.460005,2362364.213069,0.002469,OU
2025-11-15T01:19:09,1763169549.776775,816441117.299775,4695.309551,63116,24808,csn,2.052196e+02,2.354049e+01,-1.409472e+02,1.882103e+00,1.712845e+02,28,CO,159017.220792,2290757.035647,0.002508,OU
2025-11-15T01:19:11,1763169551.776771,816441119.299771,4697.309551,63116,24808,csn,2.054960e+02,2.354273e+01,-1.409216e+02,1.756707e+00,1.713875e+02,28,CO,153516.146315,2211647.248446,0.002552,OU
2025-11-15T01:19:13,1763169553.776766,816441121.299766,4699.309551,63116,24808,csn,2.057775e+02,2.354498e+01,-1.408961e+02,1.631329e+00,1.714898e+02,28,CO,144160.640953,2076981.898682,0.002634,OU
2025-11-15T01:19:15,1763169555.776763,816441123.299763,4701.309551,63116,24808,csn,2.060640e+02,2.354726e+01,-1.408706e+02,1.505970e+00,1.715918e+02,28,CO,134407.885107,1936594.320380,0.002728,OU
2025-11-15T01:19:17,1763169557.776759,816441125.299759,4703.309551,63116,24808,csn,2.063556e+02,2.354948e+01,-1.408451e+02,1.380631e+00,1.716922e+02,28,CO,122614.707813,1766819.804285,0.002856,OU
2025-11-15T01:19:19,1763169559.776754,816441127.299754,4705.309551,63116,24808,csn,2.066523e+02,2.355177e+01,-1.408196e+02,1.255312e+00,1.717928e+02,28,CO,111627.953195,1608642.582808,0.002993,OU
2025-11-15T01:19:21,1763169561.776750,816441129.299750,4707.309551,63116,24808,csn,2.069539e+02,2.355395e+01,-1.407942e+02,1.130014e+00,1.718911e+02,28,CO,102665.526915,1479577.553556,0.003121,OU
2025-11-15T01:19:23,1763169563.776746,816441131.299746,4709.309551,63116,24808,csn,2.072607e+02,2.355626e+01,-1.407687e+02,1.004736e+00,1.719901e+02,28,CO,93405.296701,1346221.293506,0.003272,OU
2025-11-15T01:19:25,1763169565.776742,816441133.299742,4711.309551,63116,24808,csn,2.075724e+02,2.355848e+01,-1.407432e+02,8.794799e-01,1.720871e+02,28,CO,83741.938677,1207056.129516,0.003456,OU
2025-11-15T01:19:27,1763169567.776737,816441135.299737,4713.309551,63116,24808,csn,2.078892e+02,2.356078e+01,-1.407178e+02,7.542459e-01,1.721841e+02,28,CO,74751.332170,1077549.191454,0.003658,OU
2025-11-15T01:19:29,1763169569.776733,816441137.299733,4715.309551,63116,24808,csn,2.082111e+02,2.356301e+01,-1.406923e+02,6.290335e-01,1.722793e+02,28,CO,66238.226542,954897.401337,0.003885,OU
2025-11-15T01:19:31,1763169571.776729,816441139.299729,4717.309551,63116,24808,csn,2.085380e+02,2.356528e+01,-1.406669e+02,5.038433e-01,1.723740e+02,28,CO,61355.903086,884589.995335,0.004037,OU
2025-11-15T01:19:33,1763169573.776725,816441141.299725,4719.309551,63116,24808,csn,2.088699e+02,2.356749e+01,-1.406415e+02,3.786764e-01,1.724669e+02,28,CO,57750.147721,832686.659690,0.004161,OU
2025-11-15T01:19:35,1763169575.776721,816441143.299721,4721.309551,63116,24808,csn,2.092068e+02,2.356981e+01,-1.406161e+02,2.535326e-01,1.725601e+02,28,CO,51539.799571,743190.910651,0.004405,OU
2025-11-15T01:19:37,1763169577.776717,816441145.299717,4723.309551,63116,24808,csn,2.095488e+02,2.357182e+01,-1.405906e+02,1.284124e-01,1.726481e+02,28,CO,45152.266494,651135.510892,0.004706,OU
2025-11-15T01:19:39,1763169579.776713,816441147.299713,4725.309551,63116,24808,csn,2.098958e+02,2.357421e+01,-1.405652e+02,3.316722e-03,1.727399e+02,28,CO,43705.555104,630327.414683,0.004783,OU
2025-11-15T01:19:41,1763169581.776709,816441149.299709,4727.309551,63116,24808,csn,2.102479e+02,2.357631e+01,-1.405398e+02,-1.217549e-01,1.728268e+02,28,CO,41588.249310,599842.939270,0.004904,OU
2025-11-15T01:19:43,1763169583.776705,816441151.299705,4729.309551,63116,24808,csn,2.106049e+02,2.357872e+01,-1.405144e+02,-2.468010e-01,1.729163e+02,28,CO,36609.393936,528067.575117,0.005226,OU
2025-11-15T01:19:45,1763169585.776700,816441153.299700,4731.309551,63116,24808,csn,2.109670e+02,2.358077e+01,-1.404890e+02,-3.718213e-01,1.729999e+02,28,CO,33463.719717,482738.016160,0.005467,OU
2025-11-15T01:19:47,1763169587.776696,816441155.299696,4733.309551,63116,24808,csn,2.113340e+02,2.358297e+01,-1.404637e+02,-4.968171e-01,1.730840e+02,28,CO,34042.466705,491137.635848,0.005420,OU
2025-11-15T01:19:49,1763169589.776691,816441157.299691,4735.309551,63116,24808,csn,2.117061e+02,2.358528e+01,-1.404383e+02,-6.217857e-01,1.731682e+02,28,CO,33289.116181,480310.425682,0.005481,OU
2025-11-15T01:19:51,1763169591.776687,816441159.299687,4737.309551,63116,24808,csn,2.120832e+02,2.358750e+01,-1.404129e+02,-7.467287e-01,1.732497e+02,28,CO,31120.402287,449054.567942,0.005669,OU
2025-11-15T01:19:53,1763169593.776683,816441161.299683,4739.309551,63116,24808,csn,2.124653e+02,2.358978e+01,-1.403875e+02,-8.716438e-01,1.733306e+02,28,CO,31103.855899,448858.833265,0.005670,OU
2025-11-15T01:19:55,1763169595.776679,816441163.299679,4741.309551,63116,24808,csn,2.128524e+02,2.359198e+01,-1.403622e+02,-9.965323e-01,1.734088e+02,28,CO,32298.729776,466146.339335,0.005564,OU
2025-11-15T01:19:57,1763169597.776675,816441165.299675,4743.309551,63116,24808,csn,2.132445e+02,2.359427e+01,-1.403368e+02,-1.121392e+00,1.734866e+02,28,CO,33027.257462,476701.305473,0.005503,OU
2025-11-15T01:19:59,1763169599.776671,816441167.299671,4745.309551,63116,24808,csn,2.136416e+02,2.359651e+01,-1.403115e+02,-1.246224e+00,1.735620e+02,28,CO,33624.127997,485355.565550,0.005453,OU
2025-11-15T01:20:01,1763169601.776667,816441169.299667,4747.309551,63116,24808,csn,2.140437e+02,2.359881e+01,-1.402861e+02,-1.371028e+00,1.736366e+02,28,CO,35165.437602,507648.090916,0.005333,OU
2025-11-15T01:20:03,1763169603.776663,816441171.299663,4749.309551,63116,24808,csn,2.144507e+02,2.360085e+01,-1.402608e+02,-1.495803e+00,1.737056e+02,28,CO,36530.126930,527392.464674,0.005232,OU
2025-11-15T01:20:05,1763169605.776658,816441173.299658,4751.309551,63116,24808,csn,2.148628e+02,2.360299e+01,-1.402354e+02,-1.620548e+00,1.737743e+02,28,CO,35438.278126,511686.776583,0.005312,OU
2025-11-15T01:20:07,1763169607.776654,816441175.299654,4753.309551,63116,24808,csn,2.152798e+02,2.360532e+01,-1.402101e+02,-1.745263e+00,1.738438e+02,28,CO,34337.308609,495849.061591,0.005397,OU
2025-11-15T01:20:09,1763169609.776650,816441177.299651,4755.309551,63116,24808,csn,2.157019e+02,2.360755e+01,-1.401847e+02,-1.869949e+00,1.739097e+02,28,CO,32630.334336,471239.122164,0.005536,OU
2025-11-15T01:20:11,1763169611.776646,816441179.299646,4757.309551,63116,24808,csn,2.161289e+02,2.360985e+01,-1.401594e+02,-1.994604e+00,1.739747e+02,28,CO,30812.993705,445035.247232,0.005697,OU
2025-11-15T01:20:13,1763169613.776642,816441181.299642,4759.309551,63116,24808,csn,2.165608e+02,2.361207e+01,-1.401341e+02,-2.119227e+00,1.740364e+02,28,CO,28456.124290,411039.377704,0.005928,OU
2025-11-15T01:20:15,1763169615.776638,816441183.299638,4761.309551,63116,24808,csn,2.169978e+02,2.361438e+01,-1.401087e+02,-2.243819e+00,1.740971e+02,28,CO,26376.939045,381048.557218,0.006157,OU
2025-11-15T01:20:17,1763169617.776633,816441185.299633,4763.309551,63116,24808,csn,2.174397e+02,2.361655e+01,-1.400834e+02,-2.368380e+00,1.741538e+02,28,CO,24861.999817,359195.877870,0.006342,OU
2025-11-15T01:20:19,1763169619.776629,816441187.299630,4765.309551,63116,24808,csn,2.178865e+02,2.361886e+01,-1.400581e+02,-2.492908e+00,1.742100e+02,28,CO,23258.500114,336062.547642,0.006557,OU
2025-11-15T01:20:21,1763169621.776625,816441189.299626,4767.309551,63116,24808,csn,2.183384e+02,2.362106e+01,-1.400328e+02,-2.617404e+00,1.742623e+02,28,CO,21555.062342,311484.037908,0.006811,OU
2025-11-15T01:20:23,1763169623.776621,816441191.299621,4769.309551,63116,24808,csn,2.187952e+02,2.362338e+01,-1.400074e+02,-2.741868e+00,1.743140e+02,28,CO,20085.220696,290273.293933,0.007056,OU
2025-11-15T01:20:25,1763169625.776617,816441193.299617,4771.309551,63116,24808,csn,2.192569e+02,2.362551e+01,-1.399821e+02,-2.866297e+00,1.743603e+02,28,CO,18758.664565,271128.303593,0.007301,OU
2025-11-15T01:20:27,1763169627.776612,816441195.299612,4773.309551,63116,24808,csn,2.197236e+02,2.362754e+01,-1.399568e+02,-2.990693e+00,1.744026e+02,28,CO,17205.828495,248710.661698,0.007624,OU
2025-11-15T01:20:29,1763169629.776609,816441197.299609,4775.309551,63116,24808,csn,2.201952e+02,2.362982e+01,-1.399315e+02,-3.115055e+00,1.744460e+02,28,CO,15587.225092,225341.837100,0.008010,OU
2025-11-15T01:20:31,1763169631.776604,816441199.299604,4777.309551,63116,24808,csn,2.206717e+02,2.363207e+01,-1.399062e+02,-3.239382e+00,1.744862e+02,28,CO,15806.454769,228535.077309,0.007954,OU
2025-11-15T01:20:33,1763169633.776600,816441201.299600,4779.309551,63116,24808,csn,2.211532e+02,2.363434e+01,-1.398809e+02,-3.363675e+00,1.745241e+02,28,CO,16068.856071,232351.611813,0.007889,OU
2025-11-15T01:20:35,1763169635.776596,816441203.299596,4781.309551,63116,24808,csn,2.216397e+02,2.363657e+01,-1.398556e+02,-3.487932e+00,1.745585e+02,28,CO,14883.280556,215232.456806,0.008197,OU
2025-11-15T01:20:37,1763169637.776592,816441205.299592,4783.309551,63116,24808,csn,2.221310e+02,2.363887e+01,-1.398302e+02,-3.612154e+00,1.745911e+02,28,CO,13896.741839,200990.178175,0.008483,OU
2025-11-15T01:20:39,1763169639.776587,816441207.299587,4785.309551,63116,24808,csn,2.226273e+02,2.364106e+01,-1.398049e+02,-3.736339e+00,1.746191e+02,28,CO,13577.308554,196390.236496,0.008582,OU
2025-11-15T01:20:41,1763169641.776584,816441209.299584,4787.309551,63116,24808,csn,2.231285e+02,2.364336e+01,-1.397796e+02,-3.860489e+00,1.746459e+02,28,CO,13166.891760,190474.709493,0.008715,OU
2025-11-15T01:20:43,1763169643.776579,816441211.299579,4789.309551,63116,24808,csn,2.236347e+02,2.364557e+01,-1.397543e+02,-3.984601e+00,1.746684e+02,28,CO,12601.419750,182317.145752,0.008908,OU
2025-11-15T01:20:45,1763169645.776576,816441213.299575,4791.309551,63116,24808,csn,2.241457e+02,2.364788e+01,-1.397290e+02,-4.108676e+00,1.746895e+02,28,CO,12153.153138,175852.205597,0.009071,OU
2025-11-15T01:20:47,1763169647.776571,816441215.299571,4793.309551,63116,24808,csn,2.246616e+02,2.365005e+01,-1.397037e+02,-4.232714e+00,1.747052e+02,28,CO,11811.019942,170919.992816,0.009201,OU
2025-11-15T01:20:49,1763169649.776567,816441217.299567,4795.309551,63116,24808,csn,2.251825e+02,2.365205e+01,-1.396783e+02,-4.356713e+00,1.747156e+02,28,CO,11537.821688,166987.042238,0.009310,OU
2025-11-15T01:20:51,1763169651.776563,816441219.299563,4797.309551,63116,24808,csn,2.257082e+02,2.365431e+01,-1.396530e+02,-4.480675e+00,1.747266e+02,28,CO,11297.095401,163524.796474,0.009408,OU
2025-11-15T01:20:53,1763169653.776558,816441221.299558,4799.309551,63116,24808,csn,2.262389e+02,2.365657e+01,-1.396277e+02,-4.604597e+00,1.747345e+02,28,CO,11055.211154,160041.644545,0.009511,OU
2025-11-15T01:20:55,1763169655.776555,816441223.299554,4801.309551,63116,24808,csn,2.267744e+02,2.365883e+01,-1.396024e+02,-4.728481e+00,1.747393e+02,28,CO,10813.072166,156553.894086,0.009617,OU
2025-11-15T01:20:57,1763169657.776550,816441225.299550,4803.309551,63116,24808,csn,2.273148e+02,2.366108e+01,-1.395771e+02,-4.852324e+00,1.747408e+02,28,CO,10766.229572,155897.224198,0.009638,OU
2025-11-15T01:20:59,1763169659.776546,816441227.299546,4805.309551,63116,24808,csn,2.278602e+02,2.366336e+01,-1.395517e+02,-4.976129e+00,1.747397e+02,28,CO,10657.312583,154340.923007,0.009687,OU
2025-11-15T01:21:01,1763169661.776542,816441229.299542,4807.309551,63116,24808,csn,2.284103e+02,2.366556e+01,-1.395264e+02,-5.099893e+00,1.747343e+02,28,CO,10098.253198,146260.681767,0.009951,OU
2025-11-15T01:21:03,1763169663.776537,816441231.299537,4809.309551,63116,24808,csn,2.289654e+02,2.366785e+01,-1.395011e+02,-5.223617e+00,1.747270e+02,28,CO,9559.493668,138474.378226,0.010228,OU
2025-11-15T01:21:05,1763169665.776533,816441233.299533,4811.309551,63116,24808,csn,2.295253e+02,2.367006e+01,-1.394757e+02,-5.347299e+00,1.747156e+02,28,CO,9075.682347,131483.713440,0.010497,OU
2025-11-15T01:21:07,1763169667.776530,816441235.299530,4813.309551,63116,24808,csn,2.300901e+02,2.367237e+01,-1.394504e+02,-5.470940e+00,1.747025e+02,28,CO,8643.295792,125235.900474,0.010756,OU
2025-11-15T01:21:09,1763169669.776526,816441237.299526,4815.309551,63116,24808,csn,2.306598e+02,2.367456e+01,-1.394250e+02,-5.594539e+00,1.746846e+02,28,CO,8280.550875,119994.089511,0.010989,OU
2025-11-15T01:21:11,1763169671.776521,816441239.299521,4817.309551,63116,24808,csn,2.312343e+02,2.367663e+01,-1.393997e+02,-5.718096e+00,1.746621e+02,28,CO,7884.814395,114274.285026,0.011262,OU
2025-11-15T01:21:13,1763169673.776517,816441241.299517,4819.309551,63116,24808,csn,2.318137e+02,2.367904e+01,-1.393744e+02,-5.841611e+00,1.746413e+02,28,CO,7465.163947,108208.006442,0.011574,OU
2025-11-15T01:21:15,1763169675.776512,816441243.299513,4821.309551,63116,24808,csn,2.323979e+02,2.368103e+01,-1.393490e+02,-5.965083e+00,1.746119e+02,28,CO,6854.984005,99375.461227,0.012078,OU
2025-11-15T01:21:17,1763169677.776508,816441245.299508,4823.309551,63116,24808,csn,2.329870e+02,2.368333e+01,-1.393236e+02,-6.088512e+00,1.745839e+02,28,CO,6170.620177,89465.852284,0.012730,OU
2025-11-15T01:21:19,1763169679.776504,816441247.299504,4825.309551,63116,24808,csn,2.335809e+02,2.368557e+01,-1.392983e+02,-6.211897e+00,1.745522e+02,28,CO,6451.218164,93547.457731,0.012450,OU
2025-11-15T01:21:21,1763169681.776500,816441249.299500,4827.309551,63116,24808,csn,2.341796e+02,2.368784e+01,-1.392729e+02,-6.335238e+00,1.745180e+02,28,CO,6851.223915,99360.312494,0.012081,OU
2025-11-15T01:21:23,1763169683.776496,816441251.299496,4829.309551,63116,24808,csn,2.347832e+02,2.369005e+01,-1.392475e+02,-6.458535e+00,1.744804e+02,28,CO,6512.237704,94455.480378,0.012392,OU
2025-11-15T01:21:25,1763169685.776492,816441253.299492,4831.309551,63116,24808,csn,2.353915e+02,2.369233e+01,-1.392222e+02,-6.581787e+00,1.744409e+02,28,CO,6016.408271,87274.798560,0.012892,OU
2025-11-15T01:21:27,1763169687.776488,816441255.299488,4833.309551,63116,24808,csn,2.360047e+02,2.369456e+01,-1.391968e+02,-6.704993e+00,1.743983e+02,28,CO,4725.393248,68555.697239,0.014547,OU
2025-11-15T01:21:29,1763169689.776484,816441257.299484,4835.309551,63116,24808,csn,2.366228e+02,2.369686e+01,-1.391714e+02,-6.828156e+00,1.743540e+02,28,CO,3728.904519,54107.710256,0.016376,OU
2025-11-15T01:21:31,1763169691.776479,816441259.299479,4837.309551,63116,24808,csn,2.372456e+02,2.369908e+01,-1.391460e+02,-6.951271e+00,1.743061e+02,28,CO,3344.842907,48540.920929,0.017291,OU
2025-11-15T01:21:33,1763169693.776475,816441261.299476,4839.309551,63116,24808,csn,2.378732e+02,2.370138e+01,-1.391206e+02,-7.074342e+00,1.742568e+02,28,CO,3431.492850,49806.708333,0.017071,OU
2025-11-15T01:21:35,1763169695.776471,816441263.299471,4841.309551,63116,24808,csn,2.385057e+02,2.370356e+01,-1.390952e+02,-7.197365e+00,1.742038e+02,28,CO,4028.614768,58482.211737,0.015755,OU
2025-11-15T01:21:37,1763169697.776467,816441265.299467,4843.309551,63116,24808,csn,2.391429e+02,2.370588e+01,-1.390698e+02,-7.320342e+00,1.741501e+02,28,CO,3918.547309,56890.808752,0.015975,OU
2025-11-15T01:21:39,1763169699.776463,816441267.299463,4845.309551,63116,24808,csn,2.397849e+02,2.370801e+01,-1.390444e+02,-7.443270e+00,1.740921e+02,28,CO,3374.553215,48999.701219,0.017214,OU
2025-11-15T01:21:41,1763169701.776458,816441269.299458,4847.309551,63116,24808,csn,2.404317e+02,2.371004e+01,-1.390189e+02,-7.566152e+00,1.740308e+02,28,CO,3328.649498,48340.950153,0.017333,OU
2025-11-15T01:21:43,1763169703.776455,816441271.299455,4849.309551,63116,24808,csn,2.410833e+02,2.371237e+01,-1.389935e+02,-7.688985e+00,1.739707e+02,28,CO,3427.575916,49785.157149,0.017081,OU
2025-11-15T01:21:45,1763169705.776450,816441273.299450,4851.309551,63116,24808,csn,2.417397e+02,2.371446e+01,-1.389681e+02,-7.811772e+00,1.739062e+02,28,CO,3155.147334,45833.922888,0.017803,OU
2025-11-15T01:21:47,1763169707.776446,816441275.299446,4853.309551,63116,24808,csn,2.424008e+02,2.371715e+01,-1.389426e+02,-7.934504e+00,1.738457e+02,28,CO,2888.065631,41960.403692,0.018608,OU
2025-11-15T01:21:49,1763169709.776443,816441277.299443,4855.309551,63116,24808,csn,2.430667e+02,2.371821e+01,-1.389172e+02,-8.057206e+00,1.737667e+02,28,CO,3066.828993,44564.995934,0.018057,OU
2025-11-15T01:21:51,1763169711.776438,816441279.299438,4857.309551,63116,24808,csn,2.437373e+02,2.372089e+01,-1.388917e+02,-8.179840e+00,1.737025e+02,28,CO,3245.592184,47169.585693,0.017553,OU
2025-11-15T01:21:53,1763169713.776433,816441281.299433,4859.309551,63116,24808,csn,2.444127e+02,2.372390e+01,-1.388662e+02,-8.302421e+00,1.736397e+02,28,CO,-999.000000,-999.000000,-999.000000,OU
2025-11-15T01:21:55,1763169715.776429,816441283.299429,4861.309551,63116,24808,csn,2.450929e+02,2.372630e+01,-1.388408e+02,-8.424958e+00,1.735691e+02,28,CO,-999.000000,-999.000000,-999.000000,OU
2025-11-15T01:21:57,1763169717.776425,816441285.299425,4863.309551,63116,24808,csn,2.457778e+02,2.372836e+01,-1.388153e+02,-8.547449e+00,1.734933e+02,28,CO,-999.000000,-999.000000,-999.000000,OU
2025-11-15T01:21:59,1763169719.776422,816441287.299421,4865.309551,63116,24808,csn,2.464674e+02,2.373037e+01,-1.387898e+02,-8.669888e+00,1.734157e+02,28,CO,-999.000000,-999.000000,-999.000000,OU
2025-11-15T01:22:01,1763169721.776417,816441289.299417,4867.309551,63116,24808,csn,2.471618e+02,2.373250e+01,-1.387643e+02,-8.792273e+00,1.733377e+02,28,CO,-999.000000,-999.000000,-999.000000,OU
2025-11-15T01:22:03,1763169723.776413,816441291.299413,4869.309551,63116,24808,csn,2.478609e+02,2.373486e+01,-1.387388e+02,-8.914609e+00,1.732603e+02,28,CO,-999.000000,-999.000000,-999.000000,OU
2025-11-15T01:22:05,1763169725.776412,816441293.299409,4871.309551,63116,24808,csn,2.485647e+02,2.373715e+01,-1.387132e+02,-9.036891e+00,1.731809e+02,28,CO,-999.000000,-999.000000,-999.000000,OU
2025-11-15T01:22:07,1763169727.776411,816441295.299405,4873.309551,63116,24808,csn,2.492732e+02,2.373932e+01,-1.386877e+02,-9.159123e+00,1.730990e+02,28,CO,-999.000000,-999.000000,-999.000000,OU
2025-11-15T01:22:09,1763169729.776312,816441297.299401,4875.309551,63116,24808,csn,2.499864e+02,2.374153e+01,-1.386622e+02,-9.281301e+00,1.730162e+02,28,CO,-999.000000,-999.000000,-999.000000,OU
2025-11-15T01:22:11,1763169731.777323,816441299.299396,4877.309551,63116,24808,csn,2.507044e+02,2.374381e+01,-1.386366e+02,-9.403427e+00,1.729327e+02,28,CO,-999.000000,-999.000000,-999.000000,OU
2025-11-15T01:22:13,1763169733.776192,816441301.299392,4879.309551,63116,24808,csn,2.514270e+02,2.374596e+01,-1.386110e+02,-9.525499e+00,1.728470e+02,28,CO,-999.000000,-999.000000,-999.000000,OU
2025-11-15T01:22:15,1763169735.776983,816441303.299387,4881.309551,63116,24808,csn,2.521543e+02,2.374827e+01,-1.385855e+02,-9.647518e+00,1.727613e+02,28,CO,-999.000000,-999.000000,-999.000000,OU
2025-11-15T01:22:17,1763169737.777411,816441305.299383,4883.309551,63116,24808,csn,2.528864e+02,2.375062e+01,-1.385599e+02,-9.769483e+00,1.726747e+02,28,CO,-999.000000,-999.000000,-999.000000,OU
2025-11-15T01:22:19,1763169739.777388,816441307.299379,4885.309551,63116,24808,csn,2.536231e+02,2.375279e+01,-1.385343e+02,-9.891394e+00,1.725857e+02,28,CO,-999.000000,-999.000000,-999.000000,OU
2025-11-15T01:22:21,1763169741.777374,816441309.299375,4887.309551,63116,24808,csn,2.543645e+02,2.375512e+01,-1.385087e+02,-1.001325e+01,1.724969e+02,28,CO,-999.000000,-999.000000,-999.000000,OU
2025-11-15T01:22:23,1763169743.777371,816441311.299371,4889.309551,63116,24808,csn,2.551105e+02,2.375716e+01,-1.384831e+02,-1.013505e+01,1.724050e+02,28,CO,-999.000000,-999.000000,-999.000000,OU
2025-11-15T01:22:25,1763169745.777367,816441313.299367,4891.309551,63116,24808,csn,2.558612e+02,2.375961e+01,-1.384574e+02,-1.025680e+01,1.723150e+02,28,CO,-999.000000,-999.000000,-999.000000,OU
2025-11-15T01:22:27,1763169747.777362,816441315.299363,4893.309551,63116,24808,csn,2.566166e+02,2.376166e+01,-1.384318e+02,-1.037849e+01,1.722213e+02,28,CO,-999.000000,-999.000000,-999.000000,OU
2025-11-15T01:22:29,1763169749.777359,816441317.299359,4895.309551,63116,24808,csn,2.573766e+02,2.376404e+01,-1.384061e+02,-1.050012e+01,1.721289e+02,28,CO,-999.000000,-999.000000,-999.000000,OU
2025-11-15T01:22:31,1763169751.777354,816441319.299355,4897.309551,63116,24808,csn,2.581413e+02,2.376626e+01,-1.383805e+02,-1.062170e+01,1.720346e+02,28,CO,-999.000000,-999.000000,-999.000000,OU
2025-11-15T01:22:33,1763169753.777350,816441321.299350,4899.309551,63116,24808,csn,2.589106e+02,2.376851e+01,-1.383548e+02,-1.074322e+01,1.719397e+02,28,CO,-999.000000,-999.000000,-999.000000,OU
2025-11-15T01:22:35,1763169755.777346,816441323.299346,4901.309551,63116,24808,csn,2.596846e+02,2.377087e+01,-1.383291e+02,-1.086469e+01,1.718447e+02,28,CO,-999.000000,-999.000000,-999.000000,OU
2025-11-15T01:22:37,1763169757.777342,816441325.299342,4903.309551,63116,24808,csn,2.604632e+02,2.377314e+01,-1.383034e+02,-1.098610e+01,1.717483e+02,28,CO,-999.000000,-999.000000,-999.000000,OU
2025-11-15T01:22:39,1763169759.777338,816441327.299338,4905.309551,63116,24808,csn,2.612464e+02,2.377537e+01,-1.382777e+02,-1.110745e+01,1.716509e+02,28,CO,-999.000000,-999.000000,-999.000000,OU
2025-11-15T01:22:41,1763169761.777334,816441329.299334,4907.309551,63116,24808,csn,2.620342e+02,2.377754e+01,-1.382519e+02,-1.122874e+01,1.715525e+02,28,CO,-999.000000,-999.000000,-999.000000,OU
2025-11-15T01:22:43,1763169763.777329,816441331.299329,4909.309551,63116,24808,csn,2.628266e+02,2.377977e+01,-1.382262e+02,-1.134997e+01,1.714538e+02,28,CO,-999.000000,-999.000000,-999.000000,OU
2025-11-15T01:22:45,1763169765.777326,816441333.299325,4911.309551,63116,24808,csn,2.636237e+02,2.378222e+01,-1.382004e+02,-1.147115e+01,1.713556e+02,28,CO,-999.000000,-999.000000,-999.000000,OU
2025-11-15T01:22:47,1763169767.777321,816441335.299321,4913.309551,63116,24808,csn,2.644253e+02,2.378425e+01,-1.381747e+02,-1.159227e+01,1.712545e+02,28,CO,-999.000000,-999.000000,-999.000000,OU
2025-11-15T01:22:49,1763169769.777317,816441337.299317,4915.309551,63116,24808,csn,2.652316e+02,2.378661e+01,-1.381489e+02,-1.171332e+01,1.711546e+02,28,CO,-999.000000,-999.000000,-999.000000,OU
2025-11-15T01:22:51,1763169771.777313,816441339.299313,4917.309551,63116,24808,csn,2.660424e+02,2.378883e+01,-1.381231e+02,-1.183432e+01,1.710533e+02,28,CO,-999.000000,-999.000000,-999.000000,OU
2025-11-15T01:22:53,1763169773.777309,816441341.299309,4919.309551,63116,24808,csn,2.668578e+02,2.379111e+01,-1.380972e+02,-1.195526e+01,1.709518e+02,28,CO,-999.000000,-999.000000,-999.000000,OU
2025-11-15T01:22:55,1763169775.777304,816441343.299304,4921.309551,63116,24808,csn,2.676778e+02,2.379345e+01,-1.380714e+02,-1.207614e+01,1.708500e+02,28,CO,-999.000000,-999.000000,-999.000000,OU
2025-11-15T01:22:57,1763169777.777301,816441345.299301,4923.309551,63116,24808,csn,2.685023e+02,2.379567e+01,-1.380456e+02,-1.219696e+01,1.707471e+02,28,CO,-999.000000,-999.000000,-999.000000,OU
2025-11-15T01:22:59,1763169779.777297,816441347.299297,4925.309551,63116,24808,csn,2.693314e+02,2.379799e+01,-1.380197e+02,-1.231771e+01,1.706442e+02,28,CO,-999.000000,-999.000000,-999.000000,OU
2025-11-15T01:23:01,1763169781.777292,816441349.299292,4927.309551,63116,24808,csn,2.701651e+02,2.380005e+01,-1.379938e+02,-1.243841e+01,1.705396e+02,28,CO,-999.000000,-999.000000,-999.000000,OU
2025-11-15T01:23:03,1763169783.777288,816441351.299288,4929.309551,63116,24808,csn,2.710033e+02,2.380244e+01,-1.379679e+02,-1.255905e+01,1.704361e+02,28,CO,-999.000000,-999.000000,-999.000000,OU
2025-11-15T01:23:05,1763169785.777283,816441353.299283,4931.309551,63116,24808,csn,2.718461e+02,2.380477e+01,-1.379420e+02,-1.267962e+01,1.703318e+02,28,CO,-999.000000,-999.000000,-999.000000,OU
2025-11-15T01:23:07,1763169787.777280,816441355.299280,4933.309551,63116,24808,csn,2.726933e+02,2.380690e+01,-1.379161e+02,-1.280013e+01,1.702262e+02,28,CO,-999.000000,-999.000000,-999.000000,OU
2025-11-15T01:23:09,1763169789.777275,816441357.299275,4935.309551,63116,24808,csn,2.735452e+02,2.380926e+01,-1.378902e+02,-1.292058e+01,1.701212e+02,28,CO,-999.000000,-999.000000,-999.000000,OU
2025-11-15T01:23:11,1763169791.777271,816441359.299271,4937.309551,63116,24808,csn,2.744015e+02,2.381165e+01,-1.378642e+02,-1.304096e+01,1.700159e+02,28,CO,-999.000000,-999.000000,-999.000000,OU
2025-11-15T01:23:13,1763169793.777267,816441361.299267,4939.309551,63116,24808,csn,2.752624e+02,2.381371e+01,-1.378382e+02,-1.316129e+01,1.699088e+02,28,CO,-999.000000,-999.000000,-999.000000,OU
2025-11-15T01:23:15,1763169795.777263,816441363.299263,4941.309551,63116,24808,csn,2.761278e+02,2.381604e+01,-1.378122e+02,-1.328155e+01,1.698025e+02,28,CO,-999.000000,-999.000000,-999.000000,OU
2025-11-15T01:23:17,1763169797.777259,816441365.299259,4943.309551,63116,24808,csn,2.769976e+02,2.381821e+01,-1.377862e+02,-1.340174e+01,1.696953e+02,28,CO,-999.000000,-999.000000,-999.000000,OU
2025-11-15T01:23:19,1763169799.777255,816441367.299255,4945.309551,63116,24808,csn,2.778720e+02,2.382056e+01,-1.377602e+02,-1.352187e+01,1.695883e+02,28,CO,-999.000000,-999.000000,-999.000000,OU
2025-11-15T01:23:21,1763169801.777251,816441369.299251,4947.309551,63116,24808,csn,2.787509e+02,2.382286e+01,-1.377341e+02,-1.364194e+01,1.694809e+02,28,CO,-999.000000,-999.000000,-999.000000,OU
2025-11-15T01:23:23,1763169803.777246,816441371.299246,4949.309551,63116,24808,csn,2.796342e+02,2.382508e+01,-1.377081e+02,-1.376195e+01,1.693728e+02,28,CO,-999.000000,-999.000000,-999.000000,OU
2025-11-15T01:23:25,1763169805.777242,816441373.299242,4951.309551,63116,24808,csn,2.805221e+02,2.382741e+01,-1.376820e+02,-1.388188e+01,1.692648e+02,28,CO,-999.000000,-999.000000,-999.000000,OU
2025-11-15T01:23:27,1763169807.777238,816441375.299238,4953.309551,63116,24808,csn,2.814144e+02,2.382976e+01,-1.376559e+02,-1.400176e+01,1.691566e+02,28,CO,-999.000000,-999.000000,-999.000000,OU
2025-11-15T01:23:29,1763169809.777234,816441377.299234,4955.309551,63116,24808,csn,2.823112e+02,2.383194e+01,-1.376298e+02,-1.412157e+01,1.690475e+02,28,CO,-999.000000,-999.000000,-999.000000,OU
2025-11-15T01:23:31,1763169811.777230,816441379.299230,4957.309551,63116,24808,csn,2.832124e+02,2.383424e+01,-1.376036e+02,-1.424131e+01,1.689386e+02,28,CO,-999.000000,-999.000000,-999.000000,OU
2025-11-15T01:23:33,1763169813.777225,816441381.299225,4959.309551,63116,24808,csn,2.841181e+02,2.383660e+01,-1.375775e+02,-1.436098e+01,1.688296e+02,28,CO,-999.000000,-999.000000,-999.000000,OU
2025-11-15T01:23:35,1763169815.777221,816441383.299221,4961.309551,63116,24808,csn,2.850282e+02,2.383883e+01,-1.375513e+02,-1.448059e+01,1.687199e+02,28,CO,-999.000000,-999.000000,-999.000000,OU
2025-11-15T01:23:37,1763169817.777217,816441385.299217,4963.309551,63116,24808,csn,2.859428e+02,2.384110e+01,-1.375251e+02,-1.460014e+01,1.686101e+02,28,CO,-999.000000,-999.000000,-999.000000,OU
2025-11-15T01:23:39,1763169819.777213,816441387.299213,4965.309551,63116,24808,csn,2.868617e+02,2.384346e+01,-1.374989e+02,-1.471961e+01,1.685003e+02,28,CO,-999.000000,-999.000000,-999.000000,OU
2025-11-15T01:23:41,1763169821.777209,816441389.299209,4967.309551,63116,24808,csn,2.877852e+02,2.384568e+01,-1.374726e+02,-1.483902e+01,1.683899e+02,28,CO,-999.000000,-999.000000,-999.000000,OU
2025-11-15T01:23:43,1763169823.777204,816441391.299204,4969.309551,63116,24808,csn,2.887130e+02,2.384793e+01,-1.374464e+02,-1.495837e+01,1.682794e+02,28,CO,-999.000000,-999.000000,-999.000000,OU
2025-11-15T01:23:45,1763169825.777200,816441393.299200,4971.309551,63116,24808,csn,2.896452e+02,2.385030e+01,-1.374201e+02,-1.507764e+01,1.681690e+02,28,CO,-999.000000,-999.000000,-999.000000,OU
2025-11-15T01:23:47,1763169827.777196,816441395.299196,4973.309551,63116,24808,csn,2.905819e+02,2.385257e+01,-1.373938e+02,-1.519685e+01,1.680581e+02,28,CO,-999.000000,-999.000000,-999.000000,OU
2025-11-15T01:23:49,1763169829.777192,816441397.299192,4975.309551,63116,24808,csn,2.915229e+02,2.385480e+01,-1.373675e+02,-1.531598e+01,1.679469e+02,28,CO,-999.000000,-999.000000,-999.000000,OU
2025-11-15T01:23:51,1763169831.777188,816441399.299188,4977.309551,63116,24808,csn,2.924684e+02,2.385726e+01,-1.373411e+02,-1.543505e+01,1.678361e+02,28,CO,-999.000000,-999.000000,-999.000000,OU
2025-11-15T01:23:53,1763169833.777184,816441401.299184,4979.309551,63116,24808,csn,2.934182e+02,2.385946e+01,-1.373147e+02,-1.555405e+01,1.677245e+02,28,CO,-999.000000,-999.000000,-999.000000,OU
2025-11-15T01:23:55,1763169835.777180,816441403.299180,4981.309551,63116,24808,csn,2.943724e+02,2.386191e+01,-1.372884e+02,-1.567298e+01,1.676134e+02,28,CO,-999.000000,-999.000000,-999.000000,OU
2025-11-15T01:23:57,1763169837.777176,816441405.299176,4983.309551,63116,24808,csn,2.953309e+02,2.386410e+01,-1.372620e+02,-1.579185e+01,1.675014e+02,28,CO,-999.000000,-999.000000,-999.000000,OU
2025-11-15T01:23:59,1763169839.777172,816441407.299172,4985.309551,63116,24808,csn,2.962938e+02,2.386633e+01,-1.372355e+02,-1.591064e+01,1.673894e+02,28,CO,-999.000000,-999.000000,-999.000000,OU
2025-11-15T01:24:01,1763169841.777167,816441409.299167,4987.309551,63116,24808,csn,2.972611e+02,2.386877e+01,-1.372091e+02,-1.602936e+01,1.672777e+02,28,CO,-999.000000,-999.000000,-999.000000,OU
2025-11-15T01:24:03,1763169843.777163,816441411.299163,4989.309551,63116,24808,csn,2.982328e+02,2.387096e+01,-1.371826e+02,-1.614801e+01,1.671653e+02,28,CO,-999.000000,-999.000000,-999.000000,OU
2025-11-15T01:24:05,1763169845.777158,816441413.299158,4991.309551,63116,24808,csn,2.992087e+02,2.387343e+01,-1.371561e+02,-1.626659e+01,1.670534e+02,28,CO,-999.000000,-999.000000,-999.000000,OU
2025-11-15T01:24:07,1763169847.777155,816441415.299155,4993.309551,63116,24808,csn,3.001890e+02,2.387565e+01,-1.371296e+02,-1.638510e+01,1.669408e+02,28,CO,-999.000000,-999.000000,-999.000000,OU
2025-11-15T01:24:09,1763169849.777151,816441417.299151,4995.309551,63116,24808,csn,3.011736e+02,2.387794e+01,-1.371030e+02,-1.650354e+01,1.668282e+02,28,CO,-999.000000,-999.000000,-999.000000,OU
2025-11-15T01:24:11,1763169851.777146,816441419.299146,4997.309551,63116,24808,csn,3.021626e+02,2.388030e+01,-1.370765e+02,-1.662191e+01,1.667157e+02,28,CO,-999.000000,-999.000000,-999.000000,OU
2025-11-15T01:24:13,1763169853.777142,816441421.299142,4999.309551,63116,24808,csn,3.031558e+02,2.388254e+01,-1.370499e+02,-1.674020e+01,1.666028e+02,28,CO,-999.000000,-999.000000,-999.000000,OU
2025-11-15T01:24:15,1763169855.777138,816441423.299138,5001.309551,63116,24808,csn,3.041534e+02,2.388478e+01,-1.370232e+02,-1.685842e+01,1.664897e+02,28,CO,-999.000000,-999.000000,-999.000000,OU
2025-11-15T01:24:17,1763169857.777134,816441425.299134,5003.309551,63116,24808,csn,3.051553e+02,2.388717e+01,-1.369966e+02,-1.697658e+01,1.663769e+02,28,CO,-999.000000,-999.000000,-999.000000,OU
2025-11-15T01:24:19,1763169859.777130,816441427.299130,5005.309551,63116,24808,csn,3.061614e+02,2.388951e+01,-1.369699e+02,-1.709465e+01,1.662639e+02,28,CO,-999.000000,-999.000000,-999.000000,OU
2025-11-15T01:24:21,1763169861.777126,816441429.299126,5007.309551,63116,24808,csn,3.071718e+02,2.389189e+01,-1.369432e+02,-1.721266e+01,1.661508e+02,28,CO,-999.000000,-999.000000,-999.000000,OU
2025-11-15T01:24:23,1763169863.777121,816441431.299121,5009.309551,63116,24808,csn,3.081865e+02,2.389425e+01,-1.369165e+02,-1.733059e+01,1.660376e+02,28,CO,-999.000000,-999.000000,-999.000000,OU
2025-11-15T01:24:25,1763169865.777117,816441433.299117,5011.309551,63116,24808,csn,3.092055e+02,2.389655e+01,-1.368898e+02,-1.744845e+01,1.659242e+02,28,CO,-999.000000,-999.000000,-999.000000,OU
2025-11-15T01:24:27,1763169867.777113,816441435.299113,5013.309551,63116,24808,csn,3.102288e+02,2.389875e+01,-1.368630e+02,-1.756624e+01,1.658105e+02,28,CO,-999.000000,-999.000000,-999.000000,OU
2025-11-15T01:24:29,1763169869.777109,816441437.299109,5015.309551,63116,24808,csn,3.112562e+02,2.390111e+01,-1.368362e+02,-1.768395e+01,1.656971e+02,28,CO,-999.000000,-999.000000,-999.000000,OU
2025-11-15T01:24:31,1763169871.777105,816441439.299105,5017.309551,63116,24808,csn,3.122880e+02,2.390336e+01,-1.368094e+02,-1.780159e+01,1.655834e+02,28,CO,-999.000000,-999.000000,-999.000000,OU
2025-11-15T01:24:33,1763169873.777100,816441441.299100,5019.309551,63116,24808,csn,3.133240e+02,2.390588e+01,-1.367826e+02,-1.791915e+01,1.654700e+02,28,CO,-999.000000,-999.000000,-999.000000,OU
2025-11-15T01:24:35,1763169875.777097,816441443.299096,5021.309551,63116,24808,csn,3.143642e+02,2.390807e+01,-1.367557e+02,-1.803664e+01,1.653560e+02,28,CO,-999.000000,-999.000000,-999.000000,OU
2025-11-15T01:24:37,1763169877.777092,816441445.299092,5023.309551,63116,24808,csn,3.154086e+02,2.391058e+01,-1.367288e+02,-1.815405e+01,1.652425e+02,28,CO,-999.000000,-999.000000,-999.000000,OU
2025-11-15T01:24:39,1763169879.777088,816441447.299088,5025.309551,63116,24808,csn,3.164572e+02,2.391275e+01,-1.367019e+02,-1.827139e+01,1.651284e+02,28,CO,-999.000000,-999.000000,-999.000000,OU
2025-11-15T01:24:41,1763169881.777084,816441449.299084,5027.309551,63116,24808,csn,3.175101e+02,2.391506e+01,-1.366749e+02,-1.838865e+01,1.650145e+02,28,CO,-999.000000,-999.000000,-999.000000,OU
2025-11-15T01:24:43,1763169883.777080,816441451.299080,5029.309551,63116,24808,csn,3.185671e+02,2.391740e+01,-1.366479e+02,-1.850584e+01,1.649005e+02,28,CO,-999.000000,-999.000000,-999.000000,OU
2025-11-15T01:24:45,1763169885.777076,816441453.299076,5031.309551,63116,24808,csn,3.196284e+02,2.391996e+01,-1.366209e+02,-1.862295e+01,1.647867e+02,28,CO,-999.000000,-999.000000,-999.000000,OU
2025-11-15T01:24:47,1763169887.777072,816441455.299072,5033.309551,63116,24808,csn,3.206938e+02,2.392219e+01,-1.365939e+02,-1.873998e+01,1.646725e+02,28,CO,-999.000000,-999.000000,-999.000000,OU
2025-11-15T01:24:49,1763169889.777068,816441457.299068,5035.309551,63116,24808,csn,3.217634e+02,2.392455e+01,-1.365668e+02,-1.885694e+01,1.645584e+02,28,CO,-999.000000,-999.000000,-999.000000,OU
2025-11-15T01:24:51,1763169891.777063,816441459.299063,5037.309551,63116,24808,csn,3.228372e+02,2.392673e+01,-1.365397e+02,-1.897382e+01,1.644441e+02,28,CO,-999.000000,-999.000000,-999.000000,OU
2025-11-15T01:24:53,1763169893.777058,816441461.299058,5039.309551,63116,24808,csn,3.239152e+02,2.392928e+01,-1.365126e+02,-1.909063e+01,1.643301e+02,28,CO,-999.000000,-999.000000,-999.000000,OU
2025-11-15T01:24:55,1763169895.777055,816441463.299054,5041.309551,63116,24808,csn,3.249973e+02,2.393166e+01,-1.364855e+02,-1.920736e+01,1.642159e+02,28,CO,-999.000000,-999.000000,-999.000000,OU
2025-11-15T01:24:57,1763169897.777050,816441465.299050,5043.309551,63116,24808,csn,3.260835e+02,2.393393e+01,-1.364583e+02,-1.932401e+01,1.641015e+02,28,CO,-999.000000,-999.000000,-999.000000,OU
2025-11-15T01:24:59,1763169899.777046,816441467.299046,5045.309551,63116,24808,csn,3.271739e+02,2.393617e+01,-1.364311e+02,-1.944058e+01,1.639871e+02,28,CO,-999.000000,-999.000000,-999.000000,OU
2025-11-15T01:25:01,1763169901.777042,816441469.299042,5047.309551,63116,24808,csn,3.282684e+02,2.393860e+01,-1.364038e+02,-1.955707e+01,1.638729e+02,28,CO,-999.000000,-999.000000,-999.000000,OU
2025-11-15T01:25:03,1763169903.777038,816441471.299038,5049.309551,63116,24808,csn,3.293671e+02,2.394108e+01,-1.363766e+02,-1.967349e+01,1.637586e+02,28,CO,-999.000000,-999.000000,-999.000000,OU
2025-11-15T01:25:05,1763169905.777034,816441473.299034,5051.309551,63116,24808,csn,3.304699e+02,2.394328e+01,-1.363493e+02,-1.978983e+01,1.636441e+02,28,CO,-999.000000,-999.000000,-999.000000,OU
2025-11-15T01:25:07,1763169907.777030,816441475.299030,5053.309551,63116,24808,csn,3.315767e+02,2.394577e+01,-1.363220e+02,-1.990608e+01,1.635298e+02,28,CO,-999.000000,-999.000000,-999.000000,OU
2025-11-15T01:25:09,1763169909.777026,816441477.299026,5055.309551,63116,24808,csn,3.326877e+02,2.394798e+01,-1.362946e+02,-2.002226e+01,1.634153e+02,28,CO,-999.000000,-999.000000,-999.000000,OU
2025-11-15T01:25:11,1763169911.777021,816441479.299021,5057.309551,63116,24808,csn,3.338028e+02,2.395049e+01,-1.362672e+02,-2.013837e+01,1.633009e+02,28,CO,-999.000000,-999.000000,-999.000000,OU
2025-11-15T01:25:13,1763169913.777017,816441481.299017,5059.309551,63116,24808,csn,3.349220e+02,2.395274e+01,-1.362398e+02,-2.025439e+01,1.631864e+02,28,CO,-999.000000,-999.000000,-999.000000,OU
2025-11-15T01:25:15,1763169915.777013,816441483.299013,5061.309551,63116,24808,csn,3.360452e+02,2.395505e+01,-1.362123e+02,-2.037033e+01,1.630719e+02,28,CO,-999.000000,-999.000000,-999.000000,OU
2025-11-15T01:25:17,1763169917.777009,816441485.299008,5063.309551,63116,24808,csn,3.371725e+02,2.395761e+01,-1.361848e+02,-2.048619e+01,1.629575e+02,28,CO,-999.000000,-999.000000,-999.000000,OU
2025-11-15T01:25:19,1763169919.777005,816441487.299005,5065.309551,63116,24808,csn,3.383039e+02,2.395986e+01,-1.361573e+02,-2.060197e+01,1.628430e+02,28,CO,-999.000000,-999.000000,-999.000000,OU
2025-11-15T01:25:21,1763169921.777000,816441489.299000,5067.309551,63116,24808,csn,3.394393e+02,2.396221e+01,-1.361298e+02,-2.071767e+01,1.627285e+02,28,CO,-999.000000,-999.000000,-999.000000,OU
2025-11-15T01:25:23,1763169923.776996,816441491.298996,5069.309551,63116,24808,csn,3.405788e+02,2.396475e+01,-1.361022e+02,-2.083329e+01,1.626141e+02,28,CO,-999.000000,-999.000000,-999.000000,OU
2025-11-15T01:25:25,1763169925.776992,816441493.298992,5071.309551,63116,24808,csn,3.417223e+02,2.396710e+01,-1.360746e+02,-2.094883e+01,1.624996e+02,28,CO,-999.000000,-999.000000,-999.000000,OU
2025-11-15T01:25:27,1763169927.776988,816441495.298988,5073.309551,63116,24808,csn,3.428699e+02,2.396948e+01,-1.360469e+02,-2.106429e+01,1.623850e+02,28,CO,-999.000000,-999.000000,-999.000000,OU
2025-11-15T01:25:29,1763169929.776984,816441497.298984,5075.309551,63116,24808,csn,3.440215e+02,2.397187e+01,-1.360193e+02,-2.117967e+01,1.622705e+02,28,CO,-999.000000,-999.000000,-999.000000,OU
2025-11-15T01:25:31,1763169931.776979,816441499.298979,5077.309551,63116,24808,csn,3.451771e+02,2.397425e+01,-1.359916e+02,-2.129496e+01,1.621560e+02,28,CO,-999.000000,-999.000000,-999.000000,OU
2025-11-15T01:25:33,1763169933.776976,816441501.298975,5079.309551,63116,24808,csn,3.463367e+02,2.397664e+01,-1.359638e+02,-2.141018e+01,1.620415e+02,28,CO,-999.000000,-999.000000,-999.000000,OU
2025-11-15T01:25:35,1763169935.776971,816441503.298971,5081.309551,63116,24808,csn,3.475003e+02,2.397915e+01,-1.359360e+02,-2.152531e+01,1.619271e+02,28,CO,-999.000000,-999.000000,-999.000000,OU
2025-11-15T01:25:37,1763169937.776967,816441505.298967,5083.309551,63116,24808,csn,3.486678e+02,2.398143e+01,-1.359082e+02,-2.164036e+01,1.618126e+02,28,CO,-999.000000,-999.000000,-999.000000,OU
2025-11-15T01:25:39,1763169939.776963,816441507.298963,5085.309551,63116,24808,csn,3.498394e+02,2.398377e+01,-1.358804e+02,-2.175533e+01,1.616981e+02,28,CO,-999.000000,-999.000000,-999.000000,OU
2025-11-15T01:25:41,1763169941.776959,816441509.298959,5087.309551,63116,24808,csn,3.510150e+02,2.398614e+01,-1.358525e+02,-2.187021e+01,1.615836e+02,28,CO,-999.000000,-999.000000,-999.000000,OU
2025-11-15T01:25:43,1763169943.776955,816441511.298955,5089.309551,63116,24808,csn,3.521945e+02,2.398916e+01,-1.358246e+02,-2.198501e+01,1.614692e+02,28,CO,-999.000000,-999.000000,-999.000000,OU
2025-11-15T01:25:45,1763169945.776951,816441513.298951,5091.309551,63116,24808,csn,3.533780e+02,2.399219e+01,-1.357966e+02,-2.209973e+01,1.613547e+02,28,CO,-999.000000,-999.000000,-999.000000,OU
2025-11-15T01:25:47,1763169947.776947,816441515.298946,5093.309551,63116,24808,csn,3.545654e+02,2.394944e+01,-1.357686e+02,-2.221436e+01,1.612403e+02,28,CO,-999.000000,-999.000000,-999.000000,OU
2025-11-15T01:25:49,1763169949.776942,816441517.298942,5095.309551,63116,24808,csn,3.557568e+02,2.406707e+01,-1.357406e+02,-2.232892e+01,1.611259e+02,28,CO,-999.000000,-999.000000,-999.000000,OU
2025-11-15T01:25:51,1763169951.776938,816441519.298938,5097.309551,63116,24808,csn,3.569521e+02,2.471314e+01,-1.357125e+02,-2.244338e+01,1.610115e+02,28,CO,-999.000000,-999.000000,-999.000000,OU
2025-11-15T01:25:53,1763169953.776934,816441521.298934,5099.309551,63116,24808,csn,3.581514e+02,9.526279e+00,-1.356844e+02,-2.255777e+01,1.608971e+02,28,CO,-999.000000,-999.000000,-999.000000,OU
2025-11-15T01:25:55,1763169955.776930,816441523.298930,5101.309551,63116,24808,csn,3.593545e+02,9.798727e-02,-1.356563e+02,-2.267207e+01,1.607828e+02,28,CO,-999.000000,-999.000000,-999.000000,OU
2025-11-15T01:25:57,1763169957.776925,816441525.298925,5103.309551,63116,24808,csn,3.605616e+02,-1.320830e-01,-1.356281e+02,-2.278628e+01,1.606684e+02,28,CO,-999.000000,-999.000000,-999.000000,OU
2025-11-15T01:25:59,1763169959.776921,816441527.298921,5105.309551,63116,24808,csn,3.617726e+02,3.904361e-02,-1.355999e+02,-2.290041e+01,1.605541e+02,28,CO,-999.000000,-999.000000,-999.000000,OU
2025-11-15T01:26:01,1763169961.776918,816441529.298918,5107.309551,63116,24808,csn,3.629875e+02,1.216384e-02,-1.355717e+02,-2.301446e+01,1.604399e+02,28,CO,-999.000000,-999.000000,-999.000000,OU
2025-11-15T01:26:03,1763169963.776913,816441531.298913,5109.309551,63116,24808,csn,3.642062e+02,1.200687e-02,-1.355434e+02,-2.312842e+01,1.603256e+02,28,CO,-999.000000,-999.000000,-999.000000,OU
2025-11-15T01:26:05,1763169965.776909,816441533.298909,5111.309551,63116,24808,csn,3.654289e+02,1.523606e-02,-1.355151e+02,-2.324229e+01,1.602114e+02,28,CO,-999.000000,-999.000000,-999.000000,OU
2025-11-15T01:26:07,1763169967.776905,816441535.298905,5113.309551,63116,24808,csn,3.666554e+02,1.769202e-02,-1.354867e+02,-2.335608e+01,1.600971e+02,28,CO,-999.000000,-999.000000,-999.000000,OU
2025-11-15T01:26:09,1763169969.776901,816441537.298901,5115.309551,63116,24808,csn,3.678858e+02,2.010037e-02,-1.354583e+02,-2.346979e+01,1.599829e+02,28,CO,-999.000000,-999.000000,-999.000000,OU
2025-11-15T01:26:11,1763169971.776896,816441539.298897,5117.309551,63116,24808,csn,3.691200e+02,2.256961e-02,-1.354299e+02,-2.358341e+01,1.598688e+02,28,CO,-999.000000,-999.000000,-999.000000,OU
2025-11-15T01:26:13,1763169973.776892,816441541.298892,5119.309551,63116,24808,csn,3.703581e+02,2.486148e-02,-1.354014e+02,-2.369694e+01,1.597547e+02,28,CO,-999.000000,-999.000000,-999.000000,OU
2025-11-15T01:26:15,1763169975.776888,816441543.298888,5121.309551,63116,24808,csn,3.716000e+02,2.737242e-02,-1.353729e+02,-2.381039e+01,1.596406e+02,28,CO,-999.000000,-999.000000,-999.000000,OU
2025-11-15T01:26:17,1763169977.776884,816441545.298884,5123.309551,63116,24808,csn,3.728457e+02,2.970783e-02,-1.353444e+02,-2.392375e+01,1.595266e+02,28,CO,-999.000000,-999.000000,-999.000000,OU
2025-11-15T01:26:19,1763169979.776880,816441547.298880,5125.309551,63116,24808,csn,3.740953e+02,3.223133e-02,-1.353158e+02,-2.403702e+01,1.594125e+02,28,CO,-999.000000,-999.000000,-999.000000,OU
2025-11-15T01:26:21,1763169981.776875,816441549.298875,5127.309551,63116,24808,csn,3.753487e+02,3.470052e-02,-1.352872e+02,-2.415020e+01,1.592985e+02,28,CO,-999.000000,-999.000000,-999.000000,OU
2025-11-15T01:26:23,1763169983.776872,816441551.298872,5129.309551,63116,24808,csn,3.766059e+02,3.710729e-02,-1.352585e+02,-2.426330e+01,1.591846e+02,28,CO,-999.000000,-999.000000,-999.000000,OU
2025-11-15T01:26:25,1763169985.776867,816441553.298867,5131.309551,63116,24808,csn,3.778669e+02,3.961722e-02,-1.352298e+02,-2.437631e+01,1.590707e+02,28,CO,-999.000000,-999.000000,-999.000000,OU
2025-11-15T01:26:27,1763169987.776863,816441555.298863,5133.309551,63116,24808,csn,3.791317e+02,4.213271e-02,-1.352010e+02,-2.448924e+01,1.589567e+02,28,CO,-999.000000,-999.000000,-999.000000,OU
2025-11-15T01:26:29,1763169989.776859,816441557.298859,5135.309551,63116,24808,csn,3.804002e+02,4.455974e-02,-1.351722e+02,-2.460207e+01,1.588429e+02,28,CO,-999.000000,-999.000000,-999.000000,OU
2025-11-15T01:26:31,1763169991.776855,816441559.298855,5137.309551,63116,24808,csn,3.816726e+02,4.706461e-02,-1.351434e+02,-2.471482e+01,1.587291e+02,28,CO,-999.000000,-999.000000,-999.000000,OU
2025-11-15T01:26:33,1763169993.776851,816441561.298851,5139.309551,63116,24808,csn,3.829487e+02,4.955318e-02,-1.351145e+02,-2.482748e+01,1.586153e+02,28,CO,-999.000000,-999.000000,-999.000000,OU
2025-11-15T01:26:35,1763169995.776847,816441563.298847,5141.309551,63116,24808,csn,3.842285e+02,5.199199e-02,-1.350856e+02,-2.494006e+01,1.585016e+02,28,CO,-999.000000,-999.000000,-999.000000,OU
2025-11-15T01:26:37,1763169997.776843,816441565.298843,5143.309551,63116,24808,csn,3.855121e+02,5.446602e-02,-1.350566e+02,-2.505254e+01,1.583879e+02,28,CO,-999.000000,-999.000000,-999.000000,OU
2025-11-15T01:26:39,1763169999.776838,816441567.298838,5145.309551,63116,24808,csn,3.867995e+02,5.701160e-02,-1.350276e+02,-2.516494e+01,1.582743e+02,28,CO,-999.000000,-999.000000,-999.000000,OU
2025-11-15T01:26:41,1763170001.776834,816441569.298834,5147.309551,63116,24808,csn,3.880905e+02,5.928774e-02,-1.349986e+02,-2.527724e+01,1.581608e+02,28,CO,-999.000000,-999.000000,-999.000000,OU
2025-11-15T01:26:43,1763170003.776830,816441571.298830,5149.309551,63116,24808,csn,3.893853e+02,6.185893e-02,-1.349695e+02,-2.538946e+01,1.580472e+02,28,CO,-999.000000,-999.000000,-999.000000,OU
2025-11-15T01:26:45,1763170005.776825,816441573.298825,5151.309551,63116,24808,csn,3.906838e+02,6.438416e-02,-1.349404e+02,-2.550159e+01,1.579336e+02,28,CO,-999.000000,-999.000000,-999.000000,OU
2025-11-15T01:26:47,1763170007.776821,816441575.298821,5153.309551,63116,24808,csn,3.919861e+02,6.687084e-02,-1.349112e+02,-2.561363e+01,1.578202e+02,28,CO,-999.000000,-999.000000,-999.000000,OU
2025-11-15T01:26:49,1763170009.776817,816441577.298817,5155.309551,63116,24808,csn,3.932920e+02,6.930631e-02,-1.348820e+02,-2.572557e+01,1.577068e+02,28,CO,-999.000000,-999.000000,-999.000000,OU
2025-11-15T01:26:51,1763170011.776813,816441579.298813,5157.309551,63116,24808,csn,3.946016e+02,7.183508e-02,-1.348527e+02,-2.583743e+01,1.575934e+02,28,CO,-999.000000,-999.000000,-999.000000,OU
2025-11-15T01:26:53,1763170013.776809,816441581.298809,5159.309551,63116,24808,csn,3.959149e+02,7.432416e-02,-1.348234e+02,-2.594920e+01,1.574801e+02,28,CO,-999.000000,-999.000000,-999.000000,OU
2025-11-15T01:26:55,1763170015.776805,816441583.298805,5161.309551,63116,24808,csn,3.972318e+02,7.675167e-02,-1.347941e+02,-2.606088e+01,1.573669e+02,28,CO,-999.000000,-999.000000,-999.000000,OU
2025-11-15T01:26:57,1763170017.776801,816441585.298801,5163.309551,63116,24808,csn,3.985524e+02,7.922900e-02,-1.347647e+02,-2.617247e+01,1.572537e+02,28,CO,-999.000000,-999.000000,-999.000000,OU
2025-11-15T01:26:59,1763170019.776796,816441587.298796,5165.309551,63116,24808,csn,3.998767e+02,8.173943e-02,-1.347352e+02,-2.628397e+01,1.571405e+02,28,CO,-999.000000,-999.000000,-999.000000,OU
2025-11-15T01:27:01,1763170021.776793,816441589.298793,5167.309551,63116,24808,csn,4.012046e+02,8.415600e-02,-1.347058e+02,-2.639538e+01,1.570275e+02,28,CO,-999.000000,-999.000000,-999.000000,OU
2025-11-15T01:27:03,1763170023.776788,816441591.298788,5169.309551,63116,24808,csn,4.025362e+02,8.687837e-02,-1.346762e+02,-2.650670e+01,1.569142e+02,28,CO,-999.000000,-999.000000,-999.000000,OU
2025-11-15T01:27:05,1763170025.776784,816441593.298784,5171.309551,63116,24808,csn,4.038714e+02,8.918891e-02,-1.346466e+02,-2.661792e+01,1.568014e+02,28,CO,-999.000000,-999.000000,-999.000000,OU
2025-11-15T01:27:07,1763170027.776780,816441595.298780,5173.309551,63116,24808,csn,4.052102e+02,9.192044e-02,-1.346170e+02,-2.672906e+01,1.566882e+02,28,CO,-999.000000,-999.000000,-999.000000,OU
2025-11-15T01:27:09,1763170029.776775,816441597.298775,5175.309551,63116,24808,csn,4.065527e+02,9.433317e-02,-1.345873e+02,-2.684010e+01,1.565754e+02,28,CO,-999.000000,-999.000000,-999.000000,OU
2025-11-15T01:27:11,1763170031.776772,816441599.298772,5177.309551,63116,24808,csn,4.078987e+02,9.687484e-02,-1.345576e+02,-2.695105e+01,1.564625e+02,28,CO,-999.000000,-999.000000,-999.000000,OU
2025-11-15T01:27:13,1763170033.776767,816441601.298767,5179.309551,63116,24808,csn,4.092483e+02,9.931703e-02,-1.345279e+02,-2.706191e+01,1.563498e+02,28,CO,-999.000000,-999.000000,-999.000000,OU
2025-11-15T01:27:15,1763170035.776763,816441603.298763,5181.309551,63116,24808,csn,4.106015e+02,1.017879e-01,-1.344981e+02,-2.717268e+01,1.562371e+02,28,CO,-999.000000,-999.000000,-999.000000,OU
2025-11-15T01:27:17,1763170037.776759,816441605.298759,5183.309551,63116,24808,csn,4.119584e+02,1.043666e-01,-1.344682e+02,-2.728336e+01,1.561244e+02,28,CO,-999.000000,-999.000000,-999.000000,OU
2025-11-15T01:27:19,1763170039.776755,816441607.298755,5185.309551,63116,24808,csn,4.133187e+02,1.070502e-01,-1.344383e+02,-2.739394e+01,1.560116e+02,28,CO,-999.000000,-999.000000,-999.000000,OU
2025-11-15T01:27:21,1763170041.776750,816441609.298750,5187.309551,63116,24808,csn,4.146827e+02,1.094653e-01,-1.344083e+02,-2.750443e+01,1.558992e+02,28,CO,-999.000000,-999.000000,-999.000000,OU
2025-11-15T01:27:23,1763170043.776747,816441611.298747,5189.309551,63116,24808,csn,4.160502e+02,1.120946e-01,-1.343783e+02,-2.761483e+01,1.557866e+02,28,CO,-999.000000,-999.000000,-999.000000,OU
2025-11-15T01:27:25,1763170045.776743,816441613.298743,5191.309551,63116,24808,csn,4.174212e+02,1.145359e-01,-1.343483e+02,-2.772514e+01,1.556742e+02,28,CO,-999.000000,-999.000000,-999.000000,OU
2025-11-15T01:27:27,1763170047.776738,816441615.298738,5193.309551,63116,24808,csn,4.187958e+02,1.171647e-01,-1.343182e+02,-2.783535e+01,1.555617e+02,28,CO,-999.000000,-999.000000,-999.000000,OU
2025-11-15T01:27:29,1763170049.776735,816441617.298735,5195.309551,63116,24808,csn,4.201739e+02,1.196932e-01,-1.342880e+02,-2.794547e+01,1.554494e+02,28,CO,-999.000000,-999.000000,-999.000000,OU
2025-11-15T01:27:31,1763170051.776730,816441619.298730,5197.309551,63116,24808,csn,4.215555e+02,1.221547e-01,-1.342578e+02,-2.805550e+01,1.553372e+02,28,CO,-999.000000,-999.000000,-999.000000,OU
2025-11-15T01:27:33,1763170053.776726,816441621.298726,5199.309551,63116,24808,csn,4.229406e+02,1.248822e-01,-1.342276e+02,-2.816543e+01,1.552248e+02,28,CO,-999.000000,-999.000000,-999.000000,OU
2025-11-15T01:27:35,1763170055.776721,816441623.298722,5201.309551,63116,24808,csn,4.243293e+02,1.273831e-01,-1.341973e+02,-2.827527e+01,1.551127e+02,28,CO,-999.000000,-999.000000,-999.000000,OU
2025-11-15T01:27:37,1763170057.776717,816441625.298717,5203.309551,63116,24808,csn,4.257214e+02,1.298905e-01,-1.341669e+02,-2.838502e+01,1.550007e+02,28,CO,-999.000000,-999.000000,-999.000000,OU
2025-11-15T01:27:39,1763170059.776713,816441627.298713,5205.309551,63116,24808,csn,4.271170e+02,1.326210e-01,-1.341365e+02,-2.849467e+01,1.548885e+02,28,CO,-999.000000,-999.000000,-999.000000,OU
2025-11-15T01:27:41,1763170061.776709,816441629.298709,5207.309551,63116,24808,csn,4.285161e+02,1.351042e-01,-1.341060e+02,-2.860423e+01,1.547766e+02,28,CO,-999.000000,-999.000000,-999.000000,OU
2025-11-15T01:27:43,1763170063.776705,816441631.298705,5209.309551,63116,24808,csn,4.299187e+02,1.375932e-01,-1.340755e+02,-2.871370e+01,1.546648e+02,28,CO,-999.000000,-999.000000,-999.000000,OU
2025-11-15T01:27:45,1763170065.776701,816441633.298701,5211.309551,63116,24808,csn,4.313247e+02,1.402745e-01,-1.340450e+02,-2.882307e+01,1.545528e+02,28,CO,-999.000000,-999.000000,-999.000000,OU
2025-11-15T01:27:47,1763170067.776695,816441635.298697,5213.309551,63116,24808,csn,4.327343e+02,1.430865e-01,-1.340144e+02,-2.893235e+01,1.544407e+02,28,CO,-999.000000,-999.000000,-999.000000,OU
2025-11-15T01:27:49,1763170069.776698,816441637.298694,5215.309551,63116,24808,csn,4.341471e+02,1.443478e-01,-1.339837e+02,-2.904152e+01,1.543305e+02,28,CO,-999.000000,-999.000000,-999.000000,OU
2025-11-15T01:27:51,1763170071.776691,816441639.298689,5217.309551,63116,24808,csn,4.355635e+02,1.475852e-01,-1.339530e+02,-2.915061e+01,1.542181e+02,28,CO,-999.000000,-999.000000,-999.000000,OU
2025-11-15T01:27:53,1763170073.776684,816441641.298684,5219.309551,63116,24808,csn,4.369833e+02,1.507238e-01,-1.339222e+02,-2.925961e+01,1.541059e+02,28,CO,-999.000000,-999.000000,-999.000000,OU
2025-11-15T01:27:55,1763170075.776680,816441643.298680,5221.309551,63116,24808,csn,4.384065e+02,1.531404e-01,-1.338914e+02,-2.936850e+01,1.539946e+02,28,CO,-999.000000,-999.000000,-999.000000,OU
2025-11-15T01:27:57,1763170077.776676,816441645.298676,5223.309551,63116,24808,csn,4.398331e+02,1.558644e-01,-1.338605e+02,-2.947730e+01,1.538830e+02,28,CO,-999.000000,-999.000000,-999.000000,OU
2025-11-15T01:27:59,1763170079.776672,816441647.298672,5225.309551,63116,24808,csn,4.412632e+02,1.583471e-01,-1.338296e+02,-2.958601e+01,1.537717e+02,28,CO,-999.000000,-999.000000,-999.000000,OU
2025-11-15T01:28:01,1763170081.776668,816441649.298668,5227.309551,63116,24808,csn,4.426966e+02,1.608724e-01,-1.337986e+02,-2.969462e+01,1.536605e+02,28,CO,-999.000000,-999.000000,-999.000000,OU
2025-11-15T01:28:03,1763170083.776663,816441651.298663,5229.309551,63116,24808,csn,4.441334e+02,1.636004e-01,-1.337675e+02,-2.980313e+01,1.535490e+02,28,CO,-999.000000,-999.000000,-999.000000,OU
2025-11-15T01:28:05,1763170085.776659,816441653.298659,5231.309551,63116,24808,csn,4.455735e+02,1.662705e-01,-1.337364e+02,-2.991155e+01,1.534378e+02,28,CO,-999.000000,-999.000000,-999.000000,OU
2025-11-15T01:28:07,1763170087.776655,816441655.298655,5233.309551,63116,24808,csn,4.470171e+02,1.688281e-01,-1.337053e+02,-3.001988e+01,1.533267e+02,28,CO,-999.000000,-999.000000,-999.000000,OU
2025-11-15T01:28:09,1763170089.776651,816441657.298651,5235.309551,63116,24808,csn,4.484640e+02,1.714099e-01,-1.336741e+02,-3.012810e+01,1.532157e+02,28,CO,-999.000000,-999.000000,-999.000000,OU
2025-11-15T01:28:11,1763170091.776647,816441659.298647,5237.309551,63116,24808,csn,4.499142e+02,1.740494e-01,-1.336428e+02,-3.023624e+01,1.531047e+02,28,CO,-999.000000,-999.000000,-999.000000,OU
2025-11-15T01:28:13,1763170093.776642,816441661.298642,5239.309551,63116,24808,csn,4.513678e+02,1.766199e-01,-1.336115e+02,-3.034427e+01,1.529938e+02,28,CO,-999.000000,-999.000000,-999.000000,OU
2025-11-15T01:28:15,1763170095.776638,816441663.298638,5241.309551,63116,24808,csn,4.528247e+02,1.792959e-01,-1.335801e+02,-3.045221e+01,1.528829e+02,28,CO,-999.000000,-999.000000,-999.000000,OU
2025-11-15T01:28:17,1763170097.776634,816441665.298634,5243.309551,63116,24808,csn,4.542849e+02,1.820088e-01,-1.335487e+02,-3.056005e+01,1.527720e+02,28,CO,-999.000000,-999.000000,-999.000000,OU
2025-11-15T01:28:19,1763170099.776630,816441667.298630,5245.309551,63116,24808,csn,4.557485e+02,1.845897e-01,-1.335172e+02,-3.066779e+01,1.526614e+02,28,CO,-999.000000,-999.000000,-999.000000,OU
2025-11-15T01:28:21,1763170101.776626,816441669.298626,5247.309551,63116,24808,csn,4.572154e+02,1.872686e-01,-1.334857e+02,-3.077544e+01,1.525507e+02,28,CO,-999.000000,-999.000000,-999.000000,OU
2025-11-15T01:28:23,1763170103.776622,816441671.298622,5249.309551,63116,24808,csn,4.586855e+02,1.899850e-01,-1.334540e+02,-3.088299e+01,1.524400e+02,28,CO,-999.000000,-999.000000,-999.000000,OU
2025-11-15T01:28:25,1763170105.776618,816441673.298618,5251.309551,63116,24808,csn,4.601590e+02,1.926072e-01,-1.334224e+02,-3.099045e+01,1.523295e+02,28,CO,-999.000000,-999.000000,-999.000000,OU
2025-11-15T01:28:27,1763170107.776613,816441675.298613,5253.309551,63116,24808,csn,4.616357e+02,1.952646e-01,-1.333907e+02,-3.109780e+01,1.522191e+02,28,CO,-999.000000,-999.000000,-999.000000,OU
2025-11-15T01:28:29,1763170109.776610,816441677.298610,5255.309551,63116,24808,csn,4.631157e+02,1.979826e-01,-1.333589e+02,-3.120506e+01,1.521087e+02,28,CO,-999.000000,-999.000000,-999.000000,OU
2025-11-15T01:28:31,1763170111.776605,816441679.298605,5257.309551,63116,24808,csn,4.645990e+02,2.005981e-01,-1.333270e+02,-3.131222e+01,1.519984e+02,28,CO,-999.000000,-999.000000,-999.000000,OU
2025-11-15T01:28:33,1763170113.776601,816441681.298601,5259.309551,63116,24808,csn,4.660855e+02,2.032523e-01,-1.332951e+02,-3.141928e+01,1.518882e+02,28,CO,-999.000000,-999.000000,-999.000000,OU
2025-11-15T01:28:35,1763170115.776596,816441683.298596,5261.309551,63116,24808,csn,4.675753e+02,2.059716e-01,-1.332632e+02,-3.152625e+01,1.517780e+02,28,CO,-999.000000,-999.000000,-999.000000,OU
2025-11-15T01:28:37,1763170117.776592,816441685.298592,5263.309551,63116,24808,csn,4.690683e+02,2.086380e-01,-1.332311e+02,-3.163312e+01,1.516679e+02,28,CO,-999.000000,-999.000000,-999.000000,OU
2025-11-15T01:28:39,1763170119.776588,816441687.298588,5265.309551,63116,24808,csn,4.705645e+02,2.112702e-01,-1.331991e+02,-3.173989e+01,1.515580e+02,28,CO,-999.000000,-999.000000,-999.000000,OU
2025-11-15T01:28:41,1763170121.776584,816441689.298584,5267.309551,63116,24808,csn,4.720640e+02,2.139663e-01,-1.331669e+02,-3.184656e+01,1.514480e+02,28,CO,-999.000000,-999.000000,-999.000000,OU
2025-11-15T01:28:43,1763170123.776580,816441691.298580,5269.309551,63116,24808,csn,4.735666e+02,2.166204e-01,-1.331347e+02,-3.195313e+01,1.513382e+02,28,CO,-999.000000,-999.000000,-999.000000,OU
2025-11-15T01:28:45,1763170125.776575,816441693.298575,5271.309551,63116,24808,csn,4.750725e+02,2.192503e-01,-1.331025e+02,-3.205960e+01,1.512285e+02,28,CO,-999.000000,-999.000000,-999.000000,OU
2025-11-15T01:28:47,1763170127.776572,816441695.298571,5273.309551,63116,24808,csn,4.765816e+02,2.219495e-01,-1.330701e+02,-3.216598e+01,1.511188e+02,28,CO,-999.000000,-999.000000,-999.000000,OU
2025-11-15T01:28:49,1763170129.776568,816441697.298568,5275.309551,63116,24808,csn,4.780938e+02,2.246463e-01,-1.330377e+02,-3.227226e+01,1.510092e+02,28,CO,-999.000000,-999.000000,-999.000000,OU
2025-11-15T01:28:51,1763170131.776563,816441699.298563,5277.309551,63116,24808,csn,4.796092e+02,2.272575e-01,-1.330053e+02,-3.237843e+01,1.508998e+02,28,CO,-999.000000,-999.000000,-999.000000,OU
2025-11-15T01:28:53,1763170133.776559,816441701.298559,5279.309551,63116,24808,csn,4.811278e+02,2.301112e-01,-1.329728e+02,-3.248451e+01,1.507901e+02,28,CO,-999.000000,-999.000000,-999.000000,OU
2025-11-15T01:28:55,1763170135.776555,816441703.298555,5281.309551,63116,24808,csn,4.826496e+02,2.329104e-01,-1.329402e+02,-3.259049e+01,1.506805e+02,28,CO,-999.000000,-999.000000,-999.000000,OU
2025-11-15T01:28:57,1763170137.776551,816441705.298551,5283.309551,63116,24808,csn,4.841745e+02,2.355412e-01,-1.329075e+02,-3.269637e+01,1.505713e+02,28,CO,-999.000000,-999.000000,-999.000000,OU
2025-11-15T01:28:59,1763170139.776547,816441707.298547,5285.309551,63116,24808,csn,4.857025e+02,2.382046e-01,-1.328748e+02,-3.280215e+01,1.504621e+02,28,CO,-999.000000,-999.000000,-999.000000,OU
2025-11-15T01:29:01,1763170141.776543,816441709.298543,5287.309551,63116,24808,csn,4.872337e+02,2.409246e-01,-1.328421e+02,-3.290784e+01,1.503530e+02,28,CO,-999.000000,-999.000000,-999.000000,OU
2025-11-15T01:29:03,1763170143.776538,816441711.298538,5289.309551,63116,24808,csn,4.887681e+02,2.435369e-01,-1.328092e+02,-3.301342e+01,1.502440e+02,28,CO,-999.000000,-999.000000,-999.000000,OU
2025-11-15T01:29:05,1763170145.776534,816441713.298534,5291.309551,63116,24808,csn,4.903055e+02,2.464316e-01,-1.327763e+02,-3.311890e+01,1.501347e+02,28,CO,-999.000000,-999.000000,-999.000000,OU
2025-11-15T01:29:07,1763170147.776530,816441715.298530,5293.309551,63116,24808,csn,4.918460e+02,2.491734e-01,-1.327434e+02,-3.322428e+01,1.500258e+02,28,CO,-999.000000,-999.000000,-999.000000,OU
2025-11-15T01:29:09,1763170149.776526,816441717.298526,5295.309551,63116,24808,csn,4.933897e+02,2.517943e-01,-1.327103e+02,-3.332956e+01,1.499171e+02,28,CO,-999.000000,-999.000000,-999.000000,OU
2025-11-15T01:29:11,1763170151.776522,816441719.298522,5297.309551,63116,24808,csn,4.949364e+02,2.547495e-01,-1.326772e+02,-3.343475e+01,1.498080e+02,28,CO,-999.000000,-999.000000,-999.000000,OU
2025-11-15T01:29:13,1763170153.776517,816441721.298517,5299.309551,63116,24808,csn,4.964862e+02,2.574596e-01,-1.326441e+02,-3.353983e+01,1.496993e+02,28,CO,-999.000000,-999.000000,-999.000000,OU
2025-11-15T01:29:15,1763170155.776513,816441723.298513,5301.309551,63116,24808,csn,4.980391e+02,2.601062e-01,-1.326108e+02,-3.364481e+01,1.495908e+02,28,CO,-999.000000,-999.000000,-999.000000,OU
2025-11-15T01:29:17,1763170157.776510,816441725.298510,5303.309551,63116,24808,csn,4.995950e+02,2.630203e-01,-1.325775e+02,-3.374969e+01,1.494820e+02,28,CO,-999.000000,-999.000000,-999.000000,OU
2025-11-15T01:29:19,1763170159.776505,816441727.298505,5305.309551,63116,24808,csn,5.011541e+02,2.657104e-01,-1.325442e+02,-3.385447e+01,1.493736e+02,28,CO,-999.000000,-999.000000,-999.000000,OU
2025-11-15T01:29:21,1763170161.776501,816441729.298501,5307.309551,63116,24808,csn,5.027161e+02,2.683665e-01,-1.325107e+02,-3.395915e+01,1.492654e+02,28,CO,-999.000000,-999.000000,-999.000000,OU
2025-11-15T01:29:23,1763170163.776497,816441731.298497,5309.309551,63116,24808,csn,5.042812e+02,2.713372e-01,-1.324772e+02,-3.406373e+01,1.491567e+02,28,CO,-999.000000,-999.000000,-999.000000,OU
2025-11-15T01:29:25,1763170165.776492,816441733.298492,5311.309551,63116,24808,csn,5.058493e+02,2.739956e-01,-1.324436e+02,-3.416821e+01,1.490487e+02,28,CO,-999.000000,-999.000000,-999.000000,OU
2025-11-15T01:29:27,1763170167.776488,816441735.298488,5313.309551,63116,24808,csn,5.074205e+02,2.766820e-01,-1.324100e+02,-3.427259e+01,1.489407e+02,28,CO,-999.000000,-999.000000,-999.000000,OU
2025-11-15T01:29:29,1763170169.776484,816441737.298484,5315.309551,63116,24808,csn,5.089947e+02,2.795771e-01,-1.323763e+02,-3.437686e+01,1.488324e+02,28,CO,-999.000000,-999.000000,-999.000000,OU
2025-11-15T01:29:31,1763170171.776480,816441739.298480,5317.309551,63116,24808,csn,5.105718e+02,2.824221e-01,-1.323425e+02,-3.448104e+01,1.487243e+02,28,CO,-999.000000,-999.000000,-999.000000,OU
2025-11-15T01:29:33,1763170173.776476,816441741.298476,5319.309551,63116,24808,csn,5.121520e+02,2.852252e-01,-1.323087e+02,-3.458511e+01,1.486163e+02,28,CO,-999.000000,-999.000000,-999.000000,OU
2025-11-15T01:29:35,1763170175.776472,816441743.298472,5321.309551,63116,24808,csn,5.137352e+02,2.879692e-01,-1.322747e+02,-3.468908e+01,1.485086e+02,28,CO,-999.000000,-999.000000,-999.000000,OU
2025-11-15T01:29:37,1763170177.776467,816441745.298468,5323.309551,63116,24808,csn,5.153213e+02,2.908075e-01,-1.322408e+02,-3.479296e+01,1.484007e+02,28,CO,-999.000000,-999.000000,-999.000000,OU
2025-11-15T01:29:39,1763170179.776464,816441747.298464,5325.309551,63116,24808,csn,5.169104e+02,2.935529e-01,-1.322067e+02,-3.489672e+01,1.482931e+02,28,CO,-999.000000,-999.000000,-999.000000,OU
2025-11-15T01:29:41,1763170181.776459,816441749.298460,5327.309551,63116,24808,csn,5.185025e+02,2.964073e-01,-1.321726e+02,-3.500039e+01,1.481854e+02,28,CO,-999.000000,-999.000000,-999.000000,OU
2025-11-15T01:29:43,1763170183.776455,816441751.298455,5329.309551,63116,24808,csn,5.200975e+02,2.993224e-01,-1.321383e+02,-3.510396e+01,1.480777e+02,28,CO,-999.000000,-999.000000,-999.000000,OU
2025-11-15T01:29:45,1763170185.776451,816441753.298451,5331.309551,63116,24808,csn,5.216955e+02,3.020381e-01,-1.321041e+02,-3.520742e+01,1.479705e+02,28,CO,-999.000000,-999.000000,-999.000000,OU
2025-11-15T01:29:47,1763170187.776447,816441755.298447,5333.309551,63116,24808,csn,5.232964e+02,3.049115e-01,-1.320697e+02,-3.531078e+01,1.478630e+02,28,CO,-999.000000,-999.000000,-999.000000,OU
2025-11-15T01:29:49,1763170189.776443,816441757.298443,5335.309551,63116,24808,csn,5.249002e+02,3.076412e-01,-1.320353e+02,-3.541404e+01,1.477559e+02,28,CO,-999.000000,-999.000000,-999.000000,OU
2025-11-15T01:29:51,1763170191.776439,816441759.298439,5337.309551,63116,24808,csn,5.265070e+02,3.106160e-01,-1.320008e+02,-3.551720e+01,1.476484e+02,28,CO,-999.000000,-999.000000,-999.000000,OU
2025-11-15T01:29:53,1763170193.776434,816441761.298434,5339.309551,63116,24808,csn,5.281166e+02,3.134601e-01,-1.319662e+02,-3.562025e+01,1.475413e+02,28,CO,-999.000000,-999.000000,-999.000000,OU
2025-11-15T01:29:55,1763170195.776430,816441763.298429,5341.309551,63116,24808,csn,5.297292e+02,3.161494e-01,-1.319316e+02,-3.572321e+01,1.474345e+02,28,CO,-999.000000,-999.000000,-999.000000,OU
2025-11-15T01:06:22,1763168782.777373,816440350.301373,3928.309551,63116,24808,csn,4.556398e+02,2.243913e+01,-1.543605e+02,4.753348e+01,1.250259e+02,16,O,-999.000000,-999.000000,-999.000000,IV
2025-11-15T01:06:24,1763168784.777367,816440352.301367,3930.309551,63116,24808,csn,4.541850e+02,2.244304e+01,-1.543047e+02,4.742949e+01,1.251360e+02,16,O,-999.000000,-999.000000,-999.000000,IV
2025-11-15T01:06:26,1763168786.777363,816440354.301363,3932.309551,63116,24808,csn,4.527335e+02,2.244742e+01,-1.542492e+02,4.732538e+01,1.252487e+02,16,O,-999.000000,-999.000000,-999.000000,IV
2025-11-15T01:06:28,1763168788.777359,816440356.301359,3934.309551,63116,24808,csn,4.512852e+02,2.245183e+01,-1.541938e+02,4.722116e+01,1.253616e+02,16,O,-999.000000,-999.000000,-999.000000,IV
2025-11-15T01:06:30,1763168790.777355,816440358.301355,3936.309551,63116,24808,csn,4.498403e+02,2.245597e+01,-1.541386e+02,4.711682e+01,1.254734e+02,16,O,-999.000000,-999.000000,-999.000000,IV
2025-11-15T01:06:32,1763168792.777351,816440360.301351,3938.309551,63116,24808,csn,4.483986e+02,2.246022e+01,-1.540836e+02,4.701237e+01,1.255859e+02,16,O,-999.000000,-999.000000,-999.000000,IV
2025-11-15T01:06:34,1763168794.777347,816440362.301347,3940.309551,63116,24808,csn,4.469602e+02,2.246445e+01,-1.540288e+02,4.690779e+01,1.256984e+02,16,O,-999.000000,-999.000000,-999.000000,IV
2025-11-15T01:06:36,1763168796.777343,816440364.301343,3942.309551,63116,24808,csn,4.455252e+02,2.246858e+01,-1.539743e+02,4.680311e+01,1.258106e+02,16,O,-999.000000,-999.000000,-999.000000,IV
2025-11-15T01:06:38,1763168798.777339,816440366.301339,3944.309551,63116,24808,csn,4.440934e+02,2.247279e+01,-1.539199e+02,4.669831e+01,1.259233e+02,16,O,-999.000000,-999.000000,-999.000000,IV
2025-11-15T01:06:40,1763168800.777334,816440368.301334,3946.309551,63116,24808,csn,4.426650e+02,2.247673e+01,-1.538657e+02,4.659339e+01,1.260348e+02,16,O,-999.000000,-999.000000,-999.000000,IV
2025-11-15T01:06:42,1763168802.777330,816440370.301330,3948.309551,63116,24808,csn,4.412399e+02,2.248086e+01,-1.538117e+02,4.648836e+01,1.261474e+02,16,O,-999.000000,-999.000000,-999.000000,IV
2025-11-15T01:06:44,1763168804.777326,816440372.301326,3950.309551,63116,24808,csn,4.398181e+02,2.248507e+01,-1.537579e+02,4.638322e+01,1.262606e+02,16,O,-999.000000,-999.000000,-999.000000,IV
2025-11-15T01:06:46,1763168806.777322,816440374.301322,3952.309551,63116,24808,csn,4.383997e+02,2.248932e+01,-1.537043e+02,4.627796e+01,1.263741e+02,16,O,-999.000000,-999.000000,-999.000000,IV
2025-11-15T01:06:48,1763168808.777318,816440376.301318,3954.309551,63116,24808,csn,4.369846e+02,2.249336e+01,-1.536508e+02,4.617258e+01,1.264867e+02,16,O,-999.000000,-999.000000,-999.000000,IV
2025-11-15T01:06:50,1763168810.777314,816440378.301314,3956.309551,63116,24808,csn,4.355729e+02,2.249730e+01,-1.535976e+02,4.606710e+01,1.265989e+02,16,O,-999.000000,-999.000000,-999.000000,IV
2025-11-15T01:06:52,1763168812.777309,816440380.301309,3958.309551,63116,24808,csn,4.341646e+02,2.250158e+01,-1.535446e+02,4.596150e+01,1.267130e+02,16,O,-999.000000,-999.000000,-999.000000,IV
2025-11-15T01:06:54,1763168814.777305,816440382.301305,3960.309551,63116,24808,csn,4.327597e+02,2.250560e+01,-1.534917e+02,4.585578e+01,1.268260e+02,16,O,-999.000000,-999.000000,-999.000000,IV
2025-11-15T01:06:56,1763168816.777301,816440384.301301,3962.309551,63116,24808,csn,4.313581e+02,2.250965e+01,-1.534390e+02,4.574996e+01,1.269392e+02,16,O,-999.000000,-999.000000,-999.000000,IV
2025-11-15T01:06:58,1763168818.777297,816440386.301297,3964.309551,63116,24808,csn,4.299600e+02,2.251360e+01,-1.533865e+02,4.564402e+01,1.270521e+02,16,O,-999.000000,-999.000000,-999.000000,IV
2025-11-15T01:07:00,1763168820.777293,816440388.301293,3966.309551,63116,24808,csn,4.285653e+02,2.251760e+01,-1.533342e+02,4.553797e+01,1.271654e+02,16,O,-999.000000,-999.000000,-999.000000,IV
2025-11-15T01:07:02,1763168822.777288,816440390.301288,3968.309551,63116,24808,csn,4.271739e+02,2.252158e+01,-1.532821e+02,4.543181e+01,1.272787e+02,16,O,-999.000000,-999.000000,-999.000000,IV
2025-11-15T01:07:04,1763168824.777285,816440392.301285,3970.309551,63116,24808,csn,4.257860e+02,2.252578e+01,-1.532302e+02,4.532553e+01,1.273933e+02,16,O,-999.000000,-999.000000,-999.000000,IV
2025-11-15T01:07:06,1763168826.777281,816440394.301281,3972.309551,63116,24808,csn,4.244015e+02,2.252954e+01,-1.531784e+02,4.521915e+01,1.275058e+02,16,O,-999.000000,-999.000000,-999.000000,IV
2025-11-15T01:07:08,1763168828.777276,816440396.301276,3974.309551,63116,24808,csn,4.230205e+02,2.253363e+01,-1.531268e+02,4.511265e+01,1.276201e+02,16,O,-999.000000,-999.000000,-999.000000,IV
2025-11-15T01:07:10,1763168830.777272,816440398.301272,3976.309551,63116,24808,csn,4.216429e+02,2.253762e+01,-1.530754e+02,4.500604e+01,1.277341e+02,16,O,-999.000000,-999.000000,-999.000000,IV
2025-11-15T01:07:12,1763168832.777268,816440400.301268,3978.309551,63116,24808,csn,4.202688e+02,2.254154e+01,-1.530242e+02,4.489933e+01,1.278478e+02,16,O,-999.000000,-999.000000,-999.000000,IV
2025-11-15T01:07:14,1763168834.777263,816440402.301264,3980.309551,63116,24808,csn,4.188982e+02,2.254562e+01,-1.529732e+02,4.479250e+01,1.279625e+02,16,O,-999.000000,-999.000000,-999.000000,IV
2025-11-15T01:07:16,1763168836.777259,816440404.301259,3982.309551,63116,24808,csn,4.175310e+02,2.254944e+01,-1.529223e+02,4.468556e+01,1.280760e+02,16,O,-999.000000,-999.000000,-999.000000,IV
2025-11-15T01:07:18,1763168838.777255,816440406.301255,3984.309551,63116,24808,csn,4.161673e+02,2.255328e+01,-1.528716e+02,4.457851e+01,1.281897e+02,16,O,-999.000000,-999.000000,-999.000000,IV
2025-11-15T01:07:20,1763168840.777251,816440408.301251,3986.309551,63116,24808,csn,4.148071e+02,2.255736e+01,-1.528211e+02,4.447135e+01,1.283049e+02,16,O,-999.000000,-999.000000,-999.000000,IV
2025-11-15T01:07:22,1763168842.777247,816440410.301247,3988.309551,63116,24808,csn,4.134504e+02,2.256118e+01,-1.527707e+02,4.436408e+01,1.284188e+02,16,O,-999.000000,-999.000000,-999.000000,IV
2025-11-15T01:07:24,1763168844.777243,816440412.301243,3990.309551,63116,24808,csn,4.120972e+02,2.256496e+01,-1.527205e+02,4.425671e+01,1.285327e+02,16,O,-999.000000,-999.000000,-999.000000,IV
2025-11-15T01:07:26,1763168846.777239,816440414.301239,3992.309551,63116,24808,csn,4.107475e+02,2.256905e+01,-1.526705e+02,4.414922e+01,1.286483e+02,16,O,-999.000000,-999.000000,-999.000000,IV
2025-11-15T01:07:28,1763168848.777235,816440416.301235,3994.309551,63116,24808,csn,4.094013e+02,2.257283e+01,-1.526207e+02,4.404163e+01,1.287624e+02,16,O,-999.000000,-999.000000,-999.000000,IV
2025-11-15T01:07:30,1763168850.777231,816440418.301230,3996.309551,63116,24808,csn,4.080587e+02,2.257668e+01,-1.525710e+02,4.393392e+01,1.288771e+02,16,O,-999.000000,-999.000000,-999.000000,IV
2025-11-15T01:07:32,1763168852.777226,816440420.301226,3998.309551,63116,24808,csn,4.067196e+02,2.258049e+01,-1.525215e+02,4.382611e+01,1.289916e+02,16,O,-999.000000,-999.000000,-999.000000,IV
2025-11-15T01:07:34,1763168854.777222,816440422.301222,4000.309551,63116,24808,csn,4.053841e+02,2.258429e+01,-1.524722e+02,4.371819e+01,1.291063e+02,16,O,-999.000000,-999.000000,-999.000000,IV
2025-11-15T01:07:36,1763168856.777218,816440424.301218,4002.309551,63116,24808,csn,4.040521e+02,2.258807e+01,-1.524230e+02,4.361017e+01,1.292210e+02,16,O,-999.000000,-999.000000,-999.000000,IV
2025-11-15T01:07:38,1763168858.777214,816440426.301214,4004.309551,63116,24808,csn,4.027237e+02,2.259189e+01,-1.523740e+02,4.350204e+01,1.293361e+02,16,O,-999.000000,-999.000000,-999.000000,IV
2025-11-15T01:07:40,1763168860.777210,816440428.301210,4006.309551,63116,24808,csn,4.013988e+02,2.259568e+01,-1.523251e+02,4.339379e+01,1.294511e+02,16,O,-999.000000,-999.000000,-999.000000,IV
2025-11-15T01:07:42,1763168862.777205,816440430.301205,4008.309551,63116,24808,csn,4.000776e+02,2.259953e+01,-1.522764e+02,4.328545e+01,1.295665e+02,16,O,-999.000000,-999.000000,-999.000000,IV
2025-11-15T01:07:44,1763168864.777201,816440432.301201,4010.309551,63116,24808,csn,3.987599e+02,2.260335e+01,-1.522279e+02,4.317699e+01,1.296820e+02,16,O,-999.000000,-999.000000,-999.000000,IV
2025-11-15T01:07:46,1763168866.777197,816440434.301197,4012.309551,63116,24808,csn,3.974458e+02,2.260713e+01,-1.521795e+02,4.306843e+01,1.297974e+02,16,O,-999.000000,-999.000000,-999.000000,IV
2025-11-15T01:07:48,1763168868.777193,816440436.301193,4014.309551,63116,24808,csn,3.961354e+02,2.261095e+01,-1.521313e+02,4.295977e+01,1.299131e+02,16,O,-999.000000,-999.000000,-999.000000,IV
2025-11-15T01:07:50,1763168870.777188,816440438.301188,4016.309551,63116,24808,csn,3.948286e+02,2.261450e+01,-1.520833e+02,4.285100e+01,1.300276e+02,16,O,-999.000000,-999.000000,-999.000000,IV
2025-11-15T01:07:52,1763168872.777184,816440440.301184,4018.309551,63116,24808,csn,3.935253e+02,2.261826e+01,-1.520354e+02,4.274212e+01,1.301433e+02,16,O,-999.000000,-999.000000,-999.000000,IV
2025-11-15T01:07:54,1763168874.777180,816440442.301180,4020.309551,63116,24808,csn,3.922258e+02,2.262213e+01,-1.519877e+02,4.263314e+01,1.302596e+02,16,O,-999.000000,-999.000000,-999.000000,IV
2025-11-15T01:07:56,1763168876.777176,816440444.301176,4022.309551,63116,24808,csn,3.909298e+02,2.262565e+01,-1.519401e+02,4.252405e+01,1.303743e+02,16,O,-999.000000,-999.000000,-999.000000,IV
2025-11-15T01:07:58,1763168878.777172,816440446.301172,4024.309551,63116,24808,csn,3.896375e+02,2.262943e+01,-1.518927e+02,4.241486e+01,1.304905e+02,16,O,-999.000000,-999.000000,-999.000000,IV
2025-11-15T01:08:00,1763168880.777168,816440448.301168,4026.309551,63116,24808,csn,3.883489e+02,2.263324e+01,-1.518454e+02,4.230556e+01,1.306070e+02,16,O,-999.000000,-999.000000,-999.000000,IV
2025-11-15T01:08:02,1763168882.777164,816440450.301164,4028.309551,63116,24808,csn,3.870640e+02,2.263673e+01,-1.517983e+02,4.219616e+01,1.307220e+02,16,O,-999.000000,-999.000000,-999.000000,IV
2025-11-15T01:08:04,1763168884.777160,816440452.301160,4030.309551,63116,24808,csn,3.857827e+02,2.264058e+01,-1.517514e+02,4.208666e+01,1.308389e+02,16,O,-999.000000,-999.000000,-999.000000,IV
2025-11-15T01:08:06,1763168886.777156,816440454.301156,4032.309551,63116,24808,csn,3.845050e+02,2.264412e+01,-1.517046e+02,4.197705e+01,1.309544e+02,16,O,-999.000000,-999.000000,-999.000000,IV
2025-11-15T01:08:08,1763168888.777151,816440456.301151,4034.309551,63116,24808,csn,3.832311e+02,2.264788e+01,-1.516579e+02,4.186734e+01,1.310711e+02,16,O,-999.000000,-999.000000,-999.000000,IV
2025-11-15T01:08:10,1763168890.777147,816440458.301147,4036.309551,63116,24808,csn,3.819609e+02,2.265145e+01,-1.516114e+02,4.175753e+01,1.311870e+02,16,O,-999.000000,-999.000000,-999.000000,IV
2025-11-15T01:08:12,1763168892.777143,816440460.301142,4038.309551,63116,24808,csn,3.806944e+02,2.265495e+01,-1.515650e+02,4.164761e+01,1.313027e+02,16,O,-999.000000,-999.000000,-999.000000,IV
2025-11-15T01:08:14,1763168894.777139,816440462.301139,4040.309551,63116,24808,csn,3.794316e+02,2.265870e+01,-1.515188e+02,4.153759e+01,1.314198e+02,16,O,-999.000000,-999.000000,-999.000000,IV
2025-11-15T01:08:16,1763168896.777134,816440464.301135,4042.309551,63116,24808,csn,3.781725e+02,2.266233e+01,-1.514728e+02,4.142747e+01,1.315363e+02,16,O,-999.000000,-999.000000,-999.000000,IV
2025-11-15T01:08:18,1763168898.777130,816440466.301130,4044.309551,63116,24808,csn,3.769172e+02,2.266584e+01,-1.514269e+02,4.131725e+01,1.316524e+02,16,O,-999.000000,-999.000000,-999.000000,IV
2025-11-15T01:08:20,1763168900.777126,816440468.301126,4046.309551,63116,24808,csn,3.756656e+02,2.266957e+01,-1.513811e+02,4.120692e+01,1.317698e+02,16,O,-999.000000,-999.000000,-999.000000,IV
2025-11-15T01:08:22,1763168902.777122,816440470.301122,4048.309551,63116,24808,csn,3.744178e+02,2.267318e+01,-1.513355e+02,4.109649e+01,1.318867e+02,16,O,-999.000000,-999.000000,-999.000000,IV
2025-11-15T01:08:24,1763168904.777118,816440472.301118,4050.309551,63116,24808,csn,3.731737e+02,2.267664e+01,-1.512900e+02,4.098597e+01,1.320029e+02,16,O,-999.000000,-999.000000,-999.000000,IV
2025-11-15T01:08:26,1763168906.777114,816440474.301114,4052.309551,63116,24808,csn,3.719334e+02,2.268024e+01,-1.512447e+02,4.087534e+01,1.321199e+02,16,O,-999.000000,-999.000000,-999.000000,IV
2025-11-15T01:08:28,1763168908.777110,816440476.301110,4054.309551,63116,24808,csn,3.706968e+02,2.268381e+01,-1.511995e+02,4.076461e+01,1.322369e+02,16,O,-999.000000,-999.000000,-999.000000,IV
2025-11-15T01:08:30,1763168910.777106,816440478.301105,4056.309551,63116,24808,csn,3.694640e+02,2.268723e+01,-1.511544e+02,4.065378e+01,1.323533e+02,16,O,-999.000000,-999.000000,-999.000000,IV
2025-11-15T01:08:32,1763168912.777102,816440480.301102,4058.309551,63116,24808,csn,3.682351e+02,2.269086e+01,-1.511095e+02,4.054285e+01,1.324710e+02,16,O,-999.000000,-999.000000,-999.000000,IV
2025-11-15T01:08:34,1763168914.777097,816440482.301097,4060.309551,63116,24808,csn,3.670099e+02,2.269433e+01,-1.510647e+02,4.043182e+01,1.325879e+02,16,O,-999.000000,-999.000000,-999.000000,IV
2025-11-15T01:08:36,1763168916.777093,816440484.301093,4062.309551,63116,24808,csn,3.657885e+02,2.269787e+01,-1.510201e+02,4.032069e+01,1.327053e+02,16,O,-999.000000,-999.000000,-999.000000,IV
2025-11-15T01:08:38,1763168918.777089,816440486.301089,4064.309551,63116,24808,csn,3.645709e+02,2.270151e+01,-1.509756e+02,4.020946e+01,1.328232e+02,16,O,-999.000000,-999.000000,-999.000000,IV
2025-11-15T01:08:40,1763168920.777085,816440488.301084,4066.309551,63116,24808,csn,3.633572e+02,2.270493e+01,-1.509312e+02,4.009813e+01,1.329403e+02,16,O,-999.000000,-999.000000,-999.000000,IV
2025-11-15T01:08:42,1763168922.777080,816440490.301080,4068.309551,63116,24808,csn,3.621473e+02,2.270837e+01,-1.508870e+02,3.998671e+01,1.330575e+02,16,O,-999.000000,-999.000000,-999.000000,IV
2025-11-15T01:08:44,1763168924.777076,816440492.301076,4070.309551,63116,24808,csn,3.609412e+02,2.271177e+01,-1.508429e+02,3.987518e+01,1.331747e+02,16,O,-999.000000,-999.000000,-999.000000,IV
2025-11-15T01:08:46,1763168926.777072,816440494.301072,4072.309551,63116,24808,csn,3.597390e+02,2.271549e+01,-1.507990e+02,3.976356e+01,1.332936e+02,16,O,-999.000000,-999.000000,-999.000000,IV
2025-11-15T01:08:48,1763168928.777068,816440496.301068,4074.309551,63116,24808,csn,3.585406e+02,2.271889e+01,-1.507552e+02,3.965184e+01,1.334110e+02,16,O,-999.000000,-999.000000,-999.000000,IV
2025-11-15T01:08:50,1763168930.777064,816440498.301064,4076.309551,63116,24808,csn,3.573461e+02,2.272233e+01,-1.507115e+02,3.954002e+01,1.335287e+02,16,O,-999.000000,-999.000000,-999.000000,IV
2025-11-15T01:08:52,1763168932.777060,816440500.301060,4078.309551,63116,24808,csn,3.561555e+02,2.272577e+01,-1.506679e+02,3.942810e+01,1.336465e+02,16,O,-999.000000,-999.000000,-999.000000,IV
2025-11-15T01:08:54,1763168934.777056,816440502.301056,4080.309551,63116,24808,csn,3.549687e+02,2.272921e+01,-1.506245e+02,3.931609e+01,1.337645e+02,16,O,-999.000000,-999.000000,-999.000000,IV
2025-11-15T01:08:56,1763168936.777052,816440504.301052,4082.309551,63116,24808,csn,3.537858e+02,2.273264e+01,-1.505812e+02,3.920398e+01,1.338825e+02,16,O,-999.000000,-999.000000,-999.000000,IV
2025-11-15T01:08:58,1763168938.777047,816440506.301047,4084.309551,63116,24808,csn,3.526069e+02,2.273602e+01,-1.505381e+02,3.909177e+01,1.340004e+02,16,O,-999.000000,-999.000000,-999.000000,IV
2025-11-15T01:09:00,1763168940.777043,816440508.301043,4086.309551,63116,24808,csn,3.514318e+02,2.273947e+01,-1.504951e+02,3.897947e+01,1.341188e+02,16,O,-999.000000,-999.000000,-999.000000,IV
2025-11-15T01:09:02,1763168942.777038,816440510.301039,4088.309551,63116,24808,csn,3.502606e+02,2.274289e+01,-1.504522e+02,3.886707e+01,1.342371e+02,16,O,-999.000000,-999.000000,-999.000000,IV
2025-11-15T01:09:04,1763168944.777034,816440512.301034,4090.309551,63116,24808,csn,3.490934e+02,2.274616e+01,-1.504094e+02,3.875458e+01,1.343547e+02,16,O,-999.000000,-999.000000,-999.000000,IV
2025-11-15T01:09:06,1763168946.777030,816440514.301030,4092.309551,63116,24808,csn,3.479301e+02,2.274948e+01,-1.503668e+02,3.864199e+01,1.344728e+02,16,O,-999.000000,-999.000000,-999.000000,IV
2025-11-15T01:09:08,1763168948.777026,816440516.301026,4094.309551,63116,24808,csn,3.467707e+02,2.275290e+01,-1.503243e+02,3.852930e+01,1.345915e+02,16,O,-999.000000,-999.000000,-999.000000,IV
2025-11-15T01:09:10,1763168950.777022,816440518.301022,4096.309551,63116,24808,csn,3.456152e+02,2.275630e+01,-1.502819e+02,3.841652e+01,1.347102e+02,16,O,-999.000000,-999.000000,-999.000000,IV
2025-11-15T01:09:12,1763168952.777018,816440520.301018,4098.309551,63116,24808,csn,3.444637e+02,2.275974e+01,-1.502396e+02,3.830365e+01,1.348292e+02,16,O,-999.000000,-999.000000,-999.000000,IV
2025-11-15T01:09:14,1763168954.777014,816440522.301014,4100.309551,63116,24808,csn,3.433162e+02,2.276281e+01,-1.501975e+02,3.819068e+01,1.349464e+02,16,O,-999.000000,-999.000000,-999.000000,IV
2025-11-15T01:09:16,1763168956.777009,816440524.301009,4102.309551,63116,24808,csn,3.421726e+02,2.276673e+01,-1.501555e+02,3.807762e+01,1.350682e+02,16,O,-999.000000,-999.000000,-999.000000,IV
2025-11-15T01:09:18,1763168958.777006,816440526.301009,4104.309551,63116,24808,csn,3.410331e+02,2.276841e+01,-1.501136e+02,3.796447e+01,1.351783e+02,16,O,-999.000000,-999.000000,-999.000000,IV
2025-11-15T01:09:20,1763168960.777001,816440528.301002,4106.309551,63116,24808,csn,3.398975e+02,2.277261e+01,-1.500718e+02,3.785121e+01,1.353017e+02,16,O,-999.000000,-999.000000,-999.000000,IV
2025-11-15T01:09:22,1763168962.776997,816440530.300996,4108.309551,63116,24808,csn,3.387658e+02,2.277654e+01,-1.500302e+02,3.773787e+01,1.354240e+02,16,O,-999.000000,-999.000000,-999.000000,IV
2025-11-15T01:09:24,1763168964.776993,816440532.300993,4110.309551,63116,24808,csn,3.376382e+02,2.277966e+01,-1.499886e+02,3.762443e+01,1.355420e+02,16,O,-999.000000,-999.000000,-999.000000,IV
2025-11-15T01:09:26,1763168966.776989,816440534.300989,4112.309551,63116,24808,csn,3.365146e+02,2.278302e+01,-1.499472e+02,3.751090e+01,1.356614e+02,16,O,-999.000000,-999.000000,-999.000000,IV
2025-11-15T01:09:28,1763168968.776985,816440536.300985,4114.309551,63116,24808,csn,3.353950e+02,2.278626e+01,-1.499059e+02,3.739728e+01,1.357803e+02,16,O,-999.000000,-999.000000,-999.000000,IV
2025-11-15T01:09:30,1763168970.776981,816440538.300981,4116.309551,63116,24808,csn,3.342794e+02,2.278939e+01,-1.498648e+02,3.728357e+01,1.358987e+02,16,O,-999.000000,-999.000000,-999.000000,IV
2025-11-15T01:09:32,1763168972.776977,816440540.300977,4118.309551,63116,24808,csn,3.331678e+02,2.279289e+01,-1.498237e+02,3.716977e+01,1.360192e+02,16,O,-999.000000,-999.000000,-999.000000,IV
2025-11-15T01:09:34,1763168974.776973,816440542.300973,4120.309551,63116,24808,csn,3.320603e+02,2.279607e+01,-1.497828e+02,3.705587e+01,1.361381e+02,16,O,-999.000000,-999.000000,-999.000000,IV
2025-11-15T01:09:36,1763168976.776968,816440544.300968,4122.309551,63116,24808,csn,3.309569e+02,2.279936e+01,-1.497420e+02,3.694188e+01,1.362577e+02,16,O,-999.000000,-999.000000,-999.000000,IV
2025-11-15T01:09:38,1763168978.776963,816440546.300963,4124.309551,63116,24808,csn,3.298574e+02,2.280256e+01,-1.497013e+02,3.682780e+01,1.363769e+02,16,O,-999.000000,-999.000000,-999.000000,IV
2025-11-15T01:09:40,1763168980.776959,816440548.300959,4126.309551,63116,24808,csn,3.287621e+02,2.280574e+01,-1.496607e+02,3.671363e+01,1.364962e+02,16,O,-999.000000,-999.000000,-999.000000,IV
2025-11-15T01:09:42,1763168982.776955,816440550.300955,4128.309551,63116,24808,csn,3.276708e+02,2.280909e+01,-1.496203e+02,3.659938e+01,1.366164e+02,16,O,-999.000000,-999.000000,-999.000000,IV
2025-11-15T01:09:44,1763168984.776951,816440552.300951,4130.309551,63116,24808,csn,3.265836e+02,2.281232e+01,-1.495799e+02,3.648503e+01,1.367361e+02,16,O,-999.000000,-999.000000,-999.000000,IV
2025-11-15T01:09:46,1763168986.776947,816440554.300947,4132.309551,63116,24808,csn,3.255005e+02,2.281548e+01,-1.495397e+02,3.637059e+01,1.368555e+02,16,O,-999.000000,-999.000000,-999.000000,IV
2025-11-15T01:09:48,1763168988.776943,816440556.300943,4134.309551,63116,24808,csn,3.244214e+02,2.281876e+01,-1.494995e+02,3.625606e+01,1.369757e+02,16,O,-999.000000,-999.000000,-999.000000,IV
2025-11-15T01:09:50,1763168990.776939,816440558.300939,4136.309551,63116,24808,csn,3.233465e+02,2.282202e+01,-1.494595e+02,3.614144e+01,1.370960e+02,16,O,-999.000000,-999.000000,-999.000000,IV
2025-11-15T01:09:52,1763168992.776935,816440560.300935,4138.309551,63116,24808,csn,3.222756e+02,2.282515e+01,-1.494196e+02,3.602674e+01,1.372156e+02,16,O,-999.000000,-999.000000,-999.000000,IV
2025-11-15T01:09:54,1763168994.776931,816440562.300931,4140.309551,63116,24808,csn,3.212089e+02,2.282834e+01,-1.493798e+02,3.591194e+01,1.373356e+02,16,O,-999.000000,-999.000000,-999.000000,IV
2025-11-15T01:09:56,1763168996.776926,816440564.300926,4142.309551,63116,24808,csn,3.201463e+02,2.283152e+01,-1.493402e+02,3.579706e+01,1.374557e+02,16,O,-999.000000,-999.000000,-999.000000,IV
2025-11-15T01:09:58,1763168998.776922,816440566.300922,4144.309551,63116,24808,csn,3.190879e+02,2.283464e+01,-1.493006e+02,3.568209e+01,1.375756e+02,16,O,-999.000000,-999.000000,-999.000000,IV
2025-11-15T01:10:00,1763169000.776918,816440568.300918,4146.309551,63116,24808,csn,3.180335e+02,2.283791e+01,-1.492611e+02,3.556703e+01,1.376964e+02,16,O,-999.000000,-999.000000,-999.000000,IV
2025-11-15T01:10:02,1763169002.776914,816440570.300914,4148.309551,63116,24808,csn,3.169833e+02,2.284092e+01,-1.492218e+02,3.545188e+01,1.378159e+02,16,O,-999.000000,-999.000000,-999.000000,IV
2025-11-15T01:10:04,1763169004.776910,816440572.300910,4150.309551,63116,24808,csn,3.159373e+02,2.284428e+01,-1.491825e+02,3.533665e+01,1.379374e+02,16,O,-999.000000,-999.000000,-999.000000,IV
2025-11-15T01:10:06,1763169006.776905,816440574.300905,4152.309551,63116,24808,csn,3.148954e+02,2.284732e+01,-1.491434e+02,3.522133e+01,1.380573e+02,16,O,-999.000000,-999.000000,-999.000000,IV
2025-11-15T01:10:08,1763169008.776901,816440576.300902,4154.309551,63116,24808,csn,3.138577e+02,2.285037e+01,-1.491044e+02,3.510592e+01,1.381773e+02,16,O,-999.000000,-999.000000,-999.000000,IV
2025-11-15T01:10:10,1763169010.776897,816440578.300897,4156.309551,63116,24808,csn,3.128242e+02,2.285369e+01,-1.490655e+02,3.499043e+01,1.382989e+02,16,O,-999.000000,-999.000000,-999.000000,IV
2025-11-15T01:10:12,1763169012.776893,816440580.300893,4158.309551,63116,24808,csn,3.117948e+02,2.285669e+01,-1.490266e+02,3.487485e+01,1.384189e+02,16,O,-999.000000,-999.000000,-999.000000,IV
2025-11-15T01:10:14,1763169014.776889,816440582.300889,4160.309551,63116,24808,csn,3.107697e+02,2.285972e+01,-1.489879e+02,3.475919e+01,1.385391e+02,16,O,-999.000000,-999.000000,-999.000000,IV
2025-11-15T01:10:16,1763169016.776885,816440584.300885,4162.309551,63116,24808,csn,3.097487e+02,2.286298e+01,-1.489493e+02,3.464344e+01,1.386606e+02,16,O,-999.000000,-999.000000,-999.000000,IV
2025-11-15T01:10:18,1763169018.776881,816440586.300880,4164.309551,63116,24808,csn,3.087319e+02,2.286617e+01,-1.489108e+02,3.452760e+01,1.387819e+02,16,O,-999.000000,-999.000000,-999.000000,IV
2025-11-15T01:10:20,1763169020.776877,816440588.300877,4166.309551,63116,24808,csn,3.077194e+02,2.286920e+01,-1.488724e+02,3.441168e+01,1.389025e+02,16,O,-999.000000,-999.000000,-999.000000,IV
2025-11-15T01:10:22,1763169022.776873,816440590.300873,4168.309551,63116,24808,csn,3.067110e+02,2.287222e+01,-1.488341e+02,3.429568e+01,1.390230e+02,16,O,-999.000000,-999.000000,-999.000000,IV
2025-11-15T01:10:24,1763169024.776868,816440592.300868,4170.309551,63116,24808,csn,3.057069e+02,2.287528e+01,-1.487959e+02,3.417959e+01,1.391439e+02,16,O,-999.000000,-999.000000,-999.000000,IV
2025-11-15T01:10:26,1763169026.776865,816440594.300864,4172.309551,63116,24808,csn,3.047071e+02,2.287828e+01,-1.487578e+02,3.406342e+01,1.392646e+02,16,O,-999.000000,-999.000000,-999.000000,IV
2025-11-15T01:10:28,1763169028.776860,816440596.300859,4174.309551,63116,24808,csn,3.037114e+02,2.288161e+01,-1.487198e+02,3.394717e+01,1.393872e+02,16,O,-999.000000,-999.000000,-999.000000,IV
2025-11-15T01:10:30,1763169030.776855,816440598.300856,4176.309551,63116,24808,csn,3.027200e+02,2.288471e+01,-1.486819e+02,3.383083e+01,1.395086e+02,16,O,-999.000000,-999.000000,-999.000000,IV
2025-11-15T01:10:32,1763169032.776851,816440600.300851,4178.309551,63116,24808,csn,3.017329e+02,2.288777e+01,-1.486441e+02,3.371441e+01,1.396299e+02,16,O,-999.000000,-999.000000,-999.000000,IV
2025-11-15T01:10:34,1763169034.776847,816440602.300847,4180.309551,63116,24808,csn,3.007500e+02,2.289076e+01,-1.486065e+02,3.359791e+01,1.397509e+02,16,O,-999.000000,-999.000000,-999.000000,IV
2025-11-15T01:10:36,1763169036.776843,816440604.300843,4182.309551,63116,24808,csn,2.997715e+02,2.289384e+01,-1.485689e+02,3.348132e+01,1.398725e+02,16,O,-999.000000,-999.000000,-999.000000,IV
2025-11-15T01:10:38,1763169038.776839,816440606.300839,4184.309551,63116,24808,csn,2.987971e+02,2.289689e+01,-1.485314e+02,3.336465e+01,1.399940e+02,16,O,-999.000000,-999.000000,-999.000000,IV
2025-11-15T01:10:40,1763169040.776835,816440608.300835,4186.309551,63116,24808,csn,2.978271e+02,2.289992e+01,-1.484940e+02,3.324790e+01,1.401155e+02,16,O,-999.000000,-999.000000,-999.000000,IV
2025-11-15T01:10:42,1763169042.776831,816440610.300831,4188.309551,63116,24808,csn,2.968614e+02,2.290301e+01,-1.484566e+02,3.313107e+01,1.402375e+02,16,O,-999.000000,-999.000000,-999.000000,IV
2025-11-15T01:10:44,1763169044.776827,816440612.300827,4190.309551,63116,24808,csn,2.958999e+02,2.290584e+01,-1.484194e+02,3.301416e+01,1.403581e+02,16,O,-999.000000,-999.000000,-999.000000,IV
2025-11-15T01:10:46,1763169046.776823,816440614.300822,4192.309551,63116,24808,csn,2.949428e+02,2.290876e+01,-1.483823e+02,3.289717e+01,1.404793e+02,16,O,-999.000000,-999.000000,-999.000000,IV
2025-11-15T01:10:48,1763169048.776818,816440616.300818,4194.309551,63116,24808,csn,2.939899e+02,2.291183e+01,-1.483453e+02,3.278010e+01,1.406014e+02,16,O,-999.000000,-999.000000,-999.000000,IV
2025-11-15T01:10:50,1763169050.776814,816440618.300814,4196.309551,63116,24808,csn,2.930415e+02,2.291490e+01,-1.483084e+02,3.266295e+01,1.407236e+02,16,O,-999.000000,-999.000000,-999.000000,IV
2025-11-15T01:10:52,1763169052.776810,816440620.300810,4198.309551,63116,24808,csn,2.920973e+02,2.291793e+01,-1.482716e+02,3.254571e+01,1.408457e+02,16,O,-999.000000,-999.000000,-999.000000,IV
2025-11-15T01:10:54,1763169054.776806,816440622.300806,4200.309551,63116,24808,csn,2.911574e+02,2.292101e+01,-1.482348e+02,3.242840e+01,1.409681e+02,16,O,-999.000000,-999.000000,-999.000000,IV
2025-11-15T01:10:56,1763169056.776801,816440624.300801,4202.309551,63116,24808,csn,2.902219e+02,2.292379e+01,-1.481982e+02,3.231101e+01,1.410890e+02,16,O,-999.000000,-999.000000,-999.000000,IV
2025-11-15T01:10:58,1763169058.776797,816440626.300797,4204.309551,63116,24808,csn,2.892908e+02,2.292678e+01,-1.481616e+02,3.219354e+01,1.412112e+02,16,O,-999.000000,-999.000000,-999.000000,IV
2025-11-15T01:11:00,1763169060.776793,816440628.300793,4206.309551,63116,24808,csn,2.883640e+02,2.292982e+01,-1.481252e+02,3.207600e+01,1.413337e+02,16,O,-999.000000,-999.000000,-999.000000,IV
2025-11-15T01:11:02,1763169062.776789,816440630.300789,4208.309551,63116,24808,csn,2.874415e+02,2.293289e+01,-1.480888e+02,3.195837e+01,1.414565e+02,16,O,-999.000000,-999.000000,-999.000000,IV
2025-11-15T01:11:04,1763169064.776784,816440632.300784,4210.309551,63116,24808,csn,2.865235e+02,2.293563e+01,-1.480525e+02,3.184067e+01,1.415775e+02,16,O,-999.000000,-999.000000,-999.000000,IV
2025-11-15T01:11:06,1763169066.776780,816440634.300780,4212.309551,63116,24808,csn,2.856098e+02,2.293871e+01,-1.480163e+02,3.172288e+01,1.417005e+02,16,O,-999.000000,-999.000000,-999.000000,IV
2025-11-15T01:11:08,1763169068.776777,816440636.300776,4214.309551,63116,24808,csn,2.847005e+02,2.294177e+01,-1.479802e+02,3.160503e+01,1.418235e+02,16,O,-999.000000,-999.000000,-999.000000,IV
2025-11-15T01:11:10,1763169070.776772,816440638.300772,4216.309551,63116,24808,csn,2.837956e+02,2.294460e+01,-1.479442e+02,3.148709e+01,1.419453e+02,16,O,-999.000000,-999.000000,-999.000000,IV
2025-11-15T01:11:12,1763169072.776768,816440640.300768,4218.309551,63116,24808,csn,2.828950e+02,2.294753e+01,-1.479083e+02,3.136908e+01,1.420678e+02,16,O,-999.000000,-999.000000,-999.000000,IV
2025-11-15T01:11:14,1763169074.776764,816440642.300764,4220.309551,63116,24808,csn,2.819989e+02,2.295053e+01,-1.478725e+02,3.125099e+01,1.421906e+02,16,O,-999.000000,-999.000000,-999.000000,IV
2025-11-15T01:11:16,1763169076.776760,816440644.300760,4222.309551,63116,24808,csn,2.811072e+02,2.295336e+01,-1.478367e+02,3.113283e+01,1.423127e+02,16,O,-999.000000,-999.000000,-999.000000,IV
2025-11-15T01:11:18,1763169078.776756,816440646.300756,4224.309551,63116,24808,csn,2.802199e+02,2.295640e+01,-1.478011e+02,3.101459e+01,1.424361e+02,16,O,-999.000000,-999.000000,-999.000000,IV
2025-11-15T01:11:20,1763169080.776752,816440648.300752,4226.309551,63116,24808,csn,2.793371e+02,2.295920e+01,-1.477655e+02,3.089627e+01,1.425581e+02,16,O,-999.000000,-999.000000,-999.000000,IV
2025-11-15T01:11:22,1763169082.776747,816440650.300747,4228.309551,63116,24808,csn,2.784586e+02,2.296202e+01,-1.477300e+02,3.077789e+01,1.426804e+02,16,O,-999.000000,-999.000000,-999.000000,IV
2025-11-15T01:11:24,1763169084.776743,816440652.300743,4230.309551,63116,24808,csn,2.775846e+02,2.296502e+01,-1.476946e+02,3.065942e+01,1.428038e+02,16,O,-999.000000,-999.000000,-999.000000,IV
2025-11-15T01:11:26,1763169086.776739,816440654.300739,4232.309551,63116,24808,csn,2.767151e+02,2.296789e+01,-1.476593e+02,3.054088e+01,1.429265e+02,16,O,-999.000000,-999.000000,-999.000000,IV
2025-11-15T01:11:28,1763169088.776734,816440656.300734,4234.309551,63116,24808,csn,2.758500e+02,2.297087e+01,-1.476241e+02,3.042227e+01,1.430499e+02,16,O,-999.000000,-999.000000,-999.000000,IV
2025-11-15T01:11:30,1763169090.776731,816440658.300731,4236.309551,63116,24808,csn,2.749893e+02,2.297356e+01,-1.475889e+02,3.030359e+01,1.431718e+02,16,O,-999.000000,-999.000000,-999.000000,IV
2025-11-15T01:11:32,1763169092.776726,816440660.300726,4238.309551,63116,24808,csn,2.741331e+02,2.297668e+01,-1.475538e+02,3.018483e+01,1.432961e+02,16,O,-999.000000,-999.000000,-999.000000,IV
2025-11-15T01:11:34,1763169094.776722,816440662.300722,4240.309551,63116,24808,csn,2.732814e+02,2.297951e+01,-1.475189e+02,3.006599e+01,1.434189e+02,16,O,-999.000000,-999.000000,-999.000000,IV
2025-11-15T01:11:36,1763169096.776718,816440664.300718,4242.309551,63116,24808,csn,2.724342e+02,2.298232e+01,-1.474840e+02,2.994709e+01,1.435418e+02,16,O,-999.000000,-999.000000,-999.000000,IV
2025-11-15T01:11:38,1763169098.776714,816440666.300714,4244.309551,63116,24808,csn,2.715914e+02,2.298529e+01,-1.474492e+02,2.982811e+01,1.436656e+02,16,O,-999.000000,-999.000000,-999.000000,IV
2025-11-15T01:11:40,1763169100.776710,816440668.300710,4246.309551,63116,24808,csn,2.707532e+02,2.298806e+01,-1.474144e+02,2.970907e+01,1.437883e+02,16,O,-999.000000,-999.000000,-999.000000,IV
2025-11-15T01:11:42,1763169102.776706,816440670.300705,4248.309551,63116,24808,csn,2.699194e+02,2.299096e+01,-1.473798e+02,2.958994e+01,1.439119e+02,16,O,-999.000000,-999.000000,-999.000000,IV
2025-11-15T01:11:44,1763169104.776701,816440672.300701,4250.309551,63116,24808,csn,2.690901e+02,2.299378e+01,-1.473452e+02,2.947075e+01,1.440350e+02,16,O,-999.000000,-999.000000,-999.000000,IV
2025-11-15T01:11:46,1763169106.776697,816440674.300697,4252.309551,63116,24808,csn,2.682654e+02,2.299665e+01,-1.473107e+02,2.935149e+01,1.441586e+02,16,O,-999.000000,-999.000000,-999.000000,IV
2025-11-15T01:11:48,1763169108.776693,816440676.300693,4254.309551,63116,24808,csn,2.674451e+02,2.299934e+01,-1.472763e+02,2.923216e+01,1.442811e+02,16,O,-999.000000,-999.000000,-999.000000,IV
2025-11-15T01:11:50,1763169110.776689,816440678.300689,4256.309551,63116,24808,csn,2.666294e+02,2.300224e+01,-1.472420e+02,2.911276e+01,1.444050e+02,16,O,-999.000000,-999.000000,-999.000000,IV
2025-11-15T01:11:52,1763169112.776685,816440680.300685,4258.309551,63116,24808,csn,2.658182e+02,2.300493e+01,-1.472077e+02,2.899328e+01,1.445278e+02,16,O,-999.000000,-999.000000,-999.000000,IV
2025-11-15T01:11:54,1763169114.776681,816440682.300681,4260.309551,63116,24808,csn,2.650116e+02,2.300781e+01,-1.471735e+02,2.887374e+01,1.446517e+02,16,O,-999.000000,-999.000000,-999.000000,IV
2025-11-15T01:11:56,1763169116.776677,816440684.300677,4262.309551,63116,24808,csn,2.642095e+02,2.301070e+01,-1.471394e+02,2.875413e+01,1.447758e+02,16,O,-999.000000,-999.000000,-999.000000,IV
2025-11-15T01:11:58,1763169118.776672,816440686.300672,4264.309551,63116,24808,csn,2.634119e+02,2.301348e+01,-1.471054e+02,2.863445e+01,1.448993e+02,16,O,-999.000000,-999.000000,-999.000000,IV
2025-11-15T01:12:00,1763169120.776668,816440688.300668,4266.309551,63116,24808,csn,2.626189e+02,2.301643e+01,-1.470715e+02,2.851470e+01,1.450238e+02,16,O,-999.000000,-999.000000,-999.000000,IV
2025-11-15T01:12:02,1763169122.776664,816440690.300664,4268.309551,63116,24808,csn,2.618304e+02,2.301904e+01,-1.470376e+02,2.839488e+01,1.451465e+02,16,O,-999.000000,-999.000000,-999.000000,IV
2025-11-15T01:12:04,1763169124.776659,816440692.300660,4270.309551,63116,24808,csn,2.610466e+02,2.302180e+01,-1.470038e+02,2.827500e+01,1.452701e+02,16,O,-999.000000,-999.000000,-999.000000,IV
2025-11-15T01:12:06,1763169126.776656,816440694.300656,4272.309551,63116,24808,csn,2.602672e+02,2.302464e+01,-1.469701e+02,2.815504e+01,1.453943e+02,16,O,-999.000000,-999.000000,-999.000000,IV
2025-11-15T01:12:08,1763169128.776652,816440696.300652,4274.309551,63116,24808,csn,2.594925e+02,2.302756e+01,-1.469364e+02,2.803502e+01,1.455190e+02,16,O,-999.000000,-999.000000,-999.000000,IV
2025-11-15T01:12:10,1763169130.776647,816440698.300647,4276.309551,63116,24808,csn,2.587224e+02,2.303027e+01,-1.469029e+02,2.791494e+01,1.456425e+02,16,O,-999.000000,-999.000000,-999.000000,IV
2025-11-15T01:12:12,1763169132.776643,816440700.300643,4278.309551,63116,24808,csn,2.579568e+02,2.303291e+01,-1.468694e+02,2.779478e+01,1.457657e+02,16,O,-999.000000,-999.000000,-999.000000,IV
2025-11-15T01:12:14,1763169134.776639,816440702.300640,4280.309551,63116,24808,csn,2.571958e+02,2.303588e+01,-1.468360e+02,2.767457e+01,1.458909e+02,16,O,-999.000000,-999.000000,-999.000000,IV
2025-11-15T01:12:16,1763169136.776635,816440704.300635,4282.309551,63116,24808,csn,2.564395e+02,2.303855e+01,-1.468026e+02,2.755428e+01,1.460145e+02,16,O,-999.000000,-999.000000,-999.000000,IV
2025-11-15T01:12:18,1763169138.776631,816440706.300631,4284.309551,63116,24808,csn,2.556877e+02,2.304119e+01,-1.467693e+02,2.743393e+01,1.461379e+02,16,O,-999.000000,-999.000000,-999.000000,IV
2025-11-15T01:12:20,1763169140.776627,816440708.300627,4286.309551,63116,24808,csn,2.549406e+02,2.304416e+01,-1.467361e+02,2.731352e+01,1.462633e+02,16,O,-999.000000,-999.000000,-999.000000,IV
2025-11-15T01:12:22,1763169142.776622,816440710.300622,4288.309551,63116,24808,csn,2.541981e+02,2.304681e+01,-1.467030e+02,2.719304e+01,1.463869e+02,16,O,-999.000000,-999.000000,-999.000000,IV
2025-11-15T01:12:24,1763169144.776618,816440712.300618,4290.309551,63116,24808,csn,2.534602e+02,2.304952e+01,-1.466700e+02,2.707249e+01,1.465110e+02,16,O,-999.000000,-999.000000,-999.000000,IV
2025-11-15T01:12:26,1763169146.776614,816440714.300614,4292.309551,63116,24808,csn,2.527269e+02,2.305213e+01,-1.466370e+02,2.695188e+01,1.466345e+02,16,O,-999.000000,-999.000000,-999.000000,IV
2025-11-15T01:12:28,1763169148.776610,816440716.300610,4294.309551,63116,24808,csn,2.519983e+02,2.305500e+01,-1.466041e+02,2.683121e+01,1.467596e+02,16,O,-999.000000,-999.000000,-999.000000,IV
2025-11-15T01:12:30,1763169150.776606,816440718.300606,4296.309551,63116,24808,csn,2.512743e+02,2.305778e+01,-1.465712e+02,2.671048e+01,1.468843e+02,16,O,-999.000000,-999.000000,-999.000000,IV
2025-11-15T01:12:32,1763169152.776602,816440720.300602,4298.309551,63116,24808,csn,2.505550e+02,2.306042e+01,-1.465384e+02,2.658968e+01,1.470082e+02,16,O,-999.000000,-999.000000,-999.000000,IV
2025-11-15T01:12:34,1763169154.776597,816440722.300597,4300.309551,63116,24808,csn,2.498403e+02,2.306308e+01,-1.465057e+02,2.646882e+01,1.471323e+02,16,O,-999.000000,-999.000000,-999.000000,IV
2025-11-15T01:12:36,1763169156.776593,816440724.300594,4302.309551,63116,24808,csn,2.491303e+02,2.306582e+01,-1.464731e+02,2.634790e+01,1.472569e+02,16,O,-999.000000,-999.000000,-999.000000,IV
2025-11-15T01:12:38,1763169158.776589,816440726.300589,4304.309551,63116,24808,csn,2.484250e+02,2.306876e+01,-1.464405e+02,2.622691e+01,1.473828e+02,16,O,-999.000000,-999.000000,-999.000000,IV
2025-11-15T01:12:40,1763169160.776585,816440728.300585,4306.309551,63116,24808,csn,2.477243e+02,2.307132e+01,-1.464080e+02,2.610587e+01,1.475065e+02,16,O,-999.000000,-999.000000,-999.000000,IV
2025-11-15T01:12:42,1763169162.776581,816440730.300581,4308.309551,63116,24808,csn,2.470283e+02,2.307404e+01,-1.463756e+02,2.598476e+01,1.476312e+02,16,O,-999.000000,-999.000000,-999.000000,IV
2025-11-15T01:12:44,1763169164.776577,816440732.300577,4310.309551,63116,24808,csn,2.463370e+02,2.307671e+01,-1.463432e+02,2.586359e+01,1.477557e+02,16,O,-999.000000,-999.000000,-999.000000,IV
2025-11-15T01:12:46,1763169166.776572,816440734.300573,4312.309551,63116,24808,csn,2.456504e+02,2.307934e+01,-1.463109e+02,2.574236e+01,1.478800e+02,16,O,-999.000000,-999.000000,-999.000000,IV
2025-11-15T01:12:48,1763169168.776568,816440736.300568,4314.309551,63116,24808,csn,2.449685e+02,2.308206e+01,-1.462787e+02,2.562108e+01,1.480049e+02,16,O,-999.000000,-999.000000,-999.000000,IV
2025-11-15T01:12:50,1763169170.776564,816440738.300564,4316.309551,63116,24808,csn,2.442912e+02,2.308470e+01,-1.462465e+02,2.549973e+01,1.481294e+02,16,O,17934.707021,440832.869703,0.007467,IV
2025-11-15T01:12:52,1763169172.776560,816440740.300559,4318.309551,63116,24808,csn,2.436187e+02,2.308757e+01,-1.462144e+02,2.537832e+01,1.482554e+02,16,O,18652.137042,458415.897783,0.007322,IV
2025-11-15T01:12:54,1763169174.776555,816440742.300555,4320.309551,63116,24808,csn,2.429509e+02,2.309017e+01,-1.461824e+02,2.525685e+01,1.483797e+02,16,O,20111.887788,494226.893911,0.007051,IV
2025-11-15T01:12:56,1763169176.776551,816440744.300551,4322.309551,63116,24808,csn,2.422878e+02,2.309273e+01,-1.461504e+02,2.513533e+01,1.485039e+02,16,O,21941.735561,539121.833185,0.006751,IV
2025-11-15T01:12:58,1763169178.776547,816440746.300547,4324.309551,63116,24808,csn,2.416295e+02,2.309558e+01,-1.461185e+02,2.501375e+01,1.486299e+02,16,O,23278.778772,571895.177223,0.006554,IV
2025-11-15T01:13:00,1763169180.776543,816440748.300543,4326.309551,63116,24808,csn,2.409758e+02,2.309822e+01,-1.460866e+02,2.489211e+01,1.487547e+02,16,O,23000.538426,564999.021717,0.006594,IV
2025-11-15T01:13:02,1763169182.776539,816440750.300539,4328.309551,63116,24808,csn,2.403269e+02,2.310074e+01,-1.460549e+02,2.477041e+01,1.488788e+02,16,O,23209.638687,570067.913524,0.006564,IV
2025-11-15T01:13:04,1763169184.776535,816440752.300535,4330.309551,63116,24808,csn,2.396828e+02,2.310352e+01,-1.460231e+02,2.464865e+01,1.490046e+02,16,O,26900.778990,660641.277983,0.006097,IV
2025-11-15T01:13:06,1763169186.776531,816440754.300531,4332.309551,63116,24808,csn,2.390434e+02,2.310622e+01,-1.459915e+02,2.452684e+01,1.491299e+02,16,O,30652.444405,752694.898449,0.005712,IV
2025-11-15T01:13:08,1763169188.776527,816440756.300527,4334.309551,63116,24808,csn,2.384087e+02,2.310869e+01,-1.459599e+02,2.440497e+01,1.492539e+02,16,O,34180.508227,839239.418768,0.005409,IV
2025-11-15T01:13:10,1763169190.776523,816440758.300523,4336.309551,63116,24808,csn,2.377788e+02,2.311136e+01,-1.459284e+02,2.428305e+01,1.493792e+02,16,O,37197.816827,913206.495325,0.005185,IV
2025-11-15T01:13:12,1763169192.776518,816440760.300518,4338.309551,63116,24808,csn,2.371536e+02,2.311400e+01,-1.458969e+02,2.416107e+01,1.495043e+02,16,O,40787.835443,1001207.501234,0.004951,IV
2025-11-15T01:13:14,1763169194.776515,816440762.300514,4340.309551,63116,24808,csn,2.365333e+02,2.311671e+01,-1.458655e+02,2.403904e+01,1.496299e+02,16,O,43398.868429,1065185.766661,0.004800,IV
2025-11-15T01:13:16,1763169196.776510,816440764.300510,4342.309551,63116,24808,csn,2.359176e+02,2.311935e+01,-1.458341e+02,2.391694e+01,1.497551e+02,16,O,44474.417568,1091490.071737,0.004742,IV
2025-11-15T01:13:18,1763169198.776506,816440766.300506,4344.309551,63116,24808,csn,2.353068e+02,2.312198e+01,-1.458028e+02,2.379480e+01,1.498804e+02,16,O,46783.702563,1148018.176227,0.004623,IV
2025-11-15T01:13:20,1763169200.776501,816440768.300501,4346.309551,63116,24808,csn,2.347007e+02,2.312472e+01,-1.457716e+02,2.367260e+01,1.500064e+02,16,O,49614.083885,1217318.173666,0.004489,IV
2025-11-15T01:13:22,1763169202.776497,816440770.300497,4348.309551,63116,24808,csn,2.340995e+02,2.312717e+01,-1.457405e+02,2.355035e+01,1.501306e+02,16,O,52932.605571,1298584.097358,0.004346,IV
2025-11-15T01:13:24,1763169204.776494,816440772.300494,4350.309551,63116,24808,csn,2.335030e+02,2.312973e+01,-1.457093e+02,2.342804e+01,1.502556e+02,16,O,56815.331560,1393702.858232,0.004195,IV
2025-11-15T01:13:26,1763169206.776489,816440774.300489,4352.309551,63116,24808,csn,2.329113e+02,2.313241e+01,-1.456783e+02,2.330569e+01,1.503814e+02,16,O,58585.135543,1436961.556652,0.004131,IV
2025-11-15T01:13:28,1763169208.776485,816440776.300485,4354.309551,63116,24808,csn,2.323244e+02,2.313507e+01,-1.456473e+02,2.318327e+01,1.505071e+02,16,O,59356.801907,1455711.513293,0.004105,IV
2025-11-15T01:13:30,1763169210.776481,816440778.300481,4356.309551,63116,24808,csn,2.317423e+02,2.313766e+01,-1.456164e+02,2.306081e+01,1.506323e+02,16,O,64408.988737,1579441.154147,0.003940,IV
2025-11-15T01:13:32,1763169212.776477,816440780.300477,4358.309551,63116,24808,csn,2.311651e+02,2.314010e+01,-1.455855e+02,2.293830e+01,1.507568e+02,16,O,67427.542763,1653273.747785,0.003851,IV
2025-11-15T01:13:34,1763169214.776473,816440782.300472,4360.309551,63116,24808,csn,2.305926e+02,2.314283e+01,-1.455547e+02,2.281573e+01,1.508830e+02,16,O,69788.951260,1710970.294357,0.003785,IV
2025-11-15T01:13:36,1763169216.776469,816440784.300469,4362.309551,63116,24808,csn,2.300250e+02,2.314546e+01,-1.455239e+02,2.269311e+01,1.510087e+02,16,O,73799.389899,1809077.868351,0.003681,IV
2025-11-15T01:13:38,1763169218.776464,816440786.300464,4364.309551,63116,24808,csn,2.294622e+02,2.314812e+01,-1.454932e+02,2.257044e+01,1.511347e+02,16,O,73366.451184,1798310.100665,0.003692,IV
2025-11-15T01:13:40,1763169220.776460,816440788.300460,4366.309551,63116,24808,csn,2.289042e+02,2.315053e+01,-1.454626e+02,2.244773e+01,1.512591e+02,16,O,73272.924904,1795850.952195,0.003694,IV
2025-11-15T01:13:42,1763169222.776455,816440790.300456,4368.309551,63116,24808,csn,2.283510e+02,2.315317e+01,-1.454320e+02,2.232496e+01,1.513850e+02,16,O,78073.230998,1913283.642209,0.003579,IV
2025-11-15T01:13:44,1763169224.776453,816440792.300452,4370.309551,63116,24808,csn,2.278027e+02,2.315584e+01,-1.454014e+02,2.220214e+01,1.515111e+02,16,O,80470.341109,1971865.405020,0.003525,IV
2025-11-15T01:13:46,1763169226.776454,816440794.300448,4372.309551,63116,24808,csn,2.272592e+02,2.315825e+01,-1.453710e+02,2.207927e+01,1.516357e+02,16,O,82155.606029,2012982.318246,0.003489,IV
2025-11-15T01:13:48,1763169228.776309,816440796.300443,4374.309551,63116,24808,csn,2.267206e+02,2.316092e+01,-1.453405e+02,2.195636e+01,1.517619e+02,16,O,83519.111695,2046162.872408,0.003460,IV
2025-11-15T01:13:50,1763169230.777401,816440798.300439,4376.309551,63116,24808,csn,2.261869e+02,2.316353e+01,-1.453102e+02,2.183339e+01,1.518878e+02,16,O,86406.514371,2116664.300147,0.003402,IV
2025-11-15T01:13:52,1763169232.777411,816440800.300435,4378.309551,63116,24808,csn,2.256580e+02,2.316594e+01,-1.452798e+02,2.171038e+01,1.520125e+02,16,O,87787.558611,2150291.192296,0.003375,IV
2025-11-15T01:13:54,1763169234.777438,816440802.300431,4380.309551,63116,24808,csn,2.251339e+02,2.316862e+01,-1.452496e+02,2.158732e+01,1.521389e+02,16,O,87061.987092,2132347.562480,0.003389,IV
2025-11-15T01:13:56,1763169236.777427,816440804.300427,4382.309551,63116,24808,csn,2.246147e+02,2.317125e+01,-1.452194e+02,2.146421e+01,1.522650e+02,16,O,84105.754024,2059725.356892,0.003448,IV
2025-11-15T01:13:58,1763169238.777423,816440806.300423,4384.309551,63116,24808,csn,2.241004e+02,2.317369e+01,-1.451892e+02,2.134106e+01,1.523900e+02,16,O,82708.511512,2025327.384365,0.003477,IV
2025-11-15T01:14:00,1763169240.777419,816440808.300419,4386.309551,63116,24808,csn,2.235910e+02,2.317617e+01,-1.451591e+02,2.121786e+01,1.525153e+02,16,O,82978.070242,2031782.035215,0.003472,IV
2025-11-15T01:14:02,1763169242.777415,816440810.300414,4388.309551,63116,24808,csn,2.230864e+02,2.317868e+01,-1.451290e+02,2.109461e+01,1.526408e+02,16,O,86393.227700,2115180.469130,0.003402,IV
2025-11-15T01:14:04,1763169244.777411,816440812.300411,4390.309551,63116,24808,csn,2.225868e+02,2.318140e+01,-1.450990e+02,2.097132e+01,1.527677e+02,16,O,86794.592831,2124792.293748,0.003394,IV
2025-11-15T01:14:06,1763169246.777406,816440814.300406,4392.309551,63116,24808,csn,2.220920e+02,2.318383e+01,-1.450691e+02,2.084798e+01,1.528928e+02,16,O,86137.689966,2108503.434124,0.003407,IV
2025-11-15T01:14:08,1763169248.777402,816440816.300402,4394.309551,63116,24808,csn,2.216021e+02,2.318636e+01,-1.450392e+02,2.072460e+01,1.530185e+02,16,O,90616.322682,2217997.941910,0.003322,IV
2025-11-15T01:14:10,1763169250.777397,816440818.300397,4396.309551,63116,24808,csn,2.211171e+02,2.318880e+01,-1.450093e+02,2.060117e+01,1.531437e+02,16,O,93435.770966,2286807.743870,0.003271,IV
2025-11-15T01:14:12,1763169252.777393,816440820.300393,4398.309551,63116,24808,csn,2.206370e+02,2.319153e+01,-1.449795e+02,2.047770e+01,1.532708e+02,16,O,94557.632324,2314037.734726,0.003252,IV
2025-11-15T01:14:14,1763169254.777389,816440822.300389,4400.309551,63116,24808,csn,2.201618e+02,2.319403e+01,-1.449498e+02,2.035419e+01,1.533964e+02,16,O,92581.038576,2265442.196941,0.003287,IV
2025-11-15T01:14:16,1763169256.777385,816440824.300385,4402.309551,63116,24808,csn,2.196915e+02,2.319654e+01,-1.449201e+02,2.023063e+01,1.535222e+02,16,O,94844.917373,2320651.983563,0.003247,IV
2025-11-15T01:14:18,1763169258.777381,816440826.300381,4404.309551,63116,24808,csn,2.192262e+02,2.319896e+01,-1.448905e+02,2.010703e+01,1.536474e+02,16,O,97539.069841,2386384.613091,0.003202,IV
2025-11-15T01:14:20,1763169260.777377,816440828.300377,4406.309551,63116,24808,csn,2.187657e+02,2.320148e+01,-1.448609e+02,1.998338e+01,1.537733e+02,16,O,98340.926695,2405772.524324,0.003189,IV
2025-11-15T01:14:22,1763169262.777372,816440830.300372,4408.309551,63116,24808,csn,2.183102e+02,2.320399e+01,-1.448313e+02,1.985970e+01,1.538991e+02,16,O,96406.900455,2358280.977246,0.003221,IV
2025-11-15T01:14:24,1763169264.777369,816440832.300368,4410.309551,63116,24808,csn,2.178596e+02,2.320640e+01,-1.448018e+02,1.973597e+01,1.540243e+02,16,O,96222.623146,2353576.506223,0.003224,IV
2025-11-15T01:14:26,1763169266.777364,816440834.300364,4412.309551,63116,24808,csn,2.174139e+02,2.320908e+01,-1.447724e+02,1.961220e+01,1.541514e+02,16,O,99259.787956,2427641.610228,0.003174,IV
2025-11-15T01:14:28,1763169268.777360,816440836.300360,4414.309551,63116,24808,csn,2.169732e+02,2.321140e+01,-1.447429e+02,1.948839e+01,1.542760e+02,16,O,98112.496855,2399364.494659,0.003193,IV
2025-11-15T01:14:30,1763169270.777356,816440838.300356,4416.309551,63116,24808,csn,2.165374e+02,2.321414e+01,-1.447136e+02,1.936454e+01,1.544035e+02,16,O,98447.656775,2407363.480767,0.003187,IV
2025-11-15T01:14:32,1763169272.777352,816440840.300352,4418.309551,63116,24808,csn,2.161065e+02,2.321659e+01,-1.446843e+02,1.924065e+01,1.545290e+02,16,O,100656.743532,2461213.619182,0.003152,IV
2025-11-15T01:14:34,1763169274.777347,816440842.300347,4420.309551,63116,24808,csn,2.156806e+02,2.321912e+01,-1.446550e+02,1.911672e+01,1.546553e+02,16,O,101128.022905,2472518.387015,0.003145,IV
2025-11-15T01:14:36,1763169276.777343,816440844.300343,4422.309551,63116,24808,csn,2.152596e+02,2.322155e+01,-1.446258e+02,1.899275e+01,1.547807e+02,16,O,99097.730232,2422721.091289,0.003177,IV
2025-11-15T01:14:38,1763169278.777339,816440846.300339,4424.309551,63116,24808,csn,2.148436e+02,2.322399e+01,-1.445966e+02,1.886874e+01,1.549063e+02,16,O,95582.919630,2336664.613172,0.003235,IV
2025-11-15T01:14:40,1763169280.777335,816440848.300335,4426.309551,63116,24808,csn,2.144325e+02,2.322653e+01,-1.445675e+02,1.874470e+01,1.550326e+02,16,O,95673.037816,2338667.928402,0.003233,IV
2025-11-15T01:14:42,1763169282.777331,816440850.300331,4428.309551,63116,24808,csn,2.140264e+02,2.322899e+01,-1.445384e+02,1.862061e+01,1.551584e+02,16,O,95335.105742,2330211.357018,0.003239,IV
2025-11-15T01:14:44,1763169284.777326,816440852.300326,4430.309551,63116,24808,csn,2.136252e+02,2.323143e+01,-1.445094e+02,1.849649e+01,1.552841e+02,16,O,94665.531411,2313666.345491,0.003250,IV
2025-11-15T01:14:46,1763169286.777323,816440854.300323,4432.309551,63116,24808,csn,2.132290e+02,2.323397e+01,-1.444804e+02,1.837233e+01,1.554104e+02,16,O,93586.189935,2287174.689429,0.003269,IV
2025-11-15T01:14:48,1763169288.777319,816440856.300319,4434.309551,63116,24808,csn,2.128378e+02,2.323642e+01,-1.444515e+02,1.824814e+01,1.555361e+02,16,O,94440.596573,2307886.486834,0.003254,IV
2025-11-15T01:14:50,1763169290.777314,816440858.300314,4436.309551,63116,24808,csn,2.124516e+02,2.323884e+01,-1.444226e+02,1.812390e+01,1.556617e+02,16,O,96204.323309,2350822.654961,0.003224,IV
2025-11-15T01:14:52,1763169292.777310,816440860.300310,4438.309551,63116,24808,csn,2.120703e+02,2.324136e+01,-1.443937e+02,1.799963e+01,1.557880e+02,16,O,98557.500158,2408223.868640,0.003185,IV
2025-11-15T01:14:54,1763169294.777306,816440862.300306,4440.309551,63116,24808,csn,2.116940e+02,2.324386e+01,-1.443649e+02,1.787533e+01,1.559142e+02,16,O,97242.962087,2375937.741500,0.003207,IV
2025-11-15T01:14:56,1763169296.777302,816440864.300302,4442.309551,63116,24808,csn,2.113227e+02,2.324629e+01,-1.443361e+02,1.775099e+01,1.560398e+02,16,O,97319.401950,2377616.620739,0.003206,IV
2025-11-15T01:14:58,1763169298.777298,816440866.300298,4444.309551,63116,24808,csn,2.109564e+02,2.324883e+01,-1.443074e+02,1.762661e+01,1.561663e+02,16,O,101481.964273,2479125.552185,0.003139,IV
2025-11-15T01:15:00,1763169300.777293,816440868.300293,4446.309551,63116,24808,csn,2.105950e+02,2.325125e+01,-1.442787e+02,1.750220e+01,1.562920e+02,16,O,108895.538967,2660028.068804,0.003030,IV
2025-11-15T01:15:02,1763169302.777290,816440870.300291,4448.309551,63116,24808,csn,2.102387e+02,2.325336e+01,-1.442501e+02,1.737776e+01,1.564155e+02,16,O,114018.544280,2784993.132968,0.002962,IV
2025-11-15T01:15:04,1763169304.777286,816440872.300290,4450.309551,63116,24808,csn,2.098874e+02,2.325514e+01,-1.442215e+02,1.725328e+01,1.565367e+02,16,O,115629.252600,2824185.021062,0.002941,IV
2025-11-15T01:15:06,1763169306.777281,816440874.300281,4452.309551,63116,24808,csn,2.095410e+02,2.325834e+01,-1.441929e+02,1.712877e+01,1.566678e+02,16,O,117239.955255,2863376.771331,0.002921,IV
2025-11-15T01:15:08,1763169308.777276,816440876.300275,4454.309551,63116,24808,csn,2.091997e+02,2.326123e+01,-1.441644e+02,1.700423e+01,1.567968e+02,16,O,121800.669712,2974567.694946,0.002865,IV
2025-11-15T01:15:10,1763169310.777272,816440878.300271,4456.309551,63116,24808,csn,2.088633e+02,2.326356e+01,-1.441359e+02,1.687965e+01,1.569218e+02,16,O,126467.940747,3088359.281086,0.002812,IV
2025-11-15T01:15:12,1763169312.777269,816440880.300268,4458.309551,63116,24808,csn,2.085320e+02,2.326573e+01,-1.441075e+02,1.675505e+01,1.570458e+02,16,O,131135.214009,3202150.921486,0.002761,IV
2025-11-15T01:15:14,1763169314.777265,816440882.300265,4460.309551,63116,24808,csn,2.082057e+02,2.326808e+01,-1.440791e+02,1.663041e+01,1.571711e+02,16,O,132315.808199,3230820.614979,0.002749,IV
2025-11-15T01:15:16,1763169316.777261,816440884.300261,4462.309551,63116,24808,csn,2.078844e+02,2.327059e+01,-1.440507e+02,1.650574e+01,1.572974e+02,16,O,133370.444266,3256415.233259,0.002738,IV
2025-11-15T01:15:18,1763169318.777256,816440886.300256,4464.309551,63116,24808,csn,2.075681e+02,2.327308e+01,-1.440224e+02,1.638104e+01,1.574236e+02,16,O,134425.080019,3282009.843912,0.002727,IV
2025-11-15T01:15:20,1763169320.777251,816440888.300251,4466.309551,63116,24808,csn,2.072568e+02,2.327542e+01,-1.439941e+02,1.625631e+01,1.575487e+02,16,O,135464.574711,3307234.542408,0.002717,IV
2025-11-15T01:15:22,1763169322.777247,816440890.300247,4468.309551,63116,24808,csn,2.069505e+02,2.327787e+01,-1.439659e+02,1.613155e+01,1.576747e+02,16,O,133565.280436,3260661.507243,0.002736,IV
2025-11-15T01:15:24,1763169324.777243,816440892.300243,4470.309551,63116,24808,csn,2.066493e+02,2.328024e+01,-1.439377e+02,1.600675e+01,1.578001e+02,16,O,132089.773721,3224450.532471,0.002751,IV
2025-11-15T01:15:26,1763169326.777240,816440894.300240,4472.309551,63116,24808,csn,2.063531e+02,2.328265e+01,-1.439095e+02,1.588194e+01,1.579257e+02,16,O,132837.136683,3242591.105700,0.002744,IV
2025-11-15T01:15:28,1763169328.777235,816440896.300235,4474.309551,63116,24808,csn,2.060619e+02,2.328529e+01,-1.438814e+02,1.575709e+01,1.580530e+02,16,O,133806.269232,3266116.192092,0.002734,IV
2025-11-15T01:15:30,1763169330.777231,816440898.300231,4476.309551,63116,24808,csn,2.057758e+02,2.328750e+01,-1.438533e+02,1.563221e+01,1.581772e+02,16,O,135280.465453,3301904.104978,0.002719,IV
2025-11-15T01:15:32,1763169332.777227,816440900.300227,4478.309551,63116,24808,csn,2.054947e+02,2.329010e+01,-1.438253e+02,1.550731e+01,1.583042e+02,16,O,135340.945081,3303205.285930,0.002718,IV
2025-11-15T01:15:34,1763169334.777222,816440902.300222,4480.309551,63116,24808,csn,2.052187e+02,2.329234e+01,-1.437973e+02,1.538237e+01,1.584287e+02,16,O,133742.609866,3264040.716578,0.002734,IV
2025-11-15T01:15:36,1763169336.777219,816440904.300219,4482.309551,63116,24808,csn,2.049476e+02,2.329487e+01,-1.437693e+02,1.525741e+01,1.585552e+02,16,O,132606.155987,3236135.639034,0.002746,IV
2025-11-15T01:15:38,1763169338.777215,816440906.300215,4484.309551,63116,24808,csn,2.046816e+02,2.329716e+01,-1.437414e+02,1.513243e+01,1.586799e+02,16,O,131758.713347,3215275.920288,0.002755,IV
2025-11-15T01:15:40,1763169340.777210,816440908.300210,4486.309551,63116,24808,csn,2.044207e+02,2.329962e+01,-1.437135e+02,1.500742e+01,1.588059e+02,16,O,132436.229258,3231690.030199,0.002748,IV
2025-11-15T01:15:42,1763169342.777206,816440910.300206,4488.309551,63116,24808,csn,2.041648e+02,2.330203e+01,-1.436856e+02,1.488238e+01,1.589315e+02,16,O,133608.313784,3260192.642926,0.002736,IV
2025-11-15T01:15:44,1763169344.777201,816440912.300201,4490.309551,63116,24808,csn,2.039140e+02,2.330439e+01,-1.436578e+02,1.475732e+01,1.590567e+02,16,O,133520.605881,3257891.322642,0.002737,IV
2025-11-15T01:15:46,1763169346.777198,816440914.300198,4492.309551,63116,24808,csn,2.036682e+02,2.330689e+01,-1.436300e+02,1.463223e+01,1.591830e+02,16,O,133248.911036,3251100.440731,0.002739,IV
2025-11-15T01:15:48,1763169348.777193,816440916.300193,4494.309551,63116,24808,csn,2.034275e+02,2.330915e+01,-1.436023e+02,1.450712e+01,1.593074e+02,16,O,132122.032286,3223531.250967,0.002751,IV
2025-11-15T01:15:50,1763169350.777189,816440918.300189,4496.309551,63116,24808,csn,2.031918e+02,2.331170e+01,-1.435746e+02,1.438198e+01,1.594340e+02,16,O,130878.006750,3193089.004397,0.002764,IV
2025-11-15T01:15:52,1763169352.777185,816440920.300185,4498.309551,63116,24808,csn,2.029612e+02,2.331395e+01,-1.435469e+02,1.425682e+01,1.595584e+02,16,O,129179.947387,3151511.454413,0.002782,IV
2025-11-15T01:15:54,1763169354.777181,816440922.300181,4500.309551,63116,24808,csn,2.027357e+02,2.331626e+01,-1.435192e+02,1.413164e+01,1.596831e+02,16,O,127489.308853,3110145.036384,0.002801,IV
2025-11-15T01:15:56,1763169356.777177,816440924.300177,4502.309551,63116,24808,csn,2.025152e+02,2.331874e+01,-1.434916e+02,1.400643e+01,1.598091e+02,16,O,125811.855624,3069153.765183,0.002819,IV
2025-11-15T01:15:58,1763169358.777173,816440926.300173,4504.309551,63116,24808,csn,2.022998e+02,2.332108e+01,-1.434640e+02,1.388120e+01,1.599340e+02,16,O,126561.488987,3087334.718895,0.002811,IV
2025-11-15T01:16:00,1763169360.777168,816440928.300168,4506.309551,63116,24808,csn,2.020894e+02,2.332351e+01,-1.434365e+02,1.375595e+01,1.600597e+02,16,O,129596.022919,3161221.410912,0.002778,IV
2025-11-15T01:16:02,1763169362.777165,816440930.300165,4508.309551,63116,24808,csn,2.018841e+02,2.332587e+01,-1.434090e+02,1.363068e+01,1.601847e+02,16,O,129990.817670,3170780.843596,0.002774,IV
2025-11-15T01:16:04,1763169364.777160,816440932.300160,4510.309551,63116,24808,csn,2.016839e+02,2.332834e+01,-1.433815e+02,1.350539e+01,1.603106e+02,16,O,128995.728489,3146470.481661,0.002784,IV
2025-11-15T01:16:06,1763169366.777156,816440934.300156,4512.309551,63116,24808,csn,2.014888e+02,2.333053e+01,-1.433540e+02,1.338007e+01,1.604342e+02,16,O,130829.827287,3191095.779894,0.002765,IV
2025-11-15T01:16:08,1763169368.777152,816440936.300152,4514.309551,63116,24808,csn,2.012987e+02,2.333302e+01,-1.433266e+02,1.325474e+01,1.605602e+02,16,O,133327.219068,3251882.796614,0.002739,IV
2025-11-15T01:16:10,1763169370.777147,816440938.300147,4516.309551,63116,24808,csn,2.011137e+02,2.333531e+01,-1.432993e+02,1.312939e+01,1.606846e+02,16,O,134553.125927,3281730.878407,0.002726,IV
2025-11-15T01:16:12,1763169372.777144,816440940.300144,4518.309551,63116,24808,csn,2.009338e+02,2.333781e+01,-1.432719e+02,1.300401e+01,1.608106e+02,16,O,136083.824326,3319007.526018,0.002711,IV
2025-11-15T01:16:14,1763169374.777139,816440942.300139,4520.309551,63116,24808,csn,2.007590e+02,2.334012e+01,-1.432446e+02,1.287862e+01,1.609350e+02,16,O,140769.225976,3433156.104954,0.002665,IV
2025-11-15T01:16:16,1763169376.777135,816440944.300135,4522.309551,63116,24808,csn,2.005893e+02,2.334239e+01,-1.432173e+02,1.275321e+01,1.610592e+02,16,O,144020.410768,3512339.057684,0.002635,IV
2025-11-15T01:16:18,1763169378.777131,816440946.300131,4524.309551,63116,24808,csn,2.004246e+02,2.334489e+01,-1.431900e+02,1.262778e+01,1.611850e+02,16,O,143082.926353,3489403.951444,0.002644,IV
2025-11-15T01:16:20,1763169380.777128,816440948.300128,4526.309551,63116,24808,csn,2.002650e+02,2.334719e+01,-1.431628e+02,1.250233e+01,1.613093e+02,16,O,144736.730751,3529643.438597,0.002629,IV
2025-11-15T01:16:22,1763169382.777122,816440950.300123,4528.309551,63116,24808,csn,2.001106e+02,2.334941e+01,-1.431356e+02,1.237687e+01,1.614329e+02,16,O,150042.342360,3658912.537091,0.002582,IV
2025-11-15T01:16:24,1763169384.777119,816440952.300119,4530.309551,63116,24808,csn,1.999612e+02,2.335200e+01,-1.431085e+02,1.225139e+01,1.615593e+02,16,O,151604.636720,3696953.261694,0.002568,IV
2025-11-15T01:16:26,1763169386.777115,816440954.300115,4532.309551,63116,24808,csn,1.998169e+02,2.335416e+01,-1.430813e+02,1.212589e+01,1.616824e+02,16,O,150166.265265,3661864.768387,0.002581,IV
2025-11-15T01:16:28,1763169388.777110,816440956.300110,4534.309551,63116,24808,csn,1.996777e+02,2.335658e+01,-1.430542e+02,1.200037e+01,1.618074e+02,16,O,149371.206645,3642400.835136,0.002587,IV
2025-11-15T01:16:30,1763169390.777106,816440958.300106,4536.309551,63116,24808,csn,1.995435e+02,2.335902e+01,-1.430272e+02,1.187484e+01,1.619325e+02,16,O,148838.837137,3629317.004347,0.002592,IV
2025-11-15T01:16:32,1763169392.777102,816440960.300102,4538.309551,63116,24808,csn,1.994145e+02,2.336123e+01,-1.430001e+02,1.174930e+01,1.620558e+02,16,O,144708.038785,3528577.497842,0.002629,IV
2025-11-15T01:16:34,1763169394.777097,816440962.300097,4540.309551,63116,24808,csn,1.992906e+02,2.336346e+01,-1.429731e+02,1.162374e+01,1.621792e+02,16,O,140042.867823,3414821.226120,0.002672,IV
2025-11-15T01:16:36,1763169396.777093,816440964.300093,4542.309551,63116,24808,csn,1.991718e+02,2.336593e+01,-1.429461e+02,1.149816e+01,1.623044e+02,16,O,140694.288522,3430622.769764,0.002666,IV
2025-11-15T01:16:38,1763169398.777089,816440966.300090,4544.309551,63116,24808,csn,1.990580e+02,2.336830e+01,-1.429192e+02,1.137258e+01,1.624287e+02,16,O,140956.834780,3436956.059798,0.002664,IV
2025-11-15T01:16:40,1763169400.777086,816440968.300086,4546.309551,63116,24808,csn,1.989494e+02,2.337051e+01,-1.428922e+02,1.124698e+01,1.625518e+02,16,O,139178.473389,3393597.652299,0.002680,IV
2025-11-15T01:16:42,1763169402.777081,816440970.300081,4548.309551,63116,24808,csn,1.988459e+02,2.337281e+01,-1.428653e+02,1.112136e+01,1.626755e+02,16,O,137423.421983,3350785.538683,0.002698,IV
2025-11-15T01:16:44,1763169404.777077,816440972.300077,4550.309551,63116,24808,csn,1.987474e+02,2.337527e+01,-1.428384e+02,1.099573e+01,1.628003e+02,16,O,135719.048541,3309161.113871,0.002714,IV
2025-11-15T01:16:46,1763169406.777073,816440974.300073,4552.309551,63116,24808,csn,1.986541e+02,2.337760e+01,-1.428116e+02,1.087009e+01,1.629241e+02,16,O,134583.924410,3281449.537240,0.002726,IV
2025-11-15T01:16:48,1763169408.777068,816440976.300068,4554.309551,63116,24808,csn,1.985659e+02,2.338008e+01,-1.427848e+02,1.074444e+01,1.630491e+02,16,O,134130.545819,3270400.294614,0.002730,IV
2025-11-15T01:16:50,1763169410.777065,816440978.300065,4556.309551,63116,24808,csn,1.984828e+02,2.338235e+01,-1.427580e+02,1.061878e+01,1.631722e+02,16,O,132856.636230,3239309.880183,0.002744,IV
2025-11-15T01:16:52,1763169412.777061,816440980.300061,4558.309551,63116,24808,csn,1.984048e+02,2.338458e+01,-1.427312e+02,1.049311e+01,1.632950e+02,16,O,131058.199667,3195408.084777,0.002762,IV
2025-11-15T01:16:54,1763169414.777056,816440982.300056,4560.309551,63116,24808,csn,1.983319e+02,2.338697e+01,-1.427045e+02,1.036742e+01,1.634189e+02,16,O,129332.135492,3153355.595072,0.002781,IV
2025-11-15T01:16:56,1763169416.777052,816440984.300052,4562.309551,63116,24808,csn,1.982641e+02,2.338938e+01,-1.426778e+02,1.024173e+01,1.635430e+02,16,O,127628.299303,3111871.089573,0.002799,IV
2025-11-15T01:16:58,1763169418.777047,816440986.300048,4564.309551,63116,24808,csn,1.982014e+02,2.339161e+01,-1.426511e+02,1.011602e+01,1.636655e+02,16,O,125620.808670,3062895.656781,0.002821,IV
2025-11-15T01:17:00,1763169420.777044,816440988.300044,4566.309551,63116,24808,csn,1.981438e+02,2.339389e+01,-1.426244e+02,9.990309e+00,1.637883e+02,16,O,123812.807916,3018777.195554,0.002842,IV
2025-11-15T01:17:02,1763169422.777039,816440990.300039,4568.309551,63116,24808,csn,1.980913e+02,2.339613e+01,-1.425978e+02,9.864587e+00,1.639106e+02,16,O,125627.971759,3063032.604213,0.002821,IV
2025-11-15T01:17:04,1763169424.777035,816440992.300035,4570.309551,63116,24808,csn,1.980439e+02,2.339841e+01,-1.425712e+02,9.738857e+00,1.640333e+02,16,O,127748.139118,3114718.961410,0.002798,IV
2025-11-15T01:17:06,1763169426.777031,816440994.300031,4572.309551,63116,24808,csn,1.980017e+02,2.340086e+01,-1.425446e+02,9.613117e+00,1.641572e+02,16,O,130981.801286,3193533.932401,0.002763,IV
2025-11-15T01:17:08,1763169428.777027,816440996.300027,4574.309551,63116,24808,csn,1.979646e+02,2.340318e+01,-1.425180e+02,9.487372e+00,1.642800e+02,16,O,133518.207188,3255381.499156,0.002737,IV
2025-11-15T01:17:10,1763169430.777023,816440998.300023,4576.309551,63116,24808,csn,1.979325e+02,2.340538e+01,-1.424915e+02,9.361618e+00,1.644016e+02,16,O,134787.848291,3286402.938734,0.002724,IV
2025-11-15T01:17:12,1763169432.777019,816441000.300019,4578.309551,63116,24808,csn,1.979056e+02,2.340774e+01,-1.424650e+02,9.235857e+00,1.645246e+02,16,O,134143.097756,3270707.142502,0.002730,IV
2025-11-15T01:17:14,1763169434.777014,816441002.300014,4580.309551,63116,24808,csn,1.978838e+02,2.341013e+01,-1.424385e+02,9.110091e+00,1.646476e+02,16,O,131621.944389,3209221.157955,0.002756,IV
2025-11-15T01:17:16,1763169436.777011,816441004.300011,4582.309551,63116,24808,csn,1.978671e+02,2.341223e+01,-1.424120e+02,8.984319e+00,1.647680e+02,16,O,130282.820829,3176614.957973,0.002770,IV
2025-11-15T01:17:18,1763169438.777006,816441006.300006,4584.309551,63116,24808,csn,1.978555e+02,2.341472e+01,-1.423856e+02,8.858541e+00,1.648917e+02,16,O,129552.605539,3158885.827460,0.002778,IV
2025-11-15T01:17:20,1763169440.777002,816441008.300002,4586.309551,63116,24808,csn,1.978491e+02,2.341694e+01,-1.423592e+02,8.732758e+00,1.650130e+02,16,O,133925.287925,3265518.754148,0.002733,IV
2025-11-15T01:17:21,1763169441.777000,816441009.300000,4587.309551,63116,24808,csn,1.978478e+02,2.341806e+01,-1.423460e+02,8.669865e+00,1.650736e+02,16,O,136729.671703,3333897.453146,0.002704,OU
2025-11-15T01:17:21,1763169441.777000,816441009.300000,4587.309551,63116,24808,csn,1.978478e+02,2.341806e+01,-1.423460e+02,8.669865e+00,1.650736e+02,16,O,136729.671703,3333897.453146,0.002704,OU
2025-11-15T01:17:23,1763169443.776995,816441011.299995,4589.309551,63116,24808,csn,1.978490e+02,2.342036e+01,-1.423196e+02,8.544075e+00,1.651954e+02,16,O,139208.475901,3394370.274746,0.002680,OU
2025-11-15T01:17:25,1763169445.776992,816441013.299991,4591.309551,63116,24808,csn,1.978553e+02,2.342257e+01,-1.422932e+02,8.418282e+00,1.653162e+02,16,O,138012.957866,3365291.212530,0.002692,OU
2025-11-15T01:17:27,1763169447.776988,816441015.299987,4593.309551,63116,24808,csn,1.978667e+02,2.342494e+01,-1.422669e+02,8.292484e+00,1.654382e+02,16,O,138328.866112,3373029.312994,0.002689,OU
2025-11-15T01:17:29,1763169449.776983,816441017.299983,4595.309551,63116,24808,csn,1.978833e+02,2.342737e+01,-1.422405e+02,8.166684e+00,1.655607e+02,16,O,139590.971625,3403816.039212,0.002677,OU
2025-11-15T01:17:31,1763169451.776979,816441019.299979,4597.309551,63116,24808,csn,1.979049e+02,2.342961e+01,-1.422143e+02,8.040881e+00,1.656814e+02,16,O,143877.414788,3508418.712398,0.002636,OU
2025-11-15T01:17:33,1763169453.776975,816441021.299975,4599.309551,63116,24808,csn,1.979317e+02,2.343188e+01,-1.421880e+02,7.915077e+00,1.658021e+02,16,O,149145.310712,3636976.007516,0.002589,OU
2025-11-15T01:17:35,1763169455.776970,816441023.299971,4601.309551,63116,24808,csn,1.979636e+02,2.343413e+01,-1.421617e+02,7.789270e+00,1.659226e+02,16,O,150869.339686,3679050.501286,0.002575,OU
2025-11-15T01:17:37,1763169457.776967,816441025.299967,4603.309551,63116,24808,csn,1.980006e+02,2.343638e+01,-1.421355e+02,7.663461e+00,1.660429e+02,16,O,152289.976226,3713726.581418,0.002563,OU
2025-11-15T01:17:39,1763169459.776962,816441027.299962,4605.309551,63116,24808,csn,1.980427e+02,2.343882e+01,-1.421093e+02,7.537652e+00,1.661647e+02,16,O,154389.085108,3765037.862023,0.002545,OU
2025-11-15T01:17:41,1763169461.776958,816441029.299958,4607.309551,63116,24808,csn,1.980899e+02,2.344118e+01,-1.420831e+02,7.411842e+00,1.662856e+02,16,O,157829.049957,3849034.037988,0.002517,OU
2025-11-15T01:17:43,1763169463.776954,816441031.299954,4609.309551,63116,24808,csn,1.981423e+02,2.344338e+01,-1.420569e+02,7.286032e+00,1.664050e+02,16,O,166469.567096,4059799.614318,0.002451,OU
2025-11-15T01:17:45,1763169465.776950,816441033.299950,4611.309551,63116,24808,csn,1.981997e+02,2.344569e+01,-1.420308e+02,7.160223e+00,1.665252e+02,16,O,172660.217586,4210838.562411,0.002407,OU
2025-11-15T01:17:47,1763169467.776946,816441035.299946,4613.309551,63116,24808,csn,1.982623e+02,2.344790e+01,-1.420046e+02,7.034414e+00,1.666442e+02,16,O,174495.096733,4255685.797785,0.002394,OU
2025-11-15T01:17:49,1763169469.776941,816441037.299941,4615.309551,63116,24808,csn,1.983300e+02,2.345020e+01,-1.419785e+02,6.908606e+00,1.667639e+02,16,O,177696.336465,4333841.961963,0.002372,OU
2025-11-15T01:17:51,1763169471.776937,816441039.299937,4617.309551,63116,24808,csn,1.984028e+02,2.345239e+01,-1.419524e+02,6.782800e+00,1.668823e+02,16,O,182184.491637,4443370.353572,0.002343,OU
2025-11-15T01:17:53,1763169473.776933,816441041.299933,4619.309551,63116,24808,csn,1.984807e+02,2.345469e+01,-1.419263e+02,6.656995e+00,1.670016e+02,16,O,184487.777046,4499698.105964,0.002328,OU
2025-11-15T01:17:55,1763169475.776929,816441043.299929,4621.309551,63116,24808,csn,1.985637e+02,2.345689e+01,-1.419003e+02,6.531194e+00,1.671198e+02,16,O,185640.090192,4528000.178683,0.002321,OU
2025-11-15T01:17:57,1763169477.776925,816441045.299925,4623.309551,63116,24808,csn,1.986518e+02,2.345937e+01,-1.418742e+02,6.405395e+00,1.672404e+02,16,O,186565.291228,4550674.706966,0.002315,OU
2025-11-15T01:17:59,1763169479.776921,816441047.299921,4625.309551,63116,24808,csn,1.987451e+02,2.346155e+01,-1.418482e+02,6.279600e+00,1.673579e+02,16,O,187437.206463,4572028.882065,0.002310,OU
2025-11-15T01:18:01,1763169481.776917,816441049.299917,4627.309551,63116,24808,csn,1.988434e+02,2.346382e+01,-1.418222e+02,6.153807e+00,1.674761e+02,16,O,192702.282165,4700664.595253,0.002278,OU
2025-11-15T01:18:03,1763169483.776913,816441051.299913,4629.309551,63116,24808,csn,1.989469e+02,2.346623e+01,-1.417962e+02,6.028020e+00,1.675954e+02,16,O,197901.799356,4827695.897879,0.002248,OU
2025-11-15T01:18:05,1763169485.776909,816441053.299909,4631.309551,63116,24808,csn,1.990554e+02,2.346844e+01,-1.417703e+02,5.902236e+00,1.677124e+02,16,O,201181.862054,4907824.342253,0.002229,OU
2025-11-15T01:18:07,1763169487.776904,816441055.299904,4633.309551,63116,24808,csn,1.991691e+02,2.347074e+01,-1.417443e+02,5.776458e+00,1.678302e+02,16,O,205063.465015,5002655.025119,0.002208,OU
2025-11-15T01:18:09,1763169489.776900,816441057.299900,4635.309551,63116,24808,csn,1.992879e+02,2.347295e+01,-1.417184e+02,5.650685e+00,1.679468e+02,16,O,210657.571668,5139340.990576,0.002179,OU
2025-11-15T01:18:11,1763169491.776895,816441059.299896,4637.309551,63116,24808,csn,1.994118e+02,2.347525e+01,-1.416925e+02,5.524919e+00,1.680640e+02,16,O,217202.499620,5299220.995498,0.002146,OU
2025-11-15T01:18:13,1763169493.776891,816441061.299891,4639.309551,63116,24808,csn,1.995407e+02,2.347750e+01,-1.416666e+02,5.399158e+00,1.681804e+02,16,O,225115.976123,5492484.948911,0.002108,OU
2025-11-15T01:18:15,1763169495.776887,816441063.299887,4641.309551,63116,24808,csn,1.996748e+02,2.347970e+01,-1.416407e+02,5.273404e+00,1.682961e+02,16,O,233029.454042,5685748.936883,0.002072,OU
2025-11-15T01:18:17,1763169497.776883,816441065.299883,4643.309551,63116,24808,csn,1.998140e+02,2.348194e+01,-1.416148e+02,5.147656e+00,1.684118e+02,16,O,232147.012005,5664468.008434,0.002075,OU
2025-11-15T01:18:19,1763169499.776879,816441067.299879,4645.309551,63116,24808,csn,1.999583e+02,2.348421e+01,-1.415890e+02,5.021917e+00,1.685276e+02,16,O,230340.632754,5620650.945789,0.002084,OU
2025-11-15T01:18:21,1763169501.776875,816441069.299875,4647.309551,63116,24808,csn,2.001077e+02,2.348650e+01,-1.415631e+02,4.896185e+00,1.686433e+02,16,O,228534.253503,5576833.883145,0.002092,OU
2025-11-15T01:18:23,1763169503.776871,816441071.299871,4649.309551,63116,24808,csn,2.002622e+02,2.348878e+01,-1.415373e+02,4.770462e+00,1.687586e+02,16,O,225376.757601,5500026.916372,0.002106,OU
2025-11-15T01:18:25,1763169505.776867,816441073.299867,4651.309551,63116,24808,csn,2.004218e+02,2.349105e+01,-1.415115e+02,4.644748e+00,1.688733e+02,16,O,221980.712057,5417395.337964,0.002122,OU
2025-11-15T01:18:27,1763169507.776863,816441075.299863,4653.309551,63116,24808,csn,2.005865e+02,2.349330e+01,-1.414857e+02,4.519043e+00,1.689876e+02,16,O,218584.666514,5334763.759556,0.002139,OU
2025-11-15T01:18:29,1763169509.776858,816441077.299858,4655.309551,63116,24808,csn,2.007562e+02,2.349553e+01,-1.414599e+02,4.393347e+00,1.691013e+02,16,O,218111.395371,5323455.007072,0.002141,OU
2025-11-15T01:18:31,1763169511.776854,816441079.299854,4657.309551,63116,24808,csn,2.009311e+02,2.349776e+01,-1.414342e+02,4.267661e+00,1.692147e+02,16,O,218487.007941,5332861.088189,0.002139,OU
2025-11-15T01:18:33,1763169513.776850,816441081.299850,4659.309551,63116,24808,csn,2.011111e+02,2.350005e+01,-1.414084e+02,4.141986e+00,1.693283e+02,16,O,218862.620489,5342267.168745,0.002138,OU
2025-11-15T01:18:35,1763169515.776846,816441083.299846,4661.309551,63116,24808,csn,2.012961e+02,2.350243e+01,-1.413827e+02,4.016322e+00,1.694425e+02,16,O,220823.667864,5390407.664299,0.002128,OU
2025-11-15T01:18:37,1763169517.776841,816441085.299841,4663.309551,63116,24808,csn,2.014863e+02,2.350483e+01,-1.413570e+02,3.890669e+00,1.695565e+02,16,O,223416.906228,5453993.479781,0.002116,OU
2025-11-15T01:18:39,1763169519.776837,816441087.299837,4665.309551,63116,24808,csn,2.016815e+02,2.350710e+01,-1.413313e+02,3.765028e+00,1.696687e+02,16,O,226010.145055,5517579.306632,0.002103,OU
2025-11-15T01:18:41,1763169521.776833,816441089.299833,4667.309551,63116,24808,csn,2.018819e+02,2.350910e+01,-1.413056e+02,3.639399e+00,1.697776e+02,16,O,228603.384347,5581165.144854,0.002092,OU
2025-11-15T01:18:43,1763169523.776829,816441091.299829,4669.309551,63116,24808,csn,2.020873e+02,2.351133e+01,-1.412799e+02,3.513783e+00,1.698885e+02,16,O,232012.556716,5664655.393209,0.002076,OU
2025-11-15T01:18:45,1763169525.776825,816441093.299825,4671.309551,63116,24808,csn,2.022978e+02,2.351360e+01,-1.412542e+02,3.388179e+00,1.699994e+02,16,O,235739.166910,5755889.429285,0.002060,OU
2025-11-15T01:18:47,1763169527.776821,816441095.299821,4673.309551,63116,24808,csn,2.025133e+02,2.351587e+01,-1.412286e+02,3.262589e+00,1.701098e+02,16,O,239629.244191,5851258.660583,0.002043,OU
2025-11-15T01:18:49,1763169529.776817,816441097.299817,4675.309551,63116,24808,csn,2.027340e+02,2.351804e+01,-1.412029e+02,3.137013e+00,1.702186e+02,16,O,243318.345102,5941738.047860,0.002027,OU
2025-11-15T01:18:51,1763169531.776812,816441099.299812,4677.309551,63116,24808,csn,2.029597e+02,2.352043e+01,-1.411773e+02,3.011451e+00,1.703294e+02,16,O,235962.806834,5762384.603905,0.002059,OU
2025-11-15T01:18:53,1763169533.776808,816441101.299808,4679.309551,63116,24808,csn,2.031905e+02,2.352251e+01,-1.411517e+02,2.885904e+00,1.704362e+02,16,O,230876.935110,5638489.017810,0.002081,OU
2025-11-15T01:18:55,1763169535.776804,816441103.299805,4681.309551,63116,24808,csn,2.034264e+02,2.352498e+01,-1.411261e+02,2.760371e+00,1.705468e+02,16,O,236498.010838,5776210.879663,0.002056,OU
2025-11-15T01:18:57,1763169537.776800,816441105.299800,4683.309551,63116,24808,csn,2.036674e+02,2.352701e+01,-1.411005e+02,2.634855e+00,1.706520e+02,16,O,239081.159963,5839686.726267,0.002045,OU
2025-11-15T01:18:59,1763169539.776796,816441107.299796,4685.309551,63116,24808,csn,2.039134e+02,2.352947e+01,-1.410749e+02,2.509354e+00,1.707614e+02,16,O,235493.630962,5752353.050239,0.002061,OU
2025-11-15T01:19:01,1763169541.776791,816441109.299791,4687.309551,63116,24808,csn,2.041645e+02,2.353146e+01,-1.410493e+02,2.383870e+00,1.708648e+02,16,O,231850.657377,5663722.902834,0.002077,OU
2025-11-15T01:19:03,1763169543.776788,816441111.299788,4689.309551,63116,24808,csn,2.044207e+02,2.353372e+01,-1.410238e+02,2.258402e+00,1.709707e+02,16,O,228145.131574,5573630.081355,0.002094,OU
2025-11-15T01:19:05,1763169545.776783,816441113.299783,4691.309551,63116,24808,csn,2.046819e+02,2.353600e+01,-1.409982e+02,2.132951e+00,1.710762e+02,16,O,226171.529706,5525766.343052,0.002103,OU
2025-11-15T01:19:07,1763169547.776779,816441115.299779,4693.309551,63116,24808,csn,2.049482e+02,2.353824e+01,-1.409727e+02,2.007518e+00,1.711807e+02,16,O,225237.556374,5503251.616287,0.002107,OU
2025-11-15T01:19:09,1763169549.776775,816441117.299775,4695.309551,63116,24808,csn,2.052196e+02,2.354049e+01,-1.409472e+02,1.882103e+00,1.712845e+02,16,O,221077.196616,5401915.118825,0.002127,OU
2025-11-15T01:19:11,1763169551.776771,816441119.299771,4697.309551,63116,24808,csn,2.054960e+02,2.354273e+01,-1.409216e+02,1.756707e+00,1.713875e+02,16,O,216006.245085,5278332.539459,0.002152,OU
2025-11-15T01:19:13,1763169553.776766,816441121.299766,4699.309551,63116,24808,csn,2.057775e+02,2.354498e+01,-1.408961e+02,1.631329e+00,1.714898e+02,16,O,201943.343665,4934965.538870,0.002225,OU
2025-11-15T01:19:15,1763169555.776763,816441123.299763,4701.309551,63116,24808,csn,2.060640e+02,2.354726e+01,-1.408706e+02,1.505970e+00,1.715918e+02,16,O,187671.452292,4586493.045396,0.002308,OU
2025-11-15T01:19:17,1763169557.776759,816441125.299759,4703.309551,63116,24808,csn,2.063556e+02,2.354948e+01,-1.408451e+02,1.380631e+00,1.716922e+02,16,O,180492.779665,4411429.036872,0.002354,OU
2025-11-15T01:19:19,1763169559.776754,816441127.299754,4705.309551,63116,24808,csn,2.066523e+02,2.355177e+01,-1.408196e+02,1.255312e+00,1.717928e+02,16,O,172624.188318,4219464.847767,0.002407,OU
2025-11-15T01:19:21,1763169561.776750,816441129.299750,4707.309551,63116,24808,csn,2.069539e+02,2.355395e+01,-1.407942e+02,1.130014e+00,1.718911e+02,16,O,162377.528681,3969247.735064,0.002482,OU
2025-11-15T01:19:23,1763169563.776746,816441131.299746,4709.309551,63116,24808,csn,2.072607e+02,2.355626e+01,-1.407687e+02,1.004736e+00,1.719901e+02,16,O,154205.390856,3769765.985885,0.002547,OU
2025-11-15T01:19:25,1763169565.776742,816441133.299742,4711.309551,63116,24808,csn,2.075724e+02,2.355848e+01,-1.407432e+02,8.794799e-01,1.720871e+02,16,O,149644.311180,3658597.768880,0.002585,OU
2025-11-15T01:19:27,1763169567.776737,816441135.299737,4713.309551,63116,24808,csn,2.078892e+02,2.356078e+01,-1.407178e+02,7.542459e-01,1.721841e+02,16,O,142729.690863,3489814.944445,0.002647,OU
2025-11-15T01:19:29,1763169569.776733,816441137.299733,4715.309551,63116,24808,csn,2.082111e+02,2.356301e+01,-1.406923e+02,6.290335e-01,1.722793e+02,16,O,133684.558262,3268877.240758,0.002735,OU
2025-11-15T01:19:31,1763169571.776729,816441139.299729,4717.309551,63116,24808,csn,2.085380e+02,2.356528e+01,-1.406669e+02,5.038433e-01,1.723740e+02,16,O,128669.281082,3146515.043949,0.002788,OU
2025-11-15T01:19:33,1763169573.776725,816441141.299725,4719.309551,63116,24808,csn,2.088699e+02,2.356749e+01,-1.406415e+02,3.786764e-01,1.724669e+02,16,O,125551.574348,3070569.889196,0.002822,OU
2025-11-15T01:19:35,1763169575.776721,816441143.299721,4721.309551,63116,24808,csn,2.092068e+02,2.356981e+01,-1.406161e+02,2.535326e-01,1.725601e+02,16,O,121013.670499,2959805.252188,0.002875,OU
2025-11-15T01:19:37,1763169577.776717,816441145.299717,4723.309551,63116,24808,csn,2.095488e+02,2.357182e+01,-1.405906e+02,1.284124e-01,1.726481e+02,16,O,116163.724213,2841390.158821,0.002934,OU
2025-11-15T01:19:39,1763169579.776713,816441147.299713,4725.309551,63116,24808,csn,2.098958e+02,2.357421e+01,-1.405652e+02,3.316722e-03,1.727399e+02,16,O,110100.882542,2693319.870284,0.003014,OU
2025-11-15T01:19:41,1763169581.776709,816441149.299709,4727.309551,63116,24808,csn,2.102479e+02,2.357631e+01,-1.405398e+02,-1.217549e-01,1.728268e+02,16,O,104101.086362,2546781.944050,0.003099,OU
2025-11-15T01:19:43,1763169583.776705,816441151.299705,4729.309551,63116,24808,csn,2.106049e+02,2.357872e+01,-1.405144e+02,-2.468010e-01,1.729163e+02,16,O,98733.372178,2415637.427536,0.003182,OU
2025-11-15T01:19:45,1763169585.776700,816441153.299700,4731.309551,63116,24808,csn,2.109670e+02,2.358077e+01,-1.404890e+02,-3.718213e-01,1.729999e+02,16,O,94561.597590,2313766.643179,0.003252,OU
2025-11-15T01:19:47,1763169587.776696,816441155.299696,4733.309551,63116,24808,csn,2.113340e+02,2.358297e+01,-1.404637e+02,-4.968171e-01,1.730840e+02,16,O,93625.733532,2291103.185791,0.003268,OU
2025-11-15T01:19:49,1763169589.776691,816441157.299691,4735.309551,63116,24808,csn,2.117061e+02,2.358528e+01,-1.404383e+02,-6.217857e-01,1.731682e+02,16,O,93696.731374,2293056.246905,0.003267,OU
2025-11-15T01:19:51,1763169591.776687,816441159.299687,4737.309551,63116,24808,csn,2.120832e+02,2.358750e+01,-1.404129e+02,-7.467287e-01,1.732497e+02,16,O,95130.808930,2328334.908253,0.003242,OU
2025-11-15T01:19:53,1763169593.776683,816441161.299683,4739.309551,63116,24808,csn,2.124653e+02,2.358978e+01,-1.403875e+02,-8.716438e-01,1.733306e+02,16,O,95265.046041,2331824.811136,0.003240,OU
2025-11-15T01:19:55,1763169595.776679,816441163.299679,4741.309551,63116,24808,csn,2.128524e+02,2.359198e+01,-1.403622e+02,-9.965323e-01,1.734088e+02,16,O,94457.411430,2312280.400336,0.003254,OU
2025-11-15T01:19:57,1763169597.776675,816441165.299675,4743.309551,63116,24808,csn,2.132445e+02,2.359427e+01,-1.403368e+02,-1.121392e+00,1.734866e+02,16,O,94279.575960,2308126.927684,0.003257,OU
2025-11-15T01:19:59,1763169599.776671,816441167.299671,4745.309551,63116,24808,csn,2.136416e+02,2.359651e+01,-1.403115e+02,-1.246224e+00,1.735620e+02,16,O,94346.857995,2309963.600237,0.003256,OU
2025-11-15T01:20:01,1763169601.776667,816441169.299667,4747.309551,63116,24808,csn,2.140437e+02,2.359881e+01,-1.402861e+02,-1.371028e+00,1.736366e+02,16,O,96558.843494,2364323.682913,0.003218,OU
2025-11-15T01:20:03,1763169603.776663,816441171.299663,4749.309551,63116,24808,csn,2.144507e+02,2.360085e+01,-1.402608e+02,-1.495803e+00,1.737056e+02,16,O,98898.331098,2421808.603721,0.003180,OU
2025-11-15T01:20:05,1763169605.776658,816441173.299658,4751.309551,63116,24808,csn,2.148628e+02,2.360299e+01,-1.402354e+02,-1.620548e+00,1.737743e+02,16,O,95405.183204,2336529.211955,0.003238,OU
2025-11-15T01:20:07,1763169607.776654,816441175.299654,4753.309551,63116,24808,csn,2.152798e+02,2.360532e+01,-1.402101e+02,-1.745263e+00,1.738438e+02,16,O,91912.034685,2251249.804939,0.003298,OU
2025-11-15T01:20:09,1763169609.776650,816441177.299651,4755.309551,63116,24808,csn,2.157019e+02,2.360755e+01,-1.401847e+02,-1.869949e+00,1.739097e+02,16,O,87852.506419,2152003.153382,0.003374,OU
2025-11-15T01:20:11,1763169611.776646,816441179.299646,4757.309551,63116,24808,csn,2.161289e+02,2.360985e+01,-1.401594e+02,-1.994604e+00,1.739747e+02,16,O,83890.891636,2055153.132234,0.003453,OU
2025-11-15T01:20:13,1763169613.776642,816441181.299642,4759.309551,63116,24808,csn,2.165608e+02,2.361207e+01,-1.401341e+02,-2.119227e+00,1.740364e+02,16,O,80940.090730,1983084.688911,0.003515,OU
2025-11-15T01:20:15,1763169615.776638,816441183.299638,4761.309551,63116,24808,csn,2.169978e+02,2.361438e+01,-1.401087e+02,-2.243819e+00,1.740971e+02,16,O,78089.301598,1913448.576079,0.003579,OU
2025-11-15T01:20:17,1763169617.776633,816441185.299633,4763.309551,63116,24808,csn,2.174397e+02,2.361655e+01,-1.400834e+02,-2.368380e+00,1.741538e+02,16,O,75509.167251,1850394.907695,0.003639,OU
2025-11-15T01:20:19,1763169619.776629,816441187.299630,4765.309551,63116,24808,csn,2.178865e+02,2.361886e+01,-1.400581e+02,-2.492908e+00,1.742100e+02,16,O,72217.671068,1769908.377168,0.003721,OU
2025-11-15T01:20:21,1763169621.776625,816441189.299626,4767.309551,63116,24808,csn,2.183384e+02,2.362106e+01,-1.400328e+02,-2.617404e+00,1.742623e+02,16,O,67901.731340,1664316.503168,0.003838,OU
2025-11-15T01:20:23,1763169623.776621,816441191.299621,4769.309551,63116,24808,csn,2.187952e+02,2.362338e+01,-1.400074e+02,-2.741868e+00,1.743140e+02,16,O,65557.020594,1607015.797433,0.003906,OU
2025-11-15T01:20:25,1763169625.776617,816441193.299617,4771.309551,63116,24808,csn,2.192569e+02,2.362551e+01,-1.399821e+02,-2.866297e+00,1.743603e+02,16,O,64762.315206,1587687.123545,0.003930,OU
2025-11-15T01:20:27,1763169627.776612,816441195.299612,4773.309551,63116,24808,csn,2.197236e+02,2.362754e+01,-1.399568e+02,-2.990693e+00,1.744026e+02,16,O,63713.703399,1562151.519541,0.003962,OU
2025-11-15T01:20:29,1763169629.776609,816441197.299609,4775.309551,63116,24808,csn,2.201952e+02,2.362982e+01,-1.399315e+02,-3.115055e+00,1.744460e+02,16,O,62563.788078,1534139.476298,0.003998,OU
2025-11-15T01:20:31,1763169631.776604,816441199.299604,4777.309551,63116,24808,csn,2.206717e+02,2.363207e+01,-1.399062e+02,-3.239382e+00,1.744862e+02,16,O,59803.661120,1466601.737137,0.004089,OU
2025-11-15T01:20:33,1763169633.776600,816441201.299600,4779.309551,63116,24808,csn,2.211532e+02,2.363434e+01,-1.398809e+02,-3.363675e+00,1.745241e+02,16,O,56815.439049,1393464.386101,0.004195,OU
2025-11-15T01:20:35,1763169635.776596,816441203.299596,4781.309551,63116,24808,csn,2.216397e+02,2.363657e+01,-1.398556e+02,-3.487932e+00,1.745585e+02,16,O,56121.107598,1376595.974979,0.004221,OU
2025-11-15T01:20:37,1763169637.776592,816441205.299592,4783.309551,63116,24808,csn,2.221310e+02,2.363887e+01,-1.398302e+02,-3.612154e+00,1.745911e+02,16,O,55224.877322,1354769.121715,0.004255,OU
2025-11-15T01:20:39,1763169639.776587,816441207.299587,4785.309551,63116,24808,csn,2.226273e+02,2.364106e+01,-1.398049e+02,-3.736339e+00,1.746191e+02,16,O,53341.477439,1308698.327229,0.004330,OU
2025-11-15T01:20:41,1763169641.776584,816441209.299584,4787.309551,63116,24808,csn,2.231285e+02,2.364336e+01,-1.397796e+02,-3.860489e+00,1.746459e+02,16,O,51931.973808,1274260.430005,0.004388,OU
2025-11-15T01:20:43,1763169643.776579,816441211.299579,4789.309551,63116,24808,csn,2.236347e+02,2.364557e+01,-1.397543e+02,-3.984601e+00,1.746684e+02,16,O,51578.296513,1265740.271430,0.004403,OU
2025-11-15T01:20:45,1763169645.776576,816441213.299575,4791.309551,63116,24808,csn,2.241457e+02,2.364788e+01,-1.397290e+02,-4.108676e+00,1.746895e+02,16,O,50329.486894,1235235.185407,0.004457,OU
2025-11-15T01:20:47,1763169647.776571,816441215.299571,4793.309551,63116,24808,csn,2.246616e+02,2.365005e+01,-1.397037e+02,-4.232714e+00,1.747052e+02,16,O,48049.919115,1179414.128785,0.004562,OU
2025-11-15T01:20:49,1763169649.776567,816441217.299567,4795.309551,63116,24808,csn,2.251825e+02,2.365205e+01,-1.396783e+02,-4.356713e+00,1.747156e+02,16,O,46460.026934,1140529.182772,0.004639,OU
2025-11-15T01:20:51,1763169651.776563,816441219.299563,4797.309551,63116,24808,csn,2.257082e+02,2.365431e+01,-1.396530e+02,-4.480675e+00,1.747266e+02,16,O,45293.224853,1112033.905127,0.004699,OU
2025-11-15T01:20:53,1763169653.776558,816441221.299558,4799.309551,63116,24808,csn,2.262389e+02,2.365657e+01,-1.396277e+02,-4.604597e+00,1.747345e+02,16,O,46468.439846,1141025.428826,0.004639,OU
2025-11-15T01:20:55,1763169655.776555,816441223.299554,4801.309551,63116,24808,csn,2.267744e+02,2.365883e+01,-1.396024e+02,-4.728481e+00,1.747393e+02,16,O,48384.129408,1188192.530787,0.004546,OU
2025-11-15T01:20:57,1763169657.776550,816441225.299550,4803.309551,63116,24808,csn,2.273148e+02,2.366108e+01,-1.395771e+02,-4.852324e+00,1.747408e+02,16,O,45653.672696,1121282.797230,0.004680,OU
2025-11-15T01:20:59,1763169659.776546,816441227.299546,4805.309551,63116,24808,csn,2.278602e+02,2.366336e+01,-1.395517e+02,-4.976129e+00,1.747397e+02,16,O,42686.641688,1048563.276517,0.004840,OU
2025-11-15T01:21:01,1763169661.776542,816441229.299542,4807.309551,63116,24808,csn,2.284103e+02,2.366556e+01,-1.395264e+02,-5.099893e+00,1.747343e+02,16,O,42336.359049,1040077.073780,0.004860,OU
2025-11-15T01:21:03,1763169663.776537,816441231.299537,4809.309551,63116,24808,csn,2.289654e+02,2.366785e+01,-1.395011e+02,-5.223617e+00,1.747270e+02,16,O,41859.150102,1028475.533455,0.004888,OU
2025-11-15T01:21:05,1763169665.776533,816441233.299533,4811.309551,63116,24808,csn,2.295253e+02,2.367006e+01,-1.394757e+02,-5.347299e+00,1.747156e+02,16,O,40903.790557,1005138.045386,0.004944,OU
2025-11-15T01:21:07,1763169667.776530,816441235.299530,4813.309551,63116,24808,csn,2.300901e+02,2.367237e+01,-1.394504e+02,-5.470940e+00,1.747025e+02,16,O,39699.623946,975674.058976,0.005019,OU
2025-11-15T01:21:09,1763169669.776526,816441237.299526,4815.309551,63116,24808,csn,2.306598e+02,2.367456e+01,-1.394250e+02,-5.594539e+00,1.746846e+02,16,O,38062.163541,935540.866962,0.005126,OU
2025-11-15T01:21:11,1763169671.776521,816441239.299521,4817.309551,63116,24808,csn,2.312343e+02,2.367663e+01,-1.393997e+02,-5.718096e+00,1.746621e+02,16,O,37818.048300,929668.118603,0.005142,OU
2025-11-15T01:21:13,1763169673.776517,816441241.299517,4819.309551,63116,24808,csn,2.318137e+02,2.367904e+01,-1.393744e+02,-5.841611e+00,1.746413e+02,16,O,38861.326078,955450.596251,0.005073,OU
2025-11-15T01:21:15,1763169675.776512,816441243.299513,4821.309551,63116,24808,csn,2.323979e+02,2.368103e+01,-1.393490e+02,-5.965083e+00,1.746119e+02,16,O,38228.685075,940012.162906,0.005115,OU
2025-11-15T01:21:17,1763169677.776508,816441245.299508,4823.309551,63116,24808,csn,2.329870e+02,2.368333e+01,-1.393236e+02,-6.088512e+00,1.745839e+02,16,O,36731.759641,903315.783160,0.005218,OU
2025-11-15T01:21:19,1763169679.776504,816441247.299504,4825.309551,63116,24808,csn,2.335809e+02,2.368557e+01,-1.392983e+02,-6.211897e+00,1.745522e+02,16,O,34536.578519,849437.681588,0.005381,OU
2025-11-15T01:21:21,1763169681.776500,816441249.299500,4827.309551,63116,24808,csn,2.341796e+02,2.368784e+01,-1.392729e+02,-6.335238e+00,1.745180e+02,16,O,32182.637411,791653.031303,0.005574,OU
2025-11-15T01:21:23,1763169683.776496,816441251.299496,4829.309551,63116,24808,csn,2.347832e+02,2.369005e+01,-1.392475e+02,-6.458535e+00,1.744804e+02,16,O,31762.027491,781404.304474,0.005611,OU
2025-11-15T01:21:25,1763169685.776492,816441253.299492,4831.309551,63116,24808,csn,2.353915e+02,2.369233e+01,-1.392222e+02,-6.581787e+00,1.744409e+02,16,O,31525.423241,775683.854688,0.005632,OU
2025-11-15T01:21:27,1763169687.776488,816441255.299488,4833.309551,63116,24808,csn,2.360047e+02,2.369456e+01,-1.391968e+02,-6.704993e+00,1.743983e+02,16,O,32257.746978,793821.385943,0.005568,OU
2025-11-15T01:21:29,1763169689.776484,816441257.299484,4835.309551,63116,24808,csn,2.366228e+02,2.369686e+01,-1.391714e+02,-6.828156e+00,1.743540e+02,16,O,31958.746375,786569.127952,0.005594,OU
2025-11-15T01:21:31,1763169691.776479,816441259.299479,4837.309551,63116,24808,csn,2.372456e+02,2.369908e+01,-1.391460e+02,-6.951271e+00,1.743061e+02,16,O,28795.497626,708803.013024,0.005893,OU
2025-11-15T01:21:33,1763169693.776475,816441261.299476,4839.309551,63116,24808,csn,2.378732e+02,2.370138e+01,-1.391206e+02,-7.074342e+00,1.742568e+02,16,O,26871.603945,661543.964770,0.006100,OU
2025-11-15T01:21:35,1763169695.776471,816441263.299471,4841.309551,63116,24808,csn,2.385057e+02,2.370356e+01,-1.390952e+02,-7.197365e+00,1.742038e+02,16,O,26661.042126,656459.052459,0.006124,OU
2025-11-15T01:21:37,1763169697.776467,816441265.299467,4843.309551,63116,24808,csn,2.391429e+02,2.370588e+01,-1.390698e+02,-7.320342e+00,1.741501e+02,16,O,26168.424401,644418.892309,0.006182,OU
2025-11-15T01:21:39,1763169699.776463,816441267.299463,4845.309551,63116,24808,csn,2.397849e+02,2.370801e+01,-1.390444e+02,-7.443270e+00,1.740921e+02,16,O,25453.952379,626908.002503,0.006268,OU
2025-11-15T01:21:41,1763169701.776458,816441269.299458,4847.309551,63116,24808,csn,2.404317e+02,2.371004e+01,-1.390189e+02,-7.566152e+00,1.740308e+02,16,O,25643.584206,631674.835428,0.006245,OU
2025-11-15T01:21:43,1763169703.776455,816441271.299455,4849.309551,63116,24808,csn,2.410833e+02,2.371237e+01,-1.389935e+02,-7.688985e+00,1.739707e+02,16,O,26194.069604,645333.341428,0.006179,OU
2025-11-15T01:21:45,1763169705.776450,816441273.299450,4851.309551,63116,24808,csn,2.417397e+02,2.371446e+01,-1.389681e+02,-7.811772e+00,1.739062e+02,16,O,23709.680210,584198.440639,0.006494,OU
2025-11-15T01:21:47,1763169707.776446,816441275.299446,4853.309551,63116,24808,csn,2.424008e+02,2.371715e+01,-1.389426e+02,-7.934504e+00,1.738457e+02,16,O,-999.000000,-999.000000,-999.000000,OU
2025-11-15T01:21:49,1763169709.776443,816441277.299443,4855.309551,63116,24808,csn,2.430667e+02,2.371821e+01,-1.389172e+02,-8.057206e+00,1.737667e+02,16,O,-999.000000,-999.000000,-999.000000,OU
2025-11-15T01:21:51,1763169711.776438,816441279.299438,4857.309551,63116,24808,csn,2.437373e+02,2.372089e+01,-1.388917e+02,-8.179840e+00,1.737025e+02,16,O,-999.000000,-999.000000,-999.000000,OU
2025-11-15T01:21:53,1763169713.776433,816441281.299433,4859.309551,63116,24808,csn,2.444127e+02,2.372390e+01,-1.388662e+02,-8.302421e+00,1.736397e+02,16,O,-999.000000,-999.000000,-999.000000,OU
2025-11-15T01:21:55,1763169715.776429,816441283.299429,4861.309551,63116,24808,csn,2.450929e+02,2.372630e+01,-1.388408e+02,-8.424958e+00,1.735691e+02,16,O,-999.000000,-999.000000,-999.000000,OU
2025-11-15T01:21:57,1763169717.776425,816441285.299425,4863.309551,63116,24808,csn,2.457778e+02,2.372836e+01,-1.388153e+02,-8.547449e+00,1.734933e+02,16,O,-999.000000,-999.000000,-999.000000,OU
2025-11-15T01:21:59,1763169719.776422,816441287.299421,4865.309551,63116,24808,csn,2.464674e+02,2.373037e+01,-1.387898e+02,-8.669888e+00,1.734157e+02,16,O,-999.000000,-999.000000,-999.000000,OU
2025-11-15T01:22:01,1763169721.776417,816441289.299417,4867.309551,63116,24808,csn,2.471618e+02,2.373250e+01,-1.387643e+02,-8.792273e+00,1.733377e+02,16,O,-999.000000,-999.000000,-999.000000,OU
2025-11-15T01:22:03,1763169723.776413,816441291.299413,4869.309551,63116,24808,csn,2.478609e+02,2.373486e+01,-1.387388e+02,-8.914609e+00,1.732603e+02,16,O,-999.000000,-999.000000,-999.000000,OU
2025-11-15T01:22:05,1763169725.776412,816441293.299409,4871.309551,63116,24808,csn,2.485647e+02,2.373715e+01,-1.387132e+02,-9.036891e+00,1.731809e+02,16,O,-999.000000,-999.000000,-999.000000,OU
2025-11-15T01:22:07,1763169727.776411,816441295.299405,4873.309551,63116,24808,csn,2.492732e+02,2.373932e+01,-1.386877e+02,-9.159123e+00,1.730990e+02,16,O,-999.000000,-999.000000,-999.000000,OU
2025-11-15T01:22:09,1763169729.776312,816441297.299401,4875.309551,63116,24808,csn,2.499864e+02,2.374153e+01,-1.386622e+02,-9.281301e+00,1.730162e+02,16,O,-999.000000,-999.000000,-999.000000,OU
2025-11-15T01:22:11,1763169731.777323,816441299.299396,4877.309551,63116,24808,csn,2.507044e+02,2.374381e+01,-1.386366e+02,-9.403427e+00,1.729327e+02,16,O,-999.000000,-999.000000,-999.000000,OU
2025-11-15T01:22:13,1763169733.776192,816441301.299392,4879.309551,63116,24808,csn,2.514270e+02,2.374596e+01,-1.386110e+02,-9.525499e+00,1.728470e+02,16,O,-999.000000,-999.000000,-999.000000,OU
2025-11-15T01:22:15,1763169735.776983,816441303.299387,4881.309551,63116,24808,csn,2.521543e+02,2.374827e+01,-1.385855e+02,-9.647518e+00,1.727613e+02,16,O,-999.000000,-999.000000,-999.000000,OU
2025-11-15T01:22:17,1763169737.777411,816441305.299383,4883.309551,63116,24808,csn,2.528864e+02,2.375062e+01,-1.385599e+02,-9.769483e+00,1.726747e+02,16,O,-999.000000,-999.000000,-999.000000,OU
2025-11-15T01:22:19,1763169739.777388,816441307.299379,4885.309551,63116,24808,csn,2.536231e+02,2.375279e+01,-1.385343e+02,-9.891394e+00,1.725857e+02,16,O,-999.000000,-999.000000,-999.000000,OU
2025-11-15T01:22:21,1763169741.777374,816441309.299375,4887.309551,63116,24808,csn,2.543645e+02,2.375512e+01,-1.385087e+02,-1.001325e+01,1.724969e+02,16,O,-999.000000,-999.000000,-999.000000,OU
2025-11-15T01:22:23,1763169743.777371,816441311.299371,4889.309551,63116,24808,csn,2.551105e+02,2.375716e+01,-1.384831e+02,-1.013505e+01,1.724050e+02,16,O,-999.000000,-999.000000,-999.000000,OU
2025-11-15T01:22:25,1763169745.777367,816441313.299367,4891.309551,63116,24808,csn,2.558612e+02,2.375961e+01,-1.384574e+02,-1.025680e+01,1.723150e+02,16,O,-999.000000,-999.000000,-999.000000,OU
2025-11-15T01:22:27,1763169747.777362,816441315.299363,4893.309551,63116,24808,csn,2.566166e+02,2.376166e+01,-1.384318e+02,-1.037849e+01,1.722213e+02,16,O,-999.000000,-999.000000,-999.000000,OU
2025-11-15T01:22:29,1763169749.777359,816441317.299359,4895.309551,63116,24808,csn,2.573766e+02,2.376404e+01,-1.384061e+02,-1.050012e+01,1.721289e+02,16,O,-999.000000,-999.000000,-999.000000,OU
2025-11-15T01:22:31,1763169751.777354,816441319.299355,4897.309551,63116,24808,csn,2.581413e+02,2.376626e+01,-1.383805e+02,-1.062170e+01,1.720346e+02,16,O,-999.000000,-999.000000,-999.000000,OU
2025-11-15T01:22:33,1763169753.777350,816441321.299350,4899.309551,63116,24808,csn,2.589106e+02,2.376851e+01,-1.383548e+02,-1.074322e+01,1.719397e+02,16,O,-999.000000,-999.000000,-999.000000,OU
2025-11-15T01:22:35,1763169755.777346,816441323.299346,4901.309551,63116,24808,csn,2.596846e+02,2.377087e+01,-1.383291e+02,-1.086469e+01,1.718447e+02,16,O,-999.000000,-999.000000,-999.000000,OU
2025-11-15T01:22:37,1763169757.777342,816441325.299342,4903.309551,63116,24808,csn,2.604632e+02,2.377314e+01,-1.383034e+02,-1.098610e+01,1.717483e+02,16,O,-999.000000,-999.000000,-999.000000,OU
2025-11-15T01:22:39,1763169759.777338,816441327.299338,4905.309551,63116,24808,csn,2.612464e+02,2.377537e+01,-1.382777e+02,-1.110745e+01,1.716509e+02,16,O,-999.000000,-999.000000,-999.000000,OU
2025-11-15T01:22:41,1763169761.777334,816441329.299334,4907.309551,63116,24808,csn,2.620342e+02,2.377754e+01,-1.382519e+02,-1.122874e+01,1.715525e+02,16,O,-999.000000,-999.000000,-999.000000,OU
2025-11-15T01:22:43,1763169763.777329,816441331.299329,4909.309551,63116,24808,csn,2.628266e+02,2.377977e+01,-1.382262e+02,-1.134997e+01,1.714538e+02,16,O,-999.000000,-999.000000,-999.000000,OU
2025-11-15T01:22:45,1763169765.777326,816441333.299325,4911.309551,63116,24808,csn,2.636237e+02,2.378222e+01,-1.382004e+02,-1.147115e+01,1.713556e+02,16,O,-999.000000,-999.000000,-999.000000,OU
2025-11-15T01:22:47,1763169767.777321,816441335.299321,4913.309551,63116,24808,csn,2.644253e+02,2.378425e+01,-1.381747e+02,-1.159227e+01,1.712545e+02,16,O,-999.000000,-999.000000,-999.000000,OU
2025-11-15T01:22:49,1763169769.777317,816441337.299317,4915.309551,63116,24808,csn,2.652316e+02,2.378661e+01,-1.381489e+02,-1.171332e+01,1.711546e+02,16,O,-999.000000,-999.000000,-999.000000,OU
2025-11-15T01:22:51,1763169771.777313,816441339.299313,4917.309551,63116,24808,csn,2.660424e+02,2.378883e+01,-1.381231e+02,-1.183432e+01,1.710533e+02,16,O,-999.000000,-999.000000,-999.000000,OU
2025-11-15T01:22:53,1763169773.777309,816441341.299309,4919.309551,63116,24808,csn,2.668578e+02,2.379111e+01,-1.380972e+02,-1.195526e+01,1.709518e+02,16,O,-999.000000,-999.000000,-999.000000,OU
2025-11-15T01:22:55,1763169775.777304,816441343.299304,4921.309551,63116,24808,csn,2.676778e+02,2.379345e+01,-1.380714e+02,-1.207614e+01,1.708500e+02,16,O,-999.000000,-999.000000,-999.000000,OU
2025-11-15T01:22:57,1763169777.777301,816441345.299301,4923.309551,63116,24808,csn,2.685023e+02,2.379567e+01,-1.380456e+02,-1.219696e+01,1.707471e+02,16,O,-999.000000,-999.000000,-999.000000,OU
2025-11-15T01:22:59,1763169779.777297,816441347.299297,4925.309551,63116,24808,csn,2.693314e+02,2.379799e+01,-1.380197e+02,-1.231771e+01,1.706442e+02,16,O,-999.000000,-999.000000,-999.000000,OU
2025-11-15T01:23:01,1763169781.777292,816441349.299292,4927.309551,63116,24808,csn,2.701651e+02,2.380005e+01,-1.379938e+02,-1.243841e+01,1.705396e+02,16,O,-999.000000,-999.000000,-999.000000,OU
2025-11-15T01:23:03,1763169783.777288,816441351.299288,4929.309551,63116,24808,csn,2.710033e+02,2.380244e+01,-1.379679e+02,-1.255905e+01,1.704361e+02,16,O,-999.000000,-999.000000,-999.000000,OU
2025-11-15T01:23:05,1763169785.777283,816441353.299283,4931.309551,63116,24808,csn,2.718461e+02,2.380477e+01,-1.379420e+02,-1.267962e+01,1.703318e+02,16,O,-999.000000,-999.000000,-999.000000,OU
2025-11-15T01:23:07,1763169787.777280,816441355.299280,4933.309551,63116,24808,csn,2.726933e+02,2.380690e+01,-1.379161e+02,-1.280013e+01,1.702262e+02,16,O,-999.000000,-999.000000,-999.000000,OU
2025-11-15T01:23:09,1763169789.777275,816441357.299275,4935.309551,63116,24808,csn,2.735452e+02,2.380926e+01,-1.378902e+02,-1.292058e+01,1.701212e+02,16,O,-999.000000,-999.000000,-999.000000,OU
2025-11-15T01:23:11,1763169791.777271,816441359.299271,4937.309551,63116,24808,csn,2.744015e+02,2.381165e+01,-1.378642e+02,-1.304096e+01,1.700159e+02,16,O,-999.000000,-999.000000,-999.000000,OU
2025-11-15T01:23:13,1763169793.777267,816441361.299267,4939.309551,63116,24808,csn,2.752624e+02,2.381371e+01,-1.378382e+02,-1.316129e+01,1.699088e+02,16,O,-999.000000,-999.000000,-999.000000,OU
2025-11-15T01:23:15,1763169795.777263,816441363.299263,4941.309551,63116,24808,csn,2.761278e+02,2.381604e+01,-1.378122e+02,-1.328155e+01,1.698025e+02,16,O,-999.000000,-999.000000,-999.000000,OU
2025-11-15T01:23:17,1763169797.777259,816441365.299259,4943.309551,63116,24808,csn,2.769976e+02,2.381821e+01,-1.377862e+02,-1.340174e+01,1.696953e+02,16,O,-999.000000,-999.000000,-999.000000,OU
2025-11-15T01:23:19,1763169799.777255,816441367.299255,4945.309551,63116,24808,csn,2.778720e+02,2.382056e+01,-1.377602e+02,-1.352187e+01,1.695883e+02,16,O,-999.000000,-999.000000,-999.000000,OU
2025-11-15T01:23:21,1763169801.777251,816441369.299251,4947.309551,63116,24808,csn,2.787509e+02,2.382286e+01,-1.377341e+02,-1.364194e+01,1.694809e+02,16,O,-999.000000,-999.000000,-999.000000,OU
2025-11-15T01:23:23,1763169803.777246,816441371.299246,4949.309551,63116,24808,csn,2.796342e+02,2.382508e+01,-1.377081e+02,-1.376195e+01,1.693728e+02,16,O,-999.000000,-999.000000,-999.000000,OU
2025-11-15T01:23:25,1763169805.777242,816441373.299242,4951.309551,63116,24808,csn,2.805221e+02,2.382741e+01,-1.376820e+02,-1.388188e+01,1.692648e+02,16,O,-999.000000,-999.000000,-999.000000,OU
2025-11-15T01:23:27,1763169807.777238,816441375.299238,4953.309551,63116,24808,csn,2.814144e+02,2.382976e+01,-1.376559e+02,-1.400176e+01,1.691566e+02,16,O,-999.000000,-999.000000,-999.000000,OU
2025-11-15T01:23:29,1763169809.777234,816441377.299234,4955.309551,63116,24808,csn,2.823112e+02,2.383194e+01,-1.376298e+02,-1.412157e+01,1.690475e+02,16,O,-999.000000,-999.000000,-999.000000,OU
2025-11-15T01:23:31,1763169811.777230,816441379.299230,4957.309551,63116,24808,csn,2.832124e+02,2.383424e+01,-1.376036e+02,-1.424131e+01,1.689386e+02,16,O,-999.000000,-999.000000,-999.000000,OU
2025-11-15T01:23:33,1763169813.777225,816441381.299225,4959.309551,63116,24808,csn,2.841181e+02,2.383660e+01,-1.375775e+02,-1.436098e+01,1.688296e+02,16,O,-999.000000,-999.000000,-999.000000,OU
2025-11-15T01:23:35,1763169815.777221,816441383.299221,4961.309551,63116,24808,csn,2.850282e+02,2.383883e+01,-1.375513e+02,-1.448059e+01,1.687199e+02,16,O,-999.000000,-999.000000,-999.000000,OU
2025-11-15T01:23:37,1763169817.777217,816441385.299217,4963.309551,63116,24808,csn,2.859428e+02,2.384110e+01,-1.375251e+02,-1.460014e+01,1.686101e+02,16,O,-999.000000,-999.000000,-999.000000,OU
2025-11-15T01:23:39,1763169819.777213,816441387.299213,4965.309551,63116,24808,csn,2.868617e+02,2.384346e+01,-1.374989e+02,-1.471961e+01,1.685003e+02,16,O,-999.000000,-999.000000,-999.000000,OU
2025-11-15T01:23:41,1763169821.777209,816441389.299209,4967.309551,63116,24808,csn,2.877852e+02,2.384568e+01,-1.374726e+02,-1.483902e+01,1.683899e+02,16,O,-999.000000,-999.000000,-999.000000,OU
2025-11-15T01:23:43,1763169823.777204,816441391.299204,4969.309551,63116,24808,csn,2.887130e+02,2.384793e+01,-1.374464e+02,-1.495837e+01,1.682794e+02,16,O,-999.000000,-999.000000,-999.000000,OU
2025-11-15T01:23:45,1763169825.777200,816441393.299200,4971.309551,63116,24808,csn,2.896452e+02,2.385030e+01,-1.374201e+02,-1.507764e+01,1.681690e+02,16,O,-999.000000,-999.000000,-999.000000,OU
2025-11-15T01:23:47,1763169827.777196,816441395.299196,4973.309551,63116,24808,csn,2.905819e+02,2.385257e+01,-1.373938e+02,-1.519685e+01,1.680581e+02,16,O,-999.000000,-999.000000,-999.000000,OU
2025-11-15T01:23:49,1763169829.777192,816441397.299192,4975.309551,63116,24808,csn,2.915229e+02,2.385480e+01,-1.373675e+02,-1.531598e+01,1.679469e+02,16,O,-999.000000,-999.000000,-999.000000,OU
2025-11-15T01:23:51,1763169831.777188,816441399.299188,4977.309551,63116,24808,csn,2.924684e+02,2.385726e+01,-1.373411e+02,-1.543505e+01,1.678361e+02,16,O,-999.000000,-999.000000,-999.000000,OU
2025-11-15T01:23:53,1763169833.777184,816441401.299184,4979.309551,63116,24808,csn,2.934182e+02,2.385946e+01,-1.373147e+02,-1.555405e+01,1.677245e+02,16,O,-999.000000,-999.000000,-999.000000,OU
2025-11-15T01:23:55,1763169835.777180,816441403.299180,4981.309551,63116,24808,csn,2.943724e+02,2.386191e+01,-1.372884e+02,-1.567298e+01,1.676134e+02,16,O,-999.000000,-999.000000,-999.000000,OU
2025-11-15T01:23:57,1763169837.777176,816441405.299176,4983.309551,63116,24808,csn,2.953309e+02,2.386410e+01,-1.372620e+02,-1.579185e+01,1.675014e+02,16,O,-999.000000,-999.000000,-999.000000,OU
2025-11-15T01:23:59,1763169839.777172,816441407.299172,4985.309551,63116,24808,csn,2.962938e+02,2.386633e+01,-1.372355e+02,-1.591064e+01,1.673894e+02,16,O,-999.000000,-999.000000,-999.000000,OU
2025-11-15T01:24:01,1763169841.777167,816441409.299167,4987.309551,63116,24808,csn,2.972611e+02,2.386877e+01,-1.372091e+02,-1.602936e+01,1.672777e+02,16,O,-999.000000,-999.000000,-999.000000,OU
2025-11-15T01:24:03,1763169843.777163,816441411.299163,4989.309551,63116,24808,csn,2.982328e+02,2.387096e+01,-1.371826e+02,-1.614801e+01,1.671653e+02,16,O,-999.000000,-999.000000,-999.000000,OU
2025-11-15T01:24:05,1763169845.777158,816441413.299158,4991.309551,63116,24808,csn,2.992087e+02,2.387343e+01,-1.371561e+02,-1.626659e+01,1.670534e+02,16,O,-999.000000,-999.000000,-999.000000,OU
2025-11-15T01:24:07,1763169847.777155,816441415.299155,4993.309551,63116,24808,csn,3.001890e+02,2.387565e+01,-1.371296e+02,-1.638510e+01,1.669408e+02,16,O,-999.000000,-999.000000,-999.000000,OU
2025-11-15T01:24:09,1763169849.777151,816441417.299151,4995.309551,63116,24808,csn,3.011736e+02,2.387794e+01,-1.371030e+02,-1.650354e+01,1.668282e+02,16,O,-999.000000,-999.000000,-999.000000,OU
2025-11-15T01:24:11,1763169851.777146,816441419.299146,4997.309551,63116,24808,csn,3.021626e+02,2.388030e+01,-1.370765e+02,-1.662191e+01,1.667157e+02,16,O,-999.000000,-999.000000,-999.000000,OU
2025-11-15T01:24:13,1763169853.777142,816441421.299142,4999.309551,63116,24808,csn,3.031558e+02,2.388254e+01,-1.370499e+02,-1.674020e+01,1.666028e+02,16,O,-999.000000,-999.000000,-999.000000,OU
2025-11-15T01:24:15,1763169855.777138,816441423.299138,5001.309551,63116,24808,csn,3.041534e+02,2.388478e+01,-1.370232e+02,-1.685842e+01,1.664897e+02,16,O,-999.000000,-999.000000,-999.000000,OU
2025-11-15T01:24:17,1763169857.777134,816441425.299134,5003.309551,63116,24808,csn,3.051553e+02,2.388717e+01,-1.369966e+02,-1.697658e+01,1.663769e+02,16,O,-999.000000,-999.000000,-999.000000,OU
2025-11-15T01:24:19,1763169859.777130,816441427.299130,5005.309551,63116,24808,csn,3.061614e+02,2.388951e+01,-1.369699e+02,-1.709465e+01,1.662639e+02,16,O,-999.000000,-999.000000,-999.000000,OU
2025-11-15T01:24:21,1763169861.777126,816441429.299126,5007.309551,63116,24808,csn,3.071718e+02,2.389189e+01,-1.369432e+02,-1.721266e+01,1.661508e+02,16,O,-999.000000,-999.000000,-999.000000,OU
2025-11-15T01:24:23,1763169863.777121,816441431.299121,5009.309551,63116,24808,csn,3.081865e+02,2.389425e+01,-1.369165e+02,-1.733059e+01,1.660376e+02,16,O,-999.000000,-999.000000,-999.000000,OU
2025-11-15T01:24:25,1763169865.777117,816441433.299117,5011.309551,63116,24808,csn,3.092055e+02,2.389655e+01,-1.368898e+02,-1.744845e+01,1.659242e+02,16,O,-999.000000,-999.000000,-999.000000,OU
2025-11-15T01:24:27,1763169867.777113,816441435.299113,5013.309551,63116,24808,csn,3.102288e+02,2.389875e+01,-1.368630e+02,-1.756624e+01,1.658105e+02,16,O,-999.000000,-999.000000,-999.000000,OU
2025-11-15T01:24:29,1763169869.777109,816441437.299109,5015.309551,63116,24808,csn,3.112562e+02,2.390111e+01,-1.368362e+02,-1.768395e+01,1.656971e+02,16,O,-999.000000,-999.000000,-999.000000,OU
2025-11-15T01:24:31,1763169871.777105,816441439.299105,5017.309551,63116,24808,csn,3.122880e+02,2.390336e+01,-1.368094e+02,-1.780159e+01,1.655834e+02,16,O,-999.000000,-999.000000,-999.000000,OU
2025-11-15T01:24:33,1763169873.777100,816441441.299100,5019.309551,63116,24808,csn,3.133240e+02,2.390588e+01,-1.367826e+02,-1.791915e+01,1.654700e+02,16,O,-999.000000,-999.000000,-999.000000,OU
2025-11-15T01:24:35,1763169875.777097,816441443.299096,5021.309551,63116,24808,csn,3.143642e+02,2.390807e+01,-1.367557e+02,-1.803664e+01,1.653560e+02,16,O,-999.000000,-999.000000,-999.000000,OU
2025-11-15T01:24:37,1763169877.777092,816441445.299092,5023.309551,63116,24808,csn,3.154086e+02,2.391058e+01,-1.367288e+02,-1.815405e+01,1.652425e+02,16,O,-999.000000,-999.000000,-999.000000,OU
2025-11-15T01:24:39,1763169879.777088,816441447.299088,5025.309551,63116,24808,csn,3.164572e+02,2.391275e+01,-1.367019e+02,-1.827139e+01,1.651284e+02,16,O,-999.000000,-999.000000,-999.000000,OU
2025-11-15T01:24:41,1763169881.777084,816441449.299084,5027.309551,63116,24808,csn,3.175101e+02,2.391506e+01,-1.366749e+02,-1.838865e+01,1.650145e+02,16,O,-999.000000,-999.000000,-999.000000,OU
2025-11-15T01:24:43,1763169883.777080,816441451.299080,5029.309551,63116,24808,csn,3.185671e+02,2.391740e+01,-1.366479e+02,-1.850584e+01,1.649005e+02,16,O,-999.000000,-999.000000,-999.000000,OU
2025-11-15T01:24:45,1763169885.777076,816441453.299076,5031.309551,63116,24808,csn,3.196284e+02,2.391996e+01,-1.366209e+02,-1.862295e+01,1.647867e+02,16,O,-999.000000,-999.000000,-999.000000,OU
2025-11-15T01:24:47,1763169887.777072,816441455.299072,5033.309551,63116,24808,csn,3.206938e+02,2.392219e+01,-1.365939e+02,-1.873998e+01,1.646725e+02,16,O,-999.000000,-999.000000,-999.000000,OU
2025-11-15T01:24:49,1763169889.777068,816441457.299068,5035.309551,63116,24808,csn,3.217634e+02,2.392455e+01,-1.365668e+02,-1.885694e+01,1.645584e+02,16,O,-999.000000,-999.000000,-999.000000,OU
2025-11-15T01:24:51,1763169891.777063,816441459.299063,5037.309551,63116,24808,csn,3.228372e+02,2.392673e+01,-1.365397e+02,-1.897382e+01,1.644441e+02,16,O,-999.000000,-999.000000,-999.000000,OU
2025-11-15T01:24:53,1763169893.777058,816441461.299058,5039.309551,63116,24808,csn,3.239152e+02,2.392928e+01,-1.365126e+02,-1.909063e+01,1.643301e+02,16,O,-999.000000,-999.000000,-999.000000,OU
2025-11-15T01:24:55,1763169895.777055,816441463.299054,5041.309551,63116,24808,csn,3.249973e+02,2.393166e+01,-1.364855e+02,-1.920736e+01,1.642159e+02,16,O,-999.000000,-999.000000,-999.000000,OU
2025-11-15T01:24:57,1763169897.777050,816441465.299050,5043.309551,63116,24808,csn,3.260835e+02,2.393393e+01,-1.364583e+02,-1.932401e+01,1.641015e+02,16,O,-999.000000,-999.000000,-999.000000,OU
2025-11-15T01:24:59,1763169899.777046,816441467.299046,5045.309551,63116,24808,csn,3.271739e+02,2.393617e+01,-1.364311e+02,-1.944058e+01,1.639871e+02,16,O,-999.000000,-999.000000,-999.000000,OU
2025-11-15T01:25:01,1763169901.777042,816441469.299042,5047.309551,63116,24808,csn,3.282684e+02,2.393860e+01,-1.364038e+02,-1.955707e+01,1.638729e+02,16,O,-999.000000,-999.000000,-999.000000,OU
2025-11-15T01:25:03,1763169903.777038,816441471.299038,5049.309551,63116,24808,csn,3.293671e+02,2.394108e+01,-1.363766e+02,-1.967349e+01,1.637586e+02,16,O,-999.000000,-999.000000,-999.000000,OU
2025-11-15T01:25:05,1763169905.777034,816441473.299034,5051.309551,63116,24808,csn,3.304699e+02,2.394328e+01,-1.363493e+02,-1.978983e+01,1.636441e+02,16,O,-999.000000,-999.000000,-999.000000,OU
2025-11-15T01:25:07,1763169907.777030,816441475.299030,5053.309551,63116,24808,csn,3.315767e+02,2.394577e+01,-1.363220e+02,-1.990608e+01,1.635298e+02,16,O,-999.000000,-999.000000,-999.000000,OU
2025-11-15T01:25:09,1763169909.777026,816441477.299026,5055.309551,63116,24808,csn,3.326877e+02,2.394798e+01,-1.362946e+02,-2.002226e+01,1.634153e+02,16,O,-999.000000,-999.000000,-999.000000,OU
2025-11-15T01:25:11,1763169911.777021,816441479.299021,5057.309551,63116,24808,csn,3.338028e+02,2.395049e+01,-1.362672e+02,-2.013837e+01,1.633009e+02,16,O,-999.000000,-999.000000,-999.000000,OU
2025-11-15T01:25:13,1763169913.777017,816441481.299017,5059.309551,63116,24808,csn,3.349220e+02,2.395274e+01,-1.362398e+02,-2.025439e+01,1.631864e+02,16,O,-999.000000,-999.000000,-999.000000,OU
2025-11-15T01:25:15,1763169915.777013,816441483.299013,5061.309551,63116,24808,csn,3.360452e+02,2.395505e+01,-1.362123e+02,-2.037033e+01,1.630719e+02,16,O,-999.000000,-999.000000,-999.000000,OU
2025-11-15T01:25:17,1763169917.777009,816441485.299008,5063.309551,63116,24808,csn,3.371725e+02,2.395761e+01,-1.361848e+02,-2.048619e+01,1.629575e+02,16,O,-999.000000,-999.000000,-999.000000,OU
2025-11-15T01:25:19,1763169919.777005,816441487.299005,5065.309551,63116,24808,csn,3.383039e+02,2.395986e+01,-1.361573e+02,-2.060197e+01,1.628430e+02,16,O,-999.000000,-999.000000,-999.000000,OU
2025-11-15T01:25:21,1763169921.777000,816441489.299000,5067.309551,63116,24808,csn,3.394393e+02,2.396221e+01,-1.361298e+02,-2.071767e+01,1.627285e+02,16,O,-999.000000,-999.000000,-999.000000,OU
2025-11-15T01:25:23,1763169923.776996,816441491.298996,5069.309551,63116,24808,csn,3.405788e+02,2.396475e+01,-1.361022e+02,-2.083329e+01,1.626141e+02,16,O,-999.000000,-999.000000,-999.000000,OU
2025-11-15T01:25:25,1763169925.776992,816441493.298992,5071.309551,63116,24808,csn,3.417223e+02,2.396710e+01,-1.360746e+02,-2.094883e+01,1.624996e+02,16,O,-999.000000,-999.000000,-999.000000,OU
2025-11-15T01:25:27,1763169927.776988,816441495.298988,5073.309551,63116,24808,csn,3.428699e+02,2.396948e+01,-1.360469e+02,-2.106429e+01,1.623850e+02,16,O,-999.000000,-999.000000,-999.000000,OU
2025-11-15T01:25:29,1763169929.776984,816441497.298984,5075.309551,63116,24808,csn,3.440215e+02,2.397187e+01,-1.360193e+02,-2.117967e+01,1.622705e+02,16,O,-999.000000,-999.000000,-999.000000,OU
2025-11-15T01:25:31,1763169931.776979,816441499.298979,5077.309551,63116,24808,csn,3.451771e+02,2.397425e+01,-1.359916e+02,-2.129496e+01,1.621560e+02,16,O,-999.000000,-999.000000,-999.000000,OU
2025-11-15T01:25:33,1763169933.776976,816441501.298975,5079.309551,63116,24808,csn,3.463367e+02,2.397664e+01,-1.359638e+02,-2.141018e+01,1.620415e+02,16,O,-999.000000,-999.000000,-999.000000,OU
2025-11-15T01:25:35,1763169935.776971,816441503.298971,5081.309551,63116,24808,csn,3.475003e+02,2.397915e+01,-1.359360e+02,-2.152531e+01,1.619271e+02,16,O,-999.000000,-999.000000,-999.000000,OU
2025-11-15T01:25:37,1763169937.776967,816441505.298967,5083.309551,63116,24808,csn,3.486678e+02,2.398143e+01,-1.359082e+02,-2.164036e+01,1.618126e+02,16,O,-999.000000,-999.000000,-999.000000,OU
2025-11-15T01:25:39,1763169939.776963,816441507.298963,5085.309551,63116,24808,csn,3.498394e+02,2.398377e+01,-1.358804e+02,-2.175533e+01,1.616981e+02,16,O,-999.000000,-999.000000,-999.000000,OU
2025-11-15T01:25:41,1763169941.776959,816441509.298959,5087.309551,63116,24808,csn,3.510150e+02,2.398614e+01,-1.358525e+02,-2.187021e+01,1.615836e+02,16,O,-999.000000,-999.000000,-999.000000,OU
2025-11-15T01:25:43,1763169943.776955,816441511.298955,5089.309551,63116,24808,csn,3.521945e+02,2.398916e+01,-1.358246e+02,-2.198501e+01,1.614692e+02,16,O,-999.000000,-999.000000,-999.000000,OU
2025-11-15T01:25:45,1763169945.776951,816441513.298951,5091.309551,63116,24808,csn,3.533780e+02,2.399219e+01,-1.357966e+02,-2.209973e+01,1.613547e+02,16,O,-999.000000,-999.000000,-999.000000,OU
2025-11-15T01:25:47,1763169947.776947,816441515.298946,5093.309551,63116,24808,csn,3.545654e+02,2.394944e+01,-1.357686e+02,-2.221436e+01,1.612403e+02,16,O,-999.000000,-999.000000,-999.000000,OU
2025-11-15T01:25:49,1763169949.776942,816441517.298942,5095.309551,63116,24808,csn,3.557568e+02,2.406707e+01,-1.357406e+02,-2.232892e+01,1.611259e+02,16,O,-999.000000,-999.000000,-999.000000,OU
2025-11-15T01:25:51,1763169951.776938,816441519.298938,5097.309551,63116,24808,csn,3.569521e+02,2.471314e+01,-1.357125e+02,-2.244338e+01,1.610115e+02,16,O,-999.000000,-999.000000,-999.000000,OU
2025-11-15T01:25:53,1763169953.776934,816441521.298934,5099.309551,63116,24808,csn,3.581514e+02,9.526279e+00,-1.356844e+02,-2.255777e+01,1.608971e+02,16,O,-999.000000,-999.000000,-999.000000,OU
2025-11-15T01:25:55,1763169955.776930,816441523.298930,5101.309551,63116,24808,csn,3.593545e+02,9.798727e-02,-1.356563e+02,-2.267207e+01,1.607828e+02,16,O,-999.000000,-999.000000,-999.000000,OU
2025-11-15T01:25:57,1763169957.776925,816441525.298925,5103.309551,63116,24808,csn,3.605616e+02,-1.320830e-01,-1.356281e+02,-2.278628e+01,1.606684e+02,16,O,-999.000000,-999.000000,-999.000000,OU
2025-11-15T01:25:59,1763169959.776921,816441527.298921,5105.309551,63116,24808,csn,3.617726e+02,3.904361e-02,-1.355999e+02,-2.290041e+01,1.605541e+02,16,O,-999.000000,-999.000000,-999.000000,OU
2025-11-15T01:26:01,1763169961.776918,816441529.298918,5107.309551,63116,24808,csn,3.629875e+02,1.216384e-02,-1.355717e+02,-2.301446e+01,1.604399e+02,16,O,-999.000000,-999.000000,-999.000000,OU
2025-11-15T01:26:03,1763169963.776913,816441531.298913,5109.309551,63116,24808,csn,3.642062e+02,1.200687e-02,-1.355434e+02,-2.312842e+01,1.603256e+02,16,O,-999.000000,-999.000000,-999.000000,OU
2025-11-15T01:26:05,1763169965.776909,816441533.298909,5111.309551,63116,24808,csn,3.654289e+02,1.523606e-02,-1.355151e+02,-2.324229e+01,1.602114e+02,16,O,-999.000000,-999.000000,-999.000000,OU
2025-11-15T01:26:07,1763169967.776905,816441535.298905,5113.309551,63116,24808,csn,3.666554e+02,1.769202e-02,-1.354867e+02,-2.335608e+01,1.600971e+02,16,O,-999.000000,-999.000000,-999.000000,OU
2025-11-15T01:26:09,1763169969.776901,816441537.298901,5115.309551,63116,24808,csn,3.678858e+02,2.010037e-02,-1.354583e+02,-2.346979e+01,1.599829e+02,16,O,-999.000000,-999.000000,-999.000000,OU
2025-11-15T01:26:11,1763169971.776896,816441539.298897,5117.309551,63116,24808,csn,3.691200e+02,2.256961e-02,-1.354299e+02,-2.358341e+01,1.598688e+02,16,O,-999.000000,-999.000000,-999.000000,OU
2025-11-15T01:26:13,1763169973.776892,816441541.298892,5119.309551,63116,24808,csn,3.703581e+02,2.486148e-02,-1.354014e+02,-2.369694e+01,1.597547e+02,16,O,-999.000000,-999.000000,-999.000000,OU
2025-11-15T01:26:15,1763169975.776888,816441543.298888,5121.309551,63116,24808,csn,3.716000e+02,2.737242e-02,-1.353729e+02,-2.381039e+01,1.596406e+02,16,O,-999.000000,-999.000000,-999.000000,OU
2025-11-15T01:26:17,1763169977.776884,816441545.298884,5123.309551,63116,24808,csn,3.728457e+02,2.970783e-02,-1.353444e+02,-2.392375e+01,1.595266e+02,16,O,-999.000000,-999.000000,-999.000000,OU
2025-11-15T01:26:19,1763169979.776880,816441547.298880,5125.309551,63116,24808,csn,3.740953e+02,3.223133e-02,-1.353158e+02,-2.403702e+01,1.594125e+02,16,O,-999.000000,-999.000000,-999.000000,OU
2025-11-15T01:26:21,1763169981.776875,816441549.298875,5127.309551,63116,24808,csn,3.753487e+02,3.470052e-02,-1.352872e+02,-2.415020e+01,1.592985e+02,16,O,-999.000000,-999.000000,-999.000000,OU
2025-11-15T01:26:23,1763169983.776872,816441551.298872,5129.309551,63116,24808,csn,3.766059e+02,3.710729e-02,-1.352585e+02,-2.426330e+01,1.591846e+02,16,O,-999.000000,-999.000000,-999.000000,OU
2025-11-15T01:26:25,1763169985.776867,816441553.298867,5131.309551,63116,24808,csn,3.778669e+02,3.961722e-02,-1.352298e+02,-2.437631e+01,1.590707e+02,16,O,-999.000000,-999.000000,-999.000000,OU
2025-11-15T01:26:27,1763169987.776863,816441555.298863,5133.309551,63116,24808,csn,3.791317e+02,4.213271e-02,-1.352010e+02,-2.448924e+01,1.589567e+02,16,O,-999.000000,-999.000000,-999.000000,OU
2025-11-15T01:26:29,1763169989.776859,816441557.298859,5135.309551,63116,24808,csn,3.804002e+02,4.455974e-02,-1.351722e+02,-2.460207e+01,1.588429e+02,16,O,-999.000000,-999.000000,-999.000000,OU
2025-11-15T01:26:31,1763169991.776855,816441559.298855,5137.309551,63116,24808,csn,3.816726e+02,4.706461e-02,-1.351434e+02,-2.471482e+01,1.587291e+02,16,O,-999.000000,-999.000000,-999.000000,OU
2025-11-15T01:26:33,1763169993.776851,816441561.298851,5139.309551,63116,24808,csn,3.829487e+02,4.955318e-02,-1.351145e+02,-2.482748e+01,1.586153e+02,16,O,-999.000000,-999.000000,-999.000000,OU
2025-11-15T01:26:35,1763169995.776847,816441563.298847,5141.309551,63116,24808,csn,3.842285e+02,5.199199e-02,-1.350856e+02,-2.494006e+01,1.585016e+02,16,O,-999.000000,-999.000000,-999.000000,OU
2025-11-15T01:26:37,1763169997.776843,816441565.298843,5143.309551,63116,24808,csn,3.855121e+02,5.446602e-02,-1.350566e+02,-2.505254e+01,1.583879e+02,16,O,-999.000000,-999.000000,-999.000000,OU
2025-11-15T01:26:39,1763169999.776838,816441567.298838,5145.309551,63116,24808,csn,3.867995e+02,5.701160e-02,-1.350276e+02,-2.516494e+01,1.582743e+02,16,O,-999.000000,-999.000000,-999.000000,OU
2025-11-15T01:26:41,1763170001.776834,816441569.298834,5147.309551,63116,24808,csn,3.880905e+02,5.928774e-02,-1.349986e+02,-2.527724e+01,1.581608e+02,16,O,-999.000000,-999.000000,-999.000000,OU
2025-11-15T01:26:43,1763170003.776830,816441571.298830,5149.309551,63116,24808,csn,3.893853e+02,6.185893e-02,-1.349695e+02,-2.538946e+01,1.580472e+02,16,O,-999.000000,-999.000000,-999.000000,OU
2025-11-15T01:26:45,1763170005.776825,816441573.298825,5151.309551,63116,24808,csn,3.906838e+02,6.438416e-02,-1.349404e+02,-2.550159e+01,1.579336e+02,16,O,-999.000000,-999.000000,-999.000000,OU
2025-11-15T01:26:47,1763170007.776821,816441575.298821,5153.309551,63116,24808,csn,3.919861e+02,6.687084e-02,-1.349112e+02,-2.561363e+01,1.578202e+02,16,O,-999.000000,-999.000000,-999.000000,OU
2025-11-15T01:26:49,1763170009.776817,816441577.298817,5155.309551,63116,24808,csn,3.932920e+02,6.930631e-02,-1.348820e+02,-2.572557e+01,1.577068e+02,16,O,-999.000000,-999.000000,-999.000000,OU
2025-11-15T01:26:51,1763170011.776813,816441579.298813,5157.309551,63116,24808,csn,3.946016e+02,7.183508e-02,-1.348527e+02,-2.583743e+01,1.575934e+02,16,O,-999.000000,-999.000000,-999.000000,OU
2025-11-15T01:26:53,1763170013.776809,816441581.298809,5159.309551,63116,24808,csn,3.959149e+02,7.432416e-02,-1.348234e+02,-2.594920e+01,1.574801e+02,16,O,-999.000000,-999.000000,-999.000000,OU
2025-11-15T01:26:55,1763170015.776805,816441583.298805,5161.309551,63116,24808,csn,3.972318e+02,7.675167e-02,-1.347941e+02,-2.606088e+01,1.573669e+02,16,O,-999.000000,-999.000000,-999.000000,OU
2025-11-15T01:26:57,1763170017.776801,816441585.298801,5163.309551,63116,24808,csn,3.985524e+02,7.922900e-02,-1.347647e+02,-2.617247e+01,1.572537e+02,16,O,-999.000000,-999.000000,-999.000000,OU
2025-11-15T01:26:59,1763170019.776796,816441587.298796,5165.309551,63116,24808,csn,3.998767e+02,8.173943e-02,-1.347352e+02,-2.628397e+01,1.571405e+02,16,O,-999.000000,-999.000000,-999.000000,OU
2025-11-15T01:27:01,1763170021.776793,816441589.298793,5167.309551,63116,24808,csn,4.012046e+02,8.415600e-02,-1.347058e+02,-2.639538e+01,1.570275e+02,16,O,-999.000000,-999.000000,-999.000000,OU
2025-11-15T01:27:03,1763170023.776788,816441591.298788,5169.309551,63116,24808,csn,4.025362e+02,8.687837e-02,-1.346762e+02,-2.650670e+01,1.569142e+02,16,O,-999.000000,-999.000000,-999.000000,OU
2025-11-15T01:27:05,1763170025.776784,816441593.298784,5171.309551,63116,24808,csn,4.038714e+02,8.918891e-02,-1.346466e+02,-2.661792e+01,1.568014e+02,16,O,-999.000000,-999.000000,-999.000000,OU
2025-11-15T01:27:07,1763170027.776780,816441595.298780,5173.309551,63116,24808,csn,4.052102e+02,9.192044e-02,-1.346170e+02,-2.672906e+01,1.566882e+02,16,O,-999.000000,-999.000000,-999.000000,OU
2025-11-15T01:27:09,1763170029.776775,816441597.298775,5175.309551,63116,24808,csn,4.065527e+02,9.433317e-02,-1.345873e+02,-2.684010e+01,1.565754e+02,16,O,-999.000000,-999.000000,-999.000000,OU
2025-11-15T01:27:11,1763170031.776772,816441599.298772,5177.309551,63116,24808,csn,4.078987e+02,9.687484e-02,-1.345576e+02,-2.695105e+01,1.564625e+02,16,O,-999.000000,-999.000000,-999.000000,OU
2025-11-15T01:27:13,1763170033.776767,816441601.298767,5179.309551,63116,24808,csn,4.092483e+02,9.931703e-02,-1.345279e+02,-2.706191e+01,1.563498e+02,16,O,-999.000000,-999.000000,-999.000000,OU
2025-11-15T01:27:15,1763170035.776763,816441603.298763,5181.309551,63116,24808,csn,4.106015e+02,1.017879e-01,-1.344981e+02,-2.717268e+01,1.562371e+02,16,O,-999.000000,-999.000000,-999.000000,OU
2025-11-15T01:27:17,1763170037.776759,816441605.298759,5183.309551,63116,24808,csn,4.119584e+02,1.043666e-01,-1.344682e+02,-2.728336e+01,1.561244e+02,16,O,-999.000000,-999.000000,-999.000000,OU
2025-11-15T01:27:19,1763170039.776755,816441607.298755,5185.309551,63116,24808,csn,4.133187e+02,1.070502e-01,-1.344383e+02,-2.739394e+01,1.560116e+02,16,O,-999.000000,-999.000000,-999.000000,OU
2025-11-15T01:27:21,1763170041.776750,816441609.298750,5187.309551,63116,24808,csn,4.146827e+02,1.094653e-01,-1.344083e+02,-2.750443e+01,1.558992e+02,16,O,-999.000000,-999.000000,-999.000000,OU
2025-11-15T01:27:23,1763170043.776747,816441611.298747,5189.309551,63116,24808,csn,4.160502e+02,1.120946e-01,-1.343783e+02,-2.761483e+01,1.557866e+02,16,O,-999.000000,-999.000000,-999.000000,OU
2025-11-15T01:27:25,1763170045.776743,816441613.298743,5191.309551,63116,24808,csn,4.174212e+02,1.145359e-01,-1.343483e+02,-2.772514e+01,1.556742e+02,16,O,-999.000000,-999.000000,-999.000000,OU
2025-11-15T01:27:27,1763170047.776738,816441615.298738,5193.309551,63116,24808,csn,4.187958e+02,1.171647e-01,-1.343182e+02,-2.783535e+01,1.555617e+02,16,O,-999.000000,-999.000000,-999.000000,OU
2025-11-15T01:27:29,1763170049.776735,816441617.298735,5195.309551,63116,24808,csn,4.201739e+02,1.196932e-01,-1.342880e+02,-2.794547e+01,1.554494e+02,16,O,-999.000000,-999.000000,-999.000000,OU
2025-11-15T01:27:31,1763170051.776730,816441619.298730,5197.309551,63116,24808,csn,4.215555e+02,1.221547e-01,-1.342578e+02,-2.805550e+01,1.553372e+02,16,O,-999.000000,-999.000000,-999.000000,OU
2025-11-15T01:27:33,1763170053.776726,816441621.298726,5199.309551,63116,24808,csn,4.229406e+02,1.248822e-01,-1.342276e+02,-2.816543e+01,1.552248e+02,16,O,-999.000000,-999.000000,-999.000000,OU
2025-11-15T01:27:35,1763170055.776721,816441623.298722,5201.309551,63116,24808,csn,4.243293e+02,1.273831e-01,-1.341973e+02,-2.827527e+01,1.551127e+02,16,O,-999.000000,-999.000000,-999.000000,OU
2025-11-15T01:27:37,1763170057.776717,816441625.298717,5203.309551,63116,24808,csn,4.257214e+02,1.298905e-01,-1.341669e+02,-2.838502e+01,1.550007e+02,16,O,-999.000000,-999.000000,-999.000000,OU
2025-11-15T01:27:39,1763170059.776713,816441627.298713,5205.309551,63116,24808,csn,4.271170e+02,1.326210e-01,-1.341365e+02,-2.849467e+01,1.548885e+02,16,O,-999.000000,-999.000000,-999.000000,OU
2025-11-15T01:27:41,1763170061.776709,816441629.298709,5207.309551,63116,24808,csn,4.285161e+02,1.351042e-01,-1.341060e+02,-2.860423e+01,1.547766e+02,16,O,-999.000000,-999.000000,-999.000000,OU
2025-11-15T01:27:43,1763170063.776705,816441631.298705,5209.309551,63116,24808,csn,4.299187e+02,1.375932e-01,-1.340755e+02,-2.871370e+01,1.546648e+02,16,O,-999.000000,-999.000000,-999.000000,OU
2025-11-15T01:27:45,1763170065.776701,816441633.298701,5211.309551,63116,24808,csn,4.313247e+02,1.402745e-01,-1.340450e+02,-2.882307e+01,1.545528e+02,16,O,-999.000000,-999.000000,-999.000000,OU
2025-11-15T01:27:47,1763170067.776695,816441635.298697,5213.309551,63116,24808,csn,4.327343e+02,1.430865e-01,-1.340144e+02,-2.893235e+01,1.544407e+02,16,O,-999.000000,-999.000000,-999.000000,OU
2025-11-15T01:27:49,1763170069.776698,816441637.298694,5215.309551,63116,24808,csn,4.341471e+02,1.443478e-01,-1.339837e+02,-2.904152e+01,1.543305e+02,16,O,-999.000000,-999.000000,-999.000000,OU
2025-11-15T01:27:51,1763170071.776691,816441639.298689,5217.309551,63116,24808,csn,4.355635e+02,1.475852e-01,-1.339530e+02,-2.915061e+01,1.542181e+02,16,O,-999.000000,-999.000000,-999.000000,OU
2025-11-15T01:27:53,1763170073.776684,816441641.298684,5219.309551,63116,24808,csn,4.369833e+02,1.507238e-01,-1.339222e+02,-2.925961e+01,1.541059e+02,16,O,-999.000000,-999.000000,-999.000000,OU
2025-11-15T01:27:55,1763170075.776680,816441643.298680,5221.309551,63116,24808,csn,4.384065e+02,1.531404e-01,-1.338914e+02,-2.936850e+01,1.539946e+02,16,O,-999.000000,-999.000000,-999.000000,OU
2025-11-15T01:27:57,1763170077.776676,816441645.298676,5223.309551,63116,24808,csn,4.398331e+02,1.558644e-01,-1.338605e+02,-2.947730e+01,1.538830e+02,16,O,-999.000000,-999.000000,-999.000000,OU
2025-11-15T01:27:59,1763170079.776672,816441647.298672,5225.309551,63116,24808,csn,4.412632e+02,1.583471e-01,-1.338296e+02,-2.958601e+01,1.537717e+02,16,O,-999.000000,-999.000000,-999.000000,OU
2025-11-15T01:28:01,1763170081.776668,816441649.298668,5227.309551,63116,24808,csn,4.426966e+02,1.608724e-01,-1.337986e+02,-2.969462e+01,1.536605e+02,16,O,-999.000000,-999.000000,-999.000000,OU
2025-11-15T01:28:03,1763170083.776663,816441651.298663,5229.309551,63116,24808,csn,4.441334e+02,1.636004e-01,-1.337675e+02,-2.980313e+01,1.535490e+02,16,O,-999.000000,-999.000000,-999.000000,OU
2025-11-15T01:28:05,1763170085.776659,816441653.298659,5231.309551,63116,24808,csn,4.455735e+02,1.662705e-01,-1.337364e+02,-2.991155e+01,1.534378e+02,16,O,-999.000000,-999.000000,-999.000000,OU
2025-11-15T01:28:07,1763170087.776655,816441655.298655,5233.309551,63116,24808,csn,4.470171e+02,1.688281e-01,-1.337053e+02,-3.001988e+01,1.533267e+02,16,O,-999.000000,-999.000000,-999.000000,OU
2025-11-15T01:28:09,1763170089.776651,816441657.298651,5235.309551,63116,24808,csn,4.484640e+02,1.714099e-01,-1.336741e+02,-3.012810e+01,1.532157e+02,16,O,-999.000000,-999.000000,-999.000000,OU
2025-11-15T01:28:11,1763170091.776647,816441659.298647,5237.309551,63116,24808,csn,4.499142e+02,1.740494e-01,-1.336428e+02,-3.023624e+01,1.531047e+02,16,O,-999.000000,-999.000000,-999.000000,OU
2025-11-15T01:28:13,1763170093.776642,816441661.298642,5239.309551,63116,24808,csn,4.513678e+02,1.766199e-01,-1.336115e+02,-3.034427e+01,1.529938e+02,16,O,-999.000000,-999.000000,-999.000000,OU
2025-11-15T01:28:15,1763170095.776638,816441663.298638,5241.309551,63116,24808,csn,4.528247e+02,1.792959e-01,-1.335801e+02,-3.045221e+01,1.528829e+02,16,O,-999.000000,-999.000000,-999.000000,OU
2025-11-15T01:28:17,1763170097.776634,816441665.298634,5243.309551,63116,24808,csn,4.542849e+02,1.820088e-01,-1.335487e+02,-3.056005e+01,1.527720e+02,16,O,-999.000000,-999.000000,-999.000000,OU
2025-11-15T01:28:19,1763170099.776630,816441667.298630,5245.309551,63116,24808,csn,4.557485e+02,1.845897e-01,-1.335172e+02,-3.066779e+01,1.526614e+02,16,O,-999.000000,-999.000000,-999.000000,OU
2025-11-15T01:28:21,1763170101.776626,816441669.298626,5247.309551,63116,24808,csn,4.572154e+02,1.872686e-01,-1.334857e+02,-3.077544e+01,1.525507e+02,16,O,-999.000000,-999.000000,-999.000000,OU
2025-11-15T01:28:23,1763170103.776622,816441671.298622,5249.309551,63116,24808,csn,4.586855e+02,1.899850e-01,-1.334540e+02,-3.088299e+01,1.524400e+02,16,O,-999.000000,-999.000000,-999.000000,OU
2025-11-15T01:28:25,1763170105.776618,816441673.298618,5251.309551,63116,24808,csn,4.601590e+02,1.926072e-01,-1.334224e+02,-3.099045e+01,1.523295e+02,16,O,-999.000000,-999.000000,-999.000000,OU
2025-11-15T01:28:27,1763170107.776613,816441675.298613,5253.309551,63116,24808,csn,4.616357e+02,1.952646e-01,-1.333907e+02,-3.109780e+01,1.522191e+02,16,O,-999.000000,-999.000000,-999.000000,OU
2025-11-15T01:28:29,1763170109.776610,816441677.298610,5255.309551,63116,24808,csn,4.631157e+02,1.979826e-01,-1.333589e+02,-3.120506e+01,1.521087e+02,16,O,-999.000000,-999.000000,-999.000000,OU
2025-11-15T01:28:31,1763170111.776605,816441679.298605,5257.309551,63116,24808,csn,4.645990e+02,2.005981e-01,-1.333270e+02,-3.131222e+01,1.519984e+02,16,O,-999.000000,-999.000000,-999.000000,OU
2025-11-15T01:28:33,1763170113.776601,816441681.298601,5259.309551,63116,24808,csn,4.660855e+02,2.032523e-01,-1.332951e+02,-3.141928e+01,1.518882e+02,16,O,-999.000000,-999.000000,-999.000000,OU
2025-11-15T01:28:35,1763170115.776596,816441683.298596,5261.309551,63116,24808,csn,4.675753e+02,2.059716e-01,-1.332632e+02,-3.152625e+01,1.517780e+02,16,O,-999.000000,-999.000000,-999.000000,OU
2025-11-15T01:28:37,1763170117.776592,816441685.298592,5263.309551,63116,24808,csn,4.690683e+02,2.086380e-01,-1.332311e+02,-3.163312e+01,1.516679e+02,16,O,-999.000000,-999.000000,-999.000000,OU
2025-11-15T01:28:39,1763170119.776588,816441687.298588,5265.309551,63116,24808,csn,4.705645e+02,2.112702e-01,-1.331991e+02,-3.173989e+01,1.515580e+02,16,O,-999.000000,-999.000000,-999.000000,OU
2025-11-15T01:28:41,1763170121.776584,816441689.298584,5267.309551,63116,24808,csn,4.720640e+02,2.139663e-01,-1.331669e+02,-3.184656e+01,1.514480e+02,16,O,-999.000000,-999.000000,-999.000000,OU
2025-11-15T01:28:43,1763170123.776580,816441691.298580,5269.309551,63116,24808,csn,4.735666e+02,2.166204e-01,-1.331347e+02,-3.195313e+01,1.513382e+02,16,O,-999.000000,-999.000000,-999.000000,OU
2025-11-15T01:28:45,1763170125.776575,816441693.298575,5271.309551,63116,24808,csn,4.750725e+02,2.192503e-01,-1.331025e+02,-3.205960e+01,1.512285e+02,16,O,-999.000000,-999.000000,-999.000000,OU
2025-11-15T01:28:47,1763170127.776572,816441695.298571,5273.309551,63116,24808,csn,4.765816e+02,2.219495e-01,-1.330701e+02,-3.216598e+01,1.511188e+02,16,O,-999.000000,-999.000000,-999.000000,OU
2025-11-15T01:28:49,1763170129.776568,816441697.298568,5275.309551,63116,24808,csn,4.780938e+02,2.246463e-01,-1.330377e+02,-3.227226e+01,1.510092e+02,16,O,-999.000000,-999.000000,-999.000000,OU
2025-11-15T01:28:51,1763170131.776563,816441699.298563,5277.309551,63116,24808,csn,4.796092e+02,2.272575e-01,-1.330053e+02,-3.237843e+01,1.508998e+02,16,O,-999.000000,-999.000000,-999.000000,OU
2025-11-15T01:28:53,1763170133.776559,816441701.298559,5279.309551,63116,24808,csn,4.811278e+02,2.301112e-01,-1.329728e+02,-3.248451e+01,1.507901e+02,16,O,-999.000000,-999.000000,-999.000000,OU
2025-11-15T01:28:55,1763170135.776555,816441703.298555,5281.309551,63116,24808,csn,4.826496e+02,2.329104e-01,-1.329402e+02,-3.259049e+01,1.506805e+02,16,O,-999.000000,-999.000000,-999.000000,OU
2025-11-15T01:28:57,1763170137.776551,816441705.298551,5283.309551,63116,24808,csn,4.841745e+02,2.355412e-01,-1.329075e+02,-3.269637e+01,1.505713e+02,16,O,-999.000000,-999.000000,-999.000000,OU
2025-11-15T01:28:59,1763170139.776547,816441707.298547,5285.309551,63116,24808,csn,4.857025e+02,2.382046e-01,-1.328748e+02,-3.280215e+01,1.504621e+02,16,O,-999.000000,-999.000000,-999.000000,OU
2025-11-15T01:29:01,1763170141.776543,816441709.298543,5287.309551,63116,24808,csn,4.872337e+02,2.409246e-01,-1.328421e+02,-3.290784e+01,1.503530e+02,16,O,-999.000000,-999.000000,-999.000000,OU
2025-11-15T01:29:03,1763170143.776538,816441711.298538,5289.309551,63116,24808,csn,4.887681e+02,2.435369e-01,-1.328092e+02,-3.301342e+01,1.502440e+02,16,O,-999.000000,-999.000000,-999.000000,OU
2025-11-15T01:29:05,1763170145.776534,816441713.298534,5291.309551,63116,24808,csn,4.903055e+02,2.464316e-01,-1.327763e+02,-3.311890e+01,1.501347e+02,16,O,-999.000000,-999.000000,-999.000000,OU
2025-11-15T01:29:07,1763170147.776530,816441715.298530,5293.309551,63116,24808,csn,4.918460e+02,2.491734e-01,-1.327434e+02,-3.322428e+01,1.500258e+02,16,O,-999.000000,-999.000000,-999.000000,OU
2025-11-15T01:29:09,1763170149.776526,816441717.298526,5295.309551,63116,24808,csn,4.933897e+02,2.517943e-01,-1.327103e+02,-3.332956e+01,1.499171e+02,16,O,-999.000000,-999.000000,-999.000000,OU
2025-11-15T01:29:11,1763170151.776522,816441719.298522,5297.309551,63116,24808,csn,4.949364e+02,2.547495e-01,-1.326772e+02,-3.343475e+01,1.498080e+02,16,O,-999.000000,-999.000000,-999.000000,OU
2025-11-15T01:29:13,1763170153.776517,816441721.298517,5299.309551,63116,24808,csn,4.964862e+02,2.574596e-01,-1.326441e+02,-3.353983e+01,1.496993e+02,16,O,-999.000000,-999.000000,-999.000000,OU
2025-11-15T01:29:15,1763170155.776513,816441723.298513,5301.309551,63116,24808,csn,4.980391e+02,2.601062e-01,-1.326108e+02,-3.364481e+01,1.495908e+02,16,O,-999.000000,-999.000000,-999.000000,OU
2025-11-15T01:29:17,1763170157.776510,816441725.298510,5303.309551,63116,24808,csn,4.995950e+02,2.630203e-01,-1.325775e+02,-3.374969e+01,1.494820e+02,16,O,-999.000000,-999.000000,-999.000000,OU
2025-11-15T01:29:19,1763170159.776505,816441727.298505,5305.309551,63116,24808,csn,5.011541e+02,2.657104e-01,-1.325442e+02,-3.385447e+01,1.493736e+02,16,O,-999.000000,-999.000000,-999.000000,OU
2025-11-15T01:29:21,1763170161.776501,816441729.298501,5307.309551,63116,24808,csn,5.027161e+02,2.683665e-01,-1.325107e+02,-3.395915e+01,1.492654e+02,16,O,-999.000000,-999.000000,-999.000000,OU
2025-11-15T01:29:23,1763170163.776497,816441731.298497,5309.309551,63116,24808,csn,5.042812e+02,2.713372e-01,-1.324772e+02,-3.406373e+01,1.491567e+02,16,O,-999.000000,-999.000000,-999.000000,OU
2025-11-15T01:29:25,1763170165.776492,816441733.298492,5311.309551,63116,24808,csn,5.058493e+02,2.739956e-01,-1.324436e+02,-3.416821e+01,1.490487e+02,16,O,-999.000000,-999.000000,-999.000000,OU
2025-11-15T01:29:27,1763170167.776488,816441735.298488,5313.309551,63116,24808,csn,5.074205e+02,2.766820e-01,-1.324100e+02,-3.427259e+01,1.489407e+02,16,O,-999.000000,-999.000000,-999.000000,OU
2025-11-15T01:29:29,1763170169.776484,816441737.298484,5315.309551,63116,24808,csn,5.089947e+02,2.795771e-01,-1.323763e+02,-3.437686e+01,1.488324e+02,16,O,-999.000000,-999.000000,-999.000000,OU
2025-11-15T01:29:31,1763170171.776480,816441739.298480,5317.309551,63116,24808,csn,5.105718e+02,2.824221e-01,-1.323425e+02,-3.448104e+01,1.487243e+02,16,O,-999.000000,-999.000000,-999.000000,OU
2025-11-15T01:29:33,1763170173.776476,816441741.298476,5319.309551,63116,24808,csn,5.121520e+02,2.852252e-01,-1.323087e+02,-3.458511e+01,1.486163e+02,16,O,-999.000000,-999.000000,-999.000000,OU
2025-11-15T01:29:35,1763170175.776472,816441743.298472,5321.309551,63116,24808,csn,5.137352e+02,2.879692e-01,-1.322747e+02,-3.468908e+01,1.485086e+02,16,O,-999.000000,-999.000000,-999.000000,OU
2025-11-15T01:29:37,1763170177.776467,816441745.298468,5323.309551,63116,24808,csn,5.153213e+02,2.908075e-01,-1.322408e+02,-3.479296e+01,1.484007e+02,16,O,-999.000000,-999.000000,-999.000000,OU
2025-11-15T01:29:39,1763170179.776464,816441747.298464,5325.309551,63116,24808,csn,5.169104e+02,2.935529e-01,-1.322067e+02,-3.489672e+01,1.482931e+02,16,O,-999.000000,-999.000000,-999.000000,OU
2025-11-15T01:29:41,1763170181.776459,816441749.298460,5327.309551,63116,24808,csn,5.185025e+02,2.964073e-01,-1.321726e+02,-3.500039e+01,1.481854e+02,16,O,-999.000000,-999.000000,-999.000000,OU
2025-11-15T01:29:43,1763170183.776455,816441751.298455,5329.309551,63116,24808,csn,5.200975e+02,2.993224e-01,-1.321383e+02,-3.510396e+01,1.480777e+02,16,O,-999.000000,-999.000000,-999.000000,OU
2025-11-15T01:29:45,1763170185.776451,816441753.298451,5331.309551,63116,24808,csn,5.216955e+02,3.020381e-01,-1.321041e+02,-3.520742e+01,1.479705e+02,16,O,-999.000000,-999.000000,-999.000000,OU
2025-11-15T01:29:47,1763170187.776447,816441755.298447,5333.309551,63116,24808,csn,5.232964e+02,3.049115e-01,-1.320697e+02,-3.531078e+01,1.478630e+02,16,O,-999.000000,-999.000000,-999.000000,OU
2025-11-15T01:29:49,1763170189.776443,816441757.298443,5335.309551,63116,24808,csn,5.249002e+02,3.076412e-01,-1.320353e+02,-3.541404e+01,1.477559e+02,16,O,-999.000000,-999.000000,-999.000000,OU
2025-11-15T01:29:51,1763170191.776439,816441759.298439,5337.309551,63116,24808,csn,5.265070e+02,3.106160e-01,-1.320008e+02,-3.551720e+01,1.476484e+02,16,O,-999.000000,-999.000000,-999.000000,OU
2025-11-15T01:29:53,1763170193.776434,816441761.298434,5339.309551,63116,24808,csn,5.281166e+02,3.134601e-01,-1.319662e+02,-3.562025e+01,1.475413e+02,16,O,-999.000000,-999.000000,-999.000000,OU
2025-11-15T01:29:55,1763170195.776430,816441763.298429,5341.309551,63116,24808,csn,5.297292e+02,3.161494e-01,-1.319316e+02,-3.572321e+01,1.474345e+02,16,O,-999.000000,-999.000000,-999.000000,OU
