P,urn:nasa:pds:maven.swia.calibrated:data.onboard_svy_mom:mvn_swi_l2_onboardsvymom_20140319::2.0
P,urn:nasa:pds:maven.swia.calibrated:data.onboard_svy_mom:mvn_swi_l2_onboardsvymom_20140320::2.0
P,urn:nasa:pds:maven.swia.calibrated:data.onboard_svy_mom:mvn_swi_l2_onboardsvymom_20140321::2.0
P,urn:nasa:pds:maven.swia.calibrated:data.onboard_svy_mom:mvn_swi_l2_onboardsvymom_20140322::2.0
P,urn:nasa:pds:maven.swia.calibrated:data.onboard_svy_mom:mvn_swi_l2_onboardsvymom_20140323::2.0
P,urn:nasa:pds:maven.swia.calibrated:data.onboard_svy_mom:mvn_swi_l2_onboardsvymom_20140324::2.0
P,urn:nasa:pds:maven.swia.calibrated:data.onboard_svy_mom:mvn_swi_l2_onboardsvymom_20140325::2.0
P,urn:nasa:pds:maven.swia.calibrated:data.onboard_svy_mom:mvn_swi_l2_onboardsvymom_20140326::2.0
P,urn:nasa:pds:maven.swia.calibrated:data.onboard_svy_mom:mvn_swi_l2_onboardsvymom_20140327::2.0
P,urn:nasa:pds:maven.swia.calibrated:data.onboard_svy_mom:mvn_swi_l2_onboardsvymom_20140328::2.0
P,urn:nasa:pds:maven.swia.calibrated:data.onboard_svy_mom:mvn_swi_l2_onboardsvymom_20140329::2.0
P,urn:nasa:pds:maven.swia.calibrated:data.onboard_svy_mom:mvn_swi_l2_onboardsvymom_20140330::2.0
P,urn:nasa:pds:maven.swia.calibrated:data.onboard_svy_mom:mvn_swi_l2_onboardsvymom_20140331::2.0
P,urn:nasa:pds:maven.swia.calibrated:data.onboard_svy_mom:mvn_swi_l2_onboardsvymom_20140401::2.0
P,urn:nasa:pds:maven.swia.calibrated:data.onboard_svy_mom:mvn_swi_l2_onboardsvymom_20140402::2.0
P,urn:nasa:pds:maven.swia.calibrated:data.onboard_svy_mom:mvn_swi_l2_onboardsvymom_20140403::2.0
P,urn:nasa:pds:maven.swia.calibrated:data.onboard_svy_mom:mvn_swi_l2_onboardsvymom_20140404::2.0
P,urn:nasa:pds:maven.swia.calibrated:data.onboard_svy_mom:mvn_swi_l2_onboardsvymom_20140405::2.0
P,urn:nasa:pds:maven.swia.calibrated:data.onboard_svy_mom:mvn_swi_l2_onboardsvymom_20140406::2.0
P,urn:nasa:pds:maven.swia.calibrated:data.onboard_svy_mom:mvn_swi_l2_onboardsvymom_20140407::2.0
P,urn:nasa:pds:maven.swia.calibrated:data.onboard_svy_mom:mvn_swi_l2_onboardsvymom_20140408::2.0
P,urn:nasa:pds:maven.swia.calibrated:data.onboard_svy_mom:mvn_swi_l2_onboardsvymom_20140409::2.0
P,urn:nasa:pds:maven.swia.calibrated:data.onboard_svy_mom:mvn_swi_l2_onboardsvymom_20140410::2.0
P,urn:nasa:pds:maven.swia.calibrated:data.onboard_svy_mom:mvn_swi_l2_onboardsvymom_20140411::2.0
P,urn:nasa:pds:maven.swia.calibrated:data.onboard_svy_mom:mvn_swi_l2_onboardsvymom_20140412::2.0
P,urn:nasa:pds:maven.swia.calibrated:data.onboard_svy_mom:mvn_swi_l2_onboardsvymom_20140413::2.0
P,urn:nasa:pds:maven.swia.calibrated:data.onboard_svy_mom:mvn_swi_l2_onboardsvymom_20140414::2.0
P,urn:nasa:pds:maven.swia.calibrated:data.onboard_svy_mom:mvn_swi_l2_onboardsvymom_20140415::2.0
P,urn:nasa:pds:maven.swia.calibrated:data.onboard_svy_mom:mvn_swi_l2_onboardsvymom_20140416::2.0
P,urn:nasa:pds:maven.swia.calibrated:data.onboard_svy_mom:mvn_swi_l2_onboardsvymom_20140417::2.0
P,urn:nasa:pds:maven.swia.calibrated:data.onboard_svy_mom:mvn_swi_l2_onboardsvymom_20140418::2.0
P,urn:nasa:pds:maven.swia.calibrated:data.onboard_svy_mom:mvn_swi_l2_onboardsvymom_20140419::2.0
P,urn:nasa:pds:maven.swia.calibrated:data.onboard_svy_mom:mvn_swi_l2_onboardsvymom_20140420::2.0
P,urn:nasa:pds:maven.swia.calibrated:data.onboard_svy_mom:mvn_swi_l2_onboardsvymom_20140421::2.0
P,urn:nasa:pds:maven.swia.calibrated:data.onboard_svy_mom:mvn_swi_l2_onboardsvymom_20140422::2.0
P,urn:nasa:pds:maven.swia.calibrated:data.onboard_svy_mom:mvn_swi_l2_onboardsvymom_20140423::2.0
P,urn:nasa:pds:maven.swia.calibrated:data.onboard_svy_mom:mvn_swi_l2_onboardsvymom_20140424::2.0
P,urn:nasa:pds:maven.swia.calibrated:data.onboard_svy_mom:mvn_swi_l2_onboardsvymom_20140425::2.0
P,urn:nasa:pds:maven.swia.calibrated:data.onboard_svy_mom:mvn_swi_l2_onboardsvymom_20140426::2.0
P,urn:nasa:pds:maven.swia.calibrated:data.onboard_svy_mom:mvn_swi_l2_onboardsvymom_20140427::2.0
P,urn:nasa:pds:maven.swia.calibrated:data.onboard_svy_mom:mvn_swi_l2_onboardsvymom_20140428::2.0
P,urn:nasa:pds:maven.swia.calibrated:data.onboard_svy_mom:mvn_swi_l2_onboardsvymom_20140429::2.0
P,urn:nasa:pds:maven.swia.calibrated:data.onboard_svy_mom:mvn_swi_l2_onboardsvymom_20140430::2.0
P,urn:nasa:pds:maven.swia.calibrated:data.onboard_svy_mom:mvn_swi_l2_onboardsvymom_20140501::2.0
P,urn:nasa:pds:maven.swia.calibrated:data.onboard_svy_mom:mvn_swi_l2_onboardsvymom_20140502::2.0
P,urn:nasa:pds:maven.swia.calibrated:data.onboard_svy_mom:mvn_swi_l2_onboardsvymom_20140503::2.0
P,urn:nasa:pds:maven.swia.calibrated:data.onboard_svy_mom:mvn_swi_l2_onboardsvymom_20140504::2.0
P,urn:nasa:pds:maven.swia.calibrated:data.onboard_svy_mom:mvn_swi_l2_onboardsvymom_20140505::2.0
P,urn:nasa:pds:maven.swia.calibrated:data.onboard_svy_mom:mvn_swi_l2_onboardsvymom_20140506::2.0
P,urn:nasa:pds:maven.swia.calibrated:data.onboard_svy_mom:mvn_swi_l2_onboardsvymom_20140507::2.0
P,urn:nasa:pds:maven.swia.calibrated:data.onboard_svy_mom:mvn_swi_l2_onboardsvymom_20140508::2.0
P,urn:nasa:pds:maven.swia.calibrated:data.onboard_svy_mom:mvn_swi_l2_onboardsvymom_20140509::2.0
P,urn:nasa:pds:maven.swia.calibrated:data.onboard_svy_mom:mvn_swi_l2_onboardsvymom_20140510::2.0
P,urn:nasa:pds:maven.swia.calibrated:data.onboard_svy_mom:mvn_swi_l2_onboardsvymom_20140511::2.0
P,urn:nasa:pds:maven.swia.calibrated:data.onboard_svy_mom:mvn_swi_l2_onboardsvymom_20140512::2.0
P,urn:nasa:pds:maven.swia.calibrated:data.onboard_svy_mom:mvn_swi_l2_onboardsvymom_20140513::2.0
P,urn:nasa:pds:maven.swia.calibrated:data.onboard_svy_mom:mvn_swi_l2_onboardsvymom_20140514::2.0
P,urn:nasa:pds:maven.swia.calibrated:data.onboard_svy_mom:mvn_swi_l2_onboardsvymom_20140515::2.0
P,urn:nasa:pds:maven.swia.calibrated:data.onboard_svy_mom:mvn_swi_l2_onboardsvymom_20140516::2.0
P,urn:nasa:pds:maven.swia.calibrated:data.onboard_svy_mom:mvn_swi_l2_onboardsvymom_20140517::2.0
P,urn:nasa:pds:maven.swia.calibrated:data.onboard_svy_mom:mvn_swi_l2_onboardsvymom_20140518::2.0
P,urn:nasa:pds:maven.swia.calibrated:data.onboard_svy_mom:mvn_swi_l2_onboardsvymom_20140519::2.0
P,urn:nasa:pds:maven.swia.calibrated:data.onboard_svy_mom:mvn_swi_l2_onboardsvymom_20140520::2.0
P,urn:nasa:pds:maven.swia.calibrated:data.onboard_svy_mom:mvn_swi_l2_onboardsvymom_20140521::2.0
P,urn:nasa:pds:maven.swia.calibrated:data.onboard_svy_mom:mvn_swi_l2_onboardsvymom_20140522::2.0
P,urn:nasa:pds:maven.swia.calibrated:data.onboard_svy_mom:mvn_swi_l2_onboardsvymom_20140523::2.0
P,urn:nasa:pds:maven.swia.calibrated:data.onboard_svy_mom:mvn_swi_l2_onboardsvymom_20140524::2.0
P,urn:nasa:pds:maven.swia.calibrated:data.onboard_svy_mom:mvn_swi_l2_onboardsvymom_20140525::2.0
P,urn:nasa:pds:maven.swia.calibrated:data.onboard_svy_mom:mvn_swi_l2_onboardsvymom_20140526::2.0
P,urn:nasa:pds:maven.swia.calibrated:data.onboard_svy_mom:mvn_swi_l2_onboardsvymom_20140527::2.0
P,urn:nasa:pds:maven.swia.calibrated:data.onboard_svy_mom:mvn_swi_l2_onboardsvymom_20140528::2.0
P,urn:nasa:pds:maven.swia.calibrated:data.onboard_svy_mom:mvn_swi_l2_onboardsvymom_20140529::2.0
P,urn:nasa:pds:maven.swia.calibrated:data.onboard_svy_mom:mvn_swi_l2_onboardsvymom_20140530::2.0
P,urn:nasa:pds:maven.swia.calibrated:data.onboard_svy_mom:mvn_swi_l2_onboardsvymom_20140531::2.0
P,urn:nasa:pds:maven.swia.calibrated:data.onboard_svy_mom:mvn_swi_l2_onboardsvymom_20140601::2.0
P,urn:nasa:pds:maven.swia.calibrated:data.onboard_svy_mom:mvn_swi_l2_onboardsvymom_20140602::2.0
P,urn:nasa:pds:maven.swia.calibrated:data.onboard_svy_mom:mvn_swi_l2_onboardsvymom_20140603::2.0
P,urn:nasa:pds:maven.swia.calibrated:data.onboard_svy_mom:mvn_swi_l2_onboardsvymom_20140604::2.0
P,urn:nasa:pds:maven.swia.calibrated:data.onboard_svy_mom:mvn_swi_l2_onboardsvymom_20140605::2.0
P,urn:nasa:pds:maven.swia.calibrated:data.onboard_svy_mom:mvn_swi_l2_onboardsvymom_20140606::2.0
P,urn:nasa:pds:maven.swia.calibrated:data.onboard_svy_mom:mvn_swi_l2_onboardsvymom_20140607::2.0
P,urn:nasa:pds:maven.swia.calibrated:data.onboard_svy_mom:mvn_swi_l2_onboardsvymom_20140608::2.0
P,urn:nasa:pds:maven.swia.calibrated:data.onboard_svy_mom:mvn_swi_l2_onboardsvymom_20140609::2.0
P,urn:nasa:pds:maven.swia.calibrated:data.onboard_svy_mom:mvn_swi_l2_onboardsvymom_20140610::2.0
P,urn:nasa:pds:maven.swia.calibrated:data.onboard_svy_mom:mvn_swi_l2_onboardsvymom_20140611::2.0
P,urn:nasa:pds:maven.swia.calibrated:data.onboard_svy_mom:mvn_swi_l2_onboardsvymom_20140612::2.0
P,urn:nasa:pds:maven.swia.calibrated:data.onboard_svy_mom:mvn_swi_l2_onboardsvymom_20140613::2.0
P,urn:nasa:pds:maven.swia.calibrated:data.onboard_svy_mom:mvn_swi_l2_onboardsvymom_20140614::2.0
P,urn:nasa:pds:maven.swia.calibrated:data.onboard_svy_mom:mvn_swi_l2_onboardsvymom_20140615::2.0
P,urn:nasa:pds:maven.swia.calibrated:data.onboard_svy_mom:mvn_swi_l2_onboardsvymom_20140616::2.0
P,urn:nasa:pds:maven.swia.calibrated:data.onboard_svy_mom:mvn_swi_l2_onboardsvymom_20140617::2.0
P,urn:nasa:pds:maven.swia.calibrated:data.onboard_svy_mom:mvn_swi_l2_onboardsvymom_20140618::2.0
P,urn:nasa:pds:maven.swia.calibrated:data.onboard_svy_mom:mvn_swi_l2_onboardsvymom_20140619::2.0
P,urn:nasa:pds:maven.swia.calibrated:data.onboard_svy_mom:mvn_swi_l2_onboardsvymom_20140620::2.0
P,urn:nasa:pds:maven.swia.calibrated:data.onboard_svy_mom:mvn_swi_l2_onboardsvymom_20140621::2.0
P,urn:nasa:pds:maven.swia.calibrated:data.onboard_svy_mom:mvn_swi_l2_onboardsvymom_20140622::2.0
P,urn:nasa:pds:maven.swia.calibrated:data.onboard_svy_mom:mvn_swi_l2_onboardsvymom_20140623::2.0
P,urn:nasa:pds:maven.swia.calibrated:data.onboard_svy_mom:mvn_swi_l2_onboardsvymom_20140624::2.0
P,urn:nasa:pds:maven.swia.calibrated:data.onboard_svy_mom:mvn_swi_l2_onboardsvymom_20140625::2.0
P,urn:nasa:pds:maven.swia.calibrated:data.onboard_svy_mom:mvn_swi_l2_onboardsvymom_20140626::2.0
P,urn:nasa:pds:maven.swia.calibrated:data.onboard_svy_mom:mvn_swi_l2_onboardsvymom_20140627::2.0
P,urn:nasa:pds:maven.swia.calibrated:data.onboard_svy_mom:mvn_swi_l2_onboardsvymom_20140628::2.0
P,urn:nasa:pds:maven.swia.calibrated:data.onboard_svy_mom:mvn_swi_l2_onboardsvymom_20140629::2.0
P,urn:nasa:pds:maven.swia.calibrated:data.onboard_svy_mom:mvn_swi_l2_onboardsvymom_20140630::2.0
P,urn:nasa:pds:maven.swia.calibrated:data.onboard_svy_mom:mvn_swi_l2_onboardsvymom_20140701::2.0
P,urn:nasa:pds:maven.swia.calibrated:data.onboard_svy_mom:mvn_swi_l2_onboardsvymom_20140702::2.0
P,urn:nasa:pds:maven.swia.calibrated:data.onboard_svy_mom:mvn_swi_l2_onboardsvymom_20140703::2.0
P,urn:nasa:pds:maven.swia.calibrated:data.onboard_svy_mom:mvn_swi_l2_onboardsvymom_20140704::2.0
P,urn:nasa:pds:maven.swia.calibrated:data.onboard_svy_mom:mvn_swi_l2_onboardsvymom_20140705::2.0
P,urn:nasa:pds:maven.swia.calibrated:data.onboard_svy_mom:mvn_swi_l2_onboardsvymom_20140706::2.0
P,urn:nasa:pds:maven.swia.calibrated:data.onboard_svy_mom:mvn_swi_l2_onboardsvymom_20140707::2.0
P,urn:nasa:pds:maven.swia.calibrated:data.onboard_svy_mom:mvn_swi_l2_onboardsvymom_20140708::2.0
P,urn:nasa:pds:maven.swia.calibrated:data.onboard_svy_mom:mvn_swi_l2_onboardsvymom_20140709::2.0
P,urn:nasa:pds:maven.swia.calibrated:data.onboard_svy_mom:mvn_swi_l2_onboardsvymom_20140710::2.0
P,urn:nasa:pds:maven.swia.calibrated:data.onboard_svy_mom:mvn_swi_l2_onboardsvymom_20140711::2.0
P,urn:nasa:pds:maven.swia.calibrated:data.onboard_svy_mom:mvn_swi_l2_onboardsvymom_20140712::2.0
P,urn:nasa:pds:maven.swia.calibrated:data.onboard_svy_mom:mvn_swi_l2_onboardsvymom_20140713::2.0
P,urn:nasa:pds:maven.swia.calibrated:data.onboard_svy_mom:mvn_swi_l2_onboardsvymom_20140714::2.0
P,urn:nasa:pds:maven.swia.calibrated:data.onboard_svy_mom:mvn_swi_l2_onboardsvymom_20141006::2.0
P,urn:nasa:pds:maven.swia.calibrated:data.onboard_svy_mom:mvn_swi_l2_onboardsvymom_20141007::2.0
P,urn:nasa:pds:maven.swia.calibrated:data.onboard_svy_mom:mvn_swi_l2_onboardsvymom_20141008::2.0
P,urn:nasa:pds:maven.swia.calibrated:data.onboard_svy_mom:mvn_swi_l2_onboardsvymom_20141009::2.0
P,urn:nasa:pds:maven.swia.calibrated:data.onboard_svy_mom:mvn_swi_l2_onboardsvymom_20141010::2.0
P,urn:nasa:pds:maven.swia.calibrated:data.onboard_svy_mom:mvn_swi_l2_onboardsvymom_20141011::2.0
P,urn:nasa:pds:maven.swia.calibrated:data.onboard_svy_mom:mvn_swi_l2_onboardsvymom_20141012::2.0
P,urn:nasa:pds:maven.swia.calibrated:data.onboard_svy_mom:mvn_swi_l2_onboardsvymom_20141013::2.0
P,urn:nasa:pds:maven.swia.calibrated:data.onboard_svy_mom:mvn_swi_l2_onboardsvymom_20141014::2.0
P,urn:nasa:pds:maven.swia.calibrated:data.onboard_svy_mom:mvn_swi_l2_onboardsvymom_20141015::2.0
P,urn:nasa:pds:maven.swia.calibrated:data.onboard_svy_mom:mvn_swi_l2_onboardsvymom_20141016::2.0
P,urn:nasa:pds:maven.swia.calibrated:data.onboard_svy_mom:mvn_swi_l2_onboardsvymom_20141017::2.0
P,urn:nasa:pds:maven.swia.calibrated:data.onboard_svy_mom:mvn_swi_l2_onboardsvymom_20141018::2.0
P,urn:nasa:pds:maven.swia.calibrated:data.onboard_svy_mom:mvn_swi_l2_onboardsvymom_20141019::2.0
P,urn:nasa:pds:maven.swia.calibrated:data.onboard_svy_mom:mvn_swi_l2_onboardsvymom_20141020::2.0
P,urn:nasa:pds:maven.swia.calibrated:data.onboard_svy_mom:mvn_swi_l2_onboardsvymom_20141021::2.0
P,urn:nasa:pds:maven.swia.calibrated:data.onboard_svy_mom:mvn_swi_l2_onboardsvymom_20141022::2.0
P,urn:nasa:pds:maven.swia.calibrated:data.onboard_svy_mom:mvn_swi_l2_onboardsvymom_20141023::2.0
P,urn:nasa:pds:maven.swia.calibrated:data.onboard_svy_mom:mvn_swi_l2_onboardsvymom_20141024::2.0
P,urn:nasa:pds:maven.swia.calibrated:data.onboard_svy_mom:mvn_swi_l2_onboardsvymom_20141025::2.0
P,urn:nasa:pds:maven.swia.calibrated:data.onboard_svy_mom:mvn_swi_l2_onboardsvymom_20141029::2.0
P,urn:nasa:pds:maven.swia.calibrated:data.onboard_svy_mom:mvn_swi_l2_onboardsvymom_20141030::2.0
P,urn:nasa:pds:maven.swia.calibrated:data.onboard_svy_mom:mvn_swi_l2_onboardsvymom_20141031::2.0
P,urn:nasa:pds:maven.swia.calibrated:data.onboard_svy_mom:mvn_swi_l2_onboardsvymom_20141101::2.0
P,urn:nasa:pds:maven.swia.calibrated:data.onboard_svy_mom:mvn_swi_l2_onboardsvymom_20141111::2.0
P,urn:nasa:pds:maven.swia.calibrated:data.onboard_svy_mom:mvn_swi_l2_onboardsvymom_20141112::2.0
P,urn:nasa:pds:maven.swia.calibrated:data.onboard_svy_mom:mvn_swi_l2_onboardsvymom_20141113::2.0
P,urn:nasa:pds:maven.swia.calibrated:data.onboard_svy_mom:mvn_swi_l2_onboardsvymom_20141114::2.0
P,urn:nasa:pds:maven.swia.calibrated:data.onboard_svy_mom:mvn_swi_l2_onboardsvymom_20141115::2.0
P,urn:nasa:pds:maven.swia.calibrated:data.onboard_svy_mom:mvn_swi_l2_onboardsvymom_20141116::2.0
P,urn:nasa:pds:maven.swia.calibrated:data.onboard_svy_mom:mvn_swi_l2_onboardsvymom_20141117::2.0
P,urn:nasa:pds:maven.swia.calibrated:data.onboard_svy_mom:mvn_swi_l2_onboardsvymom_20141118::2.0
P,urn:nasa:pds:maven.swia.calibrated:data.onboard_svy_mom:mvn_swi_l2_onboardsvymom_20141119::2.0
P,urn:nasa:pds:maven.swia.calibrated:data.onboard_svy_mom:mvn_swi_l2_onboardsvymom_20141127::2.0
P,urn:nasa:pds:maven.swia.calibrated:data.onboard_svy_mom:mvn_swi_l2_onboardsvymom_20141128::2.0
P,urn:nasa:pds:maven.swia.calibrated:data.onboard_svy_mom:mvn_swi_l2_onboardsvymom_20141129::2.0
P,urn:nasa:pds:maven.swia.calibrated:data.onboard_svy_mom:mvn_swi_l2_onboardsvymom_20141130::2.0
P,urn:nasa:pds:maven.swia.calibrated:data.onboard_svy_mom:mvn_swi_l2_onboardsvymom_20141201::2.0
P,urn:nasa:pds:maven.swia.calibrated:data.onboard_svy_mom:mvn_swi_l2_onboardsvymom_20141202::2.0
P,urn:nasa:pds:maven.swia.calibrated:data.onboard_svy_mom:mvn_swi_l2_onboardsvymom_20141203::2.0
P,urn:nasa:pds:maven.swia.calibrated:data.onboard_svy_mom:mvn_swi_l2_onboardsvymom_20141204::2.0
P,urn:nasa:pds:maven.swia.calibrated:data.onboard_svy_mom:mvn_swi_l2_onboardsvymom_20141205::2.0
P,urn:nasa:pds:maven.swia.calibrated:data.onboard_svy_mom:mvn_swi_l2_onboardsvymom_20141206::2.0
P,urn:nasa:pds:maven.swia.calibrated:data.onboard_svy_mom:mvn_swi_l2_onboardsvymom_20141207::2.0
P,urn:nasa:pds:maven.swia.calibrated:data.onboard_svy_mom:mvn_swi_l2_onboardsvymom_20141208::2.0
P,urn:nasa:pds:maven.swia.calibrated:data.onboard_svy_mom:mvn_swi_l2_onboardsvymom_20141209::2.0
P,urn:nasa:pds:maven.swia.calibrated:data.onboard_svy_mom:mvn_swi_l2_onboardsvymom_20141210::2.0
P,urn:nasa:pds:maven.swia.calibrated:data.onboard_svy_mom:mvn_swi_l2_onboardsvymom_20141211::2.0
P,urn:nasa:pds:maven.swia.calibrated:data.onboard_svy_mom:mvn_swi_l2_onboardsvymom_20141212::2.0
P,urn:nasa:pds:maven.swia.calibrated:data.onboard_svy_mom:mvn_swi_l2_onboardsvymom_20141213::2.0
P,urn:nasa:pds:maven.swia.calibrated:data.onboard_svy_mom:mvn_swi_l2_onboardsvymom_20141214::2.0
P,urn:nasa:pds:maven.swia.calibrated:data.onboard_svy_mom:mvn_swi_l2_onboardsvymom_20141215::2.0
P,urn:nasa:pds:maven.swia.calibrated:data.onboard_svy_mom:mvn_swi_l2_onboardsvymom_20141216::2.0
P,urn:nasa:pds:maven.swia.calibrated:data.onboard_svy_mom:mvn_swi_l2_onboardsvymom_20141217::2.0
P,urn:nasa:pds:maven.swia.calibrated:data.onboard_svy_mom:mvn_swi_l2_onboardsvymom_20141218::2.0
P,urn:nasa:pds:maven.swia.calibrated:data.onboard_svy_mom:mvn_swi_l2_onboardsvymom_20141219::2.0
P,urn:nasa:pds:maven.swia.calibrated:data.onboard_svy_mom:mvn_swi_l2_onboardsvymom_20141220::2.0
P,urn:nasa:pds:maven.swia.calibrated:data.onboard_svy_mom:mvn_swi_l2_onboardsvymom_20141221::2.0
P,urn:nasa:pds:maven.swia.calibrated:data.onboard_svy_mom:mvn_swi_l2_onboardsvymom_20141222::2.0
P,urn:nasa:pds:maven.swia.calibrated:data.onboard_svy_mom:mvn_swi_l2_onboardsvymom_20141223::2.0
P,urn:nasa:pds:maven.swia.calibrated:data.onboard_svy_mom:mvn_swi_l2_onboardsvymom_20141224::2.0
P,urn:nasa:pds:maven.swia.calibrated:data.onboard_svy_mom:mvn_swi_l2_onboardsvymom_20141225::2.0
P,urn:nasa:pds:maven.swia.calibrated:data.onboard_svy_mom:mvn_swi_l2_onboardsvymom_20141226::2.0
P,urn:nasa:pds:maven.swia.calibrated:data.onboard_svy_mom:mvn_swi_l2_onboardsvymom_20141227::2.0
P,urn:nasa:pds:maven.swia.calibrated:data.onboard_svy_mom:mvn_swi_l2_onboardsvymom_20141228::2.0
P,urn:nasa:pds:maven.swia.calibrated:data.onboard_svy_mom:mvn_swi_l2_onboardsvymom_20141229::2.0
P,urn:nasa:pds:maven.swia.calibrated:data.onboard_svy_mom:mvn_swi_l2_onboardsvymom_20141230::2.0
P,urn:nasa:pds:maven.swia.calibrated:data.onboard_svy_mom:mvn_swi_l2_onboardsvymom_20141231::2.0
P,urn:nasa:pds:maven.swia.calibrated:data.onboard_svy_mom:mvn_swi_l2_onboardsvymom_20150101::2.0
P,urn:nasa:pds:maven.swia.calibrated:data.onboard_svy_mom:mvn_swi_l2_onboardsvymom_20150102::2.0
P,urn:nasa:pds:maven.swia.calibrated:data.onboard_svy_mom:mvn_swi_l2_onboardsvymom_20150103::2.0
P,urn:nasa:pds:maven.swia.calibrated:data.onboard_svy_mom:mvn_swi_l2_onboardsvymom_20150104::2.0
P,urn:nasa:pds:maven.swia.calibrated:data.onboard_svy_mom:mvn_swi_l2_onboardsvymom_20150105::2.0
P,urn:nasa:pds:maven.swia.calibrated:data.onboard_svy_mom:mvn_swi_l2_onboardsvymom_20150106::2.0
P,urn:nasa:pds:maven.swia.calibrated:data.onboard_svy_mom:mvn_swi_l2_onboardsvymom_20150107::2.0
P,urn:nasa:pds:maven.swia.calibrated:data.onboard_svy_mom:mvn_swi_l2_onboardsvymom_20150108::2.0
P,urn:nasa:pds:maven.swia.calibrated:data.onboard_svy_mom:mvn_swi_l2_onboardsvymom_20150109::2.0
P,urn:nasa:pds:maven.swia.calibrated:data.onboard_svy_mom:mvn_swi_l2_onboardsvymom_20150110::2.0
P,urn:nasa:pds:maven.swia.calibrated:data.onboard_svy_mom:mvn_swi_l2_onboardsvymom_20150111::2.0
P,urn:nasa:pds:maven.swia.calibrated:data.onboard_svy_mom:mvn_swi_l2_onboardsvymom_20150112::2.0
P,urn:nasa:pds:maven.swia.calibrated:data.onboard_svy_mom:mvn_swi_l2_onboardsvymom_20150113::2.0
P,urn:nasa:pds:maven.swia.calibrated:data.onboard_svy_mom:mvn_swi_l2_onboardsvymom_20150114::2.0
P,urn:nasa:pds:maven.swia.calibrated:data.onboard_svy_mom:mvn_swi_l2_onboardsvymom_20150115::2.0
P,urn:nasa:pds:maven.swia.calibrated:data.onboard_svy_mom:mvn_swi_l2_onboardsvymom_20150116::2.0
P,urn:nasa:pds:maven.swia.calibrated:data.onboard_svy_mom:mvn_swi_l2_onboardsvymom_20150117::2.0
P,urn:nasa:pds:maven.swia.calibrated:data.onboard_svy_mom:mvn_swi_l2_onboardsvymom_20150118::2.0
P,urn:nasa:pds:maven.swia.calibrated:data.onboard_svy_mom:mvn_swi_l2_onboardsvymom_20150119::2.0
P,urn:nasa:pds:maven.swia.calibrated:data.onboard_svy_mom:mvn_swi_l2_onboardsvymom_20150120::2.0
P,urn:nasa:pds:maven.swia.calibrated:data.onboard_svy_mom:mvn_swi_l2_onboardsvymom_20150121::2.0
P,urn:nasa:pds:maven.swia.calibrated:data.onboard_svy_mom:mvn_swi_l2_onboardsvymom_20150122::2.0
P,urn:nasa:pds:maven.swia.calibrated:data.onboard_svy_mom:mvn_swi_l2_onboardsvymom_20150123::2.0
P,urn:nasa:pds:maven.swia.calibrated:data.onboard_svy_mom:mvn_swi_l2_onboardsvymom_20150124::2.0
P,urn:nasa:pds:maven.swia.calibrated:data.onboard_svy_mom:mvn_swi_l2_onboardsvymom_20150125::2.0
P,urn:nasa:pds:maven.swia.calibrated:data.onboard_svy_mom:mvn_swi_l2_onboardsvymom_20150126::2.0
P,urn:nasa:pds:maven.swia.calibrated:data.onboard_svy_mom:mvn_swi_l2_onboardsvymom_20150127::2.0
P,urn:nasa:pds:maven.swia.calibrated:data.onboard_svy_mom:mvn_swi_l2_onboardsvymom_20150128::2.0
P,urn:nasa:pds:maven.swia.calibrated:data.onboard_svy_mom:mvn_swi_l2_onboardsvymom_20150129::2.0
P,urn:nasa:pds:maven.swia.calibrated:data.onboard_svy_mom:mvn_swi_l2_onboardsvymom_20150130::2.0
P,urn:nasa:pds:maven.swia.calibrated:data.onboard_svy_mom:mvn_swi_l2_onboardsvymom_20150131::2.0
P,urn:nasa:pds:maven.swia.calibrated:data.onboard_svy_mom:mvn_swi_l2_onboardsvymom_20150201::2.0
P,urn:nasa:pds:maven.swia.calibrated:data.onboard_svy_mom:mvn_swi_l2_onboardsvymom_20150202::2.0
P,urn:nasa:pds:maven.swia.calibrated:data.onboard_svy_mom:mvn_swi_l2_onboardsvymom_20150203::2.0
P,urn:nasa:pds:maven.swia.calibrated:data.onboard_svy_mom:mvn_swi_l2_onboardsvymom_20150204::2.0
P,urn:nasa:pds:maven.swia.calibrated:data.onboard_svy_mom:mvn_swi_l2_onboardsvymom_20150205::2.0
P,urn:nasa:pds:maven.swia.calibrated:data.onboard_svy_mom:mvn_swi_l2_onboardsvymom_20150206::2.0
P,urn:nasa:pds:maven.swia.calibrated:data.onboard_svy_mom:mvn_swi_l2_onboardsvymom_20150207::2.0
P,urn:nasa:pds:maven.swia.calibrated:data.onboard_svy_mom:mvn_swi_l2_onboardsvymom_20150208::2.0
P,urn:nasa:pds:maven.swia.calibrated:data.onboard_svy_mom:mvn_swi_l2_onboardsvymom_20150209::2.0
P,urn:nasa:pds:maven.swia.calibrated:data.onboard_svy_mom:mvn_swi_l2_onboardsvymom_20150210::2.0
P,urn:nasa:pds:maven.swia.calibrated:data.onboard_svy_mom:mvn_swi_l2_onboardsvymom_20150211::2.0
P,urn:nasa:pds:maven.swia.calibrated:data.onboard_svy_mom:mvn_swi_l2_onboardsvymom_20150212::2.0
P,urn:nasa:pds:maven.swia.calibrated:data.onboard_svy_mom:mvn_swi_l2_onboardsvymom_20150213::2.0
P,urn:nasa:pds:maven.swia.calibrated:data.onboard_svy_mom:mvn_swi_l2_onboardsvymom_20150214::2.0
P,urn:nasa:pds:maven.swia.calibrated:data.onboard_svy_mom:mvn_swi_l2_onboardsvymom_20150215::2.0
P,urn:nasa:pds:maven.swia.calibrated:data.onboard_svy_mom:mvn_swi_l2_onboardsvymom_20150216::2.0
P,urn:nasa:pds:maven.swia.calibrated:data.onboard_svy_mom:mvn_swi_l2_onboardsvymom_20150217::2.0
P,urn:nasa:pds:maven.swia.calibrated:data.onboard_svy_mom:mvn_swi_l2_onboardsvymom_20150218::2.0
P,urn:nasa:pds:maven.swia.calibrated:data.onboard_svy_mom:mvn_swi_l2_onboardsvymom_20150219::2.0
P,urn:nasa:pds:maven.swia.calibrated:data.onboard_svy_mom:mvn_swi_l2_onboardsvymom_20150220::2.0
P,urn:nasa:pds:maven.swia.calibrated:data.onboard_svy_mom:mvn_swi_l2_onboardsvymom_20150221::2.0
P,urn:nasa:pds:maven.swia.calibrated:data.onboard_svy_mom:mvn_swi_l2_onboardsvymom_20150222::2.0
P,urn:nasa:pds:maven.swia.calibrated:data.onboard_svy_mom:mvn_swi_l2_onboardsvymom_20150223::2.0
P,urn:nasa:pds:maven.swia.calibrated:data.onboard_svy_mom:mvn_swi_l2_onboardsvymom_20150224::2.0
P,urn:nasa:pds:maven.swia.calibrated:data.onboard_svy_mom:mvn_swi_l2_onboardsvymom_20150225::2.0
P,urn:nasa:pds:maven.swia.calibrated:data.onboard_svy_mom:mvn_swi_l2_onboardsvymom_20150226::2.0
P,urn:nasa:pds:maven.swia.calibrated:data.onboard_svy_mom:mvn_swi_l2_onboardsvymom_20150227::2.0
P,urn:nasa:pds:maven.swia.calibrated:data.onboard_svy_mom:mvn_swi_l2_onboardsvymom_20150228::2.0
P,urn:nasa:pds:maven.swia.calibrated:data.onboard_svy_mom:mvn_swi_l2_onboardsvymom_20150301::2.0
P,urn:nasa:pds:maven.swia.calibrated:data.onboard_svy_mom:mvn_swi_l2_onboardsvymom_20150302::2.0
P,urn:nasa:pds:maven.swia.calibrated:data.onboard_svy_mom:mvn_swi_l2_onboardsvymom_20150303::2.0
P,urn:nasa:pds:maven.swia.calibrated:data.onboard_svy_mom:mvn_swi_l2_onboardsvymom_20150304::2.0
P,urn:nasa:pds:maven.swia.calibrated:data.onboard_svy_mom:mvn_swi_l2_onboardsvymom_20150305::2.0
P,urn:nasa:pds:maven.swia.calibrated:data.onboard_svy_mom:mvn_swi_l2_onboardsvymom_20150306::2.0
P,urn:nasa:pds:maven.swia.calibrated:data.onboard_svy_mom:mvn_swi_l2_onboardsvymom_20150307::2.0
P,urn:nasa:pds:maven.swia.calibrated:data.onboard_svy_mom:mvn_swi_l2_onboardsvymom_20150308::2.0
P,urn:nasa:pds:maven.swia.calibrated:data.onboard_svy_mom:mvn_swi_l2_onboardsvymom_20150309::2.0
P,urn:nasa:pds:maven.swia.calibrated:data.onboard_svy_mom:mvn_swi_l2_onboardsvymom_20150310::2.0
P,urn:nasa:pds:maven.swia.calibrated:data.onboard_svy_mom:mvn_swi_l2_onboardsvymom_20150311::2.0
P,urn:nasa:pds:maven.swia.calibrated:data.onboard_svy_mom:mvn_swi_l2_onboardsvymom_20150312::2.0
P,urn:nasa:pds:maven.swia.calibrated:data.onboard_svy_mom:mvn_swi_l2_onboardsvymom_20150313::2.0
P,urn:nasa:pds:maven.swia.calibrated:data.onboard_svy_mom:mvn_swi_l2_onboardsvymom_20150314::2.0
P,urn:nasa:pds:maven.swia.calibrated:data.onboard_svy_mom:mvn_swi_l2_onboardsvymom_20150315::2.0
P,urn:nasa:pds:maven.swia.calibrated:data.onboard_svy_mom:mvn_swi_l2_onboardsvymom_20150316::2.0
P,urn:nasa:pds:maven.swia.calibrated:data.onboard_svy_mom:mvn_swi_l2_onboardsvymom_20150317::2.0
P,urn:nasa:pds:maven.swia.calibrated:data.onboard_svy_mom:mvn_swi_l2_onboardsvymom_20150318::2.0
P,urn:nasa:pds:maven.swia.calibrated:data.onboard_svy_mom:mvn_swi_l2_onboardsvymom_20150319::2.0
P,urn:nasa:pds:maven.swia.calibrated:data.onboard_svy_mom:mvn_swi_l2_onboardsvymom_20150320::2.0
P,urn:nasa:pds:maven.swia.calibrated:data.onboard_svy_mom:mvn_swi_l2_onboardsvymom_20150321::2.0
P,urn:nasa:pds:maven.swia.calibrated:data.onboard_svy_mom:mvn_swi_l2_onboardsvymom_20150322::2.0
P,urn:nasa:pds:maven.swia.calibrated:data.onboard_svy_mom:mvn_swi_l2_onboardsvymom_20150323::2.0
P,urn:nasa:pds:maven.swia.calibrated:data.onboard_svy_mom:mvn_swi_l2_onboardsvymom_20150324::2.0
P,urn:nasa:pds:maven.swia.calibrated:data.onboard_svy_mom:mvn_swi_l2_onboardsvymom_20150325::2.0
P,urn:nasa:pds:maven.swia.calibrated:data.onboard_svy_mom:mvn_swi_l2_onboardsvymom_20150326::2.0
P,urn:nasa:pds:maven.swia.calibrated:data.onboard_svy_mom:mvn_swi_l2_onboardsvymom_20150327::2.0
P,urn:nasa:pds:maven.swia.calibrated:data.onboard_svy_mom:mvn_swi_l2_onboardsvymom_20150328::2.0
P,urn:nasa:pds:maven.swia.calibrated:data.onboard_svy_mom:mvn_swi_l2_onboardsvymom_20150329::2.0
P,urn:nasa:pds:maven.swia.calibrated:data.onboard_svy_mom:mvn_swi_l2_onboardsvymom_20150330::2.0
P,urn:nasa:pds:maven.swia.calibrated:data.onboard_svy_mom:mvn_swi_l2_onboardsvymom_20150331::2.0
P,urn:nasa:pds:maven.swia.calibrated:data.onboard_svy_mom:mvn_swi_l2_onboardsvymom_20150401::2.0
P,urn:nasa:pds:maven.swia.calibrated:data.onboard_svy_mom:mvn_swi_l2_onboardsvymom_20150402::2.0
P,urn:nasa:pds:maven.swia.calibrated:data.onboard_svy_mom:mvn_swi_l2_onboardsvymom_20150403::2.0
P,urn:nasa:pds:maven.swia.calibrated:data.onboard_svy_mom:mvn_swi_l2_onboardsvymom_20150414::2.0
P,urn:nasa:pds:maven.swia.calibrated:data.onboard_svy_mom:mvn_swi_l2_onboardsvymom_20150415::2.0
P,urn:nasa:pds:maven.swia.calibrated:data.onboard_svy_mom:mvn_swi_l2_onboardsvymom_20150416::2.0
P,urn:nasa:pds:maven.swia.calibrated:data.onboard_svy_mom:mvn_swi_l2_onboardsvymom_20150417::2.0
P,urn:nasa:pds:maven.swia.calibrated:data.onboard_svy_mom:mvn_swi_l2_onboardsvymom_20150418::2.0
P,urn:nasa:pds:maven.swia.calibrated:data.onboard_svy_mom:mvn_swi_l2_onboardsvymom_20150419::2.0
P,urn:nasa:pds:maven.swia.calibrated:data.onboard_svy_mom:mvn_swi_l2_onboardsvymom_20150420::2.0
P,urn:nasa:pds:maven.swia.calibrated:data.onboard_svy_mom:mvn_swi_l2_onboardsvymom_20150421::2.0
P,urn:nasa:pds:maven.swia.calibrated:data.onboard_svy_mom:mvn_swi_l2_onboardsvymom_20150422::2.0
P,urn:nasa:pds:maven.swia.calibrated:data.onboard_svy_mom:mvn_swi_l2_onboardsvymom_20150423::2.0
P,urn:nasa:pds:maven.swia.calibrated:data.onboard_svy_mom:mvn_swi_l2_onboardsvymom_20150424::2.0
P,urn:nasa:pds:maven.swia.calibrated:data.onboard_svy_mom:mvn_swi_l2_onboardsvymom_20150425::2.0
P,urn:nasa:pds:maven.swia.calibrated:data.onboard_svy_mom:mvn_swi_l2_onboardsvymom_20150426::2.0
P,urn:nasa:pds:maven.swia.calibrated:data.onboard_svy_mom:mvn_swi_l2_onboardsvymom_20150427::2.0
P,urn:nasa:pds:maven.swia.calibrated:data.onboard_svy_mom:mvn_swi_l2_onboardsvymom_20150428::2.0
P,urn:nasa:pds:maven.swia.calibrated:data.onboard_svy_mom:mvn_swi_l2_onboardsvymom_20150429::2.0
P,urn:nasa:pds:maven.swia.calibrated:data.onboard_svy_mom:mvn_swi_l2_onboardsvymom_20150430::2.0
P,urn:nasa:pds:maven.swia.calibrated:data.onboard_svy_mom:mvn_swi_l2_onboardsvymom_20150501::2.0
P,urn:nasa:pds:maven.swia.calibrated:data.onboard_svy_mom:mvn_swi_l2_onboardsvymom_20150502::2.0
P,urn:nasa:pds:maven.swia.calibrated:data.onboard_svy_mom:mvn_swi_l2_onboardsvymom_20150503::2.0
P,urn:nasa:pds:maven.swia.calibrated:data.onboard_svy_mom:mvn_swi_l2_onboardsvymom_20150504::2.0
P,urn:nasa:pds:maven.swia.calibrated:data.onboard_svy_mom:mvn_swi_l2_onboardsvymom_20150505::2.0
P,urn:nasa:pds:maven.swia.calibrated:data.onboard_svy_mom:mvn_swi_l2_onboardsvymom_20150506::2.0
P,urn:nasa:pds:maven.swia.calibrated:data.onboard_svy_mom:mvn_swi_l2_onboardsvymom_20150507::2.0
P,urn:nasa:pds:maven.swia.calibrated:data.onboard_svy_mom:mvn_swi_l2_onboardsvymom_20150508::2.0
P,urn:nasa:pds:maven.swia.calibrated:data.onboard_svy_mom:mvn_swi_l2_onboardsvymom_20150509::2.0
P,urn:nasa:pds:maven.swia.calibrated:data.onboard_svy_mom:mvn_swi_l2_onboardsvymom_20150510::2.0
P,urn:nasa:pds:maven.swia.calibrated:data.onboard_svy_mom:mvn_swi_l2_onboardsvymom_20150511::2.0
P,urn:nasa:pds:maven.swia.calibrated:data.onboard_svy_mom:mvn_swi_l2_onboardsvymom_20150512::2.0
P,urn:nasa:pds:maven.swia.calibrated:data.onboard_svy_mom:mvn_swi_l2_onboardsvymom_20150513::2.0
P,urn:nasa:pds:maven.swia.calibrated:data.onboard_svy_mom:mvn_swi_l2_onboardsvymom_20150514::2.0
P,urn:nasa:pds:maven.swia.calibrated:data.onboard_svy_mom:mvn_swi_l2_onboardsvymom_20150515::2.0
P,urn:nasa:pds:maven.swia.calibrated:data.onboard_svy_mom:mvn_swi_l2_onboardsvymom_20150516::2.0
P,urn:nasa:pds:maven.swia.calibrated:data.onboard_svy_mom:mvn_swi_l2_onboardsvymom_20150517::2.0
P,urn:nasa:pds:maven.swia.calibrated:data.onboard_svy_mom:mvn_swi_l2_onboardsvymom_20150518::2.0
P,urn:nasa:pds:maven.swia.calibrated:data.onboard_svy_mom:mvn_swi_l2_onboardsvymom_20150519::2.0
P,urn:nasa:pds:maven.swia.calibrated:data.onboard_svy_mom:mvn_swi_l2_onboardsvymom_20150520::2.0
P,urn:nasa:pds:maven.swia.calibrated:data.onboard_svy_mom:mvn_swi_l2_onboardsvymom_20150521::2.0
P,urn:nasa:pds:maven.swia.calibrated:data.onboard_svy_mom:mvn_swi_l2_onboardsvymom_20150522::2.0
P,urn:nasa:pds:maven.swia.calibrated:data.onboard_svy_mom:mvn_swi_l2_onboardsvymom_20150523::2.0
P,urn:nasa:pds:maven.swia.calibrated:data.onboard_svy_mom:mvn_swi_l2_onboardsvymom_20150524::2.0
P,urn:nasa:pds:maven.swia.calibrated:data.onboard_svy_mom:mvn_swi_l2_onboardsvymom_20150525::2.0
P,urn:nasa:pds:maven.swia.calibrated:data.onboard_svy_mom:mvn_swi_l2_onboardsvymom_20150526::2.0
P,urn:nasa:pds:maven.swia.calibrated:data.onboard_svy_mom:mvn_swi_l2_onboardsvymom_20150527::2.0
P,urn:nasa:pds:maven.swia.calibrated:data.onboard_svy_mom:mvn_swi_l2_onboardsvymom_20150528::2.0
P,urn:nasa:pds:maven.swia.calibrated:data.onboard_svy_mom:mvn_swi_l2_onboardsvymom_20150529::2.0
P,urn:nasa:pds:maven.swia.calibrated:data.onboard_svy_mom:mvn_swi_l2_onboardsvymom_20150530::2.0
P,urn:nasa:pds:maven.swia.calibrated:data.onboard_svy_mom:mvn_swi_l2_onboardsvymom_20150531::2.0
P,urn:nasa:pds:maven.swia.calibrated:data.onboard_svy_mom:mvn_swi_l2_onboardsvymom_20150601::2.0
P,urn:nasa:pds:maven.swia.calibrated:data.onboard_svy_mom:mvn_swi_l2_onboardsvymom_20150602::2.0
P,urn:nasa:pds:maven.swia.calibrated:data.onboard_svy_mom:mvn_swi_l2_onboardsvymom_20150603::2.0
P,urn:nasa:pds:maven.swia.calibrated:data.onboard_svy_mom:mvn_swi_l2_onboardsvymom_20150604::2.0
P,urn:nasa:pds:maven.swia.calibrated:data.onboard_svy_mom:mvn_swi_l2_onboardsvymom_20150605::2.0
P,urn:nasa:pds:maven.swia.calibrated:data.onboard_svy_mom:mvn_swi_l2_onboardsvymom_20150606::2.0
P,urn:nasa:pds:maven.swia.calibrated:data.onboard_svy_mom:mvn_swi_l2_onboardsvymom_20150607::2.0
P,urn:nasa:pds:maven.swia.calibrated:data.onboard_svy_mom:mvn_swi_l2_onboardsvymom_20150608::2.0
P,urn:nasa:pds:maven.swia.calibrated:data.onboard_svy_mom:mvn_swi_l2_onboardsvymom_20150609::2.0
P,urn:nasa:pds:maven.swia.calibrated:data.onboard_svy_mom:mvn_swi_l2_onboardsvymom_20150610::2.0
P,urn:nasa:pds:maven.swia.calibrated:data.onboard_svy_mom:mvn_swi_l2_onboardsvymom_20150611::2.0
P,urn:nasa:pds:maven.swia.calibrated:data.onboard_svy_mom:mvn_swi_l2_onboardsvymom_20150612::2.0
P,urn:nasa:pds:maven.swia.calibrated:data.onboard_svy_mom:mvn_swi_l2_onboardsvymom_20150613::2.0
P,urn:nasa:pds:maven.swia.calibrated:data.onboard_svy_mom:mvn_swi_l2_onboardsvymom_20150614::2.0
P,urn:nasa:pds:maven.swia.calibrated:data.onboard_svy_mom:mvn_swi_l2_onboardsvymom_20150615::2.0
P,urn:nasa:pds:maven.swia.calibrated:data.onboard_svy_mom:mvn_swi_l2_onboardsvymom_20150616::2.0
P,urn:nasa:pds:maven.swia.calibrated:data.onboard_svy_mom:mvn_swi_l2_onboardsvymom_20150617::2.0
P,urn:nasa:pds:maven.swia.calibrated:data.onboard_svy_mom:mvn_swi_l2_onboardsvymom_20150618::2.0
P,urn:nasa:pds:maven.swia.calibrated:data.onboard_svy_mom:mvn_swi_l2_onboardsvymom_20150619::2.0
P,urn:nasa:pds:maven.swia.calibrated:data.onboard_svy_mom:mvn_swi_l2_onboardsvymom_20150620::2.0
P,urn:nasa:pds:maven.swia.calibrated:data.onboard_svy_mom:mvn_swi_l2_onboardsvymom_20150621::2.0
P,urn:nasa:pds:maven.swia.calibrated:data.onboard_svy_mom:mvn_swi_l2_onboardsvymom_20150622::2.0
P,urn:nasa:pds:maven.swia.calibrated:data.onboard_svy_mom:mvn_swi_l2_onboardsvymom_20150623::2.0
P,urn:nasa:pds:maven.swia.calibrated:data.onboard_svy_mom:mvn_swi_l2_onboardsvymom_20150624::2.0
P,urn:nasa:pds:maven.swia.calibrated:data.onboard_svy_mom:mvn_swi_l2_onboardsvymom_20150625::2.0
P,urn:nasa:pds:maven.swia.calibrated:data.onboard_svy_mom:mvn_swi_l2_onboardsvymom_20150626::2.0
P,urn:nasa:pds:maven.swia.calibrated:data.onboard_svy_mom:mvn_swi_l2_onboardsvymom_20150627::2.0
P,urn:nasa:pds:maven.swia.calibrated:data.onboard_svy_mom:mvn_swi_l2_onboardsvymom_20150628::2.0
P,urn:nasa:pds:maven.swia.calibrated:data.onboard_svy_mom:mvn_swi_l2_onboardsvymom_20150629::2.0
P,urn:nasa:pds:maven.swia.calibrated:data.onboard_svy_mom:mvn_swi_l2_onboardsvymom_20150701::2.0
P,urn:nasa:pds:maven.swia.calibrated:data.onboard_svy_mom:mvn_swi_l2_onboardsvymom_20150702::2.0
P,urn:nasa:pds:maven.swia.calibrated:data.onboard_svy_mom:mvn_swi_l2_onboardsvymom_20150703::2.0
P,urn:nasa:pds:maven.swia.calibrated:data.onboard_svy_mom:mvn_swi_l2_onboardsvymom_20150704::2.0
P,urn:nasa:pds:maven.swia.calibrated:data.onboard_svy_mom:mvn_swi_l2_onboardsvymom_20150705::2.0
P,urn:nasa:pds:maven.swia.calibrated:data.onboard_svy_mom:mvn_swi_l2_onboardsvymom_20150706::2.0
P,urn:nasa:pds:maven.swia.calibrated:data.onboard_svy_mom:mvn_swi_l2_onboardsvymom_20150707::2.0
P,urn:nasa:pds:maven.swia.calibrated:data.onboard_svy_mom:mvn_swi_l2_onboardsvymom_20150708::2.0
P,urn:nasa:pds:maven.swia.calibrated:data.onboard_svy_mom:mvn_swi_l2_onboardsvymom_20150709::2.0
P,urn:nasa:pds:maven.swia.calibrated:data.onboard_svy_mom:mvn_swi_l2_onboardsvymom_20150710::2.0
P,urn:nasa:pds:maven.swia.calibrated:data.onboard_svy_mom:mvn_swi_l2_onboardsvymom_20150711::2.0
P,urn:nasa:pds:maven.swia.calibrated:data.onboard_svy_mom:mvn_swi_l2_onboardsvymom_20150712::2.0
P,urn:nasa:pds:maven.swia.calibrated:data.onboard_svy_mom:mvn_swi_l2_onboardsvymom_20150713::2.0
P,urn:nasa:pds:maven.swia.calibrated:data.onboard_svy_mom:mvn_swi_l2_onboardsvymom_20150714::2.0
P,urn:nasa:pds:maven.swia.calibrated:data.onboard_svy_mom:mvn_swi_l2_onboardsvymom_20150715::2.0
P,urn:nasa:pds:maven.swia.calibrated:data.onboard_svy_mom:mvn_swi_l2_onboardsvymom_20150716::2.0
P,urn:nasa:pds:maven.swia.calibrated:data.onboard_svy_mom:mvn_swi_l2_onboardsvymom_20150717::2.0
P,urn:nasa:pds:maven.swia.calibrated:data.onboard_svy_mom:mvn_swi_l2_onboardsvymom_20150718::2.0
P,urn:nasa:pds:maven.swia.calibrated:data.onboard_svy_mom:mvn_swi_l2_onboardsvymom_20150719::2.0
P,urn:nasa:pds:maven.swia.calibrated:data.onboard_svy_mom:mvn_swi_l2_onboardsvymom_20150720::2.0
P,urn:nasa:pds:maven.swia.calibrated:data.onboard_svy_mom:mvn_swi_l2_onboardsvymom_20150721::2.0
P,urn:nasa:pds:maven.swia.calibrated:data.onboard_svy_mom:mvn_swi_l2_onboardsvymom_20150722::2.0
P,urn:nasa:pds:maven.swia.calibrated:data.onboard_svy_mom:mvn_swi_l2_onboardsvymom_20150723::2.0
P,urn:nasa:pds:maven.swia.calibrated:data.onboard_svy_mom:mvn_swi_l2_onboardsvymom_20150724::2.0
P,urn:nasa:pds:maven.swia.calibrated:data.onboard_svy_mom:mvn_swi_l2_onboardsvymom_20150725::2.0
P,urn:nasa:pds:maven.swia.calibrated:data.onboard_svy_mom:mvn_swi_l2_onboardsvymom_20150726::2.0
P,urn:nasa:pds:maven.swia.calibrated:data.onboard_svy_mom:mvn_swi_l2_onboardsvymom_20150727::2.0
P,urn:nasa:pds:maven.swia.calibrated:data.onboard_svy_mom:mvn_swi_l2_onboardsvymom_20150728::2.0
P,urn:nasa:pds:maven.swia.calibrated:data.onboard_svy_mom:mvn_swi_l2_onboardsvymom_20150729::2.0
P,urn:nasa:pds:maven.swia.calibrated:data.onboard_svy_mom:mvn_swi_l2_onboardsvymom_20150730::2.0
P,urn:nasa:pds:maven.swia.calibrated:data.onboard_svy_mom:mvn_swi_l2_onboardsvymom_20150731::2.0
P,urn:nasa:pds:maven.swia.calibrated:data.onboard_svy_mom:mvn_swi_l2_onboardsvymom_20150801::2.0
P,urn:nasa:pds:maven.swia.calibrated:data.onboard_svy_mom:mvn_swi_l2_onboardsvymom_20150802::2.0
P,urn:nasa:pds:maven.swia.calibrated:data.onboard_svy_mom:mvn_swi_l2_onboardsvymom_20150803::2.0
P,urn:nasa:pds:maven.swia.calibrated:data.onboard_svy_mom:mvn_swi_l2_onboardsvymom_20150804::2.0
P,urn:nasa:pds:maven.swia.calibrated:data.onboard_svy_mom:mvn_swi_l2_onboardsvymom_20150805::2.0
P,urn:nasa:pds:maven.swia.calibrated:data.onboard_svy_mom:mvn_swi_l2_onboardsvymom_20150806::2.0
P,urn:nasa:pds:maven.swia.calibrated:data.onboard_svy_mom:mvn_swi_l2_onboardsvymom_20150807::2.0
P,urn:nasa:pds:maven.swia.calibrated:data.onboard_svy_mom:mvn_swi_l2_onboardsvymom_20150808::2.0
P,urn:nasa:pds:maven.swia.calibrated:data.onboard_svy_mom:mvn_swi_l2_onboardsvymom_20150809::2.0
P,urn:nasa:pds:maven.swia.calibrated:data.onboard_svy_mom:mvn_swi_l2_onboardsvymom_20150810::2.0
P,urn:nasa:pds:maven.swia.calibrated:data.onboard_svy_mom:mvn_swi_l2_onboardsvymom_20150811::2.0
P,urn:nasa:pds:maven.swia.calibrated:data.onboard_svy_mom:mvn_swi_l2_onboardsvymom_20150812::2.0
P,urn:nasa:pds:maven.swia.calibrated:data.onboard_svy_mom:mvn_swi_l2_onboardsvymom_20150814::2.0
P,urn:nasa:pds:maven.swia.calibrated:data.onboard_svy_mom:mvn_swi_l2_onboardsvymom_20150815::2.0
P,urn:nasa:pds:maven.swia.calibrated:data.onboard_svy_mom:mvn_swi_l2_onboardsvymom_20150816::2.0
P,urn:nasa:pds:maven.swia.calibrated:data.onboard_svy_mom:mvn_swi_l2_onboardsvymom_20150817::2.0
P,urn:nasa:pds:maven.swia.calibrated:data.onboard_svy_mom:mvn_swi_l2_onboardsvymom_20150818::2.0
P,urn:nasa:pds:maven.swia.calibrated:data.onboard_svy_mom:mvn_swi_l2_onboardsvymom_20150819::2.0
P,urn:nasa:pds:maven.swia.calibrated:data.onboard_svy_mom:mvn_swi_l2_onboardsvymom_20150820::2.0
P,urn:nasa:pds:maven.swia.calibrated:data.onboard_svy_mom:mvn_swi_l2_onboardsvymom_20150821::2.0
P,urn:nasa:pds:maven.swia.calibrated:data.onboard_svy_mom:mvn_swi_l2_onboardsvymom_20150822::2.0
P,urn:nasa:pds:maven.swia.calibrated:data.onboard_svy_mom:mvn_swi_l2_onboardsvymom_20150823::2.0
P,urn:nasa:pds:maven.swia.calibrated:data.onboard_svy_mom:mvn_swi_l2_onboardsvymom_20150824::2.0
P,urn:nasa:pds:maven.swia.calibrated:data.onboard_svy_mom:mvn_swi_l2_onboardsvymom_20150825::2.0
P,urn:nasa:pds:maven.swia.calibrated:data.onboard_svy_mom:mvn_swi_l2_onboardsvymom_20150826::2.0
P,urn:nasa:pds:maven.swia.calibrated:data.onboard_svy_mom:mvn_swi_l2_onboardsvymom_20150827::2.0
P,urn:nasa:pds:maven.swia.calibrated:data.onboard_svy_mom:mvn_swi_l2_onboardsvymom_20150828::2.0
P,urn:nasa:pds:maven.swia.calibrated:data.onboard_svy_mom:mvn_swi_l2_onboardsvymom_20150829::2.0
P,urn:nasa:pds:maven.swia.calibrated:data.onboard_svy_mom:mvn_swi_l2_onboardsvymom_20150830::2.0
P,urn:nasa:pds:maven.swia.calibrated:data.onboard_svy_mom:mvn_swi_l2_onboardsvymom_20150831::2.0
P,urn:nasa:pds:maven.swia.calibrated:data.onboard_svy_mom:mvn_swi_l2_onboardsvymom_20150901::2.0
P,urn:nasa:pds:maven.swia.calibrated:data.onboard_svy_mom:mvn_swi_l2_onboardsvymom_20150902::2.0
P,urn:nasa:pds:maven.swia.calibrated:data.onboard_svy_mom:mvn_swi_l2_onboardsvymom_20150903::2.0
P,urn:nasa:pds:maven.swia.calibrated:data.onboard_svy_mom:mvn_swi_l2_onboardsvymom_20150904::2.0
P,urn:nasa:pds:maven.swia.calibrated:data.onboard_svy_mom:mvn_swi_l2_onboardsvymom_20150905::2.0
P,urn:nasa:pds:maven.swia.calibrated:data.onboard_svy_mom:mvn_swi_l2_onboardsvymom_20150906::2.0
P,urn:nasa:pds:maven.swia.calibrated:data.onboard_svy_mom:mvn_swi_l2_onboardsvymom_20150907::2.0
P,urn:nasa:pds:maven.swia.calibrated:data.onboard_svy_mom:mvn_swi_l2_onboardsvymom_20150908::2.0
P,urn:nasa:pds:maven.swia.calibrated:data.onboard_svy_mom:mvn_swi_l2_onboardsvymom_20150909::2.0
P,urn:nasa:pds:maven.swia.calibrated:data.onboard_svy_mom:mvn_swi_l2_onboardsvymom_20150910::2.0
P,urn:nasa:pds:maven.swia.calibrated:data.onboard_svy_mom:mvn_swi_l2_onboardsvymom_20150911::2.0
P,urn:nasa:pds:maven.swia.calibrated:data.onboard_svy_mom:mvn_swi_l2_onboardsvymom_20150912::2.0
P,urn:nasa:pds:maven.swia.calibrated:data.onboard_svy_mom:mvn_swi_l2_onboardsvymom_20150913::2.0
P,urn:nasa:pds:maven.swia.calibrated:data.onboard_svy_mom:mvn_swi_l2_onboardsvymom_20150914::2.0
P,urn:nasa:pds:maven.swia.calibrated:data.onboard_svy_mom:mvn_swi_l2_onboardsvymom_20150915::2.0
P,urn:nasa:pds:maven.swia.calibrated:data.onboard_svy_mom:mvn_swi_l2_onboardsvymom_20150916::2.0
P,urn:nasa:pds:maven.swia.calibrated:data.onboard_svy_mom:mvn_swi_l2_onboardsvymom_20150917::2.0
P,urn:nasa:pds:maven.swia.calibrated:data.onboard_svy_mom:mvn_swi_l2_onboardsvymom_20150918::2.0
P,urn:nasa:pds:maven.swia.calibrated:data.onboard_svy_mom:mvn_swi_l2_onboardsvymom_20150919::2.0
P,urn:nasa:pds:maven.swia.calibrated:data.onboard_svy_mom:mvn_swi_l2_onboardsvymom_20150920::2.0
P,urn:nasa:pds:maven.swia.calibrated:data.onboard_svy_mom:mvn_swi_l2_onboardsvymom_20150921::2.0
P,urn:nasa:pds:maven.swia.calibrated:data.onboard_svy_mom:mvn_swi_l2_onboardsvymom_20150922::2.0
P,urn:nasa:pds:maven.swia.calibrated:data.onboard_svy_mom:mvn_swi_l2_onboardsvymom_20150923::2.0
P,urn:nasa:pds:maven.swia.calibrated:data.onboard_svy_mom:mvn_swi_l2_onboardsvymom_20150924::2.0
P,urn:nasa:pds:maven.swia.calibrated:data.onboard_svy_mom:mvn_swi_l2_onboardsvymom_20150925::2.0
P,urn:nasa:pds:maven.swia.calibrated:data.onboard_svy_mom:mvn_swi_l2_onboardsvymom_20150926::2.0
P,urn:nasa:pds:maven.swia.calibrated:data.onboard_svy_mom:mvn_swi_l2_onboardsvymom_20150927::2.0
P,urn:nasa:pds:maven.swia.calibrated:data.onboard_svy_mom:mvn_swi_l2_onboardsvymom_20150928::2.0
P,urn:nasa:pds:maven.swia.calibrated:data.onboard_svy_mom:mvn_swi_l2_onboardsvymom_20150929::2.0
P,urn:nasa:pds:maven.swia.calibrated:data.onboard_svy_mom:mvn_swi_l2_onboardsvymom_20150930::2.0
P,urn:nasa:pds:maven.swia.calibrated:data.onboard_svy_mom:mvn_swi_l2_onboardsvymom_20151001::2.0
P,urn:nasa:pds:maven.swia.calibrated:data.onboard_svy_mom:mvn_swi_l2_onboardsvymom_20151002::2.0
P,urn:nasa:pds:maven.swia.calibrated:data.onboard_svy_mom:mvn_swi_l2_onboardsvymom_20151003::2.0
P,urn:nasa:pds:maven.swia.calibrated:data.onboard_svy_mom:mvn_swi_l2_onboardsvymom_20151004::2.0
P,urn:nasa:pds:maven.swia.calibrated:data.onboard_svy_mom:mvn_swi_l2_onboardsvymom_20151005::2.0
P,urn:nasa:pds:maven.swia.calibrated:data.onboard_svy_mom:mvn_swi_l2_onboardsvymom_20151006::2.0
P,urn:nasa:pds:maven.swia.calibrated:data.onboard_svy_mom:mvn_swi_l2_onboardsvymom_20151007::2.0
P,urn:nasa:pds:maven.swia.calibrated:data.onboard_svy_mom:mvn_swi_l2_onboardsvymom_20151008::2.0
P,urn:nasa:pds:maven.swia.calibrated:data.onboard_svy_mom:mvn_swi_l2_onboardsvymom_20151009::2.0
P,urn:nasa:pds:maven.swia.calibrated:data.onboard_svy_mom:mvn_swi_l2_onboardsvymom_20151010::2.0
P,urn:nasa:pds:maven.swia.calibrated:data.onboard_svy_mom:mvn_swi_l2_onboardsvymom_20151011::2.0
P,urn:nasa:pds:maven.swia.calibrated:data.onboard_svy_mom:mvn_swi_l2_onboardsvymom_20151012::2.0
P,urn:nasa:pds:maven.swia.calibrated:data.onboard_svy_mom:mvn_swi_l2_onboardsvymom_20151013::2.0
P,urn:nasa:pds:maven.swia.calibrated:data.onboard_svy_mom:mvn_swi_l2_onboardsvymom_20151014::2.0
P,urn:nasa:pds:maven.swia.calibrated:data.onboard_svy_mom:mvn_swi_l2_onboardsvymom_20151015::2.0
P,urn:nasa:pds:maven.swia.calibrated:data.onboard_svy_mom:mvn_swi_l2_onboardsvymom_20151016::2.0
P,urn:nasa:pds:maven.swia.calibrated:data.onboard_svy_mom:mvn_swi_l2_onboardsvymom_20151017::2.0
P,urn:nasa:pds:maven.swia.calibrated:data.onboard_svy_mom:mvn_swi_l2_onboardsvymom_20151018::2.0
P,urn:nasa:pds:maven.swia.calibrated:data.onboard_svy_mom:mvn_swi_l2_onboardsvymom_20151019::2.0
P,urn:nasa:pds:maven.swia.calibrated:data.onboard_svy_mom:mvn_swi_l2_onboardsvymom_20151020::2.0
P,urn:nasa:pds:maven.swia.calibrated:data.onboard_svy_mom:mvn_swi_l2_onboardsvymom_20151021::2.0
P,urn:nasa:pds:maven.swia.calibrated:data.onboard_svy_mom:mvn_swi_l2_onboardsvymom_20151022::2.0
P,urn:nasa:pds:maven.swia.calibrated:data.onboard_svy_mom:mvn_swi_l2_onboardsvymom_20151023::2.0
P,urn:nasa:pds:maven.swia.calibrated:data.onboard_svy_mom:mvn_swi_l2_onboardsvymom_20151024::2.0
P,urn:nasa:pds:maven.swia.calibrated:data.onboard_svy_mom:mvn_swi_l2_onboardsvymom_20151025::2.0
P,urn:nasa:pds:maven.swia.calibrated:data.onboard_svy_mom:mvn_swi_l2_onboardsvymom_20151026::2.0
P,urn:nasa:pds:maven.swia.calibrated:data.onboard_svy_mom:mvn_swi_l2_onboardsvymom_20151027::2.0
P,urn:nasa:pds:maven.swia.calibrated:data.onboard_svy_mom:mvn_swi_l2_onboardsvymom_20151028::2.0
P,urn:nasa:pds:maven.swia.calibrated:data.onboard_svy_mom:mvn_swi_l2_onboardsvymom_20151029::2.0
P,urn:nasa:pds:maven.swia.calibrated:data.onboard_svy_mom:mvn_swi_l2_onboardsvymom_20151030::2.0
P,urn:nasa:pds:maven.swia.calibrated:data.onboard_svy_mom:mvn_swi_l2_onboardsvymom_20151031::2.0
P,urn:nasa:pds:maven.swia.calibrated:data.onboard_svy_mom:mvn_swi_l2_onboardsvymom_20151101::2.0
P,urn:nasa:pds:maven.swia.calibrated:data.onboard_svy_mom:mvn_swi_l2_onboardsvymom_20151102::2.0
P,urn:nasa:pds:maven.swia.calibrated:data.onboard_svy_mom:mvn_swi_l2_onboardsvymom_20151103::2.0
P,urn:nasa:pds:maven.swia.calibrated:data.onboard_svy_mom:mvn_swi_l2_onboardsvymom_20151104::2.0
P,urn:nasa:pds:maven.swia.calibrated:data.onboard_svy_mom:mvn_swi_l2_onboardsvymom_20151105::2.0
P,urn:nasa:pds:maven.swia.calibrated:data.onboard_svy_mom:mvn_swi_l2_onboardsvymom_20151106::2.0
P,urn:nasa:pds:maven.swia.calibrated:data.onboard_svy_mom:mvn_swi_l2_onboardsvymom_20151107::2.0
P,urn:nasa:pds:maven.swia.calibrated:data.onboard_svy_mom:mvn_swi_l2_onboardsvymom_20151108::2.0
P,urn:nasa:pds:maven.swia.calibrated:data.onboard_svy_mom:mvn_swi_l2_onboardsvymom_20151109::2.0
P,urn:nasa:pds:maven.swia.calibrated:data.onboard_svy_mom:mvn_swi_l2_onboardsvymom_20151110::2.0
P,urn:nasa:pds:maven.swia.calibrated:data.onboard_svy_mom:mvn_swi_l2_onboardsvymom_20151111::2.0
P,urn:nasa:pds:maven.swia.calibrated:data.onboard_svy_mom:mvn_swi_l2_onboardsvymom_20151112::2.0
P,urn:nasa:pds:maven.swia.calibrated:data.onboard_svy_mom:mvn_swi_l2_onboardsvymom_20151113::2.0
P,urn:nasa:pds:maven.swia.calibrated:data.onboard_svy_mom:mvn_swi_l2_onboardsvymom_20151114::2.0
P,urn:nasa:pds:maven.swia.calibrated:data.onboard_svy_mom:mvn_swi_l2_onboardsvymom_20151115::2.0
P,urn:nasa:pds:maven.swia.calibrated:data.onboard_svy_mom:mvn_swi_l2_onboardsvymom_20151116::2.0
P,urn:nasa:pds:maven.swia.calibrated:data.onboard_svy_mom:mvn_swi_l2_onboardsvymom_20151117::2.0
P,urn:nasa:pds:maven.swia.calibrated:data.onboard_svy_mom:mvn_swi_l2_onboardsvymom_20151118::2.0
P,urn:nasa:pds:maven.swia.calibrated:data.onboard_svy_mom:mvn_swi_l2_onboardsvymom_20151119::2.0
P,urn:nasa:pds:maven.swia.calibrated:data.onboard_svy_mom:mvn_swi_l2_onboardsvymom_20151120::2.0
P,urn:nasa:pds:maven.swia.calibrated:data.onboard_svy_mom:mvn_swi_l2_onboardsvymom_20151121::2.0
P,urn:nasa:pds:maven.swia.calibrated:data.onboard_svy_mom:mvn_swi_l2_onboardsvymom_20151122::2.0
P,urn:nasa:pds:maven.swia.calibrated:data.onboard_svy_mom:mvn_swi_l2_onboardsvymom_20151123::2.0
P,urn:nasa:pds:maven.swia.calibrated:data.onboard_svy_mom:mvn_swi_l2_onboardsvymom_20151124::2.0
P,urn:nasa:pds:maven.swia.calibrated:data.onboard_svy_mom:mvn_swi_l2_onboardsvymom_20151125::2.0
P,urn:nasa:pds:maven.swia.calibrated:data.onboard_svy_mom:mvn_swi_l2_onboardsvymom_20151126::2.0
P,urn:nasa:pds:maven.swia.calibrated:data.onboard_svy_mom:mvn_swi_l2_onboardsvymom_20151127::2.0
P,urn:nasa:pds:maven.swia.calibrated:data.onboard_svy_mom:mvn_swi_l2_onboardsvymom_20151128::2.0
P,urn:nasa:pds:maven.swia.calibrated:data.onboard_svy_mom:mvn_swi_l2_onboardsvymom_20151129::2.0
P,urn:nasa:pds:maven.swia.calibrated:data.onboard_svy_mom:mvn_swi_l2_onboardsvymom_20151130::2.0
P,urn:nasa:pds:maven.swia.calibrated:data.onboard_svy_mom:mvn_swi_l2_onboardsvymom_20151201::2.0
P,urn:nasa:pds:maven.swia.calibrated:data.onboard_svy_mom:mvn_swi_l2_onboardsvymom_20151202::2.0
P,urn:nasa:pds:maven.swia.calibrated:data.onboard_svy_mom:mvn_swi_l2_onboardsvymom_20151203::2.0
P,urn:nasa:pds:maven.swia.calibrated:data.onboard_svy_mom:mvn_swi_l2_onboardsvymom_20151204::2.0
P,urn:nasa:pds:maven.swia.calibrated:data.onboard_svy_mom:mvn_swi_l2_onboardsvymom_20151205::2.0
P,urn:nasa:pds:maven.swia.calibrated:data.onboard_svy_mom:mvn_swi_l2_onboardsvymom_20151206::2.0
P,urn:nasa:pds:maven.swia.calibrated:data.onboard_svy_mom:mvn_swi_l2_onboardsvymom_20151207::2.0
P,urn:nasa:pds:maven.swia.calibrated:data.onboard_svy_mom:mvn_swi_l2_onboardsvymom_20151208::2.0
P,urn:nasa:pds:maven.swia.calibrated:data.onboard_svy_mom:mvn_swi_l2_onboardsvymom_20151209::2.0
P,urn:nasa:pds:maven.swia.calibrated:data.onboard_svy_mom:mvn_swi_l2_onboardsvymom_20151210::2.0
P,urn:nasa:pds:maven.swia.calibrated:data.onboard_svy_mom:mvn_swi_l2_onboardsvymom_20151211::2.0
P,urn:nasa:pds:maven.swia.calibrated:data.onboard_svy_mom:mvn_swi_l2_onboardsvymom_20151212::2.0
P,urn:nasa:pds:maven.swia.calibrated:data.onboard_svy_mom:mvn_swi_l2_onboardsvymom_20151213::2.0
P,urn:nasa:pds:maven.swia.calibrated:data.onboard_svy_mom:mvn_swi_l2_onboardsvymom_20151214::2.0
P,urn:nasa:pds:maven.swia.calibrated:data.onboard_svy_mom:mvn_swi_l2_onboardsvymom_20151215::2.0
P,urn:nasa:pds:maven.swia.calibrated:data.onboard_svy_mom:mvn_swi_l2_onboardsvymom_20151216::2.0
P,urn:nasa:pds:maven.swia.calibrated:data.onboard_svy_mom:mvn_swi_l2_onboardsvymom_20151217::2.0
P,urn:nasa:pds:maven.swia.calibrated:data.onboard_svy_mom:mvn_swi_l2_onboardsvymom_20151218::2.0
P,urn:nasa:pds:maven.swia.calibrated:data.onboard_svy_mom:mvn_swi_l2_onboardsvymom_20151219::2.0
P,urn:nasa:pds:maven.swia.calibrated:data.onboard_svy_mom:mvn_swi_l2_onboardsvymom_20151220::2.0
P,urn:nasa:pds:maven.swia.calibrated:data.onboard_svy_mom:mvn_swi_l2_onboardsvymom_20151221::2.0
P,urn:nasa:pds:maven.swia.calibrated:data.onboard_svy_mom:mvn_swi_l2_onboardsvymom_20151222::2.0
P,urn:nasa:pds:maven.swia.calibrated:data.onboard_svy_mom:mvn_swi_l2_onboardsvymom_20151223::2.0
P,urn:nasa:pds:maven.swia.calibrated:data.onboard_svy_mom:mvn_swi_l2_onboardsvymom_20151224::2.0
P,urn:nasa:pds:maven.swia.calibrated:data.onboard_svy_mom:mvn_swi_l2_onboardsvymom_20151225::2.0
P,urn:nasa:pds:maven.swia.calibrated:data.onboard_svy_mom:mvn_swi_l2_onboardsvymom_20151226::2.0
P,urn:nasa:pds:maven.swia.calibrated:data.onboard_svy_mom:mvn_swi_l2_onboardsvymom_20151227::2.0
P,urn:nasa:pds:maven.swia.calibrated:data.onboard_svy_mom:mvn_swi_l2_onboardsvymom_20151228::2.0
P,urn:nasa:pds:maven.swia.calibrated:data.onboard_svy_mom:mvn_swi_l2_onboardsvymom_20151229::2.0
P,urn:nasa:pds:maven.swia.calibrated:data.onboard_svy_mom:mvn_swi_l2_onboardsvymom_20151230::2.0
P,urn:nasa:pds:maven.swia.calibrated:data.onboard_svy_mom:mvn_swi_l2_onboardsvymom_20151231::2.0
P,urn:nasa:pds:maven.swia.calibrated:data.onboard_svy_mom:mvn_swi_l2_onboardsvymom_20160101::2.0
P,urn:nasa:pds:maven.swia.calibrated:data.onboard_svy_mom:mvn_swi_l2_onboardsvymom_20160102::2.0
P,urn:nasa:pds:maven.swia.calibrated:data.onboard_svy_mom:mvn_swi_l2_onboardsvymom_20160103::2.0
P,urn:nasa:pds:maven.swia.calibrated:data.onboard_svy_mom:mvn_swi_l2_onboardsvymom_20160104::2.0
P,urn:nasa:pds:maven.swia.calibrated:data.onboard_svy_mom:mvn_swi_l2_onboardsvymom_20160105::2.0
P,urn:nasa:pds:maven.swia.calibrated:data.onboard_svy_mom:mvn_swi_l2_onboardsvymom_20160106::2.0
P,urn:nasa:pds:maven.swia.calibrated:data.onboard_svy_mom:mvn_swi_l2_onboardsvymom_20160107::2.0
P,urn:nasa:pds:maven.swia.calibrated:data.onboard_svy_mom:mvn_swi_l2_onboardsvymom_20160108::2.0
P,urn:nasa:pds:maven.swia.calibrated:data.onboard_svy_mom:mvn_swi_l2_onboardsvymom_20160109::2.0
P,urn:nasa:pds:maven.swia.calibrated:data.onboard_svy_mom:mvn_swi_l2_onboardsvymom_20160110::2.0
P,urn:nasa:pds:maven.swia.calibrated:data.onboard_svy_mom:mvn_swi_l2_onboardsvymom_20160111::2.0
P,urn:nasa:pds:maven.swia.calibrated:data.onboard_svy_mom:mvn_swi_l2_onboardsvymom_20160112::2.0
P,urn:nasa:pds:maven.swia.calibrated:data.onboard_svy_mom:mvn_swi_l2_onboardsvymom_20160113::2.0
P,urn:nasa:pds:maven.swia.calibrated:data.onboard_svy_mom:mvn_swi_l2_onboardsvymom_20160114::2.0
P,urn:nasa:pds:maven.swia.calibrated:data.onboard_svy_mom:mvn_swi_l2_onboardsvymom_20160115::2.0
P,urn:nasa:pds:maven.swia.calibrated:data.onboard_svy_mom:mvn_swi_l2_onboardsvymom_20160116::2.0
P,urn:nasa:pds:maven.swia.calibrated:data.onboard_svy_mom:mvn_swi_l2_onboardsvymom_20160117::2.0
P,urn:nasa:pds:maven.swia.calibrated:data.onboard_svy_mom:mvn_swi_l2_onboardsvymom_20160118::2.0
P,urn:nasa:pds:maven.swia.calibrated:data.onboard_svy_mom:mvn_swi_l2_onboardsvymom_20160119::2.0
P,urn:nasa:pds:maven.swia.calibrated:data.onboard_svy_mom:mvn_swi_l2_onboardsvymom_20160120::2.0
P,urn:nasa:pds:maven.swia.calibrated:data.onboard_svy_mom:mvn_swi_l2_onboardsvymom_20160121::2.0
P,urn:nasa:pds:maven.swia.calibrated:data.onboard_svy_mom:mvn_swi_l2_onboardsvymom_20160122::2.0
P,urn:nasa:pds:maven.swia.calibrated:data.onboard_svy_mom:mvn_swi_l2_onboardsvymom_20160123::2.0
P,urn:nasa:pds:maven.swia.calibrated:data.onboard_svy_mom:mvn_swi_l2_onboardsvymom_20160124::2.0
P,urn:nasa:pds:maven.swia.calibrated:data.onboard_svy_mom:mvn_swi_l2_onboardsvymom_20160125::2.0
P,urn:nasa:pds:maven.swia.calibrated:data.onboard_svy_mom:mvn_swi_l2_onboardsvymom_20160126::2.0
P,urn:nasa:pds:maven.swia.calibrated:data.onboard_svy_mom:mvn_swi_l2_onboardsvymom_20160127::2.0
P,urn:nasa:pds:maven.swia.calibrated:data.onboard_svy_mom:mvn_swi_l2_onboardsvymom_20160128::2.0
P,urn:nasa:pds:maven.swia.calibrated:data.onboard_svy_mom:mvn_swi_l2_onboardsvymom_20160129::2.0
P,urn:nasa:pds:maven.swia.calibrated:data.onboard_svy_mom:mvn_swi_l2_onboardsvymom_20160130::2.0
P,urn:nasa:pds:maven.swia.calibrated:data.onboard_svy_mom:mvn_swi_l2_onboardsvymom_20160131::2.0
P,urn:nasa:pds:maven.swia.calibrated:data.onboard_svy_mom:mvn_swi_l2_onboardsvymom_20160201::2.0
P,urn:nasa:pds:maven.swia.calibrated:data.onboard_svy_mom:mvn_swi_l2_onboardsvymom_20160202::2.0
P,urn:nasa:pds:maven.swia.calibrated:data.onboard_svy_mom:mvn_swi_l2_onboardsvymom_20160203::2.0
P,urn:nasa:pds:maven.swia.calibrated:data.onboard_svy_mom:mvn_swi_l2_onboardsvymom_20160204::2.0
P,urn:nasa:pds:maven.swia.calibrated:data.onboard_svy_mom:mvn_swi_l2_onboardsvymom_20160205::2.0
P,urn:nasa:pds:maven.swia.calibrated:data.onboard_svy_mom:mvn_swi_l2_onboardsvymom_20160206::2.0
P,urn:nasa:pds:maven.swia.calibrated:data.onboard_svy_mom:mvn_swi_l2_onboardsvymom_20160207::2.0
P,urn:nasa:pds:maven.swia.calibrated:data.onboard_svy_mom:mvn_swi_l2_onboardsvymom_20160208::2.0
P,urn:nasa:pds:maven.swia.calibrated:data.onboard_svy_mom:mvn_swi_l2_onboardsvymom_20160209::2.0
P,urn:nasa:pds:maven.swia.calibrated:data.onboard_svy_mom:mvn_swi_l2_onboardsvymom_20160210::2.0
P,urn:nasa:pds:maven.swia.calibrated:data.onboard_svy_mom:mvn_swi_l2_onboardsvymom_20160211::2.0
P,urn:nasa:pds:maven.swia.calibrated:data.onboard_svy_mom:mvn_swi_l2_onboardsvymom_20160212::2.0
P,urn:nasa:pds:maven.swia.calibrated:data.onboard_svy_mom:mvn_swi_l2_onboardsvymom_20160213::2.0
P,urn:nasa:pds:maven.swia.calibrated:data.onboard_svy_mom:mvn_swi_l2_onboardsvymom_20160214::2.0
P,urn:nasa:pds:maven.swia.calibrated:data.onboard_svy_mom:mvn_swi_l2_onboardsvymom_20160215::2.0
P,urn:nasa:pds:maven.swia.calibrated:data.onboard_svy_mom:mvn_swi_l2_onboardsvymom_20160216::2.0
P,urn:nasa:pds:maven.swia.calibrated:data.onboard_svy_mom:mvn_swi_l2_onboardsvymom_20160217::2.0
P,urn:nasa:pds:maven.swia.calibrated:data.onboard_svy_mom:mvn_swi_l2_onboardsvymom_20160218::2.0
P,urn:nasa:pds:maven.swia.calibrated:data.onboard_svy_mom:mvn_swi_l2_onboardsvymom_20160219::2.0
P,urn:nasa:pds:maven.swia.calibrated:data.onboard_svy_mom:mvn_swi_l2_onboardsvymom_20160220::2.0
P,urn:nasa:pds:maven.swia.calibrated:data.onboard_svy_mom:mvn_swi_l2_onboardsvymom_20160221::2.0
P,urn:nasa:pds:maven.swia.calibrated:data.onboard_svy_mom:mvn_swi_l2_onboardsvymom_20160222::2.0
P,urn:nasa:pds:maven.swia.calibrated:data.onboard_svy_mom:mvn_swi_l2_onboardsvymom_20160223::2.0
P,urn:nasa:pds:maven.swia.calibrated:data.onboard_svy_mom:mvn_swi_l2_onboardsvymom_20160224::2.0
P,urn:nasa:pds:maven.swia.calibrated:data.onboard_svy_mom:mvn_swi_l2_onboardsvymom_20160225::2.0
P,urn:nasa:pds:maven.swia.calibrated:data.onboard_svy_mom:mvn_swi_l2_onboardsvymom_20160226::2.0
P,urn:nasa:pds:maven.swia.calibrated:data.onboard_svy_mom:mvn_swi_l2_onboardsvymom_20160227::2.0
P,urn:nasa:pds:maven.swia.calibrated:data.onboard_svy_mom:mvn_swi_l2_onboardsvymom_20160228::2.0
P,urn:nasa:pds:maven.swia.calibrated:data.onboard_svy_mom:mvn_swi_l2_onboardsvymom_20160229::2.0
P,urn:nasa:pds:maven.swia.calibrated:data.onboard_svy_mom:mvn_swi_l2_onboardsvymom_20160301::2.0
P,urn:nasa:pds:maven.swia.calibrated:data.onboard_svy_mom:mvn_swi_l2_onboardsvymom_20160302::2.0
P,urn:nasa:pds:maven.swia.calibrated:data.onboard_svy_mom:mvn_swi_l2_onboardsvymom_20160303::2.0
P,urn:nasa:pds:maven.swia.calibrated:data.onboard_svy_mom:mvn_swi_l2_onboardsvymom_20160304::2.0
P,urn:nasa:pds:maven.swia.calibrated:data.onboard_svy_mom:mvn_swi_l2_onboardsvymom_20160305::2.0
P,urn:nasa:pds:maven.swia.calibrated:data.onboard_svy_mom:mvn_swi_l2_onboardsvymom_20160306::2.0
P,urn:nasa:pds:maven.swia.calibrated:data.onboard_svy_mom:mvn_swi_l2_onboardsvymom_20160307::2.0
P,urn:nasa:pds:maven.swia.calibrated:data.onboard_svy_mom:mvn_swi_l2_onboardsvymom_20160308::2.0
P,urn:nasa:pds:maven.swia.calibrated:data.onboard_svy_mom:mvn_swi_l2_onboardsvymom_20160309::2.0
P,urn:nasa:pds:maven.swia.calibrated:data.onboard_svy_mom:mvn_swi_l2_onboardsvymom_20160310::2.0
P,urn:nasa:pds:maven.swia.calibrated:data.onboard_svy_mom:mvn_swi_l2_onboardsvymom_20160311::2.0
P,urn:nasa:pds:maven.swia.calibrated:data.onboard_svy_mom:mvn_swi_l2_onboardsvymom_20160312::2.0
P,urn:nasa:pds:maven.swia.calibrated:data.onboard_svy_mom:mvn_swi_l2_onboardsvymom_20160313::2.0
P,urn:nasa:pds:maven.swia.calibrated:data.onboard_svy_mom:mvn_swi_l2_onboardsvymom_20160314::2.0
P,urn:nasa:pds:maven.swia.calibrated:data.onboard_svy_mom:mvn_swi_l2_onboardsvymom_20160315::2.0
P,urn:nasa:pds:maven.swia.calibrated:data.onboard_svy_mom:mvn_swi_l2_onboardsvymom_20160316::2.0
P,urn:nasa:pds:maven.swia.calibrated:data.onboard_svy_mom:mvn_swi_l2_onboardsvymom_20160317::2.0
P,urn:nasa:pds:maven.swia.calibrated:data.onboard_svy_mom:mvn_swi_l2_onboardsvymom_20160318::2.0
P,urn:nasa:pds:maven.swia.calibrated:data.onboard_svy_mom:mvn_swi_l2_onboardsvymom_20160319::2.0
P,urn:nasa:pds:maven.swia.calibrated:data.onboard_svy_mom:mvn_swi_l2_onboardsvymom_20160320::2.0
P,urn:nasa:pds:maven.swia.calibrated:data.onboard_svy_mom:mvn_swi_l2_onboardsvymom_20160321::2.0
P,urn:nasa:pds:maven.swia.calibrated:data.onboard_svy_mom:mvn_swi_l2_onboardsvymom_20160322::2.0
P,urn:nasa:pds:maven.swia.calibrated:data.onboard_svy_mom:mvn_swi_l2_onboardsvymom_20160323::2.0
P,urn:nasa:pds:maven.swia.calibrated:data.onboard_svy_mom:mvn_swi_l2_onboardsvymom_20160324::2.0
P,urn:nasa:pds:maven.swia.calibrated:data.onboard_svy_mom:mvn_swi_l2_onboardsvymom_20160325::2.0
P,urn:nasa:pds:maven.swia.calibrated:data.onboard_svy_mom:mvn_swi_l2_onboardsvymom_20160326::2.0
P,urn:nasa:pds:maven.swia.calibrated:data.onboard_svy_mom:mvn_swi_l2_onboardsvymom_20160327::2.0
P,urn:nasa:pds:maven.swia.calibrated:data.onboard_svy_mom:mvn_swi_l2_onboardsvymom_20160328::2.0
P,urn:nasa:pds:maven.swia.calibrated:data.onboard_svy_mom:mvn_swi_l2_onboardsvymom_20160329::2.0
P,urn:nasa:pds:maven.swia.calibrated:data.onboard_svy_mom:mvn_swi_l2_onboardsvymom_20160330::2.0
P,urn:nasa:pds:maven.swia.calibrated:data.onboard_svy_mom:mvn_swi_l2_onboardsvymom_20160331::2.0
P,urn:nasa:pds:maven.swia.calibrated:data.onboard_svy_mom:mvn_swi_l2_onboardsvymom_20160401::2.0
P,urn:nasa:pds:maven.swia.calibrated:data.onboard_svy_mom:mvn_swi_l2_onboardsvymom_20160402::2.0
P,urn:nasa:pds:maven.swia.calibrated:data.onboard_svy_mom:mvn_swi_l2_onboardsvymom_20160403::2.0
P,urn:nasa:pds:maven.swia.calibrated:data.onboard_svy_mom:mvn_swi_l2_onboardsvymom_20160404::2.0
P,urn:nasa:pds:maven.swia.calibrated:data.onboard_svy_mom:mvn_swi_l2_onboardsvymom_20160405::2.0
P,urn:nasa:pds:maven.swia.calibrated:data.onboard_svy_mom:mvn_swi_l2_onboardsvymom_20160406::2.0
P,urn:nasa:pds:maven.swia.calibrated:data.onboard_svy_mom:mvn_swi_l2_onboardsvymom_20160407::2.0
P,urn:nasa:pds:maven.swia.calibrated:data.onboard_svy_mom:mvn_swi_l2_onboardsvymom_20160408::2.0
P,urn:nasa:pds:maven.swia.calibrated:data.onboard_svy_mom:mvn_swi_l2_onboardsvymom_20160409::2.0
P,urn:nasa:pds:maven.swia.calibrated:data.onboard_svy_mom:mvn_swi_l2_onboardsvymom_20160410::2.0
P,urn:nasa:pds:maven.swia.calibrated:data.onboard_svy_mom:mvn_swi_l2_onboardsvymom_20160411::2.0
P,urn:nasa:pds:maven.swia.calibrated:data.onboard_svy_mom:mvn_swi_l2_onboardsvymom_20160412::2.0
P,urn:nasa:pds:maven.swia.calibrated:data.onboard_svy_mom:mvn_swi_l2_onboardsvymom_20160413::2.0
P,urn:nasa:pds:maven.swia.calibrated:data.onboard_svy_mom:mvn_swi_l2_onboardsvymom_20160414::2.0
P,urn:nasa:pds:maven.swia.calibrated:data.onboard_svy_mom:mvn_swi_l2_onboardsvymom_20160415::2.0
P,urn:nasa:pds:maven.swia.calibrated:data.onboard_svy_mom:mvn_swi_l2_onboardsvymom_20160416::2.0
P,urn:nasa:pds:maven.swia.calibrated:data.onboard_svy_mom:mvn_swi_l2_onboardsvymom_20160417::2.0
P,urn:nasa:pds:maven.swia.calibrated:data.onboard_svy_mom:mvn_swi_l2_onboardsvymom_20160418::2.0
P,urn:nasa:pds:maven.swia.calibrated:data.onboard_svy_mom:mvn_swi_l2_onboardsvymom_20160419::2.0
P,urn:nasa:pds:maven.swia.calibrated:data.onboard_svy_mom:mvn_swi_l2_onboardsvymom_20160420::2.0
P,urn:nasa:pds:maven.swia.calibrated:data.onboard_svy_mom:mvn_swi_l2_onboardsvymom_20160421::2.0
P,urn:nasa:pds:maven.swia.calibrated:data.onboard_svy_mom:mvn_swi_l2_onboardsvymom_20160422::2.0
P,urn:nasa:pds:maven.swia.calibrated:data.onboard_svy_mom:mvn_swi_l2_onboardsvymom_20160423::2.0
P,urn:nasa:pds:maven.swia.calibrated:data.onboard_svy_mom:mvn_swi_l2_onboardsvymom_20160424::2.0
P,urn:nasa:pds:maven.swia.calibrated:data.onboard_svy_mom:mvn_swi_l2_onboardsvymom_20160425::2.0
P,urn:nasa:pds:maven.swia.calibrated:data.onboard_svy_mom:mvn_swi_l2_onboardsvymom_20160426::2.0
P,urn:nasa:pds:maven.swia.calibrated:data.onboard_svy_mom:mvn_swi_l2_onboardsvymom_20160427::2.0
P,urn:nasa:pds:maven.swia.calibrated:data.onboard_svy_mom:mvn_swi_l2_onboardsvymom_20160428::2.0
P,urn:nasa:pds:maven.swia.calibrated:data.onboard_svy_mom:mvn_swi_l2_onboardsvymom_20160429::2.0
P,urn:nasa:pds:maven.swia.calibrated:data.onboard_svy_mom:mvn_swi_l2_onboardsvymom_20160430::2.0
P,urn:nasa:pds:maven.swia.calibrated:data.onboard_svy_mom:mvn_swi_l2_onboardsvymom_20160501::2.0
P,urn:nasa:pds:maven.swia.calibrated:data.onboard_svy_mom:mvn_swi_l2_onboardsvymom_20160502::2.0
P,urn:nasa:pds:maven.swia.calibrated:data.onboard_svy_mom:mvn_swi_l2_onboardsvymom_20160503::2.0
P,urn:nasa:pds:maven.swia.calibrated:data.onboard_svy_mom:mvn_swi_l2_onboardsvymom_20160504::2.0
P,urn:nasa:pds:maven.swia.calibrated:data.onboard_svy_mom:mvn_swi_l2_onboardsvymom_20160505::2.0
P,urn:nasa:pds:maven.swia.calibrated:data.onboard_svy_mom:mvn_swi_l2_onboardsvymom_20160506::2.0
P,urn:nasa:pds:maven.swia.calibrated:data.onboard_svy_mom:mvn_swi_l2_onboardsvymom_20160507::2.0
P,urn:nasa:pds:maven.swia.calibrated:data.onboard_svy_mom:mvn_swi_l2_onboardsvymom_20160508::2.0
P,urn:nasa:pds:maven.swia.calibrated:data.onboard_svy_mom:mvn_swi_l2_onboardsvymom_20160509::2.0
P,urn:nasa:pds:maven.swia.calibrated:data.onboard_svy_mom:mvn_swi_l2_onboardsvymom_20160510::2.0
P,urn:nasa:pds:maven.swia.calibrated:data.onboard_svy_mom:mvn_swi_l2_onboardsvymom_20160511::2.0
P,urn:nasa:pds:maven.swia.calibrated:data.onboard_svy_mom:mvn_swi_l2_onboardsvymom_20160512::2.0
P,urn:nasa:pds:maven.swia.calibrated:data.onboard_svy_mom:mvn_swi_l2_onboardsvymom_20160513::2.0
P,urn:nasa:pds:maven.swia.calibrated:data.onboard_svy_mom:mvn_swi_l2_onboardsvymom_20160514::2.0
P,urn:nasa:pds:maven.swia.calibrated:data.onboard_svy_mom:mvn_swi_l2_onboardsvymom_20160515::2.0
P,urn:nasa:pds:maven.swia.calibrated:data.onboard_svy_mom:mvn_swi_l2_onboardsvymom_20160516::2.0
P,urn:nasa:pds:maven.swia.calibrated:data.onboard_svy_mom:mvn_swi_l2_onboardsvymom_20160517::2.0
P,urn:nasa:pds:maven.swia.calibrated:data.onboard_svy_mom:mvn_swi_l2_onboardsvymom_20160518::2.0
P,urn:nasa:pds:maven.swia.calibrated:data.onboard_svy_mom:mvn_swi_l2_onboardsvymom_20160519::2.0
P,urn:nasa:pds:maven.swia.calibrated:data.onboard_svy_mom:mvn_swi_l2_onboardsvymom_20160520::2.0
P,urn:nasa:pds:maven.swia.calibrated:data.onboard_svy_mom:mvn_swi_l2_onboardsvymom_20160521::2.0
P,urn:nasa:pds:maven.swia.calibrated:data.onboard_svy_mom:mvn_swi_l2_onboardsvymom_20160522::2.0
P,urn:nasa:pds:maven.swia.calibrated:data.onboard_svy_mom:mvn_swi_l2_onboardsvymom_20160523::2.0
P,urn:nasa:pds:maven.swia.calibrated:data.onboard_svy_mom:mvn_swi_l2_onboardsvymom_20160524::2.0
P,urn:nasa:pds:maven.swia.calibrated:data.onboard_svy_mom:mvn_swi_l2_onboardsvymom_20160525::2.0
P,urn:nasa:pds:maven.swia.calibrated:data.onboard_svy_mom:mvn_swi_l2_onboardsvymom_20160526::2.0
P,urn:nasa:pds:maven.swia.calibrated:data.onboard_svy_mom:mvn_swi_l2_onboardsvymom_20160527::2.0
P,urn:nasa:pds:maven.swia.calibrated:data.onboard_svy_mom:mvn_swi_l2_onboardsvymom_20160528::2.0
P,urn:nasa:pds:maven.swia.calibrated:data.onboard_svy_mom:mvn_swi_l2_onboardsvymom_20160529::2.0
P,urn:nasa:pds:maven.swia.calibrated:data.onboard_svy_mom:mvn_swi_l2_onboardsvymom_20160530::2.0
P,urn:nasa:pds:maven.swia.calibrated:data.onboard_svy_mom:mvn_swi_l2_onboardsvymom_20160531::2.0
P,urn:nasa:pds:maven.swia.calibrated:data.onboard_svy_mom:mvn_swi_l2_onboardsvymom_20160601::2.0
P,urn:nasa:pds:maven.swia.calibrated:data.onboard_svy_mom:mvn_swi_l2_onboardsvymom_20160602::2.0
P,urn:nasa:pds:maven.swia.calibrated:data.onboard_svy_mom:mvn_swi_l2_onboardsvymom_20160603::2.0
P,urn:nasa:pds:maven.swia.calibrated:data.onboard_svy_mom:mvn_swi_l2_onboardsvymom_20160604::2.0
P,urn:nasa:pds:maven.swia.calibrated:data.onboard_svy_mom:mvn_swi_l2_onboardsvymom_20160605::2.0
P,urn:nasa:pds:maven.swia.calibrated:data.onboard_svy_mom:mvn_swi_l2_onboardsvymom_20160606::2.0
P,urn:nasa:pds:maven.swia.calibrated:data.onboard_svy_mom:mvn_swi_l2_onboardsvymom_20160607::2.0
P,urn:nasa:pds:maven.swia.calibrated:data.onboard_svy_mom:mvn_swi_l2_onboardsvymom_20160608::2.0
P,urn:nasa:pds:maven.swia.calibrated:data.onboard_svy_mom:mvn_swi_l2_onboardsvymom_20160609::2.0
P,urn:nasa:pds:maven.swia.calibrated:data.onboard_svy_mom:mvn_swi_l2_onboardsvymom_20160610::2.0
P,urn:nasa:pds:maven.swia.calibrated:data.onboard_svy_mom:mvn_swi_l2_onboardsvymom_20160611::2.0
P,urn:nasa:pds:maven.swia.calibrated:data.onboard_svy_mom:mvn_swi_l2_onboardsvymom_20160612::2.0
P,urn:nasa:pds:maven.swia.calibrated:data.onboard_svy_mom:mvn_swi_l2_onboardsvymom_20160613::2.0
P,urn:nasa:pds:maven.swia.calibrated:data.onboard_svy_mom:mvn_swi_l2_onboardsvymom_20160614::2.0
P,urn:nasa:pds:maven.swia.calibrated:data.onboard_svy_mom:mvn_swi_l2_onboardsvymom_20160615::2.0
P,urn:nasa:pds:maven.swia.calibrated:data.onboard_svy_mom:mvn_swi_l2_onboardsvymom_20160616::2.0
P,urn:nasa:pds:maven.swia.calibrated:data.onboard_svy_mom:mvn_swi_l2_onboardsvymom_20160617::2.0
P,urn:nasa:pds:maven.swia.calibrated:data.onboard_svy_mom:mvn_swi_l2_onboardsvymom_20160618::2.0
P,urn:nasa:pds:maven.swia.calibrated:data.onboard_svy_mom:mvn_swi_l2_onboardsvymom_20160619::2.0
P,urn:nasa:pds:maven.swia.calibrated:data.onboard_svy_mom:mvn_swi_l2_onboardsvymom_20160620::2.0
P,urn:nasa:pds:maven.swia.calibrated:data.onboard_svy_mom:mvn_swi_l2_onboardsvymom_20160621::2.0
P,urn:nasa:pds:maven.swia.calibrated:data.onboard_svy_mom:mvn_swi_l2_onboardsvymom_20160622::2.0
P,urn:nasa:pds:maven.swia.calibrated:data.onboard_svy_mom:mvn_swi_l2_onboardsvymom_20160623::2.0
P,urn:nasa:pds:maven.swia.calibrated:data.onboard_svy_mom:mvn_swi_l2_onboardsvymom_20160624::2.0
P,urn:nasa:pds:maven.swia.calibrated:data.onboard_svy_mom:mvn_swi_l2_onboardsvymom_20160625::2.0
P,urn:nasa:pds:maven.swia.calibrated:data.onboard_svy_mom:mvn_swi_l2_onboardsvymom_20160626::2.0
P,urn:nasa:pds:maven.swia.calibrated:data.onboard_svy_mom:mvn_swi_l2_onboardsvymom_20160627::2.0
P,urn:nasa:pds:maven.swia.calibrated:data.onboard_svy_mom:mvn_swi_l2_onboardsvymom_20160628::2.0
P,urn:nasa:pds:maven.swia.calibrated:data.onboard_svy_mom:mvn_swi_l2_onboardsvymom_20160629::2.0
P,urn:nasa:pds:maven.swia.calibrated:data.onboard_svy_mom:mvn_swi_l2_onboardsvymom_20160630::2.0
P,urn:nasa:pds:maven.swia.calibrated:data.onboard_svy_mom:mvn_swi_l2_onboardsvymom_20160701::2.0
P,urn:nasa:pds:maven.swia.calibrated:data.onboard_svy_mom:mvn_swi_l2_onboardsvymom_20160702::2.0
P,urn:nasa:pds:maven.swia.calibrated:data.onboard_svy_mom:mvn_swi_l2_onboardsvymom_20160703::2.0
P,urn:nasa:pds:maven.swia.calibrated:data.onboard_svy_mom:mvn_swi_l2_onboardsvymom_20160704::2.0
P,urn:nasa:pds:maven.swia.calibrated:data.onboard_svy_mom:mvn_swi_l2_onboardsvymom_20160705::2.0
P,urn:nasa:pds:maven.swia.calibrated:data.onboard_svy_mom:mvn_swi_l2_onboardsvymom_20160706::2.0
P,urn:nasa:pds:maven.swia.calibrated:data.onboard_svy_mom:mvn_swi_l2_onboardsvymom_20160707::2.0
P,urn:nasa:pds:maven.swia.calibrated:data.onboard_svy_mom:mvn_swi_l2_onboardsvymom_20160708::2.0
P,urn:nasa:pds:maven.swia.calibrated:data.onboard_svy_mom:mvn_swi_l2_onboardsvymom_20160709::2.0
P,urn:nasa:pds:maven.swia.calibrated:data.onboard_svy_mom:mvn_swi_l2_onboardsvymom_20160710::2.0
P,urn:nasa:pds:maven.swia.calibrated:data.onboard_svy_mom:mvn_swi_l2_onboardsvymom_20160711::2.0
P,urn:nasa:pds:maven.swia.calibrated:data.onboard_svy_mom:mvn_swi_l2_onboardsvymom_20160712::2.0
P,urn:nasa:pds:maven.swia.calibrated:data.onboard_svy_mom:mvn_swi_l2_onboardsvymom_20160713::2.0
P,urn:nasa:pds:maven.swia.calibrated:data.onboard_svy_mom:mvn_swi_l2_onboardsvymom_20160714::2.0
P,urn:nasa:pds:maven.swia.calibrated:data.onboard_svy_mom:mvn_swi_l2_onboardsvymom_20160715::2.0
P,urn:nasa:pds:maven.swia.calibrated:data.onboard_svy_mom:mvn_swi_l2_onboardsvymom_20160716::2.0
P,urn:nasa:pds:maven.swia.calibrated:data.onboard_svy_mom:mvn_swi_l2_onboardsvymom_20160717::2.0
P,urn:nasa:pds:maven.swia.calibrated:data.onboard_svy_mom:mvn_swi_l2_onboardsvymom_20160718::2.0
P,urn:nasa:pds:maven.swia.calibrated:data.onboard_svy_mom:mvn_swi_l2_onboardsvymom_20160719::2.0
P,urn:nasa:pds:maven.swia.calibrated:data.onboard_svy_mom:mvn_swi_l2_onboardsvymom_20160720::2.0
P,urn:nasa:pds:maven.swia.calibrated:data.onboard_svy_mom:mvn_swi_l2_onboardsvymom_20160721::2.0
P,urn:nasa:pds:maven.swia.calibrated:data.onboard_svy_mom:mvn_swi_l2_onboardsvymom_20160722::2.0
P,urn:nasa:pds:maven.swia.calibrated:data.onboard_svy_mom:mvn_swi_l2_onboardsvymom_20160723::2.0
P,urn:nasa:pds:maven.swia.calibrated:data.onboard_svy_mom:mvn_swi_l2_onboardsvymom_20160724::2.0
P,urn:nasa:pds:maven.swia.calibrated:data.onboard_svy_mom:mvn_swi_l2_onboardsvymom_20160725::2.0
P,urn:nasa:pds:maven.swia.calibrated:data.onboard_svy_mom:mvn_swi_l2_onboardsvymom_20160726::2.0
P,urn:nasa:pds:maven.swia.calibrated:data.onboard_svy_mom:mvn_swi_l2_onboardsvymom_20160727::2.0
P,urn:nasa:pds:maven.swia.calibrated:data.onboard_svy_mom:mvn_swi_l2_onboardsvymom_20160728::2.0
P,urn:nasa:pds:maven.swia.calibrated:data.onboard_svy_mom:mvn_swi_l2_onboardsvymom_20160729::2.0
P,urn:nasa:pds:maven.swia.calibrated:data.onboard_svy_mom:mvn_swi_l2_onboardsvymom_20160730::2.0
P,urn:nasa:pds:maven.swia.calibrated:data.onboard_svy_mom:mvn_swi_l2_onboardsvymom_20160731::2.0
P,urn:nasa:pds:maven.swia.calibrated:data.onboard_svy_mom:mvn_swi_l2_onboardsvymom_20160801::2.0
P,urn:nasa:pds:maven.swia.calibrated:data.onboard_svy_mom:mvn_swi_l2_onboardsvymom_20160802::2.0
P,urn:nasa:pds:maven.swia.calibrated:data.onboard_svy_mom:mvn_swi_l2_onboardsvymom_20160803::2.0
P,urn:nasa:pds:maven.swia.calibrated:data.onboard_svy_mom:mvn_swi_l2_onboardsvymom_20160804::2.0
P,urn:nasa:pds:maven.swia.calibrated:data.onboard_svy_mom:mvn_swi_l2_onboardsvymom_20160805::2.0
P,urn:nasa:pds:maven.swia.calibrated:data.onboard_svy_mom:mvn_swi_l2_onboardsvymom_20160806::2.0
P,urn:nasa:pds:maven.swia.calibrated:data.onboard_svy_mom:mvn_swi_l2_onboardsvymom_20160807::2.0
P,urn:nasa:pds:maven.swia.calibrated:data.onboard_svy_mom:mvn_swi_l2_onboardsvymom_20160808::2.0
P,urn:nasa:pds:maven.swia.calibrated:data.onboard_svy_mom:mvn_swi_l2_onboardsvymom_20160809::2.0
P,urn:nasa:pds:maven.swia.calibrated:data.onboard_svy_mom:mvn_swi_l2_onboardsvymom_20160810::2.0
P,urn:nasa:pds:maven.swia.calibrated:data.onboard_svy_mom:mvn_swi_l2_onboardsvymom_20160811::2.0
P,urn:nasa:pds:maven.swia.calibrated:data.onboard_svy_mom:mvn_swi_l2_onboardsvymom_20160812::2.0
P,urn:nasa:pds:maven.swia.calibrated:data.onboard_svy_mom:mvn_swi_l2_onboardsvymom_20160813::2.0
P,urn:nasa:pds:maven.swia.calibrated:data.onboard_svy_mom:mvn_swi_l2_onboardsvymom_20160814::2.0
P,urn:nasa:pds:maven.swia.calibrated:data.onboard_svy_mom:mvn_swi_l2_onboardsvymom_20160815::2.0
P,urn:nasa:pds:maven.swia.calibrated:data.onboard_svy_mom:mvn_swi_l2_onboardsvymom_20160816::2.0
P,urn:nasa:pds:maven.swia.calibrated:data.onboard_svy_mom:mvn_swi_l2_onboardsvymom_20160817::2.0
P,urn:nasa:pds:maven.swia.calibrated:data.onboard_svy_mom:mvn_swi_l2_onboardsvymom_20160818::2.0
P,urn:nasa:pds:maven.swia.calibrated:data.onboard_svy_mom:mvn_swi_l2_onboardsvymom_20160819::2.0
P,urn:nasa:pds:maven.swia.calibrated:data.onboard_svy_mom:mvn_swi_l2_onboardsvymom_20160820::2.0
P,urn:nasa:pds:maven.swia.calibrated:data.onboard_svy_mom:mvn_swi_l2_onboardsvymom_20160821::2.0
P,urn:nasa:pds:maven.swia.calibrated:data.onboard_svy_mom:mvn_swi_l2_onboardsvymom_20160822::2.0
P,urn:nasa:pds:maven.swia.calibrated:data.onboard_svy_mom:mvn_swi_l2_onboardsvymom_20160823::2.0
P,urn:nasa:pds:maven.swia.calibrated:data.onboard_svy_mom:mvn_swi_l2_onboardsvymom_20160824::2.0
P,urn:nasa:pds:maven.swia.calibrated:data.onboard_svy_mom:mvn_swi_l2_onboardsvymom_20160825::2.0
P,urn:nasa:pds:maven.swia.calibrated:data.onboard_svy_mom:mvn_swi_l2_onboardsvymom_20160826::2.0
P,urn:nasa:pds:maven.swia.calibrated:data.onboard_svy_mom:mvn_swi_l2_onboardsvymom_20160827::2.0
P,urn:nasa:pds:maven.swia.calibrated:data.onboard_svy_mom:mvn_swi_l2_onboardsvymom_20160828::2.0
P,urn:nasa:pds:maven.swia.calibrated:data.onboard_svy_mom:mvn_swi_l2_onboardsvymom_20160829::2.0
P,urn:nasa:pds:maven.swia.calibrated:data.onboard_svy_mom:mvn_swi_l2_onboardsvymom_20160830::2.0
P,urn:nasa:pds:maven.swia.calibrated:data.onboard_svy_mom:mvn_swi_l2_onboardsvymom_20160831::2.0
P,urn:nasa:pds:maven.swia.calibrated:data.onboard_svy_mom:mvn_swi_l2_onboardsvymom_20160901::2.0
P,urn:nasa:pds:maven.swia.calibrated:data.onboard_svy_mom:mvn_swi_l2_onboardsvymom_20160902::2.0
P,urn:nasa:pds:maven.swia.calibrated:data.onboard_svy_mom:mvn_swi_l2_onboardsvymom_20160903::2.0
P,urn:nasa:pds:maven.swia.calibrated:data.onboard_svy_mom:mvn_swi_l2_onboardsvymom_20160904::2.0
P,urn:nasa:pds:maven.swia.calibrated:data.onboard_svy_mom:mvn_swi_l2_onboardsvymom_20160905::2.0
P,urn:nasa:pds:maven.swia.calibrated:data.onboard_svy_mom:mvn_swi_l2_onboardsvymom_20160906::2.0
P,urn:nasa:pds:maven.swia.calibrated:data.onboard_svy_mom:mvn_swi_l2_onboardsvymom_20160907::2.0
P,urn:nasa:pds:maven.swia.calibrated:data.onboard_svy_mom:mvn_swi_l2_onboardsvymom_20160908::2.0
P,urn:nasa:pds:maven.swia.calibrated:data.onboard_svy_mom:mvn_swi_l2_onboardsvymom_20160909::2.0
P,urn:nasa:pds:maven.swia.calibrated:data.onboard_svy_mom:mvn_swi_l2_onboardsvymom_20160910::2.0
P,urn:nasa:pds:maven.swia.calibrated:data.onboard_svy_mom:mvn_swi_l2_onboardsvymom_20160911::2.0
P,urn:nasa:pds:maven.swia.calibrated:data.onboard_svy_mom:mvn_swi_l2_onboardsvymom_20160912::2.0
P,urn:nasa:pds:maven.swia.calibrated:data.onboard_svy_mom:mvn_swi_l2_onboardsvymom_20160913::2.0
P,urn:nasa:pds:maven.swia.calibrated:data.onboard_svy_mom:mvn_swi_l2_onboardsvymom_20160914::2.0
P,urn:nasa:pds:maven.swia.calibrated:data.onboard_svy_mom:mvn_swi_l2_onboardsvymom_20160915::2.0
P,urn:nasa:pds:maven.swia.calibrated:data.onboard_svy_mom:mvn_swi_l2_onboardsvymom_20160916::2.0
P,urn:nasa:pds:maven.swia.calibrated:data.onboard_svy_mom:mvn_swi_l2_onboardsvymom_20160917::2.0
P,urn:nasa:pds:maven.swia.calibrated:data.onboard_svy_mom:mvn_swi_l2_onboardsvymom_20160918::2.0
P,urn:nasa:pds:maven.swia.calibrated:data.onboard_svy_mom:mvn_swi_l2_onboardsvymom_20160919::2.0
P,urn:nasa:pds:maven.swia.calibrated:data.onboard_svy_mom:mvn_swi_l2_onboardsvymom_20160920::2.0
P,urn:nasa:pds:maven.swia.calibrated:data.onboard_svy_mom:mvn_swi_l2_onboardsvymom_20160921::2.0
P,urn:nasa:pds:maven.swia.calibrated:data.onboard_svy_mom:mvn_swi_l2_onboardsvymom_20160922::2.0
P,urn:nasa:pds:maven.swia.calibrated:data.onboard_svy_mom:mvn_swi_l2_onboardsvymom_20160923::2.0
P,urn:nasa:pds:maven.swia.calibrated:data.onboard_svy_mom:mvn_swi_l2_onboardsvymom_20160924::2.0
P,urn:nasa:pds:maven.swia.calibrated:data.onboard_svy_mom:mvn_swi_l2_onboardsvymom_20160925::2.0
P,urn:nasa:pds:maven.swia.calibrated:data.onboard_svy_mom:mvn_swi_l2_onboardsvymom_20160926::2.0
P,urn:nasa:pds:maven.swia.calibrated:data.onboard_svy_mom:mvn_swi_l2_onboardsvymom_20160927::2.0
P,urn:nasa:pds:maven.swia.calibrated:data.onboard_svy_mom:mvn_swi_l2_onboardsvymom_20160928::2.0
P,urn:nasa:pds:maven.swia.calibrated:data.onboard_svy_mom:mvn_swi_l2_onboardsvymom_20160929::2.0
P,urn:nasa:pds:maven.swia.calibrated:data.onboard_svy_mom:mvn_swi_l2_onboardsvymom_20160930::2.0
P,urn:nasa:pds:maven.swia.calibrated:data.onboard_svy_mom:mvn_swi_l2_onboardsvymom_20161001::2.0
P,urn:nasa:pds:maven.swia.calibrated:data.onboard_svy_mom:mvn_swi_l2_onboardsvymom_20161002::2.0
P,urn:nasa:pds:maven.swia.calibrated:data.onboard_svy_mom:mvn_swi_l2_onboardsvymom_20161003::2.0
P,urn:nasa:pds:maven.swia.calibrated:data.onboard_svy_mom:mvn_swi_l2_onboardsvymom_20161004::2.0
P,urn:nasa:pds:maven.swia.calibrated:data.onboard_svy_mom:mvn_swi_l2_onboardsvymom_20161005::2.0
P,urn:nasa:pds:maven.swia.calibrated:data.onboard_svy_mom:mvn_swi_l2_onboardsvymom_20161006::2.0
P,urn:nasa:pds:maven.swia.calibrated:data.onboard_svy_mom:mvn_swi_l2_onboardsvymom_20161007::2.0
P,urn:nasa:pds:maven.swia.calibrated:data.onboard_svy_mom:mvn_swi_l2_onboardsvymom_20161008::2.0
P,urn:nasa:pds:maven.swia.calibrated:data.onboard_svy_mom:mvn_swi_l2_onboardsvymom_20161009::2.0
P,urn:nasa:pds:maven.swia.calibrated:data.onboard_svy_mom:mvn_swi_l2_onboardsvymom_20161010::2.0
P,urn:nasa:pds:maven.swia.calibrated:data.onboard_svy_mom:mvn_swi_l2_onboardsvymom_20161011::2.0
P,urn:nasa:pds:maven.swia.calibrated:data.onboard_svy_mom:mvn_swi_l2_onboardsvymom_20161012::2.0
P,urn:nasa:pds:maven.swia.calibrated:data.onboard_svy_mom:mvn_swi_l2_onboardsvymom_20161013::2.0
P,urn:nasa:pds:maven.swia.calibrated:data.onboard_svy_mom:mvn_swi_l2_onboardsvymom_20161014::2.0
P,urn:nasa:pds:maven.swia.calibrated:data.onboard_svy_mom:mvn_swi_l2_onboardsvymom_20161015::2.0
P,urn:nasa:pds:maven.swia.calibrated:data.onboard_svy_mom:mvn_swi_l2_onboardsvymom_20161016::2.0
P,urn:nasa:pds:maven.swia.calibrated:data.onboard_svy_mom:mvn_swi_l2_onboardsvymom_20161017::2.0
P,urn:nasa:pds:maven.swia.calibrated:data.onboard_svy_mom:mvn_swi_l2_onboardsvymom_20161018::2.0
P,urn:nasa:pds:maven.swia.calibrated:data.onboard_svy_mom:mvn_swi_l2_onboardsvymom_20161019::2.0
P,urn:nasa:pds:maven.swia.calibrated:data.onboard_svy_mom:mvn_swi_l2_onboardsvymom_20161020::2.0
P,urn:nasa:pds:maven.swia.calibrated:data.onboard_svy_mom:mvn_swi_l2_onboardsvymom_20161021::2.0
P,urn:nasa:pds:maven.swia.calibrated:data.onboard_svy_mom:mvn_swi_l2_onboardsvymom_20161022::2.0
P,urn:nasa:pds:maven.swia.calibrated:data.onboard_svy_mom:mvn_swi_l2_onboardsvymom_20161023::2.0
P,urn:nasa:pds:maven.swia.calibrated:data.onboard_svy_mom:mvn_swi_l2_onboardsvymom_20161024::2.0
P,urn:nasa:pds:maven.swia.calibrated:data.onboard_svy_mom:mvn_swi_l2_onboardsvymom_20161025::2.0
P,urn:nasa:pds:maven.swia.calibrated:data.onboard_svy_mom:mvn_swi_l2_onboardsvymom_20161026::2.0
P,urn:nasa:pds:maven.swia.calibrated:data.onboard_svy_mom:mvn_swi_l2_onboardsvymom_20161027::2.0
P,urn:nasa:pds:maven.swia.calibrated:data.onboard_svy_mom:mvn_swi_l2_onboardsvymom_20161028::2.0
P,urn:nasa:pds:maven.swia.calibrated:data.onboard_svy_mom:mvn_swi_l2_onboardsvymom_20161029::2.0
P,urn:nasa:pds:maven.swia.calibrated:data.onboard_svy_mom:mvn_swi_l2_onboardsvymom_20161030::2.0
P,urn:nasa:pds:maven.swia.calibrated:data.onboard_svy_mom:mvn_swi_l2_onboardsvymom_20161031::2.0
P,urn:nasa:pds:maven.swia.calibrated:data.onboard_svy_mom:mvn_swi_l2_onboardsvymom_20161101::2.0
P,urn:nasa:pds:maven.swia.calibrated:data.onboard_svy_mom:mvn_swi_l2_onboardsvymom_20161102::2.0
P,urn:nasa:pds:maven.swia.calibrated:data.onboard_svy_mom:mvn_swi_l2_onboardsvymom_20161103::2.0
P,urn:nasa:pds:maven.swia.calibrated:data.onboard_svy_mom:mvn_swi_l2_onboardsvymom_20161104::2.0
P,urn:nasa:pds:maven.swia.calibrated:data.onboard_svy_mom:mvn_swi_l2_onboardsvymom_20161105::2.0
P,urn:nasa:pds:maven.swia.calibrated:data.onboard_svy_mom:mvn_swi_l2_onboardsvymom_20161106::2.0
P,urn:nasa:pds:maven.swia.calibrated:data.onboard_svy_mom:mvn_swi_l2_onboardsvymom_20161107::2.0
P,urn:nasa:pds:maven.swia.calibrated:data.onboard_svy_mom:mvn_swi_l2_onboardsvymom_20161108::2.0
P,urn:nasa:pds:maven.swia.calibrated:data.onboard_svy_mom:mvn_swi_l2_onboardsvymom_20161109::2.0
P,urn:nasa:pds:maven.swia.calibrated:data.onboard_svy_mom:mvn_swi_l2_onboardsvymom_20161110::2.0
P,urn:nasa:pds:maven.swia.calibrated:data.onboard_svy_mom:mvn_swi_l2_onboardsvymom_20161111::2.0
P,urn:nasa:pds:maven.swia.calibrated:data.onboard_svy_mom:mvn_swi_l2_onboardsvymom_20161112::2.0
P,urn:nasa:pds:maven.swia.calibrated:data.onboard_svy_mom:mvn_swi_l2_onboardsvymom_20161113::2.0
P,urn:nasa:pds:maven.swia.calibrated:data.onboard_svy_mom:mvn_swi_l2_onboardsvymom_20161114::2.0
P,urn:nasa:pds:maven.swia.calibrated:data.onboard_svy_mom:mvn_swi_l2_onboardsvymom_20161115::2.0
P,urn:nasa:pds:maven.swia.calibrated:data.onboard_svy_mom:mvn_swi_l2_onboardsvymom_20161116::2.0
P,urn:nasa:pds:maven.swia.calibrated:data.onboard_svy_mom:mvn_swi_l2_onboardsvymom_20161117::2.0
P,urn:nasa:pds:maven.swia.calibrated:data.onboard_svy_mom:mvn_swi_l2_onboardsvymom_20161118::2.0
P,urn:nasa:pds:maven.swia.calibrated:data.onboard_svy_mom:mvn_swi_l2_onboardsvymom_20161119::2.0
P,urn:nasa:pds:maven.swia.calibrated:data.onboard_svy_mom:mvn_swi_l2_onboardsvymom_20161120::2.0
P,urn:nasa:pds:maven.swia.calibrated:data.onboard_svy_mom:mvn_swi_l2_onboardsvymom_20161121::2.0
P,urn:nasa:pds:maven.swia.calibrated:data.onboard_svy_mom:mvn_swi_l2_onboardsvymom_20161122::2.0
P,urn:nasa:pds:maven.swia.calibrated:data.onboard_svy_mom:mvn_swi_l2_onboardsvymom_20161123::2.0
P,urn:nasa:pds:maven.swia.calibrated:data.onboard_svy_mom:mvn_swi_l2_onboardsvymom_20161124::2.0
P,urn:nasa:pds:maven.swia.calibrated:data.onboard_svy_mom:mvn_swi_l2_onboardsvymom_20161125::2.0
P,urn:nasa:pds:maven.swia.calibrated:data.onboard_svy_mom:mvn_swi_l2_onboardsvymom_20161126::2.0
P,urn:nasa:pds:maven.swia.calibrated:data.onboard_svy_mom:mvn_swi_l2_onboardsvymom_20161127::2.0
P,urn:nasa:pds:maven.swia.calibrated:data.onboard_svy_mom:mvn_swi_l2_onboardsvymom_20161128::2.0
P,urn:nasa:pds:maven.swia.calibrated:data.onboard_svy_mom:mvn_swi_l2_onboardsvymom_20161129::2.0
P,urn:nasa:pds:maven.swia.calibrated:data.onboard_svy_mom:mvn_swi_l2_onboardsvymom_20161130::2.0
P,urn:nasa:pds:maven.swia.calibrated:data.onboard_svy_mom:mvn_swi_l2_onboardsvymom_20161201::2.0
P,urn:nasa:pds:maven.swia.calibrated:data.onboard_svy_mom:mvn_swi_l2_onboardsvymom_20161202::2.0
P,urn:nasa:pds:maven.swia.calibrated:data.onboard_svy_mom:mvn_swi_l2_onboardsvymom_20161203::2.0
P,urn:nasa:pds:maven.swia.calibrated:data.onboard_svy_mom:mvn_swi_l2_onboardsvymom_20161204::2.0
P,urn:nasa:pds:maven.swia.calibrated:data.onboard_svy_mom:mvn_swi_l2_onboardsvymom_20161205::2.0
P,urn:nasa:pds:maven.swia.calibrated:data.onboard_svy_mom:mvn_swi_l2_onboardsvymom_20161206::2.0
P,urn:nasa:pds:maven.swia.calibrated:data.onboard_svy_mom:mvn_swi_l2_onboardsvymom_20161207::2.0
P,urn:nasa:pds:maven.swia.calibrated:data.onboard_svy_mom:mvn_swi_l2_onboardsvymom_20161208::2.0
P,urn:nasa:pds:maven.swia.calibrated:data.onboard_svy_mom:mvn_swi_l2_onboardsvymom_20161209::2.0
P,urn:nasa:pds:maven.swia.calibrated:data.onboard_svy_mom:mvn_swi_l2_onboardsvymom_20161210::2.0
P,urn:nasa:pds:maven.swia.calibrated:data.onboard_svy_mom:mvn_swi_l2_onboardsvymom_20161211::2.0
P,urn:nasa:pds:maven.swia.calibrated:data.onboard_svy_mom:mvn_swi_l2_onboardsvymom_20161212::2.0
P,urn:nasa:pds:maven.swia.calibrated:data.onboard_svy_mom:mvn_swi_l2_onboardsvymom_20161213::2.0
P,urn:nasa:pds:maven.swia.calibrated:data.onboard_svy_mom:mvn_swi_l2_onboardsvymom_20161214::2.0
P,urn:nasa:pds:maven.swia.calibrated:data.onboard_svy_mom:mvn_swi_l2_onboardsvymom_20161215::2.0
P,urn:nasa:pds:maven.swia.calibrated:data.onboard_svy_mom:mvn_swi_l2_onboardsvymom_20161216::2.0
P,urn:nasa:pds:maven.swia.calibrated:data.onboard_svy_mom:mvn_swi_l2_onboardsvymom_20161217::2.0
P,urn:nasa:pds:maven.swia.calibrated:data.onboard_svy_mom:mvn_swi_l2_onboardsvymom_20161218::2.0
P,urn:nasa:pds:maven.swia.calibrated:data.onboard_svy_mom:mvn_swi_l2_onboardsvymom_20161219::2.0
P,urn:nasa:pds:maven.swia.calibrated:data.onboard_svy_mom:mvn_swi_l2_onboardsvymom_20161220::2.0
P,urn:nasa:pds:maven.swia.calibrated:data.onboard_svy_mom:mvn_swi_l2_onboardsvymom_20161221::2.0
P,urn:nasa:pds:maven.swia.calibrated:data.onboard_svy_mom:mvn_swi_l2_onboardsvymom_20161222::2.0
P,urn:nasa:pds:maven.swia.calibrated:data.onboard_svy_mom:mvn_swi_l2_onboardsvymom_20161223::2.0
P,urn:nasa:pds:maven.swia.calibrated:data.onboard_svy_mom:mvn_swi_l2_onboardsvymom_20161224::2.0
P,urn:nasa:pds:maven.swia.calibrated:data.onboard_svy_mom:mvn_swi_l2_onboardsvymom_20161225::2.0
P,urn:nasa:pds:maven.swia.calibrated:data.onboard_svy_mom:mvn_swi_l2_onboardsvymom_20161226::2.0
P,urn:nasa:pds:maven.swia.calibrated:data.onboard_svy_mom:mvn_swi_l2_onboardsvymom_20161227::2.0
P,urn:nasa:pds:maven.swia.calibrated:data.onboard_svy_mom:mvn_swi_l2_onboardsvymom_20161228::2.0
P,urn:nasa:pds:maven.swia.calibrated:data.onboard_svy_mom:mvn_swi_l2_onboardsvymom_20161229::2.0
P,urn:nasa:pds:maven.swia.calibrated:data.onboard_svy_mom:mvn_swi_l2_onboardsvymom_20161230::2.0
P,urn:nasa:pds:maven.swia.calibrated:data.onboard_svy_mom:mvn_swi_l2_onboardsvymom_20161231::2.0
P,urn:nasa:pds:maven.swia.calibrated:data.onboard_svy_mom:mvn_swi_l2_onboardsvymom_20170101::2.0
P,urn:nasa:pds:maven.swia.calibrated:data.onboard_svy_mom:mvn_swi_l2_onboardsvymom_20170102::2.0
P,urn:nasa:pds:maven.swia.calibrated:data.onboard_svy_mom:mvn_swi_l2_onboardsvymom_20170103::2.0
P,urn:nasa:pds:maven.swia.calibrated:data.onboard_svy_mom:mvn_swi_l2_onboardsvymom_20170104::2.0
P,urn:nasa:pds:maven.swia.calibrated:data.onboard_svy_mom:mvn_swi_l2_onboardsvymom_20170105::2.0
P,urn:nasa:pds:maven.swia.calibrated:data.onboard_svy_mom:mvn_swi_l2_onboardsvymom_20170106::2.0
P,urn:nasa:pds:maven.swia.calibrated:data.onboard_svy_mom:mvn_swi_l2_onboardsvymom_20170107::2.0
P,urn:nasa:pds:maven.swia.calibrated:data.onboard_svy_mom:mvn_swi_l2_onboardsvymom_20170108::2.0
P,urn:nasa:pds:maven.swia.calibrated:data.onboard_svy_mom:mvn_swi_l2_onboardsvymom_20170109::2.0
P,urn:nasa:pds:maven.swia.calibrated:data.onboard_svy_mom:mvn_swi_l2_onboardsvymom_20170110::2.0
P,urn:nasa:pds:maven.swia.calibrated:data.onboard_svy_mom:mvn_swi_l2_onboardsvymom_20170111::2.0
P,urn:nasa:pds:maven.swia.calibrated:data.onboard_svy_mom:mvn_swi_l2_onboardsvymom_20170112::2.0
P,urn:nasa:pds:maven.swia.calibrated:data.onboard_svy_mom:mvn_swi_l2_onboardsvymom_20170113::2.0
P,urn:nasa:pds:maven.swia.calibrated:data.onboard_svy_mom:mvn_swi_l2_onboardsvymom_20170114::2.0
P,urn:nasa:pds:maven.swia.calibrated:data.onboard_svy_mom:mvn_swi_l2_onboardsvymom_20170115::2.0
P,urn:nasa:pds:maven.swia.calibrated:data.onboard_svy_mom:mvn_swi_l2_onboardsvymom_20170116::2.0
P,urn:nasa:pds:maven.swia.calibrated:data.onboard_svy_mom:mvn_swi_l2_onboardsvymom_20170117::2.0
P,urn:nasa:pds:maven.swia.calibrated:data.onboard_svy_mom:mvn_swi_l2_onboardsvymom_20170118::2.0
P,urn:nasa:pds:maven.swia.calibrated:data.onboard_svy_mom:mvn_swi_l2_onboardsvymom_20170119::2.0
P,urn:nasa:pds:maven.swia.calibrated:data.onboard_svy_mom:mvn_swi_l2_onboardsvymom_20170120::2.0
P,urn:nasa:pds:maven.swia.calibrated:data.onboard_svy_mom:mvn_swi_l2_onboardsvymom_20170121::2.0
P,urn:nasa:pds:maven.swia.calibrated:data.onboard_svy_mom:mvn_swi_l2_onboardsvymom_20170122::2.0
P,urn:nasa:pds:maven.swia.calibrated:data.onboard_svy_mom:mvn_swi_l2_onboardsvymom_20170123::2.0
P,urn:nasa:pds:maven.swia.calibrated:data.onboard_svy_mom:mvn_swi_l2_onboardsvymom_20170124::2.0
P,urn:nasa:pds:maven.swia.calibrated:data.onboard_svy_mom:mvn_swi_l2_onboardsvymom_20170125::2.0
P,urn:nasa:pds:maven.swia.calibrated:data.onboard_svy_mom:mvn_swi_l2_onboardsvymom_20170126::2.0
P,urn:nasa:pds:maven.swia.calibrated:data.onboard_svy_mom:mvn_swi_l2_onboardsvymom_20170127::2.0
P,urn:nasa:pds:maven.swia.calibrated:data.onboard_svy_mom:mvn_swi_l2_onboardsvymom_20170128::2.0
P,urn:nasa:pds:maven.swia.calibrated:data.onboard_svy_mom:mvn_swi_l2_onboardsvymom_20170129::2.0
P,urn:nasa:pds:maven.swia.calibrated:data.onboard_svy_mom:mvn_swi_l2_onboardsvymom_20170130::2.0
P,urn:nasa:pds:maven.swia.calibrated:data.onboard_svy_mom:mvn_swi_l2_onboardsvymom_20170131::2.0
P,urn:nasa:pds:maven.swia.calibrated:data.onboard_svy_mom:mvn_swi_l2_onboardsvymom_20170201::2.0
P,urn:nasa:pds:maven.swia.calibrated:data.onboard_svy_mom:mvn_swi_l2_onboardsvymom_20170202::2.0
P,urn:nasa:pds:maven.swia.calibrated:data.onboard_svy_mom:mvn_swi_l2_onboardsvymom_20170203::2.0
P,urn:nasa:pds:maven.swia.calibrated:data.onboard_svy_mom:mvn_swi_l2_onboardsvymom_20170204::2.0
P,urn:nasa:pds:maven.swia.calibrated:data.onboard_svy_mom:mvn_swi_l2_onboardsvymom_20170205::2.0
P,urn:nasa:pds:maven.swia.calibrated:data.onboard_svy_mom:mvn_swi_l2_onboardsvymom_20170206::2.0
P,urn:nasa:pds:maven.swia.calibrated:data.onboard_svy_mom:mvn_swi_l2_onboardsvymom_20170207::2.0
P,urn:nasa:pds:maven.swia.calibrated:data.onboard_svy_mom:mvn_swi_l2_onboardsvymom_20170208::2.0
P,urn:nasa:pds:maven.swia.calibrated:data.onboard_svy_mom:mvn_swi_l2_onboardsvymom_20170209::2.0
P,urn:nasa:pds:maven.swia.calibrated:data.onboard_svy_mom:mvn_swi_l2_onboardsvymom_20170210::2.0
P,urn:nasa:pds:maven.swia.calibrated:data.onboard_svy_mom:mvn_swi_l2_onboardsvymom_20170211::2.0
P,urn:nasa:pds:maven.swia.calibrated:data.onboard_svy_mom:mvn_swi_l2_onboardsvymom_20170212::2.0
P,urn:nasa:pds:maven.swia.calibrated:data.onboard_svy_mom:mvn_swi_l2_onboardsvymom_20170213::2.0
P,urn:nasa:pds:maven.swia.calibrated:data.onboard_svy_mom:mvn_swi_l2_onboardsvymom_20170214::2.0
P,urn:nasa:pds:maven.swia.calibrated:data.onboard_svy_mom:mvn_swi_l2_onboardsvymom_20170215::2.0
P,urn:nasa:pds:maven.swia.calibrated:data.onboard_svy_mom:mvn_swi_l2_onboardsvymom_20170216::2.0
P,urn:nasa:pds:maven.swia.calibrated:data.onboard_svy_mom:mvn_swi_l2_onboardsvymom_20170217::2.0
P,urn:nasa:pds:maven.swia.calibrated:data.onboard_svy_mom:mvn_swi_l2_onboardsvymom_20170218::2.0
P,urn:nasa:pds:maven.swia.calibrated:data.onboard_svy_mom:mvn_swi_l2_onboardsvymom_20170219::2.0
P,urn:nasa:pds:maven.swia.calibrated:data.onboard_svy_mom:mvn_swi_l2_onboardsvymom_20170220::2.0
P,urn:nasa:pds:maven.swia.calibrated:data.onboard_svy_mom:mvn_swi_l2_onboardsvymom_20170221::2.0
P,urn:nasa:pds:maven.swia.calibrated:data.onboard_svy_mom:mvn_swi_l2_onboardsvymom_20170222::2.0
P,urn:nasa:pds:maven.swia.calibrated:data.onboard_svy_mom:mvn_swi_l2_onboardsvymom_20170223::2.0
P,urn:nasa:pds:maven.swia.calibrated:data.onboard_svy_mom:mvn_swi_l2_onboardsvymom_20170224::2.0
P,urn:nasa:pds:maven.swia.calibrated:data.onboard_svy_mom:mvn_swi_l2_onboardsvymom_20170225::2.0
P,urn:nasa:pds:maven.swia.calibrated:data.onboard_svy_mom:mvn_swi_l2_onboardsvymom_20170226::2.0
P,urn:nasa:pds:maven.swia.calibrated:data.onboard_svy_mom:mvn_swi_l2_onboardsvymom_20170227::2.0
P,urn:nasa:pds:maven.swia.calibrated:data.onboard_svy_mom:mvn_swi_l2_onboardsvymom_20170228::2.0
P,urn:nasa:pds:maven.swia.calibrated:data.onboard_svy_mom:mvn_swi_l2_onboardsvymom_20170301::2.0
P,urn:nasa:pds:maven.swia.calibrated:data.onboard_svy_mom:mvn_swi_l2_onboardsvymom_20170302::2.0
P,urn:nasa:pds:maven.swia.calibrated:data.onboard_svy_mom:mvn_swi_l2_onboardsvymom_20170303::2.0
P,urn:nasa:pds:maven.swia.calibrated:data.onboard_svy_mom:mvn_swi_l2_onboardsvymom_20170304::2.0
P,urn:nasa:pds:maven.swia.calibrated:data.onboard_svy_mom:mvn_swi_l2_onboardsvymom_20170305::2.0
P,urn:nasa:pds:maven.swia.calibrated:data.onboard_svy_mom:mvn_swi_l2_onboardsvymom_20170306::2.0
P,urn:nasa:pds:maven.swia.calibrated:data.onboard_svy_mom:mvn_swi_l2_onboardsvymom_20170307::2.0
P,urn:nasa:pds:maven.swia.calibrated:data.onboard_svy_mom:mvn_swi_l2_onboardsvymom_20170308::2.0
P,urn:nasa:pds:maven.swia.calibrated:data.onboard_svy_mom:mvn_swi_l2_onboardsvymom_20170309::2.0
P,urn:nasa:pds:maven.swia.calibrated:data.onboard_svy_mom:mvn_swi_l2_onboardsvymom_20170310::2.0
P,urn:nasa:pds:maven.swia.calibrated:data.onboard_svy_mom:mvn_swi_l2_onboardsvymom_20170311::2.0
P,urn:nasa:pds:maven.swia.calibrated:data.onboard_svy_mom:mvn_swi_l2_onboardsvymom_20170312::2.0
P,urn:nasa:pds:maven.swia.calibrated:data.onboard_svy_mom:mvn_swi_l2_onboardsvymom_20170313::2.0
P,urn:nasa:pds:maven.swia.calibrated:data.onboard_svy_mom:mvn_swi_l2_onboardsvymom_20170314::2.0
P,urn:nasa:pds:maven.swia.calibrated:data.onboard_svy_mom:mvn_swi_l2_onboardsvymom_20170315::2.0
P,urn:nasa:pds:maven.swia.calibrated:data.onboard_svy_mom:mvn_swi_l2_onboardsvymom_20170316::2.0
P,urn:nasa:pds:maven.swia.calibrated:data.onboard_svy_mom:mvn_swi_l2_onboardsvymom_20170317::2.0
P,urn:nasa:pds:maven.swia.calibrated:data.onboard_svy_mom:mvn_swi_l2_onboardsvymom_20170318::2.0
P,urn:nasa:pds:maven.swia.calibrated:data.onboard_svy_mom:mvn_swi_l2_onboardsvymom_20170319::2.0
P,urn:nasa:pds:maven.swia.calibrated:data.onboard_svy_mom:mvn_swi_l2_onboardsvymom_20170320::2.0
P,urn:nasa:pds:maven.swia.calibrated:data.onboard_svy_mom:mvn_swi_l2_onboardsvymom_20170321::2.0
P,urn:nasa:pds:maven.swia.calibrated:data.onboard_svy_mom:mvn_swi_l2_onboardsvymom_20170322::2.0
P,urn:nasa:pds:maven.swia.calibrated:data.onboard_svy_mom:mvn_swi_l2_onboardsvymom_20170323::2.0
P,urn:nasa:pds:maven.swia.calibrated:data.onboard_svy_mom:mvn_swi_l2_onboardsvymom_20170324::2.0
P,urn:nasa:pds:maven.swia.calibrated:data.onboard_svy_mom:mvn_swi_l2_onboardsvymom_20170325::2.0
P,urn:nasa:pds:maven.swia.calibrated:data.onboard_svy_mom:mvn_swi_l2_onboardsvymom_20170326::2.0
P,urn:nasa:pds:maven.swia.calibrated:data.onboard_svy_mom:mvn_swi_l2_onboardsvymom_20170327::2.0
P,urn:nasa:pds:maven.swia.calibrated:data.onboard_svy_mom:mvn_swi_l2_onboardsvymom_20170328::2.0
P,urn:nasa:pds:maven.swia.calibrated:data.onboard_svy_mom:mvn_swi_l2_onboardsvymom_20170329::2.0
P,urn:nasa:pds:maven.swia.calibrated:data.onboard_svy_mom:mvn_swi_l2_onboardsvymom_20170330::2.0
P,urn:nasa:pds:maven.swia.calibrated:data.onboard_svy_mom:mvn_swi_l2_onboardsvymom_20170331::2.0
P,urn:nasa:pds:maven.swia.calibrated:data.onboard_svy_mom:mvn_swi_l2_onboardsvymom_20170401::2.0
P,urn:nasa:pds:maven.swia.calibrated:data.onboard_svy_mom:mvn_swi_l2_onboardsvymom_20170402::2.0
P,urn:nasa:pds:maven.swia.calibrated:data.onboard_svy_mom:mvn_swi_l2_onboardsvymom_20170403::2.0
P,urn:nasa:pds:maven.swia.calibrated:data.onboard_svy_mom:mvn_swi_l2_onboardsvymom_20170404::2.0
P,urn:nasa:pds:maven.swia.calibrated:data.onboard_svy_mom:mvn_swi_l2_onboardsvymom_20170405::2.0
P,urn:nasa:pds:maven.swia.calibrated:data.onboard_svy_mom:mvn_swi_l2_onboardsvymom_20170406::2.0
P,urn:nasa:pds:maven.swia.calibrated:data.onboard_svy_mom:mvn_swi_l2_onboardsvymom_20170407::2.0
P,urn:nasa:pds:maven.swia.calibrated:data.onboard_svy_mom:mvn_swi_l2_onboardsvymom_20170408::2.0
P,urn:nasa:pds:maven.swia.calibrated:data.onboard_svy_mom:mvn_swi_l2_onboardsvymom_20170409::2.0
P,urn:nasa:pds:maven.swia.calibrated:data.onboard_svy_mom:mvn_swi_l2_onboardsvymom_20170410::2.0
P,urn:nasa:pds:maven.swia.calibrated:data.onboard_svy_mom:mvn_swi_l2_onboardsvymom_20170411::2.0
P,urn:nasa:pds:maven.swia.calibrated:data.onboard_svy_mom:mvn_swi_l2_onboardsvymom_20170412::2.0
P,urn:nasa:pds:maven.swia.calibrated:data.onboard_svy_mom:mvn_swi_l2_onboardsvymom_20170413::2.0
P,urn:nasa:pds:maven.swia.calibrated:data.onboard_svy_mom:mvn_swi_l2_onboardsvymom_20170414::2.0
P,urn:nasa:pds:maven.swia.calibrated:data.onboard_svy_mom:mvn_swi_l2_onboardsvymom_20170415::2.0
P,urn:nasa:pds:maven.swia.calibrated:data.onboard_svy_mom:mvn_swi_l2_onboardsvymom_20170416::2.0
P,urn:nasa:pds:maven.swia.calibrated:data.onboard_svy_mom:mvn_swi_l2_onboardsvymom_20170417::2.0
P,urn:nasa:pds:maven.swia.calibrated:data.onboard_svy_mom:mvn_swi_l2_onboardsvymom_20170418::2.0
P,urn:nasa:pds:maven.swia.calibrated:data.onboard_svy_mom:mvn_swi_l2_onboardsvymom_20170419::2.0
P,urn:nasa:pds:maven.swia.calibrated:data.onboard_svy_mom:mvn_swi_l2_onboardsvymom_20170420::2.0
P,urn:nasa:pds:maven.swia.calibrated:data.onboard_svy_mom:mvn_swi_l2_onboardsvymom_20170421::2.0
P,urn:nasa:pds:maven.swia.calibrated:data.onboard_svy_mom:mvn_swi_l2_onboardsvymom_20170422::2.0
P,urn:nasa:pds:maven.swia.calibrated:data.onboard_svy_mom:mvn_swi_l2_onboardsvymom_20170423::2.0
P,urn:nasa:pds:maven.swia.calibrated:data.onboard_svy_mom:mvn_swi_l2_onboardsvymom_20170424::2.0
P,urn:nasa:pds:maven.swia.calibrated:data.onboard_svy_mom:mvn_swi_l2_onboardsvymom_20170425::2.0
P,urn:nasa:pds:maven.swia.calibrated:data.onboard_svy_mom:mvn_swi_l2_onboardsvymom_20170426::2.0
P,urn:nasa:pds:maven.swia.calibrated:data.onboard_svy_mom:mvn_swi_l2_onboardsvymom_20170427::2.0
P,urn:nasa:pds:maven.swia.calibrated:data.onboard_svy_mom:mvn_swi_l2_onboardsvymom_20170428::2.0
P,urn:nasa:pds:maven.swia.calibrated:data.onboard_svy_mom:mvn_swi_l2_onboardsvymom_20170429::2.0
P,urn:nasa:pds:maven.swia.calibrated:data.onboard_svy_mom:mvn_swi_l2_onboardsvymom_20170430::2.0
P,urn:nasa:pds:maven.swia.calibrated:data.onboard_svy_mom:mvn_swi_l2_onboardsvymom_20170501::2.0
P,urn:nasa:pds:maven.swia.calibrated:data.onboard_svy_mom:mvn_swi_l2_onboardsvymom_20170502::2.0
P,urn:nasa:pds:maven.swia.calibrated:data.onboard_svy_mom:mvn_swi_l2_onboardsvymom_20170503::2.0
P,urn:nasa:pds:maven.swia.calibrated:data.onboard_svy_mom:mvn_swi_l2_onboardsvymom_20170504::2.0
P,urn:nasa:pds:maven.swia.calibrated:data.onboard_svy_mom:mvn_swi_l2_onboardsvymom_20170505::2.0
P,urn:nasa:pds:maven.swia.calibrated:data.onboard_svy_mom:mvn_swi_l2_onboardsvymom_20170506::2.0
P,urn:nasa:pds:maven.swia.calibrated:data.onboard_svy_mom:mvn_swi_l2_onboardsvymom_20170507::2.0
P,urn:nasa:pds:maven.swia.calibrated:data.onboard_svy_mom:mvn_swi_l2_onboardsvymom_20170508::2.0
P,urn:nasa:pds:maven.swia.calibrated:data.onboard_svy_mom:mvn_swi_l2_onboardsvymom_20170509::2.0
P,urn:nasa:pds:maven.swia.calibrated:data.onboard_svy_mom:mvn_swi_l2_onboardsvymom_20170510::2.0
P,urn:nasa:pds:maven.swia.calibrated:data.onboard_svy_mom:mvn_swi_l2_onboardsvymom_20170511::2.0
P,urn:nasa:pds:maven.swia.calibrated:data.onboard_svy_mom:mvn_swi_l2_onboardsvymom_20170512::2.0
P,urn:nasa:pds:maven.swia.calibrated:data.onboard_svy_mom:mvn_swi_l2_onboardsvymom_20170513::2.0
P,urn:nasa:pds:maven.swia.calibrated:data.onboard_svy_mom:mvn_swi_l2_onboardsvymom_20170514::2.0
P,urn:nasa:pds:maven.swia.calibrated:data.onboard_svy_mom:mvn_swi_l2_onboardsvymom_20170515::2.0
P,urn:nasa:pds:maven.swia.calibrated:data.onboard_svy_mom:mvn_swi_l2_onboardsvymom_20170516::2.0
P,urn:nasa:pds:maven.swia.calibrated:data.onboard_svy_mom:mvn_swi_l2_onboardsvymom_20170517::2.0
P,urn:nasa:pds:maven.swia.calibrated:data.onboard_svy_mom:mvn_swi_l2_onboardsvymom_20170518::2.0
P,urn:nasa:pds:maven.swia.calibrated:data.onboard_svy_mom:mvn_swi_l2_onboardsvymom_20170519::2.0
P,urn:nasa:pds:maven.swia.calibrated:data.onboard_svy_mom:mvn_swi_l2_onboardsvymom_20170520::2.0
P,urn:nasa:pds:maven.swia.calibrated:data.onboard_svy_mom:mvn_swi_l2_onboardsvymom_20170521::2.0
P,urn:nasa:pds:maven.swia.calibrated:data.onboard_svy_mom:mvn_swi_l2_onboardsvymom_20170522::2.0
P,urn:nasa:pds:maven.swia.calibrated:data.onboard_svy_mom:mvn_swi_l2_onboardsvymom_20170523::2.0
P,urn:nasa:pds:maven.swia.calibrated:data.onboard_svy_mom:mvn_swi_l2_onboardsvymom_20170524::2.0
P,urn:nasa:pds:maven.swia.calibrated:data.onboard_svy_mom:mvn_swi_l2_onboardsvymom_20170525::2.0
P,urn:nasa:pds:maven.swia.calibrated:data.onboard_svy_mom:mvn_swi_l2_onboardsvymom_20170526::2.0
P,urn:nasa:pds:maven.swia.calibrated:data.onboard_svy_mom:mvn_swi_l2_onboardsvymom_20170527::2.0
P,urn:nasa:pds:maven.swia.calibrated:data.onboard_svy_mom:mvn_swi_l2_onboardsvymom_20170528::2.0
P,urn:nasa:pds:maven.swia.calibrated:data.onboard_svy_mom:mvn_swi_l2_onboardsvymom_20170529::2.0
P,urn:nasa:pds:maven.swia.calibrated:data.onboard_svy_mom:mvn_swi_l2_onboardsvymom_20170530::2.0
P,urn:nasa:pds:maven.swia.calibrated:data.onboard_svy_mom:mvn_swi_l2_onboardsvymom_20170531::2.0
P,urn:nasa:pds:maven.swia.calibrated:data.onboard_svy_mom:mvn_swi_l2_onboardsvymom_20170601::2.0
P,urn:nasa:pds:maven.swia.calibrated:data.onboard_svy_mom:mvn_swi_l2_onboardsvymom_20170602::2.0
P,urn:nasa:pds:maven.swia.calibrated:data.onboard_svy_mom:mvn_swi_l2_onboardsvymom_20170603::2.0
P,urn:nasa:pds:maven.swia.calibrated:data.onboard_svy_mom:mvn_swi_l2_onboardsvymom_20170604::2.0
P,urn:nasa:pds:maven.swia.calibrated:data.onboard_svy_mom:mvn_swi_l2_onboardsvymom_20170605::2.0
P,urn:nasa:pds:maven.swia.calibrated:data.onboard_svy_mom:mvn_swi_l2_onboardsvymom_20170606::2.0
P,urn:nasa:pds:maven.swia.calibrated:data.onboard_svy_mom:mvn_swi_l2_onboardsvymom_20170607::2.0
P,urn:nasa:pds:maven.swia.calibrated:data.onboard_svy_mom:mvn_swi_l2_onboardsvymom_20170608::2.0
P,urn:nasa:pds:maven.swia.calibrated:data.onboard_svy_mom:mvn_swi_l2_onboardsvymom_20170609::2.0
P,urn:nasa:pds:maven.swia.calibrated:data.onboard_svy_mom:mvn_swi_l2_onboardsvymom_20170610::2.0
P,urn:nasa:pds:maven.swia.calibrated:data.onboard_svy_mom:mvn_swi_l2_onboardsvymom_20170611::2.0
P,urn:nasa:pds:maven.swia.calibrated:data.onboard_svy_mom:mvn_swi_l2_onboardsvymom_20170612::2.0
P,urn:nasa:pds:maven.swia.calibrated:data.onboard_svy_mom:mvn_swi_l2_onboardsvymom_20170613::2.0
P,urn:nasa:pds:maven.swia.calibrated:data.onboard_svy_mom:mvn_swi_l2_onboardsvymom_20170614::2.0
P,urn:nasa:pds:maven.swia.calibrated:data.onboard_svy_mom:mvn_swi_l2_onboardsvymom_20170615::2.0
P,urn:nasa:pds:maven.swia.calibrated:data.onboard_svy_mom:mvn_swi_l2_onboardsvymom_20170616::2.0
P,urn:nasa:pds:maven.swia.calibrated:data.onboard_svy_mom:mvn_swi_l2_onboardsvymom_20170617::2.0
P,urn:nasa:pds:maven.swia.calibrated:data.onboard_svy_mom:mvn_swi_l2_onboardsvymom_20170618::2.0
P,urn:nasa:pds:maven.swia.calibrated:data.onboard_svy_mom:mvn_swi_l2_onboardsvymom_20170619::2.0
P,urn:nasa:pds:maven.swia.calibrated:data.onboard_svy_mom:mvn_swi_l2_onboardsvymom_20170620::2.0
P,urn:nasa:pds:maven.swia.calibrated:data.onboard_svy_mom:mvn_swi_l2_onboardsvymom_20170621::2.0
P,urn:nasa:pds:maven.swia.calibrated:data.onboard_svy_mom:mvn_swi_l2_onboardsvymom_20170622::2.0
P,urn:nasa:pds:maven.swia.calibrated:data.onboard_svy_mom:mvn_swi_l2_onboardsvymom_20170623::2.0
P,urn:nasa:pds:maven.swia.calibrated:data.onboard_svy_mom:mvn_swi_l2_onboardsvymom_20170624::2.0
P,urn:nasa:pds:maven.swia.calibrated:data.onboard_svy_mom:mvn_swi_l2_onboardsvymom_20170625::2.0
P,urn:nasa:pds:maven.swia.calibrated:data.onboard_svy_mom:mvn_swi_l2_onboardsvymom_20170626::2.0
P,urn:nasa:pds:maven.swia.calibrated:data.onboard_svy_mom:mvn_swi_l2_onboardsvymom_20170627::2.0
P,urn:nasa:pds:maven.swia.calibrated:data.onboard_svy_mom:mvn_swi_l2_onboardsvymom_20170628::2.0
P,urn:nasa:pds:maven.swia.calibrated:data.onboard_svy_mom:mvn_swi_l2_onboardsvymom_20170629::2.0
P,urn:nasa:pds:maven.swia.calibrated:data.onboard_svy_mom:mvn_swi_l2_onboardsvymom_20170630::2.0
P,urn:nasa:pds:maven.swia.calibrated:data.onboard_svy_mom:mvn_swi_l2_onboardsvymom_20170701::2.0
P,urn:nasa:pds:maven.swia.calibrated:data.onboard_svy_mom:mvn_swi_l2_onboardsvymom_20170702::2.0
P,urn:nasa:pds:maven.swia.calibrated:data.onboard_svy_mom:mvn_swi_l2_onboardsvymom_20170703::2.0
P,urn:nasa:pds:maven.swia.calibrated:data.onboard_svy_mom:mvn_swi_l2_onboardsvymom_20170704::2.0
P,urn:nasa:pds:maven.swia.calibrated:data.onboard_svy_mom:mvn_swi_l2_onboardsvymom_20170705::2.0
P,urn:nasa:pds:maven.swia.calibrated:data.onboard_svy_mom:mvn_swi_l2_onboardsvymom_20170706::2.0
P,urn:nasa:pds:maven.swia.calibrated:data.onboard_svy_mom:mvn_swi_l2_onboardsvymom_20170707::2.0
P,urn:nasa:pds:maven.swia.calibrated:data.onboard_svy_mom:mvn_swi_l2_onboardsvymom_20170708::2.0
P,urn:nasa:pds:maven.swia.calibrated:data.onboard_svy_mom:mvn_swi_l2_onboardsvymom_20170709::2.0
P,urn:nasa:pds:maven.swia.calibrated:data.onboard_svy_mom:mvn_swi_l2_onboardsvymom_20170710::2.0
P,urn:nasa:pds:maven.swia.calibrated:data.onboard_svy_mom:mvn_swi_l2_onboardsvymom_20170711::2.0
P,urn:nasa:pds:maven.swia.calibrated:data.onboard_svy_mom:mvn_swi_l2_onboardsvymom_20170712::2.0
P,urn:nasa:pds:maven.swia.calibrated:data.onboard_svy_mom:mvn_swi_l2_onboardsvymom_20170713::2.0
P,urn:nasa:pds:maven.swia.calibrated:data.onboard_svy_mom:mvn_swi_l2_onboardsvymom_20170714::2.0
P,urn:nasa:pds:maven.swia.calibrated:data.onboard_svy_mom:mvn_swi_l2_onboardsvymom_20170715::2.0
P,urn:nasa:pds:maven.swia.calibrated:data.onboard_svy_mom:mvn_swi_l2_onboardsvymom_20170716::2.0
P,urn:nasa:pds:maven.swia.calibrated:data.onboard_svy_mom:mvn_swi_l2_onboardsvymom_20170717::2.0
P,urn:nasa:pds:maven.swia.calibrated:data.onboard_svy_mom:mvn_swi_l2_onboardsvymom_20170718::2.0
P,urn:nasa:pds:maven.swia.calibrated:data.onboard_svy_mom:mvn_swi_l2_onboardsvymom_20170719::2.0
P,urn:nasa:pds:maven.swia.calibrated:data.onboard_svy_mom:mvn_swi_l2_onboardsvymom_20170720::2.0
P,urn:nasa:pds:maven.swia.calibrated:data.onboard_svy_mom:mvn_swi_l2_onboardsvymom_20170721::2.0
P,urn:nasa:pds:maven.swia.calibrated:data.onboard_svy_mom:mvn_swi_l2_onboardsvymom_20170722::2.0
P,urn:nasa:pds:maven.swia.calibrated:data.onboard_svy_mom:mvn_swi_l2_onboardsvymom_20170723::2.0
P,urn:nasa:pds:maven.swia.calibrated:data.onboard_svy_mom:mvn_swi_l2_onboardsvymom_20170724::2.0
P,urn:nasa:pds:maven.swia.calibrated:data.onboard_svy_mom:mvn_swi_l2_onboardsvymom_20170725::2.0
P,urn:nasa:pds:maven.swia.calibrated:data.onboard_svy_mom:mvn_swi_l2_onboardsvymom_20170726::2.0
P,urn:nasa:pds:maven.swia.calibrated:data.onboard_svy_mom:mvn_swi_l2_onboardsvymom_20170727::2.0
P,urn:nasa:pds:maven.swia.calibrated:data.onboard_svy_mom:mvn_swi_l2_onboardsvymom_20170728::2.0
P,urn:nasa:pds:maven.swia.calibrated:data.onboard_svy_mom:mvn_swi_l2_onboardsvymom_20170729::2.0
P,urn:nasa:pds:maven.swia.calibrated:data.onboard_svy_mom:mvn_swi_l2_onboardsvymom_20170730::2.0
P,urn:nasa:pds:maven.swia.calibrated:data.onboard_svy_mom:mvn_swi_l2_onboardsvymom_20170731::2.0
P,urn:nasa:pds:maven.swia.calibrated:data.onboard_svy_mom:mvn_swi_l2_onboardsvymom_20170801::2.0
P,urn:nasa:pds:maven.swia.calibrated:data.onboard_svy_mom:mvn_swi_l2_onboardsvymom_20170802::2.0
P,urn:nasa:pds:maven.swia.calibrated:data.onboard_svy_mom:mvn_swi_l2_onboardsvymom_20170803::2.0
P,urn:nasa:pds:maven.swia.calibrated:data.onboard_svy_mom:mvn_swi_l2_onboardsvymom_20170804::2.0
P,urn:nasa:pds:maven.swia.calibrated:data.onboard_svy_mom:mvn_swi_l2_onboardsvymom_20170805::2.0
P,urn:nasa:pds:maven.swia.calibrated:data.onboard_svy_mom:mvn_swi_l2_onboardsvymom_20170806::2.0
P,urn:nasa:pds:maven.swia.calibrated:data.onboard_svy_mom:mvn_swi_l2_onboardsvymom_20170807::2.0
P,urn:nasa:pds:maven.swia.calibrated:data.onboard_svy_mom:mvn_swi_l2_onboardsvymom_20170808::2.0
P,urn:nasa:pds:maven.swia.calibrated:data.onboard_svy_mom:mvn_swi_l2_onboardsvymom_20170809::2.0
P,urn:nasa:pds:maven.swia.calibrated:data.onboard_svy_mom:mvn_swi_l2_onboardsvymom_20170810::2.0
P,urn:nasa:pds:maven.swia.calibrated:data.onboard_svy_mom:mvn_swi_l2_onboardsvymom_20170811::2.0
P,urn:nasa:pds:maven.swia.calibrated:data.onboard_svy_mom:mvn_swi_l2_onboardsvymom_20170812::2.0
P,urn:nasa:pds:maven.swia.calibrated:data.onboard_svy_mom:mvn_swi_l2_onboardsvymom_20170813::2.0
P,urn:nasa:pds:maven.swia.calibrated:data.onboard_svy_mom:mvn_swi_l2_onboardsvymom_20170814::2.0
P,urn:nasa:pds:maven.swia.calibrated:data.onboard_svy_mom:mvn_swi_l2_onboardsvymom_20170815::2.0
P,urn:nasa:pds:maven.swia.calibrated:data.onboard_svy_mom:mvn_swi_l2_onboardsvymom_20170816::2.0
P,urn:nasa:pds:maven.swia.calibrated:data.onboard_svy_mom:mvn_swi_l2_onboardsvymom_20170817::2.0
P,urn:nasa:pds:maven.swia.calibrated:data.onboard_svy_mom:mvn_swi_l2_onboardsvymom_20170818::2.0
P,urn:nasa:pds:maven.swia.calibrated:data.onboard_svy_mom:mvn_swi_l2_onboardsvymom_20170819::2.0
P,urn:nasa:pds:maven.swia.calibrated:data.onboard_svy_mom:mvn_swi_l2_onboardsvymom_20170820::2.0
P,urn:nasa:pds:maven.swia.calibrated:data.onboard_svy_mom:mvn_swi_l2_onboardsvymom_20170821::2.0
P,urn:nasa:pds:maven.swia.calibrated:data.onboard_svy_mom:mvn_swi_l2_onboardsvymom_20170822::2.0
P,urn:nasa:pds:maven.swia.calibrated:data.onboard_svy_mom:mvn_swi_l2_onboardsvymom_20170823::2.0
P,urn:nasa:pds:maven.swia.calibrated:data.onboard_svy_mom:mvn_swi_l2_onboardsvymom_20170824::2.0
P,urn:nasa:pds:maven.swia.calibrated:data.onboard_svy_mom:mvn_swi_l2_onboardsvymom_20170825::2.0
P,urn:nasa:pds:maven.swia.calibrated:data.onboard_svy_mom:mvn_swi_l2_onboardsvymom_20170826::2.0
P,urn:nasa:pds:maven.swia.calibrated:data.onboard_svy_mom:mvn_swi_l2_onboardsvymom_20170827::2.0
P,urn:nasa:pds:maven.swia.calibrated:data.onboard_svy_mom:mvn_swi_l2_onboardsvymom_20170828::2.0
P,urn:nasa:pds:maven.swia.calibrated:data.onboard_svy_mom:mvn_swi_l2_onboardsvymom_20170829::2.0
P,urn:nasa:pds:maven.swia.calibrated:data.onboard_svy_mom:mvn_swi_l2_onboardsvymom_20170830::2.0
P,urn:nasa:pds:maven.swia.calibrated:data.onboard_svy_mom:mvn_swi_l2_onboardsvymom_20170831::2.0
P,urn:nasa:pds:maven.swia.calibrated:data.onboard_svy_mom:mvn_swi_l2_onboardsvymom_20170901::2.0
P,urn:nasa:pds:maven.swia.calibrated:data.onboard_svy_mom:mvn_swi_l2_onboardsvymom_20170902::2.0
P,urn:nasa:pds:maven.swia.calibrated:data.onboard_svy_mom:mvn_swi_l2_onboardsvymom_20170903::2.0
P,urn:nasa:pds:maven.swia.calibrated:data.onboard_svy_mom:mvn_swi_l2_onboardsvymom_20170904::2.0
P,urn:nasa:pds:maven.swia.calibrated:data.onboard_svy_mom:mvn_swi_l2_onboardsvymom_20170905::2.0
P,urn:nasa:pds:maven.swia.calibrated:data.onboard_svy_mom:mvn_swi_l2_onboardsvymom_20170906::2.0
P,urn:nasa:pds:maven.swia.calibrated:data.onboard_svy_mom:mvn_swi_l2_onboardsvymom_20170907::2.0
P,urn:nasa:pds:maven.swia.calibrated:data.onboard_svy_mom:mvn_swi_l2_onboardsvymom_20170908::2.0
P,urn:nasa:pds:maven.swia.calibrated:data.onboard_svy_mom:mvn_swi_l2_onboardsvymom_20170909::2.0
P,urn:nasa:pds:maven.swia.calibrated:data.onboard_svy_mom:mvn_swi_l2_onboardsvymom_20170910::2.0
P,urn:nasa:pds:maven.swia.calibrated:data.onboard_svy_mom:mvn_swi_l2_onboardsvymom_20170911::2.0
P,urn:nasa:pds:maven.swia.calibrated:data.onboard_svy_mom:mvn_swi_l2_onboardsvymom_20170912::2.0
P,urn:nasa:pds:maven.swia.calibrated:data.onboard_svy_mom:mvn_swi_l2_onboardsvymom_20170913::2.0
P,urn:nasa:pds:maven.swia.calibrated:data.onboard_svy_mom:mvn_swi_l2_onboardsvymom_20170914::2.0
P,urn:nasa:pds:maven.swia.calibrated:data.onboard_svy_mom:mvn_swi_l2_onboardsvymom_20170915::2.0
P,urn:nasa:pds:maven.swia.calibrated:data.onboard_svy_mom:mvn_swi_l2_onboardsvymom_20170916::2.0
P,urn:nasa:pds:maven.swia.calibrated:data.onboard_svy_mom:mvn_swi_l2_onboardsvymom_20170917::2.0
P,urn:nasa:pds:maven.swia.calibrated:data.onboard_svy_mom:mvn_swi_l2_onboardsvymom_20170918::2.0
P,urn:nasa:pds:maven.swia.calibrated:data.onboard_svy_mom:mvn_swi_l2_onboardsvymom_20170919::2.0
P,urn:nasa:pds:maven.swia.calibrated:data.onboard_svy_mom:mvn_swi_l2_onboardsvymom_20170920::2.0
P,urn:nasa:pds:maven.swia.calibrated:data.onboard_svy_mom:mvn_swi_l2_onboardsvymom_20170921::2.0
P,urn:nasa:pds:maven.swia.calibrated:data.onboard_svy_mom:mvn_swi_l2_onboardsvymom_20170922::2.0
P,urn:nasa:pds:maven.swia.calibrated:data.onboard_svy_mom:mvn_swi_l2_onboardsvymom_20170923::2.0
P,urn:nasa:pds:maven.swia.calibrated:data.onboard_svy_mom:mvn_swi_l2_onboardsvymom_20170924::2.0
P,urn:nasa:pds:maven.swia.calibrated:data.onboard_svy_mom:mvn_swi_l2_onboardsvymom_20170925::2.0
P,urn:nasa:pds:maven.swia.calibrated:data.onboard_svy_mom:mvn_swi_l2_onboardsvymom_20170926::2.0
P,urn:nasa:pds:maven.swia.calibrated:data.onboard_svy_mom:mvn_swi_l2_onboardsvymom_20170927::2.0
P,urn:nasa:pds:maven.swia.calibrated:data.onboard_svy_mom:mvn_swi_l2_onboardsvymom_20170928::2.0
P,urn:nasa:pds:maven.swia.calibrated:data.onboard_svy_mom:mvn_swi_l2_onboardsvymom_20170929::2.0
P,urn:nasa:pds:maven.swia.calibrated:data.onboard_svy_mom:mvn_swi_l2_onboardsvymom_20170930::2.0
P,urn:nasa:pds:maven.swia.calibrated:data.onboard_svy_mom:mvn_swi_l2_onboardsvymom_20171001::2.0
P,urn:nasa:pds:maven.swia.calibrated:data.onboard_svy_mom:mvn_swi_l2_onboardsvymom_20171002::2.0
P,urn:nasa:pds:maven.swia.calibrated:data.onboard_svy_mom:mvn_swi_l2_onboardsvymom_20171003::2.0
P,urn:nasa:pds:maven.swia.calibrated:data.onboard_svy_mom:mvn_swi_l2_onboardsvymom_20171004::2.0
P,urn:nasa:pds:maven.swia.calibrated:data.onboard_svy_mom:mvn_swi_l2_onboardsvymom_20171005::2.0
P,urn:nasa:pds:maven.swia.calibrated:data.onboard_svy_mom:mvn_swi_l2_onboardsvymom_20171006::2.0
P,urn:nasa:pds:maven.swia.calibrated:data.onboard_svy_mom:mvn_swi_l2_onboardsvymom_20171007::2.0
P,urn:nasa:pds:maven.swia.calibrated:data.onboard_svy_mom:mvn_swi_l2_onboardsvymom_20171008::2.0
P,urn:nasa:pds:maven.swia.calibrated:data.onboard_svy_mom:mvn_swi_l2_onboardsvymom_20171009::2.0
P,urn:nasa:pds:maven.swia.calibrated:data.onboard_svy_mom:mvn_swi_l2_onboardsvymom_20171010::2.0
P,urn:nasa:pds:maven.swia.calibrated:data.onboard_svy_mom:mvn_swi_l2_onboardsvymom_20171011::2.0
P,urn:nasa:pds:maven.swia.calibrated:data.onboard_svy_mom:mvn_swi_l2_onboardsvymom_20171012::2.0
P,urn:nasa:pds:maven.swia.calibrated:data.onboard_svy_mom:mvn_swi_l2_onboardsvymom_20171013::2.0
P,urn:nasa:pds:maven.swia.calibrated:data.onboard_svy_mom:mvn_swi_l2_onboardsvymom_20171014::2.0
P,urn:nasa:pds:maven.swia.calibrated:data.onboard_svy_mom:mvn_swi_l2_onboardsvymom_20171015::2.0
P,urn:nasa:pds:maven.swia.calibrated:data.onboard_svy_mom:mvn_swi_l2_onboardsvymom_20171016::2.0
P,urn:nasa:pds:maven.swia.calibrated:data.onboard_svy_mom:mvn_swi_l2_onboardsvymom_20171017::2.0
P,urn:nasa:pds:maven.swia.calibrated:data.onboard_svy_mom:mvn_swi_l2_onboardsvymom_20171018::2.0
P,urn:nasa:pds:maven.swia.calibrated:data.onboard_svy_mom:mvn_swi_l2_onboardsvymom_20171019::2.0
P,urn:nasa:pds:maven.swia.calibrated:data.onboard_svy_mom:mvn_swi_l2_onboardsvymom_20171020::2.0
P,urn:nasa:pds:maven.swia.calibrated:data.onboard_svy_mom:mvn_swi_l2_onboardsvymom_20171021::2.0
P,urn:nasa:pds:maven.swia.calibrated:data.onboard_svy_mom:mvn_swi_l2_onboardsvymom_20171022::2.0
P,urn:nasa:pds:maven.swia.calibrated:data.onboard_svy_mom:mvn_swi_l2_onboardsvymom_20171023::2.0
P,urn:nasa:pds:maven.swia.calibrated:data.onboard_svy_mom:mvn_swi_l2_onboardsvymom_20171024::2.0
P,urn:nasa:pds:maven.swia.calibrated:data.onboard_svy_mom:mvn_swi_l2_onboardsvymom_20171025::2.0
P,urn:nasa:pds:maven.swia.calibrated:data.onboard_svy_mom:mvn_swi_l2_onboardsvymom_20171026::2.0
P,urn:nasa:pds:maven.swia.calibrated:data.onboard_svy_mom:mvn_swi_l2_onboardsvymom_20171027::2.0
P,urn:nasa:pds:maven.swia.calibrated:data.onboard_svy_mom:mvn_swi_l2_onboardsvymom_20171028::2.0
P,urn:nasa:pds:maven.swia.calibrated:data.onboard_svy_mom:mvn_swi_l2_onboardsvymom_20171029::2.0
P,urn:nasa:pds:maven.swia.calibrated:data.onboard_svy_mom:mvn_swi_l2_onboardsvymom_20171030::2.0
P,urn:nasa:pds:maven.swia.calibrated:data.onboard_svy_mom:mvn_swi_l2_onboardsvymom_20171031::2.0
P,urn:nasa:pds:maven.swia.calibrated:data.onboard_svy_mom:mvn_swi_l2_onboardsvymom_20171101::2.0
P,urn:nasa:pds:maven.swia.calibrated:data.onboard_svy_mom:mvn_swi_l2_onboardsvymom_20171102::2.0
P,urn:nasa:pds:maven.swia.calibrated:data.onboard_svy_mom:mvn_swi_l2_onboardsvymom_20171103::2.0
P,urn:nasa:pds:maven.swia.calibrated:data.onboard_svy_mom:mvn_swi_l2_onboardsvymom_20171104::2.0
P,urn:nasa:pds:maven.swia.calibrated:data.onboard_svy_mom:mvn_swi_l2_onboardsvymom_20171105::2.0
P,urn:nasa:pds:maven.swia.calibrated:data.onboard_svy_mom:mvn_swi_l2_onboardsvymom_20171106::2.0
P,urn:nasa:pds:maven.swia.calibrated:data.onboard_svy_mom:mvn_swi_l2_onboardsvymom_20171107::2.0
P,urn:nasa:pds:maven.swia.calibrated:data.onboard_svy_mom:mvn_swi_l2_onboardsvymom_20171108::2.0
P,urn:nasa:pds:maven.swia.calibrated:data.onboard_svy_mom:mvn_swi_l2_onboardsvymom_20171109::2.0
P,urn:nasa:pds:maven.swia.calibrated:data.onboard_svy_mom:mvn_swi_l2_onboardsvymom_20171110::2.0
P,urn:nasa:pds:maven.swia.calibrated:data.onboard_svy_mom:mvn_swi_l2_onboardsvymom_20171111::2.0
P,urn:nasa:pds:maven.swia.calibrated:data.onboard_svy_mom:mvn_swi_l2_onboardsvymom_20171112::2.0
P,urn:nasa:pds:maven.swia.calibrated:data.onboard_svy_mom:mvn_swi_l2_onboardsvymom_20171113::2.0
P,urn:nasa:pds:maven.swia.calibrated:data.onboard_svy_mom:mvn_swi_l2_onboardsvymom_20171114::2.0
P,urn:nasa:pds:maven.swia.calibrated:data.onboard_svy_mom:mvn_swi_l2_onboardsvymom_20171115::2.0
P,urn:nasa:pds:maven.swia.calibrated:data.onboard_svy_mom:mvn_swi_l2_onboardsvymom_20171116::2.0
P,urn:nasa:pds:maven.swia.calibrated:data.onboard_svy_mom:mvn_swi_l2_onboardsvymom_20171117::2.0
P,urn:nasa:pds:maven.swia.calibrated:data.onboard_svy_mom:mvn_swi_l2_onboardsvymom_20171118::2.0
P,urn:nasa:pds:maven.swia.calibrated:data.onboard_svy_mom:mvn_swi_l2_onboardsvymom_20171119::2.0
P,urn:nasa:pds:maven.swia.calibrated:data.onboard_svy_mom:mvn_swi_l2_onboardsvymom_20171120::2.0
P,urn:nasa:pds:maven.swia.calibrated:data.onboard_svy_mom:mvn_swi_l2_onboardsvymom_20171121::2.0
P,urn:nasa:pds:maven.swia.calibrated:data.onboard_svy_mom:mvn_swi_l2_onboardsvymom_20171122::2.0
P,urn:nasa:pds:maven.swia.calibrated:data.onboard_svy_mom:mvn_swi_l2_onboardsvymom_20171123::2.0
P,urn:nasa:pds:maven.swia.calibrated:data.onboard_svy_mom:mvn_swi_l2_onboardsvymom_20171124::2.0
P,urn:nasa:pds:maven.swia.calibrated:data.onboard_svy_mom:mvn_swi_l2_onboardsvymom_20171125::2.0
P,urn:nasa:pds:maven.swia.calibrated:data.onboard_svy_mom:mvn_swi_l2_onboardsvymom_20171126::2.0
P,urn:nasa:pds:maven.swia.calibrated:data.onboard_svy_mom:mvn_swi_l2_onboardsvymom_20171127::2.0
P,urn:nasa:pds:maven.swia.calibrated:data.onboard_svy_mom:mvn_swi_l2_onboardsvymom_20171128::2.0
P,urn:nasa:pds:maven.swia.calibrated:data.onboard_svy_mom:mvn_swi_l2_onboardsvymom_20171129::2.0
P,urn:nasa:pds:maven.swia.calibrated:data.onboard_svy_mom:mvn_swi_l2_onboardsvymom_20171130::2.0
P,urn:nasa:pds:maven.swia.calibrated:data.onboard_svy_mom:mvn_swi_l2_onboardsvymom_20171201::2.0
P,urn:nasa:pds:maven.swia.calibrated:data.onboard_svy_mom:mvn_swi_l2_onboardsvymom_20171202::2.0
P,urn:nasa:pds:maven.swia.calibrated:data.onboard_svy_mom:mvn_swi_l2_onboardsvymom_20171203::2.0
P,urn:nasa:pds:maven.swia.calibrated:data.onboard_svy_mom:mvn_swi_l2_onboardsvymom_20171204::2.0
P,urn:nasa:pds:maven.swia.calibrated:data.onboard_svy_mom:mvn_swi_l2_onboardsvymom_20171205::2.0
P,urn:nasa:pds:maven.swia.calibrated:data.onboard_svy_mom:mvn_swi_l2_onboardsvymom_20171206::2.0
P,urn:nasa:pds:maven.swia.calibrated:data.onboard_svy_mom:mvn_swi_l2_onboardsvymom_20171207::2.0
P,urn:nasa:pds:maven.swia.calibrated:data.onboard_svy_mom:mvn_swi_l2_onboardsvymom_20171208::2.0
P,urn:nasa:pds:maven.swia.calibrated:data.onboard_svy_mom:mvn_swi_l2_onboardsvymom_20171209::2.0
P,urn:nasa:pds:maven.swia.calibrated:data.onboard_svy_mom:mvn_swi_l2_onboardsvymom_20171210::2.0
P,urn:nasa:pds:maven.swia.calibrated:data.onboard_svy_mom:mvn_swi_l2_onboardsvymom_20171211::2.0
P,urn:nasa:pds:maven.swia.calibrated:data.onboard_svy_mom:mvn_swi_l2_onboardsvymom_20171212::2.0
P,urn:nasa:pds:maven.swia.calibrated:data.onboard_svy_mom:mvn_swi_l2_onboardsvymom_20171213::2.0
P,urn:nasa:pds:maven.swia.calibrated:data.onboard_svy_mom:mvn_swi_l2_onboardsvymom_20171214::2.0
P,urn:nasa:pds:maven.swia.calibrated:data.onboard_svy_mom:mvn_swi_l2_onboardsvymom_20171215::2.0
P,urn:nasa:pds:maven.swia.calibrated:data.onboard_svy_mom:mvn_swi_l2_onboardsvymom_20171216::2.0
P,urn:nasa:pds:maven.swia.calibrated:data.onboard_svy_mom:mvn_swi_l2_onboardsvymom_20171217::2.0
P,urn:nasa:pds:maven.swia.calibrated:data.onboard_svy_mom:mvn_swi_l2_onboardsvymom_20171218::2.0
P,urn:nasa:pds:maven.swia.calibrated:data.onboard_svy_mom:mvn_swi_l2_onboardsvymom_20171219::2.0
P,urn:nasa:pds:maven.swia.calibrated:data.onboard_svy_mom:mvn_swi_l2_onboardsvymom_20171220::2.0
P,urn:nasa:pds:maven.swia.calibrated:data.onboard_svy_mom:mvn_swi_l2_onboardsvymom_20171221::2.0
P,urn:nasa:pds:maven.swia.calibrated:data.onboard_svy_mom:mvn_swi_l2_onboardsvymom_20171222::2.0
P,urn:nasa:pds:maven.swia.calibrated:data.onboard_svy_mom:mvn_swi_l2_onboardsvymom_20171223::2.0
P,urn:nasa:pds:maven.swia.calibrated:data.onboard_svy_mom:mvn_swi_l2_onboardsvymom_20171224::2.0
P,urn:nasa:pds:maven.swia.calibrated:data.onboard_svy_mom:mvn_swi_l2_onboardsvymom_20171225::2.0
P,urn:nasa:pds:maven.swia.calibrated:data.onboard_svy_mom:mvn_swi_l2_onboardsvymom_20171226::2.0
P,urn:nasa:pds:maven.swia.calibrated:data.onboard_svy_mom:mvn_swi_l2_onboardsvymom_20171227::2.0
P,urn:nasa:pds:maven.swia.calibrated:data.onboard_svy_mom:mvn_swi_l2_onboardsvymom_20171228::2.0
P,urn:nasa:pds:maven.swia.calibrated:data.onboard_svy_mom:mvn_swi_l2_onboardsvymom_20171229::2.0
P,urn:nasa:pds:maven.swia.calibrated:data.onboard_svy_mom:mvn_swi_l2_onboardsvymom_20171230::2.0
P,urn:nasa:pds:maven.swia.calibrated:data.onboard_svy_mom:mvn_swi_l2_onboardsvymom_20171231::2.0
P,urn:nasa:pds:maven.swia.calibrated:data.onboard_svy_mom:mvn_swi_l2_onboardsvymom_20180101::2.0
P,urn:nasa:pds:maven.swia.calibrated:data.onboard_svy_mom:mvn_swi_l2_onboardsvymom_20180102::2.0
P,urn:nasa:pds:maven.swia.calibrated:data.onboard_svy_mom:mvn_swi_l2_onboardsvymom_20180103::2.0
P,urn:nasa:pds:maven.swia.calibrated:data.onboard_svy_mom:mvn_swi_l2_onboardsvymom_20180104::2.0
P,urn:nasa:pds:maven.swia.calibrated:data.onboard_svy_mom:mvn_swi_l2_onboardsvymom_20180105::2.0
P,urn:nasa:pds:maven.swia.calibrated:data.onboard_svy_mom:mvn_swi_l2_onboardsvymom_20180106::2.0
P,urn:nasa:pds:maven.swia.calibrated:data.onboard_svy_mom:mvn_swi_l2_onboardsvymom_20180107::2.0
P,urn:nasa:pds:maven.swia.calibrated:data.onboard_svy_mom:mvn_swi_l2_onboardsvymom_20180108::2.0
P,urn:nasa:pds:maven.swia.calibrated:data.onboard_svy_mom:mvn_swi_l2_onboardsvymom_20180109::2.0
P,urn:nasa:pds:maven.swia.calibrated:data.onboard_svy_mom:mvn_swi_l2_onboardsvymom_20180110::2.0
P,urn:nasa:pds:maven.swia.calibrated:data.onboard_svy_mom:mvn_swi_l2_onboardsvymom_20180111::2.0
P,urn:nasa:pds:maven.swia.calibrated:data.onboard_svy_mom:mvn_swi_l2_onboardsvymom_20180112::2.0
P,urn:nasa:pds:maven.swia.calibrated:data.onboard_svy_mom:mvn_swi_l2_onboardsvymom_20180113::2.0
P,urn:nasa:pds:maven.swia.calibrated:data.onboard_svy_mom:mvn_swi_l2_onboardsvymom_20180114::2.0
P,urn:nasa:pds:maven.swia.calibrated:data.onboard_svy_mom:mvn_swi_l2_onboardsvymom_20180115::2.0
P,urn:nasa:pds:maven.swia.calibrated:data.onboard_svy_mom:mvn_swi_l2_onboardsvymom_20180116::2.0
P,urn:nasa:pds:maven.swia.calibrated:data.onboard_svy_mom:mvn_swi_l2_onboardsvymom_20180117::2.0
P,urn:nasa:pds:maven.swia.calibrated:data.onboard_svy_mom:mvn_swi_l2_onboardsvymom_20180118::2.0
P,urn:nasa:pds:maven.swia.calibrated:data.onboard_svy_mom:mvn_swi_l2_onboardsvymom_20180119::2.0
P,urn:nasa:pds:maven.swia.calibrated:data.onboard_svy_mom:mvn_swi_l2_onboardsvymom_20180120::2.0
P,urn:nasa:pds:maven.swia.calibrated:data.onboard_svy_mom:mvn_swi_l2_onboardsvymom_20180121::2.0
P,urn:nasa:pds:maven.swia.calibrated:data.onboard_svy_mom:mvn_swi_l2_onboardsvymom_20180122::2.0
P,urn:nasa:pds:maven.swia.calibrated:data.onboard_svy_mom:mvn_swi_l2_onboardsvymom_20180123::2.0
P,urn:nasa:pds:maven.swia.calibrated:data.onboard_svy_mom:mvn_swi_l2_onboardsvymom_20180124::2.0
P,urn:nasa:pds:maven.swia.calibrated:data.onboard_svy_mom:mvn_swi_l2_onboardsvymom_20180125::2.0
P,urn:nasa:pds:maven.swia.calibrated:data.onboard_svy_mom:mvn_swi_l2_onboardsvymom_20180126::2.0
P,urn:nasa:pds:maven.swia.calibrated:data.onboard_svy_mom:mvn_swi_l2_onboardsvymom_20180127::2.0
P,urn:nasa:pds:maven.swia.calibrated:data.onboard_svy_mom:mvn_swi_l2_onboardsvymom_20180128::2.0
P,urn:nasa:pds:maven.swia.calibrated:data.onboard_svy_mom:mvn_swi_l2_onboardsvymom_20180129::2.0
P,urn:nasa:pds:maven.swia.calibrated:data.onboard_svy_mom:mvn_swi_l2_onboardsvymom_20180130::2.0
P,urn:nasa:pds:maven.swia.calibrated:data.onboard_svy_mom:mvn_swi_l2_onboardsvymom_20180131::2.0
P,urn:nasa:pds:maven.swia.calibrated:data.onboard_svy_mom:mvn_swi_l2_onboardsvymom_20180201::2.0
P,urn:nasa:pds:maven.swia.calibrated:data.onboard_svy_mom:mvn_swi_l2_onboardsvymom_20180202::2.0
P,urn:nasa:pds:maven.swia.calibrated:data.onboard_svy_mom:mvn_swi_l2_onboardsvymom_20180203::2.0
P,urn:nasa:pds:maven.swia.calibrated:data.onboard_svy_mom:mvn_swi_l2_onboardsvymom_20180204::2.0
P,urn:nasa:pds:maven.swia.calibrated:data.onboard_svy_mom:mvn_swi_l2_onboardsvymom_20180205::2.0
P,urn:nasa:pds:maven.swia.calibrated:data.onboard_svy_mom:mvn_swi_l2_onboardsvymom_20180206::2.0
P,urn:nasa:pds:maven.swia.calibrated:data.onboard_svy_mom:mvn_swi_l2_onboardsvymom_20180207::2.0
P,urn:nasa:pds:maven.swia.calibrated:data.onboard_svy_mom:mvn_swi_l2_onboardsvymom_20180208::2.0
P,urn:nasa:pds:maven.swia.calibrated:data.onboard_svy_mom:mvn_swi_l2_onboardsvymom_20180209::2.0
P,urn:nasa:pds:maven.swia.calibrated:data.onboard_svy_mom:mvn_swi_l2_onboardsvymom_20180210::2.0
P,urn:nasa:pds:maven.swia.calibrated:data.onboard_svy_mom:mvn_swi_l2_onboardsvymom_20180211::2.0
P,urn:nasa:pds:maven.swia.calibrated:data.onboard_svy_mom:mvn_swi_l2_onboardsvymom_20180212::2.0
P,urn:nasa:pds:maven.swia.calibrated:data.onboard_svy_mom:mvn_swi_l2_onboardsvymom_20180213::2.0
P,urn:nasa:pds:maven.swia.calibrated:data.onboard_svy_mom:mvn_swi_l2_onboardsvymom_20180214::2.0
P,urn:nasa:pds:maven.swia.calibrated:data.onboard_svy_mom:mvn_swi_l2_onboardsvymom_20180215::2.0
P,urn:nasa:pds:maven.swia.calibrated:data.onboard_svy_mom:mvn_swi_l2_onboardsvymom_20180216::2.0
P,urn:nasa:pds:maven.swia.calibrated:data.onboard_svy_mom:mvn_swi_l2_onboardsvymom_20180217::2.0
P,urn:nasa:pds:maven.swia.calibrated:data.onboard_svy_mom:mvn_swi_l2_onboardsvymom_20180218::2.0
P,urn:nasa:pds:maven.swia.calibrated:data.onboard_svy_mom:mvn_swi_l2_onboardsvymom_20180219::2.0
P,urn:nasa:pds:maven.swia.calibrated:data.onboard_svy_mom:mvn_swi_l2_onboardsvymom_20180220::2.0
P,urn:nasa:pds:maven.swia.calibrated:data.onboard_svy_mom:mvn_swi_l2_onboardsvymom_20180221::2.0
P,urn:nasa:pds:maven.swia.calibrated:data.onboard_svy_mom:mvn_swi_l2_onboardsvymom_20180222::2.0
P,urn:nasa:pds:maven.swia.calibrated:data.onboard_svy_mom:mvn_swi_l2_onboardsvymom_20180223::2.0
P,urn:nasa:pds:maven.swia.calibrated:data.onboard_svy_mom:mvn_swi_l2_onboardsvymom_20180224::2.0
P,urn:nasa:pds:maven.swia.calibrated:data.onboard_svy_mom:mvn_swi_l2_onboardsvymom_20180225::2.0
P,urn:nasa:pds:maven.swia.calibrated:data.onboard_svy_mom:mvn_swi_l2_onboardsvymom_20180226::2.0
P,urn:nasa:pds:maven.swia.calibrated:data.onboard_svy_mom:mvn_swi_l2_onboardsvymom_20180227::2.0
P,urn:nasa:pds:maven.swia.calibrated:data.onboard_svy_mom:mvn_swi_l2_onboardsvymom_20180228::2.0
P,urn:nasa:pds:maven.swia.calibrated:data.onboard_svy_mom:mvn_swi_l2_onboardsvymom_20180301::2.0
P,urn:nasa:pds:maven.swia.calibrated:data.onboard_svy_mom:mvn_swi_l2_onboardsvymom_20180302::2.0
P,urn:nasa:pds:maven.swia.calibrated:data.onboard_svy_mom:mvn_swi_l2_onboardsvymom_20180303::2.0
P,urn:nasa:pds:maven.swia.calibrated:data.onboard_svy_mom:mvn_swi_l2_onboardsvymom_20180304::2.0
P,urn:nasa:pds:maven.swia.calibrated:data.onboard_svy_mom:mvn_swi_l2_onboardsvymom_20180305::2.0
P,urn:nasa:pds:maven.swia.calibrated:data.onboard_svy_mom:mvn_swi_l2_onboardsvymom_20180306::2.0
P,urn:nasa:pds:maven.swia.calibrated:data.onboard_svy_mom:mvn_swi_l2_onboardsvymom_20180307::2.0
P,urn:nasa:pds:maven.swia.calibrated:data.onboard_svy_mom:mvn_swi_l2_onboardsvymom_20180308::2.0
P,urn:nasa:pds:maven.swia.calibrated:data.onboard_svy_mom:mvn_swi_l2_onboardsvymom_20180309::2.0
P,urn:nasa:pds:maven.swia.calibrated:data.onboard_svy_mom:mvn_swi_l2_onboardsvymom_20180310::2.0
P,urn:nasa:pds:maven.swia.calibrated:data.onboard_svy_mom:mvn_swi_l2_onboardsvymom_20180311::2.0
P,urn:nasa:pds:maven.swia.calibrated:data.onboard_svy_mom:mvn_swi_l2_onboardsvymom_20180312::2.0
P,urn:nasa:pds:maven.swia.calibrated:data.onboard_svy_mom:mvn_swi_l2_onboardsvymom_20180313::2.0
P,urn:nasa:pds:maven.swia.calibrated:data.onboard_svy_mom:mvn_swi_l2_onboardsvymom_20180314::2.0
P,urn:nasa:pds:maven.swia.calibrated:data.onboard_svy_mom:mvn_swi_l2_onboardsvymom_20180315::2.0
P,urn:nasa:pds:maven.swia.calibrated:data.onboard_svy_mom:mvn_swi_l2_onboardsvymom_20180316::2.0
P,urn:nasa:pds:maven.swia.calibrated:data.onboard_svy_mom:mvn_swi_l2_onboardsvymom_20180317::2.0
P,urn:nasa:pds:maven.swia.calibrated:data.onboard_svy_mom:mvn_swi_l2_onboardsvymom_20180318::2.0
P,urn:nasa:pds:maven.swia.calibrated:data.onboard_svy_mom:mvn_swi_l2_onboardsvymom_20180319::2.0
P,urn:nasa:pds:maven.swia.calibrated:data.onboard_svy_mom:mvn_swi_l2_onboardsvymom_20180320::2.0
P,urn:nasa:pds:maven.swia.calibrated:data.onboard_svy_mom:mvn_swi_l2_onboardsvymom_20180321::2.0
P,urn:nasa:pds:maven.swia.calibrated:data.onboard_svy_mom:mvn_swi_l2_onboardsvymom_20180322::2.0
P,urn:nasa:pds:maven.swia.calibrated:data.onboard_svy_mom:mvn_swi_l2_onboardsvymom_20180323::2.0
P,urn:nasa:pds:maven.swia.calibrated:data.onboard_svy_mom:mvn_swi_l2_onboardsvymom_20180324::2.0
P,urn:nasa:pds:maven.swia.calibrated:data.onboard_svy_mom:mvn_swi_l2_onboardsvymom_20180325::2.0
P,urn:nasa:pds:maven.swia.calibrated:data.onboard_svy_mom:mvn_swi_l2_onboardsvymom_20180326::2.0
P,urn:nasa:pds:maven.swia.calibrated:data.onboard_svy_mom:mvn_swi_l2_onboardsvymom_20180327::2.0
P,urn:nasa:pds:maven.swia.calibrated:data.onboard_svy_mom:mvn_swi_l2_onboardsvymom_20180328::2.0
P,urn:nasa:pds:maven.swia.calibrated:data.onboard_svy_mom:mvn_swi_l2_onboardsvymom_20180329::2.0
P,urn:nasa:pds:maven.swia.calibrated:data.onboard_svy_mom:mvn_swi_l2_onboardsvymom_20180330::2.0
P,urn:nasa:pds:maven.swia.calibrated:data.onboard_svy_mom:mvn_swi_l2_onboardsvymom_20180331::2.0
P,urn:nasa:pds:maven.swia.calibrated:data.onboard_svy_mom:mvn_swi_l2_onboardsvymom_20180401::2.0
P,urn:nasa:pds:maven.swia.calibrated:data.onboard_svy_mom:mvn_swi_l2_onboardsvymom_20180402::2.0
P,urn:nasa:pds:maven.swia.calibrated:data.onboard_svy_mom:mvn_swi_l2_onboardsvymom_20180403::2.0
P,urn:nasa:pds:maven.swia.calibrated:data.onboard_svy_mom:mvn_swi_l2_onboardsvymom_20180404::2.0
P,urn:nasa:pds:maven.swia.calibrated:data.onboard_svy_mom:mvn_swi_l2_onboardsvymom_20180405::2.0
P,urn:nasa:pds:maven.swia.calibrated:data.onboard_svy_mom:mvn_swi_l2_onboardsvymom_20180406::2.0
P,urn:nasa:pds:maven.swia.calibrated:data.onboard_svy_mom:mvn_swi_l2_onboardsvymom_20180407::2.0
P,urn:nasa:pds:maven.swia.calibrated:data.onboard_svy_mom:mvn_swi_l2_onboardsvymom_20180408::2.0
P,urn:nasa:pds:maven.swia.calibrated:data.onboard_svy_mom:mvn_swi_l2_onboardsvymom_20180409::2.0
P,urn:nasa:pds:maven.swia.calibrated:data.onboard_svy_mom:mvn_swi_l2_onboardsvymom_20180410::2.0
P,urn:nasa:pds:maven.swia.calibrated:data.onboard_svy_mom:mvn_swi_l2_onboardsvymom_20180411::2.0
P,urn:nasa:pds:maven.swia.calibrated:data.onboard_svy_mom:mvn_swi_l2_onboardsvymom_20180412::2.0
P,urn:nasa:pds:maven.swia.calibrated:data.onboard_svy_mom:mvn_swi_l2_onboardsvymom_20180413::2.0
P,urn:nasa:pds:maven.swia.calibrated:data.onboard_svy_mom:mvn_swi_l2_onboardsvymom_20180414::2.0
P,urn:nasa:pds:maven.swia.calibrated:data.onboard_svy_mom:mvn_swi_l2_onboardsvymom_20180415::2.0
P,urn:nasa:pds:maven.swia.calibrated:data.onboard_svy_mom:mvn_swi_l2_onboardsvymom_20180416::2.0
P,urn:nasa:pds:maven.swia.calibrated:data.onboard_svy_mom:mvn_swi_l2_onboardsvymom_20180417::2.0
P,urn:nasa:pds:maven.swia.calibrated:data.onboard_svy_mom:mvn_swi_l2_onboardsvymom_20180418::2.0
P,urn:nasa:pds:maven.swia.calibrated:data.onboard_svy_mom:mvn_swi_l2_onboardsvymom_20180419::2.0
P,urn:nasa:pds:maven.swia.calibrated:data.onboard_svy_mom:mvn_swi_l2_onboardsvymom_20180420::2.0
P,urn:nasa:pds:maven.swia.calibrated:data.onboard_svy_mom:mvn_swi_l2_onboardsvymom_20180421::2.0
P,urn:nasa:pds:maven.swia.calibrated:data.onboard_svy_mom:mvn_swi_l2_onboardsvymom_20180422::2.0
P,urn:nasa:pds:maven.swia.calibrated:data.onboard_svy_mom:mvn_swi_l2_onboardsvymom_20180423::2.0
P,urn:nasa:pds:maven.swia.calibrated:data.onboard_svy_mom:mvn_swi_l2_onboardsvymom_20180424::2.0
P,urn:nasa:pds:maven.swia.calibrated:data.onboard_svy_mom:mvn_swi_l2_onboardsvymom_20180425::2.0
P,urn:nasa:pds:maven.swia.calibrated:data.onboard_svy_mom:mvn_swi_l2_onboardsvymom_20180426::2.0
P,urn:nasa:pds:maven.swia.calibrated:data.onboard_svy_mom:mvn_swi_l2_onboardsvymom_20180427::2.0
P,urn:nasa:pds:maven.swia.calibrated:data.onboard_svy_mom:mvn_swi_l2_onboardsvymom_20180428::2.0
P,urn:nasa:pds:maven.swia.calibrated:data.onboard_svy_mom:mvn_swi_l2_onboardsvymom_20180429::2.0
P,urn:nasa:pds:maven.swia.calibrated:data.onboard_svy_mom:mvn_swi_l2_onboardsvymom_20180430::2.0
P,urn:nasa:pds:maven.swia.calibrated:data.onboard_svy_mom:mvn_swi_l2_onboardsvymom_20180501::2.0
P,urn:nasa:pds:maven.swia.calibrated:data.onboard_svy_mom:mvn_swi_l2_onboardsvymom_20180502::2.0
P,urn:nasa:pds:maven.swia.calibrated:data.onboard_svy_mom:mvn_swi_l2_onboardsvymom_20180503::2.0
P,urn:nasa:pds:maven.swia.calibrated:data.onboard_svy_mom:mvn_swi_l2_onboardsvymom_20180504::2.0
P,urn:nasa:pds:maven.swia.calibrated:data.onboard_svy_mom:mvn_swi_l2_onboardsvymom_20180505::2.0
P,urn:nasa:pds:maven.swia.calibrated:data.onboard_svy_mom:mvn_swi_l2_onboardsvymom_20180506::2.0
P,urn:nasa:pds:maven.swia.calibrated:data.onboard_svy_mom:mvn_swi_l2_onboardsvymom_20180507::2.0
P,urn:nasa:pds:maven.swia.calibrated:data.onboard_svy_mom:mvn_swi_l2_onboardsvymom_20180508::2.0
P,urn:nasa:pds:maven.swia.calibrated:data.onboard_svy_mom:mvn_swi_l2_onboardsvymom_20180509::2.0
P,urn:nasa:pds:maven.swia.calibrated:data.onboard_svy_mom:mvn_swi_l2_onboardsvymom_20180510::2.0
P,urn:nasa:pds:maven.swia.calibrated:data.onboard_svy_mom:mvn_swi_l2_onboardsvymom_20180511::2.0
P,urn:nasa:pds:maven.swia.calibrated:data.onboard_svy_mom:mvn_swi_l2_onboardsvymom_20180512::2.0
P,urn:nasa:pds:maven.swia.calibrated:data.onboard_svy_mom:mvn_swi_l2_onboardsvymom_20180513::2.0
P,urn:nasa:pds:maven.swia.calibrated:data.onboard_svy_mom:mvn_swi_l2_onboardsvymom_20180514::2.0
P,urn:nasa:pds:maven.swia.calibrated:data.onboard_svy_mom:mvn_swi_l2_onboardsvymom_20180515::2.0
P,urn:nasa:pds:maven.swia.calibrated:data.onboard_svy_mom:mvn_swi_l2_onboardsvymom_20180516::2.0
P,urn:nasa:pds:maven.swia.calibrated:data.onboard_svy_mom:mvn_swi_l2_onboardsvymom_20180517::2.0
P,urn:nasa:pds:maven.swia.calibrated:data.onboard_svy_mom:mvn_swi_l2_onboardsvymom_20180518::2.0
P,urn:nasa:pds:maven.swia.calibrated:data.onboard_svy_mom:mvn_swi_l2_onboardsvymom_20180519::2.0
P,urn:nasa:pds:maven.swia.calibrated:data.onboard_svy_mom:mvn_swi_l2_onboardsvymom_20180520::2.0
P,urn:nasa:pds:maven.swia.calibrated:data.onboard_svy_mom:mvn_swi_l2_onboardsvymom_20180521::2.0
P,urn:nasa:pds:maven.swia.calibrated:data.onboard_svy_mom:mvn_swi_l2_onboardsvymom_20180522::2.0
P,urn:nasa:pds:maven.swia.calibrated:data.onboard_svy_mom:mvn_swi_l2_onboardsvymom_20180523::2.0
P,urn:nasa:pds:maven.swia.calibrated:data.onboard_svy_mom:mvn_swi_l2_onboardsvymom_20180524::2.0
P,urn:nasa:pds:maven.swia.calibrated:data.onboard_svy_mom:mvn_swi_l2_onboardsvymom_20180525::2.0
P,urn:nasa:pds:maven.swia.calibrated:data.onboard_svy_mom:mvn_swi_l2_onboardsvymom_20180526::2.0
P,urn:nasa:pds:maven.swia.calibrated:data.onboard_svy_mom:mvn_swi_l2_onboardsvymom_20180527::2.0
P,urn:nasa:pds:maven.swia.calibrated:data.onboard_svy_mom:mvn_swi_l2_onboardsvymom_20180528::2.0
P,urn:nasa:pds:maven.swia.calibrated:data.onboard_svy_mom:mvn_swi_l2_onboardsvymom_20180529::2.0
P,urn:nasa:pds:maven.swia.calibrated:data.onboard_svy_mom:mvn_swi_l2_onboardsvymom_20180530::2.0
P,urn:nasa:pds:maven.swia.calibrated:data.onboard_svy_mom:mvn_swi_l2_onboardsvymom_20180531::2.0
P,urn:nasa:pds:maven.swia.calibrated:data.onboard_svy_mom:mvn_swi_l2_onboardsvymom_20180601::2.0
P,urn:nasa:pds:maven.swia.calibrated:data.onboard_svy_mom:mvn_swi_l2_onboardsvymom_20180602::2.0
P,urn:nasa:pds:maven.swia.calibrated:data.onboard_svy_mom:mvn_swi_l2_onboardsvymom_20180603::2.0
P,urn:nasa:pds:maven.swia.calibrated:data.onboard_svy_mom:mvn_swi_l2_onboardsvymom_20180604::2.0
P,urn:nasa:pds:maven.swia.calibrated:data.onboard_svy_mom:mvn_swi_l2_onboardsvymom_20180605::2.0
P,urn:nasa:pds:maven.swia.calibrated:data.onboard_svy_mom:mvn_swi_l2_onboardsvymom_20180606::2.0
P,urn:nasa:pds:maven.swia.calibrated:data.onboard_svy_mom:mvn_swi_l2_onboardsvymom_20180607::2.0
P,urn:nasa:pds:maven.swia.calibrated:data.onboard_svy_mom:mvn_swi_l2_onboardsvymom_20180608::2.0
P,urn:nasa:pds:maven.swia.calibrated:data.onboard_svy_mom:mvn_swi_l2_onboardsvymom_20180609::2.0
P,urn:nasa:pds:maven.swia.calibrated:data.onboard_svy_mom:mvn_swi_l2_onboardsvymom_20180610::2.0
P,urn:nasa:pds:maven.swia.calibrated:data.onboard_svy_mom:mvn_swi_l2_onboardsvymom_20180611::2.0
P,urn:nasa:pds:maven.swia.calibrated:data.onboard_svy_mom:mvn_swi_l2_onboardsvymom_20180612::2.0
P,urn:nasa:pds:maven.swia.calibrated:data.onboard_svy_mom:mvn_swi_l2_onboardsvymom_20180613::2.0
P,urn:nasa:pds:maven.swia.calibrated:data.onboard_svy_mom:mvn_swi_l2_onboardsvymom_20180614::2.0
P,urn:nasa:pds:maven.swia.calibrated:data.onboard_svy_mom:mvn_swi_l2_onboardsvymom_20180615::2.0
P,urn:nasa:pds:maven.swia.calibrated:data.onboard_svy_mom:mvn_swi_l2_onboardsvymom_20180616::2.0
P,urn:nasa:pds:maven.swia.calibrated:data.onboard_svy_mom:mvn_swi_l2_onboardsvymom_20180617::2.0
P,urn:nasa:pds:maven.swia.calibrated:data.onboard_svy_mom:mvn_swi_l2_onboardsvymom_20180618::2.0
P,urn:nasa:pds:maven.swia.calibrated:data.onboard_svy_mom:mvn_swi_l2_onboardsvymom_20180619::2.0
P,urn:nasa:pds:maven.swia.calibrated:data.onboard_svy_mom:mvn_swi_l2_onboardsvymom_20180620::2.0
P,urn:nasa:pds:maven.swia.calibrated:data.onboard_svy_mom:mvn_swi_l2_onboardsvymom_20180621::2.0
P,urn:nasa:pds:maven.swia.calibrated:data.onboard_svy_mom:mvn_swi_l2_onboardsvymom_20180622::2.0
P,urn:nasa:pds:maven.swia.calibrated:data.onboard_svy_mom:mvn_swi_l2_onboardsvymom_20180623::2.0
P,urn:nasa:pds:maven.swia.calibrated:data.onboard_svy_mom:mvn_swi_l2_onboardsvymom_20180624::2.0
P,urn:nasa:pds:maven.swia.calibrated:data.onboard_svy_mom:mvn_swi_l2_onboardsvymom_20180625::2.0
P,urn:nasa:pds:maven.swia.calibrated:data.onboard_svy_mom:mvn_swi_l2_onboardsvymom_20180626::2.0
P,urn:nasa:pds:maven.swia.calibrated:data.onboard_svy_mom:mvn_swi_l2_onboardsvymom_20180627::2.0
P,urn:nasa:pds:maven.swia.calibrated:data.onboard_svy_mom:mvn_swi_l2_onboardsvymom_20180628::2.0
P,urn:nasa:pds:maven.swia.calibrated:data.onboard_svy_mom:mvn_swi_l2_onboardsvymom_20180629::2.0
P,urn:nasa:pds:maven.swia.calibrated:data.onboard_svy_mom:mvn_swi_l2_onboardsvymom_20180630::2.0
P,urn:nasa:pds:maven.swia.calibrated:data.onboard_svy_mom:mvn_swi_l2_onboardsvymom_20180701::2.0
P,urn:nasa:pds:maven.swia.calibrated:data.onboard_svy_mom:mvn_swi_l2_onboardsvymom_20180702::2.0
P,urn:nasa:pds:maven.swia.calibrated:data.onboard_svy_mom:mvn_swi_l2_onboardsvymom_20180703::2.0
P,urn:nasa:pds:maven.swia.calibrated:data.onboard_svy_mom:mvn_swi_l2_onboardsvymom_20180704::2.0
P,urn:nasa:pds:maven.swia.calibrated:data.onboard_svy_mom:mvn_swi_l2_onboardsvymom_20180705::2.0
P,urn:nasa:pds:maven.swia.calibrated:data.onboard_svy_mom:mvn_swi_l2_onboardsvymom_20180706::2.0
P,urn:nasa:pds:maven.swia.calibrated:data.onboard_svy_mom:mvn_swi_l2_onboardsvymom_20180707::2.0
P,urn:nasa:pds:maven.swia.calibrated:data.onboard_svy_mom:mvn_swi_l2_onboardsvymom_20180708::2.0
P,urn:nasa:pds:maven.swia.calibrated:data.onboard_svy_mom:mvn_swi_l2_onboardsvymom_20180709::2.0
P,urn:nasa:pds:maven.swia.calibrated:data.onboard_svy_mom:mvn_swi_l2_onboardsvymom_20180710::2.0
P,urn:nasa:pds:maven.swia.calibrated:data.onboard_svy_mom:mvn_swi_l2_onboardsvymom_20180711::2.0
P,urn:nasa:pds:maven.swia.calibrated:data.onboard_svy_mom:mvn_swi_l2_onboardsvymom_20180712::2.0
P,urn:nasa:pds:maven.swia.calibrated:data.onboard_svy_mom:mvn_swi_l2_onboardsvymom_20180713::2.0
P,urn:nasa:pds:maven.swia.calibrated:data.onboard_svy_mom:mvn_swi_l2_onboardsvymom_20180714::2.0
P,urn:nasa:pds:maven.swia.calibrated:data.onboard_svy_mom:mvn_swi_l2_onboardsvymom_20180715::2.0
P,urn:nasa:pds:maven.swia.calibrated:data.onboard_svy_mom:mvn_swi_l2_onboardsvymom_20180716::2.0
P,urn:nasa:pds:maven.swia.calibrated:data.onboard_svy_mom:mvn_swi_l2_onboardsvymom_20180717::2.0
P,urn:nasa:pds:maven.swia.calibrated:data.onboard_svy_mom:mvn_swi_l2_onboardsvymom_20180718::2.0
P,urn:nasa:pds:maven.swia.calibrated:data.onboard_svy_mom:mvn_swi_l2_onboardsvymom_20180719::2.0
P,urn:nasa:pds:maven.swia.calibrated:data.onboard_svy_mom:mvn_swi_l2_onboardsvymom_20180720::2.0
P,urn:nasa:pds:maven.swia.calibrated:data.onboard_svy_mom:mvn_swi_l2_onboardsvymom_20180721::2.0
P,urn:nasa:pds:maven.swia.calibrated:data.onboard_svy_mom:mvn_swi_l2_onboardsvymom_20180722::2.0
P,urn:nasa:pds:maven.swia.calibrated:data.onboard_svy_mom:mvn_swi_l2_onboardsvymom_20180723::2.0
P,urn:nasa:pds:maven.swia.calibrated:data.onboard_svy_mom:mvn_swi_l2_onboardsvymom_20180724::2.0
P,urn:nasa:pds:maven.swia.calibrated:data.onboard_svy_mom:mvn_swi_l2_onboardsvymom_20180725::2.0
P,urn:nasa:pds:maven.swia.calibrated:data.onboard_svy_mom:mvn_swi_l2_onboardsvymom_20180726::2.0
P,urn:nasa:pds:maven.swia.calibrated:data.onboard_svy_mom:mvn_swi_l2_onboardsvymom_20180727::2.0
P,urn:nasa:pds:maven.swia.calibrated:data.onboard_svy_mom:mvn_swi_l2_onboardsvymom_20180728::2.0
P,urn:nasa:pds:maven.swia.calibrated:data.onboard_svy_mom:mvn_swi_l2_onboardsvymom_20180729::2.0
P,urn:nasa:pds:maven.swia.calibrated:data.onboard_svy_mom:mvn_swi_l2_onboardsvymom_20180730::2.0
P,urn:nasa:pds:maven.swia.calibrated:data.onboard_svy_mom:mvn_swi_l2_onboardsvymom_20180731::2.0
P,urn:nasa:pds:maven.swia.calibrated:data.onboard_svy_mom:mvn_swi_l2_onboardsvymom_20180801::2.0
P,urn:nasa:pds:maven.swia.calibrated:data.onboard_svy_mom:mvn_swi_l2_onboardsvymom_20180802::2.0
P,urn:nasa:pds:maven.swia.calibrated:data.onboard_svy_mom:mvn_swi_l2_onboardsvymom_20180803::2.0
P,urn:nasa:pds:maven.swia.calibrated:data.onboard_svy_mom:mvn_swi_l2_onboardsvymom_20180804::2.0
P,urn:nasa:pds:maven.swia.calibrated:data.onboard_svy_mom:mvn_swi_l2_onboardsvymom_20180805::2.0
P,urn:nasa:pds:maven.swia.calibrated:data.onboard_svy_mom:mvn_swi_l2_onboardsvymom_20180806::2.0
P,urn:nasa:pds:maven.swia.calibrated:data.onboard_svy_mom:mvn_swi_l2_onboardsvymom_20180807::2.0
P,urn:nasa:pds:maven.swia.calibrated:data.onboard_svy_mom:mvn_swi_l2_onboardsvymom_20180808::2.0
P,urn:nasa:pds:maven.swia.calibrated:data.onboard_svy_mom:mvn_swi_l2_onboardsvymom_20180809::2.0
P,urn:nasa:pds:maven.swia.calibrated:data.onboard_svy_mom:mvn_swi_l2_onboardsvymom_20180810::2.0
P,urn:nasa:pds:maven.swia.calibrated:data.onboard_svy_mom:mvn_swi_l2_onboardsvymom_20180811::2.0
P,urn:nasa:pds:maven.swia.calibrated:data.onboard_svy_mom:mvn_swi_l2_onboardsvymom_20180812::2.0
P,urn:nasa:pds:maven.swia.calibrated:data.onboard_svy_mom:mvn_swi_l2_onboardsvymom_20180813::2.0
P,urn:nasa:pds:maven.swia.calibrated:data.onboard_svy_mom:mvn_swi_l2_onboardsvymom_20180814::2.0
P,urn:nasa:pds:maven.swia.calibrated:data.onboard_svy_mom:mvn_swi_l2_onboardsvymom_20180815::2.0
P,urn:nasa:pds:maven.swia.calibrated:data.onboard_svy_mom:mvn_swi_l2_onboardsvymom_20180816::2.0
P,urn:nasa:pds:maven.swia.calibrated:data.onboard_svy_mom:mvn_swi_l2_onboardsvymom_20180817::2.0
P,urn:nasa:pds:maven.swia.calibrated:data.onboard_svy_mom:mvn_swi_l2_onboardsvymom_20180818::2.0
P,urn:nasa:pds:maven.swia.calibrated:data.onboard_svy_mom:mvn_swi_l2_onboardsvymom_20180819::2.0
P,urn:nasa:pds:maven.swia.calibrated:data.onboard_svy_mom:mvn_swi_l2_onboardsvymom_20180820::2.0
P,urn:nasa:pds:maven.swia.calibrated:data.onboard_svy_mom:mvn_swi_l2_onboardsvymom_20180821::2.0
P,urn:nasa:pds:maven.swia.calibrated:data.onboard_svy_mom:mvn_swi_l2_onboardsvymom_20180822::2.0
P,urn:nasa:pds:maven.swia.calibrated:data.onboard_svy_mom:mvn_swi_l2_onboardsvymom_20180823::2.0
P,urn:nasa:pds:maven.swia.calibrated:data.onboard_svy_mom:mvn_swi_l2_onboardsvymom_20180824::2.0
P,urn:nasa:pds:maven.swia.calibrated:data.onboard_svy_mom:mvn_swi_l2_onboardsvymom_20180825::2.0
P,urn:nasa:pds:maven.swia.calibrated:data.onboard_svy_mom:mvn_swi_l2_onboardsvymom_20180826::2.0
P,urn:nasa:pds:maven.swia.calibrated:data.onboard_svy_mom:mvn_swi_l2_onboardsvymom_20180827::2.0
P,urn:nasa:pds:maven.swia.calibrated:data.onboard_svy_mom:mvn_swi_l2_onboardsvymom_20180828::2.0
P,urn:nasa:pds:maven.swia.calibrated:data.onboard_svy_mom:mvn_swi_l2_onboardsvymom_20180829::2.0
P,urn:nasa:pds:maven.swia.calibrated:data.onboard_svy_mom:mvn_swi_l2_onboardsvymom_20180830::2.0
P,urn:nasa:pds:maven.swia.calibrated:data.onboard_svy_mom:mvn_swi_l2_onboardsvymom_20180831::2.0
P,urn:nasa:pds:maven.swia.calibrated:data.onboard_svy_mom:mvn_swi_l2_onboardsvymom_20180901::2.0
P,urn:nasa:pds:maven.swia.calibrated:data.onboard_svy_mom:mvn_swi_l2_onboardsvymom_20180902::2.0
P,urn:nasa:pds:maven.swia.calibrated:data.onboard_svy_mom:mvn_swi_l2_onboardsvymom_20180903::2.0
P,urn:nasa:pds:maven.swia.calibrated:data.onboard_svy_mom:mvn_swi_l2_onboardsvymom_20180904::2.0
P,urn:nasa:pds:maven.swia.calibrated:data.onboard_svy_mom:mvn_swi_l2_onboardsvymom_20180905::2.0
P,urn:nasa:pds:maven.swia.calibrated:data.onboard_svy_mom:mvn_swi_l2_onboardsvymom_20180906::2.0
P,urn:nasa:pds:maven.swia.calibrated:data.onboard_svy_mom:mvn_swi_l2_onboardsvymom_20180907::2.0
P,urn:nasa:pds:maven.swia.calibrated:data.onboard_svy_mom:mvn_swi_l2_onboardsvymom_20180908::2.0
P,urn:nasa:pds:maven.swia.calibrated:data.onboard_svy_mom:mvn_swi_l2_onboardsvymom_20180909::2.0
P,urn:nasa:pds:maven.swia.calibrated:data.onboard_svy_mom:mvn_swi_l2_onboardsvymom_20180910::2.0
P,urn:nasa:pds:maven.swia.calibrated:data.onboard_svy_mom:mvn_swi_l2_onboardsvymom_20180911::2.0
P,urn:nasa:pds:maven.swia.calibrated:data.onboard_svy_mom:mvn_swi_l2_onboardsvymom_20180912::2.0
P,urn:nasa:pds:maven.swia.calibrated:data.onboard_svy_mom:mvn_swi_l2_onboardsvymom_20180913::2.0
P,urn:nasa:pds:maven.swia.calibrated:data.onboard_svy_mom:mvn_swi_l2_onboardsvymom_20180914::2.0
P,urn:nasa:pds:maven.swia.calibrated:data.onboard_svy_mom:mvn_swi_l2_onboardsvymom_20180915::2.0
P,urn:nasa:pds:maven.swia.calibrated:data.onboard_svy_mom:mvn_swi_l2_onboardsvymom_20180916::2.0
P,urn:nasa:pds:maven.swia.calibrated:data.onboard_svy_mom:mvn_swi_l2_onboardsvymom_20180917::2.0
P,urn:nasa:pds:maven.swia.calibrated:data.onboard_svy_mom:mvn_swi_l2_onboardsvymom_20180918::2.0
P,urn:nasa:pds:maven.swia.calibrated:data.onboard_svy_mom:mvn_swi_l2_onboardsvymom_20180919::2.0
P,urn:nasa:pds:maven.swia.calibrated:data.onboard_svy_mom:mvn_swi_l2_onboardsvymom_20180920::2.0
P,urn:nasa:pds:maven.swia.calibrated:data.onboard_svy_mom:mvn_swi_l2_onboardsvymom_20180921::2.0
P,urn:nasa:pds:maven.swia.calibrated:data.onboard_svy_mom:mvn_swi_l2_onboardsvymom_20180922::2.0
P,urn:nasa:pds:maven.swia.calibrated:data.onboard_svy_mom:mvn_swi_l2_onboardsvymom_20180923::2.0
P,urn:nasa:pds:maven.swia.calibrated:data.onboard_svy_mom:mvn_swi_l2_onboardsvymom_20180924::2.0
P,urn:nasa:pds:maven.swia.calibrated:data.onboard_svy_mom:mvn_swi_l2_onboardsvymom_20180925::2.0
P,urn:nasa:pds:maven.swia.calibrated:data.onboard_svy_mom:mvn_swi_l2_onboardsvymom_20180926::2.0
P,urn:nasa:pds:maven.swia.calibrated:data.onboard_svy_mom:mvn_swi_l2_onboardsvymom_20180927::2.0
P,urn:nasa:pds:maven.swia.calibrated:data.onboard_svy_mom:mvn_swi_l2_onboardsvymom_20180928::2.0
P,urn:nasa:pds:maven.swia.calibrated:data.onboard_svy_mom:mvn_swi_l2_onboardsvymom_20180929::2.0
P,urn:nasa:pds:maven.swia.calibrated:data.onboard_svy_mom:mvn_swi_l2_onboardsvymom_20180930::2.0
P,urn:nasa:pds:maven.swia.calibrated:data.onboard_svy_mom:mvn_swi_l2_onboardsvymom_20181001::2.0
P,urn:nasa:pds:maven.swia.calibrated:data.onboard_svy_mom:mvn_swi_l2_onboardsvymom_20181002::2.0
P,urn:nasa:pds:maven.swia.calibrated:data.onboard_svy_mom:mvn_swi_l2_onboardsvymom_20181003::2.0
P,urn:nasa:pds:maven.swia.calibrated:data.onboard_svy_mom:mvn_swi_l2_onboardsvymom_20181004::2.0
P,urn:nasa:pds:maven.swia.calibrated:data.onboard_svy_mom:mvn_swi_l2_onboardsvymom_20181005::2.0
P,urn:nasa:pds:maven.swia.calibrated:data.onboard_svy_mom:mvn_swi_l2_onboardsvymom_20181006::2.0
P,urn:nasa:pds:maven.swia.calibrated:data.onboard_svy_mom:mvn_swi_l2_onboardsvymom_20181007::2.0
P,urn:nasa:pds:maven.swia.calibrated:data.onboard_svy_mom:mvn_swi_l2_onboardsvymom_20181008::2.0
P,urn:nasa:pds:maven.swia.calibrated:data.onboard_svy_mom:mvn_swi_l2_onboardsvymom_20181009::2.0
P,urn:nasa:pds:maven.swia.calibrated:data.onboard_svy_mom:mvn_swi_l2_onboardsvymom_20181010::2.0
P,urn:nasa:pds:maven.swia.calibrated:data.onboard_svy_mom:mvn_swi_l2_onboardsvymom_20181011::2.0
P,urn:nasa:pds:maven.swia.calibrated:data.onboard_svy_mom:mvn_swi_l2_onboardsvymom_20181012::2.0
P,urn:nasa:pds:maven.swia.calibrated:data.onboard_svy_mom:mvn_swi_l2_onboardsvymom_20181013::2.0
P,urn:nasa:pds:maven.swia.calibrated:data.onboard_svy_mom:mvn_swi_l2_onboardsvymom_20181014::2.0
P,urn:nasa:pds:maven.swia.calibrated:data.onboard_svy_mom:mvn_swi_l2_onboardsvymom_20181015::2.0
P,urn:nasa:pds:maven.swia.calibrated:data.onboard_svy_mom:mvn_swi_l2_onboardsvymom_20181016::2.0
P,urn:nasa:pds:maven.swia.calibrated:data.onboard_svy_mom:mvn_swi_l2_onboardsvymom_20181017::2.0
P,urn:nasa:pds:maven.swia.calibrated:data.onboard_svy_mom:mvn_swi_l2_onboardsvymom_20181018::2.0
P,urn:nasa:pds:maven.swia.calibrated:data.onboard_svy_mom:mvn_swi_l2_onboardsvymom_20181019::2.0
P,urn:nasa:pds:maven.swia.calibrated:data.onboard_svy_mom:mvn_swi_l2_onboardsvymom_20181020::2.0
P,urn:nasa:pds:maven.swia.calibrated:data.onboard_svy_mom:mvn_swi_l2_onboardsvymom_20181021::2.0
P,urn:nasa:pds:maven.swia.calibrated:data.onboard_svy_mom:mvn_swi_l2_onboardsvymom_20181022::2.0
P,urn:nasa:pds:maven.swia.calibrated:data.onboard_svy_mom:mvn_swi_l2_onboardsvymom_20181023::2.0
P,urn:nasa:pds:maven.swia.calibrated:data.onboard_svy_mom:mvn_swi_l2_onboardsvymom_20181024::2.0
P,urn:nasa:pds:maven.swia.calibrated:data.onboard_svy_mom:mvn_swi_l2_onboardsvymom_20181025::2.0
P,urn:nasa:pds:maven.swia.calibrated:data.onboard_svy_mom:mvn_swi_l2_onboardsvymom_20181026::2.0
P,urn:nasa:pds:maven.swia.calibrated:data.onboard_svy_mom:mvn_swi_l2_onboardsvymom_20181027::2.0
P,urn:nasa:pds:maven.swia.calibrated:data.onboard_svy_mom:mvn_swi_l2_onboardsvymom_20181028::2.0
P,urn:nasa:pds:maven.swia.calibrated:data.onboard_svy_mom:mvn_swi_l2_onboardsvymom_20181029::2.0
P,urn:nasa:pds:maven.swia.calibrated:data.onboard_svy_mom:mvn_swi_l2_onboardsvymom_20181030::2.0
P,urn:nasa:pds:maven.swia.calibrated:data.onboard_svy_mom:mvn_swi_l2_onboardsvymom_20181031::2.0
P,urn:nasa:pds:maven.swia.calibrated:data.onboard_svy_mom:mvn_swi_l2_onboardsvymom_20181101::2.0
P,urn:nasa:pds:maven.swia.calibrated:data.onboard_svy_mom:mvn_swi_l2_onboardsvymom_20181102::2.0
P,urn:nasa:pds:maven.swia.calibrated:data.onboard_svy_mom:mvn_swi_l2_onboardsvymom_20181103::2.0
P,urn:nasa:pds:maven.swia.calibrated:data.onboard_svy_mom:mvn_swi_l2_onboardsvymom_20181104::2.0
P,urn:nasa:pds:maven.swia.calibrated:data.onboard_svy_mom:mvn_swi_l2_onboardsvymom_20181105::2.0
P,urn:nasa:pds:maven.swia.calibrated:data.onboard_svy_mom:mvn_swi_l2_onboardsvymom_20181106::2.0
P,urn:nasa:pds:maven.swia.calibrated:data.onboard_svy_mom:mvn_swi_l2_onboardsvymom_20181107::2.0
P,urn:nasa:pds:maven.swia.calibrated:data.onboard_svy_mom:mvn_swi_l2_onboardsvymom_20181108::2.0
P,urn:nasa:pds:maven.swia.calibrated:data.onboard_svy_mom:mvn_swi_l2_onboardsvymom_20181109::2.0
P,urn:nasa:pds:maven.swia.calibrated:data.onboard_svy_mom:mvn_swi_l2_onboardsvymom_20181110::2.0
P,urn:nasa:pds:maven.swia.calibrated:data.onboard_svy_mom:mvn_swi_l2_onboardsvymom_20181111::2.0
P,urn:nasa:pds:maven.swia.calibrated:data.onboard_svy_mom:mvn_swi_l2_onboardsvymom_20181112::2.0
P,urn:nasa:pds:maven.swia.calibrated:data.onboard_svy_mom:mvn_swi_l2_onboardsvymom_20181113::2.0
P,urn:nasa:pds:maven.swia.calibrated:data.onboard_svy_mom:mvn_swi_l2_onboardsvymom_20181114::2.0
P,urn:nasa:pds:maven.swia.calibrated:data.onboard_svy_mom:mvn_swi_l2_onboardsvymom_20181115::2.0
P,urn:nasa:pds:maven.swia.calibrated:data.onboard_svy_mom:mvn_swi_l2_onboardsvymom_20181116::2.0
P,urn:nasa:pds:maven.swia.calibrated:data.onboard_svy_mom:mvn_swi_l2_onboardsvymom_20181117::2.0
P,urn:nasa:pds:maven.swia.calibrated:data.onboard_svy_mom:mvn_swi_l2_onboardsvymom_20181118::2.0
P,urn:nasa:pds:maven.swia.calibrated:data.onboard_svy_mom:mvn_swi_l2_onboardsvymom_20181119::2.0
P,urn:nasa:pds:maven.swia.calibrated:data.onboard_svy_mom:mvn_swi_l2_onboardsvymom_20181120::2.0
P,urn:nasa:pds:maven.swia.calibrated:data.onboard_svy_mom:mvn_swi_l2_onboardsvymom_20181121::2.0
P,urn:nasa:pds:maven.swia.calibrated:data.onboard_svy_mom:mvn_swi_l2_onboardsvymom_20181122::2.0
P,urn:nasa:pds:maven.swia.calibrated:data.onboard_svy_mom:mvn_swi_l2_onboardsvymom_20181123::2.0
P,urn:nasa:pds:maven.swia.calibrated:data.onboard_svy_mom:mvn_swi_l2_onboardsvymom_20181124::2.0
P,urn:nasa:pds:maven.swia.calibrated:data.onboard_svy_mom:mvn_swi_l2_onboardsvymom_20181125::2.0
P,urn:nasa:pds:maven.swia.calibrated:data.onboard_svy_mom:mvn_swi_l2_onboardsvymom_20181126::2.0
P,urn:nasa:pds:maven.swia.calibrated:data.onboard_svy_mom:mvn_swi_l2_onboardsvymom_20181127::2.0
P,urn:nasa:pds:maven.swia.calibrated:data.onboard_svy_mom:mvn_swi_l2_onboardsvymom_20181128::2.0
P,urn:nasa:pds:maven.swia.calibrated:data.onboard_svy_mom:mvn_swi_l2_onboardsvymom_20181129::2.0
P,urn:nasa:pds:maven.swia.calibrated:data.onboard_svy_mom:mvn_swi_l2_onboardsvymom_20181130::2.0
P,urn:nasa:pds:maven.swia.calibrated:data.onboard_svy_mom:mvn_swi_l2_onboardsvymom_20181201::2.0
P,urn:nasa:pds:maven.swia.calibrated:data.onboard_svy_mom:mvn_swi_l2_onboardsvymom_20181202::2.0
P,urn:nasa:pds:maven.swia.calibrated:data.onboard_svy_mom:mvn_swi_l2_onboardsvymom_20181203::2.0
P,urn:nasa:pds:maven.swia.calibrated:data.onboard_svy_mom:mvn_swi_l2_onboardsvymom_20181204::2.0
P,urn:nasa:pds:maven.swia.calibrated:data.onboard_svy_mom:mvn_swi_l2_onboardsvymom_20181205::2.0
P,urn:nasa:pds:maven.swia.calibrated:data.onboard_svy_mom:mvn_swi_l2_onboardsvymom_20181206::2.0
P,urn:nasa:pds:maven.swia.calibrated:data.onboard_svy_mom:mvn_swi_l2_onboardsvymom_20181207::2.0
P,urn:nasa:pds:maven.swia.calibrated:data.onboard_svy_mom:mvn_swi_l2_onboardsvymom_20181208::2.0
P,urn:nasa:pds:maven.swia.calibrated:data.onboard_svy_mom:mvn_swi_l2_onboardsvymom_20181209::2.0
P,urn:nasa:pds:maven.swia.calibrated:data.onboard_svy_mom:mvn_swi_l2_onboardsvymom_20181210::2.0
P,urn:nasa:pds:maven.swia.calibrated:data.onboard_svy_mom:mvn_swi_l2_onboardsvymom_20181211::2.0
P,urn:nasa:pds:maven.swia.calibrated:data.onboard_svy_mom:mvn_swi_l2_onboardsvymom_20181212::2.0
P,urn:nasa:pds:maven.swia.calibrated:data.onboard_svy_mom:mvn_swi_l2_onboardsvymom_20181213::2.0
P,urn:nasa:pds:maven.swia.calibrated:data.onboard_svy_mom:mvn_swi_l2_onboardsvymom_20181214::2.0
P,urn:nasa:pds:maven.swia.calibrated:data.onboard_svy_mom:mvn_swi_l2_onboardsvymom_20181215::2.0
P,urn:nasa:pds:maven.swia.calibrated:data.onboard_svy_mom:mvn_swi_l2_onboardsvymom_20181216::2.0
P,urn:nasa:pds:maven.swia.calibrated:data.onboard_svy_mom:mvn_swi_l2_onboardsvymom_20181217::2.0
P,urn:nasa:pds:maven.swia.calibrated:data.onboard_svy_mom:mvn_swi_l2_onboardsvymom_20181218::2.0
P,urn:nasa:pds:maven.swia.calibrated:data.onboard_svy_mom:mvn_swi_l2_onboardsvymom_20181219::2.0
P,urn:nasa:pds:maven.swia.calibrated:data.onboard_svy_mom:mvn_swi_l2_onboardsvymom_20181220::2.0
P,urn:nasa:pds:maven.swia.calibrated:data.onboard_svy_mom:mvn_swi_l2_onboardsvymom_20181221::2.0
P,urn:nasa:pds:maven.swia.calibrated:data.onboard_svy_mom:mvn_swi_l2_onboardsvymom_20181222::2.0
P,urn:nasa:pds:maven.swia.calibrated:data.onboard_svy_mom:mvn_swi_l2_onboardsvymom_20181223::2.0
P,urn:nasa:pds:maven.swia.calibrated:data.onboard_svy_mom:mvn_swi_l2_onboardsvymom_20181224::2.0
P,urn:nasa:pds:maven.swia.calibrated:data.onboard_svy_mom:mvn_swi_l2_onboardsvymom_20181225::2.0
P,urn:nasa:pds:maven.swia.calibrated:data.onboard_svy_mom:mvn_swi_l2_onboardsvymom_20181226::2.0
P,urn:nasa:pds:maven.swia.calibrated:data.onboard_svy_mom:mvn_swi_l2_onboardsvymom_20181227::2.0
P,urn:nasa:pds:maven.swia.calibrated:data.onboard_svy_mom:mvn_swi_l2_onboardsvymom_20181228::2.0
P,urn:nasa:pds:maven.swia.calibrated:data.onboard_svy_mom:mvn_swi_l2_onboardsvymom_20181229::2.0
P,urn:nasa:pds:maven.swia.calibrated:data.onboard_svy_mom:mvn_swi_l2_onboardsvymom_20181230::2.0
P,urn:nasa:pds:maven.swia.calibrated:data.onboard_svy_mom:mvn_swi_l2_onboardsvymom_20181231::2.0
P,urn:nasa:pds:maven.swia.calibrated:data.onboard_svy_mom:mvn_swi_l2_onboardsvymom_20190101::2.0
P,urn:nasa:pds:maven.swia.calibrated:data.onboard_svy_mom:mvn_swi_l2_onboardsvymom_20190102::2.0
P,urn:nasa:pds:maven.swia.calibrated:data.onboard_svy_mom:mvn_swi_l2_onboardsvymom_20190103::2.0
P,urn:nasa:pds:maven.swia.calibrated:data.onboard_svy_mom:mvn_swi_l2_onboardsvymom_20190104::2.0
P,urn:nasa:pds:maven.swia.calibrated:data.onboard_svy_mom:mvn_swi_l2_onboardsvymom_20190105::2.0
P,urn:nasa:pds:maven.swia.calibrated:data.onboard_svy_mom:mvn_swi_l2_onboardsvymom_20190106::2.0
P,urn:nasa:pds:maven.swia.calibrated:data.onboard_svy_mom:mvn_swi_l2_onboardsvymom_20190107::2.0
P,urn:nasa:pds:maven.swia.calibrated:data.onboard_svy_mom:mvn_swi_l2_onboardsvymom_20190108::2.0
P,urn:nasa:pds:maven.swia.calibrated:data.onboard_svy_mom:mvn_swi_l2_onboardsvymom_20190109::2.0
P,urn:nasa:pds:maven.swia.calibrated:data.onboard_svy_mom:mvn_swi_l2_onboardsvymom_20190110::2.0
P,urn:nasa:pds:maven.swia.calibrated:data.onboard_svy_mom:mvn_swi_l2_onboardsvymom_20190111::2.0
P,urn:nasa:pds:maven.swia.calibrated:data.onboard_svy_mom:mvn_swi_l2_onboardsvymom_20190112::2.0
P,urn:nasa:pds:maven.swia.calibrated:data.onboard_svy_mom:mvn_swi_l2_onboardsvymom_20190113::2.0
P,urn:nasa:pds:maven.swia.calibrated:data.onboard_svy_mom:mvn_swi_l2_onboardsvymom_20190114::2.0
P,urn:nasa:pds:maven.swia.calibrated:data.onboard_svy_mom:mvn_swi_l2_onboardsvymom_20190115::2.0
P,urn:nasa:pds:maven.swia.calibrated:data.onboard_svy_mom:mvn_swi_l2_onboardsvymom_20190116::2.0
P,urn:nasa:pds:maven.swia.calibrated:data.onboard_svy_mom:mvn_swi_l2_onboardsvymom_20190117::2.0
P,urn:nasa:pds:maven.swia.calibrated:data.onboard_svy_mom:mvn_swi_l2_onboardsvymom_20190118::2.0
P,urn:nasa:pds:maven.swia.calibrated:data.onboard_svy_mom:mvn_swi_l2_onboardsvymom_20190119::2.0
P,urn:nasa:pds:maven.swia.calibrated:data.onboard_svy_mom:mvn_swi_l2_onboardsvymom_20190120::2.0
P,urn:nasa:pds:maven.swia.calibrated:data.onboard_svy_mom:mvn_swi_l2_onboardsvymom_20190121::2.0
P,urn:nasa:pds:maven.swia.calibrated:data.onboard_svy_mom:mvn_swi_l2_onboardsvymom_20190122::2.0
P,urn:nasa:pds:maven.swia.calibrated:data.onboard_svy_mom:mvn_swi_l2_onboardsvymom_20190123::2.0
P,urn:nasa:pds:maven.swia.calibrated:data.onboard_svy_mom:mvn_swi_l2_onboardsvymom_20190124::2.0
P,urn:nasa:pds:maven.swia.calibrated:data.onboard_svy_mom:mvn_swi_l2_onboardsvymom_20190125::2.0
P,urn:nasa:pds:maven.swia.calibrated:data.onboard_svy_mom:mvn_swi_l2_onboardsvymom_20190126::2.0
P,urn:nasa:pds:maven.swia.calibrated:data.onboard_svy_mom:mvn_swi_l2_onboardsvymom_20190127::2.0
P,urn:nasa:pds:maven.swia.calibrated:data.onboard_svy_mom:mvn_swi_l2_onboardsvymom_20190128::2.0
P,urn:nasa:pds:maven.swia.calibrated:data.onboard_svy_mom:mvn_swi_l2_onboardsvymom_20190129::2.0
P,urn:nasa:pds:maven.swia.calibrated:data.onboard_svy_mom:mvn_swi_l2_onboardsvymom_20190130::2.0
P,urn:nasa:pds:maven.swia.calibrated:data.onboard_svy_mom:mvn_swi_l2_onboardsvymom_20190131::2.0
P,urn:nasa:pds:maven.swia.calibrated:data.onboard_svy_mom:mvn_swi_l2_onboardsvymom_20190201::2.0
P,urn:nasa:pds:maven.swia.calibrated:data.onboard_svy_mom:mvn_swi_l2_onboardsvymom_20190202::2.0
P,urn:nasa:pds:maven.swia.calibrated:data.onboard_svy_mom:mvn_swi_l2_onboardsvymom_20190203::2.0
P,urn:nasa:pds:maven.swia.calibrated:data.onboard_svy_mom:mvn_swi_l2_onboardsvymom_20190204::2.0
P,urn:nasa:pds:maven.swia.calibrated:data.onboard_svy_mom:mvn_swi_l2_onboardsvymom_20190205::2.0
P,urn:nasa:pds:maven.swia.calibrated:data.onboard_svy_mom:mvn_swi_l2_onboardsvymom_20190206::2.0
P,urn:nasa:pds:maven.swia.calibrated:data.onboard_svy_mom:mvn_swi_l2_onboardsvymom_20190207::2.0
P,urn:nasa:pds:maven.swia.calibrated:data.onboard_svy_mom:mvn_swi_l2_onboardsvymom_20190208::2.0
P,urn:nasa:pds:maven.swia.calibrated:data.onboard_svy_mom:mvn_swi_l2_onboardsvymom_20190209::2.0
P,urn:nasa:pds:maven.swia.calibrated:data.onboard_svy_mom:mvn_swi_l2_onboardsvymom_20190210::2.0
P,urn:nasa:pds:maven.swia.calibrated:data.onboard_svy_mom:mvn_swi_l2_onboardsvymom_20190211::2.0
P,urn:nasa:pds:maven.swia.calibrated:data.onboard_svy_mom:mvn_swi_l2_onboardsvymom_20190212::2.0
P,urn:nasa:pds:maven.swia.calibrated:data.onboard_svy_mom:mvn_swi_l2_onboardsvymom_20190213::2.0
P,urn:nasa:pds:maven.swia.calibrated:data.onboard_svy_mom:mvn_swi_l2_onboardsvymom_20190214::2.0
P,urn:nasa:pds:maven.swia.calibrated:data.onboard_svy_mom:mvn_swi_l2_onboardsvymom_20190215::2.0
P,urn:nasa:pds:maven.swia.calibrated:data.onboard_svy_mom:mvn_swi_l2_onboardsvymom_20190216::2.0
P,urn:nasa:pds:maven.swia.calibrated:data.onboard_svy_mom:mvn_swi_l2_onboardsvymom_20190217::2.0
P,urn:nasa:pds:maven.swia.calibrated:data.onboard_svy_mom:mvn_swi_l2_onboardsvymom_20190218::2.0
P,urn:nasa:pds:maven.swia.calibrated:data.onboard_svy_mom:mvn_swi_l2_onboardsvymom_20190219::2.0
P,urn:nasa:pds:maven.swia.calibrated:data.onboard_svy_mom:mvn_swi_l2_onboardsvymom_20190220::2.0
P,urn:nasa:pds:maven.swia.calibrated:data.onboard_svy_mom:mvn_swi_l2_onboardsvymom_20190221::2.0
P,urn:nasa:pds:maven.swia.calibrated:data.onboard_svy_mom:mvn_swi_l2_onboardsvymom_20190222::2.0
P,urn:nasa:pds:maven.swia.calibrated:data.onboard_svy_mom:mvn_swi_l2_onboardsvymom_20190223::2.0
P,urn:nasa:pds:maven.swia.calibrated:data.onboard_svy_mom:mvn_swi_l2_onboardsvymom_20190224::2.0
P,urn:nasa:pds:maven.swia.calibrated:data.onboard_svy_mom:mvn_swi_l2_onboardsvymom_20190225::2.0
P,urn:nasa:pds:maven.swia.calibrated:data.onboard_svy_mom:mvn_swi_l2_onboardsvymom_20190226::2.0
P,urn:nasa:pds:maven.swia.calibrated:data.onboard_svy_mom:mvn_swi_l2_onboardsvymom_20190227::2.0
P,urn:nasa:pds:maven.swia.calibrated:data.onboard_svy_mom:mvn_swi_l2_onboardsvymom_20190228::2.0
P,urn:nasa:pds:maven.swia.calibrated:data.onboard_svy_mom:mvn_swi_l2_onboardsvymom_20190301::2.0
P,urn:nasa:pds:maven.swia.calibrated:data.onboard_svy_mom:mvn_swi_l2_onboardsvymom_20190302::2.0
P,urn:nasa:pds:maven.swia.calibrated:data.onboard_svy_mom:mvn_swi_l2_onboardsvymom_20190303::2.0
P,urn:nasa:pds:maven.swia.calibrated:data.onboard_svy_mom:mvn_swi_l2_onboardsvymom_20190304::2.0
P,urn:nasa:pds:maven.swia.calibrated:data.onboard_svy_mom:mvn_swi_l2_onboardsvymom_20190305::2.0
P,urn:nasa:pds:maven.swia.calibrated:data.onboard_svy_mom:mvn_swi_l2_onboardsvymom_20190306::2.0
P,urn:nasa:pds:maven.swia.calibrated:data.onboard_svy_mom:mvn_swi_l2_onboardsvymom_20190307::2.0
P,urn:nasa:pds:maven.swia.calibrated:data.onboard_svy_mom:mvn_swi_l2_onboardsvymom_20190308::2.0
P,urn:nasa:pds:maven.swia.calibrated:data.onboard_svy_mom:mvn_swi_l2_onboardsvymom_20190309::2.0
P,urn:nasa:pds:maven.swia.calibrated:data.onboard_svy_mom:mvn_swi_l2_onboardsvymom_20190310::2.0
P,urn:nasa:pds:maven.swia.calibrated:data.onboard_svy_mom:mvn_swi_l2_onboardsvymom_20190311::2.0
P,urn:nasa:pds:maven.swia.calibrated:data.onboard_svy_mom:mvn_swi_l2_onboardsvymom_20190312::2.0
P,urn:nasa:pds:maven.swia.calibrated:data.onboard_svy_mom:mvn_swi_l2_onboardsvymom_20190313::2.0
P,urn:nasa:pds:maven.swia.calibrated:data.onboard_svy_mom:mvn_swi_l2_onboardsvymom_20190314::2.0
P,urn:nasa:pds:maven.swia.calibrated:data.onboard_svy_mom:mvn_swi_l2_onboardsvymom_20190315::2.0
P,urn:nasa:pds:maven.swia.calibrated:data.onboard_svy_mom:mvn_swi_l2_onboardsvymom_20190316::2.0
P,urn:nasa:pds:maven.swia.calibrated:data.onboard_svy_mom:mvn_swi_l2_onboardsvymom_20190317::2.0
P,urn:nasa:pds:maven.swia.calibrated:data.onboard_svy_mom:mvn_swi_l2_onboardsvymom_20190318::2.0
P,urn:nasa:pds:maven.swia.calibrated:data.onboard_svy_mom:mvn_swi_l2_onboardsvymom_20190319::2.0
P,urn:nasa:pds:maven.swia.calibrated:data.onboard_svy_mom:mvn_swi_l2_onboardsvymom_20190320::2.0
P,urn:nasa:pds:maven.swia.calibrated:data.onboard_svy_mom:mvn_swi_l2_onboardsvymom_20190321::2.0
P,urn:nasa:pds:maven.swia.calibrated:data.onboard_svy_mom:mvn_swi_l2_onboardsvymom_20190322::2.0
P,urn:nasa:pds:maven.swia.calibrated:data.onboard_svy_mom:mvn_swi_l2_onboardsvymom_20190323::2.0
P,urn:nasa:pds:maven.swia.calibrated:data.onboard_svy_mom:mvn_swi_l2_onboardsvymom_20190324::2.0
P,urn:nasa:pds:maven.swia.calibrated:data.onboard_svy_mom:mvn_swi_l2_onboardsvymom_20190325::2.0
P,urn:nasa:pds:maven.swia.calibrated:data.onboard_svy_mom:mvn_swi_l2_onboardsvymom_20190326::2.0
P,urn:nasa:pds:maven.swia.calibrated:data.onboard_svy_mom:mvn_swi_l2_onboardsvymom_20190327::2.0
P,urn:nasa:pds:maven.swia.calibrated:data.onboard_svy_mom:mvn_swi_l2_onboardsvymom_20190328::2.0
P,urn:nasa:pds:maven.swia.calibrated:data.onboard_svy_mom:mvn_swi_l2_onboardsvymom_20190329::2.0
P,urn:nasa:pds:maven.swia.calibrated:data.onboard_svy_mom:mvn_swi_l2_onboardsvymom_20190330::2.0
P,urn:nasa:pds:maven.swia.calibrated:data.onboard_svy_mom:mvn_swi_l2_onboardsvymom_20190331::2.0
P,urn:nasa:pds:maven.swia.calibrated:data.onboard_svy_mom:mvn_swi_l2_onboardsvymom_20190401::2.0
P,urn:nasa:pds:maven.swia.calibrated:data.onboard_svy_mom:mvn_swi_l2_onboardsvymom_20190402::2.0
P,urn:nasa:pds:maven.swia.calibrated:data.onboard_svy_mom:mvn_swi_l2_onboardsvymom_20190403::2.0
P,urn:nasa:pds:maven.swia.calibrated:data.onboard_svy_mom:mvn_swi_l2_onboardsvymom_20190404::2.0
P,urn:nasa:pds:maven.swia.calibrated:data.onboard_svy_mom:mvn_swi_l2_onboardsvymom_20190405::2.0
P,urn:nasa:pds:maven.swia.calibrated:data.onboard_svy_mom:mvn_swi_l2_onboardsvymom_20190406::2.0
P,urn:nasa:pds:maven.swia.calibrated:data.onboard_svy_mom:mvn_swi_l2_onboardsvymom_20190407::2.0
P,urn:nasa:pds:maven.swia.calibrated:data.onboard_svy_mom:mvn_swi_l2_onboardsvymom_20190408::2.0
P,urn:nasa:pds:maven.swia.calibrated:data.onboard_svy_mom:mvn_swi_l2_onboardsvymom_20190409::2.0
P,urn:nasa:pds:maven.swia.calibrated:data.onboard_svy_mom:mvn_swi_l2_onboardsvymom_20190410::2.0
P,urn:nasa:pds:maven.swia.calibrated:data.onboard_svy_mom:mvn_swi_l2_onboardsvymom_20190411::2.0
P,urn:nasa:pds:maven.swia.calibrated:data.onboard_svy_mom:mvn_swi_l2_onboardsvymom_20190412::2.0
P,urn:nasa:pds:maven.swia.calibrated:data.onboard_svy_mom:mvn_swi_l2_onboardsvymom_20190413::2.0
P,urn:nasa:pds:maven.swia.calibrated:data.onboard_svy_mom:mvn_swi_l2_onboardsvymom_20190414::2.0
P,urn:nasa:pds:maven.swia.calibrated:data.onboard_svy_mom:mvn_swi_l2_onboardsvymom_20190415::2.0
P,urn:nasa:pds:maven.swia.calibrated:data.onboard_svy_mom:mvn_swi_l2_onboardsvymom_20190416::2.0
P,urn:nasa:pds:maven.swia.calibrated:data.onboard_svy_mom:mvn_swi_l2_onboardsvymom_20190417::2.0
P,urn:nasa:pds:maven.swia.calibrated:data.onboard_svy_mom:mvn_swi_l2_onboardsvymom_20190418::2.0
P,urn:nasa:pds:maven.swia.calibrated:data.onboard_svy_mom:mvn_swi_l2_onboardsvymom_20190419::2.0
P,urn:nasa:pds:maven.swia.calibrated:data.onboard_svy_mom:mvn_swi_l2_onboardsvymom_20190420::2.0
P,urn:nasa:pds:maven.swia.calibrated:data.onboard_svy_mom:mvn_swi_l2_onboardsvymom_20190421::2.0
P,urn:nasa:pds:maven.swia.calibrated:data.onboard_svy_mom:mvn_swi_l2_onboardsvymom_20190422::2.0
P,urn:nasa:pds:maven.swia.calibrated:data.onboard_svy_mom:mvn_swi_l2_onboardsvymom_20190423::2.0
P,urn:nasa:pds:maven.swia.calibrated:data.onboard_svy_mom:mvn_swi_l2_onboardsvymom_20190424::2.0
P,urn:nasa:pds:maven.swia.calibrated:data.onboard_svy_mom:mvn_swi_l2_onboardsvymom_20190425::2.0
P,urn:nasa:pds:maven.swia.calibrated:data.onboard_svy_mom:mvn_swi_l2_onboardsvymom_20190426::2.0
P,urn:nasa:pds:maven.swia.calibrated:data.onboard_svy_mom:mvn_swi_l2_onboardsvymom_20190427::2.0
P,urn:nasa:pds:maven.swia.calibrated:data.onboard_svy_mom:mvn_swi_l2_onboardsvymom_20190428::2.0
P,urn:nasa:pds:maven.swia.calibrated:data.onboard_svy_mom:mvn_swi_l2_onboardsvymom_20190429::2.0
P,urn:nasa:pds:maven.swia.calibrated:data.onboard_svy_mom:mvn_swi_l2_onboardsvymom_20190430::2.0
P,urn:nasa:pds:maven.swia.calibrated:data.onboard_svy_mom:mvn_swi_l2_onboardsvymom_20190501::2.0
P,urn:nasa:pds:maven.swia.calibrated:data.onboard_svy_mom:mvn_swi_l2_onboardsvymom_20190502::2.0
P,urn:nasa:pds:maven.swia.calibrated:data.onboard_svy_mom:mvn_swi_l2_onboardsvymom_20190503::2.0
P,urn:nasa:pds:maven.swia.calibrated:data.onboard_svy_mom:mvn_swi_l2_onboardsvymom_20190504::2.0
P,urn:nasa:pds:maven.swia.calibrated:data.onboard_svy_mom:mvn_swi_l2_onboardsvymom_20190505::2.0
P,urn:nasa:pds:maven.swia.calibrated:data.onboard_svy_mom:mvn_swi_l2_onboardsvymom_20190506::2.0
P,urn:nasa:pds:maven.swia.calibrated:data.onboard_svy_mom:mvn_swi_l2_onboardsvymom_20190507::2.0
P,urn:nasa:pds:maven.swia.calibrated:data.onboard_svy_mom:mvn_swi_l2_onboardsvymom_20190508::2.0
P,urn:nasa:pds:maven.swia.calibrated:data.onboard_svy_mom:mvn_swi_l2_onboardsvymom_20190509::2.0
P,urn:nasa:pds:maven.swia.calibrated:data.onboard_svy_mom:mvn_swi_l2_onboardsvymom_20190510::2.0
P,urn:nasa:pds:maven.swia.calibrated:data.onboard_svy_mom:mvn_swi_l2_onboardsvymom_20190511::2.0
P,urn:nasa:pds:maven.swia.calibrated:data.onboard_svy_mom:mvn_swi_l2_onboardsvymom_20190512::2.0
P,urn:nasa:pds:maven.swia.calibrated:data.onboard_svy_mom:mvn_swi_l2_onboardsvymom_20190513::2.0
P,urn:nasa:pds:maven.swia.calibrated:data.onboard_svy_mom:mvn_swi_l2_onboardsvymom_20190514::2.0
P,urn:nasa:pds:maven.swia.calibrated:data.onboard_svy_mom:mvn_swi_l2_onboardsvymom_20190515::2.0
P,urn:nasa:pds:maven.swia.calibrated:data.onboard_svy_mom:mvn_swi_l2_onboardsvymom_20190516::2.0
P,urn:nasa:pds:maven.swia.calibrated:data.onboard_svy_mom:mvn_swi_l2_onboardsvymom_20190517::2.0
P,urn:nasa:pds:maven.swia.calibrated:data.onboard_svy_mom:mvn_swi_l2_onboardsvymom_20190518::2.0
P,urn:nasa:pds:maven.swia.calibrated:data.onboard_svy_mom:mvn_swi_l2_onboardsvymom_20190519::2.0
P,urn:nasa:pds:maven.swia.calibrated:data.onboard_svy_mom:mvn_swi_l2_onboardsvymom_20190520::2.0
P,urn:nasa:pds:maven.swia.calibrated:data.onboard_svy_mom:mvn_swi_l2_onboardsvymom_20190521::2.0
P,urn:nasa:pds:maven.swia.calibrated:data.onboard_svy_mom:mvn_swi_l2_onboardsvymom_20190522::2.0
P,urn:nasa:pds:maven.swia.calibrated:data.onboard_svy_mom:mvn_swi_l2_onboardsvymom_20190523::2.0
P,urn:nasa:pds:maven.swia.calibrated:data.onboard_svy_mom:mvn_swi_l2_onboardsvymom_20190524::2.0
P,urn:nasa:pds:maven.swia.calibrated:data.onboard_svy_mom:mvn_swi_l2_onboardsvymom_20190525::2.0
P,urn:nasa:pds:maven.swia.calibrated:data.onboard_svy_mom:mvn_swi_l2_onboardsvymom_20190526::2.0
P,urn:nasa:pds:maven.swia.calibrated:data.onboard_svy_mom:mvn_swi_l2_onboardsvymom_20190527::2.0
P,urn:nasa:pds:maven.swia.calibrated:data.onboard_svy_mom:mvn_swi_l2_onboardsvymom_20190528::2.0
P,urn:nasa:pds:maven.swia.calibrated:data.onboard_svy_mom:mvn_swi_l2_onboardsvymom_20190529::2.0
P,urn:nasa:pds:maven.swia.calibrated:data.onboard_svy_mom:mvn_swi_l2_onboardsvymom_20190530::2.0
P,urn:nasa:pds:maven.swia.calibrated:data.onboard_svy_mom:mvn_swi_l2_onboardsvymom_20190531::2.0
P,urn:nasa:pds:maven.swia.calibrated:data.onboard_svy_mom:mvn_swi_l2_onboardsvymom_20190601::2.0
P,urn:nasa:pds:maven.swia.calibrated:data.onboard_svy_mom:mvn_swi_l2_onboardsvymom_20190602::2.0
P,urn:nasa:pds:maven.swia.calibrated:data.onboard_svy_mom:mvn_swi_l2_onboardsvymom_20190603::2.0
P,urn:nasa:pds:maven.swia.calibrated:data.onboard_svy_mom:mvn_swi_l2_onboardsvymom_20190604::2.0
P,urn:nasa:pds:maven.swia.calibrated:data.onboard_svy_mom:mvn_swi_l2_onboardsvymom_20190605::2.0
P,urn:nasa:pds:maven.swia.calibrated:data.onboard_svy_mom:mvn_swi_l2_onboardsvymom_20190606::2.0
P,urn:nasa:pds:maven.swia.calibrated:data.onboard_svy_mom:mvn_swi_l2_onboardsvymom_20190607::2.0
P,urn:nasa:pds:maven.swia.calibrated:data.onboard_svy_mom:mvn_swi_l2_onboardsvymom_20190608::2.0
P,urn:nasa:pds:maven.swia.calibrated:data.onboard_svy_mom:mvn_swi_l2_onboardsvymom_20190609::2.0
P,urn:nasa:pds:maven.swia.calibrated:data.onboard_svy_mom:mvn_swi_l2_onboardsvymom_20190610::2.0
P,urn:nasa:pds:maven.swia.calibrated:data.onboard_svy_mom:mvn_swi_l2_onboardsvymom_20190611::2.0
P,urn:nasa:pds:maven.swia.calibrated:data.onboard_svy_mom:mvn_swi_l2_onboardsvymom_20190612::2.0
P,urn:nasa:pds:maven.swia.calibrated:data.onboard_svy_mom:mvn_swi_l2_onboardsvymom_20190613::2.0
P,urn:nasa:pds:maven.swia.calibrated:data.onboard_svy_mom:mvn_swi_l2_onboardsvymom_20190614::2.0
P,urn:nasa:pds:maven.swia.calibrated:data.onboard_svy_mom:mvn_swi_l2_onboardsvymom_20190615::2.0
P,urn:nasa:pds:maven.swia.calibrated:data.onboard_svy_mom:mvn_swi_l2_onboardsvymom_20190616::2.0
P,urn:nasa:pds:maven.swia.calibrated:data.onboard_svy_mom:mvn_swi_l2_onboardsvymom_20190617::2.0
P,urn:nasa:pds:maven.swia.calibrated:data.onboard_svy_mom:mvn_swi_l2_onboardsvymom_20190618::2.0
P,urn:nasa:pds:maven.swia.calibrated:data.onboard_svy_mom:mvn_swi_l2_onboardsvymom_20190619::2.0
P,urn:nasa:pds:maven.swia.calibrated:data.onboard_svy_mom:mvn_swi_l2_onboardsvymom_20190620::2.0
P,urn:nasa:pds:maven.swia.calibrated:data.onboard_svy_mom:mvn_swi_l2_onboardsvymom_20190621::2.0
P,urn:nasa:pds:maven.swia.calibrated:data.onboard_svy_mom:mvn_swi_l2_onboardsvymom_20190622::2.0
P,urn:nasa:pds:maven.swia.calibrated:data.onboard_svy_mom:mvn_swi_l2_onboardsvymom_20190623::2.0
P,urn:nasa:pds:maven.swia.calibrated:data.onboard_svy_mom:mvn_swi_l2_onboardsvymom_20190624::2.0
P,urn:nasa:pds:maven.swia.calibrated:data.onboard_svy_mom:mvn_swi_l2_onboardsvymom_20190625::2.0
P,urn:nasa:pds:maven.swia.calibrated:data.onboard_svy_mom:mvn_swi_l2_onboardsvymom_20190626::2.0
P,urn:nasa:pds:maven.swia.calibrated:data.onboard_svy_mom:mvn_swi_l2_onboardsvymom_20190627::2.0
P,urn:nasa:pds:maven.swia.calibrated:data.onboard_svy_mom:mvn_swi_l2_onboardsvymom_20190628::2.0
P,urn:nasa:pds:maven.swia.calibrated:data.onboard_svy_mom:mvn_swi_l2_onboardsvymom_20190629::2.0
P,urn:nasa:pds:maven.swia.calibrated:data.onboard_svy_mom:mvn_swi_l2_onboardsvymom_20190630::2.0
P,urn:nasa:pds:maven.swia.calibrated:data.onboard_svy_mom:mvn_swi_l2_onboardsvymom_20190701::2.0
P,urn:nasa:pds:maven.swia.calibrated:data.onboard_svy_mom:mvn_swi_l2_onboardsvymom_20190702::2.0
P,urn:nasa:pds:maven.swia.calibrated:data.onboard_svy_mom:mvn_swi_l2_onboardsvymom_20190703::2.0
P,urn:nasa:pds:maven.swia.calibrated:data.onboard_svy_mom:mvn_swi_l2_onboardsvymom_20190704::2.0
P,urn:nasa:pds:maven.swia.calibrated:data.onboard_svy_mom:mvn_swi_l2_onboardsvymom_20190705::2.0
P,urn:nasa:pds:maven.swia.calibrated:data.onboard_svy_mom:mvn_swi_l2_onboardsvymom_20190706::2.0
P,urn:nasa:pds:maven.swia.calibrated:data.onboard_svy_mom:mvn_swi_l2_onboardsvymom_20190707::2.0
P,urn:nasa:pds:maven.swia.calibrated:data.onboard_svy_mom:mvn_swi_l2_onboardsvymom_20190708::2.0
P,urn:nasa:pds:maven.swia.calibrated:data.onboard_svy_mom:mvn_swi_l2_onboardsvymom_20190709::2.0
P,urn:nasa:pds:maven.swia.calibrated:data.onboard_svy_mom:mvn_swi_l2_onboardsvymom_20190710::2.0
P,urn:nasa:pds:maven.swia.calibrated:data.onboard_svy_mom:mvn_swi_l2_onboardsvymom_20190711::2.0
P,urn:nasa:pds:maven.swia.calibrated:data.onboard_svy_mom:mvn_swi_l2_onboardsvymom_20190712::2.0
P,urn:nasa:pds:maven.swia.calibrated:data.onboard_svy_mom:mvn_swi_l2_onboardsvymom_20190713::2.0
P,urn:nasa:pds:maven.swia.calibrated:data.onboard_svy_mom:mvn_swi_l2_onboardsvymom_20190714::2.0
P,urn:nasa:pds:maven.swia.calibrated:data.onboard_svy_mom:mvn_swi_l2_onboardsvymom_20190715::2.0
P,urn:nasa:pds:maven.swia.calibrated:data.onboard_svy_mom:mvn_swi_l2_onboardsvymom_20190716::2.0
P,urn:nasa:pds:maven.swia.calibrated:data.onboard_svy_mom:mvn_swi_l2_onboardsvymom_20190717::2.0
P,urn:nasa:pds:maven.swia.calibrated:data.onboard_svy_mom:mvn_swi_l2_onboardsvymom_20190718::2.0
P,urn:nasa:pds:maven.swia.calibrated:data.onboard_svy_mom:mvn_swi_l2_onboardsvymom_20190719::2.0
P,urn:nasa:pds:maven.swia.calibrated:data.onboard_svy_mom:mvn_swi_l2_onboardsvymom_20190720::2.0
P,urn:nasa:pds:maven.swia.calibrated:data.onboard_svy_mom:mvn_swi_l2_onboardsvymom_20190721::2.0
P,urn:nasa:pds:maven.swia.calibrated:data.onboard_svy_mom:mvn_swi_l2_onboardsvymom_20190722::2.0
P,urn:nasa:pds:maven.swia.calibrated:data.onboard_svy_mom:mvn_swi_l2_onboardsvymom_20190723::2.0
P,urn:nasa:pds:maven.swia.calibrated:data.onboard_svy_mom:mvn_swi_l2_onboardsvymom_20190724::2.0
P,urn:nasa:pds:maven.swia.calibrated:data.onboard_svy_mom:mvn_swi_l2_onboardsvymom_20190725::2.0
P,urn:nasa:pds:maven.swia.calibrated:data.onboard_svy_mom:mvn_swi_l2_onboardsvymom_20190726::2.0
P,urn:nasa:pds:maven.swia.calibrated:data.onboard_svy_mom:mvn_swi_l2_onboardsvymom_20190727::2.0
P,urn:nasa:pds:maven.swia.calibrated:data.onboard_svy_mom:mvn_swi_l2_onboardsvymom_20190728::2.0
P,urn:nasa:pds:maven.swia.calibrated:data.onboard_svy_mom:mvn_swi_l2_onboardsvymom_20190729::2.0
P,urn:nasa:pds:maven.swia.calibrated:data.onboard_svy_mom:mvn_swi_l2_onboardsvymom_20190730::2.0
P,urn:nasa:pds:maven.swia.calibrated:data.onboard_svy_mom:mvn_swi_l2_onboardsvymom_20190731::2.0
P,urn:nasa:pds:maven.swia.calibrated:data.onboard_svy_mom:mvn_swi_l2_onboardsvymom_20190801::2.0
P,urn:nasa:pds:maven.swia.calibrated:data.onboard_svy_mom:mvn_swi_l2_onboardsvymom_20190802::2.0
P,urn:nasa:pds:maven.swia.calibrated:data.onboard_svy_mom:mvn_swi_l2_onboardsvymom_20190803::2.0
P,urn:nasa:pds:maven.swia.calibrated:data.onboard_svy_mom:mvn_swi_l2_onboardsvymom_20190804::2.0
P,urn:nasa:pds:maven.swia.calibrated:data.onboard_svy_mom:mvn_swi_l2_onboardsvymom_20190805::2.0
P,urn:nasa:pds:maven.swia.calibrated:data.onboard_svy_mom:mvn_swi_l2_onboardsvymom_20190806::2.0
P,urn:nasa:pds:maven.swia.calibrated:data.onboard_svy_mom:mvn_swi_l2_onboardsvymom_20190807::2.0
P,urn:nasa:pds:maven.swia.calibrated:data.onboard_svy_mom:mvn_swi_l2_onboardsvymom_20190808::2.0
P,urn:nasa:pds:maven.swia.calibrated:data.onboard_svy_mom:mvn_swi_l2_onboardsvymom_20190809::2.0
P,urn:nasa:pds:maven.swia.calibrated:data.onboard_svy_mom:mvn_swi_l2_onboardsvymom_20190810::2.0
P,urn:nasa:pds:maven.swia.calibrated:data.onboard_svy_mom:mvn_swi_l2_onboardsvymom_20190811::2.0
P,urn:nasa:pds:maven.swia.calibrated:data.onboard_svy_mom:mvn_swi_l2_onboardsvymom_20190812::2.0
P,urn:nasa:pds:maven.swia.calibrated:data.onboard_svy_mom:mvn_swi_l2_onboardsvymom_20190813::2.0
P,urn:nasa:pds:maven.swia.calibrated:data.onboard_svy_mom:mvn_swi_l2_onboardsvymom_20190814::2.0
P,urn:nasa:pds:maven.swia.calibrated:data.onboard_svy_mom:mvn_swi_l2_onboardsvymom_20190815::2.0
P,urn:nasa:pds:maven.swia.calibrated:data.onboard_svy_mom:mvn_swi_l2_onboardsvymom_20190816::2.0
P,urn:nasa:pds:maven.swia.calibrated:data.onboard_svy_mom:mvn_swi_l2_onboardsvymom_20190817::2.0
P,urn:nasa:pds:maven.swia.calibrated:data.onboard_svy_mom:mvn_swi_l2_onboardsvymom_20190818::2.0
P,urn:nasa:pds:maven.swia.calibrated:data.onboard_svy_mom:mvn_swi_l2_onboardsvymom_20190819::2.0
P,urn:nasa:pds:maven.swia.calibrated:data.onboard_svy_mom:mvn_swi_l2_onboardsvymom_20190820::2.0
P,urn:nasa:pds:maven.swia.calibrated:data.onboard_svy_mom:mvn_swi_l2_onboardsvymom_20190821::2.0
P,urn:nasa:pds:maven.swia.calibrated:data.onboard_svy_mom:mvn_swi_l2_onboardsvymom_20190822::2.0
P,urn:nasa:pds:maven.swia.calibrated:data.onboard_svy_mom:mvn_swi_l2_onboardsvymom_20190823::2.0
P,urn:nasa:pds:maven.swia.calibrated:data.onboard_svy_mom:mvn_swi_l2_onboardsvymom_20190824::2.0
P,urn:nasa:pds:maven.swia.calibrated:data.onboard_svy_mom:mvn_swi_l2_onboardsvymom_20190825::2.0
P,urn:nasa:pds:maven.swia.calibrated:data.onboard_svy_mom:mvn_swi_l2_onboardsvymom_20190826::2.0
P,urn:nasa:pds:maven.swia.calibrated:data.onboard_svy_mom:mvn_swi_l2_onboardsvymom_20190827::2.0
P,urn:nasa:pds:maven.swia.calibrated:data.onboard_svy_mom:mvn_swi_l2_onboardsvymom_20190828::2.0
P,urn:nasa:pds:maven.swia.calibrated:data.onboard_svy_mom:mvn_swi_l2_onboardsvymom_20190829::2.0
P,urn:nasa:pds:maven.swia.calibrated:data.onboard_svy_mom:mvn_swi_l2_onboardsvymom_20190830::2.0
P,urn:nasa:pds:maven.swia.calibrated:data.onboard_svy_mom:mvn_swi_l2_onboardsvymom_20190831::2.0
P,urn:nasa:pds:maven.swia.calibrated:data.onboard_svy_mom:mvn_swi_l2_onboardsvymom_20190901::2.0
P,urn:nasa:pds:maven.swia.calibrated:data.onboard_svy_mom:mvn_swi_l2_onboardsvymom_20190902::2.0
P,urn:nasa:pds:maven.swia.calibrated:data.onboard_svy_mom:mvn_swi_l2_onboardsvymom_20190903::2.0
P,urn:nasa:pds:maven.swia.calibrated:data.onboard_svy_mom:mvn_swi_l2_onboardsvymom_20190904::2.0
P,urn:nasa:pds:maven.swia.calibrated:data.onboard_svy_mom:mvn_swi_l2_onboardsvymom_20190912::2.0
P,urn:nasa:pds:maven.swia.calibrated:data.onboard_svy_mom:mvn_swi_l2_onboardsvymom_20190913::2.0
P,urn:nasa:pds:maven.swia.calibrated:data.onboard_svy_mom:mvn_swi_l2_onboardsvymom_20190914::2.0
P,urn:nasa:pds:maven.swia.calibrated:data.onboard_svy_mom:mvn_swi_l2_onboardsvymom_20190915::2.0
P,urn:nasa:pds:maven.swia.calibrated:data.onboard_svy_mom:mvn_swi_l2_onboardsvymom_20190916::2.0
P,urn:nasa:pds:maven.swia.calibrated:data.onboard_svy_mom:mvn_swi_l2_onboardsvymom_20190917::2.0
P,urn:nasa:pds:maven.swia.calibrated:data.onboard_svy_mom:mvn_swi_l2_onboardsvymom_20190918::2.0
P,urn:nasa:pds:maven.swia.calibrated:data.onboard_svy_mom:mvn_swi_l2_onboardsvymom_20190919::2.0
P,urn:nasa:pds:maven.swia.calibrated:data.onboard_svy_mom:mvn_swi_l2_onboardsvymom_20190920::2.0
P,urn:nasa:pds:maven.swia.calibrated:data.onboard_svy_mom:mvn_swi_l2_onboardsvymom_20190921::2.0
P,urn:nasa:pds:maven.swia.calibrated:data.onboard_svy_mom:mvn_swi_l2_onboardsvymom_20190922::2.0
P,urn:nasa:pds:maven.swia.calibrated:data.onboard_svy_mom:mvn_swi_l2_onboardsvymom_20190923::2.0
P,urn:nasa:pds:maven.swia.calibrated:data.onboard_svy_mom:mvn_swi_l2_onboardsvymom_20190924::2.0
P,urn:nasa:pds:maven.swia.calibrated:data.onboard_svy_mom:mvn_swi_l2_onboardsvymom_20190925::2.0
P,urn:nasa:pds:maven.swia.calibrated:data.onboard_svy_mom:mvn_swi_l2_onboardsvymom_20190926::2.0
P,urn:nasa:pds:maven.swia.calibrated:data.onboard_svy_mom:mvn_swi_l2_onboardsvymom_20190927::2.0
P,urn:nasa:pds:maven.swia.calibrated:data.onboard_svy_mom:mvn_swi_l2_onboardsvymom_20190928::2.0
P,urn:nasa:pds:maven.swia.calibrated:data.onboard_svy_mom:mvn_swi_l2_onboardsvymom_20190929::2.0
P,urn:nasa:pds:maven.swia.calibrated:data.onboard_svy_mom:mvn_swi_l2_onboardsvymom_20190930::2.0
P,urn:nasa:pds:maven.swia.calibrated:data.onboard_svy_mom:mvn_swi_l2_onboardsvymom_20191001::2.0
P,urn:nasa:pds:maven.swia.calibrated:data.onboard_svy_mom:mvn_swi_l2_onboardsvymom_20191002::2.0
P,urn:nasa:pds:maven.swia.calibrated:data.onboard_svy_mom:mvn_swi_l2_onboardsvymom_20191003::2.0
P,urn:nasa:pds:maven.swia.calibrated:data.onboard_svy_mom:mvn_swi_l2_onboardsvymom_20191004::2.0
P,urn:nasa:pds:maven.swia.calibrated:data.onboard_svy_mom:mvn_swi_l2_onboardsvymom_20191005::2.0
P,urn:nasa:pds:maven.swia.calibrated:data.onboard_svy_mom:mvn_swi_l2_onboardsvymom_20191006::2.0
P,urn:nasa:pds:maven.swia.calibrated:data.onboard_svy_mom:mvn_swi_l2_onboardsvymom_20191007::2.0
P,urn:nasa:pds:maven.swia.calibrated:data.onboard_svy_mom:mvn_swi_l2_onboardsvymom_20191008::2.0
P,urn:nasa:pds:maven.swia.calibrated:data.onboard_svy_mom:mvn_swi_l2_onboardsvymom_20191009::2.0
P,urn:nasa:pds:maven.swia.calibrated:data.onboard_svy_mom:mvn_swi_l2_onboardsvymom_20191010::2.0
P,urn:nasa:pds:maven.swia.calibrated:data.onboard_svy_mom:mvn_swi_l2_onboardsvymom_20191011::2.0
P,urn:nasa:pds:maven.swia.calibrated:data.onboard_svy_mom:mvn_swi_l2_onboardsvymom_20191012::2.0
P,urn:nasa:pds:maven.swia.calibrated:data.onboard_svy_mom:mvn_swi_l2_onboardsvymom_20191013::2.0
P,urn:nasa:pds:maven.swia.calibrated:data.onboard_svy_mom:mvn_swi_l2_onboardsvymom_20191014::2.0
P,urn:nasa:pds:maven.swia.calibrated:data.onboard_svy_mom:mvn_swi_l2_onboardsvymom_20191015::2.0
P,urn:nasa:pds:maven.swia.calibrated:data.onboard_svy_mom:mvn_swi_l2_onboardsvymom_20191016::2.0
P,urn:nasa:pds:maven.swia.calibrated:data.onboard_svy_mom:mvn_swi_l2_onboardsvymom_20191017::2.0
P,urn:nasa:pds:maven.swia.calibrated:data.onboard_svy_mom:mvn_swi_l2_onboardsvymom_20191018::2.0
P,urn:nasa:pds:maven.swia.calibrated:data.onboard_svy_mom:mvn_swi_l2_onboardsvymom_20191019::2.0
P,urn:nasa:pds:maven.swia.calibrated:data.onboard_svy_mom:mvn_swi_l2_onboardsvymom_20191020::2.0
P,urn:nasa:pds:maven.swia.calibrated:data.onboard_svy_mom:mvn_swi_l2_onboardsvymom_20191021::2.0
P,urn:nasa:pds:maven.swia.calibrated:data.onboard_svy_mom:mvn_swi_l2_onboardsvymom_20191022::2.0
P,urn:nasa:pds:maven.swia.calibrated:data.onboard_svy_mom:mvn_swi_l2_onboardsvymom_20191023::2.0
P,urn:nasa:pds:maven.swia.calibrated:data.onboard_svy_mom:mvn_swi_l2_onboardsvymom_20191024::2.0
P,urn:nasa:pds:maven.swia.calibrated:data.onboard_svy_mom:mvn_swi_l2_onboardsvymom_20191025::2.0
P,urn:nasa:pds:maven.swia.calibrated:data.onboard_svy_mom:mvn_swi_l2_onboardsvymom_20191026::2.0
P,urn:nasa:pds:maven.swia.calibrated:data.onboard_svy_mom:mvn_swi_l2_onboardsvymom_20191027::2.0
P,urn:nasa:pds:maven.swia.calibrated:data.onboard_svy_mom:mvn_swi_l2_onboardsvymom_20191028::2.0
P,urn:nasa:pds:maven.swia.calibrated:data.onboard_svy_mom:mvn_swi_l2_onboardsvymom_20191029::2.0
P,urn:nasa:pds:maven.swia.calibrated:data.onboard_svy_mom:mvn_swi_l2_onboardsvymom_20191030::2.0
P,urn:nasa:pds:maven.swia.calibrated:data.onboard_svy_mom:mvn_swi_l2_onboardsvymom_20191031::2.0
P,urn:nasa:pds:maven.swia.calibrated:data.onboard_svy_mom:mvn_swi_l2_onboardsvymom_20191101::2.0
P,urn:nasa:pds:maven.swia.calibrated:data.onboard_svy_mom:mvn_swi_l2_onboardsvymom_20191102::2.0
P,urn:nasa:pds:maven.swia.calibrated:data.onboard_svy_mom:mvn_swi_l2_onboardsvymom_20191103::2.0
P,urn:nasa:pds:maven.swia.calibrated:data.onboard_svy_mom:mvn_swi_l2_onboardsvymom_20191104::2.0
P,urn:nasa:pds:maven.swia.calibrated:data.onboard_svy_mom:mvn_swi_l2_onboardsvymom_20191105::2.0
P,urn:nasa:pds:maven.swia.calibrated:data.onboard_svy_mom:mvn_swi_l2_onboardsvymom_20191106::2.0
P,urn:nasa:pds:maven.swia.calibrated:data.onboard_svy_mom:mvn_swi_l2_onboardsvymom_20191107::2.0
P,urn:nasa:pds:maven.swia.calibrated:data.onboard_svy_mom:mvn_swi_l2_onboardsvymom_20191108::2.0
P,urn:nasa:pds:maven.swia.calibrated:data.onboard_svy_mom:mvn_swi_l2_onboardsvymom_20191109::2.0
P,urn:nasa:pds:maven.swia.calibrated:data.onboard_svy_mom:mvn_swi_l2_onboardsvymom_20191110::2.0
P,urn:nasa:pds:maven.swia.calibrated:data.onboard_svy_mom:mvn_swi_l2_onboardsvymom_20191111::2.0
P,urn:nasa:pds:maven.swia.calibrated:data.onboard_svy_mom:mvn_swi_l2_onboardsvymom_20191112::2.0
P,urn:nasa:pds:maven.swia.calibrated:data.onboard_svy_mom:mvn_swi_l2_onboardsvymom_20191113::2.0
P,urn:nasa:pds:maven.swia.calibrated:data.onboard_svy_mom:mvn_swi_l2_onboardsvymom_20191114::2.0
P,urn:nasa:pds:maven.swia.calibrated:data.onboard_svy_mom:mvn_swi_l2_onboardsvymom_20191115::2.0
P,urn:nasa:pds:maven.swia.calibrated:data.onboard_svy_mom:mvn_swi_l2_onboardsvymom_20191116::2.0
P,urn:nasa:pds:maven.swia.calibrated:data.onboard_svy_mom:mvn_swi_l2_onboardsvymom_20191117::2.0
P,urn:nasa:pds:maven.swia.calibrated:data.onboard_svy_mom:mvn_swi_l2_onboardsvymom_20191118::2.0
P,urn:nasa:pds:maven.swia.calibrated:data.onboard_svy_mom:mvn_swi_l2_onboardsvymom_20191119::2.0
P,urn:nasa:pds:maven.swia.calibrated:data.onboard_svy_mom:mvn_swi_l2_onboardsvymom_20191120::2.0
P,urn:nasa:pds:maven.swia.calibrated:data.onboard_svy_mom:mvn_swi_l2_onboardsvymom_20191121::2.0
P,urn:nasa:pds:maven.swia.calibrated:data.onboard_svy_mom:mvn_swi_l2_onboardsvymom_20191122::2.0
P,urn:nasa:pds:maven.swia.calibrated:data.onboard_svy_mom:mvn_swi_l2_onboardsvymom_20191123::2.0
P,urn:nasa:pds:maven.swia.calibrated:data.onboard_svy_mom:mvn_swi_l2_onboardsvymom_20191124::2.0
P,urn:nasa:pds:maven.swia.calibrated:data.onboard_svy_mom:mvn_swi_l2_onboardsvymom_20191125::2.0
P,urn:nasa:pds:maven.swia.calibrated:data.onboard_svy_mom:mvn_swi_l2_onboardsvymom_20191126::2.0
P,urn:nasa:pds:maven.swia.calibrated:data.onboard_svy_mom:mvn_swi_l2_onboardsvymom_20191127::2.0
P,urn:nasa:pds:maven.swia.calibrated:data.onboard_svy_mom:mvn_swi_l2_onboardsvymom_20191128::2.0
P,urn:nasa:pds:maven.swia.calibrated:data.onboard_svy_mom:mvn_swi_l2_onboardsvymom_20191129::2.0
P,urn:nasa:pds:maven.swia.calibrated:data.onboard_svy_mom:mvn_swi_l2_onboardsvymom_20191130::2.0
P,urn:nasa:pds:maven.swia.calibrated:data.onboard_svy_mom:mvn_swi_l2_onboardsvymom_20191201::2.0
P,urn:nasa:pds:maven.swia.calibrated:data.onboard_svy_mom:mvn_swi_l2_onboardsvymom_20191202::2.0
P,urn:nasa:pds:maven.swia.calibrated:data.onboard_svy_mom:mvn_swi_l2_onboardsvymom_20191203::2.0
P,urn:nasa:pds:maven.swia.calibrated:data.onboard_svy_mom:mvn_swi_l2_onboardsvymom_20191204::2.0
P,urn:nasa:pds:maven.swia.calibrated:data.onboard_svy_mom:mvn_swi_l2_onboardsvymom_20191205::2.0
P,urn:nasa:pds:maven.swia.calibrated:data.onboard_svy_mom:mvn_swi_l2_onboardsvymom_20191206::2.0
P,urn:nasa:pds:maven.swia.calibrated:data.onboard_svy_mom:mvn_swi_l2_onboardsvymom_20191207::2.0
P,urn:nasa:pds:maven.swia.calibrated:data.onboard_svy_mom:mvn_swi_l2_onboardsvymom_20191208::2.0
P,urn:nasa:pds:maven.swia.calibrated:data.onboard_svy_mom:mvn_swi_l2_onboardsvymom_20191209::2.0
P,urn:nasa:pds:maven.swia.calibrated:data.onboard_svy_mom:mvn_swi_l2_onboardsvymom_20191210::2.0
P,urn:nasa:pds:maven.swia.calibrated:data.onboard_svy_mom:mvn_swi_l2_onboardsvymom_20191211::2.0
P,urn:nasa:pds:maven.swia.calibrated:data.onboard_svy_mom:mvn_swi_l2_onboardsvymom_20191212::2.0
P,urn:nasa:pds:maven.swia.calibrated:data.onboard_svy_mom:mvn_swi_l2_onboardsvymom_20191213::2.0
P,urn:nasa:pds:maven.swia.calibrated:data.onboard_svy_mom:mvn_swi_l2_onboardsvymom_20191214::2.0
P,urn:nasa:pds:maven.swia.calibrated:data.onboard_svy_mom:mvn_swi_l2_onboardsvymom_20191215::2.0
P,urn:nasa:pds:maven.swia.calibrated:data.onboard_svy_mom:mvn_swi_l2_onboardsvymom_20191216::2.0
P,urn:nasa:pds:maven.swia.calibrated:data.onboard_svy_mom:mvn_swi_l2_onboardsvymom_20191217::2.0
P,urn:nasa:pds:maven.swia.calibrated:data.onboard_svy_mom:mvn_swi_l2_onboardsvymom_20191218::2.0
P,urn:nasa:pds:maven.swia.calibrated:data.onboard_svy_mom:mvn_swi_l2_onboardsvymom_20191219::2.0
P,urn:nasa:pds:maven.swia.calibrated:data.onboard_svy_mom:mvn_swi_l2_onboardsvymom_20191220::2.0
P,urn:nasa:pds:maven.swia.calibrated:data.onboard_svy_mom:mvn_swi_l2_onboardsvymom_20191221::2.0
P,urn:nasa:pds:maven.swia.calibrated:data.onboard_svy_mom:mvn_swi_l2_onboardsvymom_20191222::2.0
P,urn:nasa:pds:maven.swia.calibrated:data.onboard_svy_mom:mvn_swi_l2_onboardsvymom_20191223::2.0
P,urn:nasa:pds:maven.swia.calibrated:data.onboard_svy_mom:mvn_swi_l2_onboardsvymom_20191224::2.0
P,urn:nasa:pds:maven.swia.calibrated:data.onboard_svy_mom:mvn_swi_l2_onboardsvymom_20191225::2.0
P,urn:nasa:pds:maven.swia.calibrated:data.onboard_svy_mom:mvn_swi_l2_onboardsvymom_20191226::2.0
P,urn:nasa:pds:maven.swia.calibrated:data.onboard_svy_mom:mvn_swi_l2_onboardsvymom_20191227::2.0
P,urn:nasa:pds:maven.swia.calibrated:data.onboard_svy_mom:mvn_swi_l2_onboardsvymom_20191228::2.0
P,urn:nasa:pds:maven.swia.calibrated:data.onboard_svy_mom:mvn_swi_l2_onboardsvymom_20191229::2.0
P,urn:nasa:pds:maven.swia.calibrated:data.onboard_svy_mom:mvn_swi_l2_onboardsvymom_20191230::2.0
P,urn:nasa:pds:maven.swia.calibrated:data.onboard_svy_mom:mvn_swi_l2_onboardsvymom_20191231::2.0
P,urn:nasa:pds:maven.swia.calibrated:data.onboard_svy_mom:mvn_swi_l2_onboardsvymom_20200101::2.0
P,urn:nasa:pds:maven.swia.calibrated:data.onboard_svy_mom:mvn_swi_l2_onboardsvymom_20200102::2.0
P,urn:nasa:pds:maven.swia.calibrated:data.onboard_svy_mom:mvn_swi_l2_onboardsvymom_20200103::2.0
P,urn:nasa:pds:maven.swia.calibrated:data.onboard_svy_mom:mvn_swi_l2_onboardsvymom_20200104::2.0
P,urn:nasa:pds:maven.swia.calibrated:data.onboard_svy_mom:mvn_swi_l2_onboardsvymom_20200105::2.0
P,urn:nasa:pds:maven.swia.calibrated:data.onboard_svy_mom:mvn_swi_l2_onboardsvymom_20200106::2.0
P,urn:nasa:pds:maven.swia.calibrated:data.onboard_svy_mom:mvn_swi_l2_onboardsvymom_20200107::2.0
P,urn:nasa:pds:maven.swia.calibrated:data.onboard_svy_mom:mvn_swi_l2_onboardsvymom_20200108::2.0
P,urn:nasa:pds:maven.swia.calibrated:data.onboard_svy_mom:mvn_swi_l2_onboardsvymom_20200109::2.0
P,urn:nasa:pds:maven.swia.calibrated:data.onboard_svy_mom:mvn_swi_l2_onboardsvymom_20200110::2.0
P,urn:nasa:pds:maven.swia.calibrated:data.onboard_svy_mom:mvn_swi_l2_onboardsvymom_20200111::2.0
P,urn:nasa:pds:maven.swia.calibrated:data.onboard_svy_mom:mvn_swi_l2_onboardsvymom_20200112::2.0
P,urn:nasa:pds:maven.swia.calibrated:data.onboard_svy_mom:mvn_swi_l2_onboardsvymom_20200113::2.0
P,urn:nasa:pds:maven.swia.calibrated:data.onboard_svy_mom:mvn_swi_l2_onboardsvymom_20200114::2.0
P,urn:nasa:pds:maven.swia.calibrated:data.onboard_svy_mom:mvn_swi_l2_onboardsvymom_20200115::2.0
P,urn:nasa:pds:maven.swia.calibrated:data.onboard_svy_mom:mvn_swi_l2_onboardsvymom_20200116::2.0
P,urn:nasa:pds:maven.swia.calibrated:data.onboard_svy_mom:mvn_swi_l2_onboardsvymom_20200117::2.0
P,urn:nasa:pds:maven.swia.calibrated:data.onboard_svy_mom:mvn_swi_l2_onboardsvymom_20200118::2.0
P,urn:nasa:pds:maven.swia.calibrated:data.onboard_svy_mom:mvn_swi_l2_onboardsvymom_20200119::2.0
P,urn:nasa:pds:maven.swia.calibrated:data.onboard_svy_mom:mvn_swi_l2_onboardsvymom_20200120::2.0
P,urn:nasa:pds:maven.swia.calibrated:data.onboard_svy_mom:mvn_swi_l2_onboardsvymom_20200121::2.0
P,urn:nasa:pds:maven.swia.calibrated:data.onboard_svy_mom:mvn_swi_l2_onboardsvymom_20200122::2.0
P,urn:nasa:pds:maven.swia.calibrated:data.onboard_svy_mom:mvn_swi_l2_onboardsvymom_20200123::2.0
P,urn:nasa:pds:maven.swia.calibrated:data.onboard_svy_mom:mvn_swi_l2_onboardsvymom_20200124::2.0
P,urn:nasa:pds:maven.swia.calibrated:data.onboard_svy_mom:mvn_swi_l2_onboardsvymom_20200125::2.0
P,urn:nasa:pds:maven.swia.calibrated:data.onboard_svy_mom:mvn_swi_l2_onboardsvymom_20200126::2.0
P,urn:nasa:pds:maven.swia.calibrated:data.onboard_svy_mom:mvn_swi_l2_onboardsvymom_20200127::2.0
P,urn:nasa:pds:maven.swia.calibrated:data.onboard_svy_mom:mvn_swi_l2_onboardsvymom_20200128::2.0
P,urn:nasa:pds:maven.swia.calibrated:data.onboard_svy_mom:mvn_swi_l2_onboardsvymom_20200129::2.0
P,urn:nasa:pds:maven.swia.calibrated:data.onboard_svy_mom:mvn_swi_l2_onboardsvymom_20200130::2.0
P,urn:nasa:pds:maven.swia.calibrated:data.onboard_svy_mom:mvn_swi_l2_onboardsvymom_20200131::2.0
P,urn:nasa:pds:maven.swia.calibrated:data.onboard_svy_mom:mvn_swi_l2_onboardsvymom_20200201::2.0
P,urn:nasa:pds:maven.swia.calibrated:data.onboard_svy_mom:mvn_swi_l2_onboardsvymom_20200202::2.0
P,urn:nasa:pds:maven.swia.calibrated:data.onboard_svy_mom:mvn_swi_l2_onboardsvymom_20200203::2.0
P,urn:nasa:pds:maven.swia.calibrated:data.onboard_svy_mom:mvn_swi_l2_onboardsvymom_20200204::2.0
P,urn:nasa:pds:maven.swia.calibrated:data.onboard_svy_mom:mvn_swi_l2_onboardsvymom_20200205::2.0
P,urn:nasa:pds:maven.swia.calibrated:data.onboard_svy_mom:mvn_swi_l2_onboardsvymom_20200206::2.0
P,urn:nasa:pds:maven.swia.calibrated:data.onboard_svy_mom:mvn_swi_l2_onboardsvymom_20200207::2.0
P,urn:nasa:pds:maven.swia.calibrated:data.onboard_svy_mom:mvn_swi_l2_onboardsvymom_20200208::2.0
P,urn:nasa:pds:maven.swia.calibrated:data.onboard_svy_mom:mvn_swi_l2_onboardsvymom_20200209::2.0
P,urn:nasa:pds:maven.swia.calibrated:data.onboard_svy_mom:mvn_swi_l2_onboardsvymom_20200210::2.0
P,urn:nasa:pds:maven.swia.calibrated:data.onboard_svy_mom:mvn_swi_l2_onboardsvymom_20200211::2.0
P,urn:nasa:pds:maven.swia.calibrated:data.onboard_svy_mom:mvn_swi_l2_onboardsvymom_20200212::2.0
P,urn:nasa:pds:maven.swia.calibrated:data.onboard_svy_mom:mvn_swi_l2_onboardsvymom_20200213::2.0
P,urn:nasa:pds:maven.swia.calibrated:data.onboard_svy_mom:mvn_swi_l2_onboardsvymom_20200214::2.0
P,urn:nasa:pds:maven.swia.calibrated:data.onboard_svy_mom:mvn_swi_l2_onboardsvymom_20200215::2.0
P,urn:nasa:pds:maven.swia.calibrated:data.onboard_svy_mom:mvn_swi_l2_onboardsvymom_20200216::2.0
P,urn:nasa:pds:maven.swia.calibrated:data.onboard_svy_mom:mvn_swi_l2_onboardsvymom_20200217::2.0
P,urn:nasa:pds:maven.swia.calibrated:data.onboard_svy_mom:mvn_swi_l2_onboardsvymom_20200218::2.0
P,urn:nasa:pds:maven.swia.calibrated:data.onboard_svy_mom:mvn_swi_l2_onboardsvymom_20200219::2.0
P,urn:nasa:pds:maven.swia.calibrated:data.onboard_svy_mom:mvn_swi_l2_onboardsvymom_20200220::2.0
P,urn:nasa:pds:maven.swia.calibrated:data.onboard_svy_mom:mvn_swi_l2_onboardsvymom_20200221::2.0
P,urn:nasa:pds:maven.swia.calibrated:data.onboard_svy_mom:mvn_swi_l2_onboardsvymom_20200222::2.0
P,urn:nasa:pds:maven.swia.calibrated:data.onboard_svy_mom:mvn_swi_l2_onboardsvymom_20200223::2.0
P,urn:nasa:pds:maven.swia.calibrated:data.onboard_svy_mom:mvn_swi_l2_onboardsvymom_20200224::2.0
P,urn:nasa:pds:maven.swia.calibrated:data.onboard_svy_mom:mvn_swi_l2_onboardsvymom_20200225::2.0
P,urn:nasa:pds:maven.swia.calibrated:data.onboard_svy_mom:mvn_swi_l2_onboardsvymom_20200226::2.0
P,urn:nasa:pds:maven.swia.calibrated:data.onboard_svy_mom:mvn_swi_l2_onboardsvymom_20200227::2.0
P,urn:nasa:pds:maven.swia.calibrated:data.onboard_svy_mom:mvn_swi_l2_onboardsvymom_20200228::2.0
P,urn:nasa:pds:maven.swia.calibrated:data.onboard_svy_mom:mvn_swi_l2_onboardsvymom_20200229::2.0
P,urn:nasa:pds:maven.swia.calibrated:data.onboard_svy_mom:mvn_swi_l2_onboardsvymom_20200301::2.0
P,urn:nasa:pds:maven.swia.calibrated:data.onboard_svy_mom:mvn_swi_l2_onboardsvymom_20200302::2.0
P,urn:nasa:pds:maven.swia.calibrated:data.onboard_svy_mom:mvn_swi_l2_onboardsvymom_20200303::2.0
P,urn:nasa:pds:maven.swia.calibrated:data.onboard_svy_mom:mvn_swi_l2_onboardsvymom_20200304::2.0
P,urn:nasa:pds:maven.swia.calibrated:data.onboard_svy_mom:mvn_swi_l2_onboardsvymom_20200305::2.0
P,urn:nasa:pds:maven.swia.calibrated:data.onboard_svy_mom:mvn_swi_l2_onboardsvymom_20200306::2.0
P,urn:nasa:pds:maven.swia.calibrated:data.onboard_svy_mom:mvn_swi_l2_onboardsvymom_20200307::2.0
P,urn:nasa:pds:maven.swia.calibrated:data.onboard_svy_mom:mvn_swi_l2_onboardsvymom_20200308::2.0
P,urn:nasa:pds:maven.swia.calibrated:data.onboard_svy_mom:mvn_swi_l2_onboardsvymom_20200309::2.0
P,urn:nasa:pds:maven.swia.calibrated:data.onboard_svy_mom:mvn_swi_l2_onboardsvymom_20200310::2.0
P,urn:nasa:pds:maven.swia.calibrated:data.onboard_svy_mom:mvn_swi_l2_onboardsvymom_20200311::2.0
P,urn:nasa:pds:maven.swia.calibrated:data.onboard_svy_mom:mvn_swi_l2_onboardsvymom_20200312::2.0
P,urn:nasa:pds:maven.swia.calibrated:data.onboard_svy_mom:mvn_swi_l2_onboardsvymom_20200313::2.0
P,urn:nasa:pds:maven.swia.calibrated:data.onboard_svy_mom:mvn_swi_l2_onboardsvymom_20200314::2.0
P,urn:nasa:pds:maven.swia.calibrated:data.onboard_svy_mom:mvn_swi_l2_onboardsvymom_20200315::2.0
P,urn:nasa:pds:maven.swia.calibrated:data.onboard_svy_mom:mvn_swi_l2_onboardsvymom_20200316::2.0
P,urn:nasa:pds:maven.swia.calibrated:data.onboard_svy_mom:mvn_swi_l2_onboardsvymom_20200317::2.0
P,urn:nasa:pds:maven.swia.calibrated:data.onboard_svy_mom:mvn_swi_l2_onboardsvymom_20200318::2.0
P,urn:nasa:pds:maven.swia.calibrated:data.onboard_svy_mom:mvn_swi_l2_onboardsvymom_20200319::2.0
P,urn:nasa:pds:maven.swia.calibrated:data.onboard_svy_mom:mvn_swi_l2_onboardsvymom_20200320::2.0
P,urn:nasa:pds:maven.swia.calibrated:data.onboard_svy_mom:mvn_swi_l2_onboardsvymom_20200321::2.0
P,urn:nasa:pds:maven.swia.calibrated:data.onboard_svy_mom:mvn_swi_l2_onboardsvymom_20200322::2.0
P,urn:nasa:pds:maven.swia.calibrated:data.onboard_svy_mom:mvn_swi_l2_onboardsvymom_20200323::2.0
P,urn:nasa:pds:maven.swia.calibrated:data.onboard_svy_mom:mvn_swi_l2_onboardsvymom_20200324::2.0
P,urn:nasa:pds:maven.swia.calibrated:data.onboard_svy_mom:mvn_swi_l2_onboardsvymom_20200325::2.0
P,urn:nasa:pds:maven.swia.calibrated:data.onboard_svy_mom:mvn_swi_l2_onboardsvymom_20200326::2.0
P,urn:nasa:pds:maven.swia.calibrated:data.onboard_svy_mom:mvn_swi_l2_onboardsvymom_20200327::2.0
P,urn:nasa:pds:maven.swia.calibrated:data.onboard_svy_mom:mvn_swi_l2_onboardsvymom_20200328::2.0
P,urn:nasa:pds:maven.swia.calibrated:data.onboard_svy_mom:mvn_swi_l2_onboardsvymom_20200329::2.0
P,urn:nasa:pds:maven.swia.calibrated:data.onboard_svy_mom:mvn_swi_l2_onboardsvymom_20200330::2.0
P,urn:nasa:pds:maven.swia.calibrated:data.onboard_svy_mom:mvn_swi_l2_onboardsvymom_20200331::2.0
P,urn:nasa:pds:maven.swia.calibrated:data.onboard_svy_mom:mvn_swi_l2_onboardsvymom_20200401::2.0
P,urn:nasa:pds:maven.swia.calibrated:data.onboard_svy_mom:mvn_swi_l2_onboardsvymom_20200402::2.0
P,urn:nasa:pds:maven.swia.calibrated:data.onboard_svy_mom:mvn_swi_l2_onboardsvymom_20200403::2.0
P,urn:nasa:pds:maven.swia.calibrated:data.onboard_svy_mom:mvn_swi_l2_onboardsvymom_20200404::2.0
P,urn:nasa:pds:maven.swia.calibrated:data.onboard_svy_mom:mvn_swi_l2_onboardsvymom_20200405::2.0
P,urn:nasa:pds:maven.swia.calibrated:data.onboard_svy_mom:mvn_swi_l2_onboardsvymom_20200406::2.0
P,urn:nasa:pds:maven.swia.calibrated:data.onboard_svy_mom:mvn_swi_l2_onboardsvymom_20200407::2.0
P,urn:nasa:pds:maven.swia.calibrated:data.onboard_svy_mom:mvn_swi_l2_onboardsvymom_20200408::2.0
P,urn:nasa:pds:maven.swia.calibrated:data.onboard_svy_mom:mvn_swi_l2_onboardsvymom_20200409::2.0
P,urn:nasa:pds:maven.swia.calibrated:data.onboard_svy_mom:mvn_swi_l2_onboardsvymom_20200410::2.0
P,urn:nasa:pds:maven.swia.calibrated:data.onboard_svy_mom:mvn_swi_l2_onboardsvymom_20200411::2.0
P,urn:nasa:pds:maven.swia.calibrated:data.onboard_svy_mom:mvn_swi_l2_onboardsvymom_20200412::2.0
P,urn:nasa:pds:maven.swia.calibrated:data.onboard_svy_mom:mvn_swi_l2_onboardsvymom_20200413::2.0
P,urn:nasa:pds:maven.swia.calibrated:data.onboard_svy_mom:mvn_swi_l2_onboardsvymom_20200414::2.0
P,urn:nasa:pds:maven.swia.calibrated:data.onboard_svy_mom:mvn_swi_l2_onboardsvymom_20200415::2.0
P,urn:nasa:pds:maven.swia.calibrated:data.onboard_svy_mom:mvn_swi_l2_onboardsvymom_20200416::2.0
P,urn:nasa:pds:maven.swia.calibrated:data.onboard_svy_mom:mvn_swi_l2_onboardsvymom_20200417::2.0
P,urn:nasa:pds:maven.swia.calibrated:data.onboard_svy_mom:mvn_swi_l2_onboardsvymom_20200418::2.0
P,urn:nasa:pds:maven.swia.calibrated:data.onboard_svy_mom:mvn_swi_l2_onboardsvymom_20200419::2.0
P,urn:nasa:pds:maven.swia.calibrated:data.onboard_svy_mom:mvn_swi_l2_onboardsvymom_20200420::2.0
P,urn:nasa:pds:maven.swia.calibrated:data.onboard_svy_mom:mvn_swi_l2_onboardsvymom_20200421::2.0
P,urn:nasa:pds:maven.swia.calibrated:data.onboard_svy_mom:mvn_swi_l2_onboardsvymom_20200422::2.0
P,urn:nasa:pds:maven.swia.calibrated:data.onboard_svy_mom:mvn_swi_l2_onboardsvymom_20200423::2.0
P,urn:nasa:pds:maven.swia.calibrated:data.onboard_svy_mom:mvn_swi_l2_onboardsvymom_20200424::2.0
P,urn:nasa:pds:maven.swia.calibrated:data.onboard_svy_mom:mvn_swi_l2_onboardsvymom_20200425::2.0
P,urn:nasa:pds:maven.swia.calibrated:data.onboard_svy_mom:mvn_swi_l2_onboardsvymom_20200426::2.0
P,urn:nasa:pds:maven.swia.calibrated:data.onboard_svy_mom:mvn_swi_l2_onboardsvymom_20200427::2.0
P,urn:nasa:pds:maven.swia.calibrated:data.onboard_svy_mom:mvn_swi_l2_onboardsvymom_20200428::2.0
P,urn:nasa:pds:maven.swia.calibrated:data.onboard_svy_mom:mvn_swi_l2_onboardsvymom_20200429::2.0
P,urn:nasa:pds:maven.swia.calibrated:data.onboard_svy_mom:mvn_swi_l2_onboardsvymom_20200430::2.0
P,urn:nasa:pds:maven.swia.calibrated:data.onboard_svy_mom:mvn_swi_l2_onboardsvymom_20200501::2.0
P,urn:nasa:pds:maven.swia.calibrated:data.onboard_svy_mom:mvn_swi_l2_onboardsvymom_20200502::2.0
P,urn:nasa:pds:maven.swia.calibrated:data.onboard_svy_mom:mvn_swi_l2_onboardsvymom_20200503::2.0
P,urn:nasa:pds:maven.swia.calibrated:data.onboard_svy_mom:mvn_swi_l2_onboardsvymom_20200504::2.0
P,urn:nasa:pds:maven.swia.calibrated:data.onboard_svy_mom:mvn_swi_l2_onboardsvymom_20200505::2.0
P,urn:nasa:pds:maven.swia.calibrated:data.onboard_svy_mom:mvn_swi_l2_onboardsvymom_20200506::2.0
P,urn:nasa:pds:maven.swia.calibrated:data.onboard_svy_mom:mvn_swi_l2_onboardsvymom_20200507::2.0
P,urn:nasa:pds:maven.swia.calibrated:data.onboard_svy_mom:mvn_swi_l2_onboardsvymom_20200508::2.0
P,urn:nasa:pds:maven.swia.calibrated:data.onboard_svy_mom:mvn_swi_l2_onboardsvymom_20200509::2.0
P,urn:nasa:pds:maven.swia.calibrated:data.onboard_svy_mom:mvn_swi_l2_onboardsvymom_20200510::2.0
P,urn:nasa:pds:maven.swia.calibrated:data.onboard_svy_mom:mvn_swi_l2_onboardsvymom_20200511::2.0
P,urn:nasa:pds:maven.swia.calibrated:data.onboard_svy_mom:mvn_swi_l2_onboardsvymom_20200512::2.0
P,urn:nasa:pds:maven.swia.calibrated:data.onboard_svy_mom:mvn_swi_l2_onboardsvymom_20200513::2.0
P,urn:nasa:pds:maven.swia.calibrated:data.onboard_svy_mom:mvn_swi_l2_onboardsvymom_20200514::2.0
P,urn:nasa:pds:maven.swia.calibrated:data.onboard_svy_mom:mvn_swi_l2_onboardsvymom_20200515::2.0
P,urn:nasa:pds:maven.swia.calibrated:data.onboard_svy_mom:mvn_swi_l2_onboardsvymom_20200516::2.0
P,urn:nasa:pds:maven.swia.calibrated:data.onboard_svy_mom:mvn_swi_l2_onboardsvymom_20200517::2.0
P,urn:nasa:pds:maven.swia.calibrated:data.onboard_svy_mom:mvn_swi_l2_onboardsvymom_20200518::2.0
P,urn:nasa:pds:maven.swia.calibrated:data.onboard_svy_mom:mvn_swi_l2_onboardsvymom_20200519::2.0
P,urn:nasa:pds:maven.swia.calibrated:data.onboard_svy_mom:mvn_swi_l2_onboardsvymom_20200520::2.0
P,urn:nasa:pds:maven.swia.calibrated:data.onboard_svy_mom:mvn_swi_l2_onboardsvymom_20200521::2.0
P,urn:nasa:pds:maven.swia.calibrated:data.onboard_svy_mom:mvn_swi_l2_onboardsvymom_20200522::2.0
P,urn:nasa:pds:maven.swia.calibrated:data.onboard_svy_mom:mvn_swi_l2_onboardsvymom_20200523::2.0
P,urn:nasa:pds:maven.swia.calibrated:data.onboard_svy_mom:mvn_swi_l2_onboardsvymom_20200524::2.0
P,urn:nasa:pds:maven.swia.calibrated:data.onboard_svy_mom:mvn_swi_l2_onboardsvymom_20200525::2.0
P,urn:nasa:pds:maven.swia.calibrated:data.onboard_svy_mom:mvn_swi_l2_onboardsvymom_20200526::2.0
P,urn:nasa:pds:maven.swia.calibrated:data.onboard_svy_mom:mvn_swi_l2_onboardsvymom_20200527::2.0
P,urn:nasa:pds:maven.swia.calibrated:data.onboard_svy_mom:mvn_swi_l2_onboardsvymom_20200528::2.0
P,urn:nasa:pds:maven.swia.calibrated:data.onboard_svy_mom:mvn_swi_l2_onboardsvymom_20200529::2.0
P,urn:nasa:pds:maven.swia.calibrated:data.onboard_svy_mom:mvn_swi_l2_onboardsvymom_20200530::2.0
P,urn:nasa:pds:maven.swia.calibrated:data.onboard_svy_mom:mvn_swi_l2_onboardsvymom_20200531::2.0
P,urn:nasa:pds:maven.swia.calibrated:data.onboard_svy_mom:mvn_swi_l2_onboardsvymom_20200601::2.0
P,urn:nasa:pds:maven.swia.calibrated:data.onboard_svy_mom:mvn_swi_l2_onboardsvymom_20200602::2.0
P,urn:nasa:pds:maven.swia.calibrated:data.onboard_svy_mom:mvn_swi_l2_onboardsvymom_20200603::2.0
P,urn:nasa:pds:maven.swia.calibrated:data.onboard_svy_mom:mvn_swi_l2_onboardsvymom_20200604::2.0
P,urn:nasa:pds:maven.swia.calibrated:data.onboard_svy_mom:mvn_swi_l2_onboardsvymom_20200605::2.0
P,urn:nasa:pds:maven.swia.calibrated:data.onboard_svy_mom:mvn_swi_l2_onboardsvymom_20200606::2.0
P,urn:nasa:pds:maven.swia.calibrated:data.onboard_svy_mom:mvn_swi_l2_onboardsvymom_20200607::2.0
P,urn:nasa:pds:maven.swia.calibrated:data.onboard_svy_mom:mvn_swi_l2_onboardsvymom_20200608::2.0
P,urn:nasa:pds:maven.swia.calibrated:data.onboard_svy_mom:mvn_swi_l2_onboardsvymom_20200609::2.0
P,urn:nasa:pds:maven.swia.calibrated:data.onboard_svy_mom:mvn_swi_l2_onboardsvymom_20200610::2.0
P,urn:nasa:pds:maven.swia.calibrated:data.onboard_svy_mom:mvn_swi_l2_onboardsvymom_20200611::2.0
P,urn:nasa:pds:maven.swia.calibrated:data.onboard_svy_mom:mvn_swi_l2_onboardsvymom_20200612::2.0
P,urn:nasa:pds:maven.swia.calibrated:data.onboard_svy_mom:mvn_swi_l2_onboardsvymom_20200613::2.0
P,urn:nasa:pds:maven.swia.calibrated:data.onboard_svy_mom:mvn_swi_l2_onboardsvymom_20200614::2.0
P,urn:nasa:pds:maven.swia.calibrated:data.onboard_svy_mom:mvn_swi_l2_onboardsvymom_20200615::2.0
P,urn:nasa:pds:maven.swia.calibrated:data.onboard_svy_mom:mvn_swi_l2_onboardsvymom_20200616::2.0
P,urn:nasa:pds:maven.swia.calibrated:data.onboard_svy_mom:mvn_swi_l2_onboardsvymom_20200617::2.0
P,urn:nasa:pds:maven.swia.calibrated:data.onboard_svy_mom:mvn_swi_l2_onboardsvymom_20200618::2.0
P,urn:nasa:pds:maven.swia.calibrated:data.onboard_svy_mom:mvn_swi_l2_onboardsvymom_20200619::2.0
P,urn:nasa:pds:maven.swia.calibrated:data.onboard_svy_mom:mvn_swi_l2_onboardsvymom_20200620::2.0
P,urn:nasa:pds:maven.swia.calibrated:data.onboard_svy_mom:mvn_swi_l2_onboardsvymom_20200621::2.0
P,urn:nasa:pds:maven.swia.calibrated:data.onboard_svy_mom:mvn_swi_l2_onboardsvymom_20200622::2.0
P,urn:nasa:pds:maven.swia.calibrated:data.onboard_svy_mom:mvn_swi_l2_onboardsvymom_20200623::2.0
P,urn:nasa:pds:maven.swia.calibrated:data.onboard_svy_mom:mvn_swi_l2_onboardsvymom_20200624::2.0
P,urn:nasa:pds:maven.swia.calibrated:data.onboard_svy_mom:mvn_swi_l2_onboardsvymom_20200625::2.0
P,urn:nasa:pds:maven.swia.calibrated:data.onboard_svy_mom:mvn_swi_l2_onboardsvymom_20200626::2.0
P,urn:nasa:pds:maven.swia.calibrated:data.onboard_svy_mom:mvn_swi_l2_onboardsvymom_20200627::2.0
P,urn:nasa:pds:maven.swia.calibrated:data.onboard_svy_mom:mvn_swi_l2_onboardsvymom_20200628::2.0
P,urn:nasa:pds:maven.swia.calibrated:data.onboard_svy_mom:mvn_swi_l2_onboardsvymom_20200629::2.0
P,urn:nasa:pds:maven.swia.calibrated:data.onboard_svy_mom:mvn_swi_l2_onboardsvymom_20200630::2.0
P,urn:nasa:pds:maven.swia.calibrated:data.onboard_svy_mom:mvn_swi_l2_onboardsvymom_20200701::2.0
P,urn:nasa:pds:maven.swia.calibrated:data.onboard_svy_mom:mvn_swi_l2_onboardsvymom_20200702::2.0
P,urn:nasa:pds:maven.swia.calibrated:data.onboard_svy_mom:mvn_swi_l2_onboardsvymom_20200703::2.0
P,urn:nasa:pds:maven.swia.calibrated:data.onboard_svy_mom:mvn_swi_l2_onboardsvymom_20200704::2.0
P,urn:nasa:pds:maven.swia.calibrated:data.onboard_svy_mom:mvn_swi_l2_onboardsvymom_20200705::2.0
P,urn:nasa:pds:maven.swia.calibrated:data.onboard_svy_mom:mvn_swi_l2_onboardsvymom_20200706::2.0
P,urn:nasa:pds:maven.swia.calibrated:data.onboard_svy_mom:mvn_swi_l2_onboardsvymom_20200707::2.0
P,urn:nasa:pds:maven.swia.calibrated:data.onboard_svy_mom:mvn_swi_l2_onboardsvymom_20200708::2.0
P,urn:nasa:pds:maven.swia.calibrated:data.onboard_svy_mom:mvn_swi_l2_onboardsvymom_20200709::2.0
P,urn:nasa:pds:maven.swia.calibrated:data.onboard_svy_mom:mvn_swi_l2_onboardsvymom_20200710::2.0
P,urn:nasa:pds:maven.swia.calibrated:data.onboard_svy_mom:mvn_swi_l2_onboardsvymom_20200711::2.0
P,urn:nasa:pds:maven.swia.calibrated:data.onboard_svy_mom:mvn_swi_l2_onboardsvymom_20200712::2.0
P,urn:nasa:pds:maven.swia.calibrated:data.onboard_svy_mom:mvn_swi_l2_onboardsvymom_20200713::2.0
P,urn:nasa:pds:maven.swia.calibrated:data.onboard_svy_mom:mvn_swi_l2_onboardsvymom_20200714::2.0
P,urn:nasa:pds:maven.swia.calibrated:data.onboard_svy_mom:mvn_swi_l2_onboardsvymom_20200715::2.0
P,urn:nasa:pds:maven.swia.calibrated:data.onboard_svy_mom:mvn_swi_l2_onboardsvymom_20200716::2.0
P,urn:nasa:pds:maven.swia.calibrated:data.onboard_svy_mom:mvn_swi_l2_onboardsvymom_20200717::2.0
P,urn:nasa:pds:maven.swia.calibrated:data.onboard_svy_mom:mvn_swi_l2_onboardsvymom_20200718::2.0
P,urn:nasa:pds:maven.swia.calibrated:data.onboard_svy_mom:mvn_swi_l2_onboardsvymom_20200719::2.0
P,urn:nasa:pds:maven.swia.calibrated:data.onboard_svy_mom:mvn_swi_l2_onboardsvymom_20200720::2.0
P,urn:nasa:pds:maven.swia.calibrated:data.onboard_svy_mom:mvn_swi_l2_onboardsvymom_20200721::2.0
P,urn:nasa:pds:maven.swia.calibrated:data.onboard_svy_mom:mvn_swi_l2_onboardsvymom_20200722::2.0
P,urn:nasa:pds:maven.swia.calibrated:data.onboard_svy_mom:mvn_swi_l2_onboardsvymom_20200723::2.0
P,urn:nasa:pds:maven.swia.calibrated:data.onboard_svy_mom:mvn_swi_l2_onboardsvymom_20200724::2.0
P,urn:nasa:pds:maven.swia.calibrated:data.onboard_svy_mom:mvn_swi_l2_onboardsvymom_20200725::2.0
P,urn:nasa:pds:maven.swia.calibrated:data.onboard_svy_mom:mvn_swi_l2_onboardsvymom_20200726::2.0
P,urn:nasa:pds:maven.swia.calibrated:data.onboard_svy_mom:mvn_swi_l2_onboardsvymom_20200727::2.0
P,urn:nasa:pds:maven.swia.calibrated:data.onboard_svy_mom:mvn_swi_l2_onboardsvymom_20200728::2.0
P,urn:nasa:pds:maven.swia.calibrated:data.onboard_svy_mom:mvn_swi_l2_onboardsvymom_20200729::2.0
P,urn:nasa:pds:maven.swia.calibrated:data.onboard_svy_mom:mvn_swi_l2_onboardsvymom_20200730::2.0
P,urn:nasa:pds:maven.swia.calibrated:data.onboard_svy_mom:mvn_swi_l2_onboardsvymom_20200731::2.0
P,urn:nasa:pds:maven.swia.calibrated:data.onboard_svy_mom:mvn_swi_l2_onboardsvymom_20200801::2.0
P,urn:nasa:pds:maven.swia.calibrated:data.onboard_svy_mom:mvn_swi_l2_onboardsvymom_20200802::2.0
P,urn:nasa:pds:maven.swia.calibrated:data.onboard_svy_mom:mvn_swi_l2_onboardsvymom_20200803::2.0
P,urn:nasa:pds:maven.swia.calibrated:data.onboard_svy_mom:mvn_swi_l2_onboardsvymom_20200804::2.0
P,urn:nasa:pds:maven.swia.calibrated:data.onboard_svy_mom:mvn_swi_l2_onboardsvymom_20200805::2.0
P,urn:nasa:pds:maven.swia.calibrated:data.onboard_svy_mom:mvn_swi_l2_onboardsvymom_20200806::2.0
P,urn:nasa:pds:maven.swia.calibrated:data.onboard_svy_mom:mvn_swi_l2_onboardsvymom_20200807::2.0
P,urn:nasa:pds:maven.swia.calibrated:data.onboard_svy_mom:mvn_swi_l2_onboardsvymom_20200808::2.0
P,urn:nasa:pds:maven.swia.calibrated:data.onboard_svy_mom:mvn_swi_l2_onboardsvymom_20200809::2.0
P,urn:nasa:pds:maven.swia.calibrated:data.onboard_svy_mom:mvn_swi_l2_onboardsvymom_20200810::2.0
P,urn:nasa:pds:maven.swia.calibrated:data.onboard_svy_mom:mvn_swi_l2_onboardsvymom_20200811::2.0
P,urn:nasa:pds:maven.swia.calibrated:data.onboard_svy_mom:mvn_swi_l2_onboardsvymom_20200812::2.0
P,urn:nasa:pds:maven.swia.calibrated:data.onboard_svy_mom:mvn_swi_l2_onboardsvymom_20200813::2.0
P,urn:nasa:pds:maven.swia.calibrated:data.onboard_svy_mom:mvn_swi_l2_onboardsvymom_20200814::2.0
P,urn:nasa:pds:maven.swia.calibrated:data.onboard_svy_mom:mvn_swi_l2_onboardsvymom_20200815::2.0
P,urn:nasa:pds:maven.swia.calibrated:data.onboard_svy_mom:mvn_swi_l2_onboardsvymom_20200816::2.0
P,urn:nasa:pds:maven.swia.calibrated:data.onboard_svy_mom:mvn_swi_l2_onboardsvymom_20200817::2.0
P,urn:nasa:pds:maven.swia.calibrated:data.onboard_svy_mom:mvn_swi_l2_onboardsvymom_20200818::2.0
P,urn:nasa:pds:maven.swia.calibrated:data.onboard_svy_mom:mvn_swi_l2_onboardsvymom_20200819::2.0
P,urn:nasa:pds:maven.swia.calibrated:data.onboard_svy_mom:mvn_swi_l2_onboardsvymom_20200820::2.0
P,urn:nasa:pds:maven.swia.calibrated:data.onboard_svy_mom:mvn_swi_l2_onboardsvymom_20200821::2.0
P,urn:nasa:pds:maven.swia.calibrated:data.onboard_svy_mom:mvn_swi_l2_onboardsvymom_20200822::2.0
P,urn:nasa:pds:maven.swia.calibrated:data.onboard_svy_mom:mvn_swi_l2_onboardsvymom_20200823::2.0
P,urn:nasa:pds:maven.swia.calibrated:data.onboard_svy_mom:mvn_swi_l2_onboardsvymom_20200824::2.0
P,urn:nasa:pds:maven.swia.calibrated:data.onboard_svy_mom:mvn_swi_l2_onboardsvymom_20200825::2.0
P,urn:nasa:pds:maven.swia.calibrated:data.onboard_svy_mom:mvn_swi_l2_onboardsvymom_20200826::2.0
P,urn:nasa:pds:maven.swia.calibrated:data.onboard_svy_mom:mvn_swi_l2_onboardsvymom_20200827::2.0
P,urn:nasa:pds:maven.swia.calibrated:data.onboard_svy_mom:mvn_swi_l2_onboardsvymom_20200828::2.0
P,urn:nasa:pds:maven.swia.calibrated:data.onboard_svy_mom:mvn_swi_l2_onboardsvymom_20200829::2.0
P,urn:nasa:pds:maven.swia.calibrated:data.onboard_svy_mom:mvn_swi_l2_onboardsvymom_20200830::2.0
P,urn:nasa:pds:maven.swia.calibrated:data.onboard_svy_mom:mvn_swi_l2_onboardsvymom_20200831::2.0
P,urn:nasa:pds:maven.swia.calibrated:data.onboard_svy_mom:mvn_swi_l2_onboardsvymom_20200901::2.0
P,urn:nasa:pds:maven.swia.calibrated:data.onboard_svy_mom:mvn_swi_l2_onboardsvymom_20200902::2.0
P,urn:nasa:pds:maven.swia.calibrated:data.onboard_svy_mom:mvn_swi_l2_onboardsvymom_20200903::2.0
P,urn:nasa:pds:maven.swia.calibrated:data.onboard_svy_mom:mvn_swi_l2_onboardsvymom_20200904::2.0
P,urn:nasa:pds:maven.swia.calibrated:data.onboard_svy_mom:mvn_swi_l2_onboardsvymom_20200905::2.0
P,urn:nasa:pds:maven.swia.calibrated:data.onboard_svy_mom:mvn_swi_l2_onboardsvymom_20200906::2.0
P,urn:nasa:pds:maven.swia.calibrated:data.onboard_svy_mom:mvn_swi_l2_onboardsvymom_20200907::2.0
P,urn:nasa:pds:maven.swia.calibrated:data.onboard_svy_mom:mvn_swi_l2_onboardsvymom_20200908::2.0
P,urn:nasa:pds:maven.swia.calibrated:data.onboard_svy_mom:mvn_swi_l2_onboardsvymom_20200909::2.0
P,urn:nasa:pds:maven.swia.calibrated:data.onboard_svy_mom:mvn_swi_l2_onboardsvymom_20200910::2.0
P,urn:nasa:pds:maven.swia.calibrated:data.onboard_svy_mom:mvn_swi_l2_onboardsvymom_20200911::2.0
P,urn:nasa:pds:maven.swia.calibrated:data.onboard_svy_mom:mvn_swi_l2_onboardsvymom_20200912::2.0
P,urn:nasa:pds:maven.swia.calibrated:data.onboard_svy_mom:mvn_swi_l2_onboardsvymom_20200913::2.0
P,urn:nasa:pds:maven.swia.calibrated:data.onboard_svy_mom:mvn_swi_l2_onboardsvymom_20200914::2.0
P,urn:nasa:pds:maven.swia.calibrated:data.onboard_svy_mom:mvn_swi_l2_onboardsvymom_20200915::2.0
P,urn:nasa:pds:maven.swia.calibrated:data.onboard_svy_mom:mvn_swi_l2_onboardsvymom_20200916::2.0
P,urn:nasa:pds:maven.swia.calibrated:data.onboard_svy_mom:mvn_swi_l2_onboardsvymom_20200917::2.0
P,urn:nasa:pds:maven.swia.calibrated:data.onboard_svy_mom:mvn_swi_l2_onboardsvymom_20200918::2.0
P,urn:nasa:pds:maven.swia.calibrated:data.onboard_svy_mom:mvn_swi_l2_onboardsvymom_20200919::2.0
P,urn:nasa:pds:maven.swia.calibrated:data.onboard_svy_mom:mvn_swi_l2_onboardsvymom_20200920::2.0
P,urn:nasa:pds:maven.swia.calibrated:data.onboard_svy_mom:mvn_swi_l2_onboardsvymom_20200921::2.0
P,urn:nasa:pds:maven.swia.calibrated:data.onboard_svy_mom:mvn_swi_l2_onboardsvymom_20200922::2.0
P,urn:nasa:pds:maven.swia.calibrated:data.onboard_svy_mom:mvn_swi_l2_onboardsvymom_20200923::2.0
P,urn:nasa:pds:maven.swia.calibrated:data.onboard_svy_mom:mvn_swi_l2_onboardsvymom_20200924::2.0
P,urn:nasa:pds:maven.swia.calibrated:data.onboard_svy_mom:mvn_swi_l2_onboardsvymom_20200925::2.0
P,urn:nasa:pds:maven.swia.calibrated:data.onboard_svy_mom:mvn_swi_l2_onboardsvymom_20200926::2.0
P,urn:nasa:pds:maven.swia.calibrated:data.onboard_svy_mom:mvn_swi_l2_onboardsvymom_20200927::2.0
P,urn:nasa:pds:maven.swia.calibrated:data.onboard_svy_mom:mvn_swi_l2_onboardsvymom_20200928::2.0
P,urn:nasa:pds:maven.swia.calibrated:data.onboard_svy_mom:mvn_swi_l2_onboardsvymom_20200929::2.0
P,urn:nasa:pds:maven.swia.calibrated:data.onboard_svy_mom:mvn_swi_l2_onboardsvymom_20200930::2.0
P,urn:nasa:pds:maven.swia.calibrated:data.onboard_svy_mom:mvn_swi_l2_onboardsvymom_20201001::2.0
P,urn:nasa:pds:maven.swia.calibrated:data.onboard_svy_mom:mvn_swi_l2_onboardsvymom_20201002::2.0
P,urn:nasa:pds:maven.swia.calibrated:data.onboard_svy_mom:mvn_swi_l2_onboardsvymom_20201003::2.0
P,urn:nasa:pds:maven.swia.calibrated:data.onboard_svy_mom:mvn_swi_l2_onboardsvymom_20201004::2.0
P,urn:nasa:pds:maven.swia.calibrated:data.onboard_svy_mom:mvn_swi_l2_onboardsvymom_20201005::2.0
P,urn:nasa:pds:maven.swia.calibrated:data.onboard_svy_mom:mvn_swi_l2_onboardsvymom_20201006::2.0
P,urn:nasa:pds:maven.swia.calibrated:data.onboard_svy_mom:mvn_swi_l2_onboardsvymom_20201007::2.0
P,urn:nasa:pds:maven.swia.calibrated:data.onboard_svy_mom:mvn_swi_l2_onboardsvymom_20201008::2.0
P,urn:nasa:pds:maven.swia.calibrated:data.onboard_svy_mom:mvn_swi_l2_onboardsvymom_20201009::2.0
P,urn:nasa:pds:maven.swia.calibrated:data.onboard_svy_mom:mvn_swi_l2_onboardsvymom_20201010::2.0
P,urn:nasa:pds:maven.swia.calibrated:data.onboard_svy_mom:mvn_swi_l2_onboardsvymom_20201011::2.0
P,urn:nasa:pds:maven.swia.calibrated:data.onboard_svy_mom:mvn_swi_l2_onboardsvymom_20201012::2.0
P,urn:nasa:pds:maven.swia.calibrated:data.onboard_svy_mom:mvn_swi_l2_onboardsvymom_20201013::2.0
P,urn:nasa:pds:maven.swia.calibrated:data.onboard_svy_mom:mvn_swi_l2_onboardsvymom_20201014::2.0
P,urn:nasa:pds:maven.swia.calibrated:data.onboard_svy_mom:mvn_swi_l2_onboardsvymom_20201015::2.0
P,urn:nasa:pds:maven.swia.calibrated:data.onboard_svy_mom:mvn_swi_l2_onboardsvymom_20201016::2.0
P,urn:nasa:pds:maven.swia.calibrated:data.onboard_svy_mom:mvn_swi_l2_onboardsvymom_20201017::2.0
P,urn:nasa:pds:maven.swia.calibrated:data.onboard_svy_mom:mvn_swi_l2_onboardsvymom_20201018::2.0
P,urn:nasa:pds:maven.swia.calibrated:data.onboard_svy_mom:mvn_swi_l2_onboardsvymom_20201019::2.0
P,urn:nasa:pds:maven.swia.calibrated:data.onboard_svy_mom:mvn_swi_l2_onboardsvymom_20201020::2.0
P,urn:nasa:pds:maven.swia.calibrated:data.onboard_svy_mom:mvn_swi_l2_onboardsvymom_20201021::2.0
P,urn:nasa:pds:maven.swia.calibrated:data.onboard_svy_mom:mvn_swi_l2_onboardsvymom_20201022::2.0
P,urn:nasa:pds:maven.swia.calibrated:data.onboard_svy_mom:mvn_swi_l2_onboardsvymom_20201023::2.0
P,urn:nasa:pds:maven.swia.calibrated:data.onboard_svy_mom:mvn_swi_l2_onboardsvymom_20201024::2.0
P,urn:nasa:pds:maven.swia.calibrated:data.onboard_svy_mom:mvn_swi_l2_onboardsvymom_20201025::2.0
P,urn:nasa:pds:maven.swia.calibrated:data.onboard_svy_mom:mvn_swi_l2_onboardsvymom_20201026::2.0
P,urn:nasa:pds:maven.swia.calibrated:data.onboard_svy_mom:mvn_swi_l2_onboardsvymom_20201027::2.0
P,urn:nasa:pds:maven.swia.calibrated:data.onboard_svy_mom:mvn_swi_l2_onboardsvymom_20201028::2.0
P,urn:nasa:pds:maven.swia.calibrated:data.onboard_svy_mom:mvn_swi_l2_onboardsvymom_20201029::2.0
P,urn:nasa:pds:maven.swia.calibrated:data.onboard_svy_mom:mvn_swi_l2_onboardsvymom_20201030::2.0
P,urn:nasa:pds:maven.swia.calibrated:data.onboard_svy_mom:mvn_swi_l2_onboardsvymom_20201031::2.0
P,urn:nasa:pds:maven.swia.calibrated:data.onboard_svy_mom:mvn_swi_l2_onboardsvymom_20201101::2.0
P,urn:nasa:pds:maven.swia.calibrated:data.onboard_svy_mom:mvn_swi_l2_onboardsvymom_20201102::2.0
P,urn:nasa:pds:maven.swia.calibrated:data.onboard_svy_mom:mvn_swi_l2_onboardsvymom_20201103::2.0
P,urn:nasa:pds:maven.swia.calibrated:data.onboard_svy_mom:mvn_swi_l2_onboardsvymom_20201104::2.0
P,urn:nasa:pds:maven.swia.calibrated:data.onboard_svy_mom:mvn_swi_l2_onboardsvymom_20201105::2.0
P,urn:nasa:pds:maven.swia.calibrated:data.onboard_svy_mom:mvn_swi_l2_onboardsvymom_20201106::2.0
P,urn:nasa:pds:maven.swia.calibrated:data.onboard_svy_mom:mvn_swi_l2_onboardsvymom_20201107::2.0
P,urn:nasa:pds:maven.swia.calibrated:data.onboard_svy_mom:mvn_swi_l2_onboardsvymom_20201108::2.0
P,urn:nasa:pds:maven.swia.calibrated:data.onboard_svy_mom:mvn_swi_l2_onboardsvymom_20201109::2.0
P,urn:nasa:pds:maven.swia.calibrated:data.onboard_svy_mom:mvn_swi_l2_onboardsvymom_20201110::2.0
P,urn:nasa:pds:maven.swia.calibrated:data.onboard_svy_mom:mvn_swi_l2_onboardsvymom_20201111::2.0
P,urn:nasa:pds:maven.swia.calibrated:data.onboard_svy_mom:mvn_swi_l2_onboardsvymom_20201112::2.0
P,urn:nasa:pds:maven.swia.calibrated:data.onboard_svy_mom:mvn_swi_l2_onboardsvymom_20201113::2.0
P,urn:nasa:pds:maven.swia.calibrated:data.onboard_svy_mom:mvn_swi_l2_onboardsvymom_20201114::2.0
P,urn:nasa:pds:maven.swia.calibrated:data.onboard_svy_mom:mvn_swi_l2_onboardsvymom_20201115::2.0
P,urn:nasa:pds:maven.swia.calibrated:data.onboard_svy_mom:mvn_swi_l2_onboardsvymom_20201116::2.0
P,urn:nasa:pds:maven.swia.calibrated:data.onboard_svy_mom:mvn_swi_l2_onboardsvymom_20201117::2.0
P,urn:nasa:pds:maven.swia.calibrated:data.onboard_svy_mom:mvn_swi_l2_onboardsvymom_20201118::2.0
P,urn:nasa:pds:maven.swia.calibrated:data.onboard_svy_mom:mvn_swi_l2_onboardsvymom_20201119::2.0
P,urn:nasa:pds:maven.swia.calibrated:data.onboard_svy_mom:mvn_swi_l2_onboardsvymom_20201120::2.0
P,urn:nasa:pds:maven.swia.calibrated:data.onboard_svy_mom:mvn_swi_l2_onboardsvymom_20201121::2.0
P,urn:nasa:pds:maven.swia.calibrated:data.onboard_svy_mom:mvn_swi_l2_onboardsvymom_20201122::2.0
P,urn:nasa:pds:maven.swia.calibrated:data.onboard_svy_mom:mvn_swi_l2_onboardsvymom_20201123::2.0
P,urn:nasa:pds:maven.swia.calibrated:data.onboard_svy_mom:mvn_swi_l2_onboardsvymom_20201124::2.0
P,urn:nasa:pds:maven.swia.calibrated:data.onboard_svy_mom:mvn_swi_l2_onboardsvymom_20201125::2.0
P,urn:nasa:pds:maven.swia.calibrated:data.onboard_svy_mom:mvn_swi_l2_onboardsvymom_20201126::2.0
P,urn:nasa:pds:maven.swia.calibrated:data.onboard_svy_mom:mvn_swi_l2_onboardsvymom_20201127::2.0
P,urn:nasa:pds:maven.swia.calibrated:data.onboard_svy_mom:mvn_swi_l2_onboardsvymom_20201128::2.0
P,urn:nasa:pds:maven.swia.calibrated:data.onboard_svy_mom:mvn_swi_l2_onboardsvymom_20201129::2.0
P,urn:nasa:pds:maven.swia.calibrated:data.onboard_svy_mom:mvn_swi_l2_onboardsvymom_20201130::2.0
P,urn:nasa:pds:maven.swia.calibrated:data.onboard_svy_mom:mvn_swi_l2_onboardsvymom_20201201::2.0
P,urn:nasa:pds:maven.swia.calibrated:data.onboard_svy_mom:mvn_swi_l2_onboardsvymom_20201202::2.0
P,urn:nasa:pds:maven.swia.calibrated:data.onboard_svy_mom:mvn_swi_l2_onboardsvymom_20201203::2.0
P,urn:nasa:pds:maven.swia.calibrated:data.onboard_svy_mom:mvn_swi_l2_onboardsvymom_20201204::2.0
P,urn:nasa:pds:maven.swia.calibrated:data.onboard_svy_mom:mvn_swi_l2_onboardsvymom_20201205::2.0
P,urn:nasa:pds:maven.swia.calibrated:data.onboard_svy_mom:mvn_swi_l2_onboardsvymom_20201206::2.0
P,urn:nasa:pds:maven.swia.calibrated:data.onboard_svy_mom:mvn_swi_l2_onboardsvymom_20201207::2.0
P,urn:nasa:pds:maven.swia.calibrated:data.onboard_svy_mom:mvn_swi_l2_onboardsvymom_20201208::2.0
P,urn:nasa:pds:maven.swia.calibrated:data.onboard_svy_mom:mvn_swi_l2_onboardsvymom_20201209::2.0
P,urn:nasa:pds:maven.swia.calibrated:data.onboard_svy_mom:mvn_swi_l2_onboardsvymom_20201210::2.0
P,urn:nasa:pds:maven.swia.calibrated:data.onboard_svy_mom:mvn_swi_l2_onboardsvymom_20201211::2.0
P,urn:nasa:pds:maven.swia.calibrated:data.onboard_svy_mom:mvn_swi_l2_onboardsvymom_20201212::2.0
P,urn:nasa:pds:maven.swia.calibrated:data.onboard_svy_mom:mvn_swi_l2_onboardsvymom_20201213::2.0
P,urn:nasa:pds:maven.swia.calibrated:data.onboard_svy_mom:mvn_swi_l2_onboardsvymom_20201214::2.0
P,urn:nasa:pds:maven.swia.calibrated:data.onboard_svy_mom:mvn_swi_l2_onboardsvymom_20201215::2.0
P,urn:nasa:pds:maven.swia.calibrated:data.onboard_svy_mom:mvn_swi_l2_onboardsvymom_20201216::2.0
P,urn:nasa:pds:maven.swia.calibrated:data.onboard_svy_mom:mvn_swi_l2_onboardsvymom_20201217::2.0
P,urn:nasa:pds:maven.swia.calibrated:data.onboard_svy_mom:mvn_swi_l2_onboardsvymom_20201218::2.0
P,urn:nasa:pds:maven.swia.calibrated:data.onboard_svy_mom:mvn_swi_l2_onboardsvymom_20201219::2.0
P,urn:nasa:pds:maven.swia.calibrated:data.onboard_svy_mom:mvn_swi_l2_onboardsvymom_20201220::2.0
P,urn:nasa:pds:maven.swia.calibrated:data.onboard_svy_mom:mvn_swi_l2_onboardsvymom_20201221::2.0
P,urn:nasa:pds:maven.swia.calibrated:data.onboard_svy_mom:mvn_swi_l2_onboardsvymom_20201222::2.0
P,urn:nasa:pds:maven.swia.calibrated:data.onboard_svy_mom:mvn_swi_l2_onboardsvymom_20201223::2.0
P,urn:nasa:pds:maven.swia.calibrated:data.onboard_svy_mom:mvn_swi_l2_onboardsvymom_20201224::2.0
P,urn:nasa:pds:maven.swia.calibrated:data.onboard_svy_mom:mvn_swi_l2_onboardsvymom_20201225::2.0
P,urn:nasa:pds:maven.swia.calibrated:data.onboard_svy_mom:mvn_swi_l2_onboardsvymom_20201226::2.0
P,urn:nasa:pds:maven.swia.calibrated:data.onboard_svy_mom:mvn_swi_l2_onboardsvymom_20201227::2.0
P,urn:nasa:pds:maven.swia.calibrated:data.onboard_svy_mom:mvn_swi_l2_onboardsvymom_20201228::2.0
P,urn:nasa:pds:maven.swia.calibrated:data.onboard_svy_mom:mvn_swi_l2_onboardsvymom_20201229::2.0
P,urn:nasa:pds:maven.swia.calibrated:data.onboard_svy_mom:mvn_swi_l2_onboardsvymom_20201230::2.0
P,urn:nasa:pds:maven.swia.calibrated:data.onboard_svy_mom:mvn_swi_l2_onboardsvymom_20201231::2.0
P,urn:nasa:pds:maven.swia.calibrated:data.onboard_svy_mom:mvn_swi_l2_onboardsvymom_20210101::2.0
P,urn:nasa:pds:maven.swia.calibrated:data.onboard_svy_mom:mvn_swi_l2_onboardsvymom_20210102::2.0
P,urn:nasa:pds:maven.swia.calibrated:data.onboard_svy_mom:mvn_swi_l2_onboardsvymom_20210103::2.0
P,urn:nasa:pds:maven.swia.calibrated:data.onboard_svy_mom:mvn_swi_l2_onboardsvymom_20210104::2.0
P,urn:nasa:pds:maven.swia.calibrated:data.onboard_svy_mom:mvn_swi_l2_onboardsvymom_20210105::2.0
P,urn:nasa:pds:maven.swia.calibrated:data.onboard_svy_mom:mvn_swi_l2_onboardsvymom_20210106::2.0
P,urn:nasa:pds:maven.swia.calibrated:data.onboard_svy_mom:mvn_swi_l2_onboardsvymom_20210107::2.0
P,urn:nasa:pds:maven.swia.calibrated:data.onboard_svy_mom:mvn_swi_l2_onboardsvymom_20210108::2.0
P,urn:nasa:pds:maven.swia.calibrated:data.onboard_svy_mom:mvn_swi_l2_onboardsvymom_20210109::2.0
P,urn:nasa:pds:maven.swia.calibrated:data.onboard_svy_mom:mvn_swi_l2_onboardsvymom_20210110::2.0
P,urn:nasa:pds:maven.swia.calibrated:data.onboard_svy_mom:mvn_swi_l2_onboardsvymom_20210111::2.0
P,urn:nasa:pds:maven.swia.calibrated:data.onboard_svy_mom:mvn_swi_l2_onboardsvymom_20210113::2.0
P,urn:nasa:pds:maven.swia.calibrated:data.onboard_svy_mom:mvn_swi_l2_onboardsvymom_20210114::2.0
P,urn:nasa:pds:maven.swia.calibrated:data.onboard_svy_mom:mvn_swi_l2_onboardsvymom_20210115::2.0
P,urn:nasa:pds:maven.swia.calibrated:data.onboard_svy_mom:mvn_swi_l2_onboardsvymom_20210116::2.0
P,urn:nasa:pds:maven.swia.calibrated:data.onboard_svy_mom:mvn_swi_l2_onboardsvymom_20210117::2.0
P,urn:nasa:pds:maven.swia.calibrated:data.onboard_svy_mom:mvn_swi_l2_onboardsvymom_20210118::2.0
P,urn:nasa:pds:maven.swia.calibrated:data.onboard_svy_mom:mvn_swi_l2_onboardsvymom_20210119::2.0
P,urn:nasa:pds:maven.swia.calibrated:data.onboard_svy_mom:mvn_swi_l2_onboardsvymom_20210120::2.0
P,urn:nasa:pds:maven.swia.calibrated:data.onboard_svy_mom:mvn_swi_l2_onboardsvymom_20210121::2.0
P,urn:nasa:pds:maven.swia.calibrated:data.onboard_svy_mom:mvn_swi_l2_onboardsvymom_20210122::2.0
P,urn:nasa:pds:maven.swia.calibrated:data.onboard_svy_mom:mvn_swi_l2_onboardsvymom_20210123::2.0
P,urn:nasa:pds:maven.swia.calibrated:data.onboard_svy_mom:mvn_swi_l2_onboardsvymom_20210124::2.0
P,urn:nasa:pds:maven.swia.calibrated:data.onboard_svy_mom:mvn_swi_l2_onboardsvymom_20210125::2.0
P,urn:nasa:pds:maven.swia.calibrated:data.onboard_svy_mom:mvn_swi_l2_onboardsvymom_20210126::2.0
P,urn:nasa:pds:maven.swia.calibrated:data.onboard_svy_mom:mvn_swi_l2_onboardsvymom_20210127::2.0
P,urn:nasa:pds:maven.swia.calibrated:data.onboard_svy_mom:mvn_swi_l2_onboardsvymom_20210128::2.0
P,urn:nasa:pds:maven.swia.calibrated:data.onboard_svy_mom:mvn_swi_l2_onboardsvymom_20210129::2.0
P,urn:nasa:pds:maven.swia.calibrated:data.onboard_svy_mom:mvn_swi_l2_onboardsvymom_20210130::2.0
P,urn:nasa:pds:maven.swia.calibrated:data.onboard_svy_mom:mvn_swi_l2_onboardsvymom_20210131::2.0
P,urn:nasa:pds:maven.swia.calibrated:data.onboard_svy_mom:mvn_swi_l2_onboardsvymom_20210201::2.0
P,urn:nasa:pds:maven.swia.calibrated:data.onboard_svy_mom:mvn_swi_l2_onboardsvymom_20210202::2.0
P,urn:nasa:pds:maven.swia.calibrated:data.onboard_svy_mom:mvn_swi_l2_onboardsvymom_20210203::2.0
P,urn:nasa:pds:maven.swia.calibrated:data.onboard_svy_mom:mvn_swi_l2_onboardsvymom_20210204::2.0
P,urn:nasa:pds:maven.swia.calibrated:data.onboard_svy_mom:mvn_swi_l2_onboardsvymom_20210205::2.0
P,urn:nasa:pds:maven.swia.calibrated:data.onboard_svy_mom:mvn_swi_l2_onboardsvymom_20210206::2.0
P,urn:nasa:pds:maven.swia.calibrated:data.onboard_svy_mom:mvn_swi_l2_onboardsvymom_20210207::2.0
P,urn:nasa:pds:maven.swia.calibrated:data.onboard_svy_mom:mvn_swi_l2_onboardsvymom_20210208::2.0
P,urn:nasa:pds:maven.swia.calibrated:data.onboard_svy_mom:mvn_swi_l2_onboardsvymom_20210209::2.0
P,urn:nasa:pds:maven.swia.calibrated:data.onboard_svy_mom:mvn_swi_l2_onboardsvymom_20210210::2.0
P,urn:nasa:pds:maven.swia.calibrated:data.onboard_svy_mom:mvn_swi_l2_onboardsvymom_20210211::2.0
P,urn:nasa:pds:maven.swia.calibrated:data.onboard_svy_mom:mvn_swi_l2_onboardsvymom_20210212::2.0
P,urn:nasa:pds:maven.swia.calibrated:data.onboard_svy_mom:mvn_swi_l2_onboardsvymom_20210213::2.0
P,urn:nasa:pds:maven.swia.calibrated:data.onboard_svy_mom:mvn_swi_l2_onboardsvymom_20210214::2.0
P,urn:nasa:pds:maven.swia.calibrated:data.onboard_svy_mom:mvn_swi_l2_onboardsvymom_20210215::2.0
P,urn:nasa:pds:maven.swia.calibrated:data.onboard_svy_mom:mvn_swi_l2_onboardsvymom_20210216::2.0
P,urn:nasa:pds:maven.swia.calibrated:data.onboard_svy_mom:mvn_swi_l2_onboardsvymom_20210217::2.0
P,urn:nasa:pds:maven.swia.calibrated:data.onboard_svy_mom:mvn_swi_l2_onboardsvymom_20210218::2.0
P,urn:nasa:pds:maven.swia.calibrated:data.onboard_svy_mom:mvn_swi_l2_onboardsvymom_20210219::2.0
P,urn:nasa:pds:maven.swia.calibrated:data.onboard_svy_mom:mvn_swi_l2_onboardsvymom_20210220::2.0
P,urn:nasa:pds:maven.swia.calibrated:data.onboard_svy_mom:mvn_swi_l2_onboardsvymom_20210221::2.0
P,urn:nasa:pds:maven.swia.calibrated:data.onboard_svy_mom:mvn_swi_l2_onboardsvymom_20210222::2.0
P,urn:nasa:pds:maven.swia.calibrated:data.onboard_svy_mom:mvn_swi_l2_onboardsvymom_20210223::2.0
P,urn:nasa:pds:maven.swia.calibrated:data.onboard_svy_mom:mvn_swi_l2_onboardsvymom_20210224::2.0
P,urn:nasa:pds:maven.swia.calibrated:data.onboard_svy_mom:mvn_swi_l2_onboardsvymom_20210225::2.0
P,urn:nasa:pds:maven.swia.calibrated:data.onboard_svy_mom:mvn_swi_l2_onboardsvymom_20210226::2.0
P,urn:nasa:pds:maven.swia.calibrated:data.onboard_svy_mom:mvn_swi_l2_onboardsvymom_20210227::2.0
P,urn:nasa:pds:maven.swia.calibrated:data.onboard_svy_mom:mvn_swi_l2_onboardsvymom_20210228::2.0
P,urn:nasa:pds:maven.swia.calibrated:data.onboard_svy_mom:mvn_swi_l2_onboardsvymom_20210301::2.0
P,urn:nasa:pds:maven.swia.calibrated:data.onboard_svy_mom:mvn_swi_l2_onboardsvymom_20210302::2.0
P,urn:nasa:pds:maven.swia.calibrated:data.onboard_svy_mom:mvn_swi_l2_onboardsvymom_20210303::2.0
P,urn:nasa:pds:maven.swia.calibrated:data.onboard_svy_mom:mvn_swi_l2_onboardsvymom_20210304::2.0
P,urn:nasa:pds:maven.swia.calibrated:data.onboard_svy_mom:mvn_swi_l2_onboardsvymom_20210305::2.0
P,urn:nasa:pds:maven.swia.calibrated:data.onboard_svy_mom:mvn_swi_l2_onboardsvymom_20210306::2.0
P,urn:nasa:pds:maven.swia.calibrated:data.onboard_svy_mom:mvn_swi_l2_onboardsvymom_20210307::2.0
P,urn:nasa:pds:maven.swia.calibrated:data.onboard_svy_mom:mvn_swi_l2_onboardsvymom_20210308::2.0
P,urn:nasa:pds:maven.swia.calibrated:data.onboard_svy_mom:mvn_swi_l2_onboardsvymom_20210309::2.0
P,urn:nasa:pds:maven.swia.calibrated:data.onboard_svy_mom:mvn_swi_l2_onboardsvymom_20210310::2.0
P,urn:nasa:pds:maven.swia.calibrated:data.onboard_svy_mom:mvn_swi_l2_onboardsvymom_20210311::2.0
P,urn:nasa:pds:maven.swia.calibrated:data.onboard_svy_mom:mvn_swi_l2_onboardsvymom_20210312::2.0
P,urn:nasa:pds:maven.swia.calibrated:data.onboard_svy_mom:mvn_swi_l2_onboardsvymom_20210313::2.0
P,urn:nasa:pds:maven.swia.calibrated:data.onboard_svy_mom:mvn_swi_l2_onboardsvymom_20210314::2.0
P,urn:nasa:pds:maven.swia.calibrated:data.onboard_svy_mom:mvn_swi_l2_onboardsvymom_20210315::2.0
P,urn:nasa:pds:maven.swia.calibrated:data.onboard_svy_mom:mvn_swi_l2_onboardsvymom_20210316::2.0
P,urn:nasa:pds:maven.swia.calibrated:data.onboard_svy_mom:mvn_swi_l2_onboardsvymom_20210317::2.0
P,urn:nasa:pds:maven.swia.calibrated:data.onboard_svy_mom:mvn_swi_l2_onboardsvymom_20210318::2.0
P,urn:nasa:pds:maven.swia.calibrated:data.onboard_svy_mom:mvn_swi_l2_onboardsvymom_20210319::2.0
P,urn:nasa:pds:maven.swia.calibrated:data.onboard_svy_mom:mvn_swi_l2_onboardsvymom_20210320::2.0
P,urn:nasa:pds:maven.swia.calibrated:data.onboard_svy_mom:mvn_swi_l2_onboardsvymom_20210321::2.0
P,urn:nasa:pds:maven.swia.calibrated:data.onboard_svy_mom:mvn_swi_l2_onboardsvymom_20210322::2.0
P,urn:nasa:pds:maven.swia.calibrated:data.onboard_svy_mom:mvn_swi_l2_onboardsvymom_20210323::2.0
P,urn:nasa:pds:maven.swia.calibrated:data.onboard_svy_mom:mvn_swi_l2_onboardsvymom_20210324::2.0
P,urn:nasa:pds:maven.swia.calibrated:data.onboard_svy_mom:mvn_swi_l2_onboardsvymom_20210325::2.0
P,urn:nasa:pds:maven.swia.calibrated:data.onboard_svy_mom:mvn_swi_l2_onboardsvymom_20210326::2.0
P,urn:nasa:pds:maven.swia.calibrated:data.onboard_svy_mom:mvn_swi_l2_onboardsvymom_20210327::2.0
P,urn:nasa:pds:maven.swia.calibrated:data.onboard_svy_mom:mvn_swi_l2_onboardsvymom_20210328::2.0
P,urn:nasa:pds:maven.swia.calibrated:data.onboard_svy_mom:mvn_swi_l2_onboardsvymom_20210329::2.0
P,urn:nasa:pds:maven.swia.calibrated:data.onboard_svy_mom:mvn_swi_l2_onboardsvymom_20210330::2.0
P,urn:nasa:pds:maven.swia.calibrated:data.onboard_svy_mom:mvn_swi_l2_onboardsvymom_20210331::2.0
P,urn:nasa:pds:maven.swia.calibrated:data.onboard_svy_mom:mvn_swi_l2_onboardsvymom_20210401::2.0
P,urn:nasa:pds:maven.swia.calibrated:data.onboard_svy_mom:mvn_swi_l2_onboardsvymom_20210402::2.0
P,urn:nasa:pds:maven.swia.calibrated:data.onboard_svy_mom:mvn_swi_l2_onboardsvymom_20210403::2.0
P,urn:nasa:pds:maven.swia.calibrated:data.onboard_svy_mom:mvn_swi_l2_onboardsvymom_20210404::2.0
P,urn:nasa:pds:maven.swia.calibrated:data.onboard_svy_mom:mvn_swi_l2_onboardsvymom_20210405::2.0
P,urn:nasa:pds:maven.swia.calibrated:data.onboard_svy_mom:mvn_swi_l2_onboardsvymom_20210406::2.0
P,urn:nasa:pds:maven.swia.calibrated:data.onboard_svy_mom:mvn_swi_l2_onboardsvymom_20210407::2.0
P,urn:nasa:pds:maven.swia.calibrated:data.onboard_svy_mom:mvn_swi_l2_onboardsvymom_20210408::2.0
P,urn:nasa:pds:maven.swia.calibrated:data.onboard_svy_mom:mvn_swi_l2_onboardsvymom_20210409::2.0
P,urn:nasa:pds:maven.swia.calibrated:data.onboard_svy_mom:mvn_swi_l2_onboardsvymom_20210410::2.0
P,urn:nasa:pds:maven.swia.calibrated:data.onboard_svy_mom:mvn_swi_l2_onboardsvymom_20210411::2.0
P,urn:nasa:pds:maven.swia.calibrated:data.onboard_svy_mom:mvn_swi_l2_onboardsvymom_20210412::2.0
P,urn:nasa:pds:maven.swia.calibrated:data.onboard_svy_mom:mvn_swi_l2_onboardsvymom_20210413::2.0
P,urn:nasa:pds:maven.swia.calibrated:data.onboard_svy_mom:mvn_swi_l2_onboardsvymom_20210414::2.0
P,urn:nasa:pds:maven.swia.calibrated:data.onboard_svy_mom:mvn_swi_l2_onboardsvymom_20210415::2.0
P,urn:nasa:pds:maven.swia.calibrated:data.onboard_svy_mom:mvn_swi_l2_onboardsvymom_20210416::2.0
P,urn:nasa:pds:maven.swia.calibrated:data.onboard_svy_mom:mvn_swi_l2_onboardsvymom_20210417::2.0
P,urn:nasa:pds:maven.swia.calibrated:data.onboard_svy_mom:mvn_swi_l2_onboardsvymom_20210418::2.0
P,urn:nasa:pds:maven.swia.calibrated:data.onboard_svy_mom:mvn_swi_l2_onboardsvymom_20210419::2.0
P,urn:nasa:pds:maven.swia.calibrated:data.onboard_svy_mom:mvn_swi_l2_onboardsvymom_20210420::2.0
P,urn:nasa:pds:maven.swia.calibrated:data.onboard_svy_mom:mvn_swi_l2_onboardsvymom_20210421::2.0
P,urn:nasa:pds:maven.swia.calibrated:data.onboard_svy_mom:mvn_swi_l2_onboardsvymom_20210422::2.0
P,urn:nasa:pds:maven.swia.calibrated:data.onboard_svy_mom:mvn_swi_l2_onboardsvymom_20210423::2.0
P,urn:nasa:pds:maven.swia.calibrated:data.onboard_svy_mom:mvn_swi_l2_onboardsvymom_20210424::2.0
P,urn:nasa:pds:maven.swia.calibrated:data.onboard_svy_mom:mvn_swi_l2_onboardsvymom_20210425::2.0
P,urn:nasa:pds:maven.swia.calibrated:data.onboard_svy_mom:mvn_swi_l2_onboardsvymom_20210426::2.0
P,urn:nasa:pds:maven.swia.calibrated:data.onboard_svy_mom:mvn_swi_l2_onboardsvymom_20210427::2.0
P,urn:nasa:pds:maven.swia.calibrated:data.onboard_svy_mom:mvn_swi_l2_onboardsvymom_20210428::2.0
P,urn:nasa:pds:maven.swia.calibrated:data.onboard_svy_mom:mvn_swi_l2_onboardsvymom_20210429::2.0
P,urn:nasa:pds:maven.swia.calibrated:data.onboard_svy_mom:mvn_swi_l2_onboardsvymom_20210430::2.0
P,urn:nasa:pds:maven.swia.calibrated:data.onboard_svy_mom:mvn_swi_l2_onboardsvymom_20210501::2.0
P,urn:nasa:pds:maven.swia.calibrated:data.onboard_svy_mom:mvn_swi_l2_onboardsvymom_20210502::2.0
P,urn:nasa:pds:maven.swia.calibrated:data.onboard_svy_mom:mvn_swi_l2_onboardsvymom_20210503::2.0
P,urn:nasa:pds:maven.swia.calibrated:data.onboard_svy_mom:mvn_swi_l2_onboardsvymom_20210504::2.0
P,urn:nasa:pds:maven.swia.calibrated:data.onboard_svy_mom:mvn_swi_l2_onboardsvymom_20210505::2.0
P,urn:nasa:pds:maven.swia.calibrated:data.onboard_svy_mom:mvn_swi_l2_onboardsvymom_20210506::2.0
P,urn:nasa:pds:maven.swia.calibrated:data.onboard_svy_mom:mvn_swi_l2_onboardsvymom_20210507::2.0
P,urn:nasa:pds:maven.swia.calibrated:data.onboard_svy_mom:mvn_swi_l2_onboardsvymom_20210508::2.0
P,urn:nasa:pds:maven.swia.calibrated:data.onboard_svy_mom:mvn_swi_l2_onboardsvymom_20210509::2.0
P,urn:nasa:pds:maven.swia.calibrated:data.onboard_svy_mom:mvn_swi_l2_onboardsvymom_20210510::2.0
P,urn:nasa:pds:maven.swia.calibrated:data.onboard_svy_mom:mvn_swi_l2_onboardsvymom_20210511::2.0
P,urn:nasa:pds:maven.swia.calibrated:data.onboard_svy_mom:mvn_swi_l2_onboardsvymom_20210512::2.0
P,urn:nasa:pds:maven.swia.calibrated:data.onboard_svy_mom:mvn_swi_l2_onboardsvymom_20210513::2.0
P,urn:nasa:pds:maven.swia.calibrated:data.onboard_svy_mom:mvn_swi_l2_onboardsvymom_20210514::2.0
P,urn:nasa:pds:maven.swia.calibrated:data.onboard_svy_mom:mvn_swi_l2_onboardsvymom_20210515::2.0
P,urn:nasa:pds:maven.swia.calibrated:data.onboard_svy_mom:mvn_swi_l2_onboardsvymom_20210516::2.0
P,urn:nasa:pds:maven.swia.calibrated:data.onboard_svy_mom:mvn_swi_l2_onboardsvymom_20210517::2.0
P,urn:nasa:pds:maven.swia.calibrated:data.onboard_svy_mom:mvn_swi_l2_onboardsvymom_20210518::2.0
P,urn:nasa:pds:maven.swia.calibrated:data.onboard_svy_mom:mvn_swi_l2_onboardsvymom_20210519::2.0
P,urn:nasa:pds:maven.swia.calibrated:data.onboard_svy_mom:mvn_swi_l2_onboardsvymom_20210520::2.0
P,urn:nasa:pds:maven.swia.calibrated:data.onboard_svy_mom:mvn_swi_l2_onboardsvymom_20210521::2.0
P,urn:nasa:pds:maven.swia.calibrated:data.onboard_svy_mom:mvn_swi_l2_onboardsvymom_20210522::2.0
P,urn:nasa:pds:maven.swia.calibrated:data.onboard_svy_mom:mvn_swi_l2_onboardsvymom_20210523::2.0
P,urn:nasa:pds:maven.swia.calibrated:data.onboard_svy_mom:mvn_swi_l2_onboardsvymom_20210524::2.0
P,urn:nasa:pds:maven.swia.calibrated:data.onboard_svy_mom:mvn_swi_l2_onboardsvymom_20210525::2.0
P,urn:nasa:pds:maven.swia.calibrated:data.onboard_svy_mom:mvn_swi_l2_onboardsvymom_20210526::2.0
P,urn:nasa:pds:maven.swia.calibrated:data.onboard_svy_mom:mvn_swi_l2_onboardsvymom_20210527::2.0
P,urn:nasa:pds:maven.swia.calibrated:data.onboard_svy_mom:mvn_swi_l2_onboardsvymom_20210528::2.0
P,urn:nasa:pds:maven.swia.calibrated:data.onboard_svy_mom:mvn_swi_l2_onboardsvymom_20210529::2.0
P,urn:nasa:pds:maven.swia.calibrated:data.onboard_svy_mom:mvn_swi_l2_onboardsvymom_20210530::2.0
P,urn:nasa:pds:maven.swia.calibrated:data.onboard_svy_mom:mvn_swi_l2_onboardsvymom_20210531::2.0
P,urn:nasa:pds:maven.swia.calibrated:data.onboard_svy_mom:mvn_swi_l2_onboardsvymom_20210601::2.0
P,urn:nasa:pds:maven.swia.calibrated:data.onboard_svy_mom:mvn_swi_l2_onboardsvymom_20210602::2.0
P,urn:nasa:pds:maven.swia.calibrated:data.onboard_svy_mom:mvn_swi_l2_onboardsvymom_20210603::2.0
P,urn:nasa:pds:maven.swia.calibrated:data.onboard_svy_mom:mvn_swi_l2_onboardsvymom_20210604::2.0
P,urn:nasa:pds:maven.swia.calibrated:data.onboard_svy_mom:mvn_swi_l2_onboardsvymom_20210605::2.0
P,urn:nasa:pds:maven.swia.calibrated:data.onboard_svy_mom:mvn_swi_l2_onboardsvymom_20210606::2.0
P,urn:nasa:pds:maven.swia.calibrated:data.onboard_svy_mom:mvn_swi_l2_onboardsvymom_20210607::2.0
P,urn:nasa:pds:maven.swia.calibrated:data.onboard_svy_mom:mvn_swi_l2_onboardsvymom_20210608::2.0
P,urn:nasa:pds:maven.swia.calibrated:data.onboard_svy_mom:mvn_swi_l2_onboardsvymom_20210609::2.0
P,urn:nasa:pds:maven.swia.calibrated:data.onboard_svy_mom:mvn_swi_l2_onboardsvymom_20210610::2.0
P,urn:nasa:pds:maven.swia.calibrated:data.onboard_svy_mom:mvn_swi_l2_onboardsvymom_20210611::2.0
P,urn:nasa:pds:maven.swia.calibrated:data.onboard_svy_mom:mvn_swi_l2_onboardsvymom_20210612::2.0
P,urn:nasa:pds:maven.swia.calibrated:data.onboard_svy_mom:mvn_swi_l2_onboardsvymom_20210613::2.0
P,urn:nasa:pds:maven.swia.calibrated:data.onboard_svy_mom:mvn_swi_l2_onboardsvymom_20210614::2.0
P,urn:nasa:pds:maven.swia.calibrated:data.onboard_svy_mom:mvn_swi_l2_onboardsvymom_20210615::2.0
P,urn:nasa:pds:maven.swia.calibrated:data.onboard_svy_mom:mvn_swi_l2_onboardsvymom_20210616::2.0
P,urn:nasa:pds:maven.swia.calibrated:data.onboard_svy_mom:mvn_swi_l2_onboardsvymom_20210617::2.0
P,urn:nasa:pds:maven.swia.calibrated:data.onboard_svy_mom:mvn_swi_l2_onboardsvymom_20210618::2.0
P,urn:nasa:pds:maven.swia.calibrated:data.onboard_svy_mom:mvn_swi_l2_onboardsvymom_20210619::2.0
P,urn:nasa:pds:maven.swia.calibrated:data.onboard_svy_mom:mvn_swi_l2_onboardsvymom_20210620::2.0
P,urn:nasa:pds:maven.swia.calibrated:data.onboard_svy_mom:mvn_swi_l2_onboardsvymom_20210621::2.0
P,urn:nasa:pds:maven.swia.calibrated:data.onboard_svy_mom:mvn_swi_l2_onboardsvymom_20210622::2.0
P,urn:nasa:pds:maven.swia.calibrated:data.onboard_svy_mom:mvn_swi_l2_onboardsvymom_20210623::2.0
P,urn:nasa:pds:maven.swia.calibrated:data.onboard_svy_mom:mvn_swi_l2_onboardsvymom_20210624::2.0
P,urn:nasa:pds:maven.swia.calibrated:data.onboard_svy_mom:mvn_swi_l2_onboardsvymom_20210625::2.0
P,urn:nasa:pds:maven.swia.calibrated:data.onboard_svy_mom:mvn_swi_l2_onboardsvymom_20210626::2.0
P,urn:nasa:pds:maven.swia.calibrated:data.onboard_svy_mom:mvn_swi_l2_onboardsvymom_20210627::2.0
P,urn:nasa:pds:maven.swia.calibrated:data.onboard_svy_mom:mvn_swi_l2_onboardsvymom_20210628::2.0
P,urn:nasa:pds:maven.swia.calibrated:data.onboard_svy_mom:mvn_swi_l2_onboardsvymom_20210629::2.0
P,urn:nasa:pds:maven.swia.calibrated:data.onboard_svy_mom:mvn_swi_l2_onboardsvymom_20210630::2.0
P,urn:nasa:pds:maven.swia.calibrated:data.onboard_svy_mom:mvn_swi_l2_onboardsvymom_20210701::2.0
P,urn:nasa:pds:maven.swia.calibrated:data.onboard_svy_mom:mvn_swi_l2_onboardsvymom_20210702::2.0
P,urn:nasa:pds:maven.swia.calibrated:data.onboard_svy_mom:mvn_swi_l2_onboardsvymom_20210703::2.0
P,urn:nasa:pds:maven.swia.calibrated:data.onboard_svy_mom:mvn_swi_l2_onboardsvymom_20210704::2.0
P,urn:nasa:pds:maven.swia.calibrated:data.onboard_svy_mom:mvn_swi_l2_onboardsvymom_20210705::2.0
P,urn:nasa:pds:maven.swia.calibrated:data.onboard_svy_mom:mvn_swi_l2_onboardsvymom_20210706::2.0
P,urn:nasa:pds:maven.swia.calibrated:data.onboard_svy_mom:mvn_swi_l2_onboardsvymom_20210707::2.0
P,urn:nasa:pds:maven.swia.calibrated:data.onboard_svy_mom:mvn_swi_l2_onboardsvymom_20210708::2.0
P,urn:nasa:pds:maven.swia.calibrated:data.onboard_svy_mom:mvn_swi_l2_onboardsvymom_20210709::2.0
P,urn:nasa:pds:maven.swia.calibrated:data.onboard_svy_mom:mvn_swi_l2_onboardsvymom_20210710::2.0
P,urn:nasa:pds:maven.swia.calibrated:data.onboard_svy_mom:mvn_swi_l2_onboardsvymom_20210711::2.0
P,urn:nasa:pds:maven.swia.calibrated:data.onboard_svy_mom:mvn_swi_l2_onboardsvymom_20210712::2.0
P,urn:nasa:pds:maven.swia.calibrated:data.onboard_svy_mom:mvn_swi_l2_onboardsvymom_20210713::2.0
P,urn:nasa:pds:maven.swia.calibrated:data.onboard_svy_mom:mvn_swi_l2_onboardsvymom_20210714::2.0
P,urn:nasa:pds:maven.swia.calibrated:data.onboard_svy_mom:mvn_swi_l2_onboardsvymom_20210715::2.0
P,urn:nasa:pds:maven.swia.calibrated:data.onboard_svy_mom:mvn_swi_l2_onboardsvymom_20210716::2.0
P,urn:nasa:pds:maven.swia.calibrated:data.onboard_svy_mom:mvn_swi_l2_onboardsvymom_20210717::2.0
P,urn:nasa:pds:maven.swia.calibrated:data.onboard_svy_mom:mvn_swi_l2_onboardsvymom_20210718::2.0
P,urn:nasa:pds:maven.swia.calibrated:data.onboard_svy_mom:mvn_swi_l2_onboardsvymom_20210719::2.0
P,urn:nasa:pds:maven.swia.calibrated:data.onboard_svy_mom:mvn_swi_l2_onboardsvymom_20210720::2.0
P,urn:nasa:pds:maven.swia.calibrated:data.onboard_svy_mom:mvn_swi_l2_onboardsvymom_20210721::2.0
P,urn:nasa:pds:maven.swia.calibrated:data.onboard_svy_mom:mvn_swi_l2_onboardsvymom_20210722::2.0
P,urn:nasa:pds:maven.swia.calibrated:data.onboard_svy_mom:mvn_swi_l2_onboardsvymom_20210723::2.0
P,urn:nasa:pds:maven.swia.calibrated:data.onboard_svy_mom:mvn_swi_l2_onboardsvymom_20210724::2.0
P,urn:nasa:pds:maven.swia.calibrated:data.onboard_svy_mom:mvn_swi_l2_onboardsvymom_20210725::2.0
P,urn:nasa:pds:maven.swia.calibrated:data.onboard_svy_mom:mvn_swi_l2_onboardsvymom_20210726::2.0
P,urn:nasa:pds:maven.swia.calibrated:data.onboard_svy_mom:mvn_swi_l2_onboardsvymom_20210727::2.0
P,urn:nasa:pds:maven.swia.calibrated:data.onboard_svy_mom:mvn_swi_l2_onboardsvymom_20210728::2.0
P,urn:nasa:pds:maven.swia.calibrated:data.onboard_svy_mom:mvn_swi_l2_onboardsvymom_20210729::2.0
P,urn:nasa:pds:maven.swia.calibrated:data.onboard_svy_mom:mvn_swi_l2_onboardsvymom_20210730::2.0
P,urn:nasa:pds:maven.swia.calibrated:data.onboard_svy_mom:mvn_swi_l2_onboardsvymom_20210731::2.0
P,urn:nasa:pds:maven.swia.calibrated:data.onboard_svy_mom:mvn_swi_l2_onboardsvymom_20210801::2.0
P,urn:nasa:pds:maven.swia.calibrated:data.onboard_svy_mom:mvn_swi_l2_onboardsvymom_20210802::2.0
P,urn:nasa:pds:maven.swia.calibrated:data.onboard_svy_mom:mvn_swi_l2_onboardsvymom_20210803::2.0
P,urn:nasa:pds:maven.swia.calibrated:data.onboard_svy_mom:mvn_swi_l2_onboardsvymom_20210804::2.0
P,urn:nasa:pds:maven.swia.calibrated:data.onboard_svy_mom:mvn_swi_l2_onboardsvymom_20210805::2.0
P,urn:nasa:pds:maven.swia.calibrated:data.onboard_svy_mom:mvn_swi_l2_onboardsvymom_20210806::2.0
P,urn:nasa:pds:maven.swia.calibrated:data.onboard_svy_mom:mvn_swi_l2_onboardsvymom_20210807::2.0
P,urn:nasa:pds:maven.swia.calibrated:data.onboard_svy_mom:mvn_swi_l2_onboardsvymom_20210808::2.0
P,urn:nasa:pds:maven.swia.calibrated:data.onboard_svy_mom:mvn_swi_l2_onboardsvymom_20210809::2.0
P,urn:nasa:pds:maven.swia.calibrated:data.onboard_svy_mom:mvn_swi_l2_onboardsvymom_20210810::2.0
P,urn:nasa:pds:maven.swia.calibrated:data.onboard_svy_mom:mvn_swi_l2_onboardsvymom_20210811::2.0
P,urn:nasa:pds:maven.swia.calibrated:data.onboard_svy_mom:mvn_swi_l2_onboardsvymom_20210812::2.0
P,urn:nasa:pds:maven.swia.calibrated:data.onboard_svy_mom:mvn_swi_l2_onboardsvymom_20210813::2.0
P,urn:nasa:pds:maven.swia.calibrated:data.onboard_svy_mom:mvn_swi_l2_onboardsvymom_20210814::2.0
P,urn:nasa:pds:maven.swia.calibrated:data.onboard_svy_mom:mvn_swi_l2_onboardsvymom_20210815::2.0
P,urn:nasa:pds:maven.swia.calibrated:data.onboard_svy_mom:mvn_swi_l2_onboardsvymom_20210816::2.0
P,urn:nasa:pds:maven.swia.calibrated:data.onboard_svy_mom:mvn_swi_l2_onboardsvymom_20210817::2.0
P,urn:nasa:pds:maven.swia.calibrated:data.onboard_svy_mom:mvn_swi_l2_onboardsvymom_20210818::2.0
P,urn:nasa:pds:maven.swia.calibrated:data.onboard_svy_mom:mvn_swi_l2_onboardsvymom_20210819::2.0
P,urn:nasa:pds:maven.swia.calibrated:data.onboard_svy_mom:mvn_swi_l2_onboardsvymom_20210820::2.0
P,urn:nasa:pds:maven.swia.calibrated:data.onboard_svy_mom:mvn_swi_l2_onboardsvymom_20210821::2.0
P,urn:nasa:pds:maven.swia.calibrated:data.onboard_svy_mom:mvn_swi_l2_onboardsvymom_20210822::2.0
P,urn:nasa:pds:maven.swia.calibrated:data.onboard_svy_mom:mvn_swi_l2_onboardsvymom_20210823::2.0
P,urn:nasa:pds:maven.swia.calibrated:data.onboard_svy_mom:mvn_swi_l2_onboardsvymom_20210824::2.0
P,urn:nasa:pds:maven.swia.calibrated:data.onboard_svy_mom:mvn_swi_l2_onboardsvymom_20210825::2.0
P,urn:nasa:pds:maven.swia.calibrated:data.onboard_svy_mom:mvn_swi_l2_onboardsvymom_20210826::2.0
P,urn:nasa:pds:maven.swia.calibrated:data.onboard_svy_mom:mvn_swi_l2_onboardsvymom_20210827::2.0
P,urn:nasa:pds:maven.swia.calibrated:data.onboard_svy_mom:mvn_swi_l2_onboardsvymom_20210828::2.0
P,urn:nasa:pds:maven.swia.calibrated:data.onboard_svy_mom:mvn_swi_l2_onboardsvymom_20210829::2.0
P,urn:nasa:pds:maven.swia.calibrated:data.onboard_svy_mom:mvn_swi_l2_onboardsvymom_20210830::2.0
P,urn:nasa:pds:maven.swia.calibrated:data.onboard_svy_mom:mvn_swi_l2_onboardsvymom_20210831::2.0
P,urn:nasa:pds:maven.swia.calibrated:data.onboard_svy_mom:mvn_swi_l2_onboardsvymom_20210901::2.0
P,urn:nasa:pds:maven.swia.calibrated:data.onboard_svy_mom:mvn_swi_l2_onboardsvymom_20210902::2.0
P,urn:nasa:pds:maven.swia.calibrated:data.onboard_svy_mom:mvn_swi_l2_onboardsvymom_20210903::2.0
P,urn:nasa:pds:maven.swia.calibrated:data.onboard_svy_mom:mvn_swi_l2_onboardsvymom_20210904::2.0
P,urn:nasa:pds:maven.swia.calibrated:data.onboard_svy_mom:mvn_swi_l2_onboardsvymom_20210905::2.0
P,urn:nasa:pds:maven.swia.calibrated:data.onboard_svy_mom:mvn_swi_l2_onboardsvymom_20210906::2.0
P,urn:nasa:pds:maven.swia.calibrated:data.onboard_svy_mom:mvn_swi_l2_onboardsvymom_20210907::2.0
P,urn:nasa:pds:maven.swia.calibrated:data.onboard_svy_mom:mvn_swi_l2_onboardsvymom_20210908::2.0
P,urn:nasa:pds:maven.swia.calibrated:data.onboard_svy_mom:mvn_swi_l2_onboardsvymom_20210909::2.0
P,urn:nasa:pds:maven.swia.calibrated:data.onboard_svy_mom:mvn_swi_l2_onboardsvymom_20210910::2.0
P,urn:nasa:pds:maven.swia.calibrated:data.onboard_svy_mom:mvn_swi_l2_onboardsvymom_20210911::2.0
P,urn:nasa:pds:maven.swia.calibrated:data.onboard_svy_mom:mvn_swi_l2_onboardsvymom_20210912::2.0
P,urn:nasa:pds:maven.swia.calibrated:data.onboard_svy_mom:mvn_swi_l2_onboardsvymom_20210913::2.0
P,urn:nasa:pds:maven.swia.calibrated:data.onboard_svy_mom:mvn_swi_l2_onboardsvymom_20210914::2.0
P,urn:nasa:pds:maven.swia.calibrated:data.onboard_svy_mom:mvn_swi_l2_onboardsvymom_20210915::2.0
P,urn:nasa:pds:maven.swia.calibrated:data.onboard_svy_mom:mvn_swi_l2_onboardsvymom_20210916::2.0
P,urn:nasa:pds:maven.swia.calibrated:data.onboard_svy_mom:mvn_swi_l2_onboardsvymom_20210917::2.0
P,urn:nasa:pds:maven.swia.calibrated:data.onboard_svy_mom:mvn_swi_l2_onboardsvymom_20210918::2.0
P,urn:nasa:pds:maven.swia.calibrated:data.onboard_svy_mom:mvn_swi_l2_onboardsvymom_20210919::2.0
P,urn:nasa:pds:maven.swia.calibrated:data.onboard_svy_mom:mvn_swi_l2_onboardsvymom_20210920::2.0
P,urn:nasa:pds:maven.swia.calibrated:data.onboard_svy_mom:mvn_swi_l2_onboardsvymom_20210921::2.0
P,urn:nasa:pds:maven.swia.calibrated:data.onboard_svy_mom:mvn_swi_l2_onboardsvymom_20210922::2.0
P,urn:nasa:pds:maven.swia.calibrated:data.onboard_svy_mom:mvn_swi_l2_onboardsvymom_20210923::2.0
P,urn:nasa:pds:maven.swia.calibrated:data.onboard_svy_mom:mvn_swi_l2_onboardsvymom_20210924::2.0
P,urn:nasa:pds:maven.swia.calibrated:data.onboard_svy_mom:mvn_swi_l2_onboardsvymom_20210925::2.0
P,urn:nasa:pds:maven.swia.calibrated:data.onboard_svy_mom:mvn_swi_l2_onboardsvymom_20210926::2.0
P,urn:nasa:pds:maven.swia.calibrated:data.onboard_svy_mom:mvn_swi_l2_onboardsvymom_20210927::2.0
P,urn:nasa:pds:maven.swia.calibrated:data.onboard_svy_mom:mvn_swi_l2_onboardsvymom_20210928::2.0
P,urn:nasa:pds:maven.swia.calibrated:data.onboard_svy_mom:mvn_swi_l2_onboardsvymom_20210929::2.0
P,urn:nasa:pds:maven.swia.calibrated:data.onboard_svy_mom:mvn_swi_l2_onboardsvymom_20210930::2.0
P,urn:nasa:pds:maven.swia.calibrated:data.onboard_svy_mom:mvn_swi_l2_onboardsvymom_20211001::2.0
P,urn:nasa:pds:maven.swia.calibrated:data.onboard_svy_mom:mvn_swi_l2_onboardsvymom_20211002::2.0
P,urn:nasa:pds:maven.swia.calibrated:data.onboard_svy_mom:mvn_swi_l2_onboardsvymom_20211003::2.0
P,urn:nasa:pds:maven.swia.calibrated:data.onboard_svy_mom:mvn_swi_l2_onboardsvymom_20211004::2.0
P,urn:nasa:pds:maven.swia.calibrated:data.onboard_svy_mom:mvn_swi_l2_onboardsvymom_20211005::2.0
P,urn:nasa:pds:maven.swia.calibrated:data.onboard_svy_mom:mvn_swi_l2_onboardsvymom_20211006::2.0
P,urn:nasa:pds:maven.swia.calibrated:data.onboard_svy_mom:mvn_swi_l2_onboardsvymom_20211007::2.0
P,urn:nasa:pds:maven.swia.calibrated:data.onboard_svy_mom:mvn_swi_l2_onboardsvymom_20211008::2.0
P,urn:nasa:pds:maven.swia.calibrated:data.onboard_svy_mom:mvn_swi_l2_onboardsvymom_20211009::2.0
P,urn:nasa:pds:maven.swia.calibrated:data.onboard_svy_mom:mvn_swi_l2_onboardsvymom_20211010::2.0
P,urn:nasa:pds:maven.swia.calibrated:data.onboard_svy_mom:mvn_swi_l2_onboardsvymom_20211011::2.0
P,urn:nasa:pds:maven.swia.calibrated:data.onboard_svy_mom:mvn_swi_l2_onboardsvymom_20211012::2.0
P,urn:nasa:pds:maven.swia.calibrated:data.onboard_svy_mom:mvn_swi_l2_onboardsvymom_20211013::2.0
P,urn:nasa:pds:maven.swia.calibrated:data.onboard_svy_mom:mvn_swi_l2_onboardsvymom_20211014::2.0
P,urn:nasa:pds:maven.swia.calibrated:data.onboard_svy_mom:mvn_swi_l2_onboardsvymom_20211015::2.0
P,urn:nasa:pds:maven.swia.calibrated:data.onboard_svy_mom:mvn_swi_l2_onboardsvymom_20211016::2.0
P,urn:nasa:pds:maven.swia.calibrated:data.onboard_svy_mom:mvn_swi_l2_onboardsvymom_20211017::2.0
P,urn:nasa:pds:maven.swia.calibrated:data.onboard_svy_mom:mvn_swi_l2_onboardsvymom_20211018::2.0
P,urn:nasa:pds:maven.swia.calibrated:data.onboard_svy_mom:mvn_swi_l2_onboardsvymom_20211019::2.0
P,urn:nasa:pds:maven.swia.calibrated:data.onboard_svy_mom:mvn_swi_l2_onboardsvymom_20211020::2.0
P,urn:nasa:pds:maven.swia.calibrated:data.onboard_svy_mom:mvn_swi_l2_onboardsvymom_20211021::2.0
P,urn:nasa:pds:maven.swia.calibrated:data.onboard_svy_mom:mvn_swi_l2_onboardsvymom_20211022::2.0
P,urn:nasa:pds:maven.swia.calibrated:data.onboard_svy_mom:mvn_swi_l2_onboardsvymom_20211023::2.0
P,urn:nasa:pds:maven.swia.calibrated:data.onboard_svy_mom:mvn_swi_l2_onboardsvymom_20211024::2.0
P,urn:nasa:pds:maven.swia.calibrated:data.onboard_svy_mom:mvn_swi_l2_onboardsvymom_20211025::2.0
P,urn:nasa:pds:maven.swia.calibrated:data.onboard_svy_mom:mvn_swi_l2_onboardsvymom_20211026::2.0
P,urn:nasa:pds:maven.swia.calibrated:data.onboard_svy_mom:mvn_swi_l2_onboardsvymom_20211027::2.0
P,urn:nasa:pds:maven.swia.calibrated:data.onboard_svy_mom:mvn_swi_l2_onboardsvymom_20211028::2.0
P,urn:nasa:pds:maven.swia.calibrated:data.onboard_svy_mom:mvn_swi_l2_onboardsvymom_20211029::2.0
P,urn:nasa:pds:maven.swia.calibrated:data.onboard_svy_mom:mvn_swi_l2_onboardsvymom_20211030::2.0
P,urn:nasa:pds:maven.swia.calibrated:data.onboard_svy_mom:mvn_swi_l2_onboardsvymom_20211031::2.0
P,urn:nasa:pds:maven.swia.calibrated:data.onboard_svy_mom:mvn_swi_l2_onboardsvymom_20211101::2.0
P,urn:nasa:pds:maven.swia.calibrated:data.onboard_svy_mom:mvn_swi_l2_onboardsvymom_20211102::2.0
P,urn:nasa:pds:maven.swia.calibrated:data.onboard_svy_mom:mvn_swi_l2_onboardsvymom_20211103::2.0
P,urn:nasa:pds:maven.swia.calibrated:data.onboard_svy_mom:mvn_swi_l2_onboardsvymom_20211104::2.0
P,urn:nasa:pds:maven.swia.calibrated:data.onboard_svy_mom:mvn_swi_l2_onboardsvymom_20211105::2.0
P,urn:nasa:pds:maven.swia.calibrated:data.onboard_svy_mom:mvn_swi_l2_onboardsvymom_20211106::2.0
P,urn:nasa:pds:maven.swia.calibrated:data.onboard_svy_mom:mvn_swi_l2_onboardsvymom_20211107::2.0
P,urn:nasa:pds:maven.swia.calibrated:data.onboard_svy_mom:mvn_swi_l2_onboardsvymom_20211108::2.0
P,urn:nasa:pds:maven.swia.calibrated:data.onboard_svy_mom:mvn_swi_l2_onboardsvymom_20211109::2.0
P,urn:nasa:pds:maven.swia.calibrated:data.onboard_svy_mom:mvn_swi_l2_onboardsvymom_20211110::2.0
P,urn:nasa:pds:maven.swia.calibrated:data.onboard_svy_mom:mvn_swi_l2_onboardsvymom_20211111::2.0
P,urn:nasa:pds:maven.swia.calibrated:data.onboard_svy_mom:mvn_swi_l2_onboardsvymom_20211112::2.0
P,urn:nasa:pds:maven.swia.calibrated:data.onboard_svy_mom:mvn_swi_l2_onboardsvymom_20211113::2.0
P,urn:nasa:pds:maven.swia.calibrated:data.onboard_svy_mom:mvn_swi_l2_onboardsvymom_20211114::2.0
P,urn:nasa:pds:maven.swia.calibrated:data.onboard_svy_mom:mvn_swi_l2_onboardsvymom_20211115::1.0
P,urn:nasa:pds:maven.swia.calibrated:data.onboard_svy_mom:mvn_swi_l2_onboardsvymom_20211116::1.0
P,urn:nasa:pds:maven.swia.calibrated:data.onboard_svy_mom:mvn_swi_l2_onboardsvymom_20211117::1.0
P,urn:nasa:pds:maven.swia.calibrated:data.onboard_svy_mom:mvn_swi_l2_onboardsvymom_20211118::1.0
P,urn:nasa:pds:maven.swia.calibrated:data.onboard_svy_mom:mvn_swi_l2_onboardsvymom_20211119::1.0
P,urn:nasa:pds:maven.swia.calibrated:data.onboard_svy_mom:mvn_swi_l2_onboardsvymom_20211120::1.0
P,urn:nasa:pds:maven.swia.calibrated:data.onboard_svy_mom:mvn_swi_l2_onboardsvymom_20211121::1.0
P,urn:nasa:pds:maven.swia.calibrated:data.onboard_svy_mom:mvn_swi_l2_onboardsvymom_20211122::1.0
P,urn:nasa:pds:maven.swia.calibrated:data.onboard_svy_mom:mvn_swi_l2_onboardsvymom_20211123::1.0
P,urn:nasa:pds:maven.swia.calibrated:data.onboard_svy_mom:mvn_swi_l2_onboardsvymom_20211124::1.0
P,urn:nasa:pds:maven.swia.calibrated:data.onboard_svy_mom:mvn_swi_l2_onboardsvymom_20211125::1.0
P,urn:nasa:pds:maven.swia.calibrated:data.onboard_svy_mom:mvn_swi_l2_onboardsvymom_20211126::1.0
P,urn:nasa:pds:maven.swia.calibrated:data.onboard_svy_mom:mvn_swi_l2_onboardsvymom_20211127::1.0
P,urn:nasa:pds:maven.swia.calibrated:data.onboard_svy_mom:mvn_swi_l2_onboardsvymom_20211128::1.0
P,urn:nasa:pds:maven.swia.calibrated:data.onboard_svy_mom:mvn_swi_l2_onboardsvymom_20211129::1.0
P,urn:nasa:pds:maven.swia.calibrated:data.onboard_svy_mom:mvn_swi_l2_onboardsvymom_20211130::1.0
P,urn:nasa:pds:maven.swia.calibrated:data.onboard_svy_mom:mvn_swi_l2_onboardsvymom_20211201::1.0
P,urn:nasa:pds:maven.swia.calibrated:data.onboard_svy_mom:mvn_swi_l2_onboardsvymom_20211202::1.0
P,urn:nasa:pds:maven.swia.calibrated:data.onboard_svy_mom:mvn_swi_l2_onboardsvymom_20211203::1.0
P,urn:nasa:pds:maven.swia.calibrated:data.onboard_svy_mom:mvn_swi_l2_onboardsvymom_20211204::1.0
P,urn:nasa:pds:maven.swia.calibrated:data.onboard_svy_mom:mvn_swi_l2_onboardsvymom_20211205::1.0
P,urn:nasa:pds:maven.swia.calibrated:data.onboard_svy_mom:mvn_swi_l2_onboardsvymom_20211206::1.0
P,urn:nasa:pds:maven.swia.calibrated:data.onboard_svy_mom:mvn_swi_l2_onboardsvymom_20211207::1.0
P,urn:nasa:pds:maven.swia.calibrated:data.onboard_svy_mom:mvn_swi_l2_onboardsvymom_20211208::1.0
P,urn:nasa:pds:maven.swia.calibrated:data.onboard_svy_mom:mvn_swi_l2_onboardsvymom_20211209::1.0
P,urn:nasa:pds:maven.swia.calibrated:data.onboard_svy_mom:mvn_swi_l2_onboardsvymom_20211210::1.0
P,urn:nasa:pds:maven.swia.calibrated:data.onboard_svy_mom:mvn_swi_l2_onboardsvymom_20211211::1.0
P,urn:nasa:pds:maven.swia.calibrated:data.onboard_svy_mom:mvn_swi_l2_onboardsvymom_20211212::1.0
P,urn:nasa:pds:maven.swia.calibrated:data.onboard_svy_mom:mvn_swi_l2_onboardsvymom_20211213::1.0
P,urn:nasa:pds:maven.swia.calibrated:data.onboard_svy_mom:mvn_swi_l2_onboardsvymom_20211214::1.0
P,urn:nasa:pds:maven.swia.calibrated:data.onboard_svy_mom:mvn_swi_l2_onboardsvymom_20211215::1.0
P,urn:nasa:pds:maven.swia.calibrated:data.onboard_svy_mom:mvn_swi_l2_onboardsvymom_20211216::1.0
P,urn:nasa:pds:maven.swia.calibrated:data.onboard_svy_mom:mvn_swi_l2_onboardsvymom_20211217::1.0
P,urn:nasa:pds:maven.swia.calibrated:data.onboard_svy_mom:mvn_swi_l2_onboardsvymom_20211218::1.0
P,urn:nasa:pds:maven.swia.calibrated:data.onboard_svy_mom:mvn_swi_l2_onboardsvymom_20211219::1.0
P,urn:nasa:pds:maven.swia.calibrated:data.onboard_svy_mom:mvn_swi_l2_onboardsvymom_20211220::1.0
P,urn:nasa:pds:maven.swia.calibrated:data.onboard_svy_mom:mvn_swi_l2_onboardsvymom_20211221::1.0
P,urn:nasa:pds:maven.swia.calibrated:data.onboard_svy_mom:mvn_swi_l2_onboardsvymom_20211222::1.0
P,urn:nasa:pds:maven.swia.calibrated:data.onboard_svy_mom:mvn_swi_l2_onboardsvymom_20211223::1.0
P,urn:nasa:pds:maven.swia.calibrated:data.onboard_svy_mom:mvn_swi_l2_onboardsvymom_20211224::1.0
P,urn:nasa:pds:maven.swia.calibrated:data.onboard_svy_mom:mvn_swi_l2_onboardsvymom_20211225::1.0
P,urn:nasa:pds:maven.swia.calibrated:data.onboard_svy_mom:mvn_swi_l2_onboardsvymom_20211226::1.0
P,urn:nasa:pds:maven.swia.calibrated:data.onboard_svy_mom:mvn_swi_l2_onboardsvymom_20211227::1.0
P,urn:nasa:pds:maven.swia.calibrated:data.onboard_svy_mom:mvn_swi_l2_onboardsvymom_20211228::1.0
P,urn:nasa:pds:maven.swia.calibrated:data.onboard_svy_mom:mvn_swi_l2_onboardsvymom_20211229::1.0
P,urn:nasa:pds:maven.swia.calibrated:data.onboard_svy_mom:mvn_swi_l2_onboardsvymom_20211230::1.0
P,urn:nasa:pds:maven.swia.calibrated:data.onboard_svy_mom:mvn_swi_l2_onboardsvymom_20211231::1.0
P,urn:nasa:pds:maven.swia.calibrated:data.onboard_svy_mom:mvn_swi_l2_onboardsvymom_20220101::1.0
P,urn:nasa:pds:maven.swia.calibrated:data.onboard_svy_mom:mvn_swi_l2_onboardsvymom_20220102::1.0
P,urn:nasa:pds:maven.swia.calibrated:data.onboard_svy_mom:mvn_swi_l2_onboardsvymom_20220103::1.0
P,urn:nasa:pds:maven.swia.calibrated:data.onboard_svy_mom:mvn_swi_l2_onboardsvymom_20220104::1.0
P,urn:nasa:pds:maven.swia.calibrated:data.onboard_svy_mom:mvn_swi_l2_onboardsvymom_20220105::1.0
P,urn:nasa:pds:maven.swia.calibrated:data.onboard_svy_mom:mvn_swi_l2_onboardsvymom_20220106::1.0
P,urn:nasa:pds:maven.swia.calibrated:data.onboard_svy_mom:mvn_swi_l2_onboardsvymom_20220107::1.0
P,urn:nasa:pds:maven.swia.calibrated:data.onboard_svy_mom:mvn_swi_l2_onboardsvymom_20220108::1.0
P,urn:nasa:pds:maven.swia.calibrated:data.onboard_svy_mom:mvn_swi_l2_onboardsvymom_20220109::1.0
P,urn:nasa:pds:maven.swia.calibrated:data.onboard_svy_mom:mvn_swi_l2_onboardsvymom_20220110::1.0
P,urn:nasa:pds:maven.swia.calibrated:data.onboard_svy_mom:mvn_swi_l2_onboardsvymom_20220111::1.0
P,urn:nasa:pds:maven.swia.calibrated:data.onboard_svy_mom:mvn_swi_l2_onboardsvymom_20220112::1.0
P,urn:nasa:pds:maven.swia.calibrated:data.onboard_svy_mom:mvn_swi_l2_onboardsvymom_20220113::1.0
P,urn:nasa:pds:maven.swia.calibrated:data.onboard_svy_mom:mvn_swi_l2_onboardsvymom_20220114::1.0
P,urn:nasa:pds:maven.swia.calibrated:data.onboard_svy_mom:mvn_swi_l2_onboardsvymom_20220115::1.0
P,urn:nasa:pds:maven.swia.calibrated:data.onboard_svy_mom:mvn_swi_l2_onboardsvymom_20220116::1.0
P,urn:nasa:pds:maven.swia.calibrated:data.onboard_svy_mom:mvn_swi_l2_onboardsvymom_20220117::1.0
P,urn:nasa:pds:maven.swia.calibrated:data.onboard_svy_mom:mvn_swi_l2_onboardsvymom_20220118::1.0
P,urn:nasa:pds:maven.swia.calibrated:data.onboard_svy_mom:mvn_swi_l2_onboardsvymom_20220119::1.0
P,urn:nasa:pds:maven.swia.calibrated:data.onboard_svy_mom:mvn_swi_l2_onboardsvymom_20220120::1.0
P,urn:nasa:pds:maven.swia.calibrated:data.onboard_svy_mom:mvn_swi_l2_onboardsvymom_20220121::1.0
P,urn:nasa:pds:maven.swia.calibrated:data.onboard_svy_mom:mvn_swi_l2_onboardsvymom_20220122::1.0
P,urn:nasa:pds:maven.swia.calibrated:data.onboard_svy_mom:mvn_swi_l2_onboardsvymom_20220123::1.0
P,urn:nasa:pds:maven.swia.calibrated:data.onboard_svy_mom:mvn_swi_l2_onboardsvymom_20220124::1.0
P,urn:nasa:pds:maven.swia.calibrated:data.onboard_svy_mom:mvn_swi_l2_onboardsvymom_20220125::1.0
P,urn:nasa:pds:maven.swia.calibrated:data.onboard_svy_mom:mvn_swi_l2_onboardsvymom_20220126::1.0
P,urn:nasa:pds:maven.swia.calibrated:data.onboard_svy_mom:mvn_swi_l2_onboardsvymom_20220127::1.0
P,urn:nasa:pds:maven.swia.calibrated:data.onboard_svy_mom:mvn_swi_l2_onboardsvymom_20220128::1.0
P,urn:nasa:pds:maven.swia.calibrated:data.onboard_svy_mom:mvn_swi_l2_onboardsvymom_20220129::1.0
P,urn:nasa:pds:maven.swia.calibrated:data.onboard_svy_mom:mvn_swi_l2_onboardsvymom_20220130::1.0
P,urn:nasa:pds:maven.swia.calibrated:data.onboard_svy_mom:mvn_swi_l2_onboardsvymom_20220131::1.0
P,urn:nasa:pds:maven.swia.calibrated:data.onboard_svy_mom:mvn_swi_l2_onboardsvymom_20220201::1.0
P,urn:nasa:pds:maven.swia.calibrated:data.onboard_svy_mom:mvn_swi_l2_onboardsvymom_20220202::1.0
P,urn:nasa:pds:maven.swia.calibrated:data.onboard_svy_mom:mvn_swi_l2_onboardsvymom_20220203::1.0
P,urn:nasa:pds:maven.swia.calibrated:data.onboard_svy_mom:mvn_swi_l2_onboardsvymom_20220204::1.0
P,urn:nasa:pds:maven.swia.calibrated:data.onboard_svy_mom:mvn_swi_l2_onboardsvymom_20220205::1.0
P,urn:nasa:pds:maven.swia.calibrated:data.onboard_svy_mom:mvn_swi_l2_onboardsvymom_20220206::1.0
P,urn:nasa:pds:maven.swia.calibrated:data.onboard_svy_mom:mvn_swi_l2_onboardsvymom_20220207::1.0
P,urn:nasa:pds:maven.swia.calibrated:data.onboard_svy_mom:mvn_swi_l2_onboardsvymom_20220208::1.0
P,urn:nasa:pds:maven.swia.calibrated:data.onboard_svy_mom:mvn_swi_l2_onboardsvymom_20220209::1.0
P,urn:nasa:pds:maven.swia.calibrated:data.onboard_svy_mom:mvn_swi_l2_onboardsvymom_20220210::1.0
P,urn:nasa:pds:maven.swia.calibrated:data.onboard_svy_mom:mvn_swi_l2_onboardsvymom_20220211::1.0
P,urn:nasa:pds:maven.swia.calibrated:data.onboard_svy_mom:mvn_swi_l2_onboardsvymom_20220212::1.0
P,urn:nasa:pds:maven.swia.calibrated:data.onboard_svy_mom:mvn_swi_l2_onboardsvymom_20220213::1.0
P,urn:nasa:pds:maven.swia.calibrated:data.onboard_svy_mom:mvn_swi_l2_onboardsvymom_20220214::1.0
P,urn:nasa:pds:maven.swia.calibrated:data.onboard_svy_mom:mvn_swi_l2_onboardsvymom_20220215::1.0
P,urn:nasa:pds:maven.swia.calibrated:data.onboard_svy_mom:mvn_swi_l2_onboardsvymom_20220216::1.0
P,urn:nasa:pds:maven.swia.calibrated:data.onboard_svy_mom:mvn_swi_l2_onboardsvymom_20220217::1.0
P,urn:nasa:pds:maven.swia.calibrated:data.onboard_svy_mom:mvn_swi_l2_onboardsvymom_20220218::1.0
P,urn:nasa:pds:maven.swia.calibrated:data.onboard_svy_mom:mvn_swi_l2_onboardsvymom_20220219::1.0
P,urn:nasa:pds:maven.swia.calibrated:data.onboard_svy_mom:mvn_swi_l2_onboardsvymom_20220220::1.0
P,urn:nasa:pds:maven.swia.calibrated:data.onboard_svy_mom:mvn_swi_l2_onboardsvymom_20220221::1.0
P,urn:nasa:pds:maven.swia.calibrated:data.onboard_svy_mom:mvn_swi_l2_onboardsvymom_20220222::1.0
P,urn:nasa:pds:maven.swia.calibrated:data.onboard_svy_mom:mvn_swi_l2_onboardsvymom_20220422::1.0
P,urn:nasa:pds:maven.swia.calibrated:data.onboard_svy_mom:mvn_swi_l2_onboardsvymom_20220423::1.0
P,urn:nasa:pds:maven.swia.calibrated:data.onboard_svy_mom:mvn_swi_l2_onboardsvymom_20220424::1.0
P,urn:nasa:pds:maven.swia.calibrated:data.onboard_svy_mom:mvn_swi_l2_onboardsvymom_20220425::1.0
P,urn:nasa:pds:maven.swia.calibrated:data.onboard_svy_mom:mvn_swi_l2_onboardsvymom_20220426::1.0
P,urn:nasa:pds:maven.swia.calibrated:data.onboard_svy_mom:mvn_swi_l2_onboardsvymom_20220427::1.0
P,urn:nasa:pds:maven.swia.calibrated:data.onboard_svy_mom:mvn_swi_l2_onboardsvymom_20220428::1.0
P,urn:nasa:pds:maven.swia.calibrated:data.onboard_svy_mom:mvn_swi_l2_onboardsvymom_20220429::1.0
P,urn:nasa:pds:maven.swia.calibrated:data.onboard_svy_mom:mvn_swi_l2_onboardsvymom_20220430::1.0
P,urn:nasa:pds:maven.swia.calibrated:data.onboard_svy_mom:mvn_swi_l2_onboardsvymom_20220501::1.0
P,urn:nasa:pds:maven.swia.calibrated:data.onboard_svy_mom:mvn_swi_l2_onboardsvymom_20220502::1.0
P,urn:nasa:pds:maven.swia.calibrated:data.onboard_svy_mom:mvn_swi_l2_onboardsvymom_20220503::1.0
P,urn:nasa:pds:maven.swia.calibrated:data.onboard_svy_mom:mvn_swi_l2_onboardsvymom_20220504::1.0
P,urn:nasa:pds:maven.swia.calibrated:data.onboard_svy_mom:mvn_swi_l2_onboardsvymom_20220505::1.0
P,urn:nasa:pds:maven.swia.calibrated:data.onboard_svy_mom:mvn_swi_l2_onboardsvymom_20220506::1.0
P,urn:nasa:pds:maven.swia.calibrated:data.onboard_svy_mom:mvn_swi_l2_onboardsvymom_20220507::1.0
P,urn:nasa:pds:maven.swia.calibrated:data.onboard_svy_mom:mvn_swi_l2_onboardsvymom_20220508::1.0
P,urn:nasa:pds:maven.swia.calibrated:data.onboard_svy_mom:mvn_swi_l2_onboardsvymom_20220509::1.0
P,urn:nasa:pds:maven.swia.calibrated:data.onboard_svy_mom:mvn_swi_l2_onboardsvymom_20220510::1.0
P,urn:nasa:pds:maven.swia.calibrated:data.onboard_svy_mom:mvn_swi_l2_onboardsvymom_20220511::1.0
P,urn:nasa:pds:maven.swia.calibrated:data.onboard_svy_mom:mvn_swi_l2_onboardsvymom_20220512::1.0
P,urn:nasa:pds:maven.swia.calibrated:data.onboard_svy_mom:mvn_swi_l2_onboardsvymom_20220513::1.0
P,urn:nasa:pds:maven.swia.calibrated:data.onboard_svy_mom:mvn_swi_l2_onboardsvymom_20220514::1.0
P,urn:nasa:pds:maven.swia.calibrated:data.onboard_svy_mom:mvn_swi_l2_onboardsvymom_20220515::1.0
P,urn:nasa:pds:maven.swia.calibrated:data.onboard_svy_mom:mvn_swi_l2_onboardsvymom_20220516::1.0
P,urn:nasa:pds:maven.swia.calibrated:data.onboard_svy_mom:mvn_swi_l2_onboardsvymom_20220517::1.0
P,urn:nasa:pds:maven.swia.calibrated:data.onboard_svy_mom:mvn_swi_l2_onboardsvymom_20220518::1.0
P,urn:nasa:pds:maven.swia.calibrated:data.onboard_svy_mom:mvn_swi_l2_onboardsvymom_20220519::1.0
P,urn:nasa:pds:maven.swia.calibrated:data.onboard_svy_mom:mvn_swi_l2_onboardsvymom_20220520::1.0
P,urn:nasa:pds:maven.swia.calibrated:data.onboard_svy_mom:mvn_swi_l2_onboardsvymom_20220521::1.0
P,urn:nasa:pds:maven.swia.calibrated:data.onboard_svy_mom:mvn_swi_l2_onboardsvymom_20220522::1.0
P,urn:nasa:pds:maven.swia.calibrated:data.onboard_svy_mom:mvn_swi_l2_onboardsvymom_20220523::1.0
P,urn:nasa:pds:maven.swia.calibrated:data.onboard_svy_mom:mvn_swi_l2_onboardsvymom_20220524::1.0
P,urn:nasa:pds:maven.swia.calibrated:data.onboard_svy_mom:mvn_swi_l2_onboardsvymom_20220525::1.0
P,urn:nasa:pds:maven.swia.calibrated:data.onboard_svy_mom:mvn_swi_l2_onboardsvymom_20220526::1.0
P,urn:nasa:pds:maven.swia.calibrated:data.onboard_svy_mom:mvn_swi_l2_onboardsvymom_20220527::1.0
P,urn:nasa:pds:maven.swia.calibrated:data.onboard_svy_mom:mvn_swi_l2_onboardsvymom_20220528::1.0
P,urn:nasa:pds:maven.swia.calibrated:data.onboard_svy_mom:mvn_swi_l2_onboardsvymom_20220529::1.0
P,urn:nasa:pds:maven.swia.calibrated:data.onboard_svy_mom:mvn_swi_l2_onboardsvymom_20220530::1.0
P,urn:nasa:pds:maven.swia.calibrated:data.onboard_svy_mom:mvn_swi_l2_onboardsvymom_20220531::1.0
P,urn:nasa:pds:maven.swia.calibrated:data.onboard_svy_mom:mvn_swi_l2_onboardsvymom_20220601::1.0
P,urn:nasa:pds:maven.swia.calibrated:data.onboard_svy_mom:mvn_swi_l2_onboardsvymom_20220602::1.0
P,urn:nasa:pds:maven.swia.calibrated:data.onboard_svy_mom:mvn_swi_l2_onboardsvymom_20220603::1.0
P,urn:nasa:pds:maven.swia.calibrated:data.onboard_svy_mom:mvn_swi_l2_onboardsvymom_20220604::1.0
P,urn:nasa:pds:maven.swia.calibrated:data.onboard_svy_mom:mvn_swi_l2_onboardsvymom_20220605::1.0
P,urn:nasa:pds:maven.swia.calibrated:data.onboard_svy_mom:mvn_swi_l2_onboardsvymom_20220606::1.0
P,urn:nasa:pds:maven.swia.calibrated:data.onboard_svy_mom:mvn_swi_l2_onboardsvymom_20220607::1.0
P,urn:nasa:pds:maven.swia.calibrated:data.onboard_svy_mom:mvn_swi_l2_onboardsvymom_20220608::1.0
P,urn:nasa:pds:maven.swia.calibrated:data.onboard_svy_mom:mvn_swi_l2_onboardsvymom_20220609::1.0
P,urn:nasa:pds:maven.swia.calibrated:data.onboard_svy_mom:mvn_swi_l2_onboardsvymom_20220610::1.0
P,urn:nasa:pds:maven.swia.calibrated:data.onboard_svy_mom:mvn_swi_l2_onboardsvymom_20220611::1.0
P,urn:nasa:pds:maven.swia.calibrated:data.onboard_svy_mom:mvn_swi_l2_onboardsvymom_20220612::1.0
P,urn:nasa:pds:maven.swia.calibrated:data.onboard_svy_mom:mvn_swi_l2_onboardsvymom_20220613::1.0
P,urn:nasa:pds:maven.swia.calibrated:data.onboard_svy_mom:mvn_swi_l2_onboardsvymom_20220614::1.0
P,urn:nasa:pds:maven.swia.calibrated:data.onboard_svy_mom:mvn_swi_l2_onboardsvymom_20220615::1.0
P,urn:nasa:pds:maven.swia.calibrated:data.onboard_svy_mom:mvn_swi_l2_onboardsvymom_20220616::1.0
P,urn:nasa:pds:maven.swia.calibrated:data.onboard_svy_mom:mvn_swi_l2_onboardsvymom_20220617::1.0
P,urn:nasa:pds:maven.swia.calibrated:data.onboard_svy_mom:mvn_swi_l2_onboardsvymom_20220618::1.0
P,urn:nasa:pds:maven.swia.calibrated:data.onboard_svy_mom:mvn_swi_l2_onboardsvymom_20220619::1.0
P,urn:nasa:pds:maven.swia.calibrated:data.onboard_svy_mom:mvn_swi_l2_onboardsvymom_20220620::1.0
P,urn:nasa:pds:maven.swia.calibrated:data.onboard_svy_mom:mvn_swi_l2_onboardsvymom_20220621::1.0
P,urn:nasa:pds:maven.swia.calibrated:data.onboard_svy_mom:mvn_swi_l2_onboardsvymom_20220622::1.0
P,urn:nasa:pds:maven.swia.calibrated:data.onboard_svy_mom:mvn_swi_l2_onboardsvymom_20220623::1.0
P,urn:nasa:pds:maven.swia.calibrated:data.onboard_svy_mom:mvn_swi_l2_onboardsvymom_20220624::1.0
P,urn:nasa:pds:maven.swia.calibrated:data.onboard_svy_mom:mvn_swi_l2_onboardsvymom_20220625::1.0
P,urn:nasa:pds:maven.swia.calibrated:data.onboard_svy_mom:mvn_swi_l2_onboardsvymom_20220626::1.0
P,urn:nasa:pds:maven.swia.calibrated:data.onboard_svy_mom:mvn_swi_l2_onboardsvymom_20220627::1.0
P,urn:nasa:pds:maven.swia.calibrated:data.onboard_svy_mom:mvn_swi_l2_onboardsvymom_20220628::1.0
P,urn:nasa:pds:maven.swia.calibrated:data.onboard_svy_mom:mvn_swi_l2_onboardsvymom_20220629::1.0
P,urn:nasa:pds:maven.swia.calibrated:data.onboard_svy_mom:mvn_swi_l2_onboardsvymom_20220630::1.0
P,urn:nasa:pds:maven.swia.calibrated:data.onboard_svy_mom:mvn_swi_l2_onboardsvymom_20220701::1.0
P,urn:nasa:pds:maven.swia.calibrated:data.onboard_svy_mom:mvn_swi_l2_onboardsvymom_20220702::1.0
P,urn:nasa:pds:maven.swia.calibrated:data.onboard_svy_mom:mvn_swi_l2_onboardsvymom_20220703::1.0
P,urn:nasa:pds:maven.swia.calibrated:data.onboard_svy_mom:mvn_swi_l2_onboardsvymom_20220704::1.0
P,urn:nasa:pds:maven.swia.calibrated:data.onboard_svy_mom:mvn_swi_l2_onboardsvymom_20220705::1.0
P,urn:nasa:pds:maven.swia.calibrated:data.onboard_svy_mom:mvn_swi_l2_onboardsvymom_20220706::1.0
P,urn:nasa:pds:maven.swia.calibrated:data.onboard_svy_mom:mvn_swi_l2_onboardsvymom_20220707::1.0
P,urn:nasa:pds:maven.swia.calibrated:data.onboard_svy_mom:mvn_swi_l2_onboardsvymom_20220708::1.0
P,urn:nasa:pds:maven.swia.calibrated:data.onboard_svy_mom:mvn_swi_l2_onboardsvymom_20220709::1.0
P,urn:nasa:pds:maven.swia.calibrated:data.onboard_svy_mom:mvn_swi_l2_onboardsvymom_20220710::1.0
P,urn:nasa:pds:maven.swia.calibrated:data.onboard_svy_mom:mvn_swi_l2_onboardsvymom_20220711::1.0
P,urn:nasa:pds:maven.swia.calibrated:data.onboard_svy_mom:mvn_swi_l2_onboardsvymom_20220712::1.0
P,urn:nasa:pds:maven.swia.calibrated:data.onboard_svy_mom:mvn_swi_l2_onboardsvymom_20220713::1.0
P,urn:nasa:pds:maven.swia.calibrated:data.onboard_svy_mom:mvn_swi_l2_onboardsvymom_20220714::1.0
P,urn:nasa:pds:maven.swia.calibrated:data.onboard_svy_mom:mvn_swi_l2_onboardsvymom_20220715::1.0
P,urn:nasa:pds:maven.swia.calibrated:data.onboard_svy_mom:mvn_swi_l2_onboardsvymom_20220716::1.0
P,urn:nasa:pds:maven.swia.calibrated:data.onboard_svy_mom:mvn_swi_l2_onboardsvymom_20220717::1.0
P,urn:nasa:pds:maven.swia.calibrated:data.onboard_svy_mom:mvn_swi_l2_onboardsvymom_20220718::1.0
P,urn:nasa:pds:maven.swia.calibrated:data.onboard_svy_mom:mvn_swi_l2_onboardsvymom_20220719::1.0
P,urn:nasa:pds:maven.swia.calibrated:data.onboard_svy_mom:mvn_swi_l2_onboardsvymom_20220720::1.0
P,urn:nasa:pds:maven.swia.calibrated:data.onboard_svy_mom:mvn_swi_l2_onboardsvymom_20220721::1.0
P,urn:nasa:pds:maven.swia.calibrated:data.onboard_svy_mom:mvn_swi_l2_onboardsvymom_20220722::1.0
P,urn:nasa:pds:maven.swia.calibrated:data.onboard_svy_mom:mvn_swi_l2_onboardsvymom_20220723::1.0
P,urn:nasa:pds:maven.swia.calibrated:data.onboard_svy_mom:mvn_swi_l2_onboardsvymom_20220724::1.0
P,urn:nasa:pds:maven.swia.calibrated:data.onboard_svy_mom:mvn_swi_l2_onboardsvymom_20220725::1.0
P,urn:nasa:pds:maven.swia.calibrated:data.onboard_svy_mom:mvn_swi_l2_onboardsvymom_20220726::1.0
P,urn:nasa:pds:maven.swia.calibrated:data.onboard_svy_mom:mvn_swi_l2_onboardsvymom_20220727::1.0
P,urn:nasa:pds:maven.swia.calibrated:data.onboard_svy_mom:mvn_swi_l2_onboardsvymom_20220728::1.0
P,urn:nasa:pds:maven.swia.calibrated:data.onboard_svy_mom:mvn_swi_l2_onboardsvymom_20220729::1.0
P,urn:nasa:pds:maven.swia.calibrated:data.onboard_svy_mom:mvn_swi_l2_onboardsvymom_20220730::1.0
P,urn:nasa:pds:maven.swia.calibrated:data.onboard_svy_mom:mvn_swi_l2_onboardsvymom_20220731::1.0
P,urn:nasa:pds:maven.swia.calibrated:data.onboard_svy_mom:mvn_swi_l2_onboardsvymom_20220801::1.0
P,urn:nasa:pds:maven.swia.calibrated:data.onboard_svy_mom:mvn_swi_l2_onboardsvymom_20220802::1.0
P,urn:nasa:pds:maven.swia.calibrated:data.onboard_svy_mom:mvn_swi_l2_onboardsvymom_20220803::1.0
P,urn:nasa:pds:maven.swia.calibrated:data.onboard_svy_mom:mvn_swi_l2_onboardsvymom_20220804::1.0
P,urn:nasa:pds:maven.swia.calibrated:data.onboard_svy_mom:mvn_swi_l2_onboardsvymom_20220805::1.0
P,urn:nasa:pds:maven.swia.calibrated:data.onboard_svy_mom:mvn_swi_l2_onboardsvymom_20220806::1.0
P,urn:nasa:pds:maven.swia.calibrated:data.onboard_svy_mom:mvn_swi_l2_onboardsvymom_20220807::1.0
P,urn:nasa:pds:maven.swia.calibrated:data.onboard_svy_mom:mvn_swi_l2_onboardsvymom_20220808::1.0
P,urn:nasa:pds:maven.swia.calibrated:data.onboard_svy_mom:mvn_swi_l2_onboardsvymom_20220809::1.0
P,urn:nasa:pds:maven.swia.calibrated:data.onboard_svy_mom:mvn_swi_l2_onboardsvymom_20220810::1.0
P,urn:nasa:pds:maven.swia.calibrated:data.onboard_svy_mom:mvn_swi_l2_onboardsvymom_20220811::1.0
P,urn:nasa:pds:maven.swia.calibrated:data.onboard_svy_mom:mvn_swi_l2_onboardsvymom_20220812::1.0
P,urn:nasa:pds:maven.swia.calibrated:data.onboard_svy_mom:mvn_swi_l2_onboardsvymom_20220813::1.0
P,urn:nasa:pds:maven.swia.calibrated:data.onboard_svy_mom:mvn_swi_l2_onboardsvymom_20220814::1.0
P,urn:nasa:pds:maven.swia.calibrated:data.onboard_svy_mom:mvn_swi_l2_onboardsvymom_20220815::1.0
P,urn:nasa:pds:maven.swia.calibrated:data.onboard_svy_mom:mvn_swi_l2_onboardsvymom_20220816::1.0
P,urn:nasa:pds:maven.swia.calibrated:data.onboard_svy_mom:mvn_swi_l2_onboardsvymom_20220817::1.0
P,urn:nasa:pds:maven.swia.calibrated:data.onboard_svy_mom:mvn_swi_l2_onboardsvymom_20220818::1.0
P,urn:nasa:pds:maven.swia.calibrated:data.onboard_svy_mom:mvn_swi_l2_onboardsvymom_20220819::1.0
P,urn:nasa:pds:maven.swia.calibrated:data.onboard_svy_mom:mvn_swi_l2_onboardsvymom_20220820::1.0
P,urn:nasa:pds:maven.swia.calibrated:data.onboard_svy_mom:mvn_swi_l2_onboardsvymom_20220821::1.0
P,urn:nasa:pds:maven.swia.calibrated:data.onboard_svy_mom:mvn_swi_l2_onboardsvymom_20220822::1.0
P,urn:nasa:pds:maven.swia.calibrated:data.onboard_svy_mom:mvn_swi_l2_onboardsvymom_20220823::1.0
P,urn:nasa:pds:maven.swia.calibrated:data.onboard_svy_mom:mvn_swi_l2_onboardsvymom_20220824::1.0
P,urn:nasa:pds:maven.swia.calibrated:data.onboard_svy_mom:mvn_swi_l2_onboardsvymom_20220825::1.0
P,urn:nasa:pds:maven.swia.calibrated:data.onboard_svy_mom:mvn_swi_l2_onboardsvymom_20220826::1.0
P,urn:nasa:pds:maven.swia.calibrated:data.onboard_svy_mom:mvn_swi_l2_onboardsvymom_20220827::1.0
P,urn:nasa:pds:maven.swia.calibrated:data.onboard_svy_mom:mvn_swi_l2_onboardsvymom_20220828::1.0
P,urn:nasa:pds:maven.swia.calibrated:data.onboard_svy_mom:mvn_swi_l2_onboardsvymom_20220829::1.0
P,urn:nasa:pds:maven.swia.calibrated:data.onboard_svy_mom:mvn_swi_l2_onboardsvymom_20220830::1.0
P,urn:nasa:pds:maven.swia.calibrated:data.onboard_svy_mom:mvn_swi_l2_onboardsvymom_20220831::1.0
P,urn:nasa:pds:maven.swia.calibrated:data.onboard_svy_mom:mvn_swi_l2_onboardsvymom_20220901::1.0
P,urn:nasa:pds:maven.swia.calibrated:data.onboard_svy_mom:mvn_swi_l2_onboardsvymom_20220902::1.0
P,urn:nasa:pds:maven.swia.calibrated:data.onboard_svy_mom:mvn_swi_l2_onboardsvymom_20220903::1.0
P,urn:nasa:pds:maven.swia.calibrated:data.onboard_svy_mom:mvn_swi_l2_onboardsvymom_20220904::1.0
P,urn:nasa:pds:maven.swia.calibrated:data.onboard_svy_mom:mvn_swi_l2_onboardsvymom_20220905::1.0
P,urn:nasa:pds:maven.swia.calibrated:data.onboard_svy_mom:mvn_swi_l2_onboardsvymom_20220906::1.0
P,urn:nasa:pds:maven.swia.calibrated:data.onboard_svy_mom:mvn_swi_l2_onboardsvymom_20220907::1.0
P,urn:nasa:pds:maven.swia.calibrated:data.onboard_svy_mom:mvn_swi_l2_onboardsvymom_20220908::1.0
P,urn:nasa:pds:maven.swia.calibrated:data.onboard_svy_mom:mvn_swi_l2_onboardsvymom_20220909::1.0
P,urn:nasa:pds:maven.swia.calibrated:data.onboard_svy_mom:mvn_swi_l2_onboardsvymom_20220910::1.0
P,urn:nasa:pds:maven.swia.calibrated:data.onboard_svy_mom:mvn_swi_l2_onboardsvymom_20220911::1.0
P,urn:nasa:pds:maven.swia.calibrated:data.onboard_svy_mom:mvn_swi_l2_onboardsvymom_20220912::1.0
P,urn:nasa:pds:maven.swia.calibrated:data.onboard_svy_mom:mvn_swi_l2_onboardsvymom_20220913::1.0
P,urn:nasa:pds:maven.swia.calibrated:data.onboard_svy_mom:mvn_swi_l2_onboardsvymom_20220914::1.0
P,urn:nasa:pds:maven.swia.calibrated:data.onboard_svy_mom:mvn_swi_l2_onboardsvymom_20220915::1.0
P,urn:nasa:pds:maven.swia.calibrated:data.onboard_svy_mom:mvn_swi_l2_onboardsvymom_20220916::1.0
P,urn:nasa:pds:maven.swia.calibrated:data.onboard_svy_mom:mvn_swi_l2_onboardsvymom_20220917::1.0
P,urn:nasa:pds:maven.swia.calibrated:data.onboard_svy_mom:mvn_swi_l2_onboardsvymom_20220918::1.0
P,urn:nasa:pds:maven.swia.calibrated:data.onboard_svy_mom:mvn_swi_l2_onboardsvymom_20220919::1.0
P,urn:nasa:pds:maven.swia.calibrated:data.onboard_svy_mom:mvn_swi_l2_onboardsvymom_20220920::1.0
P,urn:nasa:pds:maven.swia.calibrated:data.onboard_svy_mom:mvn_swi_l2_onboardsvymom_20220921::1.0
P,urn:nasa:pds:maven.swia.calibrated:data.onboard_svy_mom:mvn_swi_l2_onboardsvymom_20220922::1.0
P,urn:nasa:pds:maven.swia.calibrated:data.onboard_svy_mom:mvn_swi_l2_onboardsvymom_20220923::1.0
P,urn:nasa:pds:maven.swia.calibrated:data.onboard_svy_mom:mvn_swi_l2_onboardsvymom_20220924::1.0
P,urn:nasa:pds:maven.swia.calibrated:data.onboard_svy_mom:mvn_swi_l2_onboardsvymom_20220925::1.0
P,urn:nasa:pds:maven.swia.calibrated:data.onboard_svy_mom:mvn_swi_l2_onboardsvymom_20220926::1.0
P,urn:nasa:pds:maven.swia.calibrated:data.onboard_svy_mom:mvn_swi_l2_onboardsvymom_20220927::1.0
P,urn:nasa:pds:maven.swia.calibrated:data.onboard_svy_mom:mvn_swi_l2_onboardsvymom_20220928::1.0
P,urn:nasa:pds:maven.swia.calibrated:data.onboard_svy_mom:mvn_swi_l2_onboardsvymom_20220929::1.0
P,urn:nasa:pds:maven.swia.calibrated:data.onboard_svy_mom:mvn_swi_l2_onboardsvymom_20220930::1.0
P,urn:nasa:pds:maven.swia.calibrated:data.onboard_svy_mom:mvn_swi_l2_onboardsvymom_20221001::1.0
P,urn:nasa:pds:maven.swia.calibrated:data.onboard_svy_mom:mvn_swi_l2_onboardsvymom_20221002::1.0
P,urn:nasa:pds:maven.swia.calibrated:data.onboard_svy_mom:mvn_swi_l2_onboardsvymom_20221003::1.0
P,urn:nasa:pds:maven.swia.calibrated:data.onboard_svy_mom:mvn_swi_l2_onboardsvymom_20221004::1.0
P,urn:nasa:pds:maven.swia.calibrated:data.onboard_svy_mom:mvn_swi_l2_onboardsvymom_20221005::1.0
P,urn:nasa:pds:maven.swia.calibrated:data.onboard_svy_mom:mvn_swi_l2_onboardsvymom_20221006::1.0
P,urn:nasa:pds:maven.swia.calibrated:data.onboard_svy_mom:mvn_swi_l2_onboardsvymom_20221007::1.0
P,urn:nasa:pds:maven.swia.calibrated:data.onboard_svy_mom:mvn_swi_l2_onboardsvymom_20221008::1.0
P,urn:nasa:pds:maven.swia.calibrated:data.onboard_svy_mom:mvn_swi_l2_onboardsvymom_20221009::1.0
P,urn:nasa:pds:maven.swia.calibrated:data.onboard_svy_mom:mvn_swi_l2_onboardsvymom_20221010::1.0
P,urn:nasa:pds:maven.swia.calibrated:data.onboard_svy_mom:mvn_swi_l2_onboardsvymom_20221011::1.0
P,urn:nasa:pds:maven.swia.calibrated:data.onboard_svy_mom:mvn_swi_l2_onboardsvymom_20221012::1.0
P,urn:nasa:pds:maven.swia.calibrated:data.onboard_svy_mom:mvn_swi_l2_onboardsvymom_20221013::1.0
P,urn:nasa:pds:maven.swia.calibrated:data.onboard_svy_mom:mvn_swi_l2_onboardsvymom_20221014::1.0
P,urn:nasa:pds:maven.swia.calibrated:data.onboard_svy_mom:mvn_swi_l2_onboardsvymom_20221015::1.0
P,urn:nasa:pds:maven.swia.calibrated:data.onboard_svy_mom:mvn_swi_l2_onboardsvymom_20221016::1.0
P,urn:nasa:pds:maven.swia.calibrated:data.onboard_svy_mom:mvn_swi_l2_onboardsvymom_20221017::1.0
P,urn:nasa:pds:maven.swia.calibrated:data.onboard_svy_mom:mvn_swi_l2_onboardsvymom_20221018::1.0
P,urn:nasa:pds:maven.swia.calibrated:data.onboard_svy_mom:mvn_swi_l2_onboardsvymom_20221019::1.0
P,urn:nasa:pds:maven.swia.calibrated:data.onboard_svy_mom:mvn_swi_l2_onboardsvymom_20221020::1.0
P,urn:nasa:pds:maven.swia.calibrated:data.onboard_svy_mom:mvn_swi_l2_onboardsvymom_20221021::1.0
P,urn:nasa:pds:maven.swia.calibrated:data.onboard_svy_mom:mvn_swi_l2_onboardsvymom_20221022::1.0
P,urn:nasa:pds:maven.swia.calibrated:data.onboard_svy_mom:mvn_swi_l2_onboardsvymom_20221023::1.0
P,urn:nasa:pds:maven.swia.calibrated:data.onboard_svy_mom:mvn_swi_l2_onboardsvymom_20221024::1.0
P,urn:nasa:pds:maven.swia.calibrated:data.onboard_svy_mom:mvn_swi_l2_onboardsvymom_20221025::1.0
P,urn:nasa:pds:maven.swia.calibrated:data.onboard_svy_mom:mvn_swi_l2_onboardsvymom_20221026::1.0
P,urn:nasa:pds:maven.swia.calibrated:data.onboard_svy_mom:mvn_swi_l2_onboardsvymom_20221027::1.0
P,urn:nasa:pds:maven.swia.calibrated:data.onboard_svy_mom:mvn_swi_l2_onboardsvymom_20221028::1.0
P,urn:nasa:pds:maven.swia.calibrated:data.onboard_svy_mom:mvn_swi_l2_onboardsvymom_20221029::1.0
P,urn:nasa:pds:maven.swia.calibrated:data.onboard_svy_mom:mvn_swi_l2_onboardsvymom_20221030::1.0
P,urn:nasa:pds:maven.swia.calibrated:data.onboard_svy_mom:mvn_swi_l2_onboardsvymom_20221031::1.0
P,urn:nasa:pds:maven.swia.calibrated:data.onboard_svy_mom:mvn_swi_l2_onboardsvymom_20221101::1.0
P,urn:nasa:pds:maven.swia.calibrated:data.onboard_svy_mom:mvn_swi_l2_onboardsvymom_20221102::1.0
P,urn:nasa:pds:maven.swia.calibrated:data.onboard_svy_mom:mvn_swi_l2_onboardsvymom_20221103::1.0
P,urn:nasa:pds:maven.swia.calibrated:data.onboard_svy_mom:mvn_swi_l2_onboardsvymom_20221104::1.0
P,urn:nasa:pds:maven.swia.calibrated:data.onboard_svy_mom:mvn_swi_l2_onboardsvymom_20221105::1.0
P,urn:nasa:pds:maven.swia.calibrated:data.onboard_svy_mom:mvn_swi_l2_onboardsvymom_20221106::1.0
P,urn:nasa:pds:maven.swia.calibrated:data.onboard_svy_mom:mvn_swi_l2_onboardsvymom_20221107::1.0
P,urn:nasa:pds:maven.swia.calibrated:data.onboard_svy_mom:mvn_swi_l2_onboardsvymom_20221108::1.0
P,urn:nasa:pds:maven.swia.calibrated:data.onboard_svy_mom:mvn_swi_l2_onboardsvymom_20221109::1.0
P,urn:nasa:pds:maven.swia.calibrated:data.onboard_svy_mom:mvn_swi_l2_onboardsvymom_20221110::1.0
P,urn:nasa:pds:maven.swia.calibrated:data.onboard_svy_mom:mvn_swi_l2_onboardsvymom_20221111::1.0
P,urn:nasa:pds:maven.swia.calibrated:data.onboard_svy_mom:mvn_swi_l2_onboardsvymom_20221112::1.0
P,urn:nasa:pds:maven.swia.calibrated:data.onboard_svy_mom:mvn_swi_l2_onboardsvymom_20221113::1.0
P,urn:nasa:pds:maven.swia.calibrated:data.onboard_svy_mom:mvn_swi_l2_onboardsvymom_20221114::1.0
P,urn:nasa:pds:maven.swia.calibrated:data.onboard_svy_mom:mvn_swi_l2_onboardsvymom_20221115::1.0
P,urn:nasa:pds:maven.swia.calibrated:data.onboard_svy_mom:mvn_swi_l2_onboardsvymom_20221116::1.0
P,urn:nasa:pds:maven.swia.calibrated:data.onboard_svy_mom:mvn_swi_l2_onboardsvymom_20221117::1.0
P,urn:nasa:pds:maven.swia.calibrated:data.onboard_svy_mom:mvn_swi_l2_onboardsvymom_20221118::1.0
P,urn:nasa:pds:maven.swia.calibrated:data.onboard_svy_mom:mvn_swi_l2_onboardsvymom_20221119::1.0
P,urn:nasa:pds:maven.swia.calibrated:data.onboard_svy_mom:mvn_swi_l2_onboardsvymom_20221120::1.0
P,urn:nasa:pds:maven.swia.calibrated:data.onboard_svy_mom:mvn_swi_l2_onboardsvymom_20221121::1.0
P,urn:nasa:pds:maven.swia.calibrated:data.onboard_svy_mom:mvn_swi_l2_onboardsvymom_20221122::1.0
P,urn:nasa:pds:maven.swia.calibrated:data.onboard_svy_mom:mvn_swi_l2_onboardsvymom_20221123::1.0
P,urn:nasa:pds:maven.swia.calibrated:data.onboard_svy_mom:mvn_swi_l2_onboardsvymom_20221124::1.0
P,urn:nasa:pds:maven.swia.calibrated:data.onboard_svy_mom:mvn_swi_l2_onboardsvymom_20221125::1.0
P,urn:nasa:pds:maven.swia.calibrated:data.onboard_svy_mom:mvn_swi_l2_onboardsvymom_20221126::1.0
P,urn:nasa:pds:maven.swia.calibrated:data.onboard_svy_mom:mvn_swi_l2_onboardsvymom_20221127::1.0
P,urn:nasa:pds:maven.swia.calibrated:data.onboard_svy_mom:mvn_swi_l2_onboardsvymom_20221128::1.0
P,urn:nasa:pds:maven.swia.calibrated:data.onboard_svy_mom:mvn_swi_l2_onboardsvymom_20221129::1.0
P,urn:nasa:pds:maven.swia.calibrated:data.onboard_svy_mom:mvn_swi_l2_onboardsvymom_20221130::1.0
P,urn:nasa:pds:maven.swia.calibrated:data.onboard_svy_mom:mvn_swi_l2_onboardsvymom_20221201::1.0
P,urn:nasa:pds:maven.swia.calibrated:data.onboard_svy_mom:mvn_swi_l2_onboardsvymom_20221202::1.0
P,urn:nasa:pds:maven.swia.calibrated:data.onboard_svy_mom:mvn_swi_l2_onboardsvymom_20221203::1.0
P,urn:nasa:pds:maven.swia.calibrated:data.onboard_svy_mom:mvn_swi_l2_onboardsvymom_20221204::1.0
P,urn:nasa:pds:maven.swia.calibrated:data.onboard_svy_mom:mvn_swi_l2_onboardsvymom_20221205::1.0
P,urn:nasa:pds:maven.swia.calibrated:data.onboard_svy_mom:mvn_swi_l2_onboardsvymom_20221206::1.0
P,urn:nasa:pds:maven.swia.calibrated:data.onboard_svy_mom:mvn_swi_l2_onboardsvymom_20221207::1.0
P,urn:nasa:pds:maven.swia.calibrated:data.onboard_svy_mom:mvn_swi_l2_onboardsvymom_20221208::1.0
P,urn:nasa:pds:maven.swia.calibrated:data.onboard_svy_mom:mvn_swi_l2_onboardsvymom_20221209::1.0
P,urn:nasa:pds:maven.swia.calibrated:data.onboard_svy_mom:mvn_swi_l2_onboardsvymom_20221210::1.0
P,urn:nasa:pds:maven.swia.calibrated:data.onboard_svy_mom:mvn_swi_l2_onboardsvymom_20221211::1.0
P,urn:nasa:pds:maven.swia.calibrated:data.onboard_svy_mom:mvn_swi_l2_onboardsvymom_20221212::1.0
P,urn:nasa:pds:maven.swia.calibrated:data.onboard_svy_mom:mvn_swi_l2_onboardsvymom_20221213::1.0
P,urn:nasa:pds:maven.swia.calibrated:data.onboard_svy_mom:mvn_swi_l2_onboardsvymom_20221214::1.0
P,urn:nasa:pds:maven.swia.calibrated:data.onboard_svy_mom:mvn_swi_l2_onboardsvymom_20221215::1.0
P,urn:nasa:pds:maven.swia.calibrated:data.onboard_svy_mom:mvn_swi_l2_onboardsvymom_20221216::1.0
P,urn:nasa:pds:maven.swia.calibrated:data.onboard_svy_mom:mvn_swi_l2_onboardsvymom_20221217::1.0
P,urn:nasa:pds:maven.swia.calibrated:data.onboard_svy_mom:mvn_swi_l2_onboardsvymom_20221218::1.0
P,urn:nasa:pds:maven.swia.calibrated:data.onboard_svy_mom:mvn_swi_l2_onboardsvymom_20221219::1.0
P,urn:nasa:pds:maven.swia.calibrated:data.onboard_svy_mom:mvn_swi_l2_onboardsvymom_20221220::1.0
P,urn:nasa:pds:maven.swia.calibrated:data.onboard_svy_mom:mvn_swi_l2_onboardsvymom_20221221::1.0
P,urn:nasa:pds:maven.swia.calibrated:data.onboard_svy_mom:mvn_swi_l2_onboardsvymom_20221222::1.0
P,urn:nasa:pds:maven.swia.calibrated:data.onboard_svy_mom:mvn_swi_l2_onboardsvymom_20221223::1.0
P,urn:nasa:pds:maven.swia.calibrated:data.onboard_svy_mom:mvn_swi_l2_onboardsvymom_20221224::1.0
P,urn:nasa:pds:maven.swia.calibrated:data.onboard_svy_mom:mvn_swi_l2_onboardsvymom_20221225::1.0
P,urn:nasa:pds:maven.swia.calibrated:data.onboard_svy_mom:mvn_swi_l2_onboardsvymom_20221226::1.0
P,urn:nasa:pds:maven.swia.calibrated:data.onboard_svy_mom:mvn_swi_l2_onboardsvymom_20221227::1.0
P,urn:nasa:pds:maven.swia.calibrated:data.onboard_svy_mom:mvn_swi_l2_onboardsvymom_20221228::1.0
P,urn:nasa:pds:maven.swia.calibrated:data.onboard_svy_mom:mvn_swi_l2_onboardsvymom_20221229::1.0
P,urn:nasa:pds:maven.swia.calibrated:data.onboard_svy_mom:mvn_swi_l2_onboardsvymom_20221230::1.0
P,urn:nasa:pds:maven.swia.calibrated:data.onboard_svy_mom:mvn_swi_l2_onboardsvymom_20221231::1.0
P,urn:nasa:pds:maven.swia.calibrated:data.onboard_svy_mom:mvn_swi_l2_onboardsvymom_20230101::1.0
P,urn:nasa:pds:maven.swia.calibrated:data.onboard_svy_mom:mvn_swi_l2_onboardsvymom_20230102::1.0
P,urn:nasa:pds:maven.swia.calibrated:data.onboard_svy_mom:mvn_swi_l2_onboardsvymom_20230103::1.0
P,urn:nasa:pds:maven.swia.calibrated:data.onboard_svy_mom:mvn_swi_l2_onboardsvymom_20230104::1.0
P,urn:nasa:pds:maven.swia.calibrated:data.onboard_svy_mom:mvn_swi_l2_onboardsvymom_20230105::1.0
P,urn:nasa:pds:maven.swia.calibrated:data.onboard_svy_mom:mvn_swi_l2_onboardsvymom_20230106::1.0
P,urn:nasa:pds:maven.swia.calibrated:data.onboard_svy_mom:mvn_swi_l2_onboardsvymom_20230107::1.0
P,urn:nasa:pds:maven.swia.calibrated:data.onboard_svy_mom:mvn_swi_l2_onboardsvymom_20230108::1.0
P,urn:nasa:pds:maven.swia.calibrated:data.onboard_svy_mom:mvn_swi_l2_onboardsvymom_20230109::1.0
P,urn:nasa:pds:maven.swia.calibrated:data.onboard_svy_mom:mvn_swi_l2_onboardsvymom_20230110::1.0
P,urn:nasa:pds:maven.swia.calibrated:data.onboard_svy_mom:mvn_swi_l2_onboardsvymom_20230111::1.0
P,urn:nasa:pds:maven.swia.calibrated:data.onboard_svy_mom:mvn_swi_l2_onboardsvymom_20230112::1.0
P,urn:nasa:pds:maven.swia.calibrated:data.onboard_svy_mom:mvn_swi_l2_onboardsvymom_20230113::1.0
P,urn:nasa:pds:maven.swia.calibrated:data.onboard_svy_mom:mvn_swi_l2_onboardsvymom_20230114::1.0
P,urn:nasa:pds:maven.swia.calibrated:data.onboard_svy_mom:mvn_swi_l2_onboardsvymom_20230115::1.0
P,urn:nasa:pds:maven.swia.calibrated:data.onboard_svy_mom:mvn_swi_l2_onboardsvymom_20230116::1.0
P,urn:nasa:pds:maven.swia.calibrated:data.onboard_svy_mom:mvn_swi_l2_onboardsvymom_20230117::1.0
P,urn:nasa:pds:maven.swia.calibrated:data.onboard_svy_mom:mvn_swi_l2_onboardsvymom_20230118::1.0
P,urn:nasa:pds:maven.swia.calibrated:data.onboard_svy_mom:mvn_swi_l2_onboardsvymom_20230119::1.0
P,urn:nasa:pds:maven.swia.calibrated:data.onboard_svy_mom:mvn_swi_l2_onboardsvymom_20230120::1.0
P,urn:nasa:pds:maven.swia.calibrated:data.onboard_svy_mom:mvn_swi_l2_onboardsvymom_20230121::1.0
P,urn:nasa:pds:maven.swia.calibrated:data.onboard_svy_mom:mvn_swi_l2_onboardsvymom_20230122::1.0
P,urn:nasa:pds:maven.swia.calibrated:data.onboard_svy_mom:mvn_swi_l2_onboardsvymom_20230123::1.0
P,urn:nasa:pds:maven.swia.calibrated:data.onboard_svy_mom:mvn_swi_l2_onboardsvymom_20230124::1.0
P,urn:nasa:pds:maven.swia.calibrated:data.onboard_svy_mom:mvn_swi_l2_onboardsvymom_20230125::1.0
P,urn:nasa:pds:maven.swia.calibrated:data.onboard_svy_mom:mvn_swi_l2_onboardsvymom_20230126::1.0
P,urn:nasa:pds:maven.swia.calibrated:data.onboard_svy_mom:mvn_swi_l2_onboardsvymom_20230127::1.0
P,urn:nasa:pds:maven.swia.calibrated:data.onboard_svy_mom:mvn_swi_l2_onboardsvymom_20230128::1.0
P,urn:nasa:pds:maven.swia.calibrated:data.onboard_svy_mom:mvn_swi_l2_onboardsvymom_20230129::1.0
P,urn:nasa:pds:maven.swia.calibrated:data.onboard_svy_mom:mvn_swi_l2_onboardsvymom_20230130::1.0
P,urn:nasa:pds:maven.swia.calibrated:data.onboard_svy_mom:mvn_swi_l2_onboardsvymom_20230131::1.0
P,urn:nasa:pds:maven.swia.calibrated:data.onboard_svy_mom:mvn_swi_l2_onboardsvymom_20230201::1.0
P,urn:nasa:pds:maven.swia.calibrated:data.onboard_svy_mom:mvn_swi_l2_onboardsvymom_20230202::1.0
P,urn:nasa:pds:maven.swia.calibrated:data.onboard_svy_mom:mvn_swi_l2_onboardsvymom_20230203::1.0
P,urn:nasa:pds:maven.swia.calibrated:data.onboard_svy_mom:mvn_swi_l2_onboardsvymom_20230204::1.0
P,urn:nasa:pds:maven.swia.calibrated:data.onboard_svy_mom:mvn_swi_l2_onboardsvymom_20230205::1.0
P,urn:nasa:pds:maven.swia.calibrated:data.onboard_svy_mom:mvn_swi_l2_onboardsvymom_20230206::1.0
P,urn:nasa:pds:maven.swia.calibrated:data.onboard_svy_mom:mvn_swi_l2_onboardsvymom_20230207::1.0
P,urn:nasa:pds:maven.swia.calibrated:data.onboard_svy_mom:mvn_swi_l2_onboardsvymom_20230208::1.0
P,urn:nasa:pds:maven.swia.calibrated:data.onboard_svy_mom:mvn_swi_l2_onboardsvymom_20230209::1.0
P,urn:nasa:pds:maven.swia.calibrated:data.onboard_svy_mom:mvn_swi_l2_onboardsvymom_20230210::1.0
P,urn:nasa:pds:maven.swia.calibrated:data.onboard_svy_mom:mvn_swi_l2_onboardsvymom_20230211::1.0
P,urn:nasa:pds:maven.swia.calibrated:data.onboard_svy_mom:mvn_swi_l2_onboardsvymom_20230212::1.0
P,urn:nasa:pds:maven.swia.calibrated:data.onboard_svy_mom:mvn_swi_l2_onboardsvymom_20230213::1.0
P,urn:nasa:pds:maven.swia.calibrated:data.onboard_svy_mom:mvn_swi_l2_onboardsvymom_20230214::1.0
P,urn:nasa:pds:maven.swia.calibrated:data.onboard_svy_mom:mvn_swi_l2_onboardsvymom_20230215::1.0
P,urn:nasa:pds:maven.swia.calibrated:data.onboard_svy_mom:mvn_swi_l2_onboardsvymom_20230216::1.0
P,urn:nasa:pds:maven.swia.calibrated:data.onboard_svy_mom:mvn_swi_l2_onboardsvymom_20230221::1.0
P,urn:nasa:pds:maven.swia.calibrated:data.onboard_svy_mom:mvn_swi_l2_onboardsvymom_20230222::1.0
P,urn:nasa:pds:maven.swia.calibrated:data.onboard_svy_mom:mvn_swi_l2_onboardsvymom_20230223::1.0
P,urn:nasa:pds:maven.swia.calibrated:data.onboard_svy_mom:mvn_swi_l2_onboardsvymom_20230224::1.0
P,urn:nasa:pds:maven.swia.calibrated:data.onboard_svy_mom:mvn_swi_l2_onboardsvymom_20230225::1.0
P,urn:nasa:pds:maven.swia.calibrated:data.onboard_svy_mom:mvn_swi_l2_onboardsvymom_20230226::1.0
P,urn:nasa:pds:maven.swia.calibrated:data.onboard_svy_mom:mvn_swi_l2_onboardsvymom_20230227::1.0
P,urn:nasa:pds:maven.swia.calibrated:data.onboard_svy_mom:mvn_swi_l2_onboardsvymom_20230228::1.0
P,urn:nasa:pds:maven.swia.calibrated:data.onboard_svy_mom:mvn_swi_l2_onboardsvymom_20230301::1.0
P,urn:nasa:pds:maven.swia.calibrated:data.onboard_svy_mom:mvn_swi_l2_onboardsvymom_20230302::1.0
P,urn:nasa:pds:maven.swia.calibrated:data.onboard_svy_mom:mvn_swi_l2_onboardsvymom_20230303::1.0
P,urn:nasa:pds:maven.swia.calibrated:data.onboard_svy_mom:mvn_swi_l2_onboardsvymom_20230304::1.0
P,urn:nasa:pds:maven.swia.calibrated:data.onboard_svy_mom:mvn_swi_l2_onboardsvymom_20230305::1.0
P,urn:nasa:pds:maven.swia.calibrated:data.onboard_svy_mom:mvn_swi_l2_onboardsvymom_20230306::1.0
P,urn:nasa:pds:maven.swia.calibrated:data.onboard_svy_mom:mvn_swi_l2_onboardsvymom_20230307::1.0
P,urn:nasa:pds:maven.swia.calibrated:data.onboard_svy_mom:mvn_swi_l2_onboardsvymom_20230308::1.0
P,urn:nasa:pds:maven.swia.calibrated:data.onboard_svy_mom:mvn_swi_l2_onboardsvymom_20230309::1.0
P,urn:nasa:pds:maven.swia.calibrated:data.onboard_svy_mom:mvn_swi_l2_onboardsvymom_20230310::1.0
P,urn:nasa:pds:maven.swia.calibrated:data.onboard_svy_mom:mvn_swi_l2_onboardsvymom_20230311::1.0
P,urn:nasa:pds:maven.swia.calibrated:data.onboard_svy_mom:mvn_swi_l2_onboardsvymom_20230312::1.0
P,urn:nasa:pds:maven.swia.calibrated:data.onboard_svy_mom:mvn_swi_l2_onboardsvymom_20230313::1.0
P,urn:nasa:pds:maven.swia.calibrated:data.onboard_svy_mom:mvn_swi_l2_onboardsvymom_20230314::1.0
P,urn:nasa:pds:maven.swia.calibrated:data.onboard_svy_mom:mvn_swi_l2_onboardsvymom_20230315::1.0
P,urn:nasa:pds:maven.swia.calibrated:data.onboard_svy_mom:mvn_swi_l2_onboardsvymom_20230316::1.0
P,urn:nasa:pds:maven.swia.calibrated:data.onboard_svy_mom:mvn_swi_l2_onboardsvymom_20230317::1.0
P,urn:nasa:pds:maven.swia.calibrated:data.onboard_svy_mom:mvn_swi_l2_onboardsvymom_20230318::1.0
P,urn:nasa:pds:maven.swia.calibrated:data.onboard_svy_mom:mvn_swi_l2_onboardsvymom_20230319::1.0
P,urn:nasa:pds:maven.swia.calibrated:data.onboard_svy_mom:mvn_swi_l2_onboardsvymom_20230320::1.0
P,urn:nasa:pds:maven.swia.calibrated:data.onboard_svy_mom:mvn_swi_l2_onboardsvymom_20230321::1.0
P,urn:nasa:pds:maven.swia.calibrated:data.onboard_svy_mom:mvn_swi_l2_onboardsvymom_20230322::1.0
P,urn:nasa:pds:maven.swia.calibrated:data.onboard_svy_mom:mvn_swi_l2_onboardsvymom_20230323::1.0
P,urn:nasa:pds:maven.swia.calibrated:data.onboard_svy_mom:mvn_swi_l2_onboardsvymom_20230324::1.0
P,urn:nasa:pds:maven.swia.calibrated:data.onboard_svy_mom:mvn_swi_l2_onboardsvymom_20230325::1.0
P,urn:nasa:pds:maven.swia.calibrated:data.onboard_svy_mom:mvn_swi_l2_onboardsvymom_20230326::1.0
P,urn:nasa:pds:maven.swia.calibrated:data.onboard_svy_mom:mvn_swi_l2_onboardsvymom_20230327::1.0
P,urn:nasa:pds:maven.swia.calibrated:data.onboard_svy_mom:mvn_swi_l2_onboardsvymom_20230328::1.0
P,urn:nasa:pds:maven.swia.calibrated:data.onboard_svy_mom:mvn_swi_l2_onboardsvymom_20230329::1.0
P,urn:nasa:pds:maven.swia.calibrated:data.onboard_svy_mom:mvn_swi_l2_onboardsvymom_20230330::1.0
P,urn:nasa:pds:maven.swia.calibrated:data.onboard_svy_mom:mvn_swi_l2_onboardsvymom_20230331::1.0
P,urn:nasa:pds:maven.swia.calibrated:data.onboard_svy_mom:mvn_swi_l2_onboardsvymom_20230401::1.0
P,urn:nasa:pds:maven.swia.calibrated:data.onboard_svy_mom:mvn_swi_l2_onboardsvymom_20230402::1.0
P,urn:nasa:pds:maven.swia.calibrated:data.onboard_svy_mom:mvn_swi_l2_onboardsvymom_20230403::1.0
P,urn:nasa:pds:maven.swia.calibrated:data.onboard_svy_mom:mvn_swi_l2_onboardsvymom_20230404::1.0
P,urn:nasa:pds:maven.swia.calibrated:data.onboard_svy_mom:mvn_swi_l2_onboardsvymom_20230405::1.0
P,urn:nasa:pds:maven.swia.calibrated:data.onboard_svy_mom:mvn_swi_l2_onboardsvymom_20230406::1.0
P,urn:nasa:pds:maven.swia.calibrated:data.onboard_svy_mom:mvn_swi_l2_onboardsvymom_20230407::1.0
P,urn:nasa:pds:maven.swia.calibrated:data.onboard_svy_mom:mvn_swi_l2_onboardsvymom_20230408::1.0
P,urn:nasa:pds:maven.swia.calibrated:data.onboard_svy_mom:mvn_swi_l2_onboardsvymom_20230409::1.0
P,urn:nasa:pds:maven.swia.calibrated:data.onboard_svy_mom:mvn_swi_l2_onboardsvymom_20230410::1.0
P,urn:nasa:pds:maven.swia.calibrated:data.onboard_svy_mom:mvn_swi_l2_onboardsvymom_20230411::1.0
P,urn:nasa:pds:maven.swia.calibrated:data.onboard_svy_mom:mvn_swi_l2_onboardsvymom_20230412::1.0
P,urn:nasa:pds:maven.swia.calibrated:data.onboard_svy_mom:mvn_swi_l2_onboardsvymom_20230413::1.0
P,urn:nasa:pds:maven.swia.calibrated:data.onboard_svy_mom:mvn_swi_l2_onboardsvymom_20230414::1.0
P,urn:nasa:pds:maven.swia.calibrated:data.onboard_svy_mom:mvn_swi_l2_onboardsvymom_20230415::1.0
P,urn:nasa:pds:maven.swia.calibrated:data.onboard_svy_mom:mvn_swi_l2_onboardsvymom_20230416::1.0
P,urn:nasa:pds:maven.swia.calibrated:data.onboard_svy_mom:mvn_swi_l2_onboardsvymom_20230417::1.0
P,urn:nasa:pds:maven.swia.calibrated:data.onboard_svy_mom:mvn_swi_l2_onboardsvymom_20230418::1.0
P,urn:nasa:pds:maven.swia.calibrated:data.onboard_svy_mom:mvn_swi_l2_onboardsvymom_20230419::1.0
P,urn:nasa:pds:maven.swia.calibrated:data.onboard_svy_mom:mvn_swi_l2_onboardsvymom_20230420::1.0
P,urn:nasa:pds:maven.swia.calibrated:data.onboard_svy_mom:mvn_swi_l2_onboardsvymom_20230421::1.0
P,urn:nasa:pds:maven.swia.calibrated:data.onboard_svy_mom:mvn_swi_l2_onboardsvymom_20230422::1.0
P,urn:nasa:pds:maven.swia.calibrated:data.onboard_svy_mom:mvn_swi_l2_onboardsvymom_20230423::1.0
P,urn:nasa:pds:maven.swia.calibrated:data.onboard_svy_mom:mvn_swi_l2_onboardsvymom_20230424::1.0
P,urn:nasa:pds:maven.swia.calibrated:data.onboard_svy_mom:mvn_swi_l2_onboardsvymom_20230425::1.0
P,urn:nasa:pds:maven.swia.calibrated:data.onboard_svy_mom:mvn_swi_l2_onboardsvymom_20230426::1.0
P,urn:nasa:pds:maven.swia.calibrated:data.onboard_svy_mom:mvn_swi_l2_onboardsvymom_20230427::1.0
P,urn:nasa:pds:maven.swia.calibrated:data.onboard_svy_mom:mvn_swi_l2_onboardsvymom_20230428::1.0
P,urn:nasa:pds:maven.swia.calibrated:data.onboard_svy_mom:mvn_swi_l2_onboardsvymom_20230429::1.0
P,urn:nasa:pds:maven.swia.calibrated:data.onboard_svy_mom:mvn_swi_l2_onboardsvymom_20230430::1.0
P,urn:nasa:pds:maven.swia.calibrated:data.onboard_svy_mom:mvn_swi_l2_onboardsvymom_20230501::1.0
P,urn:nasa:pds:maven.swia.calibrated:data.onboard_svy_mom:mvn_swi_l2_onboardsvymom_20230502::1.0
P,urn:nasa:pds:maven.swia.calibrated:data.onboard_svy_mom:mvn_swi_l2_onboardsvymom_20230503::1.0
P,urn:nasa:pds:maven.swia.calibrated:data.onboard_svy_mom:mvn_swi_l2_onboardsvymom_20230504::1.0
P,urn:nasa:pds:maven.swia.calibrated:data.onboard_svy_mom:mvn_swi_l2_onboardsvymom_20230505::1.0
P,urn:nasa:pds:maven.swia.calibrated:data.onboard_svy_mom:mvn_swi_l2_onboardsvymom_20230506::1.0
P,urn:nasa:pds:maven.swia.calibrated:data.onboard_svy_mom:mvn_swi_l2_onboardsvymom_20230507::1.0
P,urn:nasa:pds:maven.swia.calibrated:data.onboard_svy_mom:mvn_swi_l2_onboardsvymom_20230508::1.0
P,urn:nasa:pds:maven.swia.calibrated:data.onboard_svy_mom:mvn_swi_l2_onboardsvymom_20230509::1.0
P,urn:nasa:pds:maven.swia.calibrated:data.onboard_svy_mom:mvn_swi_l2_onboardsvymom_20230510::1.0
P,urn:nasa:pds:maven.swia.calibrated:data.onboard_svy_mom:mvn_swi_l2_onboardsvymom_20230511::1.0
P,urn:nasa:pds:maven.swia.calibrated:data.onboard_svy_mom:mvn_swi_l2_onboardsvymom_20230512::1.0
P,urn:nasa:pds:maven.swia.calibrated:data.onboard_svy_mom:mvn_swi_l2_onboardsvymom_20230513::1.0
P,urn:nasa:pds:maven.swia.calibrated:data.onboard_svy_mom:mvn_swi_l2_onboardsvymom_20230514::1.0
P,urn:nasa:pds:maven.swia.calibrated:data.onboard_svy_mom:mvn_swi_l2_onboardsvymom_20230515::1.0
P,urn:nasa:pds:maven.swia.calibrated:data.onboard_svy_mom:mvn_swi_l2_onboardsvymom_20230516::1.0
P,urn:nasa:pds:maven.swia.calibrated:data.onboard_svy_mom:mvn_swi_l2_onboardsvymom_20230517::1.0
P,urn:nasa:pds:maven.swia.calibrated:data.onboard_svy_mom:mvn_swi_l2_onboardsvymom_20230518::1.0
P,urn:nasa:pds:maven.swia.calibrated:data.onboard_svy_mom:mvn_swi_l2_onboardsvymom_20230519::1.0
P,urn:nasa:pds:maven.swia.calibrated:data.onboard_svy_mom:mvn_swi_l2_onboardsvymom_20230520::1.0
P,urn:nasa:pds:maven.swia.calibrated:data.onboard_svy_mom:mvn_swi_l2_onboardsvymom_20230521::1.0
P,urn:nasa:pds:maven.swia.calibrated:data.onboard_svy_mom:mvn_swi_l2_onboardsvymom_20230522::1.0
P,urn:nasa:pds:maven.swia.calibrated:data.onboard_svy_mom:mvn_swi_l2_onboardsvymom_20230523::1.0
P,urn:nasa:pds:maven.swia.calibrated:data.onboard_svy_mom:mvn_swi_l2_onboardsvymom_20230524::1.0
P,urn:nasa:pds:maven.swia.calibrated:data.onboard_svy_mom:mvn_swi_l2_onboardsvymom_20230525::1.0
P,urn:nasa:pds:maven.swia.calibrated:data.onboard_svy_mom:mvn_swi_l2_onboardsvymom_20230526::1.0
P,urn:nasa:pds:maven.swia.calibrated:data.onboard_svy_mom:mvn_swi_l2_onboardsvymom_20230527::1.0
P,urn:nasa:pds:maven.swia.calibrated:data.onboard_svy_mom:mvn_swi_l2_onboardsvymom_20230528::1.0
P,urn:nasa:pds:maven.swia.calibrated:data.onboard_svy_mom:mvn_swi_l2_onboardsvymom_20230529::1.0
P,urn:nasa:pds:maven.swia.calibrated:data.onboard_svy_mom:mvn_swi_l2_onboardsvymom_20230530::1.0
P,urn:nasa:pds:maven.swia.calibrated:data.onboard_svy_mom:mvn_swi_l2_onboardsvymom_20230531::1.0
P,urn:nasa:pds:maven.swia.calibrated:data.onboard_svy_mom:mvn_swi_l2_onboardsvymom_20230601::1.0
P,urn:nasa:pds:maven.swia.calibrated:data.onboard_svy_mom:mvn_swi_l2_onboardsvymom_20230602::1.0
P,urn:nasa:pds:maven.swia.calibrated:data.onboard_svy_mom:mvn_swi_l2_onboardsvymom_20230603::1.0
P,urn:nasa:pds:maven.swia.calibrated:data.onboard_svy_mom:mvn_swi_l2_onboardsvymom_20230604::1.0
P,urn:nasa:pds:maven.swia.calibrated:data.onboard_svy_mom:mvn_swi_l2_onboardsvymom_20230605::1.0
P,urn:nasa:pds:maven.swia.calibrated:data.onboard_svy_mom:mvn_swi_l2_onboardsvymom_20230606::1.0
P,urn:nasa:pds:maven.swia.calibrated:data.onboard_svy_mom:mvn_swi_l2_onboardsvymom_20230607::1.0
P,urn:nasa:pds:maven.swia.calibrated:data.onboard_svy_mom:mvn_swi_l2_onboardsvymom_20230608::1.0
P,urn:nasa:pds:maven.swia.calibrated:data.onboard_svy_mom:mvn_swi_l2_onboardsvymom_20230609::1.0
P,urn:nasa:pds:maven.swia.calibrated:data.onboard_svy_mom:mvn_swi_l2_onboardsvymom_20230610::1.0
P,urn:nasa:pds:maven.swia.calibrated:data.onboard_svy_mom:mvn_swi_l2_onboardsvymom_20230611::1.0
P,urn:nasa:pds:maven.swia.calibrated:data.onboard_svy_mom:mvn_swi_l2_onboardsvymom_20230612::1.0
P,urn:nasa:pds:maven.swia.calibrated:data.onboard_svy_mom:mvn_swi_l2_onboardsvymom_20230613::1.0
P,urn:nasa:pds:maven.swia.calibrated:data.onboard_svy_mom:mvn_swi_l2_onboardsvymom_20230614::1.0
P,urn:nasa:pds:maven.swia.calibrated:data.onboard_svy_mom:mvn_swi_l2_onboardsvymom_20230615::1.0
P,urn:nasa:pds:maven.swia.calibrated:data.onboard_svy_mom:mvn_swi_l2_onboardsvymom_20230616::1.0
P,urn:nasa:pds:maven.swia.calibrated:data.onboard_svy_mom:mvn_swi_l2_onboardsvymom_20230617::1.0
P,urn:nasa:pds:maven.swia.calibrated:data.onboard_svy_mom:mvn_swi_l2_onboardsvymom_20230618::1.0
P,urn:nasa:pds:maven.swia.calibrated:data.onboard_svy_mom:mvn_swi_l2_onboardsvymom_20230619::1.0
P,urn:nasa:pds:maven.swia.calibrated:data.onboard_svy_mom:mvn_swi_l2_onboardsvymom_20230620::1.0
P,urn:nasa:pds:maven.swia.calibrated:data.onboard_svy_mom:mvn_swi_l2_onboardsvymom_20230621::1.0
P,urn:nasa:pds:maven.swia.calibrated:data.onboard_svy_mom:mvn_swi_l2_onboardsvymom_20230622::1.0
P,urn:nasa:pds:maven.swia.calibrated:data.onboard_svy_mom:mvn_swi_l2_onboardsvymom_20230623::1.0
P,urn:nasa:pds:maven.swia.calibrated:data.onboard_svy_mom:mvn_swi_l2_onboardsvymom_20230624::1.0
P,urn:nasa:pds:maven.swia.calibrated:data.onboard_svy_mom:mvn_swi_l2_onboardsvymom_20230625::1.0
P,urn:nasa:pds:maven.swia.calibrated:data.onboard_svy_mom:mvn_swi_l2_onboardsvymom_20230626::1.0
P,urn:nasa:pds:maven.swia.calibrated:data.onboard_svy_mom:mvn_swi_l2_onboardsvymom_20230627::1.0
P,urn:nasa:pds:maven.swia.calibrated:data.onboard_svy_mom:mvn_swi_l2_onboardsvymom_20230628::1.0
P,urn:nasa:pds:maven.swia.calibrated:data.onboard_svy_mom:mvn_swi_l2_onboardsvymom_20230629::1.0
P,urn:nasa:pds:maven.swia.calibrated:data.onboard_svy_mom:mvn_swi_l2_onboardsvymom_20230630::1.0
P,urn:nasa:pds:maven.swia.calibrated:data.onboard_svy_mom:mvn_swi_l2_onboardsvymom_20230701::1.0
P,urn:nasa:pds:maven.swia.calibrated:data.onboard_svy_mom:mvn_swi_l2_onboardsvymom_20230702::1.0
P,urn:nasa:pds:maven.swia.calibrated:data.onboard_svy_mom:mvn_swi_l2_onboardsvymom_20230703::1.0
P,urn:nasa:pds:maven.swia.calibrated:data.onboard_svy_mom:mvn_swi_l2_onboardsvymom_20230704::1.0
P,urn:nasa:pds:maven.swia.calibrated:data.onboard_svy_mom:mvn_swi_l2_onboardsvymom_20230705::1.0
P,urn:nasa:pds:maven.swia.calibrated:data.onboard_svy_mom:mvn_swi_l2_onboardsvymom_20230706::1.0
P,urn:nasa:pds:maven.swia.calibrated:data.onboard_svy_mom:mvn_swi_l2_onboardsvymom_20230707::1.0
P,urn:nasa:pds:maven.swia.calibrated:data.onboard_svy_mom:mvn_swi_l2_onboardsvymom_20230708::1.0
P,urn:nasa:pds:maven.swia.calibrated:data.onboard_svy_mom:mvn_swi_l2_onboardsvymom_20230709::1.0
P,urn:nasa:pds:maven.swia.calibrated:data.onboard_svy_mom:mvn_swi_l2_onboardsvymom_20230710::1.0
P,urn:nasa:pds:maven.swia.calibrated:data.onboard_svy_mom:mvn_swi_l2_onboardsvymom_20230711::1.0
P,urn:nasa:pds:maven.swia.calibrated:data.onboard_svy_mom:mvn_swi_l2_onboardsvymom_20230712::1.0
P,urn:nasa:pds:maven.swia.calibrated:data.onboard_svy_mom:mvn_swi_l2_onboardsvymom_20230713::1.0
P,urn:nasa:pds:maven.swia.calibrated:data.onboard_svy_mom:mvn_swi_l2_onboardsvymom_20230714::1.0
P,urn:nasa:pds:maven.swia.calibrated:data.onboard_svy_mom:mvn_swi_l2_onboardsvymom_20230715::1.0
P,urn:nasa:pds:maven.swia.calibrated:data.onboard_svy_mom:mvn_swi_l2_onboardsvymom_20230716::1.0
P,urn:nasa:pds:maven.swia.calibrated:data.onboard_svy_mom:mvn_swi_l2_onboardsvymom_20230717::1.0
P,urn:nasa:pds:maven.swia.calibrated:data.onboard_svy_mom:mvn_swi_l2_onboardsvymom_20230718::1.0
P,urn:nasa:pds:maven.swia.calibrated:data.onboard_svy_mom:mvn_swi_l2_onboardsvymom_20230719::1.0
P,urn:nasa:pds:maven.swia.calibrated:data.onboard_svy_mom:mvn_swi_l2_onboardsvymom_20230720::1.0
P,urn:nasa:pds:maven.swia.calibrated:data.onboard_svy_mom:mvn_swi_l2_onboardsvymom_20230721::1.0
P,urn:nasa:pds:maven.swia.calibrated:data.onboard_svy_mom:mvn_swi_l2_onboardsvymom_20230722::1.0
P,urn:nasa:pds:maven.swia.calibrated:data.onboard_svy_mom:mvn_swi_l2_onboardsvymom_20230723::1.0
P,urn:nasa:pds:maven.swia.calibrated:data.onboard_svy_mom:mvn_swi_l2_onboardsvymom_20230724::1.0
P,urn:nasa:pds:maven.swia.calibrated:data.onboard_svy_mom:mvn_swi_l2_onboardsvymom_20230725::1.0
P,urn:nasa:pds:maven.swia.calibrated:data.onboard_svy_mom:mvn_swi_l2_onboardsvymom_20230726::1.0
P,urn:nasa:pds:maven.swia.calibrated:data.onboard_svy_mom:mvn_swi_l2_onboardsvymom_20230727::1.0
P,urn:nasa:pds:maven.swia.calibrated:data.onboard_svy_mom:mvn_swi_l2_onboardsvymom_20230728::1.0
P,urn:nasa:pds:maven.swia.calibrated:data.onboard_svy_mom:mvn_swi_l2_onboardsvymom_20230729::1.0
P,urn:nasa:pds:maven.swia.calibrated:data.onboard_svy_mom:mvn_swi_l2_onboardsvymom_20230730::1.0
P,urn:nasa:pds:maven.swia.calibrated:data.onboard_svy_mom:mvn_swi_l2_onboardsvymom_20230731::1.0
P,urn:nasa:pds:maven.swia.calibrated:data.onboard_svy_mom:mvn_swi_l2_onboardsvymom_20230801::1.0
P,urn:nasa:pds:maven.swia.calibrated:data.onboard_svy_mom:mvn_swi_l2_onboardsvymom_20230802::1.0
P,urn:nasa:pds:maven.swia.calibrated:data.onboard_svy_mom:mvn_swi_l2_onboardsvymom_20230803::1.0
P,urn:nasa:pds:maven.swia.calibrated:data.onboard_svy_mom:mvn_swi_l2_onboardsvymom_20230804::1.0
P,urn:nasa:pds:maven.swia.calibrated:data.onboard_svy_mom:mvn_swi_l2_onboardsvymom_20230805::1.0
P,urn:nasa:pds:maven.swia.calibrated:data.onboard_svy_mom:mvn_swi_l2_onboardsvymom_20230806::1.0
P,urn:nasa:pds:maven.swia.calibrated:data.onboard_svy_mom:mvn_swi_l2_onboardsvymom_20230807::1.0
P,urn:nasa:pds:maven.swia.calibrated:data.onboard_svy_mom:mvn_swi_l2_onboardsvymom_20230808::1.0
P,urn:nasa:pds:maven.swia.calibrated:data.onboard_svy_mom:mvn_swi_l2_onboardsvymom_20230809::1.0
P,urn:nasa:pds:maven.swia.calibrated:data.onboard_svy_mom:mvn_swi_l2_onboardsvymom_20230810::1.0
P,urn:nasa:pds:maven.swia.calibrated:data.onboard_svy_mom:mvn_swi_l2_onboardsvymom_20230811::1.0
P,urn:nasa:pds:maven.swia.calibrated:data.onboard_svy_mom:mvn_swi_l2_onboardsvymom_20230812::1.0
P,urn:nasa:pds:maven.swia.calibrated:data.onboard_svy_mom:mvn_swi_l2_onboardsvymom_20230813::1.0
P,urn:nasa:pds:maven.swia.calibrated:data.onboard_svy_mom:mvn_swi_l2_onboardsvymom_20230814::1.0
P,urn:nasa:pds:maven.swia.calibrated:data.onboard_svy_mom:mvn_swi_l2_onboardsvymom_20230815::1.0
P,urn:nasa:pds:maven.swia.calibrated:data.onboard_svy_mom:mvn_swi_l2_onboardsvymom_20230816::1.0
P,urn:nasa:pds:maven.swia.calibrated:data.onboard_svy_mom:mvn_swi_l2_onboardsvymom_20230817::1.0
P,urn:nasa:pds:maven.swia.calibrated:data.onboard_svy_mom:mvn_swi_l2_onboardsvymom_20230818::1.0
P,urn:nasa:pds:maven.swia.calibrated:data.onboard_svy_mom:mvn_swi_l2_onboardsvymom_20230819::1.0
P,urn:nasa:pds:maven.swia.calibrated:data.onboard_svy_mom:mvn_swi_l2_onboardsvymom_20230820::1.0
P,urn:nasa:pds:maven.swia.calibrated:data.onboard_svy_mom:mvn_swi_l2_onboardsvymom_20230821::1.0
P,urn:nasa:pds:maven.swia.calibrated:data.onboard_svy_mom:mvn_swi_l2_onboardsvymom_20230822::1.0
P,urn:nasa:pds:maven.swia.calibrated:data.onboard_svy_mom:mvn_swi_l2_onboardsvymom_20230823::1.0
P,urn:nasa:pds:maven.swia.calibrated:data.onboard_svy_mom:mvn_swi_l2_onboardsvymom_20230824::1.0
P,urn:nasa:pds:maven.swia.calibrated:data.onboard_svy_mom:mvn_swi_l2_onboardsvymom_20230825::1.0
P,urn:nasa:pds:maven.swia.calibrated:data.onboard_svy_mom:mvn_swi_l2_onboardsvymom_20230826::1.0
P,urn:nasa:pds:maven.swia.calibrated:data.onboard_svy_mom:mvn_swi_l2_onboardsvymom_20230827::1.0
P,urn:nasa:pds:maven.swia.calibrated:data.onboard_svy_mom:mvn_swi_l2_onboardsvymom_20230828::1.0
P,urn:nasa:pds:maven.swia.calibrated:data.onboard_svy_mom:mvn_swi_l2_onboardsvymom_20230829::1.0
P,urn:nasa:pds:maven.swia.calibrated:data.onboard_svy_mom:mvn_swi_l2_onboardsvymom_20230830::1.0
P,urn:nasa:pds:maven.swia.calibrated:data.onboard_svy_mom:mvn_swi_l2_onboardsvymom_20230831::1.0
P,urn:nasa:pds:maven.swia.calibrated:data.onboard_svy_mom:mvn_swi_l2_onboardsvymom_20230901::1.0
P,urn:nasa:pds:maven.swia.calibrated:data.onboard_svy_mom:mvn_swi_l2_onboardsvymom_20230902::1.0
P,urn:nasa:pds:maven.swia.calibrated:data.onboard_svy_mom:mvn_swi_l2_onboardsvymom_20230903::1.0
P,urn:nasa:pds:maven.swia.calibrated:data.onboard_svy_mom:mvn_swi_l2_onboardsvymom_20230904::1.0
P,urn:nasa:pds:maven.swia.calibrated:data.onboard_svy_mom:mvn_swi_l2_onboardsvymom_20230905::1.0
P,urn:nasa:pds:maven.swia.calibrated:data.onboard_svy_mom:mvn_swi_l2_onboardsvymom_20230906::1.0
P,urn:nasa:pds:maven.swia.calibrated:data.onboard_svy_mom:mvn_swi_l2_onboardsvymom_20230907::1.0
P,urn:nasa:pds:maven.swia.calibrated:data.onboard_svy_mom:mvn_swi_l2_onboardsvymom_20230908::1.0
P,urn:nasa:pds:maven.swia.calibrated:data.onboard_svy_mom:mvn_swi_l2_onboardsvymom_20230909::1.0
P,urn:nasa:pds:maven.swia.calibrated:data.onboard_svy_mom:mvn_swi_l2_onboardsvymom_20230910::1.0
P,urn:nasa:pds:maven.swia.calibrated:data.onboard_svy_mom:mvn_swi_l2_onboardsvymom_20230911::1.0
P,urn:nasa:pds:maven.swia.calibrated:data.onboard_svy_mom:mvn_swi_l2_onboardsvymom_20230912::1.0
P,urn:nasa:pds:maven.swia.calibrated:data.onboard_svy_mom:mvn_swi_l2_onboardsvymom_20230913::1.0
P,urn:nasa:pds:maven.swia.calibrated:data.onboard_svy_mom:mvn_swi_l2_onboardsvymom_20230914::1.0
P,urn:nasa:pds:maven.swia.calibrated:data.onboard_svy_mom:mvn_swi_l2_onboardsvymom_20230915::1.0
P,urn:nasa:pds:maven.swia.calibrated:data.onboard_svy_mom:mvn_swi_l2_onboardsvymom_20230916::1.0
P,urn:nasa:pds:maven.swia.calibrated:data.onboard_svy_mom:mvn_swi_l2_onboardsvymom_20230917::1.0
P,urn:nasa:pds:maven.swia.calibrated:data.onboard_svy_mom:mvn_swi_l2_onboardsvymom_20230918::1.0
P,urn:nasa:pds:maven.swia.calibrated:data.onboard_svy_mom:mvn_swi_l2_onboardsvymom_20230919::1.0
P,urn:nasa:pds:maven.swia.calibrated:data.onboard_svy_mom:mvn_swi_l2_onboardsvymom_20230920::1.0
P,urn:nasa:pds:maven.swia.calibrated:data.onboard_svy_mom:mvn_swi_l2_onboardsvymom_20230921::1.0
P,urn:nasa:pds:maven.swia.calibrated:data.onboard_svy_mom:mvn_swi_l2_onboardsvymom_20230922::1.0
P,urn:nasa:pds:maven.swia.calibrated:data.onboard_svy_mom:mvn_swi_l2_onboardsvymom_20230923::1.0
P,urn:nasa:pds:maven.swia.calibrated:data.onboard_svy_mom:mvn_swi_l2_onboardsvymom_20230924::1.0
P,urn:nasa:pds:maven.swia.calibrated:data.onboard_svy_mom:mvn_swi_l2_onboardsvymom_20230925::1.0
P,urn:nasa:pds:maven.swia.calibrated:data.onboard_svy_mom:mvn_swi_l2_onboardsvymom_20230926::1.0
P,urn:nasa:pds:maven.swia.calibrated:data.onboard_svy_mom:mvn_swi_l2_onboardsvymom_20230927::1.0
P,urn:nasa:pds:maven.swia.calibrated:data.onboard_svy_mom:mvn_swi_l2_onboardsvymom_20230928::1.0
P,urn:nasa:pds:maven.swia.calibrated:data.onboard_svy_mom:mvn_swi_l2_onboardsvymom_20230929::1.0
P,urn:nasa:pds:maven.swia.calibrated:data.onboard_svy_mom:mvn_swi_l2_onboardsvymom_20230930::1.0
P,urn:nasa:pds:maven.swia.calibrated:data.onboard_svy_mom:mvn_swi_l2_onboardsvymom_20231001::1.0
P,urn:nasa:pds:maven.swia.calibrated:data.onboard_svy_mom:mvn_swi_l2_onboardsvymom_20231002::1.0
P,urn:nasa:pds:maven.swia.calibrated:data.onboard_svy_mom:mvn_swi_l2_onboardsvymom_20231003::1.0
P,urn:nasa:pds:maven.swia.calibrated:data.onboard_svy_mom:mvn_swi_l2_onboardsvymom_20231004::1.0
P,urn:nasa:pds:maven.swia.calibrated:data.onboard_svy_mom:mvn_swi_l2_onboardsvymom_20231005::1.0
P,urn:nasa:pds:maven.swia.calibrated:data.onboard_svy_mom:mvn_swi_l2_onboardsvymom_20231006::1.0
P,urn:nasa:pds:maven.swia.calibrated:data.onboard_svy_mom:mvn_swi_l2_onboardsvymom_20231007::1.0
P,urn:nasa:pds:maven.swia.calibrated:data.onboard_svy_mom:mvn_swi_l2_onboardsvymom_20231008::1.0
P,urn:nasa:pds:maven.swia.calibrated:data.onboard_svy_mom:mvn_swi_l2_onboardsvymom_20231009::1.0
P,urn:nasa:pds:maven.swia.calibrated:data.onboard_svy_mom:mvn_swi_l2_onboardsvymom_20231010::1.0
P,urn:nasa:pds:maven.swia.calibrated:data.onboard_svy_mom:mvn_swi_l2_onboardsvymom_20231011::1.0
P,urn:nasa:pds:maven.swia.calibrated:data.onboard_svy_mom:mvn_swi_l2_onboardsvymom_20231012::1.0
P,urn:nasa:pds:maven.swia.calibrated:data.onboard_svy_mom:mvn_swi_l2_onboardsvymom_20231013::1.0
P,urn:nasa:pds:maven.swia.calibrated:data.onboard_svy_mom:mvn_swi_l2_onboardsvymom_20231014::1.0
P,urn:nasa:pds:maven.swia.calibrated:data.onboard_svy_mom:mvn_swi_l2_onboardsvymom_20231015::1.0
P,urn:nasa:pds:maven.swia.calibrated:data.onboard_svy_mom:mvn_swi_l2_onboardsvymom_20231016::1.0
P,urn:nasa:pds:maven.swia.calibrated:data.onboard_svy_mom:mvn_swi_l2_onboardsvymom_20231017::1.0
P,urn:nasa:pds:maven.swia.calibrated:data.onboard_svy_mom:mvn_swi_l2_onboardsvymom_20231018::1.0
P,urn:nasa:pds:maven.swia.calibrated:data.onboard_svy_mom:mvn_swi_l2_onboardsvymom_20231019::1.0
P,urn:nasa:pds:maven.swia.calibrated:data.onboard_svy_mom:mvn_swi_l2_onboardsvymom_20231020::1.0
P,urn:nasa:pds:maven.swia.calibrated:data.onboard_svy_mom:mvn_swi_l2_onboardsvymom_20231021::1.0
P,urn:nasa:pds:maven.swia.calibrated:data.onboard_svy_mom:mvn_swi_l2_onboardsvymom_20231022::1.0
P,urn:nasa:pds:maven.swia.calibrated:data.onboard_svy_mom:mvn_swi_l2_onboardsvymom_20231023::1.0
P,urn:nasa:pds:maven.swia.calibrated:data.onboard_svy_mom:mvn_swi_l2_onboardsvymom_20231024::1.0
P,urn:nasa:pds:maven.swia.calibrated:data.onboard_svy_mom:mvn_swi_l2_onboardsvymom_20231025::1.0
P,urn:nasa:pds:maven.swia.calibrated:data.onboard_svy_mom:mvn_swi_l2_onboardsvymom_20231026::1.0
P,urn:nasa:pds:maven.swia.calibrated:data.onboard_svy_mom:mvn_swi_l2_onboardsvymom_20231027::1.0
P,urn:nasa:pds:maven.swia.calibrated:data.onboard_svy_mom:mvn_swi_l2_onboardsvymom_20231028::1.0
P,urn:nasa:pds:maven.swia.calibrated:data.onboard_svy_mom:mvn_swi_l2_onboardsvymom_20231029::1.0
P,urn:nasa:pds:maven.swia.calibrated:data.onboard_svy_mom:mvn_swi_l2_onboardsvymom_20231030::1.0
P,urn:nasa:pds:maven.swia.calibrated:data.onboard_svy_mom:mvn_swi_l2_onboardsvymom_20231031::1.0
P,urn:nasa:pds:maven.swia.calibrated:data.onboard_svy_mom:mvn_swi_l2_onboardsvymom_20231101::1.0
P,urn:nasa:pds:maven.swia.calibrated:data.onboard_svy_mom:mvn_swi_l2_onboardsvymom_20231102::1.0
P,urn:nasa:pds:maven.swia.calibrated:data.onboard_svy_mom:mvn_swi_l2_onboardsvymom_20231103::1.0
P,urn:nasa:pds:maven.swia.calibrated:data.onboard_svy_mom:mvn_swi_l2_onboardsvymom_20231104::1.0
P,urn:nasa:pds:maven.swia.calibrated:data.onboard_svy_mom:mvn_swi_l2_onboardsvymom_20231105::1.0
P,urn:nasa:pds:maven.swia.calibrated:data.onboard_svy_mom:mvn_swi_l2_onboardsvymom_20231106::1.0
P,urn:nasa:pds:maven.swia.calibrated:data.onboard_svy_mom:mvn_swi_l2_onboardsvymom_20231107::1.0
P,urn:nasa:pds:maven.swia.calibrated:data.onboard_svy_mom:mvn_swi_l2_onboardsvymom_20231108::1.0
P,urn:nasa:pds:maven.swia.calibrated:data.onboard_svy_mom:mvn_swi_l2_onboardsvymom_20231109::1.0
P,urn:nasa:pds:maven.swia.calibrated:data.onboard_svy_mom:mvn_swi_l2_onboardsvymom_20231110::1.0
P,urn:nasa:pds:maven.swia.calibrated:data.onboard_svy_mom:mvn_swi_l2_onboardsvymom_20231111::1.0
P,urn:nasa:pds:maven.swia.calibrated:data.onboard_svy_mom:mvn_swi_l2_onboardsvymom_20231112::1.0
P,urn:nasa:pds:maven.swia.calibrated:data.onboard_svy_mom:mvn_swi_l2_onboardsvymom_20231113::1.0
P,urn:nasa:pds:maven.swia.calibrated:data.onboard_svy_mom:mvn_swi_l2_onboardsvymom_20231114::1.0
P,urn:nasa:pds:maven.swia.calibrated:data.onboard_svy_mom:mvn_swi_l2_onboardsvymom_20231115::1.0
P,urn:nasa:pds:maven.swia.calibrated:data.onboard_svy_mom:mvn_swi_l2_onboardsvymom_20231116::1.0
P,urn:nasa:pds:maven.swia.calibrated:data.onboard_svy_mom:mvn_swi_l2_onboardsvymom_20231117::1.0
P,urn:nasa:pds:maven.swia.calibrated:data.onboard_svy_mom:mvn_swi_l2_onboardsvymom_20231118::1.0
P,urn:nasa:pds:maven.swia.calibrated:data.onboard_svy_mom:mvn_swi_l2_onboardsvymom_20231119::1.0
P,urn:nasa:pds:maven.swia.calibrated:data.onboard_svy_mom:mvn_swi_l2_onboardsvymom_20231120::1.0
P,urn:nasa:pds:maven.swia.calibrated:data.onboard_svy_mom:mvn_swi_l2_onboardsvymom_20231121::1.0
P,urn:nasa:pds:maven.swia.calibrated:data.onboard_svy_mom:mvn_swi_l2_onboardsvymom_20231122::1.0
P,urn:nasa:pds:maven.swia.calibrated:data.onboard_svy_mom:mvn_swi_l2_onboardsvymom_20231123::1.0
P,urn:nasa:pds:maven.swia.calibrated:data.onboard_svy_mom:mvn_swi_l2_onboardsvymom_20231124::1.0
P,urn:nasa:pds:maven.swia.calibrated:data.onboard_svy_mom:mvn_swi_l2_onboardsvymom_20231125::1.0
P,urn:nasa:pds:maven.swia.calibrated:data.onboard_svy_mom:mvn_swi_l2_onboardsvymom_20231126::1.0
P,urn:nasa:pds:maven.swia.calibrated:data.onboard_svy_mom:mvn_swi_l2_onboardsvymom_20231127::1.0
P,urn:nasa:pds:maven.swia.calibrated:data.onboard_svy_mom:mvn_swi_l2_onboardsvymom_20231128::1.0
P,urn:nasa:pds:maven.swia.calibrated:data.onboard_svy_mom:mvn_swi_l2_onboardsvymom_20231129::1.0
P,urn:nasa:pds:maven.swia.calibrated:data.onboard_svy_mom:mvn_swi_l2_onboardsvymom_20231130::1.0
P,urn:nasa:pds:maven.swia.calibrated:data.onboard_svy_mom:mvn_swi_l2_onboardsvymom_20231201::1.0
P,urn:nasa:pds:maven.swia.calibrated:data.onboard_svy_mom:mvn_swi_l2_onboardsvymom_20231202::1.0
P,urn:nasa:pds:maven.swia.calibrated:data.onboard_svy_mom:mvn_swi_l2_onboardsvymom_20231203::1.0
P,urn:nasa:pds:maven.swia.calibrated:data.onboard_svy_mom:mvn_swi_l2_onboardsvymom_20231204::1.0
P,urn:nasa:pds:maven.swia.calibrated:data.onboard_svy_mom:mvn_swi_l2_onboardsvymom_20231205::1.0
P,urn:nasa:pds:maven.swia.calibrated:data.onboard_svy_mom:mvn_swi_l2_onboardsvymom_20231206::1.0
P,urn:nasa:pds:maven.swia.calibrated:data.onboard_svy_mom:mvn_swi_l2_onboardsvymom_20231207::1.0
P,urn:nasa:pds:maven.swia.calibrated:data.onboard_svy_mom:mvn_swi_l2_onboardsvymom_20231208::1.0
P,urn:nasa:pds:maven.swia.calibrated:data.onboard_svy_mom:mvn_swi_l2_onboardsvymom_20231209::1.0
P,urn:nasa:pds:maven.swia.calibrated:data.onboard_svy_mom:mvn_swi_l2_onboardsvymom_20231210::1.0
P,urn:nasa:pds:maven.swia.calibrated:data.onboard_svy_mom:mvn_swi_l2_onboardsvymom_20231211::1.0
P,urn:nasa:pds:maven.swia.calibrated:data.onboard_svy_mom:mvn_swi_l2_onboardsvymom_20231212::1.0
P,urn:nasa:pds:maven.swia.calibrated:data.onboard_svy_mom:mvn_swi_l2_onboardsvymom_20231213::1.0
P,urn:nasa:pds:maven.swia.calibrated:data.onboard_svy_mom:mvn_swi_l2_onboardsvymom_20231214::1.0
P,urn:nasa:pds:maven.swia.calibrated:data.onboard_svy_mom:mvn_swi_l2_onboardsvymom_20231215::1.0
P,urn:nasa:pds:maven.swia.calibrated:data.onboard_svy_mom:mvn_swi_l2_onboardsvymom_20231216::1.0
P,urn:nasa:pds:maven.swia.calibrated:data.onboard_svy_mom:mvn_swi_l2_onboardsvymom_20231217::1.0
P,urn:nasa:pds:maven.swia.calibrated:data.onboard_svy_mom:mvn_swi_l2_onboardsvymom_20231218::1.0
P,urn:nasa:pds:maven.swia.calibrated:data.onboard_svy_mom:mvn_swi_l2_onboardsvymom_20231219::1.0
P,urn:nasa:pds:maven.swia.calibrated:data.onboard_svy_mom:mvn_swi_l2_onboardsvymom_20231220::1.0
P,urn:nasa:pds:maven.swia.calibrated:data.onboard_svy_mom:mvn_swi_l2_onboardsvymom_20231221::1.0
P,urn:nasa:pds:maven.swia.calibrated:data.onboard_svy_mom:mvn_swi_l2_onboardsvymom_20231222::1.0
P,urn:nasa:pds:maven.swia.calibrated:data.onboard_svy_mom:mvn_swi_l2_onboardsvymom_20231223::1.0
P,urn:nasa:pds:maven.swia.calibrated:data.onboard_svy_mom:mvn_swi_l2_onboardsvymom_20231224::1.0
P,urn:nasa:pds:maven.swia.calibrated:data.onboard_svy_mom:mvn_swi_l2_onboardsvymom_20231225::1.0
P,urn:nasa:pds:maven.swia.calibrated:data.onboard_svy_mom:mvn_swi_l2_onboardsvymom_20231226::1.0
P,urn:nasa:pds:maven.swia.calibrated:data.onboard_svy_mom:mvn_swi_l2_onboardsvymom_20231227::1.0
P,urn:nasa:pds:maven.swia.calibrated:data.onboard_svy_mom:mvn_swi_l2_onboardsvymom_20231228::1.0
P,urn:nasa:pds:maven.swia.calibrated:data.onboard_svy_mom:mvn_swi_l2_onboardsvymom_20231229::1.0
P,urn:nasa:pds:maven.swia.calibrated:data.onboard_svy_mom:mvn_swi_l2_onboardsvymom_20231230::1.0
P,urn:nasa:pds:maven.swia.calibrated:data.onboard_svy_mom:mvn_swi_l2_onboardsvymom_20231231::1.0
P,urn:nasa:pds:maven.swia.calibrated:data.onboard_svy_mom:mvn_swi_l2_onboardsvymom_20240101::1.0
P,urn:nasa:pds:maven.swia.calibrated:data.onboard_svy_mom:mvn_swi_l2_onboardsvymom_20240102::1.0
P,urn:nasa:pds:maven.swia.calibrated:data.onboard_svy_mom:mvn_swi_l2_onboardsvymom_20240103::1.0
P,urn:nasa:pds:maven.swia.calibrated:data.onboard_svy_mom:mvn_swi_l2_onboardsvymom_20240104::1.0
P,urn:nasa:pds:maven.swia.calibrated:data.onboard_svy_mom:mvn_swi_l2_onboardsvymom_20240105::1.0
P,urn:nasa:pds:maven.swia.calibrated:data.onboard_svy_mom:mvn_swi_l2_onboardsvymom_20240106::1.0
P,urn:nasa:pds:maven.swia.calibrated:data.onboard_svy_mom:mvn_swi_l2_onboardsvymom_20240107::1.0
P,urn:nasa:pds:maven.swia.calibrated:data.onboard_svy_mom:mvn_swi_l2_onboardsvymom_20240108::1.0
P,urn:nasa:pds:maven.swia.calibrated:data.onboard_svy_mom:mvn_swi_l2_onboardsvymom_20240109::1.0
P,urn:nasa:pds:maven.swia.calibrated:data.onboard_svy_mom:mvn_swi_l2_onboardsvymom_20240110::1.0
P,urn:nasa:pds:maven.swia.calibrated:data.onboard_svy_mom:mvn_swi_l2_onboardsvymom_20240111::1.0
P,urn:nasa:pds:maven.swia.calibrated:data.onboard_svy_mom:mvn_swi_l2_onboardsvymom_20240112::1.0
P,urn:nasa:pds:maven.swia.calibrated:data.onboard_svy_mom:mvn_swi_l2_onboardsvymom_20240113::1.0
P,urn:nasa:pds:maven.swia.calibrated:data.onboard_svy_mom:mvn_swi_l2_onboardsvymom_20240114::1.0
P,urn:nasa:pds:maven.swia.calibrated:data.onboard_svy_mom:mvn_swi_l2_onboardsvymom_20240115::1.0
P,urn:nasa:pds:maven.swia.calibrated:data.onboard_svy_mom:mvn_swi_l2_onboardsvymom_20240116::1.0
P,urn:nasa:pds:maven.swia.calibrated:data.onboard_svy_mom:mvn_swi_l2_onboardsvymom_20240117::1.0
P,urn:nasa:pds:maven.swia.calibrated:data.onboard_svy_mom:mvn_swi_l2_onboardsvymom_20240118::1.0
P,urn:nasa:pds:maven.swia.calibrated:data.onboard_svy_mom:mvn_swi_l2_onboardsvymom_20240119::1.0
P,urn:nasa:pds:maven.swia.calibrated:data.onboard_svy_mom:mvn_swi_l2_onboardsvymom_20240120::1.0
P,urn:nasa:pds:maven.swia.calibrated:data.onboard_svy_mom:mvn_swi_l2_onboardsvymom_20240121::1.0
P,urn:nasa:pds:maven.swia.calibrated:data.onboard_svy_mom:mvn_swi_l2_onboardsvymom_20240122::1.0
P,urn:nasa:pds:maven.swia.calibrated:data.onboard_svy_mom:mvn_swi_l2_onboardsvymom_20240123::1.0
P,urn:nasa:pds:maven.swia.calibrated:data.onboard_svy_mom:mvn_swi_l2_onboardsvymom_20240124::1.0
P,urn:nasa:pds:maven.swia.calibrated:data.onboard_svy_mom:mvn_swi_l2_onboardsvymom_20240125::1.0
P,urn:nasa:pds:maven.swia.calibrated:data.onboard_svy_mom:mvn_swi_l2_onboardsvymom_20240126::1.0
P,urn:nasa:pds:maven.swia.calibrated:data.onboard_svy_mom:mvn_swi_l2_onboardsvymom_20240127::1.0
P,urn:nasa:pds:maven.swia.calibrated:data.onboard_svy_mom:mvn_swi_l2_onboardsvymom_20240128::1.0
P,urn:nasa:pds:maven.swia.calibrated:data.onboard_svy_mom:mvn_swi_l2_onboardsvymom_20240129::1.0
P,urn:nasa:pds:maven.swia.calibrated:data.onboard_svy_mom:mvn_swi_l2_onboardsvymom_20240130::1.0
P,urn:nasa:pds:maven.swia.calibrated:data.onboard_svy_mom:mvn_swi_l2_onboardsvymom_20240131::1.0
P,urn:nasa:pds:maven.swia.calibrated:data.onboard_svy_mom:mvn_swi_l2_onboardsvymom_20240201::1.0
P,urn:nasa:pds:maven.swia.calibrated:data.onboard_svy_mom:mvn_swi_l2_onboardsvymom_20240202::1.0
P,urn:nasa:pds:maven.swia.calibrated:data.onboard_svy_mom:mvn_swi_l2_onboardsvymom_20240203::1.0
P,urn:nasa:pds:maven.swia.calibrated:data.onboard_svy_mom:mvn_swi_l2_onboardsvymom_20240204::1.0
P,urn:nasa:pds:maven.swia.calibrated:data.onboard_svy_mom:mvn_swi_l2_onboardsvymom_20240205::1.0
P,urn:nasa:pds:maven.swia.calibrated:data.onboard_svy_mom:mvn_swi_l2_onboardsvymom_20240206::1.0
P,urn:nasa:pds:maven.swia.calibrated:data.onboard_svy_mom:mvn_swi_l2_onboardsvymom_20240207::1.0
P,urn:nasa:pds:maven.swia.calibrated:data.onboard_svy_mom:mvn_swi_l2_onboardsvymom_20240208::1.0
P,urn:nasa:pds:maven.swia.calibrated:data.onboard_svy_mom:mvn_swi_l2_onboardsvymom_20240209::1.0
P,urn:nasa:pds:maven.swia.calibrated:data.onboard_svy_mom:mvn_swi_l2_onboardsvymom_20240210::1.0
P,urn:nasa:pds:maven.swia.calibrated:data.onboard_svy_mom:mvn_swi_l2_onboardsvymom_20240211::1.0
P,urn:nasa:pds:maven.swia.calibrated:data.onboard_svy_mom:mvn_swi_l2_onboardsvymom_20240212::1.0
P,urn:nasa:pds:maven.swia.calibrated:data.onboard_svy_mom:mvn_swi_l2_onboardsvymom_20240213::1.0
P,urn:nasa:pds:maven.swia.calibrated:data.onboard_svy_mom:mvn_swi_l2_onboardsvymom_20240214::1.0
P,urn:nasa:pds:maven.swia.calibrated:data.onboard_svy_mom:mvn_swi_l2_onboardsvymom_20240215::1.0
P,urn:nasa:pds:maven.swia.calibrated:data.onboard_svy_mom:mvn_swi_l2_onboardsvymom_20240216::1.0
P,urn:nasa:pds:maven.swia.calibrated:data.onboard_svy_mom:mvn_swi_l2_onboardsvymom_20240217::1.0
P,urn:nasa:pds:maven.swia.calibrated:data.onboard_svy_mom:mvn_swi_l2_onboardsvymom_20240218::1.0
P,urn:nasa:pds:maven.swia.calibrated:data.onboard_svy_mom:mvn_swi_l2_onboardsvymom_20240219::1.0
P,urn:nasa:pds:maven.swia.calibrated:data.onboard_svy_mom:mvn_swi_l2_onboardsvymom_20240220::1.0
P,urn:nasa:pds:maven.swia.calibrated:data.onboard_svy_mom:mvn_swi_l2_onboardsvymom_20240221::1.0
P,urn:nasa:pds:maven.swia.calibrated:data.onboard_svy_mom:mvn_swi_l2_onboardsvymom_20240222::1.0
P,urn:nasa:pds:maven.swia.calibrated:data.onboard_svy_mom:mvn_swi_l2_onboardsvymom_20240223::1.0
P,urn:nasa:pds:maven.swia.calibrated:data.onboard_svy_mom:mvn_swi_l2_onboardsvymom_20240224::1.0
P,urn:nasa:pds:maven.swia.calibrated:data.onboard_svy_mom:mvn_swi_l2_onboardsvymom_20240225::1.0
P,urn:nasa:pds:maven.swia.calibrated:data.onboard_svy_mom:mvn_swi_l2_onboardsvymom_20240226::1.0
P,urn:nasa:pds:maven.swia.calibrated:data.onboard_svy_mom:mvn_swi_l2_onboardsvymom_20240227::1.0
P,urn:nasa:pds:maven.swia.calibrated:data.onboard_svy_mom:mvn_swi_l2_onboardsvymom_20240228::1.0
P,urn:nasa:pds:maven.swia.calibrated:data.onboard_svy_mom:mvn_swi_l2_onboardsvymom_20240229::1.0
P,urn:nasa:pds:maven.swia.calibrated:data.onboard_svy_mom:mvn_swi_l2_onboardsvymom_20240301::1.0
P,urn:nasa:pds:maven.swia.calibrated:data.onboard_svy_mom:mvn_swi_l2_onboardsvymom_20240302::1.0
P,urn:nasa:pds:maven.swia.calibrated:data.onboard_svy_mom:mvn_swi_l2_onboardsvymom_20240303::1.0
P,urn:nasa:pds:maven.swia.calibrated:data.onboard_svy_mom:mvn_swi_l2_onboardsvymom_20240304::1.0
P,urn:nasa:pds:maven.swia.calibrated:data.onboard_svy_mom:mvn_swi_l2_onboardsvymom_20240305::1.0
P,urn:nasa:pds:maven.swia.calibrated:data.onboard_svy_mom:mvn_swi_l2_onboardsvymom_20240306::1.0
P,urn:nasa:pds:maven.swia.calibrated:data.onboard_svy_mom:mvn_swi_l2_onboardsvymom_20240307::1.0
P,urn:nasa:pds:maven.swia.calibrated:data.onboard_svy_mom:mvn_swi_l2_onboardsvymom_20240308::1.0
P,urn:nasa:pds:maven.swia.calibrated:data.onboard_svy_mom:mvn_swi_l2_onboardsvymom_20240309::1.0
P,urn:nasa:pds:maven.swia.calibrated:data.onboard_svy_mom:mvn_swi_l2_onboardsvymom_20240310::1.0
P,urn:nasa:pds:maven.swia.calibrated:data.onboard_svy_mom:mvn_swi_l2_onboardsvymom_20240311::1.0
P,urn:nasa:pds:maven.swia.calibrated:data.onboard_svy_mom:mvn_swi_l2_onboardsvymom_20240312::1.0
P,urn:nasa:pds:maven.swia.calibrated:data.onboard_svy_mom:mvn_swi_l2_onboardsvymom_20240313::1.0
P,urn:nasa:pds:maven.swia.calibrated:data.onboard_svy_mom:mvn_swi_l2_onboardsvymom_20240314::1.0
P,urn:nasa:pds:maven.swia.calibrated:data.onboard_svy_mom:mvn_swi_l2_onboardsvymom_20240315::1.0
P,urn:nasa:pds:maven.swia.calibrated:data.onboard_svy_mom:mvn_swi_l2_onboardsvymom_20240316::1.0
P,urn:nasa:pds:maven.swia.calibrated:data.onboard_svy_mom:mvn_swi_l2_onboardsvymom_20240317::1.0
P,urn:nasa:pds:maven.swia.calibrated:data.onboard_svy_mom:mvn_swi_l2_onboardsvymom_20240318::1.0
P,urn:nasa:pds:maven.swia.calibrated:data.onboard_svy_mom:mvn_swi_l2_onboardsvymom_20240319::1.0
P,urn:nasa:pds:maven.swia.calibrated:data.onboard_svy_mom:mvn_swi_l2_onboardsvymom_20240320::1.0
P,urn:nasa:pds:maven.swia.calibrated:data.onboard_svy_mom:mvn_swi_l2_onboardsvymom_20240321::1.0
P,urn:nasa:pds:maven.swia.calibrated:data.onboard_svy_mom:mvn_swi_l2_onboardsvymom_20240322::1.0
P,urn:nasa:pds:maven.swia.calibrated:data.onboard_svy_mom:mvn_swi_l2_onboardsvymom_20240323::1.0
P,urn:nasa:pds:maven.swia.calibrated:data.onboard_svy_mom:mvn_swi_l2_onboardsvymom_20240324::1.0
P,urn:nasa:pds:maven.swia.calibrated:data.onboard_svy_mom:mvn_swi_l2_onboardsvymom_20240325::1.0
P,urn:nasa:pds:maven.swia.calibrated:data.onboard_svy_mom:mvn_swi_l2_onboardsvymom_20240326::1.0
P,urn:nasa:pds:maven.swia.calibrated:data.onboard_svy_mom:mvn_swi_l2_onboardsvymom_20240327::1.0
P,urn:nasa:pds:maven.swia.calibrated:data.onboard_svy_mom:mvn_swi_l2_onboardsvymom_20240328::1.0
P,urn:nasa:pds:maven.swia.calibrated:data.onboard_svy_mom:mvn_swi_l2_onboardsvymom_20240329::1.0
P,urn:nasa:pds:maven.swia.calibrated:data.onboard_svy_mom:mvn_swi_l2_onboardsvymom_20240330::1.0
P,urn:nasa:pds:maven.swia.calibrated:data.onboard_svy_mom:mvn_swi_l2_onboardsvymom_20240331::1.0
P,urn:nasa:pds:maven.swia.calibrated:data.onboard_svy_mom:mvn_swi_l2_onboardsvymom_20240401::1.0
P,urn:nasa:pds:maven.swia.calibrated:data.onboard_svy_mom:mvn_swi_l2_onboardsvymom_20240402::1.0
P,urn:nasa:pds:maven.swia.calibrated:data.onboard_svy_mom:mvn_swi_l2_onboardsvymom_20240403::1.0
P,urn:nasa:pds:maven.swia.calibrated:data.onboard_svy_mom:mvn_swi_l2_onboardsvymom_20240404::1.0
P,urn:nasa:pds:maven.swia.calibrated:data.onboard_svy_mom:mvn_swi_l2_onboardsvymom_20240405::1.0
P,urn:nasa:pds:maven.swia.calibrated:data.onboard_svy_mom:mvn_swi_l2_onboardsvymom_20240406::1.0
P,urn:nasa:pds:maven.swia.calibrated:data.onboard_svy_mom:mvn_swi_l2_onboardsvymom_20240407::1.0
P,urn:nasa:pds:maven.swia.calibrated:data.onboard_svy_mom:mvn_swi_l2_onboardsvymom_20240408::1.0
P,urn:nasa:pds:maven.swia.calibrated:data.onboard_svy_mom:mvn_swi_l2_onboardsvymom_20240409::1.0
P,urn:nasa:pds:maven.swia.calibrated:data.onboard_svy_mom:mvn_swi_l2_onboardsvymom_20240410::1.0
P,urn:nasa:pds:maven.swia.calibrated:data.onboard_svy_mom:mvn_swi_l2_onboardsvymom_20240411::1.0
P,urn:nasa:pds:maven.swia.calibrated:data.onboard_svy_mom:mvn_swi_l2_onboardsvymom_20240412::1.0
P,urn:nasa:pds:maven.swia.calibrated:data.onboard_svy_mom:mvn_swi_l2_onboardsvymom_20240413::1.0
P,urn:nasa:pds:maven.swia.calibrated:data.onboard_svy_mom:mvn_swi_l2_onboardsvymom_20240414::1.0
P,urn:nasa:pds:maven.swia.calibrated:data.onboard_svy_mom:mvn_swi_l2_onboardsvymom_20240415::1.0
P,urn:nasa:pds:maven.swia.calibrated:data.onboard_svy_mom:mvn_swi_l2_onboardsvymom_20240416::1.0
P,urn:nasa:pds:maven.swia.calibrated:data.onboard_svy_mom:mvn_swi_l2_onboardsvymom_20240417::1.0
P,urn:nasa:pds:maven.swia.calibrated:data.onboard_svy_mom:mvn_swi_l2_onboardsvymom_20240418::1.0
P,urn:nasa:pds:maven.swia.calibrated:data.onboard_svy_mom:mvn_swi_l2_onboardsvymom_20240419::1.0
P,urn:nasa:pds:maven.swia.calibrated:data.onboard_svy_mom:mvn_swi_l2_onboardsvymom_20240420::1.0
P,urn:nasa:pds:maven.swia.calibrated:data.onboard_svy_mom:mvn_swi_l2_onboardsvymom_20240421::1.0
P,urn:nasa:pds:maven.swia.calibrated:data.onboard_svy_mom:mvn_swi_l2_onboardsvymom_20240422::1.0
P,urn:nasa:pds:maven.swia.calibrated:data.onboard_svy_mom:mvn_swi_l2_onboardsvymom_20240423::1.0
P,urn:nasa:pds:maven.swia.calibrated:data.onboard_svy_mom:mvn_swi_l2_onboardsvymom_20240424::1.0
P,urn:nasa:pds:maven.swia.calibrated:data.onboard_svy_mom:mvn_swi_l2_onboardsvymom_20240425::1.0
P,urn:nasa:pds:maven.swia.calibrated:data.onboard_svy_mom:mvn_swi_l2_onboardsvymom_20240426::1.0
P,urn:nasa:pds:maven.swia.calibrated:data.onboard_svy_mom:mvn_swi_l2_onboardsvymom_20240427::1.0
P,urn:nasa:pds:maven.swia.calibrated:data.onboard_svy_mom:mvn_swi_l2_onboardsvymom_20240428::1.0
P,urn:nasa:pds:maven.swia.calibrated:data.onboard_svy_mom:mvn_swi_l2_onboardsvymom_20240429::1.0
P,urn:nasa:pds:maven.swia.calibrated:data.onboard_svy_mom:mvn_swi_l2_onboardsvymom_20240430::1.0
P,urn:nasa:pds:maven.swia.calibrated:data.onboard_svy_mom:mvn_swi_l2_onboardsvymom_20240501::1.0
P,urn:nasa:pds:maven.swia.calibrated:data.onboard_svy_mom:mvn_swi_l2_onboardsvymom_20240502::1.0
P,urn:nasa:pds:maven.swia.calibrated:data.onboard_svy_mom:mvn_swi_l2_onboardsvymom_20240503::1.0
P,urn:nasa:pds:maven.swia.calibrated:data.onboard_svy_mom:mvn_swi_l2_onboardsvymom_20240504::1.0
P,urn:nasa:pds:maven.swia.calibrated:data.onboard_svy_mom:mvn_swi_l2_onboardsvymom_20240505::1.0
P,urn:nasa:pds:maven.swia.calibrated:data.onboard_svy_mom:mvn_swi_l2_onboardsvymom_20240506::1.0
P,urn:nasa:pds:maven.swia.calibrated:data.onboard_svy_mom:mvn_swi_l2_onboardsvymom_20240507::1.0
P,urn:nasa:pds:maven.swia.calibrated:data.onboard_svy_mom:mvn_swi_l2_onboardsvymom_20240508::1.0
P,urn:nasa:pds:maven.swia.calibrated:data.onboard_svy_mom:mvn_swi_l2_onboardsvymom_20240509::1.0
P,urn:nasa:pds:maven.swia.calibrated:data.onboard_svy_mom:mvn_swi_l2_onboardsvymom_20240510::1.0
P,urn:nasa:pds:maven.swia.calibrated:data.onboard_svy_mom:mvn_swi_l2_onboardsvymom_20240511::1.0
P,urn:nasa:pds:maven.swia.calibrated:data.onboard_svy_mom:mvn_swi_l2_onboardsvymom_20240512::1.0
P,urn:nasa:pds:maven.swia.calibrated:data.onboard_svy_mom:mvn_swi_l2_onboardsvymom_20240513::1.0
P,urn:nasa:pds:maven.swia.calibrated:data.onboard_svy_mom:mvn_swi_l2_onboardsvymom_20240514::1.0
P,urn:nasa:pds:maven.swia.calibrated:data.onboard_svy_mom:mvn_swi_l2_onboardsvymom_20240515::1.0
P,urn:nasa:pds:maven.swia.calibrated:data.onboard_svy_mom:mvn_swi_l2_onboardsvymom_20240516::1.0
P,urn:nasa:pds:maven.swia.calibrated:data.onboard_svy_mom:mvn_swi_l2_onboardsvymom_20240517::1.0
P,urn:nasa:pds:maven.swia.calibrated:data.onboard_svy_mom:mvn_swi_l2_onboardsvymom_20240518::1.0
P,urn:nasa:pds:maven.swia.calibrated:data.onboard_svy_mom:mvn_swi_l2_onboardsvymom_20240519::1.0
P,urn:nasa:pds:maven.swia.calibrated:data.onboard_svy_mom:mvn_swi_l2_onboardsvymom_20240520::1.0
P,urn:nasa:pds:maven.swia.calibrated:data.onboard_svy_mom:mvn_swi_l2_onboardsvymom_20240521::1.0
P,urn:nasa:pds:maven.swia.calibrated:data.onboard_svy_mom:mvn_swi_l2_onboardsvymom_20240522::1.0
P,urn:nasa:pds:maven.swia.calibrated:data.onboard_svy_mom:mvn_swi_l2_onboardsvymom_20240523::1.0
P,urn:nasa:pds:maven.swia.calibrated:data.onboard_svy_mom:mvn_swi_l2_onboardsvymom_20240524::1.0
P,urn:nasa:pds:maven.swia.calibrated:data.onboard_svy_mom:mvn_swi_l2_onboardsvymom_20240525::1.0
P,urn:nasa:pds:maven.swia.calibrated:data.onboard_svy_mom:mvn_swi_l2_onboardsvymom_20240526::1.0
P,urn:nasa:pds:maven.swia.calibrated:data.onboard_svy_mom:mvn_swi_l2_onboardsvymom_20240527::1.0
P,urn:nasa:pds:maven.swia.calibrated:data.onboard_svy_mom:mvn_swi_l2_onboardsvymom_20240528::1.0
P,urn:nasa:pds:maven.swia.calibrated:data.onboard_svy_mom:mvn_swi_l2_onboardsvymom_20240529::1.0
P,urn:nasa:pds:maven.swia.calibrated:data.onboard_svy_mom:mvn_swi_l2_onboardsvymom_20240530::1.0
P,urn:nasa:pds:maven.swia.calibrated:data.onboard_svy_mom:mvn_swi_l2_onboardsvymom_20240531::1.0
P,urn:nasa:pds:maven.swia.calibrated:data.onboard_svy_mom:mvn_swi_l2_onboardsvymom_20240601::1.0
P,urn:nasa:pds:maven.swia.calibrated:data.onboard_svy_mom:mvn_swi_l2_onboardsvymom_20240602::1.0
P,urn:nasa:pds:maven.swia.calibrated:data.onboard_svy_mom:mvn_swi_l2_onboardsvymom_20240603::1.0
P,urn:nasa:pds:maven.swia.calibrated:data.onboard_svy_mom:mvn_swi_l2_onboardsvymom_20240604::1.0
P,urn:nasa:pds:maven.swia.calibrated:data.onboard_svy_mom:mvn_swi_l2_onboardsvymom_20240605::1.0
P,urn:nasa:pds:maven.swia.calibrated:data.onboard_svy_mom:mvn_swi_l2_onboardsvymom_20240606::1.0
P,urn:nasa:pds:maven.swia.calibrated:data.onboard_svy_mom:mvn_swi_l2_onboardsvymom_20240607::1.0
P,urn:nasa:pds:maven.swia.calibrated:data.onboard_svy_mom:mvn_swi_l2_onboardsvymom_20240608::1.0
P,urn:nasa:pds:maven.swia.calibrated:data.onboard_svy_mom:mvn_swi_l2_onboardsvymom_20240609::1.0
P,urn:nasa:pds:maven.swia.calibrated:data.onboard_svy_mom:mvn_swi_l2_onboardsvymom_20240610::1.0
P,urn:nasa:pds:maven.swia.calibrated:data.onboard_svy_mom:mvn_swi_l2_onboardsvymom_20240611::1.0
P,urn:nasa:pds:maven.swia.calibrated:data.onboard_svy_mom:mvn_swi_l2_onboardsvymom_20240612::1.0
P,urn:nasa:pds:maven.swia.calibrated:data.onboard_svy_mom:mvn_swi_l2_onboardsvymom_20240613::1.0
P,urn:nasa:pds:maven.swia.calibrated:data.onboard_svy_mom:mvn_swi_l2_onboardsvymom_20240614::1.0
P,urn:nasa:pds:maven.swia.calibrated:data.onboard_svy_mom:mvn_swi_l2_onboardsvymom_20240615::1.0
P,urn:nasa:pds:maven.swia.calibrated:data.onboard_svy_mom:mvn_swi_l2_onboardsvymom_20240616::1.0
P,urn:nasa:pds:maven.swia.calibrated:data.onboard_svy_mom:mvn_swi_l2_onboardsvymom_20240617::1.0
P,urn:nasa:pds:maven.swia.calibrated:data.onboard_svy_mom:mvn_swi_l2_onboardsvymom_20240618::1.0
P,urn:nasa:pds:maven.swia.calibrated:data.onboard_svy_mom:mvn_swi_l2_onboardsvymom_20240619::1.0
P,urn:nasa:pds:maven.swia.calibrated:data.onboard_svy_mom:mvn_swi_l2_onboardsvymom_20240620::1.0
P,urn:nasa:pds:maven.swia.calibrated:data.onboard_svy_mom:mvn_swi_l2_onboardsvymom_20240621::1.0
P,urn:nasa:pds:maven.swia.calibrated:data.onboard_svy_mom:mvn_swi_l2_onboardsvymom_20240622::1.0
P,urn:nasa:pds:maven.swia.calibrated:data.onboard_svy_mom:mvn_swi_l2_onboardsvymom_20240623::1.0
P,urn:nasa:pds:maven.swia.calibrated:data.onboard_svy_mom:mvn_swi_l2_onboardsvymom_20240624::1.0
P,urn:nasa:pds:maven.swia.calibrated:data.onboard_svy_mom:mvn_swi_l2_onboardsvymom_20240625::1.0
P,urn:nasa:pds:maven.swia.calibrated:data.onboard_svy_mom:mvn_swi_l2_onboardsvymom_20240626::1.0
P,urn:nasa:pds:maven.swia.calibrated:data.onboard_svy_mom:mvn_swi_l2_onboardsvymom_20240627::1.0
P,urn:nasa:pds:maven.swia.calibrated:data.onboard_svy_mom:mvn_swi_l2_onboardsvymom_20240628::1.0
P,urn:nasa:pds:maven.swia.calibrated:data.onboard_svy_mom:mvn_swi_l2_onboardsvymom_20240629::1.0
P,urn:nasa:pds:maven.swia.calibrated:data.onboard_svy_mom:mvn_swi_l2_onboardsvymom_20240630::1.0
P,urn:nasa:pds:maven.swia.calibrated:data.onboard_svy_mom:mvn_swi_l2_onboardsvymom_20240701::1.0
P,urn:nasa:pds:maven.swia.calibrated:data.onboard_svy_mom:mvn_swi_l2_onboardsvymom_20240702::1.0
P,urn:nasa:pds:maven.swia.calibrated:data.onboard_svy_mom:mvn_swi_l2_onboardsvymom_20240703::1.0
P,urn:nasa:pds:maven.swia.calibrated:data.onboard_svy_mom:mvn_swi_l2_onboardsvymom_20240706::1.0
P,urn:nasa:pds:maven.swia.calibrated:data.onboard_svy_mom:mvn_swi_l2_onboardsvymom_20240707::1.0
P,urn:nasa:pds:maven.swia.calibrated:data.onboard_svy_mom:mvn_swi_l2_onboardsvymom_20240708::1.0
P,urn:nasa:pds:maven.swia.calibrated:data.onboard_svy_mom:mvn_swi_l2_onboardsvymom_20240709::1.0
P,urn:nasa:pds:maven.swia.calibrated:data.onboard_svy_mom:mvn_swi_l2_onboardsvymom_20240710::1.0
P,urn:nasa:pds:maven.swia.calibrated:data.onboard_svy_mom:mvn_swi_l2_onboardsvymom_20240711::1.0
P,urn:nasa:pds:maven.swia.calibrated:data.onboard_svy_mom:mvn_swi_l2_onboardsvymom_20240712::1.0
P,urn:nasa:pds:maven.swia.calibrated:data.onboard_svy_mom:mvn_swi_l2_onboardsvymom_20240713::1.0
P,urn:nasa:pds:maven.swia.calibrated:data.onboard_svy_mom:mvn_swi_l2_onboardsvymom_20240714::1.0
P,urn:nasa:pds:maven.swia.calibrated:data.onboard_svy_mom:mvn_swi_l2_onboardsvymom_20240715::1.0
P,urn:nasa:pds:maven.swia.calibrated:data.onboard_svy_mom:mvn_swi_l2_onboardsvymom_20240716::1.0
P,urn:nasa:pds:maven.swia.calibrated:data.onboard_svy_mom:mvn_swi_l2_onboardsvymom_20240717::1.0
P,urn:nasa:pds:maven.swia.calibrated:data.onboard_svy_mom:mvn_swi_l2_onboardsvymom_20240718::1.0
P,urn:nasa:pds:maven.swia.calibrated:data.onboard_svy_mom:mvn_swi_l2_onboardsvymom_20240719::1.0
P,urn:nasa:pds:maven.swia.calibrated:data.onboard_svy_mom:mvn_swi_l2_onboardsvymom_20240720::1.0
P,urn:nasa:pds:maven.swia.calibrated:data.onboard_svy_mom:mvn_swi_l2_onboardsvymom_20240721::1.0
P,urn:nasa:pds:maven.swia.calibrated:data.onboard_svy_mom:mvn_swi_l2_onboardsvymom_20240722::1.0
P,urn:nasa:pds:maven.swia.calibrated:data.onboard_svy_mom:mvn_swi_l2_onboardsvymom_20240723::1.0
P,urn:nasa:pds:maven.swia.calibrated:data.onboard_svy_mom:mvn_swi_l2_onboardsvymom_20240724::1.0
P,urn:nasa:pds:maven.swia.calibrated:data.onboard_svy_mom:mvn_swi_l2_onboardsvymom_20240725::1.0
P,urn:nasa:pds:maven.swia.calibrated:data.onboard_svy_mom:mvn_swi_l2_onboardsvymom_20240726::1.0
P,urn:nasa:pds:maven.swia.calibrated:data.onboard_svy_mom:mvn_swi_l2_onboardsvymom_20240727::1.0
P,urn:nasa:pds:maven.swia.calibrated:data.onboard_svy_mom:mvn_swi_l2_onboardsvymom_20240728::1.0
P,urn:nasa:pds:maven.swia.calibrated:data.onboard_svy_mom:mvn_swi_l2_onboardsvymom_20240729::1.0
P,urn:nasa:pds:maven.swia.calibrated:data.onboard_svy_mom:mvn_swi_l2_onboardsvymom_20240730::1.0
P,urn:nasa:pds:maven.swia.calibrated:data.onboard_svy_mom:mvn_swi_l2_onboardsvymom_20240731::1.0
P,urn:nasa:pds:maven.swia.calibrated:data.onboard_svy_mom:mvn_swi_l2_onboardsvymom_20240801::1.0
P,urn:nasa:pds:maven.swia.calibrated:data.onboard_svy_mom:mvn_swi_l2_onboardsvymom_20240802::1.0
P,urn:nasa:pds:maven.swia.calibrated:data.onboard_svy_mom:mvn_swi_l2_onboardsvymom_20240803::1.0
P,urn:nasa:pds:maven.swia.calibrated:data.onboard_svy_mom:mvn_swi_l2_onboardsvymom_20240804::1.0
P,urn:nasa:pds:maven.swia.calibrated:data.onboard_svy_mom:mvn_swi_l2_onboardsvymom_20240805::1.0
P,urn:nasa:pds:maven.swia.calibrated:data.onboard_svy_mom:mvn_swi_l2_onboardsvymom_20240806::1.0
P,urn:nasa:pds:maven.swia.calibrated:data.onboard_svy_mom:mvn_swi_l2_onboardsvymom_20240807::1.0
P,urn:nasa:pds:maven.swia.calibrated:data.onboard_svy_mom:mvn_swi_l2_onboardsvymom_20240808::1.0
P,urn:nasa:pds:maven.swia.calibrated:data.onboard_svy_mom:mvn_swi_l2_onboardsvymom_20240809::1.0
P,urn:nasa:pds:maven.swia.calibrated:data.onboard_svy_mom:mvn_swi_l2_onboardsvymom_20240810::1.0
P,urn:nasa:pds:maven.swia.calibrated:data.onboard_svy_mom:mvn_swi_l2_onboardsvymom_20240811::1.0
P,urn:nasa:pds:maven.swia.calibrated:data.onboard_svy_mom:mvn_swi_l2_onboardsvymom_20240812::1.0
P,urn:nasa:pds:maven.swia.calibrated:data.onboard_svy_mom:mvn_swi_l2_onboardsvymom_20240813::1.0
P,urn:nasa:pds:maven.swia.calibrated:data.onboard_svy_mom:mvn_swi_l2_onboardsvymom_20240814::1.0
P,urn:nasa:pds:maven.swia.calibrated:data.onboard_svy_mom:mvn_swi_l2_onboardsvymom_20240815::1.0
P,urn:nasa:pds:maven.swia.calibrated:data.onboard_svy_mom:mvn_swi_l2_onboardsvymom_20240816::1.0
P,urn:nasa:pds:maven.swia.calibrated:data.onboard_svy_mom:mvn_swi_l2_onboardsvymom_20240817::1.0
P,urn:nasa:pds:maven.swia.calibrated:data.onboard_svy_mom:mvn_swi_l2_onboardsvymom_20240818::1.0
P,urn:nasa:pds:maven.swia.calibrated:data.onboard_svy_mom:mvn_swi_l2_onboardsvymom_20240819::1.0
P,urn:nasa:pds:maven.swia.calibrated:data.onboard_svy_mom:mvn_swi_l2_onboardsvymom_20240820::1.0
P,urn:nasa:pds:maven.swia.calibrated:data.onboard_svy_mom:mvn_swi_l2_onboardsvymom_20240821::1.0
P,urn:nasa:pds:maven.swia.calibrated:data.onboard_svy_mom:mvn_swi_l2_onboardsvymom_20240822::1.0
P,urn:nasa:pds:maven.swia.calibrated:data.onboard_svy_mom:mvn_swi_l2_onboardsvymom_20240823::1.0
P,urn:nasa:pds:maven.swia.calibrated:data.onboard_svy_mom:mvn_swi_l2_onboardsvymom_20240824::1.0
P,urn:nasa:pds:maven.swia.calibrated:data.onboard_svy_mom:mvn_swi_l2_onboardsvymom_20240825::1.0
P,urn:nasa:pds:maven.swia.calibrated:data.onboard_svy_mom:mvn_swi_l2_onboardsvymom_20240826::1.0
P,urn:nasa:pds:maven.swia.calibrated:data.onboard_svy_mom:mvn_swi_l2_onboardsvymom_20240827::1.0
P,urn:nasa:pds:maven.swia.calibrated:data.onboard_svy_mom:mvn_swi_l2_onboardsvymom_20240828::1.0
P,urn:nasa:pds:maven.swia.calibrated:data.onboard_svy_mom:mvn_swi_l2_onboardsvymom_20240829::1.0
P,urn:nasa:pds:maven.swia.calibrated:data.onboard_svy_mom:mvn_swi_l2_onboardsvymom_20240830::1.0
P,urn:nasa:pds:maven.swia.calibrated:data.onboard_svy_mom:mvn_swi_l2_onboardsvymom_20240831::1.0
P,urn:nasa:pds:maven.swia.calibrated:data.onboard_svy_mom:mvn_swi_l2_onboardsvymom_20240901::1.0
P,urn:nasa:pds:maven.swia.calibrated:data.onboard_svy_mom:mvn_swi_l2_onboardsvymom_20240902::1.0
P,urn:nasa:pds:maven.swia.calibrated:data.onboard_svy_mom:mvn_swi_l2_onboardsvymom_20240903::1.0
P,urn:nasa:pds:maven.swia.calibrated:data.onboard_svy_mom:mvn_swi_l2_onboardsvymom_20240904::1.0
P,urn:nasa:pds:maven.swia.calibrated:data.onboard_svy_mom:mvn_swi_l2_onboardsvymom_20240905::1.0
P,urn:nasa:pds:maven.swia.calibrated:data.onboard_svy_mom:mvn_swi_l2_onboardsvymom_20240906::1.0
P,urn:nasa:pds:maven.swia.calibrated:data.onboard_svy_mom:mvn_swi_l2_onboardsvymom_20240907::1.0
P,urn:nasa:pds:maven.swia.calibrated:data.onboard_svy_mom:mvn_swi_l2_onboardsvymom_20240908::1.0
P,urn:nasa:pds:maven.swia.calibrated:data.onboard_svy_mom:mvn_swi_l2_onboardsvymom_20240909::1.0
P,urn:nasa:pds:maven.swia.calibrated:data.onboard_svy_mom:mvn_swi_l2_onboardsvymom_20240910::1.0
P,urn:nasa:pds:maven.swia.calibrated:data.onboard_svy_mom:mvn_swi_l2_onboardsvymom_20240911::1.0
P,urn:nasa:pds:maven.swia.calibrated:data.onboard_svy_mom:mvn_swi_l2_onboardsvymom_20240912::1.0
P,urn:nasa:pds:maven.swia.calibrated:data.onboard_svy_mom:mvn_swi_l2_onboardsvymom_20240913::1.0
P,urn:nasa:pds:maven.swia.calibrated:data.onboard_svy_mom:mvn_swi_l2_onboardsvymom_20240914::1.0
P,urn:nasa:pds:maven.swia.calibrated:data.onboard_svy_mom:mvn_swi_l2_onboardsvymom_20240915::1.0
P,urn:nasa:pds:maven.swia.calibrated:data.onboard_svy_mom:mvn_swi_l2_onboardsvymom_20240916::1.0
P,urn:nasa:pds:maven.swia.calibrated:data.onboard_svy_mom:mvn_swi_l2_onboardsvymom_20240917::1.0
P,urn:nasa:pds:maven.swia.calibrated:data.onboard_svy_mom:mvn_swi_l2_onboardsvymom_20240918::1.0
P,urn:nasa:pds:maven.swia.calibrated:data.onboard_svy_mom:mvn_swi_l2_onboardsvymom_20240919::1.0
P,urn:nasa:pds:maven.swia.calibrated:data.onboard_svy_mom:mvn_swi_l2_onboardsvymom_20240920::1.0
P,urn:nasa:pds:maven.swia.calibrated:data.onboard_svy_mom:mvn_swi_l2_onboardsvymom_20240921::1.0
P,urn:nasa:pds:maven.swia.calibrated:data.onboard_svy_mom:mvn_swi_l2_onboardsvymom_20240922::1.0
P,urn:nasa:pds:maven.swia.calibrated:data.onboard_svy_mom:mvn_swi_l2_onboardsvymom_20240923::1.0
P,urn:nasa:pds:maven.swia.calibrated:data.onboard_svy_mom:mvn_swi_l2_onboardsvymom_20240924::1.0
P,urn:nasa:pds:maven.swia.calibrated:data.onboard_svy_mom:mvn_swi_l2_onboardsvymom_20240925::1.0
P,urn:nasa:pds:maven.swia.calibrated:data.onboard_svy_mom:mvn_swi_l2_onboardsvymom_20240926::1.0
P,urn:nasa:pds:maven.swia.calibrated:data.onboard_svy_mom:mvn_swi_l2_onboardsvymom_20240927::1.0
P,urn:nasa:pds:maven.swia.calibrated:data.onboard_svy_mom:mvn_swi_l2_onboardsvymom_20240928::1.0
P,urn:nasa:pds:maven.swia.calibrated:data.onboard_svy_mom:mvn_swi_l2_onboardsvymom_20240929::1.0
P,urn:nasa:pds:maven.swia.calibrated:data.onboard_svy_mom:mvn_swi_l2_onboardsvymom_20240930::1.0
P,urn:nasa:pds:maven.swia.calibrated:data.onboard_svy_mom:mvn_swi_l2_onboardsvymom_20241001::1.0
P,urn:nasa:pds:maven.swia.calibrated:data.onboard_svy_mom:mvn_swi_l2_onboardsvymom_20241002::1.0
P,urn:nasa:pds:maven.swia.calibrated:data.onboard_svy_mom:mvn_swi_l2_onboardsvymom_20241003::1.0
P,urn:nasa:pds:maven.swia.calibrated:data.onboard_svy_mom:mvn_swi_l2_onboardsvymom_20241004::1.0
P,urn:nasa:pds:maven.swia.calibrated:data.onboard_svy_mom:mvn_swi_l2_onboardsvymom_20241005::1.0
P,urn:nasa:pds:maven.swia.calibrated:data.onboard_svy_mom:mvn_swi_l2_onboardsvymom_20241006::1.0
P,urn:nasa:pds:maven.swia.calibrated:data.onboard_svy_mom:mvn_swi_l2_onboardsvymom_20241007::1.0
P,urn:nasa:pds:maven.swia.calibrated:data.onboard_svy_mom:mvn_swi_l2_onboardsvymom_20241008::1.0
P,urn:nasa:pds:maven.swia.calibrated:data.onboard_svy_mom:mvn_swi_l2_onboardsvymom_20241009::1.0
P,urn:nasa:pds:maven.swia.calibrated:data.onboard_svy_mom:mvn_swi_l2_onboardsvymom_20241010::1.0
P,urn:nasa:pds:maven.swia.calibrated:data.onboard_svy_mom:mvn_swi_l2_onboardsvymom_20241011::1.0
P,urn:nasa:pds:maven.swia.calibrated:data.onboard_svy_mom:mvn_swi_l2_onboardsvymom_20241012::1.0
P,urn:nasa:pds:maven.swia.calibrated:data.onboard_svy_mom:mvn_swi_l2_onboardsvymom_20241013::1.0
P,urn:nasa:pds:maven.swia.calibrated:data.onboard_svy_mom:mvn_swi_l2_onboardsvymom_20241014::1.0
P,urn:nasa:pds:maven.swia.calibrated:data.onboard_svy_mom:mvn_swi_l2_onboardsvymom_20241015::1.0
P,urn:nasa:pds:maven.swia.calibrated:data.onboard_svy_mom:mvn_swi_l2_onboardsvymom_20241016::1.0
P,urn:nasa:pds:maven.swia.calibrated:data.onboard_svy_mom:mvn_swi_l2_onboardsvymom_20241017::1.0
P,urn:nasa:pds:maven.swia.calibrated:data.onboard_svy_mom:mvn_swi_l2_onboardsvymom_20241018::1.0
P,urn:nasa:pds:maven.swia.calibrated:data.onboard_svy_mom:mvn_swi_l2_onboardsvymom_20241019::1.0
P,urn:nasa:pds:maven.swia.calibrated:data.onboard_svy_mom:mvn_swi_l2_onboardsvymom_20241020::1.0
P,urn:nasa:pds:maven.swia.calibrated:data.onboard_svy_mom:mvn_swi_l2_onboardsvymom_20241021::1.0
P,urn:nasa:pds:maven.swia.calibrated:data.onboard_svy_mom:mvn_swi_l2_onboardsvymom_20241022::1.0
P,urn:nasa:pds:maven.swia.calibrated:data.onboard_svy_mom:mvn_swi_l2_onboardsvymom_20241023::1.0
P,urn:nasa:pds:maven.swia.calibrated:data.onboard_svy_mom:mvn_swi_l2_onboardsvymom_20241024::1.0
P,urn:nasa:pds:maven.swia.calibrated:data.onboard_svy_mom:mvn_swi_l2_onboardsvymom_20241025::1.0
P,urn:nasa:pds:maven.swia.calibrated:data.onboard_svy_mom:mvn_swi_l2_onboardsvymom_20241026::1.0
P,urn:nasa:pds:maven.swia.calibrated:data.onboard_svy_mom:mvn_swi_l2_onboardsvymom_20241027::1.0
P,urn:nasa:pds:maven.swia.calibrated:data.onboard_svy_mom:mvn_swi_l2_onboardsvymom_20241028::1.0
P,urn:nasa:pds:maven.swia.calibrated:data.onboard_svy_mom:mvn_swi_l2_onboardsvymom_20241029::1.0
P,urn:nasa:pds:maven.swia.calibrated:data.onboard_svy_mom:mvn_swi_l2_onboardsvymom_20241030::1.0
P,urn:nasa:pds:maven.swia.calibrated:data.onboard_svy_mom:mvn_swi_l2_onboardsvymom_20241031::1.0
P,urn:nasa:pds:maven.swia.calibrated:data.onboard_svy_mom:mvn_swi_l2_onboardsvymom_20241101::1.0
P,urn:nasa:pds:maven.swia.calibrated:data.onboard_svy_mom:mvn_swi_l2_onboardsvymom_20241102::1.0
P,urn:nasa:pds:maven.swia.calibrated:data.onboard_svy_mom:mvn_swi_l2_onboardsvymom_20241103::1.0
P,urn:nasa:pds:maven.swia.calibrated:data.onboard_svy_mom:mvn_swi_l2_onboardsvymom_20241104::1.0
P,urn:nasa:pds:maven.swia.calibrated:data.onboard_svy_mom:mvn_swi_l2_onboardsvymom_20241105::1.0
P,urn:nasa:pds:maven.swia.calibrated:data.onboard_svy_mom:mvn_swi_l2_onboardsvymom_20241106::1.0
P,urn:nasa:pds:maven.swia.calibrated:data.onboard_svy_mom:mvn_swi_l2_onboardsvymom_20241107::1.0
P,urn:nasa:pds:maven.swia.calibrated:data.onboard_svy_mom:mvn_swi_l2_onboardsvymom_20241108::1.0
P,urn:nasa:pds:maven.swia.calibrated:data.onboard_svy_mom:mvn_swi_l2_onboardsvymom_20241109::1.0
P,urn:nasa:pds:maven.swia.calibrated:data.onboard_svy_mom:mvn_swi_l2_onboardsvymom_20241110::1.0
P,urn:nasa:pds:maven.swia.calibrated:data.onboard_svy_mom:mvn_swi_l2_onboardsvymom_20241111::1.0
P,urn:nasa:pds:maven.swia.calibrated:data.onboard_svy_mom:mvn_swi_l2_onboardsvymom_20241112::1.0
P,urn:nasa:pds:maven.swia.calibrated:data.onboard_svy_mom:mvn_swi_l2_onboardsvymom_20241113::1.0
P,urn:nasa:pds:maven.swia.calibrated:data.onboard_svy_mom:mvn_swi_l2_onboardsvymom_20241114::1.0
P,urn:nasa:pds:maven.swia.calibrated:data.onboard_svy_mom:mvn_swi_l2_onboardsvymom_20241115::1.0
P,urn:nasa:pds:maven.swia.calibrated:data.onboard_svy_mom:mvn_swi_l2_onboardsvymom_20241116::1.0
P,urn:nasa:pds:maven.swia.calibrated:data.onboard_svy_mom:mvn_swi_l2_onboardsvymom_20241117::1.0
P,urn:nasa:pds:maven.swia.calibrated:data.onboard_svy_mom:mvn_swi_l2_onboardsvymom_20241118::1.0
P,urn:nasa:pds:maven.swia.calibrated:data.onboard_svy_mom:mvn_swi_l2_onboardsvymom_20241119::1.0
P,urn:nasa:pds:maven.swia.calibrated:data.onboard_svy_mom:mvn_swi_l2_onboardsvymom_20241120::1.0
P,urn:nasa:pds:maven.swia.calibrated:data.onboard_svy_mom:mvn_swi_l2_onboardsvymom_20241121::1.0
P,urn:nasa:pds:maven.swia.calibrated:data.onboard_svy_mom:mvn_swi_l2_onboardsvymom_20241122::1.0
P,urn:nasa:pds:maven.swia.calibrated:data.onboard_svy_mom:mvn_swi_l2_onboardsvymom_20241123::1.0
P,urn:nasa:pds:maven.swia.calibrated:data.onboard_svy_mom:mvn_swi_l2_onboardsvymom_20241124::1.0
P,urn:nasa:pds:maven.swia.calibrated:data.onboard_svy_mom:mvn_swi_l2_onboardsvymom_20241125::1.0
P,urn:nasa:pds:maven.swia.calibrated:data.onboard_svy_mom:mvn_swi_l2_onboardsvymom_20241126::1.0
P,urn:nasa:pds:maven.swia.calibrated:data.onboard_svy_mom:mvn_swi_l2_onboardsvymom_20241127::1.0
P,urn:nasa:pds:maven.swia.calibrated:data.onboard_svy_mom:mvn_swi_l2_onboardsvymom_20241128::1.0
P,urn:nasa:pds:maven.swia.calibrated:data.onboard_svy_mom:mvn_swi_l2_onboardsvymom_20241129::1.0
P,urn:nasa:pds:maven.swia.calibrated:data.onboard_svy_mom:mvn_swi_l2_onboardsvymom_20241130::1.0
P,urn:nasa:pds:maven.swia.calibrated:data.onboard_svy_mom:mvn_swi_l2_onboardsvymom_20241201::1.0
P,urn:nasa:pds:maven.swia.calibrated:data.onboard_svy_mom:mvn_swi_l2_onboardsvymom_20241202::1.0
P,urn:nasa:pds:maven.swia.calibrated:data.onboard_svy_mom:mvn_swi_l2_onboardsvymom_20241203::1.0
P,urn:nasa:pds:maven.swia.calibrated:data.onboard_svy_mom:mvn_swi_l2_onboardsvymom_20241204::1.0
P,urn:nasa:pds:maven.swia.calibrated:data.onboard_svy_mom:mvn_swi_l2_onboardsvymom_20241205::1.0
P,urn:nasa:pds:maven.swia.calibrated:data.onboard_svy_mom:mvn_swi_l2_onboardsvymom_20241206::1.0
P,urn:nasa:pds:maven.swia.calibrated:data.onboard_svy_mom:mvn_swi_l2_onboardsvymom_20241207::1.0
P,urn:nasa:pds:maven.swia.calibrated:data.onboard_svy_mom:mvn_swi_l2_onboardsvymom_20241208::1.0
P,urn:nasa:pds:maven.swia.calibrated:data.onboard_svy_mom:mvn_swi_l2_onboardsvymom_20241209::1.0
P,urn:nasa:pds:maven.swia.calibrated:data.onboard_svy_mom:mvn_swi_l2_onboardsvymom_20241210::1.0
P,urn:nasa:pds:maven.swia.calibrated:data.onboard_svy_mom:mvn_swi_l2_onboardsvymom_20241211::1.0
P,urn:nasa:pds:maven.swia.calibrated:data.onboard_svy_mom:mvn_swi_l2_onboardsvymom_20241212::1.0
P,urn:nasa:pds:maven.swia.calibrated:data.onboard_svy_mom:mvn_swi_l2_onboardsvymom_20241213::1.0
P,urn:nasa:pds:maven.swia.calibrated:data.onboard_svy_mom:mvn_swi_l2_onboardsvymom_20241214::1.0
P,urn:nasa:pds:maven.swia.calibrated:data.onboard_svy_mom:mvn_swi_l2_onboardsvymom_20241215::1.0
P,urn:nasa:pds:maven.swia.calibrated:data.onboard_svy_mom:mvn_swi_l2_onboardsvymom_20241216::1.0
P,urn:nasa:pds:maven.swia.calibrated:data.onboard_svy_mom:mvn_swi_l2_onboardsvymom_20241217::1.0
P,urn:nasa:pds:maven.swia.calibrated:data.onboard_svy_mom:mvn_swi_l2_onboardsvymom_20241218::1.0
P,urn:nasa:pds:maven.swia.calibrated:data.onboard_svy_mom:mvn_swi_l2_onboardsvymom_20241219::1.0
P,urn:nasa:pds:maven.swia.calibrated:data.onboard_svy_mom:mvn_swi_l2_onboardsvymom_20241220::1.0
P,urn:nasa:pds:maven.swia.calibrated:data.onboard_svy_mom:mvn_swi_l2_onboardsvymom_20241221::1.0
P,urn:nasa:pds:maven.swia.calibrated:data.onboard_svy_mom:mvn_swi_l2_onboardsvymom_20241222::1.0
P,urn:nasa:pds:maven.swia.calibrated:data.onboard_svy_mom:mvn_swi_l2_onboardsvymom_20241223::1.0
P,urn:nasa:pds:maven.swia.calibrated:data.onboard_svy_mom:mvn_swi_l2_onboardsvymom_20241224::1.0
P,urn:nasa:pds:maven.swia.calibrated:data.onboard_svy_mom:mvn_swi_l2_onboardsvymom_20241225::1.0
P,urn:nasa:pds:maven.swia.calibrated:data.onboard_svy_mom:mvn_swi_l2_onboardsvymom_20241226::1.0
P,urn:nasa:pds:maven.swia.calibrated:data.onboard_svy_mom:mvn_swi_l2_onboardsvymom_20241227::1.0
P,urn:nasa:pds:maven.swia.calibrated:data.onboard_svy_mom:mvn_swi_l2_onboardsvymom_20241228::1.0
P,urn:nasa:pds:maven.swia.calibrated:data.onboard_svy_mom:mvn_swi_l2_onboardsvymom_20241229::1.0
P,urn:nasa:pds:maven.swia.calibrated:data.onboard_svy_mom:mvn_swi_l2_onboardsvymom_20241230::1.0
P,urn:nasa:pds:maven.swia.calibrated:data.onboard_svy_mom:mvn_swi_l2_onboardsvymom_20241231::1.0
P,urn:nasa:pds:maven.swia.calibrated:data.onboard_svy_mom:mvn_swi_l2_onboardsvymom_20250101::1.0
P,urn:nasa:pds:maven.swia.calibrated:data.onboard_svy_mom:mvn_swi_l2_onboardsvymom_20250102::1.0
P,urn:nasa:pds:maven.swia.calibrated:data.onboard_svy_mom:mvn_swi_l2_onboardsvymom_20250103::1.0
P,urn:nasa:pds:maven.swia.calibrated:data.onboard_svy_mom:mvn_swi_l2_onboardsvymom_20250104::1.0
P,urn:nasa:pds:maven.swia.calibrated:data.onboard_svy_mom:mvn_swi_l2_onboardsvymom_20250105::1.0
P,urn:nasa:pds:maven.swia.calibrated:data.onboard_svy_mom:mvn_swi_l2_onboardsvymom_20250106::1.0
P,urn:nasa:pds:maven.swia.calibrated:data.onboard_svy_mom:mvn_swi_l2_onboardsvymom_20250107::1.0
P,urn:nasa:pds:maven.swia.calibrated:data.onboard_svy_mom:mvn_swi_l2_onboardsvymom_20250108::1.0
P,urn:nasa:pds:maven.swia.calibrated:data.onboard_svy_mom:mvn_swi_l2_onboardsvymom_20250109::1.0
P,urn:nasa:pds:maven.swia.calibrated:data.onboard_svy_mom:mvn_swi_l2_onboardsvymom_20250110::1.0
P,urn:nasa:pds:maven.swia.calibrated:data.onboard_svy_mom:mvn_swi_l2_onboardsvymom_20250111::1.0
P,urn:nasa:pds:maven.swia.calibrated:data.onboard_svy_mom:mvn_swi_l2_onboardsvymom_20250112::1.0
P,urn:nasa:pds:maven.swia.calibrated:data.onboard_svy_mom:mvn_swi_l2_onboardsvymom_20250113::1.0
P,urn:nasa:pds:maven.swia.calibrated:data.onboard_svy_mom:mvn_swi_l2_onboardsvymom_20250114::1.0
P,urn:nasa:pds:maven.swia.calibrated:data.onboard_svy_mom:mvn_swi_l2_onboardsvymom_20250115::1.0
P,urn:nasa:pds:maven.swia.calibrated:data.onboard_svy_mom:mvn_swi_l2_onboardsvymom_20250116::1.0
P,urn:nasa:pds:maven.swia.calibrated:data.onboard_svy_mom:mvn_swi_l2_onboardsvymom_20250117::1.0
P,urn:nasa:pds:maven.swia.calibrated:data.onboard_svy_mom:mvn_swi_l2_onboardsvymom_20250118::1.0
P,urn:nasa:pds:maven.swia.calibrated:data.onboard_svy_mom:mvn_swi_l2_onboardsvymom_20250119::1.0
P,urn:nasa:pds:maven.swia.calibrated:data.onboard_svy_mom:mvn_swi_l2_onboardsvymom_20250120::1.0
P,urn:nasa:pds:maven.swia.calibrated:data.onboard_svy_mom:mvn_swi_l2_onboardsvymom_20250121::1.0
P,urn:nasa:pds:maven.swia.calibrated:data.onboard_svy_mom:mvn_swi_l2_onboardsvymom_20250122::1.0
P,urn:nasa:pds:maven.swia.calibrated:data.onboard_svy_mom:mvn_swi_l2_onboardsvymom_20250123::1.0
P,urn:nasa:pds:maven.swia.calibrated:data.onboard_svy_mom:mvn_swi_l2_onboardsvymom_20250124::1.0
P,urn:nasa:pds:maven.swia.calibrated:data.onboard_svy_mom:mvn_swi_l2_onboardsvymom_20250125::1.0
P,urn:nasa:pds:maven.swia.calibrated:data.onboard_svy_mom:mvn_swi_l2_onboardsvymom_20250126::1.0
P,urn:nasa:pds:maven.swia.calibrated:data.onboard_svy_mom:mvn_swi_l2_onboardsvymom_20250127::1.0
P,urn:nasa:pds:maven.swia.calibrated:data.onboard_svy_mom:mvn_swi_l2_onboardsvymom_20250128::1.0
P,urn:nasa:pds:maven.swia.calibrated:data.onboard_svy_mom:mvn_swi_l2_onboardsvymom_20250129::1.0
P,urn:nasa:pds:maven.swia.calibrated:data.onboard_svy_mom:mvn_swi_l2_onboardsvymom_20250130::1.0
P,urn:nasa:pds:maven.swia.calibrated:data.onboard_svy_mom:mvn_swi_l2_onboardsvymom_20250131::1.0
P,urn:nasa:pds:maven.swia.calibrated:data.onboard_svy_mom:mvn_swi_l2_onboardsvymom_20250201::1.0
P,urn:nasa:pds:maven.swia.calibrated:data.onboard_svy_mom:mvn_swi_l2_onboardsvymom_20250202::1.0
P,urn:nasa:pds:maven.swia.calibrated:data.onboard_svy_mom:mvn_swi_l2_onboardsvymom_20250203::1.0
P,urn:nasa:pds:maven.swia.calibrated:data.onboard_svy_mom:mvn_swi_l2_onboardsvymom_20250204::1.0
P,urn:nasa:pds:maven.swia.calibrated:data.onboard_svy_mom:mvn_swi_l2_onboardsvymom_20250205::1.0
P,urn:nasa:pds:maven.swia.calibrated:data.onboard_svy_mom:mvn_swi_l2_onboardsvymom_20250206::1.0
P,urn:nasa:pds:maven.swia.calibrated:data.onboard_svy_mom:mvn_swi_l2_onboardsvymom_20250207::1.0
P,urn:nasa:pds:maven.swia.calibrated:data.onboard_svy_mom:mvn_swi_l2_onboardsvymom_20250208::1.0
P,urn:nasa:pds:maven.swia.calibrated:data.onboard_svy_mom:mvn_swi_l2_onboardsvymom_20250209::1.0
P,urn:nasa:pds:maven.swia.calibrated:data.onboard_svy_mom:mvn_swi_l2_onboardsvymom_20250210::1.0
P,urn:nasa:pds:maven.swia.calibrated:data.onboard_svy_mom:mvn_swi_l2_onboardsvymom_20250211::1.0
P,urn:nasa:pds:maven.swia.calibrated:data.onboard_svy_mom:mvn_swi_l2_onboardsvymom_20250212::1.0
P,urn:nasa:pds:maven.swia.calibrated:data.onboard_svy_mom:mvn_swi_l2_onboardsvymom_20250213::1.0
P,urn:nasa:pds:maven.swia.calibrated:data.onboard_svy_mom:mvn_swi_l2_onboardsvymom_20250214::1.0
P,urn:nasa:pds:maven.swia.calibrated:data.onboard_svy_mom:mvn_swi_l2_onboardsvymom_20250215::1.0
P,urn:nasa:pds:maven.swia.calibrated:data.onboard_svy_mom:mvn_swi_l2_onboardsvymom_20250216::1.0
P,urn:nasa:pds:maven.swia.calibrated:data.onboard_svy_mom:mvn_swi_l2_onboardsvymom_20250217::1.0
P,urn:nasa:pds:maven.swia.calibrated:data.onboard_svy_mom:mvn_swi_l2_onboardsvymom_20250218::1.0
P,urn:nasa:pds:maven.swia.calibrated:data.onboard_svy_mom:mvn_swi_l2_onboardsvymom_20250219::1.0
P,urn:nasa:pds:maven.swia.calibrated:data.onboard_svy_mom:mvn_swi_l2_onboardsvymom_20250220::1.0
P,urn:nasa:pds:maven.swia.calibrated:data.onboard_svy_mom:mvn_swi_l2_onboardsvymom_20250221::1.0
P,urn:nasa:pds:maven.swia.calibrated:data.onboard_svy_mom:mvn_swi_l2_onboardsvymom_20250222::1.0
P,urn:nasa:pds:maven.swia.calibrated:data.onboard_svy_mom:mvn_swi_l2_onboardsvymom_20250223::1.0
P,urn:nasa:pds:maven.swia.calibrated:data.onboard_svy_mom:mvn_swi_l2_onboardsvymom_20250224::1.0
P,urn:nasa:pds:maven.swia.calibrated:data.onboard_svy_mom:mvn_swi_l2_onboardsvymom_20250225::1.0
P,urn:nasa:pds:maven.swia.calibrated:data.onboard_svy_mom:mvn_swi_l2_onboardsvymom_20250226::1.0
P,urn:nasa:pds:maven.swia.calibrated:data.onboard_svy_mom:mvn_swi_l2_onboardsvymom_20250227::1.0
P,urn:nasa:pds:maven.swia.calibrated:data.onboard_svy_mom:mvn_swi_l2_onboardsvymom_20250228::1.0
P,urn:nasa:pds:maven.swia.calibrated:data.onboard_svy_mom:mvn_swi_l2_onboardsvymom_20250301::1.0
P,urn:nasa:pds:maven.swia.calibrated:data.onboard_svy_mom:mvn_swi_l2_onboardsvymom_20250302::1.0
P,urn:nasa:pds:maven.swia.calibrated:data.onboard_svy_mom:mvn_swi_l2_onboardsvymom_20250303::1.0
P,urn:nasa:pds:maven.swia.calibrated:data.onboard_svy_mom:mvn_swi_l2_onboardsvymom_20250304::1.0
P,urn:nasa:pds:maven.swia.calibrated:data.onboard_svy_mom:mvn_swi_l2_onboardsvymom_20250305::1.0
P,urn:nasa:pds:maven.swia.calibrated:data.onboard_svy_mom:mvn_swi_l2_onboardsvymom_20250306::1.0
P,urn:nasa:pds:maven.swia.calibrated:data.onboard_svy_mom:mvn_swi_l2_onboardsvymom_20250307::1.0
P,urn:nasa:pds:maven.swia.calibrated:data.onboard_svy_mom:mvn_swi_l2_onboardsvymom_20250308::1.0
P,urn:nasa:pds:maven.swia.calibrated:data.onboard_svy_mom:mvn_swi_l2_onboardsvymom_20250309::1.0
P,urn:nasa:pds:maven.swia.calibrated:data.onboard_svy_mom:mvn_swi_l2_onboardsvymom_20250310::1.0
P,urn:nasa:pds:maven.swia.calibrated:data.onboard_svy_mom:mvn_swi_l2_onboardsvymom_20250311::1.0
P,urn:nasa:pds:maven.swia.calibrated:data.onboard_svy_mom:mvn_swi_l2_onboardsvymom_20250312::1.0
P,urn:nasa:pds:maven.swia.calibrated:data.onboard_svy_mom:mvn_swi_l2_onboardsvymom_20250313::1.0
P,urn:nasa:pds:maven.swia.calibrated:data.onboard_svy_mom:mvn_swi_l2_onboardsvymom_20250314::1.0
P,urn:nasa:pds:maven.swia.calibrated:data.onboard_svy_mom:mvn_swi_l2_onboardsvymom_20250315::1.0
P,urn:nasa:pds:maven.swia.calibrated:data.onboard_svy_mom:mvn_swi_l2_onboardsvymom_20250316::1.0
P,urn:nasa:pds:maven.swia.calibrated:data.onboard_svy_mom:mvn_swi_l2_onboardsvymom_20250317::1.0
P,urn:nasa:pds:maven.swia.calibrated:data.onboard_svy_mom:mvn_swi_l2_onboardsvymom_20250318::1.0
P,urn:nasa:pds:maven.swia.calibrated:data.onboard_svy_mom:mvn_swi_l2_onboardsvymom_20250319::1.0
P,urn:nasa:pds:maven.swia.calibrated:data.onboard_svy_mom:mvn_swi_l2_onboardsvymom_20250320::1.0
P,urn:nasa:pds:maven.swia.calibrated:data.onboard_svy_mom:mvn_swi_l2_onboardsvymom_20250321::1.0
P,urn:nasa:pds:maven.swia.calibrated:data.onboard_svy_mom:mvn_swi_l2_onboardsvymom_20250322::1.0
P,urn:nasa:pds:maven.swia.calibrated:data.onboard_svy_mom:mvn_swi_l2_onboardsvymom_20250323::1.0
P,urn:nasa:pds:maven.swia.calibrated:data.onboard_svy_mom:mvn_swi_l2_onboardsvymom_20250324::1.0
P,urn:nasa:pds:maven.swia.calibrated:data.onboard_svy_mom:mvn_swi_l2_onboardsvymom_20250325::1.0
P,urn:nasa:pds:maven.swia.calibrated:data.onboard_svy_mom:mvn_swi_l2_onboardsvymom_20250326::1.0
P,urn:nasa:pds:maven.swia.calibrated:data.onboard_svy_mom:mvn_swi_l2_onboardsvymom_20250327::1.0
P,urn:nasa:pds:maven.swia.calibrated:data.onboard_svy_mom:mvn_swi_l2_onboardsvymom_20250328::1.0
P,urn:nasa:pds:maven.swia.calibrated:data.onboard_svy_mom:mvn_swi_l2_onboardsvymom_20250329::1.0
P,urn:nasa:pds:maven.swia.calibrated:data.onboard_svy_mom:mvn_swi_l2_onboardsvymom_20250330::1.0
P,urn:nasa:pds:maven.swia.calibrated:data.onboard_svy_mom:mvn_swi_l2_onboardsvymom_20250331::1.0
P,urn:nasa:pds:maven.swia.calibrated:data.onboard_svy_mom:mvn_swi_l2_onboardsvymom_20250401::1.0
P,urn:nasa:pds:maven.swia.calibrated:data.onboard_svy_mom:mvn_swi_l2_onboardsvymom_20250402::1.0
P,urn:nasa:pds:maven.swia.calibrated:data.onboard_svy_mom:mvn_swi_l2_onboardsvymom_20250403::1.0
P,urn:nasa:pds:maven.swia.calibrated:data.onboard_svy_mom:mvn_swi_l2_onboardsvymom_20250404::1.0
P,urn:nasa:pds:maven.swia.calibrated:data.onboard_svy_mom:mvn_swi_l2_onboardsvymom_20250405::1.0
P,urn:nasa:pds:maven.swia.calibrated:data.onboard_svy_mom:mvn_swi_l2_onboardsvymom_20250406::1.0
P,urn:nasa:pds:maven.swia.calibrated:data.onboard_svy_mom:mvn_swi_l2_onboardsvymom_20250407::1.0
P,urn:nasa:pds:maven.swia.calibrated:data.onboard_svy_mom:mvn_swi_l2_onboardsvymom_20250408::1.0
P,urn:nasa:pds:maven.swia.calibrated:data.onboard_svy_mom:mvn_swi_l2_onboardsvymom_20250409::1.0
P,urn:nasa:pds:maven.swia.calibrated:data.onboard_svy_mom:mvn_swi_l2_onboardsvymom_20250410::1.0
P,urn:nasa:pds:maven.swia.calibrated:data.onboard_svy_mom:mvn_swi_l2_onboardsvymom_20250411::1.0
P,urn:nasa:pds:maven.swia.calibrated:data.onboard_svy_mom:mvn_swi_l2_onboardsvymom_20250412::1.0
P,urn:nasa:pds:maven.swia.calibrated:data.onboard_svy_mom:mvn_swi_l2_onboardsvymom_20250413::1.0
P,urn:nasa:pds:maven.swia.calibrated:data.onboard_svy_mom:mvn_swi_l2_onboardsvymom_20250414::1.0
P,urn:nasa:pds:maven.swia.calibrated:data.onboard_svy_mom:mvn_swi_l2_onboardsvymom_20250415::1.0
P,urn:nasa:pds:maven.swia.calibrated:data.onboard_svy_mom:mvn_swi_l2_onboardsvymom_20250416::1.0
P,urn:nasa:pds:maven.swia.calibrated:data.onboard_svy_mom:mvn_swi_l2_onboardsvymom_20250417::1.0
P,urn:nasa:pds:maven.swia.calibrated:data.onboard_svy_mom:mvn_swi_l2_onboardsvymom_20250418::1.0
P,urn:nasa:pds:maven.swia.calibrated:data.onboard_svy_mom:mvn_swi_l2_onboardsvymom_20250419::1.0
P,urn:nasa:pds:maven.swia.calibrated:data.onboard_svy_mom:mvn_swi_l2_onboardsvymom_20250420::1.0
P,urn:nasa:pds:maven.swia.calibrated:data.onboard_svy_mom:mvn_swi_l2_onboardsvymom_20250421::1.0
P,urn:nasa:pds:maven.swia.calibrated:data.onboard_svy_mom:mvn_swi_l2_onboardsvymom_20250422::1.0
P,urn:nasa:pds:maven.swia.calibrated:data.onboard_svy_mom:mvn_swi_l2_onboardsvymom_20250423::1.0
P,urn:nasa:pds:maven.swia.calibrated:data.onboard_svy_mom:mvn_swi_l2_onboardsvymom_20250424::1.0
P,urn:nasa:pds:maven.swia.calibrated:data.onboard_svy_mom:mvn_swi_l2_onboardsvymom_20250425::1.0
P,urn:nasa:pds:maven.swia.calibrated:data.onboard_svy_mom:mvn_swi_l2_onboardsvymom_20250426::1.0
P,urn:nasa:pds:maven.swia.calibrated:data.onboard_svy_mom:mvn_swi_l2_onboardsvymom_20250427::1.0
P,urn:nasa:pds:maven.swia.calibrated:data.onboard_svy_mom:mvn_swi_l2_onboardsvymom_20250428::1.0
P,urn:nasa:pds:maven.swia.calibrated:data.onboard_svy_mom:mvn_swi_l2_onboardsvymom_20250429::1.0
P,urn:nasa:pds:maven.swia.calibrated:data.onboard_svy_mom:mvn_swi_l2_onboardsvymom_20250430::1.0
P,urn:nasa:pds:maven.swia.calibrated:data.onboard_svy_mom:mvn_swi_l2_onboardsvymom_20250501::1.0
P,urn:nasa:pds:maven.swia.calibrated:data.onboard_svy_mom:mvn_swi_l2_onboardsvymom_20250502::1.0
P,urn:nasa:pds:maven.swia.calibrated:data.onboard_svy_mom:mvn_swi_l2_onboardsvymom_20250503::1.0
P,urn:nasa:pds:maven.swia.calibrated:data.onboard_svy_mom:mvn_swi_l2_onboardsvymom_20250504::1.0
P,urn:nasa:pds:maven.swia.calibrated:data.onboard_svy_mom:mvn_swi_l2_onboardsvymom_20250505::1.0
P,urn:nasa:pds:maven.swia.calibrated:data.onboard_svy_mom:mvn_swi_l2_onboardsvymom_20250506::1.0
P,urn:nasa:pds:maven.swia.calibrated:data.onboard_svy_mom:mvn_swi_l2_onboardsvymom_20250507::1.0
P,urn:nasa:pds:maven.swia.calibrated:data.onboard_svy_mom:mvn_swi_l2_onboardsvymom_20250508::1.0
P,urn:nasa:pds:maven.swia.calibrated:data.onboard_svy_mom:mvn_swi_l2_onboardsvymom_20250509::1.0
P,urn:nasa:pds:maven.swia.calibrated:data.onboard_svy_mom:mvn_swi_l2_onboardsvymom_20250510::1.0
P,urn:nasa:pds:maven.swia.calibrated:data.onboard_svy_mom:mvn_swi_l2_onboardsvymom_20250511::1.0
P,urn:nasa:pds:maven.swia.calibrated:data.onboard_svy_mom:mvn_swi_l2_onboardsvymom_20250512::1.0
P,urn:nasa:pds:maven.swia.calibrated:data.onboard_svy_mom:mvn_swi_l2_onboardsvymom_20250513::1.0
P,urn:nasa:pds:maven.swia.calibrated:data.onboard_svy_mom:mvn_swi_l2_onboardsvymom_20250514::1.0
P,urn:nasa:pds:maven.swia.calibrated:data.onboard_svy_mom:mvn_swi_l2_onboardsvymom_20250515::1.0
P,urn:nasa:pds:maven.swia.calibrated:data.onboard_svy_mom:mvn_swi_l2_onboardsvymom_20250516::1.0
P,urn:nasa:pds:maven.swia.calibrated:data.onboard_svy_mom:mvn_swi_l2_onboardsvymom_20250517::1.0
P,urn:nasa:pds:maven.swia.calibrated:data.onboard_svy_mom:mvn_swi_l2_onboardsvymom_20250518::1.0
P,urn:nasa:pds:maven.swia.calibrated:data.onboard_svy_mom:mvn_swi_l2_onboardsvymom_20250519::1.0
P,urn:nasa:pds:maven.swia.calibrated:data.onboard_svy_mom:mvn_swi_l2_onboardsvymom_20250520::1.0
P,urn:nasa:pds:maven.swia.calibrated:data.onboard_svy_mom:mvn_swi_l2_onboardsvymom_20250521::1.0
P,urn:nasa:pds:maven.swia.calibrated:data.onboard_svy_mom:mvn_swi_l2_onboardsvymom_20250522::1.0
P,urn:nasa:pds:maven.swia.calibrated:data.onboard_svy_mom:mvn_swi_l2_onboardsvymom_20250523::1.0
P,urn:nasa:pds:maven.swia.calibrated:data.onboard_svy_mom:mvn_swi_l2_onboardsvymom_20250524::1.0
P,urn:nasa:pds:maven.swia.calibrated:data.onboard_svy_mom:mvn_swi_l2_onboardsvymom_20250525::1.0
P,urn:nasa:pds:maven.swia.calibrated:data.onboard_svy_mom:mvn_swi_l2_onboardsvymom_20250526::1.0
P,urn:nasa:pds:maven.swia.calibrated:data.onboard_svy_mom:mvn_swi_l2_onboardsvymom_20250527::1.0
P,urn:nasa:pds:maven.swia.calibrated:data.onboard_svy_mom:mvn_swi_l2_onboardsvymom_20250528::1.0
P,urn:nasa:pds:maven.swia.calibrated:data.onboard_svy_mom:mvn_swi_l2_onboardsvymom_20250529::1.0
P,urn:nasa:pds:maven.swia.calibrated:data.onboard_svy_mom:mvn_swi_l2_onboardsvymom_20250530::1.0
P,urn:nasa:pds:maven.swia.calibrated:data.onboard_svy_mom:mvn_swi_l2_onboardsvymom_20250531::1.0
P,urn:nasa:pds:maven.swia.calibrated:data.onboard_svy_mom:mvn_swi_l2_onboardsvymom_20250601::1.0
P,urn:nasa:pds:maven.swia.calibrated:data.onboard_svy_mom:mvn_swi_l2_onboardsvymom_20250602::1.0
P,urn:nasa:pds:maven.swia.calibrated:data.onboard_svy_mom:mvn_swi_l2_onboardsvymom_20250603::1.0
P,urn:nasa:pds:maven.swia.calibrated:data.onboard_svy_mom:mvn_swi_l2_onboardsvymom_20250604::1.0
P,urn:nasa:pds:maven.swia.calibrated:data.onboard_svy_mom:mvn_swi_l2_onboardsvymom_20250605::1.0
P,urn:nasa:pds:maven.swia.calibrated:data.onboard_svy_mom:mvn_swi_l2_onboardsvymom_20250606::1.0
P,urn:nasa:pds:maven.swia.calibrated:data.onboard_svy_mom:mvn_swi_l2_onboardsvymom_20250607::1.0
P,urn:nasa:pds:maven.swia.calibrated:data.onboard_svy_mom:mvn_swi_l2_onboardsvymom_20250608::1.0
P,urn:nasa:pds:maven.swia.calibrated:data.onboard_svy_mom:mvn_swi_l2_onboardsvymom_20250609::1.0
P,urn:nasa:pds:maven.swia.calibrated:data.onboard_svy_mom:mvn_swi_l2_onboardsvymom_20250610::1.0
P,urn:nasa:pds:maven.swia.calibrated:data.onboard_svy_mom:mvn_swi_l2_onboardsvymom_20250611::1.0
P,urn:nasa:pds:maven.swia.calibrated:data.onboard_svy_mom:mvn_swi_l2_onboardsvymom_20250612::1.0
P,urn:nasa:pds:maven.swia.calibrated:data.onboard_svy_mom:mvn_swi_l2_onboardsvymom_20250613::1.0
P,urn:nasa:pds:maven.swia.calibrated:data.onboard_svy_mom:mvn_swi_l2_onboardsvymom_20250614::1.0
P,urn:nasa:pds:maven.swia.calibrated:data.onboard_svy_mom:mvn_swi_l2_onboardsvymom_20250615::1.0
P,urn:nasa:pds:maven.swia.calibrated:data.onboard_svy_mom:mvn_swi_l2_onboardsvymom_20250616::1.0
P,urn:nasa:pds:maven.swia.calibrated:data.onboard_svy_mom:mvn_swi_l2_onboardsvymom_20250617::1.0
P,urn:nasa:pds:maven.swia.calibrated:data.onboard_svy_mom:mvn_swi_l2_onboardsvymom_20250618::1.0
P,urn:nasa:pds:maven.swia.calibrated:data.onboard_svy_mom:mvn_swi_l2_onboardsvymom_20250619::1.0
P,urn:nasa:pds:maven.swia.calibrated:data.onboard_svy_mom:mvn_swi_l2_onboardsvymom_20250620::1.0
P,urn:nasa:pds:maven.swia.calibrated:data.onboard_svy_mom:mvn_swi_l2_onboardsvymom_20250621::1.0
P,urn:nasa:pds:maven.swia.calibrated:data.onboard_svy_mom:mvn_swi_l2_onboardsvymom_20250622::1.0
P,urn:nasa:pds:maven.swia.calibrated:data.onboard_svy_mom:mvn_swi_l2_onboardsvymom_20250623::1.0
P,urn:nasa:pds:maven.swia.calibrated:data.onboard_svy_mom:mvn_swi_l2_onboardsvymom_20250624::1.0
P,urn:nasa:pds:maven.swia.calibrated:data.onboard_svy_mom:mvn_swi_l2_onboardsvymom_20250625::1.0
P,urn:nasa:pds:maven.swia.calibrated:data.onboard_svy_mom:mvn_swi_l2_onboardsvymom_20250626::1.0
P,urn:nasa:pds:maven.swia.calibrated:data.onboard_svy_mom:mvn_swi_l2_onboardsvymom_20250627::1.0
P,urn:nasa:pds:maven.swia.calibrated:data.onboard_svy_mom:mvn_swi_l2_onboardsvymom_20250628::1.0
P,urn:nasa:pds:maven.swia.calibrated:data.onboard_svy_mom:mvn_swi_l2_onboardsvymom_20250629::1.0
P,urn:nasa:pds:maven.swia.calibrated:data.onboard_svy_mom:mvn_swi_l2_onboardsvymom_20250630::1.0
P,urn:nasa:pds:maven.swia.calibrated:data.onboard_svy_mom:mvn_swi_l2_onboardsvymom_20250701::1.0
P,urn:nasa:pds:maven.swia.calibrated:data.onboard_svy_mom:mvn_swi_l2_onboardsvymom_20250702::1.0
P,urn:nasa:pds:maven.swia.calibrated:data.onboard_svy_mom:mvn_swi_l2_onboardsvymom_20250703::1.0
P,urn:nasa:pds:maven.swia.calibrated:data.onboard_svy_mom:mvn_swi_l2_onboardsvymom_20250704::1.0
P,urn:nasa:pds:maven.swia.calibrated:data.onboard_svy_mom:mvn_swi_l2_onboardsvymom_20250705::1.0
P,urn:nasa:pds:maven.swia.calibrated:data.onboard_svy_mom:mvn_swi_l2_onboardsvymom_20250706::1.0
P,urn:nasa:pds:maven.swia.calibrated:data.onboard_svy_mom:mvn_swi_l2_onboardsvymom_20250707::1.0
P,urn:nasa:pds:maven.swia.calibrated:data.onboard_svy_mom:mvn_swi_l2_onboardsvymom_20250708::1.0
P,urn:nasa:pds:maven.swia.calibrated:data.onboard_svy_mom:mvn_swi_l2_onboardsvymom_20250709::1.0
P,urn:nasa:pds:maven.swia.calibrated:data.onboard_svy_mom:mvn_swi_l2_onboardsvymom_20250710::1.0
P,urn:nasa:pds:maven.swia.calibrated:data.onboard_svy_mom:mvn_swi_l2_onboardsvymom_20250711::1.0
P,urn:nasa:pds:maven.swia.calibrated:data.onboard_svy_mom:mvn_swi_l2_onboardsvymom_20250712::1.0
P,urn:nasa:pds:maven.swia.calibrated:data.onboard_svy_mom:mvn_swi_l2_onboardsvymom_20250713::1.0
P,urn:nasa:pds:maven.swia.calibrated:data.onboard_svy_mom:mvn_swi_l2_onboardsvymom_20250714::1.0
P,urn:nasa:pds:maven.swia.calibrated:data.onboard_svy_mom:mvn_swi_l2_onboardsvymom_20250715::1.0
P,urn:nasa:pds:maven.swia.calibrated:data.onboard_svy_mom:mvn_swi_l2_onboardsvymom_20250716::1.0
P,urn:nasa:pds:maven.swia.calibrated:data.onboard_svy_mom:mvn_swi_l2_onboardsvymom_20250717::1.0
P,urn:nasa:pds:maven.swia.calibrated:data.onboard_svy_mom:mvn_swi_l2_onboardsvymom_20250718::1.0
P,urn:nasa:pds:maven.swia.calibrated:data.onboard_svy_mom:mvn_swi_l2_onboardsvymom_20250719::1.0
P,urn:nasa:pds:maven.swia.calibrated:data.onboard_svy_mom:mvn_swi_l2_onboardsvymom_20250720::1.0
P,urn:nasa:pds:maven.swia.calibrated:data.onboard_svy_mom:mvn_swi_l2_onboardsvymom_20250721::1.0
P,urn:nasa:pds:maven.swia.calibrated:data.onboard_svy_mom:mvn_swi_l2_onboardsvymom_20250722::1.0
P,urn:nasa:pds:maven.swia.calibrated:data.onboard_svy_mom:mvn_swi_l2_onboardsvymom_20250723::1.0
P,urn:nasa:pds:maven.swia.calibrated:data.onboard_svy_mom:mvn_swi_l2_onboardsvymom_20250724::1.0
P,urn:nasa:pds:maven.swia.calibrated:data.onboard_svy_mom:mvn_swi_l2_onboardsvymom_20250725::1.0
P,urn:nasa:pds:maven.swia.calibrated:data.onboard_svy_mom:mvn_swi_l2_onboardsvymom_20250726::1.0
P,urn:nasa:pds:maven.swia.calibrated:data.onboard_svy_mom:mvn_swi_l2_onboardsvymom_20250727::1.0
P,urn:nasa:pds:maven.swia.calibrated:data.onboard_svy_mom:mvn_swi_l2_onboardsvymom_20250728::1.0
P,urn:nasa:pds:maven.swia.calibrated:data.onboard_svy_mom:mvn_swi_l2_onboardsvymom_20250729::1.0
P,urn:nasa:pds:maven.swia.calibrated:data.onboard_svy_mom:mvn_swi_l2_onboardsvymom_20250730::1.0
P,urn:nasa:pds:maven.swia.calibrated:data.onboard_svy_mom:mvn_swi_l2_onboardsvymom_20250731::1.0
P,urn:nasa:pds:maven.swia.calibrated:data.onboard_svy_mom:mvn_swi_l2_onboardsvymom_20250801::1.0
P,urn:nasa:pds:maven.swia.calibrated:data.onboard_svy_mom:mvn_swi_l2_onboardsvymom_20250802::1.0
P,urn:nasa:pds:maven.swia.calibrated:data.onboard_svy_mom:mvn_swi_l2_onboardsvymom_20250803::1.0
P,urn:nasa:pds:maven.swia.calibrated:data.onboard_svy_mom:mvn_swi_l2_onboardsvymom_20250804::1.0
P,urn:nasa:pds:maven.swia.calibrated:data.onboard_svy_mom:mvn_swi_l2_onboardsvymom_20250805::1.0
P,urn:nasa:pds:maven.swia.calibrated:data.onboard_svy_mom:mvn_swi_l2_onboardsvymom_20250806::1.0
P,urn:nasa:pds:maven.swia.calibrated:data.onboard_svy_mom:mvn_swi_l2_onboardsvymom_20250807::1.0
P,urn:nasa:pds:maven.swia.calibrated:data.onboard_svy_mom:mvn_swi_l2_onboardsvymom_20250808::1.0
P,urn:nasa:pds:maven.swia.calibrated:data.onboard_svy_mom:mvn_swi_l2_onboardsvymom_20250809::1.0
P,urn:nasa:pds:maven.swia.calibrated:data.onboard_svy_mom:mvn_swi_l2_onboardsvymom_20250810::1.0
P,urn:nasa:pds:maven.swia.calibrated:data.onboard_svy_mom:mvn_swi_l2_onboardsvymom_20250811::1.0
P,urn:nasa:pds:maven.swia.calibrated:data.onboard_svy_mom:mvn_swi_l2_onboardsvymom_20250812::1.0
P,urn:nasa:pds:maven.swia.calibrated:data.onboard_svy_mom:mvn_swi_l2_onboardsvymom_20250813::1.0
P,urn:nasa:pds:maven.swia.calibrated:data.onboard_svy_mom:mvn_swi_l2_onboardsvymom_20250814::1.0
P,urn:nasa:pds:maven.swia.calibrated:data.onboard_svy_mom:mvn_swi_l2_onboardsvymom_20250815::1.0
P,urn:nasa:pds:maven.swia.calibrated:data.onboard_svy_mom:mvn_swi_l2_onboardsvymom_20250816::1.0
P,urn:nasa:pds:maven.swia.calibrated:data.onboard_svy_mom:mvn_swi_l2_onboardsvymom_20250817::1.0
P,urn:nasa:pds:maven.swia.calibrated:data.onboard_svy_mom:mvn_swi_l2_onboardsvymom_20250818::1.0
P,urn:nasa:pds:maven.swia.calibrated:data.onboard_svy_mom:mvn_swi_l2_onboardsvymom_20250819::1.0
P,urn:nasa:pds:maven.swia.calibrated:data.onboard_svy_mom:mvn_swi_l2_onboardsvymom_20250820::1.0
P,urn:nasa:pds:maven.swia.calibrated:data.onboard_svy_mom:mvn_swi_l2_onboardsvymom_20250821::1.0
P,urn:nasa:pds:maven.swia.calibrated:data.onboard_svy_mom:mvn_swi_l2_onboardsvymom_20250822::1.0
P,urn:nasa:pds:maven.swia.calibrated:data.onboard_svy_mom:mvn_swi_l2_onboardsvymom_20250823::1.0
P,urn:nasa:pds:maven.swia.calibrated:data.onboard_svy_mom:mvn_swi_l2_onboardsvymom_20250824::1.0
P,urn:nasa:pds:maven.swia.calibrated:data.onboard_svy_mom:mvn_swi_l2_onboardsvymom_20250825::1.0
P,urn:nasa:pds:maven.swia.calibrated:data.onboard_svy_mom:mvn_swi_l2_onboardsvymom_20250826::1.0
P,urn:nasa:pds:maven.swia.calibrated:data.onboard_svy_mom:mvn_swi_l2_onboardsvymom_20250827::1.0
P,urn:nasa:pds:maven.swia.calibrated:data.onboard_svy_mom:mvn_swi_l2_onboardsvymom_20250828::1.0
P,urn:nasa:pds:maven.swia.calibrated:data.onboard_svy_mom:mvn_swi_l2_onboardsvymom_20250829::1.0
P,urn:nasa:pds:maven.swia.calibrated:data.onboard_svy_mom:mvn_swi_l2_onboardsvymom_20250830::1.0
P,urn:nasa:pds:maven.swia.calibrated:data.onboard_svy_mom:mvn_swi_l2_onboardsvymom_20250831::1.0
P,urn:nasa:pds:maven.swia.calibrated:data.onboard_svy_mom:mvn_swi_l2_onboardsvymom_20250901::1.0
P,urn:nasa:pds:maven.swia.calibrated:data.onboard_svy_mom:mvn_swi_l2_onboardsvymom_20250902::1.0
P,urn:nasa:pds:maven.swia.calibrated:data.onboard_svy_mom:mvn_swi_l2_onboardsvymom_20250903::1.0
P,urn:nasa:pds:maven.swia.calibrated:data.onboard_svy_mom:mvn_swi_l2_onboardsvymom_20250904::1.0
P,urn:nasa:pds:maven.swia.calibrated:data.onboard_svy_mom:mvn_swi_l2_onboardsvymom_20250905::1.0
P,urn:nasa:pds:maven.swia.calibrated:data.onboard_svy_mom:mvn_swi_l2_onboardsvymom_20250906::1.0
P,urn:nasa:pds:maven.swia.calibrated:data.onboard_svy_mom:mvn_swi_l2_onboardsvymom_20250907::1.0
P,urn:nasa:pds:maven.swia.calibrated:data.onboard_svy_mom:mvn_swi_l2_onboardsvymom_20250908::1.0
P,urn:nasa:pds:maven.swia.calibrated:data.onboard_svy_mom:mvn_swi_l2_onboardsvymom_20250909::1.0
P,urn:nasa:pds:maven.swia.calibrated:data.onboard_svy_mom:mvn_swi_l2_onboardsvymom_20250910::1.0
P,urn:nasa:pds:maven.swia.calibrated:data.onboard_svy_mom:mvn_swi_l2_onboardsvymom_20250911::1.0
P,urn:nasa:pds:maven.swia.calibrated:data.onboard_svy_mom:mvn_swi_l2_onboardsvymom_20250912::1.0
P,urn:nasa:pds:maven.swia.calibrated:data.onboard_svy_mom:mvn_swi_l2_onboardsvymom_20250913::1.0
P,urn:nasa:pds:maven.swia.calibrated:data.onboard_svy_mom:mvn_swi_l2_onboardsvymom_20250914::1.0
P,urn:nasa:pds:maven.swia.calibrated:data.onboard_svy_mom:mvn_swi_l2_onboardsvymom_20250915::1.0
P,urn:nasa:pds:maven.swia.calibrated:data.onboard_svy_mom:mvn_swi_l2_onboardsvymom_20250916::1.0
P,urn:nasa:pds:maven.swia.calibrated:data.onboard_svy_mom:mvn_swi_l2_onboardsvymom_20250917::1.0
P,urn:nasa:pds:maven.swia.calibrated:data.onboard_svy_mom:mvn_swi_l2_onboardsvymom_20250918::1.0
P,urn:nasa:pds:maven.swia.calibrated:data.onboard_svy_mom:mvn_swi_l2_onboardsvymom_20250919::1.0
P,urn:nasa:pds:maven.swia.calibrated:data.onboard_svy_mom:mvn_swi_l2_onboardsvymom_20250920::1.0
P,urn:nasa:pds:maven.swia.calibrated:data.onboard_svy_mom:mvn_swi_l2_onboardsvymom_20250921::1.0
P,urn:nasa:pds:maven.swia.calibrated:data.onboard_svy_mom:mvn_swi_l2_onboardsvymom_20250922::1.0
P,urn:nasa:pds:maven.swia.calibrated:data.onboard_svy_mom:mvn_swi_l2_onboardsvymom_20250923::1.0
P,urn:nasa:pds:maven.swia.calibrated:data.onboard_svy_mom:mvn_swi_l2_onboardsvymom_20250924::1.0
P,urn:nasa:pds:maven.swia.calibrated:data.onboard_svy_mom:mvn_swi_l2_onboardsvymom_20250925::1.0
P,urn:nasa:pds:maven.swia.calibrated:data.onboard_svy_mom:mvn_swi_l2_onboardsvymom_20250926::1.0
P,urn:nasa:pds:maven.swia.calibrated:data.onboard_svy_mom:mvn_swi_l2_onboardsvymom_20250927::1.0
P,urn:nasa:pds:maven.swia.calibrated:data.onboard_svy_mom:mvn_swi_l2_onboardsvymom_20250928::1.0
P,urn:nasa:pds:maven.swia.calibrated:data.onboard_svy_mom:mvn_swi_l2_onboardsvymom_20250929::1.0
P,urn:nasa:pds:maven.swia.calibrated:data.onboard_svy_mom:mvn_swi_l2_onboardsvymom_20250930::1.0
P,urn:nasa:pds:maven.swia.calibrated:data.onboard_svy_mom:mvn_swi_l2_onboardsvymom_20251001::1.0
P,urn:nasa:pds:maven.swia.calibrated:data.onboard_svy_mom:mvn_swi_l2_onboardsvymom_20251002::1.0
P,urn:nasa:pds:maven.swia.calibrated:data.onboard_svy_mom:mvn_swi_l2_onboardsvymom_20251003::1.0
P,urn:nasa:pds:maven.swia.calibrated:data.onboard_svy_mom:mvn_swi_l2_onboardsvymom_20251004::1.0
P,urn:nasa:pds:maven.swia.calibrated:data.onboard_svy_mom:mvn_swi_l2_onboardsvymom_20251005::1.0
P,urn:nasa:pds:maven.swia.calibrated:data.onboard_svy_mom:mvn_swi_l2_onboardsvymom_20251006::1.0
P,urn:nasa:pds:maven.swia.calibrated:data.onboard_svy_mom:mvn_swi_l2_onboardsvymom_20251007::1.0
P,urn:nasa:pds:maven.swia.calibrated:data.onboard_svy_mom:mvn_swi_l2_onboardsvymom_20251008::1.0
P,urn:nasa:pds:maven.swia.calibrated:data.onboard_svy_mom:mvn_swi_l2_onboardsvymom_20251009::1.0
P,urn:nasa:pds:maven.swia.calibrated:data.onboard_svy_mom:mvn_swi_l2_onboardsvymom_20251010::1.0
P,urn:nasa:pds:maven.swia.calibrated:data.onboard_svy_mom:mvn_swi_l2_onboardsvymom_20251011::1.0
P,urn:nasa:pds:maven.swia.calibrated:data.onboard_svy_mom:mvn_swi_l2_onboardsvymom_20251012::1.0
P,urn:nasa:pds:maven.swia.calibrated:data.onboard_svy_mom:mvn_swi_l2_onboardsvymom_20251013::1.0
P,urn:nasa:pds:maven.swia.calibrated:data.onboard_svy_mom:mvn_swi_l2_onboardsvymom_20251014::1.0
P,urn:nasa:pds:maven.swia.calibrated:data.onboard_svy_mom:mvn_swi_l2_onboardsvymom_20251015::1.0
P,urn:nasa:pds:maven.swia.calibrated:data.onboard_svy_mom:mvn_swi_l2_onboardsvymom_20251016::1.0
P,urn:nasa:pds:maven.swia.calibrated:data.onboard_svy_mom:mvn_swi_l2_onboardsvymom_20251017::1.0
P,urn:nasa:pds:maven.swia.calibrated:data.onboard_svy_mom:mvn_swi_l2_onboardsvymom_20251018::1.0
P,urn:nasa:pds:maven.swia.calibrated:data.onboard_svy_mom:mvn_swi_l2_onboardsvymom_20251019::1.0
P,urn:nasa:pds:maven.swia.calibrated:data.onboard_svy_mom:mvn_swi_l2_onboardsvymom_20251020::1.0
P,urn:nasa:pds:maven.swia.calibrated:data.onboard_svy_mom:mvn_swi_l2_onboardsvymom_20251021::1.0
P,urn:nasa:pds:maven.swia.calibrated:data.onboard_svy_mom:mvn_swi_l2_onboardsvymom_20251022::1.0
P,urn:nasa:pds:maven.swia.calibrated:data.onboard_svy_mom:mvn_swi_l2_onboardsvymom_20251023::1.0
P,urn:nasa:pds:maven.swia.calibrated:data.onboard_svy_mom:mvn_swi_l2_onboardsvymom_20251024::1.0
P,urn:nasa:pds:maven.swia.calibrated:data.onboard_svy_mom:mvn_swi_l2_onboardsvymom_20251025::1.0
P,urn:nasa:pds:maven.swia.calibrated:data.onboard_svy_mom:mvn_swi_l2_onboardsvymom_20251026::1.0
P,urn:nasa:pds:maven.swia.calibrated:data.onboard_svy_mom:mvn_swi_l2_onboardsvymom_20251027::1.0
P,urn:nasa:pds:maven.swia.calibrated:data.onboard_svy_mom:mvn_swi_l2_onboardsvymom_20251028::1.0
P,urn:nasa:pds:maven.swia.calibrated:data.onboard_svy_mom:mvn_swi_l2_onboardsvymom_20251029::1.0
P,urn:nasa:pds:maven.swia.calibrated:data.onboard_svy_mom:mvn_swi_l2_onboardsvymom_20251030::1.0
P,urn:nasa:pds:maven.swia.calibrated:data.onboard_svy_mom:mvn_swi_l2_onboardsvymom_20251031::1.0
P,urn:nasa:pds:maven.swia.calibrated:data.onboard_svy_mom:mvn_swi_l2_onboardsvymom_20251101::1.0
P,urn:nasa:pds:maven.swia.calibrated:data.onboard_svy_mom:mvn_swi_l2_onboardsvymom_20251102::1.0
P,urn:nasa:pds:maven.swia.calibrated:data.onboard_svy_mom:mvn_swi_l2_onboardsvymom_20251103::1.0
P,urn:nasa:pds:maven.swia.calibrated:data.onboard_svy_mom:mvn_swi_l2_onboardsvymom_20251104::1.0
P,urn:nasa:pds:maven.swia.calibrated:data.onboard_svy_mom:mvn_swi_l2_onboardsvymom_20251105::1.0
P,urn:nasa:pds:maven.swia.calibrated:data.onboard_svy_mom:mvn_swi_l2_onboardsvymom_20251106::1.0
P,urn:nasa:pds:maven.swia.calibrated:data.onboard_svy_mom:mvn_swi_l2_onboardsvymom_20251107::1.0
P,urn:nasa:pds:maven.swia.calibrated:data.onboard_svy_mom:mvn_swi_l2_onboardsvymom_20251108::1.0
P,urn:nasa:pds:maven.swia.calibrated:data.onboard_svy_mom:mvn_swi_l2_onboardsvymom_20251109::1.0
P,urn:nasa:pds:maven.swia.calibrated:data.onboard_svy_mom:mvn_swi_l2_onboardsvymom_20251110::1.0
P,urn:nasa:pds:maven.swia.calibrated:data.onboard_svy_mom:mvn_swi_l2_onboardsvymom_20251111::1.0
P,urn:nasa:pds:maven.swia.calibrated:data.onboard_svy_mom:mvn_swi_l2_onboardsvymom_20251112::1.0
P,urn:nasa:pds:maven.swia.calibrated:data.onboard_svy_mom:mvn_swi_l2_onboardsvymom_20251113::1.0
P,urn:nasa:pds:maven.swia.calibrated:data.onboard_svy_mom:mvn_swi_l2_onboardsvymom_20251114::1.0
P,urn:nasa:pds:maven.swia.calibrated:data.onboard_svy_mom:mvn_swi_l2_onboardsvymom_20251115::1.0
P,urn:nasa:pds:maven.swia.calibrated:data.onboard_svy_mom:mvn_swi_l2_onboardsvymom_20251116::1.0
P,urn:nasa:pds:maven.swia.calibrated:data.onboard_svy_mom:mvn_swi_l2_onboardsvymom_20251117::1.0
P,urn:nasa:pds:maven.swia.calibrated:data.onboard_svy_mom:mvn_swi_l2_onboardsvymom_20251118::1.0
P,urn:nasa:pds:maven.swia.calibrated:data.onboard_svy_mom:mvn_swi_l2_onboardsvymom_20251119::1.0
P,urn:nasa:pds:maven.swia.calibrated:data.onboard_svy_mom:mvn_swi_l2_onboardsvymom_20251120::1.0
P,urn:nasa:pds:maven.swia.calibrated:data.onboard_svy_mom:mvn_swi_l2_onboardsvymom_20251121::1.0
P,urn:nasa:pds:maven.swia.calibrated:data.onboard_svy_mom:mvn_swi_l2_onboardsvymom_20251122::1.0
P,urn:nasa:pds:maven.swia.calibrated:data.onboard_svy_mom:mvn_swi_l2_onboardsvymom_20251123::1.0
P,urn:nasa:pds:maven.swia.calibrated:data.onboard_svy_mom:mvn_swi_l2_onboardsvymom_20251124::1.0
P,urn:nasa:pds:maven.swia.calibrated:data.onboard_svy_mom:mvn_swi_l2_onboardsvymom_20251125::1.0
P,urn:nasa:pds:maven.swia.calibrated:data.onboard_svy_mom:mvn_swi_l2_onboardsvymom_20251126::1.0
P,urn:nasa:pds:maven.swia.calibrated:data.onboard_svy_mom:mvn_swi_l2_onboardsvymom_20251127::1.0
P,urn:nasa:pds:maven.swia.calibrated:data.onboard_svy_mom:mvn_swi_l2_onboardsvymom_20251128::1.0
P,urn:nasa:pds:maven.swia.calibrated:data.onboard_svy_mom:mvn_swi_l2_onboardsvymom_20251129::1.0
P,urn:nasa:pds:maven.swia.calibrated:data.onboard_svy_mom:mvn_swi_l2_onboardsvymom_20251130::1.0
P,urn:nasa:pds:maven.swia.calibrated:data.onboard_svy_mom:mvn_swi_l2_onboardsvymom_20251201::1.0
P,urn:nasa:pds:maven.swia.calibrated:data.onboard_svy_mom:mvn_swi_l2_onboardsvymom_20251202::1.0
P,urn:nasa:pds:maven.swia.calibrated:data.onboard_svy_mom:mvn_swi_l2_onboardsvymom_20251203::1.0
P,urn:nasa:pds:maven.swia.calibrated:data.onboard_svy_mom:mvn_swi_l2_onboardsvymom_20251204::1.0
P,urn:nasa:pds:maven.swia.calibrated:data.onboard_svy_mom:mvn_swi_l2_onboardsvymom_20251205::1.0
