P,urn:nasa:pds:maven.mag.calibrated:data.pc:mvn_mag_l2_2014283pc1s_20141010::1.2
P,urn:nasa:pds:maven.mag.calibrated:data.pc:mvn_mag_l2_2014284pc1s_20141011::1.2
P,urn:nasa:pds:maven.mag.calibrated:data.pc:mvn_mag_l2_2014285pc1s_20141012::1.2
P,urn:nasa:pds:maven.mag.calibrated:data.pc:mvn_mag_l2_2014286pc1s_20141013::1.2
P,urn:nasa:pds:maven.mag.calibrated:data.pc:mvn_mag_l2_2014287pc1s_20141014::1.2
P,urn:nasa:pds:maven.mag.calibrated:data.pc:mvn_mag_l2_2014288pc1s_20141015::1.2
P,urn:nasa:pds:maven.mag.calibrated:data.pc:mvn_mag_l2_2014289pc1s_20141016::1.2
P,urn:nasa:pds:maven.mag.calibrated:data.pc:mvn_mag_l2_2014290pc1s_20141017::1.2
P,urn:nasa:pds:maven.mag.calibrated:data.pc:mvn_mag_l2_2014291pc1s_20141018::1.2
P,urn:nasa:pds:maven.mag.calibrated:data.pc:mvn_mag_l2_2014292pc1s_20141019::1.2
P,urn:nasa:pds:maven.mag.calibrated:data.pc:mvn_mag_l2_2014293pc1s_20141020::1.2
P,urn:nasa:pds:maven.mag.calibrated:data.pc:mvn_mag_l2_2014294pc1s_20141021::1.2
P,urn:nasa:pds:maven.mag.calibrated:data.pc:mvn_mag_l2_2014295pc1s_20141022::1.2
P,urn:nasa:pds:maven.mag.calibrated:data.pc:mvn_mag_l2_2014296pc1s_20141023::1.2
P,urn:nasa:pds:maven.mag.calibrated:data.pc:mvn_mag_l2_2014297pc1s_20141024::1.2
P,urn:nasa:pds:maven.mag.calibrated:data.pc:mvn_mag_l2_2014298pc1s_20141025::1.2
P,urn:nasa:pds:maven.mag.calibrated:data.pc:mvn_mag_l2_2014302pc1s_20141029::1.2
P,urn:nasa:pds:maven.mag.calibrated:data.pc:mvn_mag_l2_2014303pc1s_20141030::1.2
P,urn:nasa:pds:maven.mag.calibrated:data.pc:mvn_mag_l2_2014304pc1s_20141031::1.2
P,urn:nasa:pds:maven.mag.calibrated:data.pc:mvn_mag_l2_2014305pc1s_20141101::1.2
P,urn:nasa:pds:maven.mag.calibrated:data.pc:mvn_mag_l2_2014306pc1s_20141102::1.2
P,urn:nasa:pds:maven.mag.calibrated:data.pc:mvn_mag_l2_2014307pc1s_20141103::1.2
P,urn:nasa:pds:maven.mag.calibrated:data.pc:mvn_mag_l2_2014308pc1s_20141104::1.2
P,urn:nasa:pds:maven.mag.calibrated:data.pc:mvn_mag_l2_2014309pc1s_20141105::1.2
P,urn:nasa:pds:maven.mag.calibrated:data.pc:mvn_mag_l2_2014310pc1s_20141106::1.2
P,urn:nasa:pds:maven.mag.calibrated:data.pc:mvn_mag_l2_2014311pc1s_20141107::1.2
P,urn:nasa:pds:maven.mag.calibrated:data.pc:mvn_mag_l2_2014312pc1s_20141108::1.2
P,urn:nasa:pds:maven.mag.calibrated:data.pc:mvn_mag_l2_2014313pc1s_20141109::1.2
P,urn:nasa:pds:maven.mag.calibrated:data.pc:mvn_mag_l2_2014314pc1s_20141110::1.2
P,urn:nasa:pds:maven.mag.calibrated:data.pc:mvn_mag_l2_2014315pc1s_20141111::1.2
P,urn:nasa:pds:maven.mag.calibrated:data.pc:mvn_mag_l2_2014316pc1s_20141112::1.2
P,urn:nasa:pds:maven.mag.calibrated:data.pc:mvn_mag_l2_2014317pc1s_20141113::1.2
P,urn:nasa:pds:maven.mag.calibrated:data.pc:mvn_mag_l2_2014318pc1s_20141114::1.2
P,urn:nasa:pds:maven.mag.calibrated:data.pc:mvn_mag_l2_2014319pc1s_20141115::1.2
P,urn:nasa:pds:maven.mag.calibrated:data.pc:mvn_mag_l2_2014320pc1s_20141116::1.2
P,urn:nasa:pds:maven.mag.calibrated:data.pc:mvn_mag_l2_2014321pc1s_20141117::1.2
P,urn:nasa:pds:maven.mag.calibrated:data.pc:mvn_mag_l2_2014322pc1s_20141118::1.2
P,urn:nasa:pds:maven.mag.calibrated:data.pc:mvn_mag_l2_2014323pc1s_20141119::1.2
P,urn:nasa:pds:maven.mag.calibrated:data.pc:mvn_mag_l2_2014331pc1s_20141127::1.2
P,urn:nasa:pds:maven.mag.calibrated:data.pc:mvn_mag_l2_2014332pc1s_20141128::1.2
P,urn:nasa:pds:maven.mag.calibrated:data.pc:mvn_mag_l2_2014333pc1s_20141129::1.2
P,urn:nasa:pds:maven.mag.calibrated:data.pc:mvn_mag_l2_2014334pc1s_20141130::1.2
P,urn:nasa:pds:maven.mag.calibrated:data.pc:mvn_mag_l2_2014335pc1s_20141201::1.2
P,urn:nasa:pds:maven.mag.calibrated:data.pc:mvn_mag_l2_2014336pc1s_20141202::1.2
P,urn:nasa:pds:maven.mag.calibrated:data.pc:mvn_mag_l2_2014337pc1s_20141203::1.2
P,urn:nasa:pds:maven.mag.calibrated:data.pc:mvn_mag_l2_2014338pc1s_20141204::1.2
P,urn:nasa:pds:maven.mag.calibrated:data.pc:mvn_mag_l2_2014339pc1s_20141205::1.2
P,urn:nasa:pds:maven.mag.calibrated:data.pc:mvn_mag_l2_2014340pc1s_20141206::1.2
P,urn:nasa:pds:maven.mag.calibrated:data.pc:mvn_mag_l2_2014341pc1s_20141207::1.2
P,urn:nasa:pds:maven.mag.calibrated:data.pc:mvn_mag_l2_2014342pc1s_20141208::1.2
P,urn:nasa:pds:maven.mag.calibrated:data.pc:mvn_mag_l2_2014343pc1s_20141209::1.2
P,urn:nasa:pds:maven.mag.calibrated:data.pc:mvn_mag_l2_2014344pc1s_20141210::1.2
P,urn:nasa:pds:maven.mag.calibrated:data.pc:mvn_mag_l2_2014345pc1s_20141211::1.2
P,urn:nasa:pds:maven.mag.calibrated:data.pc:mvn_mag_l2_2014346pc1s_20141212::1.2
P,urn:nasa:pds:maven.mag.calibrated:data.pc:mvn_mag_l2_2014347pc1s_20141213::1.2
P,urn:nasa:pds:maven.mag.calibrated:data.pc:mvn_mag_l2_2014348pc1s_20141214::1.2
P,urn:nasa:pds:maven.mag.calibrated:data.pc:mvn_mag_l2_2014349pc1s_20141215::1.2
P,urn:nasa:pds:maven.mag.calibrated:data.pc:mvn_mag_l2_2014350pc1s_20141216::1.2
P,urn:nasa:pds:maven.mag.calibrated:data.pc:mvn_mag_l2_2014351pc1s_20141217::1.2
P,urn:nasa:pds:maven.mag.calibrated:data.pc:mvn_mag_l2_2014352pc1s_20141218::1.2
P,urn:nasa:pds:maven.mag.calibrated:data.pc:mvn_mag_l2_2014353pc1s_20141219::1.2
P,urn:nasa:pds:maven.mag.calibrated:data.pc:mvn_mag_l2_2014354pc1s_20141220::1.2
P,urn:nasa:pds:maven.mag.calibrated:data.pc:mvn_mag_l2_2014355pc1s_20141221::1.2
P,urn:nasa:pds:maven.mag.calibrated:data.pc:mvn_mag_l2_2014356pc1s_20141222::1.2
P,urn:nasa:pds:maven.mag.calibrated:data.pc:mvn_mag_l2_2014357pc1s_20141223::1.2
P,urn:nasa:pds:maven.mag.calibrated:data.pc:mvn_mag_l2_2014358pc1s_20141224::1.2
P,urn:nasa:pds:maven.mag.calibrated:data.pc:mvn_mag_l2_2014359pc1s_20141225::1.2
P,urn:nasa:pds:maven.mag.calibrated:data.pc:mvn_mag_l2_2014360pc1s_20141226::1.2
P,urn:nasa:pds:maven.mag.calibrated:data.pc:mvn_mag_l2_2014361pc1s_20141227::1.2
P,urn:nasa:pds:maven.mag.calibrated:data.pc:mvn_mag_l2_2014362pc1s_20141228::1.2
P,urn:nasa:pds:maven.mag.calibrated:data.pc:mvn_mag_l2_2014363pc1s_20141229::1.2
P,urn:nasa:pds:maven.mag.calibrated:data.pc:mvn_mag_l2_2014364pc1s_20141230::1.2
P,urn:nasa:pds:maven.mag.calibrated:data.pc:mvn_mag_l2_2014365pc1s_20141231::1.2
P,urn:nasa:pds:maven.mag.calibrated:data.pc:mvn_mag_l2_2015001pc1s_20150101::1.2
P,urn:nasa:pds:maven.mag.calibrated:data.pc:mvn_mag_l2_2015002pc1s_20150102::1.2
P,urn:nasa:pds:maven.mag.calibrated:data.pc:mvn_mag_l2_2015003pc1s_20150103::1.2
P,urn:nasa:pds:maven.mag.calibrated:data.pc:mvn_mag_l2_2015004pc1s_20150104::1.2
P,urn:nasa:pds:maven.mag.calibrated:data.pc:mvn_mag_l2_2015005pc1s_20150105::1.2
P,urn:nasa:pds:maven.mag.calibrated:data.pc:mvn_mag_l2_2015006pc1s_20150106::1.2
P,urn:nasa:pds:maven.mag.calibrated:data.pc:mvn_mag_l2_2015007pc1s_20150107::1.2
P,urn:nasa:pds:maven.mag.calibrated:data.pc:mvn_mag_l2_2015008pc1s_20150108::1.2
P,urn:nasa:pds:maven.mag.calibrated:data.pc:mvn_mag_l2_2015009pc1s_20150109::1.2
P,urn:nasa:pds:maven.mag.calibrated:data.pc:mvn_mag_l2_2015010pc1s_20150110::1.2
P,urn:nasa:pds:maven.mag.calibrated:data.pc:mvn_mag_l2_2015011pc1s_20150111::1.2
P,urn:nasa:pds:maven.mag.calibrated:data.pc:mvn_mag_l2_2015012pc1s_20150112::1.2
P,urn:nasa:pds:maven.mag.calibrated:data.pc:mvn_mag_l2_2015013pc1s_20150113::1.2
P,urn:nasa:pds:maven.mag.calibrated:data.pc:mvn_mag_l2_2015014pc1s_20150114::1.2
P,urn:nasa:pds:maven.mag.calibrated:data.pc:mvn_mag_l2_2015015pc1s_20150115::1.2
P,urn:nasa:pds:maven.mag.calibrated:data.pc:mvn_mag_l2_2015016pc1s_20150116::1.2
P,urn:nasa:pds:maven.mag.calibrated:data.pc:mvn_mag_l2_2015017pc1s_20150117::1.2
P,urn:nasa:pds:maven.mag.calibrated:data.pc:mvn_mag_l2_2015018pc1s_20150118::1.2
P,urn:nasa:pds:maven.mag.calibrated:data.pc:mvn_mag_l2_2015019pc1s_20150119::1.2
P,urn:nasa:pds:maven.mag.calibrated:data.pc:mvn_mag_l2_2015020pc1s_20150120::1.2
P,urn:nasa:pds:maven.mag.calibrated:data.pc:mvn_mag_l2_2015021pc1s_20150121::1.2
P,urn:nasa:pds:maven.mag.calibrated:data.pc:mvn_mag_l2_2015022pc1s_20150122::1.2
P,urn:nasa:pds:maven.mag.calibrated:data.pc:mvn_mag_l2_2015023pc1s_20150123::1.2
P,urn:nasa:pds:maven.mag.calibrated:data.pc:mvn_mag_l2_2015024pc1s_20150124::1.2
P,urn:nasa:pds:maven.mag.calibrated:data.pc:mvn_mag_l2_2015025pc1s_20150125::1.2
P,urn:nasa:pds:maven.mag.calibrated:data.pc:mvn_mag_l2_2015026pc1s_20150126::1.2
P,urn:nasa:pds:maven.mag.calibrated:data.pc:mvn_mag_l2_2015027pc1s_20150127::1.2
P,urn:nasa:pds:maven.mag.calibrated:data.pc:mvn_mag_l2_2015028pc1s_20150128::1.2
P,urn:nasa:pds:maven.mag.calibrated:data.pc:mvn_mag_l2_2015029pc1s_20150129::1.2
P,urn:nasa:pds:maven.mag.calibrated:data.pc:mvn_mag_l2_2015030pc1s_20150130::1.2
P,urn:nasa:pds:maven.mag.calibrated:data.pc:mvn_mag_l2_2015031pc1s_20150131::1.2
P,urn:nasa:pds:maven.mag.calibrated:data.pc:mvn_mag_l2_2015032pc1s_20150201::1.2
P,urn:nasa:pds:maven.mag.calibrated:data.pc:mvn_mag_l2_2015033pc1s_20150202::1.2
P,urn:nasa:pds:maven.mag.calibrated:data.pc:mvn_mag_l2_2015034pc1s_20150203::1.2
P,urn:nasa:pds:maven.mag.calibrated:data.pc:mvn_mag_l2_2015035pc1s_20150204::1.2
P,urn:nasa:pds:maven.mag.calibrated:data.pc:mvn_mag_l2_2015036pc1s_20150205::1.2
P,urn:nasa:pds:maven.mag.calibrated:data.pc:mvn_mag_l2_2015037pc1s_20150206::1.2
P,urn:nasa:pds:maven.mag.calibrated:data.pc:mvn_mag_l2_2015038pc1s_20150207::1.2
P,urn:nasa:pds:maven.mag.calibrated:data.pc:mvn_mag_l2_2015039pc1s_20150208::1.2
P,urn:nasa:pds:maven.mag.calibrated:data.pc:mvn_mag_l2_2015040pc1s_20150209::1.2
P,urn:nasa:pds:maven.mag.calibrated:data.pc:mvn_mag_l2_2015041pc1s_20150210::1.2
P,urn:nasa:pds:maven.mag.calibrated:data.pc:mvn_mag_l2_2015042pc1s_20150211::1.2
P,urn:nasa:pds:maven.mag.calibrated:data.pc:mvn_mag_l2_2015043pc1s_20150212::1.2
P,urn:nasa:pds:maven.mag.calibrated:data.pc:mvn_mag_l2_2015044pc1s_20150213::1.2
P,urn:nasa:pds:maven.mag.calibrated:data.pc:mvn_mag_l2_2015045pc1s_20150214::1.2
P,urn:nasa:pds:maven.mag.calibrated:data.pc:mvn_mag_l2_2015046pc1s_20150215::1.2
P,urn:nasa:pds:maven.mag.calibrated:data.pc:mvn_mag_l2_2015047pc1s_20150216::1.2
P,urn:nasa:pds:maven.mag.calibrated:data.pc:mvn_mag_l2_2015048pc1s_20150217::1.2
P,urn:nasa:pds:maven.mag.calibrated:data.pc:mvn_mag_l2_2015049pc1s_20150218::1.2
P,urn:nasa:pds:maven.mag.calibrated:data.pc:mvn_mag_l2_2015050pc1s_20150219::1.2
P,urn:nasa:pds:maven.mag.calibrated:data.pc:mvn_mag_l2_2015051pc1s_20150220::1.2
P,urn:nasa:pds:maven.mag.calibrated:data.pc:mvn_mag_l2_2015052pc1s_20150221::1.2
P,urn:nasa:pds:maven.mag.calibrated:data.pc:mvn_mag_l2_2015053pc1s_20150222::1.2
P,urn:nasa:pds:maven.mag.calibrated:data.pc:mvn_mag_l2_2015054pc1s_20150223::1.2
P,urn:nasa:pds:maven.mag.calibrated:data.pc:mvn_mag_l2_2015055pc1s_20150224::1.2
P,urn:nasa:pds:maven.mag.calibrated:data.pc:mvn_mag_l2_2015056pc1s_20150225::1.2
P,urn:nasa:pds:maven.mag.calibrated:data.pc:mvn_mag_l2_2015057pc1s_20150226::1.2
P,urn:nasa:pds:maven.mag.calibrated:data.pc:mvn_mag_l2_2015058pc1s_20150227::1.2
P,urn:nasa:pds:maven.mag.calibrated:data.pc:mvn_mag_l2_2015059pc1s_20150228::1.2
P,urn:nasa:pds:maven.mag.calibrated:data.pc:mvn_mag_l2_2015060pc1s_20150301::1.2
P,urn:nasa:pds:maven.mag.calibrated:data.pc:mvn_mag_l2_2015061pc1s_20150302::1.2
P,urn:nasa:pds:maven.mag.calibrated:data.pc:mvn_mag_l2_2015062pc1s_20150303::1.2
P,urn:nasa:pds:maven.mag.calibrated:data.pc:mvn_mag_l2_2015063pc1s_20150304::1.2
P,urn:nasa:pds:maven.mag.calibrated:data.pc:mvn_mag_l2_2015064pc1s_20150305::1.2
P,urn:nasa:pds:maven.mag.calibrated:data.pc:mvn_mag_l2_2015065pc1s_20150306::1.2
P,urn:nasa:pds:maven.mag.calibrated:data.pc:mvn_mag_l2_2015066pc1s_20150307::1.2
P,urn:nasa:pds:maven.mag.calibrated:data.pc:mvn_mag_l2_2015067pc1s_20150308::1.2
P,urn:nasa:pds:maven.mag.calibrated:data.pc:mvn_mag_l2_2015068pc1s_20150309::1.2
P,urn:nasa:pds:maven.mag.calibrated:data.pc:mvn_mag_l2_2015069pc1s_20150310::1.2
P,urn:nasa:pds:maven.mag.calibrated:data.pc:mvn_mag_l2_2015070pc1s_20150311::1.2
P,urn:nasa:pds:maven.mag.calibrated:data.pc:mvn_mag_l2_2015071pc1s_20150312::1.2
P,urn:nasa:pds:maven.mag.calibrated:data.pc:mvn_mag_l2_2015072pc1s_20150313::1.2
P,urn:nasa:pds:maven.mag.calibrated:data.pc:mvn_mag_l2_2015073pc1s_20150314::1.2
P,urn:nasa:pds:maven.mag.calibrated:data.pc:mvn_mag_l2_2015074pc1s_20150315::1.2
P,urn:nasa:pds:maven.mag.calibrated:data.pc:mvn_mag_l2_2015075pc1s_20150316::1.2
P,urn:nasa:pds:maven.mag.calibrated:data.pc:mvn_mag_l2_2015076pc1s_20150317::1.2
P,urn:nasa:pds:maven.mag.calibrated:data.pc:mvn_mag_l2_2015077pc1s_20150318::1.2
P,urn:nasa:pds:maven.mag.calibrated:data.pc:mvn_mag_l2_2015078pc1s_20150319::1.2
P,urn:nasa:pds:maven.mag.calibrated:data.pc:mvn_mag_l2_2015079pc1s_20150320::1.2
P,urn:nasa:pds:maven.mag.calibrated:data.pc:mvn_mag_l2_2015080pc1s_20150321::1.2
P,urn:nasa:pds:maven.mag.calibrated:data.pc:mvn_mag_l2_2015081pc1s_20150322::1.2
P,urn:nasa:pds:maven.mag.calibrated:data.pc:mvn_mag_l2_2015082pc1s_20150323::1.2
P,urn:nasa:pds:maven.mag.calibrated:data.pc:mvn_mag_l2_2015083pc1s_20150324::1.2
P,urn:nasa:pds:maven.mag.calibrated:data.pc:mvn_mag_l2_2015084pc1s_20150325::1.2
P,urn:nasa:pds:maven.mag.calibrated:data.pc:mvn_mag_l2_2015085pc1s_20150326::1.2
P,urn:nasa:pds:maven.mag.calibrated:data.pc:mvn_mag_l2_2015086pc1s_20150327::1.2
P,urn:nasa:pds:maven.mag.calibrated:data.pc:mvn_mag_l2_2015087pc1s_20150328::1.2
P,urn:nasa:pds:maven.mag.calibrated:data.pc:mvn_mag_l2_2015088pc1s_20150329::1.2
P,urn:nasa:pds:maven.mag.calibrated:data.pc:mvn_mag_l2_2015089pc1s_20150330::1.2
P,urn:nasa:pds:maven.mag.calibrated:data.pc:mvn_mag_l2_2015090pc1s_20150331::1.2
P,urn:nasa:pds:maven.mag.calibrated:data.pc:mvn_mag_l2_2015091pc1s_20150401::1.2
P,urn:nasa:pds:maven.mag.calibrated:data.pc:mvn_mag_l2_2015092pc1s_20150402::1.2
P,urn:nasa:pds:maven.mag.calibrated:data.pc:mvn_mag_l2_2015093pc1s_20150403::1.2
P,urn:nasa:pds:maven.mag.calibrated:data.pc:mvn_mag_l2_2015104pc1s_20150414::1.2
P,urn:nasa:pds:maven.mag.calibrated:data.pc:mvn_mag_l2_2015105pc1s_20150415::1.2
P,urn:nasa:pds:maven.mag.calibrated:data.pc:mvn_mag_l2_2015106pc1s_20150416::1.2
P,urn:nasa:pds:maven.mag.calibrated:data.pc:mvn_mag_l2_2015107pc1s_20150417::1.2
P,urn:nasa:pds:maven.mag.calibrated:data.pc:mvn_mag_l2_2015108pc1s_20150418::1.2
P,urn:nasa:pds:maven.mag.calibrated:data.pc:mvn_mag_l2_2015109pc1s_20150419::1.2
P,urn:nasa:pds:maven.mag.calibrated:data.pc:mvn_mag_l2_2015110pc1s_20150420::1.2
P,urn:nasa:pds:maven.mag.calibrated:data.pc:mvn_mag_l2_2015111pc1s_20150421::1.2
P,urn:nasa:pds:maven.mag.calibrated:data.pc:mvn_mag_l2_2015112pc1s_20150422::1.2
P,urn:nasa:pds:maven.mag.calibrated:data.pc:mvn_mag_l2_2015113pc1s_20150423::1.2
P,urn:nasa:pds:maven.mag.calibrated:data.pc:mvn_mag_l2_2015114pc1s_20150424::1.2
P,urn:nasa:pds:maven.mag.calibrated:data.pc:mvn_mag_l2_2015115pc1s_20150425::1.2
P,urn:nasa:pds:maven.mag.calibrated:data.pc:mvn_mag_l2_2015116pc1s_20150426::1.2
P,urn:nasa:pds:maven.mag.calibrated:data.pc:mvn_mag_l2_2015117pc1s_20150427::1.2
P,urn:nasa:pds:maven.mag.calibrated:data.pc:mvn_mag_l2_2015118pc1s_20150428::1.2
P,urn:nasa:pds:maven.mag.calibrated:data.pc:mvn_mag_l2_2015119pc1s_20150429::1.2
P,urn:nasa:pds:maven.mag.calibrated:data.pc:mvn_mag_l2_2015120pc1s_20150430::1.2
P,urn:nasa:pds:maven.mag.calibrated:data.pc:mvn_mag_l2_2015121pc1s_20150501::1.2
P,urn:nasa:pds:maven.mag.calibrated:data.pc:mvn_mag_l2_2015122pc1s_20150502::1.2
P,urn:nasa:pds:maven.mag.calibrated:data.pc:mvn_mag_l2_2015123pc1s_20150503::1.2
P,urn:nasa:pds:maven.mag.calibrated:data.pc:mvn_mag_l2_2015124pc1s_20150504::1.2
P,urn:nasa:pds:maven.mag.calibrated:data.pc:mvn_mag_l2_2015125pc1s_20150505::1.2
P,urn:nasa:pds:maven.mag.calibrated:data.pc:mvn_mag_l2_2015126pc1s_20150506::1.2
P,urn:nasa:pds:maven.mag.calibrated:data.pc:mvn_mag_l2_2015127pc1s_20150507::1.2
P,urn:nasa:pds:maven.mag.calibrated:data.pc:mvn_mag_l2_2015128pc1s_20150508::1.2
P,urn:nasa:pds:maven.mag.calibrated:data.pc:mvn_mag_l2_2015129pc1s_20150509::1.2
P,urn:nasa:pds:maven.mag.calibrated:data.pc:mvn_mag_l2_2015130pc1s_20150510::1.2
P,urn:nasa:pds:maven.mag.calibrated:data.pc:mvn_mag_l2_2015131pc1s_20150511::1.2
P,urn:nasa:pds:maven.mag.calibrated:data.pc:mvn_mag_l2_2015132pc1s_20150512::1.2
P,urn:nasa:pds:maven.mag.calibrated:data.pc:mvn_mag_l2_2015133pc1s_20150513::1.2
P,urn:nasa:pds:maven.mag.calibrated:data.pc:mvn_mag_l2_2015134pc1s_20150514::1.2
P,urn:nasa:pds:maven.mag.calibrated:data.pc:mvn_mag_l2_2015135pc1s_20150515::1.2
P,urn:nasa:pds:maven.mag.calibrated:data.pc:mvn_mag_l2_2015136pc1s_20150516::1.2
P,urn:nasa:pds:maven.mag.calibrated:data.pc:mvn_mag_l2_2015137pc1s_20150517::1.2
P,urn:nasa:pds:maven.mag.calibrated:data.pc:mvn_mag_l2_2015138pc1s_20150518::1.2
P,urn:nasa:pds:maven.mag.calibrated:data.pc:mvn_mag_l2_2015139pc1s_20150519::1.2
P,urn:nasa:pds:maven.mag.calibrated:data.pc:mvn_mag_l2_2015140pc1s_20150520::1.2
P,urn:nasa:pds:maven.mag.calibrated:data.pc:mvn_mag_l2_2015141pc1s_20150521::1.2
P,urn:nasa:pds:maven.mag.calibrated:data.pc:mvn_mag_l2_2015142pc1s_20150522::1.2
P,urn:nasa:pds:maven.mag.calibrated:data.pc:mvn_mag_l2_2015143pc1s_20150523::1.2
P,urn:nasa:pds:maven.mag.calibrated:data.pc:mvn_mag_l2_2015144pc1s_20150524::1.2
P,urn:nasa:pds:maven.mag.calibrated:data.pc:mvn_mag_l2_2015145pc1s_20150525::1.2
P,urn:nasa:pds:maven.mag.calibrated:data.pc:mvn_mag_l2_2015146pc1s_20150526::1.2
P,urn:nasa:pds:maven.mag.calibrated:data.pc:mvn_mag_l2_2015147pc1s_20150527::1.2
P,urn:nasa:pds:maven.mag.calibrated:data.pc:mvn_mag_l2_2015148pc1s_20150528::1.2
P,urn:nasa:pds:maven.mag.calibrated:data.pc:mvn_mag_l2_2015149pc1s_20150529::1.2
P,urn:nasa:pds:maven.mag.calibrated:data.pc:mvn_mag_l2_2015150pc1s_20150530::1.2
P,urn:nasa:pds:maven.mag.calibrated:data.pc:mvn_mag_l2_2015151pc1s_20150531::1.2
P,urn:nasa:pds:maven.mag.calibrated:data.pc:mvn_mag_l2_2015152pc1s_20150601::1.2
P,urn:nasa:pds:maven.mag.calibrated:data.pc:mvn_mag_l2_2015153pc1s_20150602::1.2
P,urn:nasa:pds:maven.mag.calibrated:data.pc:mvn_mag_l2_2015154pc1s_20150603::1.2
P,urn:nasa:pds:maven.mag.calibrated:data.pc:mvn_mag_l2_2015155pc1s_20150604::1.2
P,urn:nasa:pds:maven.mag.calibrated:data.pc:mvn_mag_l2_2015156pc1s_20150605::1.2
P,urn:nasa:pds:maven.mag.calibrated:data.pc:mvn_mag_l2_2015157pc1s_20150606::1.2
P,urn:nasa:pds:maven.mag.calibrated:data.pc:mvn_mag_l2_2015158pc1s_20150607::1.2
P,urn:nasa:pds:maven.mag.calibrated:data.pc:mvn_mag_l2_2015159pc1s_20150608::1.2
P,urn:nasa:pds:maven.mag.calibrated:data.pc:mvn_mag_l2_2015160pc1s_20150609::1.2
P,urn:nasa:pds:maven.mag.calibrated:data.pc:mvn_mag_l2_2015161pc1s_20150610::1.2
P,urn:nasa:pds:maven.mag.calibrated:data.pc:mvn_mag_l2_2015162pc1s_20150611::1.2
P,urn:nasa:pds:maven.mag.calibrated:data.pc:mvn_mag_l2_2015163pc1s_20150612::1.2
P,urn:nasa:pds:maven.mag.calibrated:data.pc:mvn_mag_l2_2015164pc1s_20150613::1.2
P,urn:nasa:pds:maven.mag.calibrated:data.pc:mvn_mag_l2_2015165pc1s_20150614::1.2
P,urn:nasa:pds:maven.mag.calibrated:data.pc:mvn_mag_l2_2015166pc1s_20150615::1.2
P,urn:nasa:pds:maven.mag.calibrated:data.pc:mvn_mag_l2_2015167pc1s_20150616::1.2
P,urn:nasa:pds:maven.mag.calibrated:data.pc:mvn_mag_l2_2015168pc1s_20150617::1.2
P,urn:nasa:pds:maven.mag.calibrated:data.pc:mvn_mag_l2_2015169pc1s_20150618::1.2
P,urn:nasa:pds:maven.mag.calibrated:data.pc:mvn_mag_l2_2015170pc1s_20150619::1.2
P,urn:nasa:pds:maven.mag.calibrated:data.pc:mvn_mag_l2_2015171pc1s_20150620::1.2
P,urn:nasa:pds:maven.mag.calibrated:data.pc:mvn_mag_l2_2015172pc1s_20150621::1.2
P,urn:nasa:pds:maven.mag.calibrated:data.pc:mvn_mag_l2_2015173pc1s_20150622::1.2
P,urn:nasa:pds:maven.mag.calibrated:data.pc:mvn_mag_l2_2015174pc1s_20150623::1.2
P,urn:nasa:pds:maven.mag.calibrated:data.pc:mvn_mag_l2_2015175pc1s_20150624::1.2
P,urn:nasa:pds:maven.mag.calibrated:data.pc:mvn_mag_l2_2015176pc1s_20150625::1.2
P,urn:nasa:pds:maven.mag.calibrated:data.pc:mvn_mag_l2_2015177pc1s_20150626::1.2
P,urn:nasa:pds:maven.mag.calibrated:data.pc:mvn_mag_l2_2015178pc1s_20150627::1.2
P,urn:nasa:pds:maven.mag.calibrated:data.pc:mvn_mag_l2_2015179pc1s_20150628::1.2
P,urn:nasa:pds:maven.mag.calibrated:data.pc:mvn_mag_l2_2015180pc1s_20150629::1.2
P,urn:nasa:pds:maven.mag.calibrated:data.pc:mvn_mag_l2_2015182pc1s_20150701::1.2
P,urn:nasa:pds:maven.mag.calibrated:data.pc:mvn_mag_l2_2015183pc1s_20150702::1.2
P,urn:nasa:pds:maven.mag.calibrated:data.pc:mvn_mag_l2_2015184pc1s_20150703::1.2
P,urn:nasa:pds:maven.mag.calibrated:data.pc:mvn_mag_l2_2015185pc1s_20150704::1.2
P,urn:nasa:pds:maven.mag.calibrated:data.pc:mvn_mag_l2_2015186pc1s_20150705::1.2
P,urn:nasa:pds:maven.mag.calibrated:data.pc:mvn_mag_l2_2015187pc1s_20150706::1.2
P,urn:nasa:pds:maven.mag.calibrated:data.pc:mvn_mag_l2_2015188pc1s_20150707::1.2
P,urn:nasa:pds:maven.mag.calibrated:data.pc:mvn_mag_l2_2015189pc1s_20150708::1.2
P,urn:nasa:pds:maven.mag.calibrated:data.pc:mvn_mag_l2_2015190pc1s_20150709::1.2
P,urn:nasa:pds:maven.mag.calibrated:data.pc:mvn_mag_l2_2015191pc1s_20150710::1.2
P,urn:nasa:pds:maven.mag.calibrated:data.pc:mvn_mag_l2_2015192pc1s_20150711::1.2
P,urn:nasa:pds:maven.mag.calibrated:data.pc:mvn_mag_l2_2015193pc1s_20150712::1.2
P,urn:nasa:pds:maven.mag.calibrated:data.pc:mvn_mag_l2_2015194pc1s_20150713::1.2
P,urn:nasa:pds:maven.mag.calibrated:data.pc:mvn_mag_l2_2015195pc1s_20150714::1.2
P,urn:nasa:pds:maven.mag.calibrated:data.pc:mvn_mag_l2_2015196pc1s_20150715::1.2
P,urn:nasa:pds:maven.mag.calibrated:data.pc:mvn_mag_l2_2015197pc1s_20150716::1.2
P,urn:nasa:pds:maven.mag.calibrated:data.pc:mvn_mag_l2_2015198pc1s_20150717::1.2
P,urn:nasa:pds:maven.mag.calibrated:data.pc:mvn_mag_l2_2015199pc1s_20150718::1.2
P,urn:nasa:pds:maven.mag.calibrated:data.pc:mvn_mag_l2_2015200pc1s_20150719::1.2
P,urn:nasa:pds:maven.mag.calibrated:data.pc:mvn_mag_l2_2015201pc1s_20150720::1.2
P,urn:nasa:pds:maven.mag.calibrated:data.pc:mvn_mag_l2_2015202pc1s_20150721::1.2
P,urn:nasa:pds:maven.mag.calibrated:data.pc:mvn_mag_l2_2015203pc1s_20150722::1.2
P,urn:nasa:pds:maven.mag.calibrated:data.pc:mvn_mag_l2_2015204pc1s_20150723::1.2
P,urn:nasa:pds:maven.mag.calibrated:data.pc:mvn_mag_l2_2015205pc1s_20150724::1.2
P,urn:nasa:pds:maven.mag.calibrated:data.pc:mvn_mag_l2_2015206pc1s_20150725::1.2
P,urn:nasa:pds:maven.mag.calibrated:data.pc:mvn_mag_l2_2015207pc1s_20150726::1.2
P,urn:nasa:pds:maven.mag.calibrated:data.pc:mvn_mag_l2_2015208pc1s_20150727::1.2
P,urn:nasa:pds:maven.mag.calibrated:data.pc:mvn_mag_l2_2015209pc1s_20150728::1.2
P,urn:nasa:pds:maven.mag.calibrated:data.pc:mvn_mag_l2_2015210pc1s_20150729::1.2
P,urn:nasa:pds:maven.mag.calibrated:data.pc:mvn_mag_l2_2015211pc1s_20150730::1.2
P,urn:nasa:pds:maven.mag.calibrated:data.pc:mvn_mag_l2_2015212pc1s_20150731::1.2
P,urn:nasa:pds:maven.mag.calibrated:data.pc:mvn_mag_l2_2015213pc1s_20150801::1.2
P,urn:nasa:pds:maven.mag.calibrated:data.pc:mvn_mag_l2_2015214pc1s_20150802::1.2
P,urn:nasa:pds:maven.mag.calibrated:data.pc:mvn_mag_l2_2015215pc1s_20150803::1.2
P,urn:nasa:pds:maven.mag.calibrated:data.pc:mvn_mag_l2_2015216pc1s_20150804::1.2
P,urn:nasa:pds:maven.mag.calibrated:data.pc:mvn_mag_l2_2015217pc1s_20150805::1.2
P,urn:nasa:pds:maven.mag.calibrated:data.pc:mvn_mag_l2_2015218pc1s_20150806::1.2
P,urn:nasa:pds:maven.mag.calibrated:data.pc:mvn_mag_l2_2015219pc1s_20150807::1.2
P,urn:nasa:pds:maven.mag.calibrated:data.pc:mvn_mag_l2_2015220pc1s_20150808::1.2
P,urn:nasa:pds:maven.mag.calibrated:data.pc:mvn_mag_l2_2015221pc1s_20150809::1.2
P,urn:nasa:pds:maven.mag.calibrated:data.pc:mvn_mag_l2_2015222pc1s_20150810::1.2
P,urn:nasa:pds:maven.mag.calibrated:data.pc:mvn_mag_l2_2015223pc1s_20150811::1.2
P,urn:nasa:pds:maven.mag.calibrated:data.pc:mvn_mag_l2_2015224pc1s_20150812::1.2
P,urn:nasa:pds:maven.mag.calibrated:data.pc:mvn_mag_l2_2015225pc1s_20150813::1.2
P,urn:nasa:pds:maven.mag.calibrated:data.pc:mvn_mag_l2_2015226pc1s_20150814::1.2
P,urn:nasa:pds:maven.mag.calibrated:data.pc:mvn_mag_l2_2015227pc1s_20150815::1.2
P,urn:nasa:pds:maven.mag.calibrated:data.pc:mvn_mag_l2_2015228pc1s_20150816::1.2
P,urn:nasa:pds:maven.mag.calibrated:data.pc:mvn_mag_l2_2015229pc1s_20150817::1.2
P,urn:nasa:pds:maven.mag.calibrated:data.pc:mvn_mag_l2_2015230pc1s_20150818::1.2
P,urn:nasa:pds:maven.mag.calibrated:data.pc:mvn_mag_l2_2015231pc1s_20150819::1.2
P,urn:nasa:pds:maven.mag.calibrated:data.pc:mvn_mag_l2_2015232pc1s_20150820::1.2
P,urn:nasa:pds:maven.mag.calibrated:data.pc:mvn_mag_l2_2015233pc1s_20150821::1.2
P,urn:nasa:pds:maven.mag.calibrated:data.pc:mvn_mag_l2_2015234pc1s_20150822::1.2
P,urn:nasa:pds:maven.mag.calibrated:data.pc:mvn_mag_l2_2015235pc1s_20150823::1.2
P,urn:nasa:pds:maven.mag.calibrated:data.pc:mvn_mag_l2_2015236pc1s_20150824::1.2
P,urn:nasa:pds:maven.mag.calibrated:data.pc:mvn_mag_l2_2015237pc1s_20150825::1.2
P,urn:nasa:pds:maven.mag.calibrated:data.pc:mvn_mag_l2_2015238pc1s_20150826::1.2
P,urn:nasa:pds:maven.mag.calibrated:data.pc:mvn_mag_l2_2015239pc1s_20150827::1.2
P,urn:nasa:pds:maven.mag.calibrated:data.pc:mvn_mag_l2_2015240pc1s_20150828::1.2
P,urn:nasa:pds:maven.mag.calibrated:data.pc:mvn_mag_l2_2015241pc1s_20150829::1.2
P,urn:nasa:pds:maven.mag.calibrated:data.pc:mvn_mag_l2_2015242pc1s_20150830::1.2
P,urn:nasa:pds:maven.mag.calibrated:data.pc:mvn_mag_l2_2015243pc1s_20150831::1.2
P,urn:nasa:pds:maven.mag.calibrated:data.pc:mvn_mag_l2_2015244pc1s_20150901::1.2
P,urn:nasa:pds:maven.mag.calibrated:data.pc:mvn_mag_l2_2015245pc1s_20150902::1.2
P,urn:nasa:pds:maven.mag.calibrated:data.pc:mvn_mag_l2_2015246pc1s_20150903::1.2
P,urn:nasa:pds:maven.mag.calibrated:data.pc:mvn_mag_l2_2015247pc1s_20150904::1.2
P,urn:nasa:pds:maven.mag.calibrated:data.pc:mvn_mag_l2_2015248pc1s_20150905::1.2
P,urn:nasa:pds:maven.mag.calibrated:data.pc:mvn_mag_l2_2015249pc1s_20150906::1.2
P,urn:nasa:pds:maven.mag.calibrated:data.pc:mvn_mag_l2_2015250pc1s_20150907::1.2
P,urn:nasa:pds:maven.mag.calibrated:data.pc:mvn_mag_l2_2015251pc1s_20150908::1.2
P,urn:nasa:pds:maven.mag.calibrated:data.pc:mvn_mag_l2_2015252pc1s_20150909::1.2
P,urn:nasa:pds:maven.mag.calibrated:data.pc:mvn_mag_l2_2015253pc1s_20150910::1.2
P,urn:nasa:pds:maven.mag.calibrated:data.pc:mvn_mag_l2_2015254pc1s_20150911::1.2
P,urn:nasa:pds:maven.mag.calibrated:data.pc:mvn_mag_l2_2015255pc1s_20150912::1.2
P,urn:nasa:pds:maven.mag.calibrated:data.pc:mvn_mag_l2_2015256pc1s_20150913::1.2
P,urn:nasa:pds:maven.mag.calibrated:data.pc:mvn_mag_l2_2015257pc1s_20150914::1.2
P,urn:nasa:pds:maven.mag.calibrated:data.pc:mvn_mag_l2_2015258pc1s_20150915::1.2
P,urn:nasa:pds:maven.mag.calibrated:data.pc:mvn_mag_l2_2015259pc1s_20150916::1.2
P,urn:nasa:pds:maven.mag.calibrated:data.pc:mvn_mag_l2_2015260pc1s_20150917::1.2
P,urn:nasa:pds:maven.mag.calibrated:data.pc:mvn_mag_l2_2015261pc1s_20150918::1.2
P,urn:nasa:pds:maven.mag.calibrated:data.pc:mvn_mag_l2_2015262pc1s_20150919::1.2
P,urn:nasa:pds:maven.mag.calibrated:data.pc:mvn_mag_l2_2015263pc1s_20150920::1.2
P,urn:nasa:pds:maven.mag.calibrated:data.pc:mvn_mag_l2_2015264pc1s_20150921::1.2
P,urn:nasa:pds:maven.mag.calibrated:data.pc:mvn_mag_l2_2015265pc1s_20150922::1.2
P,urn:nasa:pds:maven.mag.calibrated:data.pc:mvn_mag_l2_2015266pc1s_20150923::1.2
P,urn:nasa:pds:maven.mag.calibrated:data.pc:mvn_mag_l2_2015267pc1s_20150924::1.2
P,urn:nasa:pds:maven.mag.calibrated:data.pc:mvn_mag_l2_2015268pc1s_20150925::1.2
P,urn:nasa:pds:maven.mag.calibrated:data.pc:mvn_mag_l2_2015269pc1s_20150926::1.2
P,urn:nasa:pds:maven.mag.calibrated:data.pc:mvn_mag_l2_2015270pc1s_20150927::1.2
P,urn:nasa:pds:maven.mag.calibrated:data.pc:mvn_mag_l2_2015271pc1s_20150928::1.2
P,urn:nasa:pds:maven.mag.calibrated:data.pc:mvn_mag_l2_2015272pc1s_20150929::1.2
P,urn:nasa:pds:maven.mag.calibrated:data.pc:mvn_mag_l2_2015273pc1s_20150930::1.2
P,urn:nasa:pds:maven.mag.calibrated:data.pc:mvn_mag_l2_2015274pc1s_20151001::1.2
P,urn:nasa:pds:maven.mag.calibrated:data.pc:mvn_mag_l2_2015275pc1s_20151002::1.2
P,urn:nasa:pds:maven.mag.calibrated:data.pc:mvn_mag_l2_2015276pc1s_20151003::1.2
P,urn:nasa:pds:maven.mag.calibrated:data.pc:mvn_mag_l2_2015277pc1s_20151004::1.2
P,urn:nasa:pds:maven.mag.calibrated:data.pc:mvn_mag_l2_2015278pc1s_20151005::1.2
P,urn:nasa:pds:maven.mag.calibrated:data.pc:mvn_mag_l2_2015279pc1s_20151006::1.2
P,urn:nasa:pds:maven.mag.calibrated:data.pc:mvn_mag_l2_2015280pc1s_20151007::1.2
P,urn:nasa:pds:maven.mag.calibrated:data.pc:mvn_mag_l2_2015281pc1s_20151008::1.2
P,urn:nasa:pds:maven.mag.calibrated:data.pc:mvn_mag_l2_2015282pc1s_20151009::1.2
P,urn:nasa:pds:maven.mag.calibrated:data.pc:mvn_mag_l2_2015283pc1s_20151010::1.2
P,urn:nasa:pds:maven.mag.calibrated:data.pc:mvn_mag_l2_2015284pc1s_20151011::1.2
P,urn:nasa:pds:maven.mag.calibrated:data.pc:mvn_mag_l2_2015285pc1s_20151012::1.2
P,urn:nasa:pds:maven.mag.calibrated:data.pc:mvn_mag_l2_2015286pc1s_20151013::1.2
P,urn:nasa:pds:maven.mag.calibrated:data.pc:mvn_mag_l2_2015287pc1s_20151014::1.2
P,urn:nasa:pds:maven.mag.calibrated:data.pc:mvn_mag_l2_2015288pc1s_20151015::1.2
P,urn:nasa:pds:maven.mag.calibrated:data.pc:mvn_mag_l2_2015289pc1s_20151016::1.2
P,urn:nasa:pds:maven.mag.calibrated:data.pc:mvn_mag_l2_2015290pc1s_20151017::1.2
P,urn:nasa:pds:maven.mag.calibrated:data.pc:mvn_mag_l2_2015291pc1s_20151018::1.2
P,urn:nasa:pds:maven.mag.calibrated:data.pc:mvn_mag_l2_2015292pc1s_20151019::1.2
P,urn:nasa:pds:maven.mag.calibrated:data.pc:mvn_mag_l2_2015293pc1s_20151020::1.2
P,urn:nasa:pds:maven.mag.calibrated:data.pc:mvn_mag_l2_2015294pc1s_20151021::1.2
P,urn:nasa:pds:maven.mag.calibrated:data.pc:mvn_mag_l2_2015295pc1s_20151022::1.2
P,urn:nasa:pds:maven.mag.calibrated:data.pc:mvn_mag_l2_2015296pc1s_20151023::1.2
P,urn:nasa:pds:maven.mag.calibrated:data.pc:mvn_mag_l2_2015297pc1s_20151024::1.2
P,urn:nasa:pds:maven.mag.calibrated:data.pc:mvn_mag_l2_2015298pc1s_20151025::1.2
P,urn:nasa:pds:maven.mag.calibrated:data.pc:mvn_mag_l2_2015299pc1s_20151026::1.2
P,urn:nasa:pds:maven.mag.calibrated:data.pc:mvn_mag_l2_2015300pc1s_20151027::1.2
P,urn:nasa:pds:maven.mag.calibrated:data.pc:mvn_mag_l2_2015301pc1s_20151028::1.2
P,urn:nasa:pds:maven.mag.calibrated:data.pc:mvn_mag_l2_2015302pc1s_20151029::1.2
P,urn:nasa:pds:maven.mag.calibrated:data.pc:mvn_mag_l2_2015303pc1s_20151030::1.2
P,urn:nasa:pds:maven.mag.calibrated:data.pc:mvn_mag_l2_2015304pc1s_20151031::1.2
P,urn:nasa:pds:maven.mag.calibrated:data.pc:mvn_mag_l2_2015305pc1s_20151101::1.2
P,urn:nasa:pds:maven.mag.calibrated:data.pc:mvn_mag_l2_2015306pc1s_20151102::1.2
P,urn:nasa:pds:maven.mag.calibrated:data.pc:mvn_mag_l2_2015307pc1s_20151103::1.2
P,urn:nasa:pds:maven.mag.calibrated:data.pc:mvn_mag_l2_2015308pc1s_20151104::1.2
P,urn:nasa:pds:maven.mag.calibrated:data.pc:mvn_mag_l2_2015309pc1s_20151105::1.2
P,urn:nasa:pds:maven.mag.calibrated:data.pc:mvn_mag_l2_2015310pc1s_20151106::1.2
P,urn:nasa:pds:maven.mag.calibrated:data.pc:mvn_mag_l2_2015311pc1s_20151107::1.2
P,urn:nasa:pds:maven.mag.calibrated:data.pc:mvn_mag_l2_2015312pc1s_20151108::1.2
P,urn:nasa:pds:maven.mag.calibrated:data.pc:mvn_mag_l2_2015313pc1s_20151109::1.2
P,urn:nasa:pds:maven.mag.calibrated:data.pc:mvn_mag_l2_2015314pc1s_20151110::1.2
P,urn:nasa:pds:maven.mag.calibrated:data.pc:mvn_mag_l2_2015315pc1s_20151111::1.2
P,urn:nasa:pds:maven.mag.calibrated:data.pc:mvn_mag_l2_2015316pc1s_20151112::1.2
P,urn:nasa:pds:maven.mag.calibrated:data.pc:mvn_mag_l2_2015317pc1s_20151113::1.2
P,urn:nasa:pds:maven.mag.calibrated:data.pc:mvn_mag_l2_2015318pc1s_20151114::1.2
P,urn:nasa:pds:maven.mag.calibrated:data.pc:mvn_mag_l2_2015319pc1s_20151115::1.2
P,urn:nasa:pds:maven.mag.calibrated:data.pc:mvn_mag_l2_2015320pc1s_20151116::1.2
P,urn:nasa:pds:maven.mag.calibrated:data.pc:mvn_mag_l2_2015321pc1s_20151117::1.2
P,urn:nasa:pds:maven.mag.calibrated:data.pc:mvn_mag_l2_2015322pc1s_20151118::1.2
P,urn:nasa:pds:maven.mag.calibrated:data.pc:mvn_mag_l2_2015323pc1s_20151119::1.2
P,urn:nasa:pds:maven.mag.calibrated:data.pc:mvn_mag_l2_2015324pc1s_20151120::1.2
P,urn:nasa:pds:maven.mag.calibrated:data.pc:mvn_mag_l2_2015325pc1s_20151121::1.2
P,urn:nasa:pds:maven.mag.calibrated:data.pc:mvn_mag_l2_2015326pc1s_20151122::1.2
P,urn:nasa:pds:maven.mag.calibrated:data.pc:mvn_mag_l2_2015327pc1s_20151123::1.2
P,urn:nasa:pds:maven.mag.calibrated:data.pc:mvn_mag_l2_2015328pc1s_20151124::1.2
P,urn:nasa:pds:maven.mag.calibrated:data.pc:mvn_mag_l2_2015329pc1s_20151125::1.2
P,urn:nasa:pds:maven.mag.calibrated:data.pc:mvn_mag_l2_2015330pc1s_20151126::1.2
P,urn:nasa:pds:maven.mag.calibrated:data.pc:mvn_mag_l2_2015331pc1s_20151127::1.2
P,urn:nasa:pds:maven.mag.calibrated:data.pc:mvn_mag_l2_2015332pc1s_20151128::1.2
P,urn:nasa:pds:maven.mag.calibrated:data.pc:mvn_mag_l2_2015333pc1s_20151129::1.2
P,urn:nasa:pds:maven.mag.calibrated:data.pc:mvn_mag_l2_2015334pc1s_20151130::1.2
P,urn:nasa:pds:maven.mag.calibrated:data.pc:mvn_mag_l2_2015335pc1s_20151201::1.2
P,urn:nasa:pds:maven.mag.calibrated:data.pc:mvn_mag_l2_2015336pc1s_20151202::1.2
P,urn:nasa:pds:maven.mag.calibrated:data.pc:mvn_mag_l2_2015337pc1s_20151203::1.2
P,urn:nasa:pds:maven.mag.calibrated:data.pc:mvn_mag_l2_2015338pc1s_20151204::1.2
P,urn:nasa:pds:maven.mag.calibrated:data.pc:mvn_mag_l2_2015339pc1s_20151205::1.2
P,urn:nasa:pds:maven.mag.calibrated:data.pc:mvn_mag_l2_2015340pc1s_20151206::1.2
P,urn:nasa:pds:maven.mag.calibrated:data.pc:mvn_mag_l2_2015341pc1s_20151207::1.2
P,urn:nasa:pds:maven.mag.calibrated:data.pc:mvn_mag_l2_2015342pc1s_20151208::1.2
P,urn:nasa:pds:maven.mag.calibrated:data.pc:mvn_mag_l2_2015343pc1s_20151209::1.2
P,urn:nasa:pds:maven.mag.calibrated:data.pc:mvn_mag_l2_2015344pc1s_20151210::1.2
P,urn:nasa:pds:maven.mag.calibrated:data.pc:mvn_mag_l2_2015345pc1s_20151211::1.2
P,urn:nasa:pds:maven.mag.calibrated:data.pc:mvn_mag_l2_2015346pc1s_20151212::1.2
P,urn:nasa:pds:maven.mag.calibrated:data.pc:mvn_mag_l2_2015347pc1s_20151213::1.2
P,urn:nasa:pds:maven.mag.calibrated:data.pc:mvn_mag_l2_2015348pc1s_20151214::1.2
P,urn:nasa:pds:maven.mag.calibrated:data.pc:mvn_mag_l2_2015349pc1s_20151215::1.2
P,urn:nasa:pds:maven.mag.calibrated:data.pc:mvn_mag_l2_2015350pc1s_20151216::1.2
P,urn:nasa:pds:maven.mag.calibrated:data.pc:mvn_mag_l2_2015351pc1s_20151217::1.2
P,urn:nasa:pds:maven.mag.calibrated:data.pc:mvn_mag_l2_2015352pc1s_20151218::1.2
P,urn:nasa:pds:maven.mag.calibrated:data.pc:mvn_mag_l2_2015353pc1s_20151219::1.2
P,urn:nasa:pds:maven.mag.calibrated:data.pc:mvn_mag_l2_2015354pc1s_20151220::1.2
P,urn:nasa:pds:maven.mag.calibrated:data.pc:mvn_mag_l2_2015355pc1s_20151221::1.2
P,urn:nasa:pds:maven.mag.calibrated:data.pc:mvn_mag_l2_2015356pc1s_20151222::1.2
P,urn:nasa:pds:maven.mag.calibrated:data.pc:mvn_mag_l2_2015357pc1s_20151223::1.2
P,urn:nasa:pds:maven.mag.calibrated:data.pc:mvn_mag_l2_2015358pc1s_20151224::1.2
P,urn:nasa:pds:maven.mag.calibrated:data.pc:mvn_mag_l2_2015359pc1s_20151225::1.2
P,urn:nasa:pds:maven.mag.calibrated:data.pc:mvn_mag_l2_2015360pc1s_20151226::1.2
P,urn:nasa:pds:maven.mag.calibrated:data.pc:mvn_mag_l2_2015361pc1s_20151227::1.2
P,urn:nasa:pds:maven.mag.calibrated:data.pc:mvn_mag_l2_2015362pc1s_20151228::1.2
P,urn:nasa:pds:maven.mag.calibrated:data.pc:mvn_mag_l2_2015363pc1s_20151229::1.2
P,urn:nasa:pds:maven.mag.calibrated:data.pc:mvn_mag_l2_2015364pc1s_20151230::1.2
P,urn:nasa:pds:maven.mag.calibrated:data.pc:mvn_mag_l2_2015365pc1s_20151231::1.2
P,urn:nasa:pds:maven.mag.calibrated:data.pc:mvn_mag_l2_2016001pc1s_20160101::1.2
P,urn:nasa:pds:maven.mag.calibrated:data.pc:mvn_mag_l2_2016002pc1s_20160102::1.2
P,urn:nasa:pds:maven.mag.calibrated:data.pc:mvn_mag_l2_2016003pc1s_20160103::1.2
P,urn:nasa:pds:maven.mag.calibrated:data.pc:mvn_mag_l2_2016004pc1s_20160104::1.2
P,urn:nasa:pds:maven.mag.calibrated:data.pc:mvn_mag_l2_2016005pc1s_20160105::1.2
P,urn:nasa:pds:maven.mag.calibrated:data.pc:mvn_mag_l2_2016006pc1s_20160106::1.2
P,urn:nasa:pds:maven.mag.calibrated:data.pc:mvn_mag_l2_2016007pc1s_20160107::1.2
P,urn:nasa:pds:maven.mag.calibrated:data.pc:mvn_mag_l2_2016008pc1s_20160108::1.2
P,urn:nasa:pds:maven.mag.calibrated:data.pc:mvn_mag_l2_2016009pc1s_20160109::1.2
P,urn:nasa:pds:maven.mag.calibrated:data.pc:mvn_mag_l2_2016010pc1s_20160110::1.2
P,urn:nasa:pds:maven.mag.calibrated:data.pc:mvn_mag_l2_2016011pc1s_20160111::1.2
P,urn:nasa:pds:maven.mag.calibrated:data.pc:mvn_mag_l2_2016012pc1s_20160112::1.2
P,urn:nasa:pds:maven.mag.calibrated:data.pc:mvn_mag_l2_2016013pc1s_20160113::1.2
P,urn:nasa:pds:maven.mag.calibrated:data.pc:mvn_mag_l2_2016014pc1s_20160114::1.2
P,urn:nasa:pds:maven.mag.calibrated:data.pc:mvn_mag_l2_2016015pc1s_20160115::1.2
P,urn:nasa:pds:maven.mag.calibrated:data.pc:mvn_mag_l2_2016016pc1s_20160116::1.2
P,urn:nasa:pds:maven.mag.calibrated:data.pc:mvn_mag_l2_2016017pc1s_20160117::1.2
P,urn:nasa:pds:maven.mag.calibrated:data.pc:mvn_mag_l2_2016018pc1s_20160118::1.2
P,urn:nasa:pds:maven.mag.calibrated:data.pc:mvn_mag_l2_2016019pc1s_20160119::1.2
P,urn:nasa:pds:maven.mag.calibrated:data.pc:mvn_mag_l2_2016020pc1s_20160120::1.2
P,urn:nasa:pds:maven.mag.calibrated:data.pc:mvn_mag_l2_2016021pc1s_20160121::1.2
P,urn:nasa:pds:maven.mag.calibrated:data.pc:mvn_mag_l2_2016022pc1s_20160122::1.2
P,urn:nasa:pds:maven.mag.calibrated:data.pc:mvn_mag_l2_2016023pc1s_20160123::1.2
P,urn:nasa:pds:maven.mag.calibrated:data.pc:mvn_mag_l2_2016024pc1s_20160124::1.2
P,urn:nasa:pds:maven.mag.calibrated:data.pc:mvn_mag_l2_2016025pc1s_20160125::1.2
P,urn:nasa:pds:maven.mag.calibrated:data.pc:mvn_mag_l2_2016026pc1s_20160126::1.2
P,urn:nasa:pds:maven.mag.calibrated:data.pc:mvn_mag_l2_2016027pc1s_20160127::1.2
P,urn:nasa:pds:maven.mag.calibrated:data.pc:mvn_mag_l2_2016028pc1s_20160128::1.2
P,urn:nasa:pds:maven.mag.calibrated:data.pc:mvn_mag_l2_2016029pc1s_20160129::1.2
P,urn:nasa:pds:maven.mag.calibrated:data.pc:mvn_mag_l2_2016030pc1s_20160130::1.2
P,urn:nasa:pds:maven.mag.calibrated:data.pc:mvn_mag_l2_2016031pc1s_20160131::1.2
P,urn:nasa:pds:maven.mag.calibrated:data.pc:mvn_mag_l2_2016032pc1s_20160201::1.2
P,urn:nasa:pds:maven.mag.calibrated:data.pc:mvn_mag_l2_2016033pc1s_20160202::1.2
P,urn:nasa:pds:maven.mag.calibrated:data.pc:mvn_mag_l2_2016034pc1s_20160203::1.2
P,urn:nasa:pds:maven.mag.calibrated:data.pc:mvn_mag_l2_2016035pc1s_20160204::1.2
P,urn:nasa:pds:maven.mag.calibrated:data.pc:mvn_mag_l2_2016036pc1s_20160205::1.2
P,urn:nasa:pds:maven.mag.calibrated:data.pc:mvn_mag_l2_2016037pc1s_20160206::1.2
P,urn:nasa:pds:maven.mag.calibrated:data.pc:mvn_mag_l2_2016038pc1s_20160207::1.2
P,urn:nasa:pds:maven.mag.calibrated:data.pc:mvn_mag_l2_2016039pc1s_20160208::1.2
P,urn:nasa:pds:maven.mag.calibrated:data.pc:mvn_mag_l2_2016040pc1s_20160209::1.2
P,urn:nasa:pds:maven.mag.calibrated:data.pc:mvn_mag_l2_2016041pc1s_20160210::1.2
P,urn:nasa:pds:maven.mag.calibrated:data.pc:mvn_mag_l2_2016042pc1s_20160211::1.2
P,urn:nasa:pds:maven.mag.calibrated:data.pc:mvn_mag_l2_2016043pc1s_20160212::1.2
P,urn:nasa:pds:maven.mag.calibrated:data.pc:mvn_mag_l2_2016044pc1s_20160213::1.2
P,urn:nasa:pds:maven.mag.calibrated:data.pc:mvn_mag_l2_2016045pc1s_20160214::1.2
P,urn:nasa:pds:maven.mag.calibrated:data.pc:mvn_mag_l2_2016046pc1s_20160215::1.2
P,urn:nasa:pds:maven.mag.calibrated:data.pc:mvn_mag_l2_2016047pc1s_20160216::1.2
P,urn:nasa:pds:maven.mag.calibrated:data.pc:mvn_mag_l2_2016048pc1s_20160217::1.2
P,urn:nasa:pds:maven.mag.calibrated:data.pc:mvn_mag_l2_2016049pc1s_20160218::1.2
P,urn:nasa:pds:maven.mag.calibrated:data.pc:mvn_mag_l2_2016050pc1s_20160219::1.2
P,urn:nasa:pds:maven.mag.calibrated:data.pc:mvn_mag_l2_2016051pc1s_20160220::1.2
P,urn:nasa:pds:maven.mag.calibrated:data.pc:mvn_mag_l2_2016052pc1s_20160221::1.2
P,urn:nasa:pds:maven.mag.calibrated:data.pc:mvn_mag_l2_2016053pc1s_20160222::1.2
P,urn:nasa:pds:maven.mag.calibrated:data.pc:mvn_mag_l2_2016054pc1s_20160223::1.2
P,urn:nasa:pds:maven.mag.calibrated:data.pc:mvn_mag_l2_2016055pc1s_20160224::1.2
P,urn:nasa:pds:maven.mag.calibrated:data.pc:mvn_mag_l2_2016056pc1s_20160225::1.2
P,urn:nasa:pds:maven.mag.calibrated:data.pc:mvn_mag_l2_2016057pc1s_20160226::1.2
P,urn:nasa:pds:maven.mag.calibrated:data.pc:mvn_mag_l2_2016058pc1s_20160227::1.2
P,urn:nasa:pds:maven.mag.calibrated:data.pc:mvn_mag_l2_2016059pc1s_20160228::1.2
P,urn:nasa:pds:maven.mag.calibrated:data.pc:mvn_mag_l2_2016060pc1s_20160229::1.2
P,urn:nasa:pds:maven.mag.calibrated:data.pc:mvn_mag_l2_2016061pc1s_20160301::1.2
P,urn:nasa:pds:maven.mag.calibrated:data.pc:mvn_mag_l2_2016062pc1s_20160302::1.2
P,urn:nasa:pds:maven.mag.calibrated:data.pc:mvn_mag_l2_2016063pc1s_20160303::1.2
P,urn:nasa:pds:maven.mag.calibrated:data.pc:mvn_mag_l2_2016064pc1s_20160304::1.2
P,urn:nasa:pds:maven.mag.calibrated:data.pc:mvn_mag_l2_2016065pc1s_20160305::1.2
P,urn:nasa:pds:maven.mag.calibrated:data.pc:mvn_mag_l2_2016066pc1s_20160306::1.2
P,urn:nasa:pds:maven.mag.calibrated:data.pc:mvn_mag_l2_2016067pc1s_20160307::1.2
P,urn:nasa:pds:maven.mag.calibrated:data.pc:mvn_mag_l2_2016068pc1s_20160308::1.2
P,urn:nasa:pds:maven.mag.calibrated:data.pc:mvn_mag_l2_2016069pc1s_20160309::1.2
P,urn:nasa:pds:maven.mag.calibrated:data.pc:mvn_mag_l2_2016070pc1s_20160310::1.2
P,urn:nasa:pds:maven.mag.calibrated:data.pc:mvn_mag_l2_2016071pc1s_20160311::1.2
P,urn:nasa:pds:maven.mag.calibrated:data.pc:mvn_mag_l2_2016072pc1s_20160312::1.2
P,urn:nasa:pds:maven.mag.calibrated:data.pc:mvn_mag_l2_2016073pc1s_20160313::1.2
P,urn:nasa:pds:maven.mag.calibrated:data.pc:mvn_mag_l2_2016074pc1s_20160314::1.2
P,urn:nasa:pds:maven.mag.calibrated:data.pc:mvn_mag_l2_2016075pc1s_20160315::1.2
P,urn:nasa:pds:maven.mag.calibrated:data.pc:mvn_mag_l2_2016076pc1s_20160316::1.2
P,urn:nasa:pds:maven.mag.calibrated:data.pc:mvn_mag_l2_2016077pc1s_20160317::1.2
P,urn:nasa:pds:maven.mag.calibrated:data.pc:mvn_mag_l2_2016078pc1s_20160318::1.2
P,urn:nasa:pds:maven.mag.calibrated:data.pc:mvn_mag_l2_2016079pc1s_20160319::1.2
P,urn:nasa:pds:maven.mag.calibrated:data.pc:mvn_mag_l2_2016080pc1s_20160320::1.2
P,urn:nasa:pds:maven.mag.calibrated:data.pc:mvn_mag_l2_2016081pc1s_20160321::1.2
P,urn:nasa:pds:maven.mag.calibrated:data.pc:mvn_mag_l2_2016082pc1s_20160322::1.2
P,urn:nasa:pds:maven.mag.calibrated:data.pc:mvn_mag_l2_2016083pc1s_20160323::1.2
P,urn:nasa:pds:maven.mag.calibrated:data.pc:mvn_mag_l2_2016084pc1s_20160324::1.2
P,urn:nasa:pds:maven.mag.calibrated:data.pc:mvn_mag_l2_2016085pc1s_20160325::1.2
P,urn:nasa:pds:maven.mag.calibrated:data.pc:mvn_mag_l2_2016086pc1s_20160326::1.2
P,urn:nasa:pds:maven.mag.calibrated:data.pc:mvn_mag_l2_2016087pc1s_20160327::1.2
P,urn:nasa:pds:maven.mag.calibrated:data.pc:mvn_mag_l2_2016088pc1s_20160328::1.2
P,urn:nasa:pds:maven.mag.calibrated:data.pc:mvn_mag_l2_2016089pc1s_20160329::1.2
P,urn:nasa:pds:maven.mag.calibrated:data.pc:mvn_mag_l2_2016090pc1s_20160330::1.2
P,urn:nasa:pds:maven.mag.calibrated:data.pc:mvn_mag_l2_2016091pc1s_20160331::1.2
P,urn:nasa:pds:maven.mag.calibrated:data.pc:mvn_mag_l2_2016092pc1s_20160401::1.2
P,urn:nasa:pds:maven.mag.calibrated:data.pc:mvn_mag_l2_2016093pc1s_20160402::1.2
P,urn:nasa:pds:maven.mag.calibrated:data.pc:mvn_mag_l2_2016094pc1s_20160403::1.2
P,urn:nasa:pds:maven.mag.calibrated:data.pc:mvn_mag_l2_2016095pc1s_20160404::1.2
P,urn:nasa:pds:maven.mag.calibrated:data.pc:mvn_mag_l2_2016096pc1s_20160405::1.2
P,urn:nasa:pds:maven.mag.calibrated:data.pc:mvn_mag_l2_2016097pc1s_20160406::1.2
P,urn:nasa:pds:maven.mag.calibrated:data.pc:mvn_mag_l2_2016098pc1s_20160407::1.2
P,urn:nasa:pds:maven.mag.calibrated:data.pc:mvn_mag_l2_2016099pc1s_20160408::1.2
P,urn:nasa:pds:maven.mag.calibrated:data.pc:mvn_mag_l2_2016100pc1s_20160409::1.2
P,urn:nasa:pds:maven.mag.calibrated:data.pc:mvn_mag_l2_2016101pc1s_20160410::1.2
P,urn:nasa:pds:maven.mag.calibrated:data.pc:mvn_mag_l2_2016102pc1s_20160411::1.2
P,urn:nasa:pds:maven.mag.calibrated:data.pc:mvn_mag_l2_2016103pc1s_20160412::1.2
P,urn:nasa:pds:maven.mag.calibrated:data.pc:mvn_mag_l2_2016104pc1s_20160413::1.2
P,urn:nasa:pds:maven.mag.calibrated:data.pc:mvn_mag_l2_2016105pc1s_20160414::1.2
P,urn:nasa:pds:maven.mag.calibrated:data.pc:mvn_mag_l2_2016106pc1s_20160415::1.2
P,urn:nasa:pds:maven.mag.calibrated:data.pc:mvn_mag_l2_2016107pc1s_20160416::1.2
P,urn:nasa:pds:maven.mag.calibrated:data.pc:mvn_mag_l2_2016108pc1s_20160417::1.2
P,urn:nasa:pds:maven.mag.calibrated:data.pc:mvn_mag_l2_2016109pc1s_20160418::1.2
P,urn:nasa:pds:maven.mag.calibrated:data.pc:mvn_mag_l2_2016110pc1s_20160419::1.2
P,urn:nasa:pds:maven.mag.calibrated:data.pc:mvn_mag_l2_2016111pc1s_20160420::1.2
P,urn:nasa:pds:maven.mag.calibrated:data.pc:mvn_mag_l2_2016112pc1s_20160421::1.2
P,urn:nasa:pds:maven.mag.calibrated:data.pc:mvn_mag_l2_2016113pc1s_20160422::1.2
P,urn:nasa:pds:maven.mag.calibrated:data.pc:mvn_mag_l2_2016114pc1s_20160423::1.2
P,urn:nasa:pds:maven.mag.calibrated:data.pc:mvn_mag_l2_2016115pc1s_20160424::1.2
P,urn:nasa:pds:maven.mag.calibrated:data.pc:mvn_mag_l2_2016116pc1s_20160425::1.2
P,urn:nasa:pds:maven.mag.calibrated:data.pc:mvn_mag_l2_2016117pc1s_20160426::1.2
P,urn:nasa:pds:maven.mag.calibrated:data.pc:mvn_mag_l2_2016118pc1s_20160427::1.2
P,urn:nasa:pds:maven.mag.calibrated:data.pc:mvn_mag_l2_2016119pc1s_20160428::1.2
P,urn:nasa:pds:maven.mag.calibrated:data.pc:mvn_mag_l2_2016120pc1s_20160429::1.2
P,urn:nasa:pds:maven.mag.calibrated:data.pc:mvn_mag_l2_2016121pc1s_20160430::1.2
P,urn:nasa:pds:maven.mag.calibrated:data.pc:mvn_mag_l2_2016122pc1s_20160501::1.2
P,urn:nasa:pds:maven.mag.calibrated:data.pc:mvn_mag_l2_2016123pc1s_20160502::1.2
P,urn:nasa:pds:maven.mag.calibrated:data.pc:mvn_mag_l2_2016124pc1s_20160503::1.2
P,urn:nasa:pds:maven.mag.calibrated:data.pc:mvn_mag_l2_2016125pc1s_20160504::1.2
P,urn:nasa:pds:maven.mag.calibrated:data.pc:mvn_mag_l2_2016126pc1s_20160505::1.2
P,urn:nasa:pds:maven.mag.calibrated:data.pc:mvn_mag_l2_2016127pc1s_20160506::1.2
P,urn:nasa:pds:maven.mag.calibrated:data.pc:mvn_mag_l2_2016128pc1s_20160507::1.2
P,urn:nasa:pds:maven.mag.calibrated:data.pc:mvn_mag_l2_2016129pc1s_20160508::1.2
P,urn:nasa:pds:maven.mag.calibrated:data.pc:mvn_mag_l2_2016130pc1s_20160509::1.2
P,urn:nasa:pds:maven.mag.calibrated:data.pc:mvn_mag_l2_2016131pc1s_20160510::1.2
P,urn:nasa:pds:maven.mag.calibrated:data.pc:mvn_mag_l2_2016132pc1s_20160511::1.2
P,urn:nasa:pds:maven.mag.calibrated:data.pc:mvn_mag_l2_2016133pc1s_20160512::1.2
P,urn:nasa:pds:maven.mag.calibrated:data.pc:mvn_mag_l2_2016134pc1s_20160513::1.2
P,urn:nasa:pds:maven.mag.calibrated:data.pc:mvn_mag_l2_2016135pc1s_20160514::1.2
P,urn:nasa:pds:maven.mag.calibrated:data.pc:mvn_mag_l2_2016136pc1s_20160515::1.2
P,urn:nasa:pds:maven.mag.calibrated:data.pc:mvn_mag_l2_2016137pc1s_20160516::1.2
P,urn:nasa:pds:maven.mag.calibrated:data.pc:mvn_mag_l2_2016138pc1s_20160517::1.2
P,urn:nasa:pds:maven.mag.calibrated:data.pc:mvn_mag_l2_2016139pc1s_20160518::1.2
P,urn:nasa:pds:maven.mag.calibrated:data.pc:mvn_mag_l2_2016140pc1s_20160519::1.2
P,urn:nasa:pds:maven.mag.calibrated:data.pc:mvn_mag_l2_2016141pc1s_20160520::1.2
P,urn:nasa:pds:maven.mag.calibrated:data.pc:mvn_mag_l2_2016142pc1s_20160521::1.2
P,urn:nasa:pds:maven.mag.calibrated:data.pc:mvn_mag_l2_2016143pc1s_20160522::1.2
P,urn:nasa:pds:maven.mag.calibrated:data.pc:mvn_mag_l2_2016144pc1s_20160523::1.2
P,urn:nasa:pds:maven.mag.calibrated:data.pc:mvn_mag_l2_2016145pc1s_20160524::1.2
P,urn:nasa:pds:maven.mag.calibrated:data.pc:mvn_mag_l2_2016146pc1s_20160525::1.2
P,urn:nasa:pds:maven.mag.calibrated:data.pc:mvn_mag_l2_2016147pc1s_20160526::1.2
P,urn:nasa:pds:maven.mag.calibrated:data.pc:mvn_mag_l2_2016148pc1s_20160527::1.2
P,urn:nasa:pds:maven.mag.calibrated:data.pc:mvn_mag_l2_2016149pc1s_20160528::1.2
P,urn:nasa:pds:maven.mag.calibrated:data.pc:mvn_mag_l2_2016150pc1s_20160529::1.2
P,urn:nasa:pds:maven.mag.calibrated:data.pc:mvn_mag_l2_2016151pc1s_20160530::1.2
P,urn:nasa:pds:maven.mag.calibrated:data.pc:mvn_mag_l2_2016152pc1s_20160531::1.2
P,urn:nasa:pds:maven.mag.calibrated:data.pc:mvn_mag_l2_2016153pc1s_20160601::1.2
P,urn:nasa:pds:maven.mag.calibrated:data.pc:mvn_mag_l2_2016154pc1s_20160602::1.2
P,urn:nasa:pds:maven.mag.calibrated:data.pc:mvn_mag_l2_2016155pc1s_20160603::1.2
P,urn:nasa:pds:maven.mag.calibrated:data.pc:mvn_mag_l2_2016156pc1s_20160604::1.2
P,urn:nasa:pds:maven.mag.calibrated:data.pc:mvn_mag_l2_2016157pc1s_20160605::1.2
P,urn:nasa:pds:maven.mag.calibrated:data.pc:mvn_mag_l2_2016158pc1s_20160606::1.2
P,urn:nasa:pds:maven.mag.calibrated:data.pc:mvn_mag_l2_2016159pc1s_20160607::1.2
P,urn:nasa:pds:maven.mag.calibrated:data.pc:mvn_mag_l2_2016160pc1s_20160608::1.2
P,urn:nasa:pds:maven.mag.calibrated:data.pc:mvn_mag_l2_2016161pc1s_20160609::1.2
P,urn:nasa:pds:maven.mag.calibrated:data.pc:mvn_mag_l2_2016162pc1s_20160610::1.2
P,urn:nasa:pds:maven.mag.calibrated:data.pc:mvn_mag_l2_2016163pc1s_20160611::1.2
P,urn:nasa:pds:maven.mag.calibrated:data.pc:mvn_mag_l2_2016164pc1s_20160612::1.2
P,urn:nasa:pds:maven.mag.calibrated:data.pc:mvn_mag_l2_2016165pc1s_20160613::1.2
P,urn:nasa:pds:maven.mag.calibrated:data.pc:mvn_mag_l2_2016166pc1s_20160614::1.2
P,urn:nasa:pds:maven.mag.calibrated:data.pc:mvn_mag_l2_2016167pc1s_20160615::1.2
P,urn:nasa:pds:maven.mag.calibrated:data.pc:mvn_mag_l2_2016168pc1s_20160616::1.2
P,urn:nasa:pds:maven.mag.calibrated:data.pc:mvn_mag_l2_2016169pc1s_20160617::1.2
P,urn:nasa:pds:maven.mag.calibrated:data.pc:mvn_mag_l2_2016170pc1s_20160618::1.2
P,urn:nasa:pds:maven.mag.calibrated:data.pc:mvn_mag_l2_2016171pc1s_20160619::1.2
P,urn:nasa:pds:maven.mag.calibrated:data.pc:mvn_mag_l2_2016172pc1s_20160620::1.2
P,urn:nasa:pds:maven.mag.calibrated:data.pc:mvn_mag_l2_2016173pc1s_20160621::1.2
P,urn:nasa:pds:maven.mag.calibrated:data.pc:mvn_mag_l2_2016174pc1s_20160622::1.2
P,urn:nasa:pds:maven.mag.calibrated:data.pc:mvn_mag_l2_2016175pc1s_20160623::1.2
P,urn:nasa:pds:maven.mag.calibrated:data.pc:mvn_mag_l2_2016176pc1s_20160624::1.2
P,urn:nasa:pds:maven.mag.calibrated:data.pc:mvn_mag_l2_2016177pc1s_20160625::1.2
P,urn:nasa:pds:maven.mag.calibrated:data.pc:mvn_mag_l2_2016178pc1s_20160626::1.2
P,urn:nasa:pds:maven.mag.calibrated:data.pc:mvn_mag_l2_2016179pc1s_20160627::1.2
P,urn:nasa:pds:maven.mag.calibrated:data.pc:mvn_mag_l2_2016180pc1s_20160628::1.2
P,urn:nasa:pds:maven.mag.calibrated:data.pc:mvn_mag_l2_2016181pc1s_20160629::1.2
P,urn:nasa:pds:maven.mag.calibrated:data.pc:mvn_mag_l2_2016182pc1s_20160630::1.2
P,urn:nasa:pds:maven.mag.calibrated:data.pc:mvn_mag_l2_2016183pc1s_20160701::1.2
P,urn:nasa:pds:maven.mag.calibrated:data.pc:mvn_mag_l2_2016184pc1s_20160702::1.2
P,urn:nasa:pds:maven.mag.calibrated:data.pc:mvn_mag_l2_2016185pc1s_20160703::1.2
P,urn:nasa:pds:maven.mag.calibrated:data.pc:mvn_mag_l2_2016186pc1s_20160704::1.2
P,urn:nasa:pds:maven.mag.calibrated:data.pc:mvn_mag_l2_2016187pc1s_20160705::1.2
P,urn:nasa:pds:maven.mag.calibrated:data.pc:mvn_mag_l2_2016188pc1s_20160706::1.2
P,urn:nasa:pds:maven.mag.calibrated:data.pc:mvn_mag_l2_2016189pc1s_20160707::1.2
P,urn:nasa:pds:maven.mag.calibrated:data.pc:mvn_mag_l2_2016190pc1s_20160708::1.2
P,urn:nasa:pds:maven.mag.calibrated:data.pc:mvn_mag_l2_2016191pc1s_20160709::1.2
P,urn:nasa:pds:maven.mag.calibrated:data.pc:mvn_mag_l2_2016192pc1s_20160710::1.2
P,urn:nasa:pds:maven.mag.calibrated:data.pc:mvn_mag_l2_2016193pc1s_20160711::1.2
P,urn:nasa:pds:maven.mag.calibrated:data.pc:mvn_mag_l2_2016194pc1s_20160712::1.2
P,urn:nasa:pds:maven.mag.calibrated:data.pc:mvn_mag_l2_2016195pc1s_20160713::1.2
P,urn:nasa:pds:maven.mag.calibrated:data.pc:mvn_mag_l2_2016196pc1s_20160714::1.2
P,urn:nasa:pds:maven.mag.calibrated:data.pc:mvn_mag_l2_2016197pc1s_20160715::1.2
P,urn:nasa:pds:maven.mag.calibrated:data.pc:mvn_mag_l2_2016198pc1s_20160716::1.2
P,urn:nasa:pds:maven.mag.calibrated:data.pc:mvn_mag_l2_2016199pc1s_20160717::1.2
P,urn:nasa:pds:maven.mag.calibrated:data.pc:mvn_mag_l2_2016200pc1s_20160718::1.2
P,urn:nasa:pds:maven.mag.calibrated:data.pc:mvn_mag_l2_2016201pc1s_20160719::1.2
P,urn:nasa:pds:maven.mag.calibrated:data.pc:mvn_mag_l2_2016202pc1s_20160720::1.2
P,urn:nasa:pds:maven.mag.calibrated:data.pc:mvn_mag_l2_2016203pc1s_20160721::1.2
P,urn:nasa:pds:maven.mag.calibrated:data.pc:mvn_mag_l2_2016204pc1s_20160722::1.2
P,urn:nasa:pds:maven.mag.calibrated:data.pc:mvn_mag_l2_2016205pc1s_20160723::1.2
P,urn:nasa:pds:maven.mag.calibrated:data.pc:mvn_mag_l2_2016206pc1s_20160724::1.2
P,urn:nasa:pds:maven.mag.calibrated:data.pc:mvn_mag_l2_2016207pc1s_20160725::1.2
P,urn:nasa:pds:maven.mag.calibrated:data.pc:mvn_mag_l2_2016208pc1s_20160726::1.2
P,urn:nasa:pds:maven.mag.calibrated:data.pc:mvn_mag_l2_2016209pc1s_20160727::1.2
P,urn:nasa:pds:maven.mag.calibrated:data.pc:mvn_mag_l2_2016210pc1s_20160728::1.2
P,urn:nasa:pds:maven.mag.calibrated:data.pc:mvn_mag_l2_2016211pc1s_20160729::1.2
P,urn:nasa:pds:maven.mag.calibrated:data.pc:mvn_mag_l2_2016212pc1s_20160730::1.2
P,urn:nasa:pds:maven.mag.calibrated:data.pc:mvn_mag_l2_2016213pc1s_20160731::1.2
P,urn:nasa:pds:maven.mag.calibrated:data.pc:mvn_mag_l2_2016214pc1s_20160801::1.2
P,urn:nasa:pds:maven.mag.calibrated:data.pc:mvn_mag_l2_2016215pc1s_20160802::1.2
P,urn:nasa:pds:maven.mag.calibrated:data.pc:mvn_mag_l2_2016216pc1s_20160803::1.2
P,urn:nasa:pds:maven.mag.calibrated:data.pc:mvn_mag_l2_2016217pc1s_20160804::1.2
P,urn:nasa:pds:maven.mag.calibrated:data.pc:mvn_mag_l2_2016218pc1s_20160805::1.2
P,urn:nasa:pds:maven.mag.calibrated:data.pc:mvn_mag_l2_2016219pc1s_20160806::1.2
P,urn:nasa:pds:maven.mag.calibrated:data.pc:mvn_mag_l2_2016220pc1s_20160807::1.2
P,urn:nasa:pds:maven.mag.calibrated:data.pc:mvn_mag_l2_2016221pc1s_20160808::1.2
P,urn:nasa:pds:maven.mag.calibrated:data.pc:mvn_mag_l2_2016222pc1s_20160809::1.2
P,urn:nasa:pds:maven.mag.calibrated:data.pc:mvn_mag_l2_2016223pc1s_20160810::1.2
P,urn:nasa:pds:maven.mag.calibrated:data.pc:mvn_mag_l2_2016224pc1s_20160811::1.2
P,urn:nasa:pds:maven.mag.calibrated:data.pc:mvn_mag_l2_2016225pc1s_20160812::1.2
P,urn:nasa:pds:maven.mag.calibrated:data.pc:mvn_mag_l2_2016226pc1s_20160813::1.2
P,urn:nasa:pds:maven.mag.calibrated:data.pc:mvn_mag_l2_2016227pc1s_20160814::1.2
P,urn:nasa:pds:maven.mag.calibrated:data.pc:mvn_mag_l2_2016228pc1s_20160815::1.2
P,urn:nasa:pds:maven.mag.calibrated:data.pc:mvn_mag_l2_2016229pc1s_20160816::1.2
P,urn:nasa:pds:maven.mag.calibrated:data.pc:mvn_mag_l2_2016230pc1s_20160817::1.2
P,urn:nasa:pds:maven.mag.calibrated:data.pc:mvn_mag_l2_2016231pc1s_20160818::1.2
P,urn:nasa:pds:maven.mag.calibrated:data.pc:mvn_mag_l2_2016232pc1s_20160819::1.2
P,urn:nasa:pds:maven.mag.calibrated:data.pc:mvn_mag_l2_2016233pc1s_20160820::1.2
P,urn:nasa:pds:maven.mag.calibrated:data.pc:mvn_mag_l2_2016234pc1s_20160821::1.2
P,urn:nasa:pds:maven.mag.calibrated:data.pc:mvn_mag_l2_2016235pc1s_20160822::1.2
P,urn:nasa:pds:maven.mag.calibrated:data.pc:mvn_mag_l2_2016236pc1s_20160823::1.2
P,urn:nasa:pds:maven.mag.calibrated:data.pc:mvn_mag_l2_2016237pc1s_20160824::1.2
P,urn:nasa:pds:maven.mag.calibrated:data.pc:mvn_mag_l2_2016238pc1s_20160825::1.2
P,urn:nasa:pds:maven.mag.calibrated:data.pc:mvn_mag_l2_2016239pc1s_20160826::1.2
P,urn:nasa:pds:maven.mag.calibrated:data.pc:mvn_mag_l2_2016240pc1s_20160827::1.2
P,urn:nasa:pds:maven.mag.calibrated:data.pc:mvn_mag_l2_2016241pc1s_20160828::1.2
P,urn:nasa:pds:maven.mag.calibrated:data.pc:mvn_mag_l2_2016242pc1s_20160829::1.2
P,urn:nasa:pds:maven.mag.calibrated:data.pc:mvn_mag_l2_2016243pc1s_20160830::1.2
P,urn:nasa:pds:maven.mag.calibrated:data.pc:mvn_mag_l2_2016244pc1s_20160831::1.2
P,urn:nasa:pds:maven.mag.calibrated:data.pc:mvn_mag_l2_2016245pc1s_20160901::1.2
P,urn:nasa:pds:maven.mag.calibrated:data.pc:mvn_mag_l2_2016246pc1s_20160902::1.2
P,urn:nasa:pds:maven.mag.calibrated:data.pc:mvn_mag_l2_2016247pc1s_20160903::1.2
P,urn:nasa:pds:maven.mag.calibrated:data.pc:mvn_mag_l2_2016248pc1s_20160904::1.2
P,urn:nasa:pds:maven.mag.calibrated:data.pc:mvn_mag_l2_2016249pc1s_20160905::1.2
P,urn:nasa:pds:maven.mag.calibrated:data.pc:mvn_mag_l2_2016250pc1s_20160906::1.2
P,urn:nasa:pds:maven.mag.calibrated:data.pc:mvn_mag_l2_2016251pc1s_20160907::1.2
P,urn:nasa:pds:maven.mag.calibrated:data.pc:mvn_mag_l2_2016252pc1s_20160908::1.2
P,urn:nasa:pds:maven.mag.calibrated:data.pc:mvn_mag_l2_2016253pc1s_20160909::1.2
P,urn:nasa:pds:maven.mag.calibrated:data.pc:mvn_mag_l2_2016254pc1s_20160910::1.2
P,urn:nasa:pds:maven.mag.calibrated:data.pc:mvn_mag_l2_2016255pc1s_20160911::1.2
P,urn:nasa:pds:maven.mag.calibrated:data.pc:mvn_mag_l2_2016256pc1s_20160912::1.2
P,urn:nasa:pds:maven.mag.calibrated:data.pc:mvn_mag_l2_2016257pc1s_20160913::1.2
P,urn:nasa:pds:maven.mag.calibrated:data.pc:mvn_mag_l2_2016258pc1s_20160914::1.2
P,urn:nasa:pds:maven.mag.calibrated:data.pc:mvn_mag_l2_2016259pc1s_20160915::1.2
P,urn:nasa:pds:maven.mag.calibrated:data.pc:mvn_mag_l2_2016260pc1s_20160916::1.2
P,urn:nasa:pds:maven.mag.calibrated:data.pc:mvn_mag_l2_2016261pc1s_20160917::1.2
P,urn:nasa:pds:maven.mag.calibrated:data.pc:mvn_mag_l2_2016262pc1s_20160918::1.2
P,urn:nasa:pds:maven.mag.calibrated:data.pc:mvn_mag_l2_2016263pc1s_20160919::1.2
P,urn:nasa:pds:maven.mag.calibrated:data.pc:mvn_mag_l2_2016264pc1s_20160920::1.2
P,urn:nasa:pds:maven.mag.calibrated:data.pc:mvn_mag_l2_2016265pc1s_20160921::1.2
P,urn:nasa:pds:maven.mag.calibrated:data.pc:mvn_mag_l2_2016266pc1s_20160922::1.2
P,urn:nasa:pds:maven.mag.calibrated:data.pc:mvn_mag_l2_2016267pc1s_20160923::1.2
P,urn:nasa:pds:maven.mag.calibrated:data.pc:mvn_mag_l2_2016268pc1s_20160924::1.2
P,urn:nasa:pds:maven.mag.calibrated:data.pc:mvn_mag_l2_2016269pc1s_20160925::1.2
P,urn:nasa:pds:maven.mag.calibrated:data.pc:mvn_mag_l2_2016270pc1s_20160926::1.2
P,urn:nasa:pds:maven.mag.calibrated:data.pc:mvn_mag_l2_2016271pc1s_20160927::1.2
P,urn:nasa:pds:maven.mag.calibrated:data.pc:mvn_mag_l2_2016272pc1s_20160928::1.2
P,urn:nasa:pds:maven.mag.calibrated:data.pc:mvn_mag_l2_2016273pc1s_20160929::1.2
P,urn:nasa:pds:maven.mag.calibrated:data.pc:mvn_mag_l2_2016274pc1s_20160930::1.2
P,urn:nasa:pds:maven.mag.calibrated:data.pc:mvn_mag_l2_2016275pc1s_20161001::1.2
P,urn:nasa:pds:maven.mag.calibrated:data.pc:mvn_mag_l2_2016276pc1s_20161002::1.2
P,urn:nasa:pds:maven.mag.calibrated:data.pc:mvn_mag_l2_2016277pc1s_20161003::1.2
P,urn:nasa:pds:maven.mag.calibrated:data.pc:mvn_mag_l2_2016278pc1s_20161004::1.2
P,urn:nasa:pds:maven.mag.calibrated:data.pc:mvn_mag_l2_2016279pc1s_20161005::1.2
P,urn:nasa:pds:maven.mag.calibrated:data.pc:mvn_mag_l2_2016280pc1s_20161006::1.2
P,urn:nasa:pds:maven.mag.calibrated:data.pc:mvn_mag_l2_2016281pc1s_20161007::1.2
P,urn:nasa:pds:maven.mag.calibrated:data.pc:mvn_mag_l2_2016282pc1s_20161008::1.2
P,urn:nasa:pds:maven.mag.calibrated:data.pc:mvn_mag_l2_2016283pc1s_20161009::1.2
P,urn:nasa:pds:maven.mag.calibrated:data.pc:mvn_mag_l2_2016284pc1s_20161010::1.2
P,urn:nasa:pds:maven.mag.calibrated:data.pc:mvn_mag_l2_2016285pc1s_20161011::1.2
P,urn:nasa:pds:maven.mag.calibrated:data.pc:mvn_mag_l2_2016286pc1s_20161012::1.2
P,urn:nasa:pds:maven.mag.calibrated:data.pc:mvn_mag_l2_2016287pc1s_20161013::1.2
P,urn:nasa:pds:maven.mag.calibrated:data.pc:mvn_mag_l2_2016288pc1s_20161014::1.2
P,urn:nasa:pds:maven.mag.calibrated:data.pc:mvn_mag_l2_2016289pc1s_20161015::1.2
P,urn:nasa:pds:maven.mag.calibrated:data.pc:mvn_mag_l2_2016290pc1s_20161016::1.2
P,urn:nasa:pds:maven.mag.calibrated:data.pc:mvn_mag_l2_2016291pc1s_20161017::1.2
P,urn:nasa:pds:maven.mag.calibrated:data.pc:mvn_mag_l2_2016292pc1s_20161018::1.2
P,urn:nasa:pds:maven.mag.calibrated:data.pc:mvn_mag_l2_2016293pc1s_20161019::1.2
P,urn:nasa:pds:maven.mag.calibrated:data.pc:mvn_mag_l2_2016294pc1s_20161020::1.2
P,urn:nasa:pds:maven.mag.calibrated:data.pc:mvn_mag_l2_2016295pc1s_20161021::1.2
P,urn:nasa:pds:maven.mag.calibrated:data.pc:mvn_mag_l2_2016296pc1s_20161022::1.2
P,urn:nasa:pds:maven.mag.calibrated:data.pc:mvn_mag_l2_2016297pc1s_20161023::1.2
P,urn:nasa:pds:maven.mag.calibrated:data.pc:mvn_mag_l2_2016298pc1s_20161024::1.2
P,urn:nasa:pds:maven.mag.calibrated:data.pc:mvn_mag_l2_2016299pc1s_20161025::1.2
P,urn:nasa:pds:maven.mag.calibrated:data.pc:mvn_mag_l2_2016300pc1s_20161026::1.2
P,urn:nasa:pds:maven.mag.calibrated:data.pc:mvn_mag_l2_2016301pc1s_20161027::1.2
P,urn:nasa:pds:maven.mag.calibrated:data.pc:mvn_mag_l2_2016302pc1s_20161028::1.2
P,urn:nasa:pds:maven.mag.calibrated:data.pc:mvn_mag_l2_2016303pc1s_20161029::1.2
P,urn:nasa:pds:maven.mag.calibrated:data.pc:mvn_mag_l2_2016304pc1s_20161030::1.2
P,urn:nasa:pds:maven.mag.calibrated:data.pc:mvn_mag_l2_2016305pc1s_20161031::1.2
P,urn:nasa:pds:maven.mag.calibrated:data.pc:mvn_mag_l2_2016306pc1s_20161101::1.2
P,urn:nasa:pds:maven.mag.calibrated:data.pc:mvn_mag_l2_2016307pc1s_20161102::1.2
P,urn:nasa:pds:maven.mag.calibrated:data.pc:mvn_mag_l2_2016308pc1s_20161103::1.2
P,urn:nasa:pds:maven.mag.calibrated:data.pc:mvn_mag_l2_2016309pc1s_20161104::1.2
P,urn:nasa:pds:maven.mag.calibrated:data.pc:mvn_mag_l2_2016310pc1s_20161105::1.2
P,urn:nasa:pds:maven.mag.calibrated:data.pc:mvn_mag_l2_2016311pc1s_20161106::1.2
P,urn:nasa:pds:maven.mag.calibrated:data.pc:mvn_mag_l2_2016312pc1s_20161107::1.2
P,urn:nasa:pds:maven.mag.calibrated:data.pc:mvn_mag_l2_2016313pc1s_20161108::1.2
P,urn:nasa:pds:maven.mag.calibrated:data.pc:mvn_mag_l2_2016314pc1s_20161109::1.2
P,urn:nasa:pds:maven.mag.calibrated:data.pc:mvn_mag_l2_2016315pc1s_20161110::1.2
P,urn:nasa:pds:maven.mag.calibrated:data.pc:mvn_mag_l2_2016316pc1s_20161111::1.2
P,urn:nasa:pds:maven.mag.calibrated:data.pc:mvn_mag_l2_2016317pc1s_20161112::1.2
P,urn:nasa:pds:maven.mag.calibrated:data.pc:mvn_mag_l2_2016318pc1s_20161113::1.2
P,urn:nasa:pds:maven.mag.calibrated:data.pc:mvn_mag_l2_2016319pc1s_20161114::1.2
P,urn:nasa:pds:maven.mag.calibrated:data.pc:mvn_mag_l2_2016320pc1s_20161115::1.2
P,urn:nasa:pds:maven.mag.calibrated:data.pc:mvn_mag_l2_2016321pc1s_20161116::1.2
P,urn:nasa:pds:maven.mag.calibrated:data.pc:mvn_mag_l2_2016322pc1s_20161117::1.2
P,urn:nasa:pds:maven.mag.calibrated:data.pc:mvn_mag_l2_2016323pc1s_20161118::1.2
P,urn:nasa:pds:maven.mag.calibrated:data.pc:mvn_mag_l2_2016324pc1s_20161119::1.2
P,urn:nasa:pds:maven.mag.calibrated:data.pc:mvn_mag_l2_2016325pc1s_20161120::1.2
P,urn:nasa:pds:maven.mag.calibrated:data.pc:mvn_mag_l2_2016326pc1s_20161121::1.2
P,urn:nasa:pds:maven.mag.calibrated:data.pc:mvn_mag_l2_2016327pc1s_20161122::1.2
P,urn:nasa:pds:maven.mag.calibrated:data.pc:mvn_mag_l2_2016328pc1s_20161123::1.2
P,urn:nasa:pds:maven.mag.calibrated:data.pc:mvn_mag_l2_2016329pc1s_20161124::1.2
P,urn:nasa:pds:maven.mag.calibrated:data.pc:mvn_mag_l2_2016330pc1s_20161125::1.2
P,urn:nasa:pds:maven.mag.calibrated:data.pc:mvn_mag_l2_2016331pc1s_20161126::1.2
P,urn:nasa:pds:maven.mag.calibrated:data.pc:mvn_mag_l2_2016332pc1s_20161127::1.2
P,urn:nasa:pds:maven.mag.calibrated:data.pc:mvn_mag_l2_2016333pc1s_20161128::1.2
P,urn:nasa:pds:maven.mag.calibrated:data.pc:mvn_mag_l2_2016334pc1s_20161129::1.2
P,urn:nasa:pds:maven.mag.calibrated:data.pc:mvn_mag_l2_2016335pc1s_20161130::1.2
P,urn:nasa:pds:maven.mag.calibrated:data.pc:mvn_mag_l2_2016336pc1s_20161201::1.2
P,urn:nasa:pds:maven.mag.calibrated:data.pc:mvn_mag_l2_2016337pc1s_20161202::1.2
P,urn:nasa:pds:maven.mag.calibrated:data.pc:mvn_mag_l2_2016338pc1s_20161203::1.2
P,urn:nasa:pds:maven.mag.calibrated:data.pc:mvn_mag_l2_2016339pc1s_20161204::1.2
P,urn:nasa:pds:maven.mag.calibrated:data.pc:mvn_mag_l2_2016340pc1s_20161205::1.2
P,urn:nasa:pds:maven.mag.calibrated:data.pc:mvn_mag_l2_2016341pc1s_20161206::1.2
P,urn:nasa:pds:maven.mag.calibrated:data.pc:mvn_mag_l2_2016342pc1s_20161207::1.2
P,urn:nasa:pds:maven.mag.calibrated:data.pc:mvn_mag_l2_2016343pc1s_20161208::1.2
P,urn:nasa:pds:maven.mag.calibrated:data.pc:mvn_mag_l2_2016344pc1s_20161209::1.2
P,urn:nasa:pds:maven.mag.calibrated:data.pc:mvn_mag_l2_2016345pc1s_20161210::1.2
P,urn:nasa:pds:maven.mag.calibrated:data.pc:mvn_mag_l2_2016346pc1s_20161211::1.2
P,urn:nasa:pds:maven.mag.calibrated:data.pc:mvn_mag_l2_2016347pc1s_20161212::1.2
P,urn:nasa:pds:maven.mag.calibrated:data.pc:mvn_mag_l2_2016348pc1s_20161213::1.2
P,urn:nasa:pds:maven.mag.calibrated:data.pc:mvn_mag_l2_2016349pc1s_20161214::1.2
P,urn:nasa:pds:maven.mag.calibrated:data.pc:mvn_mag_l2_2016350pc1s_20161215::1.2
P,urn:nasa:pds:maven.mag.calibrated:data.pc:mvn_mag_l2_2016351pc1s_20161216::1.2
P,urn:nasa:pds:maven.mag.calibrated:data.pc:mvn_mag_l2_2016352pc1s_20161217::1.2
P,urn:nasa:pds:maven.mag.calibrated:data.pc:mvn_mag_l2_2016353pc1s_20161218::1.2
P,urn:nasa:pds:maven.mag.calibrated:data.pc:mvn_mag_l2_2016354pc1s_20161219::1.2
P,urn:nasa:pds:maven.mag.calibrated:data.pc:mvn_mag_l2_2016355pc1s_20161220::1.2
P,urn:nasa:pds:maven.mag.calibrated:data.pc:mvn_mag_l2_2016356pc1s_20161221::1.2
P,urn:nasa:pds:maven.mag.calibrated:data.pc:mvn_mag_l2_2016357pc1s_20161222::1.2
P,urn:nasa:pds:maven.mag.calibrated:data.pc:mvn_mag_l2_2016358pc1s_20161223::1.2
P,urn:nasa:pds:maven.mag.calibrated:data.pc:mvn_mag_l2_2016359pc1s_20161224::1.2
P,urn:nasa:pds:maven.mag.calibrated:data.pc:mvn_mag_l2_2016360pc1s_20161225::1.2
P,urn:nasa:pds:maven.mag.calibrated:data.pc:mvn_mag_l2_2016361pc1s_20161226::1.2
P,urn:nasa:pds:maven.mag.calibrated:data.pc:mvn_mag_l2_2016362pc1s_20161227::1.2
P,urn:nasa:pds:maven.mag.calibrated:data.pc:mvn_mag_l2_2016363pc1s_20161228::1.2
P,urn:nasa:pds:maven.mag.calibrated:data.pc:mvn_mag_l2_2016364pc1s_20161229::1.2
P,urn:nasa:pds:maven.mag.calibrated:data.pc:mvn_mag_l2_2016365pc1s_20161230::1.2
P,urn:nasa:pds:maven.mag.calibrated:data.pc:mvn_mag_l2_2016366pc1s_20161231::1.2
P,urn:nasa:pds:maven.mag.calibrated:data.pc:mvn_mag_l2_2017001pc1s_20170101::1.2
P,urn:nasa:pds:maven.mag.calibrated:data.pc:mvn_mag_l2_2017002pc1s_20170102::1.2
P,urn:nasa:pds:maven.mag.calibrated:data.pc:mvn_mag_l2_2017003pc1s_20170103::1.2
P,urn:nasa:pds:maven.mag.calibrated:data.pc:mvn_mag_l2_2017004pc1s_20170104::1.2
P,urn:nasa:pds:maven.mag.calibrated:data.pc:mvn_mag_l2_2017005pc1s_20170105::1.2
P,urn:nasa:pds:maven.mag.calibrated:data.pc:mvn_mag_l2_2017006pc1s_20170106::1.2
P,urn:nasa:pds:maven.mag.calibrated:data.pc:mvn_mag_l2_2017007pc1s_20170107::1.2
P,urn:nasa:pds:maven.mag.calibrated:data.pc:mvn_mag_l2_2017008pc1s_20170108::1.2
P,urn:nasa:pds:maven.mag.calibrated:data.pc:mvn_mag_l2_2017009pc1s_20170109::1.2
P,urn:nasa:pds:maven.mag.calibrated:data.pc:mvn_mag_l2_2017010pc1s_20170110::1.2
P,urn:nasa:pds:maven.mag.calibrated:data.pc:mvn_mag_l2_2017011pc1s_20170111::1.2
P,urn:nasa:pds:maven.mag.calibrated:data.pc:mvn_mag_l2_2017012pc1s_20170112::1.2
P,urn:nasa:pds:maven.mag.calibrated:data.pc:mvn_mag_l2_2017013pc1s_20170113::1.2
P,urn:nasa:pds:maven.mag.calibrated:data.pc:mvn_mag_l2_2017014pc1s_20170114::1.2
P,urn:nasa:pds:maven.mag.calibrated:data.pc:mvn_mag_l2_2017015pc1s_20170115::1.2
P,urn:nasa:pds:maven.mag.calibrated:data.pc:mvn_mag_l2_2017016pc1s_20170116::1.2
P,urn:nasa:pds:maven.mag.calibrated:data.pc:mvn_mag_l2_2017017pc1s_20170117::1.2
P,urn:nasa:pds:maven.mag.calibrated:data.pc:mvn_mag_l2_2017018pc1s_20170118::1.2
P,urn:nasa:pds:maven.mag.calibrated:data.pc:mvn_mag_l2_2017019pc1s_20170119::1.2
P,urn:nasa:pds:maven.mag.calibrated:data.pc:mvn_mag_l2_2017020pc1s_20170120::1.2
P,urn:nasa:pds:maven.mag.calibrated:data.pc:mvn_mag_l2_2017021pc1s_20170121::1.2
P,urn:nasa:pds:maven.mag.calibrated:data.pc:mvn_mag_l2_2017022pc1s_20170122::1.2
P,urn:nasa:pds:maven.mag.calibrated:data.pc:mvn_mag_l2_2017023pc1s_20170123::1.2
P,urn:nasa:pds:maven.mag.calibrated:data.pc:mvn_mag_l2_2017024pc1s_20170124::1.2
P,urn:nasa:pds:maven.mag.calibrated:data.pc:mvn_mag_l2_2017025pc1s_20170125::1.2
P,urn:nasa:pds:maven.mag.calibrated:data.pc:mvn_mag_l2_2017026pc1s_20170126::1.2
P,urn:nasa:pds:maven.mag.calibrated:data.pc:mvn_mag_l2_2017027pc1s_20170127::1.2
P,urn:nasa:pds:maven.mag.calibrated:data.pc:mvn_mag_l2_2017028pc1s_20170128::1.2
P,urn:nasa:pds:maven.mag.calibrated:data.pc:mvn_mag_l2_2017029pc1s_20170129::1.2
P,urn:nasa:pds:maven.mag.calibrated:data.pc:mvn_mag_l2_2017030pc1s_20170130::1.2
P,urn:nasa:pds:maven.mag.calibrated:data.pc:mvn_mag_l2_2017031pc1s_20170131::1.2
P,urn:nasa:pds:maven.mag.calibrated:data.pc:mvn_mag_l2_2017032pc1s_20170201::1.2
P,urn:nasa:pds:maven.mag.calibrated:data.pc:mvn_mag_l2_2017033pc1s_20170202::1.2
P,urn:nasa:pds:maven.mag.calibrated:data.pc:mvn_mag_l2_2017034pc1s_20170203::1.2
P,urn:nasa:pds:maven.mag.calibrated:data.pc:mvn_mag_l2_2017035pc1s_20170204::1.2
P,urn:nasa:pds:maven.mag.calibrated:data.pc:mvn_mag_l2_2017036pc1s_20170205::1.2
P,urn:nasa:pds:maven.mag.calibrated:data.pc:mvn_mag_l2_2017037pc1s_20170206::1.2
P,urn:nasa:pds:maven.mag.calibrated:data.pc:mvn_mag_l2_2017038pc1s_20170207::1.2
P,urn:nasa:pds:maven.mag.calibrated:data.pc:mvn_mag_l2_2017039pc1s_20170208::1.2
P,urn:nasa:pds:maven.mag.calibrated:data.pc:mvn_mag_l2_2017040pc1s_20170209::1.2
P,urn:nasa:pds:maven.mag.calibrated:data.pc:mvn_mag_l2_2017041pc1s_20170210::1.2
P,urn:nasa:pds:maven.mag.calibrated:data.pc:mvn_mag_l2_2017042pc1s_20170211::1.2
P,urn:nasa:pds:maven.mag.calibrated:data.pc:mvn_mag_l2_2017043pc1s_20170212::1.2
P,urn:nasa:pds:maven.mag.calibrated:data.pc:mvn_mag_l2_2017044pc1s_20170213::1.2
P,urn:nasa:pds:maven.mag.calibrated:data.pc:mvn_mag_l2_2017045pc1s_20170214::1.2
P,urn:nasa:pds:maven.mag.calibrated:data.pc:mvn_mag_l2_2017046pc1s_20170215::1.2
P,urn:nasa:pds:maven.mag.calibrated:data.pc:mvn_mag_l2_2017047pc1s_20170216::1.2
P,urn:nasa:pds:maven.mag.calibrated:data.pc:mvn_mag_l2_2017048pc1s_20170217::1.2
P,urn:nasa:pds:maven.mag.calibrated:data.pc:mvn_mag_l2_2017049pc1s_20170218::1.2
P,urn:nasa:pds:maven.mag.calibrated:data.pc:mvn_mag_l2_2017050pc1s_20170219::1.2
P,urn:nasa:pds:maven.mag.calibrated:data.pc:mvn_mag_l2_2017051pc1s_20170220::1.2
P,urn:nasa:pds:maven.mag.calibrated:data.pc:mvn_mag_l2_2017052pc1s_20170221::1.2
P,urn:nasa:pds:maven.mag.calibrated:data.pc:mvn_mag_l2_2017053pc1s_20170222::1.2
P,urn:nasa:pds:maven.mag.calibrated:data.pc:mvn_mag_l2_2017054pc1s_20170223::1.2
P,urn:nasa:pds:maven.mag.calibrated:data.pc:mvn_mag_l2_2017055pc1s_20170224::1.2
P,urn:nasa:pds:maven.mag.calibrated:data.pc:mvn_mag_l2_2017056pc1s_20170225::1.2
P,urn:nasa:pds:maven.mag.calibrated:data.pc:mvn_mag_l2_2017057pc1s_20170226::1.2
P,urn:nasa:pds:maven.mag.calibrated:data.pc:mvn_mag_l2_2017058pc1s_20170227::1.2
P,urn:nasa:pds:maven.mag.calibrated:data.pc:mvn_mag_l2_2017059pc1s_20170228::1.2
P,urn:nasa:pds:maven.mag.calibrated:data.pc:mvn_mag_l2_2017060pc1s_20170301::1.2
P,urn:nasa:pds:maven.mag.calibrated:data.pc:mvn_mag_l2_2017061pc1s_20170302::1.2
P,urn:nasa:pds:maven.mag.calibrated:data.pc:mvn_mag_l2_2017062pc1s_20170303::1.2
P,urn:nasa:pds:maven.mag.calibrated:data.pc:mvn_mag_l2_2017063pc1s_20170304::1.2
P,urn:nasa:pds:maven.mag.calibrated:data.pc:mvn_mag_l2_2017064pc1s_20170305::1.2
P,urn:nasa:pds:maven.mag.calibrated:data.pc:mvn_mag_l2_2017065pc1s_20170306::1.2
P,urn:nasa:pds:maven.mag.calibrated:data.pc:mvn_mag_l2_2017066pc1s_20170307::1.2
P,urn:nasa:pds:maven.mag.calibrated:data.pc:mvn_mag_l2_2017067pc1s_20170308::1.2
P,urn:nasa:pds:maven.mag.calibrated:data.pc:mvn_mag_l2_2017068pc1s_20170309::1.2
P,urn:nasa:pds:maven.mag.calibrated:data.pc:mvn_mag_l2_2017069pc1s_20170310::1.2
P,urn:nasa:pds:maven.mag.calibrated:data.pc:mvn_mag_l2_2017070pc1s_20170311::1.2
P,urn:nasa:pds:maven.mag.calibrated:data.pc:mvn_mag_l2_2017071pc1s_20170312::1.2
P,urn:nasa:pds:maven.mag.calibrated:data.pc:mvn_mag_l2_2017072pc1s_20170313::1.2
P,urn:nasa:pds:maven.mag.calibrated:data.pc:mvn_mag_l2_2017073pc1s_20170314::1.2
P,urn:nasa:pds:maven.mag.calibrated:data.pc:mvn_mag_l2_2017074pc1s_20170315::1.2
P,urn:nasa:pds:maven.mag.calibrated:data.pc:mvn_mag_l2_2017075pc1s_20170316::1.2
P,urn:nasa:pds:maven.mag.calibrated:data.pc:mvn_mag_l2_2017076pc1s_20170317::1.2
P,urn:nasa:pds:maven.mag.calibrated:data.pc:mvn_mag_l2_2017077pc1s_20170318::1.2
P,urn:nasa:pds:maven.mag.calibrated:data.pc:mvn_mag_l2_2017078pc1s_20170319::1.2
P,urn:nasa:pds:maven.mag.calibrated:data.pc:mvn_mag_l2_2017079pc1s_20170320::1.2
P,urn:nasa:pds:maven.mag.calibrated:data.pc:mvn_mag_l2_2017080pc1s_20170321::1.2
P,urn:nasa:pds:maven.mag.calibrated:data.pc:mvn_mag_l2_2017081pc1s_20170322::1.2
P,urn:nasa:pds:maven.mag.calibrated:data.pc:mvn_mag_l2_2017082pc1s_20170323::1.2
P,urn:nasa:pds:maven.mag.calibrated:data.pc:mvn_mag_l2_2017083pc1s_20170324::1.2
P,urn:nasa:pds:maven.mag.calibrated:data.pc:mvn_mag_l2_2017084pc1s_20170325::1.2
P,urn:nasa:pds:maven.mag.calibrated:data.pc:mvn_mag_l2_2017085pc1s_20170326::1.2
P,urn:nasa:pds:maven.mag.calibrated:data.pc:mvn_mag_l2_2017086pc1s_20170327::1.2
P,urn:nasa:pds:maven.mag.calibrated:data.pc:mvn_mag_l2_2017087pc1s_20170328::1.2
P,urn:nasa:pds:maven.mag.calibrated:data.pc:mvn_mag_l2_2017088pc1s_20170329::1.2
P,urn:nasa:pds:maven.mag.calibrated:data.pc:mvn_mag_l2_2017089pc1s_20170330::1.2
P,urn:nasa:pds:maven.mag.calibrated:data.pc:mvn_mag_l2_2017090pc1s_20170331::1.2
P,urn:nasa:pds:maven.mag.calibrated:data.pc:mvn_mag_l2_2017091pc1s_20170401::1.2
P,urn:nasa:pds:maven.mag.calibrated:data.pc:mvn_mag_l2_2017092pc1s_20170402::1.2
P,urn:nasa:pds:maven.mag.calibrated:data.pc:mvn_mag_l2_2017093pc1s_20170403::1.2
P,urn:nasa:pds:maven.mag.calibrated:data.pc:mvn_mag_l2_2017094pc1s_20170404::1.2
P,urn:nasa:pds:maven.mag.calibrated:data.pc:mvn_mag_l2_2017095pc1s_20170405::1.2
P,urn:nasa:pds:maven.mag.calibrated:data.pc:mvn_mag_l2_2017096pc1s_20170406::1.2
P,urn:nasa:pds:maven.mag.calibrated:data.pc:mvn_mag_l2_2017097pc1s_20170407::1.2
P,urn:nasa:pds:maven.mag.calibrated:data.pc:mvn_mag_l2_2017098pc1s_20170408::1.2
P,urn:nasa:pds:maven.mag.calibrated:data.pc:mvn_mag_l2_2017099pc1s_20170409::1.2
P,urn:nasa:pds:maven.mag.calibrated:data.pc:mvn_mag_l2_2017100pc1s_20170410::1.2
P,urn:nasa:pds:maven.mag.calibrated:data.pc:mvn_mag_l2_2017101pc1s_20170411::1.2
P,urn:nasa:pds:maven.mag.calibrated:data.pc:mvn_mag_l2_2017102pc1s_20170412::1.2
P,urn:nasa:pds:maven.mag.calibrated:data.pc:mvn_mag_l2_2017103pc1s_20170413::1.2
P,urn:nasa:pds:maven.mag.calibrated:data.pc:mvn_mag_l2_2017104pc1s_20170414::1.2
P,urn:nasa:pds:maven.mag.calibrated:data.pc:mvn_mag_l2_2017105pc1s_20170415::1.2
P,urn:nasa:pds:maven.mag.calibrated:data.pc:mvn_mag_l2_2017106pc1s_20170416::1.2
P,urn:nasa:pds:maven.mag.calibrated:data.pc:mvn_mag_l2_2017107pc1s_20170417::1.2
P,urn:nasa:pds:maven.mag.calibrated:data.pc:mvn_mag_l2_2017108pc1s_20170418::1.2
P,urn:nasa:pds:maven.mag.calibrated:data.pc:mvn_mag_l2_2017109pc1s_20170419::1.2
P,urn:nasa:pds:maven.mag.calibrated:data.pc:mvn_mag_l2_2017110pc1s_20170420::1.2
P,urn:nasa:pds:maven.mag.calibrated:data.pc:mvn_mag_l2_2017111pc1s_20170421::1.2
P,urn:nasa:pds:maven.mag.calibrated:data.pc:mvn_mag_l2_2017112pc1s_20170422::1.2
P,urn:nasa:pds:maven.mag.calibrated:data.pc:mvn_mag_l2_2017113pc1s_20170423::1.2
P,urn:nasa:pds:maven.mag.calibrated:data.pc:mvn_mag_l2_2017114pc1s_20170424::1.2
P,urn:nasa:pds:maven.mag.calibrated:data.pc:mvn_mag_l2_2017115pc1s_20170425::1.2
P,urn:nasa:pds:maven.mag.calibrated:data.pc:mvn_mag_l2_2017116pc1s_20170426::1.2
P,urn:nasa:pds:maven.mag.calibrated:data.pc:mvn_mag_l2_2017117pc1s_20170427::1.2
P,urn:nasa:pds:maven.mag.calibrated:data.pc:mvn_mag_l2_2017118pc1s_20170428::1.2
P,urn:nasa:pds:maven.mag.calibrated:data.pc:mvn_mag_l2_2017119pc1s_20170429::1.2
P,urn:nasa:pds:maven.mag.calibrated:data.pc:mvn_mag_l2_2017120pc1s_20170430::1.2
P,urn:nasa:pds:maven.mag.calibrated:data.pc:mvn_mag_l2_2017121pc1s_20170501::1.2
P,urn:nasa:pds:maven.mag.calibrated:data.pc:mvn_mag_l2_2017122pc1s_20170502::1.2
P,urn:nasa:pds:maven.mag.calibrated:data.pc:mvn_mag_l2_2017123pc1s_20170503::1.2
P,urn:nasa:pds:maven.mag.calibrated:data.pc:mvn_mag_l2_2017124pc1s_20170504::1.2
P,urn:nasa:pds:maven.mag.calibrated:data.pc:mvn_mag_l2_2017125pc1s_20170505::1.2
P,urn:nasa:pds:maven.mag.calibrated:data.pc:mvn_mag_l2_2017126pc1s_20170506::1.2
P,urn:nasa:pds:maven.mag.calibrated:data.pc:mvn_mag_l2_2017127pc1s_20170507::1.2
P,urn:nasa:pds:maven.mag.calibrated:data.pc:mvn_mag_l2_2017128pc1s_20170508::1.2
P,urn:nasa:pds:maven.mag.calibrated:data.pc:mvn_mag_l2_2017129pc1s_20170509::1.2
P,urn:nasa:pds:maven.mag.calibrated:data.pc:mvn_mag_l2_2017130pc1s_20170510::1.2
P,urn:nasa:pds:maven.mag.calibrated:data.pc:mvn_mag_l2_2017131pc1s_20170511::1.2
P,urn:nasa:pds:maven.mag.calibrated:data.pc:mvn_mag_l2_2017132pc1s_20170512::1.2
P,urn:nasa:pds:maven.mag.calibrated:data.pc:mvn_mag_l2_2017133pc1s_20170513::1.2
P,urn:nasa:pds:maven.mag.calibrated:data.pc:mvn_mag_l2_2017134pc1s_20170514::1.2
P,urn:nasa:pds:maven.mag.calibrated:data.pc:mvn_mag_l2_2017135pc1s_20170515::1.2
P,urn:nasa:pds:maven.mag.calibrated:data.pc:mvn_mag_l2_2017136pc1s_20170516::1.2
P,urn:nasa:pds:maven.mag.calibrated:data.pc:mvn_mag_l2_2017137pc1s_20170517::1.2
P,urn:nasa:pds:maven.mag.calibrated:data.pc:mvn_mag_l2_2017138pc1s_20170518::1.2
P,urn:nasa:pds:maven.mag.calibrated:data.pc:mvn_mag_l2_2017139pc1s_20170519::1.2
P,urn:nasa:pds:maven.mag.calibrated:data.pc:mvn_mag_l2_2017140pc1s_20170520::1.2
P,urn:nasa:pds:maven.mag.calibrated:data.pc:mvn_mag_l2_2017141pc1s_20170521::1.2
P,urn:nasa:pds:maven.mag.calibrated:data.pc:mvn_mag_l2_2017142pc1s_20170522::1.2
P,urn:nasa:pds:maven.mag.calibrated:data.pc:mvn_mag_l2_2017143pc1s_20170523::1.2
P,urn:nasa:pds:maven.mag.calibrated:data.pc:mvn_mag_l2_2017144pc1s_20170524::1.2
P,urn:nasa:pds:maven.mag.calibrated:data.pc:mvn_mag_l2_2017145pc1s_20170525::1.2
P,urn:nasa:pds:maven.mag.calibrated:data.pc:mvn_mag_l2_2017146pc1s_20170526::1.2
P,urn:nasa:pds:maven.mag.calibrated:data.pc:mvn_mag_l2_2017147pc1s_20170527::1.2
P,urn:nasa:pds:maven.mag.calibrated:data.pc:mvn_mag_l2_2017148pc1s_20170528::1.2
P,urn:nasa:pds:maven.mag.calibrated:data.pc:mvn_mag_l2_2017149pc1s_20170529::1.2
P,urn:nasa:pds:maven.mag.calibrated:data.pc:mvn_mag_l2_2017150pc1s_20170530::1.2
P,urn:nasa:pds:maven.mag.calibrated:data.pc:mvn_mag_l2_2017151pc1s_20170531::1.2
P,urn:nasa:pds:maven.mag.calibrated:data.pc:mvn_mag_l2_2017152pc1s_20170601::1.2
P,urn:nasa:pds:maven.mag.calibrated:data.pc:mvn_mag_l2_2017153pc1s_20170602::1.2
P,urn:nasa:pds:maven.mag.calibrated:data.pc:mvn_mag_l2_2017154pc1s_20170603::1.2
P,urn:nasa:pds:maven.mag.calibrated:data.pc:mvn_mag_l2_2017155pc1s_20170604::1.2
P,urn:nasa:pds:maven.mag.calibrated:data.pc:mvn_mag_l2_2017156pc1s_20170605::1.2
P,urn:nasa:pds:maven.mag.calibrated:data.pc:mvn_mag_l2_2017157pc1s_20170606::1.2
P,urn:nasa:pds:maven.mag.calibrated:data.pc:mvn_mag_l2_2017158pc1s_20170607::1.2
P,urn:nasa:pds:maven.mag.calibrated:data.pc:mvn_mag_l2_2017159pc1s_20170608::1.2
P,urn:nasa:pds:maven.mag.calibrated:data.pc:mvn_mag_l2_2017160pc1s_20170609::1.2
P,urn:nasa:pds:maven.mag.calibrated:data.pc:mvn_mag_l2_2017161pc1s_20170610::1.2
P,urn:nasa:pds:maven.mag.calibrated:data.pc:mvn_mag_l2_2017162pc1s_20170611::1.2
P,urn:nasa:pds:maven.mag.calibrated:data.pc:mvn_mag_l2_2017163pc1s_20170612::1.2
P,urn:nasa:pds:maven.mag.calibrated:data.pc:mvn_mag_l2_2017164pc1s_20170613::1.2
P,urn:nasa:pds:maven.mag.calibrated:data.pc:mvn_mag_l2_2017165pc1s_20170614::1.2
P,urn:nasa:pds:maven.mag.calibrated:data.pc:mvn_mag_l2_2017166pc1s_20170615::1.2
P,urn:nasa:pds:maven.mag.calibrated:data.pc:mvn_mag_l2_2017167pc1s_20170616::1.2
P,urn:nasa:pds:maven.mag.calibrated:data.pc:mvn_mag_l2_2017168pc1s_20170617::1.2
P,urn:nasa:pds:maven.mag.calibrated:data.pc:mvn_mag_l2_2017169pc1s_20170618::1.2
P,urn:nasa:pds:maven.mag.calibrated:data.pc:mvn_mag_l2_2017170pc1s_20170619::1.2
P,urn:nasa:pds:maven.mag.calibrated:data.pc:mvn_mag_l2_2017171pc1s_20170620::1.2
P,urn:nasa:pds:maven.mag.calibrated:data.pc:mvn_mag_l2_2017172pc1s_20170621::1.2
P,urn:nasa:pds:maven.mag.calibrated:data.pc:mvn_mag_l2_2017173pc1s_20170622::1.2
P,urn:nasa:pds:maven.mag.calibrated:data.pc:mvn_mag_l2_2017174pc1s_20170623::1.2
P,urn:nasa:pds:maven.mag.calibrated:data.pc:mvn_mag_l2_2017175pc1s_20170624::1.2
P,urn:nasa:pds:maven.mag.calibrated:data.pc:mvn_mag_l2_2017176pc1s_20170625::1.2
P,urn:nasa:pds:maven.mag.calibrated:data.pc:mvn_mag_l2_2017177pc1s_20170626::1.2
P,urn:nasa:pds:maven.mag.calibrated:data.pc:mvn_mag_l2_2017178pc1s_20170627::1.2
P,urn:nasa:pds:maven.mag.calibrated:data.pc:mvn_mag_l2_2017179pc1s_20170628::1.2
P,urn:nasa:pds:maven.mag.calibrated:data.pc:mvn_mag_l2_2017180pc1s_20170629::1.2
P,urn:nasa:pds:maven.mag.calibrated:data.pc:mvn_mag_l2_2017181pc1s_20170630::1.2
P,urn:nasa:pds:maven.mag.calibrated:data.pc:mvn_mag_l2_2017182pc1s_20170701::1.2
P,urn:nasa:pds:maven.mag.calibrated:data.pc:mvn_mag_l2_2017183pc1s_20170702::1.2
P,urn:nasa:pds:maven.mag.calibrated:data.pc:mvn_mag_l2_2017184pc1s_20170703::1.2
P,urn:nasa:pds:maven.mag.calibrated:data.pc:mvn_mag_l2_2017185pc1s_20170704::1.2
P,urn:nasa:pds:maven.mag.calibrated:data.pc:mvn_mag_l2_2017186pc1s_20170705::1.2
P,urn:nasa:pds:maven.mag.calibrated:data.pc:mvn_mag_l2_2017187pc1s_20170706::1.2
P,urn:nasa:pds:maven.mag.calibrated:data.pc:mvn_mag_l2_2017188pc1s_20170707::1.2
P,urn:nasa:pds:maven.mag.calibrated:data.pc:mvn_mag_l2_2017189pc1s_20170708::1.2
P,urn:nasa:pds:maven.mag.calibrated:data.pc:mvn_mag_l2_2017190pc1s_20170709::1.2
P,urn:nasa:pds:maven.mag.calibrated:data.pc:mvn_mag_l2_2017191pc1s_20170710::1.2
P,urn:nasa:pds:maven.mag.calibrated:data.pc:mvn_mag_l2_2017192pc1s_20170711::1.2
P,urn:nasa:pds:maven.mag.calibrated:data.pc:mvn_mag_l2_2017193pc1s_20170712::1.2
P,urn:nasa:pds:maven.mag.calibrated:data.pc:mvn_mag_l2_2017194pc1s_20170713::1.2
P,urn:nasa:pds:maven.mag.calibrated:data.pc:mvn_mag_l2_2017195pc1s_20170714::1.2
P,urn:nasa:pds:maven.mag.calibrated:data.pc:mvn_mag_l2_2017196pc1s_20170715::1.2
P,urn:nasa:pds:maven.mag.calibrated:data.pc:mvn_mag_l2_2017197pc1s_20170716::1.2
P,urn:nasa:pds:maven.mag.calibrated:data.pc:mvn_mag_l2_2017198pc1s_20170717::1.2
P,urn:nasa:pds:maven.mag.calibrated:data.pc:mvn_mag_l2_2017199pc1s_20170718::1.2
P,urn:nasa:pds:maven.mag.calibrated:data.pc:mvn_mag_l2_2017200pc1s_20170719::1.2
P,urn:nasa:pds:maven.mag.calibrated:data.pc:mvn_mag_l2_2017201pc1s_20170720::1.2
P,urn:nasa:pds:maven.mag.calibrated:data.pc:mvn_mag_l2_2017202pc1s_20170721::1.2
P,urn:nasa:pds:maven.mag.calibrated:data.pc:mvn_mag_l2_2017203pc1s_20170722::1.2
P,urn:nasa:pds:maven.mag.calibrated:data.pc:mvn_mag_l2_2017204pc1s_20170723::1.2
P,urn:nasa:pds:maven.mag.calibrated:data.pc:mvn_mag_l2_2017205pc1s_20170724::1.2
P,urn:nasa:pds:maven.mag.calibrated:data.pc:mvn_mag_l2_2017206pc1s_20170725::1.2
P,urn:nasa:pds:maven.mag.calibrated:data.pc:mvn_mag_l2_2017207pc1s_20170726::1.2
P,urn:nasa:pds:maven.mag.calibrated:data.pc:mvn_mag_l2_2017208pc1s_20170727::1.2
P,urn:nasa:pds:maven.mag.calibrated:data.pc:mvn_mag_l2_2017209pc1s_20170728::1.2
P,urn:nasa:pds:maven.mag.calibrated:data.pc:mvn_mag_l2_2017210pc1s_20170729::1.2
P,urn:nasa:pds:maven.mag.calibrated:data.pc:mvn_mag_l2_2017211pc1s_20170730::1.2
P,urn:nasa:pds:maven.mag.calibrated:data.pc:mvn_mag_l2_2017212pc1s_20170731::1.2
P,urn:nasa:pds:maven.mag.calibrated:data.pc:mvn_mag_l2_2017213pc1s_20170801::1.2
P,urn:nasa:pds:maven.mag.calibrated:data.pc:mvn_mag_l2_2017214pc1s_20170802::1.2
P,urn:nasa:pds:maven.mag.calibrated:data.pc:mvn_mag_l2_2017215pc1s_20170803::1.2
P,urn:nasa:pds:maven.mag.calibrated:data.pc:mvn_mag_l2_2017216pc1s_20170804::1.2
P,urn:nasa:pds:maven.mag.calibrated:data.pc:mvn_mag_l2_2017217pc1s_20170805::1.2
P,urn:nasa:pds:maven.mag.calibrated:data.pc:mvn_mag_l2_2017218pc1s_20170806::1.2
P,urn:nasa:pds:maven.mag.calibrated:data.pc:mvn_mag_l2_2017219pc1s_20170807::1.2
P,urn:nasa:pds:maven.mag.calibrated:data.pc:mvn_mag_l2_2017220pc1s_20170808::1.2
P,urn:nasa:pds:maven.mag.calibrated:data.pc:mvn_mag_l2_2017221pc1s_20170809::1.2
P,urn:nasa:pds:maven.mag.calibrated:data.pc:mvn_mag_l2_2017222pc1s_20170810::1.2
P,urn:nasa:pds:maven.mag.calibrated:data.pc:mvn_mag_l2_2017223pc1s_20170811::1.2
P,urn:nasa:pds:maven.mag.calibrated:data.pc:mvn_mag_l2_2017224pc1s_20170812::1.2
P,urn:nasa:pds:maven.mag.calibrated:data.pc:mvn_mag_l2_2017225pc1s_20170813::1.2
P,urn:nasa:pds:maven.mag.calibrated:data.pc:mvn_mag_l2_2017226pc1s_20170814::1.2
P,urn:nasa:pds:maven.mag.calibrated:data.pc:mvn_mag_l2_2017227pc1s_20170815::1.2
P,urn:nasa:pds:maven.mag.calibrated:data.pc:mvn_mag_l2_2017228pc1s_20170816::1.2
P,urn:nasa:pds:maven.mag.calibrated:data.pc:mvn_mag_l2_2017229pc1s_20170817::1.2
P,urn:nasa:pds:maven.mag.calibrated:data.pc:mvn_mag_l2_2017230pc1s_20170818::1.2
P,urn:nasa:pds:maven.mag.calibrated:data.pc:mvn_mag_l2_2017231pc1s_20170819::1.2
P,urn:nasa:pds:maven.mag.calibrated:data.pc:mvn_mag_l2_2017232pc1s_20170820::1.2
P,urn:nasa:pds:maven.mag.calibrated:data.pc:mvn_mag_l2_2017233pc1s_20170821::1.2
P,urn:nasa:pds:maven.mag.calibrated:data.pc:mvn_mag_l2_2017234pc1s_20170822::1.2
P,urn:nasa:pds:maven.mag.calibrated:data.pc:mvn_mag_l2_2017235pc1s_20170823::1.2
P,urn:nasa:pds:maven.mag.calibrated:data.pc:mvn_mag_l2_2017236pc1s_20170824::1.2
P,urn:nasa:pds:maven.mag.calibrated:data.pc:mvn_mag_l2_2017237pc1s_20170825::1.2
P,urn:nasa:pds:maven.mag.calibrated:data.pc:mvn_mag_l2_2017238pc1s_20170826::1.2
P,urn:nasa:pds:maven.mag.calibrated:data.pc:mvn_mag_l2_2017239pc1s_20170827::1.2
P,urn:nasa:pds:maven.mag.calibrated:data.pc:mvn_mag_l2_2017240pc1s_20170828::1.2
P,urn:nasa:pds:maven.mag.calibrated:data.pc:mvn_mag_l2_2017241pc1s_20170829::1.2
P,urn:nasa:pds:maven.mag.calibrated:data.pc:mvn_mag_l2_2017242pc1s_20170830::1.2
P,urn:nasa:pds:maven.mag.calibrated:data.pc:mvn_mag_l2_2017243pc1s_20170831::1.2
P,urn:nasa:pds:maven.mag.calibrated:data.pc:mvn_mag_l2_2017244pc1s_20170901::1.2
P,urn:nasa:pds:maven.mag.calibrated:data.pc:mvn_mag_l2_2017245pc1s_20170902::1.2
P,urn:nasa:pds:maven.mag.calibrated:data.pc:mvn_mag_l2_2017246pc1s_20170903::1.2
P,urn:nasa:pds:maven.mag.calibrated:data.pc:mvn_mag_l2_2017247pc1s_20170904::1.2
P,urn:nasa:pds:maven.mag.calibrated:data.pc:mvn_mag_l2_2017248pc1s_20170905::1.2
P,urn:nasa:pds:maven.mag.calibrated:data.pc:mvn_mag_l2_2017249pc1s_20170906::1.2
P,urn:nasa:pds:maven.mag.calibrated:data.pc:mvn_mag_l2_2017250pc1s_20170907::1.2
P,urn:nasa:pds:maven.mag.calibrated:data.pc:mvn_mag_l2_2017251pc1s_20170908::1.2
P,urn:nasa:pds:maven.mag.calibrated:data.pc:mvn_mag_l2_2017252pc1s_20170909::1.2
P,urn:nasa:pds:maven.mag.calibrated:data.pc:mvn_mag_l2_2017253pc1s_20170910::1.2
P,urn:nasa:pds:maven.mag.calibrated:data.pc:mvn_mag_l2_2017254pc1s_20170911::1.2
P,urn:nasa:pds:maven.mag.calibrated:data.pc:mvn_mag_l2_2017255pc1s_20170912::1.2
P,urn:nasa:pds:maven.mag.calibrated:data.pc:mvn_mag_l2_2017256pc1s_20170913::1.2
P,urn:nasa:pds:maven.mag.calibrated:data.pc:mvn_mag_l2_2017257pc1s_20170914::1.2
P,urn:nasa:pds:maven.mag.calibrated:data.pc:mvn_mag_l2_2017258pc1s_20170915::1.2
P,urn:nasa:pds:maven.mag.calibrated:data.pc:mvn_mag_l2_2017259pc1s_20170916::1.2
P,urn:nasa:pds:maven.mag.calibrated:data.pc:mvn_mag_l2_2017260pc1s_20170917::1.2
P,urn:nasa:pds:maven.mag.calibrated:data.pc:mvn_mag_l2_2017261pc1s_20170918::1.2
P,urn:nasa:pds:maven.mag.calibrated:data.pc:mvn_mag_l2_2017262pc1s_20170919::1.2
P,urn:nasa:pds:maven.mag.calibrated:data.pc:mvn_mag_l2_2017263pc1s_20170920::1.2
P,urn:nasa:pds:maven.mag.calibrated:data.pc:mvn_mag_l2_2017264pc1s_20170921::1.2
P,urn:nasa:pds:maven.mag.calibrated:data.pc:mvn_mag_l2_2017265pc1s_20170922::1.2
P,urn:nasa:pds:maven.mag.calibrated:data.pc:mvn_mag_l2_2017266pc1s_20170923::1.2
P,urn:nasa:pds:maven.mag.calibrated:data.pc:mvn_mag_l2_2017267pc1s_20170924::1.2
P,urn:nasa:pds:maven.mag.calibrated:data.pc:mvn_mag_l2_2017268pc1s_20170925::1.2
P,urn:nasa:pds:maven.mag.calibrated:data.pc:mvn_mag_l2_2017269pc1s_20170926::1.2
P,urn:nasa:pds:maven.mag.calibrated:data.pc:mvn_mag_l2_2017270pc1s_20170927::1.2
P,urn:nasa:pds:maven.mag.calibrated:data.pc:mvn_mag_l2_2017271pc1s_20170928::1.2
P,urn:nasa:pds:maven.mag.calibrated:data.pc:mvn_mag_l2_2017272pc1s_20170929::1.2
P,urn:nasa:pds:maven.mag.calibrated:data.pc:mvn_mag_l2_2017273pc1s_20170930::1.2
P,urn:nasa:pds:maven.mag.calibrated:data.pc:mvn_mag_l2_2017274pc1s_20171001::1.2
P,urn:nasa:pds:maven.mag.calibrated:data.pc:mvn_mag_l2_2017275pc1s_20171002::1.2
P,urn:nasa:pds:maven.mag.calibrated:data.pc:mvn_mag_l2_2017276pc1s_20171003::1.2
P,urn:nasa:pds:maven.mag.calibrated:data.pc:mvn_mag_l2_2017277pc1s_20171004::1.2
P,urn:nasa:pds:maven.mag.calibrated:data.pc:mvn_mag_l2_2017278pc1s_20171005::1.2
P,urn:nasa:pds:maven.mag.calibrated:data.pc:mvn_mag_l2_2017279pc1s_20171006::1.2
P,urn:nasa:pds:maven.mag.calibrated:data.pc:mvn_mag_l2_2017280pc1s_20171007::1.2
P,urn:nasa:pds:maven.mag.calibrated:data.pc:mvn_mag_l2_2017281pc1s_20171008::1.2
P,urn:nasa:pds:maven.mag.calibrated:data.pc:mvn_mag_l2_2017282pc1s_20171009::1.2
P,urn:nasa:pds:maven.mag.calibrated:data.pc:mvn_mag_l2_2017283pc1s_20171010::1.2
P,urn:nasa:pds:maven.mag.calibrated:data.pc:mvn_mag_l2_2017284pc1s_20171011::1.2
P,urn:nasa:pds:maven.mag.calibrated:data.pc:mvn_mag_l2_2017285pc1s_20171012::1.2
P,urn:nasa:pds:maven.mag.calibrated:data.pc:mvn_mag_l2_2017286pc1s_20171013::1.2
P,urn:nasa:pds:maven.mag.calibrated:data.pc:mvn_mag_l2_2017287pc1s_20171014::1.2
P,urn:nasa:pds:maven.mag.calibrated:data.pc:mvn_mag_l2_2017288pc1s_20171015::1.2
P,urn:nasa:pds:maven.mag.calibrated:data.pc:mvn_mag_l2_2017289pc1s_20171016::1.2
P,urn:nasa:pds:maven.mag.calibrated:data.pc:mvn_mag_l2_2017290pc1s_20171017::1.2
P,urn:nasa:pds:maven.mag.calibrated:data.pc:mvn_mag_l2_2017291pc1s_20171018::1.2
P,urn:nasa:pds:maven.mag.calibrated:data.pc:mvn_mag_l2_2017292pc1s_20171019::1.2
P,urn:nasa:pds:maven.mag.calibrated:data.pc:mvn_mag_l2_2017293pc1s_20171020::1.2
P,urn:nasa:pds:maven.mag.calibrated:data.pc:mvn_mag_l2_2017294pc1s_20171021::1.2
P,urn:nasa:pds:maven.mag.calibrated:data.pc:mvn_mag_l2_2017295pc1s_20171022::1.2
P,urn:nasa:pds:maven.mag.calibrated:data.pc:mvn_mag_l2_2017296pc1s_20171023::1.2
P,urn:nasa:pds:maven.mag.calibrated:data.pc:mvn_mag_l2_2017297pc1s_20171024::1.2
P,urn:nasa:pds:maven.mag.calibrated:data.pc:mvn_mag_l2_2017298pc1s_20171025::1.2
P,urn:nasa:pds:maven.mag.calibrated:data.pc:mvn_mag_l2_2017299pc1s_20171026::1.2
P,urn:nasa:pds:maven.mag.calibrated:data.pc:mvn_mag_l2_2017300pc1s_20171027::1.2
P,urn:nasa:pds:maven.mag.calibrated:data.pc:mvn_mag_l2_2017301pc1s_20171028::1.2
P,urn:nasa:pds:maven.mag.calibrated:data.pc:mvn_mag_l2_2017302pc1s_20171029::1.2
P,urn:nasa:pds:maven.mag.calibrated:data.pc:mvn_mag_l2_2017303pc1s_20171030::1.2
P,urn:nasa:pds:maven.mag.calibrated:data.pc:mvn_mag_l2_2017304pc1s_20171031::1.2
P,urn:nasa:pds:maven.mag.calibrated:data.pc:mvn_mag_l2_2017305pc1s_20171101::1.2
P,urn:nasa:pds:maven.mag.calibrated:data.pc:mvn_mag_l2_2017306pc1s_20171102::1.2
P,urn:nasa:pds:maven.mag.calibrated:data.pc:mvn_mag_l2_2017307pc1s_20171103::1.2
P,urn:nasa:pds:maven.mag.calibrated:data.pc:mvn_mag_l2_2017308pc1s_20171104::1.2
P,urn:nasa:pds:maven.mag.calibrated:data.pc:mvn_mag_l2_2017309pc1s_20171105::1.2
P,urn:nasa:pds:maven.mag.calibrated:data.pc:mvn_mag_l2_2017310pc1s_20171106::1.2
P,urn:nasa:pds:maven.mag.calibrated:data.pc:mvn_mag_l2_2017311pc1s_20171107::1.2
P,urn:nasa:pds:maven.mag.calibrated:data.pc:mvn_mag_l2_2017312pc1s_20171108::1.2
P,urn:nasa:pds:maven.mag.calibrated:data.pc:mvn_mag_l2_2017313pc1s_20171109::1.2
P,urn:nasa:pds:maven.mag.calibrated:data.pc:mvn_mag_l2_2017314pc1s_20171110::1.2
P,urn:nasa:pds:maven.mag.calibrated:data.pc:mvn_mag_l2_2017315pc1s_20171111::1.2
P,urn:nasa:pds:maven.mag.calibrated:data.pc:mvn_mag_l2_2017316pc1s_20171112::1.2
P,urn:nasa:pds:maven.mag.calibrated:data.pc:mvn_mag_l2_2017317pc1s_20171113::1.2
P,urn:nasa:pds:maven.mag.calibrated:data.pc:mvn_mag_l2_2017318pc1s_20171114::1.2
P,urn:nasa:pds:maven.mag.calibrated:data.pc:mvn_mag_l2_2017319pc1s_20171115::1.2
P,urn:nasa:pds:maven.mag.calibrated:data.pc:mvn_mag_l2_2017320pc1s_20171116::1.2
P,urn:nasa:pds:maven.mag.calibrated:data.pc:mvn_mag_l2_2017321pc1s_20171117::1.2
P,urn:nasa:pds:maven.mag.calibrated:data.pc:mvn_mag_l2_2017322pc1s_20171118::1.2
P,urn:nasa:pds:maven.mag.calibrated:data.pc:mvn_mag_l2_2017323pc1s_20171119::1.2
P,urn:nasa:pds:maven.mag.calibrated:data.pc:mvn_mag_l2_2017324pc1s_20171120::1.2
P,urn:nasa:pds:maven.mag.calibrated:data.pc:mvn_mag_l2_2017325pc1s_20171121::1.2
P,urn:nasa:pds:maven.mag.calibrated:data.pc:mvn_mag_l2_2017326pc1s_20171122::1.2
P,urn:nasa:pds:maven.mag.calibrated:data.pc:mvn_mag_l2_2017327pc1s_20171123::1.2
P,urn:nasa:pds:maven.mag.calibrated:data.pc:mvn_mag_l2_2017328pc1s_20171124::1.2
P,urn:nasa:pds:maven.mag.calibrated:data.pc:mvn_mag_l2_2017329pc1s_20171125::1.2
P,urn:nasa:pds:maven.mag.calibrated:data.pc:mvn_mag_l2_2017330pc1s_20171126::1.2
P,urn:nasa:pds:maven.mag.calibrated:data.pc:mvn_mag_l2_2017331pc1s_20171127::1.2
P,urn:nasa:pds:maven.mag.calibrated:data.pc:mvn_mag_l2_2017332pc1s_20171128::1.2
P,urn:nasa:pds:maven.mag.calibrated:data.pc:mvn_mag_l2_2017333pc1s_20171129::1.2
P,urn:nasa:pds:maven.mag.calibrated:data.pc:mvn_mag_l2_2017334pc1s_20171130::1.2
P,urn:nasa:pds:maven.mag.calibrated:data.pc:mvn_mag_l2_2017335pc1s_20171201::1.2
P,urn:nasa:pds:maven.mag.calibrated:data.pc:mvn_mag_l2_2017336pc1s_20171202::1.2
P,urn:nasa:pds:maven.mag.calibrated:data.pc:mvn_mag_l2_2017337pc1s_20171203::1.2
P,urn:nasa:pds:maven.mag.calibrated:data.pc:mvn_mag_l2_2017338pc1s_20171204::1.2
P,urn:nasa:pds:maven.mag.calibrated:data.pc:mvn_mag_l2_2017339pc1s_20171205::1.2
P,urn:nasa:pds:maven.mag.calibrated:data.pc:mvn_mag_l2_2017340pc1s_20171206::1.2
P,urn:nasa:pds:maven.mag.calibrated:data.pc:mvn_mag_l2_2017341pc1s_20171207::1.2
P,urn:nasa:pds:maven.mag.calibrated:data.pc:mvn_mag_l2_2017342pc1s_20171208::1.2
P,urn:nasa:pds:maven.mag.calibrated:data.pc:mvn_mag_l2_2017343pc1s_20171209::1.2
P,urn:nasa:pds:maven.mag.calibrated:data.pc:mvn_mag_l2_2017344pc1s_20171210::1.2
P,urn:nasa:pds:maven.mag.calibrated:data.pc:mvn_mag_l2_2017345pc1s_20171211::1.2
P,urn:nasa:pds:maven.mag.calibrated:data.pc:mvn_mag_l2_2017346pc1s_20171212::1.2
P,urn:nasa:pds:maven.mag.calibrated:data.pc:mvn_mag_l2_2017347pc1s_20171213::1.2
P,urn:nasa:pds:maven.mag.calibrated:data.pc:mvn_mag_l2_2017348pc1s_20171214::1.2
P,urn:nasa:pds:maven.mag.calibrated:data.pc:mvn_mag_l2_2017349pc1s_20171215::1.2
P,urn:nasa:pds:maven.mag.calibrated:data.pc:mvn_mag_l2_2017350pc1s_20171216::1.2
P,urn:nasa:pds:maven.mag.calibrated:data.pc:mvn_mag_l2_2017351pc1s_20171217::1.2
P,urn:nasa:pds:maven.mag.calibrated:data.pc:mvn_mag_l2_2017352pc1s_20171218::1.2
P,urn:nasa:pds:maven.mag.calibrated:data.pc:mvn_mag_l2_2017353pc1s_20171219::1.2
P,urn:nasa:pds:maven.mag.calibrated:data.pc:mvn_mag_l2_2017354pc1s_20171220::1.2
P,urn:nasa:pds:maven.mag.calibrated:data.pc:mvn_mag_l2_2017355pc1s_20171221::1.2
P,urn:nasa:pds:maven.mag.calibrated:data.pc:mvn_mag_l2_2017356pc1s_20171222::1.2
P,urn:nasa:pds:maven.mag.calibrated:data.pc:mvn_mag_l2_2017357pc1s_20171223::1.2
P,urn:nasa:pds:maven.mag.calibrated:data.pc:mvn_mag_l2_2017358pc1s_20171224::1.2
P,urn:nasa:pds:maven.mag.calibrated:data.pc:mvn_mag_l2_2017359pc1s_20171225::1.2
P,urn:nasa:pds:maven.mag.calibrated:data.pc:mvn_mag_l2_2017360pc1s_20171226::1.2
P,urn:nasa:pds:maven.mag.calibrated:data.pc:mvn_mag_l2_2017361pc1s_20171227::1.2
P,urn:nasa:pds:maven.mag.calibrated:data.pc:mvn_mag_l2_2017362pc1s_20171228::1.2
P,urn:nasa:pds:maven.mag.calibrated:data.pc:mvn_mag_l2_2017363pc1s_20171229::1.2
P,urn:nasa:pds:maven.mag.calibrated:data.pc:mvn_mag_l2_2017364pc1s_20171230::1.2
P,urn:nasa:pds:maven.mag.calibrated:data.pc:mvn_mag_l2_2017365pc1s_20171231::1.2
P,urn:nasa:pds:maven.mag.calibrated:data.pc:mvn_mag_l2_2018001pc1s_20180101::1.2
P,urn:nasa:pds:maven.mag.calibrated:data.pc:mvn_mag_l2_2018002pc1s_20180102::1.2
P,urn:nasa:pds:maven.mag.calibrated:data.pc:mvn_mag_l2_2018003pc1s_20180103::1.2
P,urn:nasa:pds:maven.mag.calibrated:data.pc:mvn_mag_l2_2018004pc1s_20180104::1.2
P,urn:nasa:pds:maven.mag.calibrated:data.pc:mvn_mag_l2_2018005pc1s_20180105::1.2
P,urn:nasa:pds:maven.mag.calibrated:data.pc:mvn_mag_l2_2018006pc1s_20180106::1.2
P,urn:nasa:pds:maven.mag.calibrated:data.pc:mvn_mag_l2_2018007pc1s_20180107::1.2
P,urn:nasa:pds:maven.mag.calibrated:data.pc:mvn_mag_l2_2018008pc1s_20180108::1.2
P,urn:nasa:pds:maven.mag.calibrated:data.pc:mvn_mag_l2_2018009pc1s_20180109::1.2
P,urn:nasa:pds:maven.mag.calibrated:data.pc:mvn_mag_l2_2018010pc1s_20180110::1.2
P,urn:nasa:pds:maven.mag.calibrated:data.pc:mvn_mag_l2_2018011pc1s_20180111::1.2
P,urn:nasa:pds:maven.mag.calibrated:data.pc:mvn_mag_l2_2018012pc1s_20180112::1.2
P,urn:nasa:pds:maven.mag.calibrated:data.pc:mvn_mag_l2_2018013pc1s_20180113::1.2
P,urn:nasa:pds:maven.mag.calibrated:data.pc:mvn_mag_l2_2018014pc1s_20180114::1.2
P,urn:nasa:pds:maven.mag.calibrated:data.pc:mvn_mag_l2_2018015pc1s_20180115::1.2
P,urn:nasa:pds:maven.mag.calibrated:data.pc:mvn_mag_l2_2018016pc1s_20180116::1.2
P,urn:nasa:pds:maven.mag.calibrated:data.pc:mvn_mag_l2_2018017pc1s_20180117::1.2
P,urn:nasa:pds:maven.mag.calibrated:data.pc:mvn_mag_l2_2018018pc1s_20180118::1.2
P,urn:nasa:pds:maven.mag.calibrated:data.pc:mvn_mag_l2_2018019pc1s_20180119::1.2
P,urn:nasa:pds:maven.mag.calibrated:data.pc:mvn_mag_l2_2018020pc1s_20180120::1.2
P,urn:nasa:pds:maven.mag.calibrated:data.pc:mvn_mag_l2_2018021pc1s_20180121::1.2
P,urn:nasa:pds:maven.mag.calibrated:data.pc:mvn_mag_l2_2018022pc1s_20180122::1.2
P,urn:nasa:pds:maven.mag.calibrated:data.pc:mvn_mag_l2_2018023pc1s_20180123::1.2
P,urn:nasa:pds:maven.mag.calibrated:data.pc:mvn_mag_l2_2018024pc1s_20180124::1.2
P,urn:nasa:pds:maven.mag.calibrated:data.pc:mvn_mag_l2_2018025pc1s_20180125::1.2
P,urn:nasa:pds:maven.mag.calibrated:data.pc:mvn_mag_l2_2018026pc1s_20180126::1.2
P,urn:nasa:pds:maven.mag.calibrated:data.pc:mvn_mag_l2_2018027pc1s_20180127::1.2
P,urn:nasa:pds:maven.mag.calibrated:data.pc:mvn_mag_l2_2018028pc1s_20180128::1.2
P,urn:nasa:pds:maven.mag.calibrated:data.pc:mvn_mag_l2_2018029pc1s_20180129::1.2
P,urn:nasa:pds:maven.mag.calibrated:data.pc:mvn_mag_l2_2018030pc1s_20180130::1.2
P,urn:nasa:pds:maven.mag.calibrated:data.pc:mvn_mag_l2_2018031pc1s_20180131::1.2
P,urn:nasa:pds:maven.mag.calibrated:data.pc:mvn_mag_l2_2018032pc1s_20180201::1.2
P,urn:nasa:pds:maven.mag.calibrated:data.pc:mvn_mag_l2_2018033pc1s_20180202::1.2
P,urn:nasa:pds:maven.mag.calibrated:data.pc:mvn_mag_l2_2018034pc1s_20180203::1.2
P,urn:nasa:pds:maven.mag.calibrated:data.pc:mvn_mag_l2_2018035pc1s_20180204::1.2
P,urn:nasa:pds:maven.mag.calibrated:data.pc:mvn_mag_l2_2018036pc1s_20180205::1.2
P,urn:nasa:pds:maven.mag.calibrated:data.pc:mvn_mag_l2_2018037pc1s_20180206::1.2
P,urn:nasa:pds:maven.mag.calibrated:data.pc:mvn_mag_l2_2018038pc1s_20180207::1.2
P,urn:nasa:pds:maven.mag.calibrated:data.pc:mvn_mag_l2_2018039pc1s_20180208::1.2
P,urn:nasa:pds:maven.mag.calibrated:data.pc:mvn_mag_l2_2018040pc1s_20180209::1.2
P,urn:nasa:pds:maven.mag.calibrated:data.pc:mvn_mag_l2_2018041pc1s_20180210::1.2
P,urn:nasa:pds:maven.mag.calibrated:data.pc:mvn_mag_l2_2018042pc1s_20180211::1.2
P,urn:nasa:pds:maven.mag.calibrated:data.pc:mvn_mag_l2_2018043pc1s_20180212::1.2
P,urn:nasa:pds:maven.mag.calibrated:data.pc:mvn_mag_l2_2018044pc1s_20180213::1.2
P,urn:nasa:pds:maven.mag.calibrated:data.pc:mvn_mag_l2_2018045pc1s_20180214::1.2
P,urn:nasa:pds:maven.mag.calibrated:data.pc:mvn_mag_l2_2018046pc1s_20180215::1.2
P,urn:nasa:pds:maven.mag.calibrated:data.pc:mvn_mag_l2_2018047pc1s_20180216::1.2
P,urn:nasa:pds:maven.mag.calibrated:data.pc:mvn_mag_l2_2018048pc1s_20180217::1.2
P,urn:nasa:pds:maven.mag.calibrated:data.pc:mvn_mag_l2_2018049pc1s_20180218::1.2
P,urn:nasa:pds:maven.mag.calibrated:data.pc:mvn_mag_l2_2018050pc1s_20180219::1.2
P,urn:nasa:pds:maven.mag.calibrated:data.pc:mvn_mag_l2_2018051pc1s_20180220::1.2
P,urn:nasa:pds:maven.mag.calibrated:data.pc:mvn_mag_l2_2018052pc1s_20180221::1.2
P,urn:nasa:pds:maven.mag.calibrated:data.pc:mvn_mag_l2_2018053pc1s_20180222::1.2
P,urn:nasa:pds:maven.mag.calibrated:data.pc:mvn_mag_l2_2018054pc1s_20180223::1.2
P,urn:nasa:pds:maven.mag.calibrated:data.pc:mvn_mag_l2_2018055pc1s_20180224::1.2
P,urn:nasa:pds:maven.mag.calibrated:data.pc:mvn_mag_l2_2018056pc1s_20180225::1.2
P,urn:nasa:pds:maven.mag.calibrated:data.pc:mvn_mag_l2_2018057pc1s_20180226::1.2
P,urn:nasa:pds:maven.mag.calibrated:data.pc:mvn_mag_l2_2018058pc1s_20180227::1.2
P,urn:nasa:pds:maven.mag.calibrated:data.pc:mvn_mag_l2_2018059pc1s_20180228::1.2
P,urn:nasa:pds:maven.mag.calibrated:data.pc:mvn_mag_l2_2018060pc1s_20180301::1.2
P,urn:nasa:pds:maven.mag.calibrated:data.pc:mvn_mag_l2_2018061pc1s_20180302::1.2
P,urn:nasa:pds:maven.mag.calibrated:data.pc:mvn_mag_l2_2018062pc1s_20180303::1.2
P,urn:nasa:pds:maven.mag.calibrated:data.pc:mvn_mag_l2_2018063pc1s_20180304::1.2
P,urn:nasa:pds:maven.mag.calibrated:data.pc:mvn_mag_l2_2018064pc1s_20180305::1.2
P,urn:nasa:pds:maven.mag.calibrated:data.pc:mvn_mag_l2_2018065pc1s_20180306::1.2
P,urn:nasa:pds:maven.mag.calibrated:data.pc:mvn_mag_l2_2018066pc1s_20180307::1.2
P,urn:nasa:pds:maven.mag.calibrated:data.pc:mvn_mag_l2_2018067pc1s_20180308::1.2
P,urn:nasa:pds:maven.mag.calibrated:data.pc:mvn_mag_l2_2018068pc1s_20180309::1.2
P,urn:nasa:pds:maven.mag.calibrated:data.pc:mvn_mag_l2_2018069pc1s_20180310::1.2
P,urn:nasa:pds:maven.mag.calibrated:data.pc:mvn_mag_l2_2018070pc1s_20180311::1.2
P,urn:nasa:pds:maven.mag.calibrated:data.pc:mvn_mag_l2_2018071pc1s_20180312::1.2
P,urn:nasa:pds:maven.mag.calibrated:data.pc:mvn_mag_l2_2018072pc1s_20180313::1.2
P,urn:nasa:pds:maven.mag.calibrated:data.pc:mvn_mag_l2_2018073pc1s_20180314::1.2
P,urn:nasa:pds:maven.mag.calibrated:data.pc:mvn_mag_l2_2018074pc1s_20180315::1.2
P,urn:nasa:pds:maven.mag.calibrated:data.pc:mvn_mag_l2_2018075pc1s_20180316::1.2
P,urn:nasa:pds:maven.mag.calibrated:data.pc:mvn_mag_l2_2018076pc1s_20180317::1.2
P,urn:nasa:pds:maven.mag.calibrated:data.pc:mvn_mag_l2_2018077pc1s_20180318::1.2
P,urn:nasa:pds:maven.mag.calibrated:data.pc:mvn_mag_l2_2018078pc1s_20180319::1.2
P,urn:nasa:pds:maven.mag.calibrated:data.pc:mvn_mag_l2_2018079pc1s_20180320::1.2
P,urn:nasa:pds:maven.mag.calibrated:data.pc:mvn_mag_l2_2018080pc1s_20180321::1.2
P,urn:nasa:pds:maven.mag.calibrated:data.pc:mvn_mag_l2_2018081pc1s_20180322::1.2
P,urn:nasa:pds:maven.mag.calibrated:data.pc:mvn_mag_l2_2018082pc1s_20180323::1.2
P,urn:nasa:pds:maven.mag.calibrated:data.pc:mvn_mag_l2_2018083pc1s_20180324::1.2
P,urn:nasa:pds:maven.mag.calibrated:data.pc:mvn_mag_l2_2018084pc1s_20180325::1.2
P,urn:nasa:pds:maven.mag.calibrated:data.pc:mvn_mag_l2_2018085pc1s_20180326::1.2
P,urn:nasa:pds:maven.mag.calibrated:data.pc:mvn_mag_l2_2018086pc1s_20180327::1.2
P,urn:nasa:pds:maven.mag.calibrated:data.pc:mvn_mag_l2_2018087pc1s_20180328::1.2
P,urn:nasa:pds:maven.mag.calibrated:data.pc:mvn_mag_l2_2018088pc1s_20180329::1.2
P,urn:nasa:pds:maven.mag.calibrated:data.pc:mvn_mag_l2_2018089pc1s_20180330::1.2
P,urn:nasa:pds:maven.mag.calibrated:data.pc:mvn_mag_l2_2018090pc1s_20180331::1.2
P,urn:nasa:pds:maven.mag.calibrated:data.pc:mvn_mag_l2_2018091pc1s_20180401::1.2
P,urn:nasa:pds:maven.mag.calibrated:data.pc:mvn_mag_l2_2018092pc1s_20180402::1.2
P,urn:nasa:pds:maven.mag.calibrated:data.pc:mvn_mag_l2_2018093pc1s_20180403::1.2
P,urn:nasa:pds:maven.mag.calibrated:data.pc:mvn_mag_l2_2018094pc1s_20180404::1.2
P,urn:nasa:pds:maven.mag.calibrated:data.pc:mvn_mag_l2_2018095pc1s_20180405::1.2
P,urn:nasa:pds:maven.mag.calibrated:data.pc:mvn_mag_l2_2018096pc1s_20180406::1.2
P,urn:nasa:pds:maven.mag.calibrated:data.pc:mvn_mag_l2_2018097pc1s_20180407::1.2
P,urn:nasa:pds:maven.mag.calibrated:data.pc:mvn_mag_l2_2018098pc1s_20180408::1.2
P,urn:nasa:pds:maven.mag.calibrated:data.pc:mvn_mag_l2_2018099pc1s_20180409::1.2
P,urn:nasa:pds:maven.mag.calibrated:data.pc:mvn_mag_l2_2018100pc1s_20180410::1.2
P,urn:nasa:pds:maven.mag.calibrated:data.pc:mvn_mag_l2_2018101pc1s_20180411::1.2
P,urn:nasa:pds:maven.mag.calibrated:data.pc:mvn_mag_l2_2018102pc1s_20180412::1.2
P,urn:nasa:pds:maven.mag.calibrated:data.pc:mvn_mag_l2_2018103pc1s_20180413::1.2
P,urn:nasa:pds:maven.mag.calibrated:data.pc:mvn_mag_l2_2018104pc1s_20180414::1.2
P,urn:nasa:pds:maven.mag.calibrated:data.pc:mvn_mag_l2_2018105pc1s_20180415::1.2
P,urn:nasa:pds:maven.mag.calibrated:data.pc:mvn_mag_l2_2018106pc1s_20180416::1.2
P,urn:nasa:pds:maven.mag.calibrated:data.pc:mvn_mag_l2_2018107pc1s_20180417::1.2
P,urn:nasa:pds:maven.mag.calibrated:data.pc:mvn_mag_l2_2018108pc1s_20180418::1.2
P,urn:nasa:pds:maven.mag.calibrated:data.pc:mvn_mag_l2_2018109pc1s_20180419::1.2
P,urn:nasa:pds:maven.mag.calibrated:data.pc:mvn_mag_l2_2018110pc1s_20180420::1.2
P,urn:nasa:pds:maven.mag.calibrated:data.pc:mvn_mag_l2_2018111pc1s_20180421::1.2
P,urn:nasa:pds:maven.mag.calibrated:data.pc:mvn_mag_l2_2018112pc1s_20180422::1.2
P,urn:nasa:pds:maven.mag.calibrated:data.pc:mvn_mag_l2_2018113pc1s_20180423::1.2
P,urn:nasa:pds:maven.mag.calibrated:data.pc:mvn_mag_l2_2018114pc1s_20180424::1.2
P,urn:nasa:pds:maven.mag.calibrated:data.pc:mvn_mag_l2_2018115pc1s_20180425::1.2
P,urn:nasa:pds:maven.mag.calibrated:data.pc:mvn_mag_l2_2018116pc1s_20180426::1.2
P,urn:nasa:pds:maven.mag.calibrated:data.pc:mvn_mag_l2_2018117pc1s_20180427::1.2
P,urn:nasa:pds:maven.mag.calibrated:data.pc:mvn_mag_l2_2018118pc1s_20180428::1.2
P,urn:nasa:pds:maven.mag.calibrated:data.pc:mvn_mag_l2_2018119pc1s_20180429::1.2
P,urn:nasa:pds:maven.mag.calibrated:data.pc:mvn_mag_l2_2018120pc1s_20180430::1.2
P,urn:nasa:pds:maven.mag.calibrated:data.pc:mvn_mag_l2_2018121pc1s_20180501::1.2
P,urn:nasa:pds:maven.mag.calibrated:data.pc:mvn_mag_l2_2018122pc1s_20180502::1.2
P,urn:nasa:pds:maven.mag.calibrated:data.pc:mvn_mag_l2_2018123pc1s_20180503::1.2
P,urn:nasa:pds:maven.mag.calibrated:data.pc:mvn_mag_l2_2018124pc1s_20180504::1.2
P,urn:nasa:pds:maven.mag.calibrated:data.pc:mvn_mag_l2_2018125pc1s_20180505::1.2
P,urn:nasa:pds:maven.mag.calibrated:data.pc:mvn_mag_l2_2018126pc1s_20180506::1.2
P,urn:nasa:pds:maven.mag.calibrated:data.pc:mvn_mag_l2_2018127pc1s_20180507::1.2
P,urn:nasa:pds:maven.mag.calibrated:data.pc:mvn_mag_l2_2018128pc1s_20180508::1.2
P,urn:nasa:pds:maven.mag.calibrated:data.pc:mvn_mag_l2_2018129pc1s_20180509::1.2
P,urn:nasa:pds:maven.mag.calibrated:data.pc:mvn_mag_l2_2018130pc1s_20180510::1.2
P,urn:nasa:pds:maven.mag.calibrated:data.pc:mvn_mag_l2_2018131pc1s_20180511::1.2
P,urn:nasa:pds:maven.mag.calibrated:data.pc:mvn_mag_l2_2018132pc1s_20180512::1.2
P,urn:nasa:pds:maven.mag.calibrated:data.pc:mvn_mag_l2_2018133pc1s_20180513::1.2
P,urn:nasa:pds:maven.mag.calibrated:data.pc:mvn_mag_l2_2018134pc1s_20180514::1.2
P,urn:nasa:pds:maven.mag.calibrated:data.pc:mvn_mag_l2_2018135pc1s_20180515::1.2
P,urn:nasa:pds:maven.mag.calibrated:data.pc:mvn_mag_l2_2018136pc1s_20180516::1.2
P,urn:nasa:pds:maven.mag.calibrated:data.pc:mvn_mag_l2_2018137pc1s_20180517::1.2
P,urn:nasa:pds:maven.mag.calibrated:data.pc:mvn_mag_l2_2018138pc1s_20180518::1.2
P,urn:nasa:pds:maven.mag.calibrated:data.pc:mvn_mag_l2_2018139pc1s_20180519::1.2
P,urn:nasa:pds:maven.mag.calibrated:data.pc:mvn_mag_l2_2018140pc1s_20180520::1.2
P,urn:nasa:pds:maven.mag.calibrated:data.pc:mvn_mag_l2_2018141pc1s_20180521::1.2
P,urn:nasa:pds:maven.mag.calibrated:data.pc:mvn_mag_l2_2018142pc1s_20180522::1.2
P,urn:nasa:pds:maven.mag.calibrated:data.pc:mvn_mag_l2_2018143pc1s_20180523::1.2
P,urn:nasa:pds:maven.mag.calibrated:data.pc:mvn_mag_l2_2018144pc1s_20180524::1.2
P,urn:nasa:pds:maven.mag.calibrated:data.pc:mvn_mag_l2_2018145pc1s_20180525::1.2
P,urn:nasa:pds:maven.mag.calibrated:data.pc:mvn_mag_l2_2018146pc1s_20180526::1.2
P,urn:nasa:pds:maven.mag.calibrated:data.pc:mvn_mag_l2_2018147pc1s_20180527::1.2
P,urn:nasa:pds:maven.mag.calibrated:data.pc:mvn_mag_l2_2018148pc1s_20180528::1.2
P,urn:nasa:pds:maven.mag.calibrated:data.pc:mvn_mag_l2_2018149pc1s_20180529::1.2
P,urn:nasa:pds:maven.mag.calibrated:data.pc:mvn_mag_l2_2018150pc1s_20180530::1.2
P,urn:nasa:pds:maven.mag.calibrated:data.pc:mvn_mag_l2_2018151pc1s_20180531::1.2
P,urn:nasa:pds:maven.mag.calibrated:data.pc:mvn_mag_l2_2018152pc1s_20180601::1.2
P,urn:nasa:pds:maven.mag.calibrated:data.pc:mvn_mag_l2_2018153pc1s_20180602::1.2
P,urn:nasa:pds:maven.mag.calibrated:data.pc:mvn_mag_l2_2018154pc1s_20180603::1.2
P,urn:nasa:pds:maven.mag.calibrated:data.pc:mvn_mag_l2_2018155pc1s_20180604::1.2
P,urn:nasa:pds:maven.mag.calibrated:data.pc:mvn_mag_l2_2018156pc1s_20180605::1.2
P,urn:nasa:pds:maven.mag.calibrated:data.pc:mvn_mag_l2_2018157pc1s_20180606::1.2
P,urn:nasa:pds:maven.mag.calibrated:data.pc:mvn_mag_l2_2018158pc1s_20180607::1.2
P,urn:nasa:pds:maven.mag.calibrated:data.pc:mvn_mag_l2_2018159pc1s_20180608::1.2
P,urn:nasa:pds:maven.mag.calibrated:data.pc:mvn_mag_l2_2018160pc1s_20180609::1.2
P,urn:nasa:pds:maven.mag.calibrated:data.pc:mvn_mag_l2_2018161pc1s_20180610::1.2
P,urn:nasa:pds:maven.mag.calibrated:data.pc:mvn_mag_l2_2018162pc1s_20180611::1.2
P,urn:nasa:pds:maven.mag.calibrated:data.pc:mvn_mag_l2_2018163pc1s_20180612::1.2
P,urn:nasa:pds:maven.mag.calibrated:data.pc:mvn_mag_l2_2018164pc1s_20180613::1.2
P,urn:nasa:pds:maven.mag.calibrated:data.pc:mvn_mag_l2_2018165pc1s_20180614::1.2
P,urn:nasa:pds:maven.mag.calibrated:data.pc:mvn_mag_l2_2018166pc1s_20180615::1.2
P,urn:nasa:pds:maven.mag.calibrated:data.pc:mvn_mag_l2_2018167pc1s_20180616::1.2
P,urn:nasa:pds:maven.mag.calibrated:data.pc:mvn_mag_l2_2018168pc1s_20180617::1.2
P,urn:nasa:pds:maven.mag.calibrated:data.pc:mvn_mag_l2_2018169pc1s_20180618::1.2
P,urn:nasa:pds:maven.mag.calibrated:data.pc:mvn_mag_l2_2018170pc1s_20180619::1.2
P,urn:nasa:pds:maven.mag.calibrated:data.pc:mvn_mag_l2_2018171pc1s_20180620::1.2
P,urn:nasa:pds:maven.mag.calibrated:data.pc:mvn_mag_l2_2018172pc1s_20180621::1.2
P,urn:nasa:pds:maven.mag.calibrated:data.pc:mvn_mag_l2_2018173pc1s_20180622::1.2
P,urn:nasa:pds:maven.mag.calibrated:data.pc:mvn_mag_l2_2018174pc1s_20180623::1.2
P,urn:nasa:pds:maven.mag.calibrated:data.pc:mvn_mag_l2_2018175pc1s_20180624::1.2
P,urn:nasa:pds:maven.mag.calibrated:data.pc:mvn_mag_l2_2018176pc1s_20180625::1.2
P,urn:nasa:pds:maven.mag.calibrated:data.pc:mvn_mag_l2_2018177pc1s_20180626::1.2
P,urn:nasa:pds:maven.mag.calibrated:data.pc:mvn_mag_l2_2018178pc1s_20180627::1.2
P,urn:nasa:pds:maven.mag.calibrated:data.pc:mvn_mag_l2_2018179pc1s_20180628::1.2
P,urn:nasa:pds:maven.mag.calibrated:data.pc:mvn_mag_l2_2018180pc1s_20180629::1.2
P,urn:nasa:pds:maven.mag.calibrated:data.pc:mvn_mag_l2_2018181pc1s_20180630::1.2
P,urn:nasa:pds:maven.mag.calibrated:data.pc:mvn_mag_l2_2018182pc1s_20180701::1.2
P,urn:nasa:pds:maven.mag.calibrated:data.pc:mvn_mag_l2_2018183pc1s_20180702::1.2
P,urn:nasa:pds:maven.mag.calibrated:data.pc:mvn_mag_l2_2018184pc1s_20180703::1.2
P,urn:nasa:pds:maven.mag.calibrated:data.pc:mvn_mag_l2_2018185pc1s_20180704::1.2
P,urn:nasa:pds:maven.mag.calibrated:data.pc:mvn_mag_l2_2018186pc1s_20180705::1.2
P,urn:nasa:pds:maven.mag.calibrated:data.pc:mvn_mag_l2_2018187pc1s_20180706::1.2
P,urn:nasa:pds:maven.mag.calibrated:data.pc:mvn_mag_l2_2018188pc1s_20180707::1.2
P,urn:nasa:pds:maven.mag.calibrated:data.pc:mvn_mag_l2_2018189pc1s_20180708::1.2
P,urn:nasa:pds:maven.mag.calibrated:data.pc:mvn_mag_l2_2018190pc1s_20180709::1.2
P,urn:nasa:pds:maven.mag.calibrated:data.pc:mvn_mag_l2_2018191pc1s_20180710::1.2
P,urn:nasa:pds:maven.mag.calibrated:data.pc:mvn_mag_l2_2018192pc1s_20180711::1.2
P,urn:nasa:pds:maven.mag.calibrated:data.pc:mvn_mag_l2_2018193pc1s_20180712::1.2
P,urn:nasa:pds:maven.mag.calibrated:data.pc:mvn_mag_l2_2018194pc1s_20180713::1.2
P,urn:nasa:pds:maven.mag.calibrated:data.pc:mvn_mag_l2_2018195pc1s_20180714::1.2
P,urn:nasa:pds:maven.mag.calibrated:data.pc:mvn_mag_l2_2018196pc1s_20180715::1.2
P,urn:nasa:pds:maven.mag.calibrated:data.pc:mvn_mag_l2_2018197pc1s_20180716::1.2
P,urn:nasa:pds:maven.mag.calibrated:data.pc:mvn_mag_l2_2018198pc1s_20180717::1.2
P,urn:nasa:pds:maven.mag.calibrated:data.pc:mvn_mag_l2_2018199pc1s_20180718::1.2
P,urn:nasa:pds:maven.mag.calibrated:data.pc:mvn_mag_l2_2018200pc1s_20180719::1.2
P,urn:nasa:pds:maven.mag.calibrated:data.pc:mvn_mag_l2_2018201pc1s_20180720::1.2
P,urn:nasa:pds:maven.mag.calibrated:data.pc:mvn_mag_l2_2018202pc1s_20180721::1.2
P,urn:nasa:pds:maven.mag.calibrated:data.pc:mvn_mag_l2_2018203pc1s_20180722::1.2
P,urn:nasa:pds:maven.mag.calibrated:data.pc:mvn_mag_l2_2018204pc1s_20180723::1.2
P,urn:nasa:pds:maven.mag.calibrated:data.pc:mvn_mag_l2_2018205pc1s_20180724::1.2
P,urn:nasa:pds:maven.mag.calibrated:data.pc:mvn_mag_l2_2018206pc1s_20180725::1.2
P,urn:nasa:pds:maven.mag.calibrated:data.pc:mvn_mag_l2_2018207pc1s_20180726::1.2
P,urn:nasa:pds:maven.mag.calibrated:data.pc:mvn_mag_l2_2018208pc1s_20180727::1.2
P,urn:nasa:pds:maven.mag.calibrated:data.pc:mvn_mag_l2_2018209pc1s_20180728::1.2
P,urn:nasa:pds:maven.mag.calibrated:data.pc:mvn_mag_l2_2018210pc1s_20180729::1.2
P,urn:nasa:pds:maven.mag.calibrated:data.pc:mvn_mag_l2_2018211pc1s_20180730::1.2
P,urn:nasa:pds:maven.mag.calibrated:data.pc:mvn_mag_l2_2018212pc1s_20180731::1.2
P,urn:nasa:pds:maven.mag.calibrated:data.pc:mvn_mag_l2_2018213pc1s_20180801::1.2
P,urn:nasa:pds:maven.mag.calibrated:data.pc:mvn_mag_l2_2018214pc1s_20180802::1.2
P,urn:nasa:pds:maven.mag.calibrated:data.pc:mvn_mag_l2_2018215pc1s_20180803::1.2
P,urn:nasa:pds:maven.mag.calibrated:data.pc:mvn_mag_l2_2018216pc1s_20180804::1.2
P,urn:nasa:pds:maven.mag.calibrated:data.pc:mvn_mag_l2_2018217pc1s_20180805::1.2
P,urn:nasa:pds:maven.mag.calibrated:data.pc:mvn_mag_l2_2018218pc1s_20180806::1.2
P,urn:nasa:pds:maven.mag.calibrated:data.pc:mvn_mag_l2_2018219pc1s_20180807::1.2
P,urn:nasa:pds:maven.mag.calibrated:data.pc:mvn_mag_l2_2018220pc1s_20180808::1.2
P,urn:nasa:pds:maven.mag.calibrated:data.pc:mvn_mag_l2_2018221pc1s_20180809::1.2
P,urn:nasa:pds:maven.mag.calibrated:data.pc:mvn_mag_l2_2018222pc1s_20180810::1.2
P,urn:nasa:pds:maven.mag.calibrated:data.pc:mvn_mag_l2_2018223pc1s_20180811::1.2
P,urn:nasa:pds:maven.mag.calibrated:data.pc:mvn_mag_l2_2018224pc1s_20180812::1.2
P,urn:nasa:pds:maven.mag.calibrated:data.pc:mvn_mag_l2_2018225pc1s_20180813::1.2
P,urn:nasa:pds:maven.mag.calibrated:data.pc:mvn_mag_l2_2018226pc1s_20180814::1.2
P,urn:nasa:pds:maven.mag.calibrated:data.pc:mvn_mag_l2_2018227pc1s_20180815::1.2
P,urn:nasa:pds:maven.mag.calibrated:data.pc:mvn_mag_l2_2018228pc1s_20180816::1.2
P,urn:nasa:pds:maven.mag.calibrated:data.pc:mvn_mag_l2_2018229pc1s_20180817::1.2
P,urn:nasa:pds:maven.mag.calibrated:data.pc:mvn_mag_l2_2018230pc1s_20180818::1.2
P,urn:nasa:pds:maven.mag.calibrated:data.pc:mvn_mag_l2_2018231pc1s_20180819::1.2
P,urn:nasa:pds:maven.mag.calibrated:data.pc:mvn_mag_l2_2018232pc1s_20180820::1.2
P,urn:nasa:pds:maven.mag.calibrated:data.pc:mvn_mag_l2_2018233pc1s_20180821::1.2
P,urn:nasa:pds:maven.mag.calibrated:data.pc:mvn_mag_l2_2018234pc1s_20180822::1.2
P,urn:nasa:pds:maven.mag.calibrated:data.pc:mvn_mag_l2_2018235pc1s_20180823::1.2
P,urn:nasa:pds:maven.mag.calibrated:data.pc:mvn_mag_l2_2018236pc1s_20180824::1.2
P,urn:nasa:pds:maven.mag.calibrated:data.pc:mvn_mag_l2_2018237pc1s_20180825::1.2
P,urn:nasa:pds:maven.mag.calibrated:data.pc:mvn_mag_l2_2018238pc1s_20180826::1.2
P,urn:nasa:pds:maven.mag.calibrated:data.pc:mvn_mag_l2_2018239pc1s_20180827::1.2
P,urn:nasa:pds:maven.mag.calibrated:data.pc:mvn_mag_l2_2018240pc1s_20180828::1.2
P,urn:nasa:pds:maven.mag.calibrated:data.pc:mvn_mag_l2_2018241pc1s_20180829::1.2
P,urn:nasa:pds:maven.mag.calibrated:data.pc:mvn_mag_l2_2018242pc1s_20180830::1.2
P,urn:nasa:pds:maven.mag.calibrated:data.pc:mvn_mag_l2_2018243pc1s_20180831::1.2
P,urn:nasa:pds:maven.mag.calibrated:data.pc:mvn_mag_l2_2018244pc1s_20180901::1.2
P,urn:nasa:pds:maven.mag.calibrated:data.pc:mvn_mag_l2_2018245pc1s_20180902::1.2
P,urn:nasa:pds:maven.mag.calibrated:data.pc:mvn_mag_l2_2018246pc1s_20180903::1.2
P,urn:nasa:pds:maven.mag.calibrated:data.pc:mvn_mag_l2_2018247pc1s_20180904::1.2
P,urn:nasa:pds:maven.mag.calibrated:data.pc:mvn_mag_l2_2018248pc1s_20180905::1.2
P,urn:nasa:pds:maven.mag.calibrated:data.pc:mvn_mag_l2_2018249pc1s_20180906::1.2
P,urn:nasa:pds:maven.mag.calibrated:data.pc:mvn_mag_l2_2018250pc1s_20180907::1.2
P,urn:nasa:pds:maven.mag.calibrated:data.pc:mvn_mag_l2_2018251pc1s_20180908::1.2
P,urn:nasa:pds:maven.mag.calibrated:data.pc:mvn_mag_l2_2018252pc1s_20180909::1.2
P,urn:nasa:pds:maven.mag.calibrated:data.pc:mvn_mag_l2_2018253pc1s_20180910::1.2
P,urn:nasa:pds:maven.mag.calibrated:data.pc:mvn_mag_l2_2018254pc1s_20180911::1.2
P,urn:nasa:pds:maven.mag.calibrated:data.pc:mvn_mag_l2_2018255pc1s_20180912::1.2
P,urn:nasa:pds:maven.mag.calibrated:data.pc:mvn_mag_l2_2018256pc1s_20180913::1.2
P,urn:nasa:pds:maven.mag.calibrated:data.pc:mvn_mag_l2_2018257pc1s_20180914::1.2
P,urn:nasa:pds:maven.mag.calibrated:data.pc:mvn_mag_l2_2018258pc1s_20180915::1.2
P,urn:nasa:pds:maven.mag.calibrated:data.pc:mvn_mag_l2_2018259pc1s_20180916::1.2
P,urn:nasa:pds:maven.mag.calibrated:data.pc:mvn_mag_l2_2018260pc1s_20180917::1.2
P,urn:nasa:pds:maven.mag.calibrated:data.pc:mvn_mag_l2_2018261pc1s_20180918::1.2
P,urn:nasa:pds:maven.mag.calibrated:data.pc:mvn_mag_l2_2018262pc1s_20180919::1.2
P,urn:nasa:pds:maven.mag.calibrated:data.pc:mvn_mag_l2_2018263pc1s_20180920::1.2
P,urn:nasa:pds:maven.mag.calibrated:data.pc:mvn_mag_l2_2018264pc1s_20180921::1.2
P,urn:nasa:pds:maven.mag.calibrated:data.pc:mvn_mag_l2_2018265pc1s_20180922::1.2
P,urn:nasa:pds:maven.mag.calibrated:data.pc:mvn_mag_l2_2018266pc1s_20180923::1.2
P,urn:nasa:pds:maven.mag.calibrated:data.pc:mvn_mag_l2_2018267pc1s_20180924::1.2
P,urn:nasa:pds:maven.mag.calibrated:data.pc:mvn_mag_l2_2018268pc1s_20180925::1.2
P,urn:nasa:pds:maven.mag.calibrated:data.pc:mvn_mag_l2_2018269pc1s_20180926::1.2
P,urn:nasa:pds:maven.mag.calibrated:data.pc:mvn_mag_l2_2018270pc1s_20180927::1.2
P,urn:nasa:pds:maven.mag.calibrated:data.pc:mvn_mag_l2_2018271pc1s_20180928::1.2
P,urn:nasa:pds:maven.mag.calibrated:data.pc:mvn_mag_l2_2018272pc1s_20180929::1.2
P,urn:nasa:pds:maven.mag.calibrated:data.pc:mvn_mag_l2_2018273pc1s_20180930::1.2
P,urn:nasa:pds:maven.mag.calibrated:data.pc:mvn_mag_l2_2018274pc1s_20181001::1.2
P,urn:nasa:pds:maven.mag.calibrated:data.pc:mvn_mag_l2_2018275pc1s_20181002::1.2
P,urn:nasa:pds:maven.mag.calibrated:data.pc:mvn_mag_l2_2018276pc1s_20181003::1.2
P,urn:nasa:pds:maven.mag.calibrated:data.pc:mvn_mag_l2_2018277pc1s_20181004::1.2
P,urn:nasa:pds:maven.mag.calibrated:data.pc:mvn_mag_l2_2018278pc1s_20181005::1.2
P,urn:nasa:pds:maven.mag.calibrated:data.pc:mvn_mag_l2_2018279pc1s_20181006::1.2
P,urn:nasa:pds:maven.mag.calibrated:data.pc:mvn_mag_l2_2018280pc1s_20181007::1.2
P,urn:nasa:pds:maven.mag.calibrated:data.pc:mvn_mag_l2_2018281pc1s_20181008::1.2
P,urn:nasa:pds:maven.mag.calibrated:data.pc:mvn_mag_l2_2018282pc1s_20181009::1.2
P,urn:nasa:pds:maven.mag.calibrated:data.pc:mvn_mag_l2_2018283pc1s_20181010::1.2
P,urn:nasa:pds:maven.mag.calibrated:data.pc:mvn_mag_l2_2018284pc1s_20181011::1.2
P,urn:nasa:pds:maven.mag.calibrated:data.pc:mvn_mag_l2_2018285pc1s_20181012::1.2
P,urn:nasa:pds:maven.mag.calibrated:data.pc:mvn_mag_l2_2018286pc1s_20181013::1.2
P,urn:nasa:pds:maven.mag.calibrated:data.pc:mvn_mag_l2_2018287pc1s_20181014::1.2
P,urn:nasa:pds:maven.mag.calibrated:data.pc:mvn_mag_l2_2018288pc1s_20181015::1.2
P,urn:nasa:pds:maven.mag.calibrated:data.pc:mvn_mag_l2_2018289pc1s_20181016::1.2
P,urn:nasa:pds:maven.mag.calibrated:data.pc:mvn_mag_l2_2018290pc1s_20181017::1.2
P,urn:nasa:pds:maven.mag.calibrated:data.pc:mvn_mag_l2_2018291pc1s_20181018::1.2
P,urn:nasa:pds:maven.mag.calibrated:data.pc:mvn_mag_l2_2018292pc1s_20181019::1.2
P,urn:nasa:pds:maven.mag.calibrated:data.pc:mvn_mag_l2_2018293pc1s_20181020::1.2
P,urn:nasa:pds:maven.mag.calibrated:data.pc:mvn_mag_l2_2018294pc1s_20181021::1.2
P,urn:nasa:pds:maven.mag.calibrated:data.pc:mvn_mag_l2_2018295pc1s_20181022::1.2
P,urn:nasa:pds:maven.mag.calibrated:data.pc:mvn_mag_l2_2018296pc1s_20181023::1.2
P,urn:nasa:pds:maven.mag.calibrated:data.pc:mvn_mag_l2_2018297pc1s_20181024::1.2
P,urn:nasa:pds:maven.mag.calibrated:data.pc:mvn_mag_l2_2018298pc1s_20181025::1.2
P,urn:nasa:pds:maven.mag.calibrated:data.pc:mvn_mag_l2_2018299pc1s_20181026::1.2
P,urn:nasa:pds:maven.mag.calibrated:data.pc:mvn_mag_l2_2018300pc1s_20181027::1.2
P,urn:nasa:pds:maven.mag.calibrated:data.pc:mvn_mag_l2_2018301pc1s_20181028::1.2
P,urn:nasa:pds:maven.mag.calibrated:data.pc:mvn_mag_l2_2018302pc1s_20181029::1.2
P,urn:nasa:pds:maven.mag.calibrated:data.pc:mvn_mag_l2_2018303pc1s_20181030::1.2
P,urn:nasa:pds:maven.mag.calibrated:data.pc:mvn_mag_l2_2018304pc1s_20181031::1.2
P,urn:nasa:pds:maven.mag.calibrated:data.pc:mvn_mag_l2_2018305pc1s_20181101::1.2
P,urn:nasa:pds:maven.mag.calibrated:data.pc:mvn_mag_l2_2018306pc1s_20181102::1.2
P,urn:nasa:pds:maven.mag.calibrated:data.pc:mvn_mag_l2_2018307pc1s_20181103::1.2
P,urn:nasa:pds:maven.mag.calibrated:data.pc:mvn_mag_l2_2018308pc1s_20181104::1.2
P,urn:nasa:pds:maven.mag.calibrated:data.pc:mvn_mag_l2_2018309pc1s_20181105::1.2
P,urn:nasa:pds:maven.mag.calibrated:data.pc:mvn_mag_l2_2018310pc1s_20181106::1.2
P,urn:nasa:pds:maven.mag.calibrated:data.pc:mvn_mag_l2_2018311pc1s_20181107::1.2
P,urn:nasa:pds:maven.mag.calibrated:data.pc:mvn_mag_l2_2018312pc1s_20181108::1.2
P,urn:nasa:pds:maven.mag.calibrated:data.pc:mvn_mag_l2_2018313pc1s_20181109::1.2
P,urn:nasa:pds:maven.mag.calibrated:data.pc:mvn_mag_l2_2018314pc1s_20181110::1.2
P,urn:nasa:pds:maven.mag.calibrated:data.pc:mvn_mag_l2_2018315pc1s_20181111::1.2
P,urn:nasa:pds:maven.mag.calibrated:data.pc:mvn_mag_l2_2018316pc1s_20181112::1.2
P,urn:nasa:pds:maven.mag.calibrated:data.pc:mvn_mag_l2_2018317pc1s_20181113::1.2
P,urn:nasa:pds:maven.mag.calibrated:data.pc:mvn_mag_l2_2018318pc1s_20181114::1.2
P,urn:nasa:pds:maven.mag.calibrated:data.pc:mvn_mag_l2_2018319pc1s_20181115::1.2
P,urn:nasa:pds:maven.mag.calibrated:data.pc:mvn_mag_l2_2018320pc1s_20181116::1.2
P,urn:nasa:pds:maven.mag.calibrated:data.pc:mvn_mag_l2_2018321pc1s_20181117::1.2
P,urn:nasa:pds:maven.mag.calibrated:data.pc:mvn_mag_l2_2018322pc1s_20181118::1.2
P,urn:nasa:pds:maven.mag.calibrated:data.pc:mvn_mag_l2_2018323pc1s_20181119::1.2
P,urn:nasa:pds:maven.mag.calibrated:data.pc:mvn_mag_l2_2018324pc1s_20181120::1.2
P,urn:nasa:pds:maven.mag.calibrated:data.pc:mvn_mag_l2_2018325pc1s_20181121::1.2
P,urn:nasa:pds:maven.mag.calibrated:data.pc:mvn_mag_l2_2018326pc1s_20181122::1.2
P,urn:nasa:pds:maven.mag.calibrated:data.pc:mvn_mag_l2_2018327pc1s_20181123::1.2
P,urn:nasa:pds:maven.mag.calibrated:data.pc:mvn_mag_l2_2018328pc1s_20181124::1.2
P,urn:nasa:pds:maven.mag.calibrated:data.pc:mvn_mag_l2_2018329pc1s_20181125::1.2
P,urn:nasa:pds:maven.mag.calibrated:data.pc:mvn_mag_l2_2018330pc1s_20181126::1.2
P,urn:nasa:pds:maven.mag.calibrated:data.pc:mvn_mag_l2_2018331pc1s_20181127::1.2
P,urn:nasa:pds:maven.mag.calibrated:data.pc:mvn_mag_l2_2018332pc1s_20181128::1.2
P,urn:nasa:pds:maven.mag.calibrated:data.pc:mvn_mag_l2_2018333pc1s_20181129::1.2
P,urn:nasa:pds:maven.mag.calibrated:data.pc:mvn_mag_l2_2018334pc1s_20181130::1.2
P,urn:nasa:pds:maven.mag.calibrated:data.pc:mvn_mag_l2_2018335pc1s_20181201::1.2
P,urn:nasa:pds:maven.mag.calibrated:data.pc:mvn_mag_l2_2018336pc1s_20181202::1.2
P,urn:nasa:pds:maven.mag.calibrated:data.pc:mvn_mag_l2_2018337pc1s_20181203::1.2
P,urn:nasa:pds:maven.mag.calibrated:data.pc:mvn_mag_l2_2018338pc1s_20181204::1.2
P,urn:nasa:pds:maven.mag.calibrated:data.pc:mvn_mag_l2_2018339pc1s_20181205::1.2
P,urn:nasa:pds:maven.mag.calibrated:data.pc:mvn_mag_l2_2018340pc1s_20181206::1.2
P,urn:nasa:pds:maven.mag.calibrated:data.pc:mvn_mag_l2_2018341pc1s_20181207::1.2
P,urn:nasa:pds:maven.mag.calibrated:data.pc:mvn_mag_l2_2018342pc1s_20181208::1.2
P,urn:nasa:pds:maven.mag.calibrated:data.pc:mvn_mag_l2_2018343pc1s_20181209::1.2
P,urn:nasa:pds:maven.mag.calibrated:data.pc:mvn_mag_l2_2018344pc1s_20181210::1.2
P,urn:nasa:pds:maven.mag.calibrated:data.pc:mvn_mag_l2_2018345pc1s_20181211::1.2
P,urn:nasa:pds:maven.mag.calibrated:data.pc:mvn_mag_l2_2018346pc1s_20181212::1.2
P,urn:nasa:pds:maven.mag.calibrated:data.pc:mvn_mag_l2_2018347pc1s_20181213::1.2
P,urn:nasa:pds:maven.mag.calibrated:data.pc:mvn_mag_l2_2018348pc1s_20181214::1.2
P,urn:nasa:pds:maven.mag.calibrated:data.pc:mvn_mag_l2_2018349pc1s_20181215::1.2
P,urn:nasa:pds:maven.mag.calibrated:data.pc:mvn_mag_l2_2018350pc1s_20181216::1.2
P,urn:nasa:pds:maven.mag.calibrated:data.pc:mvn_mag_l2_2018351pc1s_20181217::1.2
P,urn:nasa:pds:maven.mag.calibrated:data.pc:mvn_mag_l2_2018352pc1s_20181218::1.2
P,urn:nasa:pds:maven.mag.calibrated:data.pc:mvn_mag_l2_2018353pc1s_20181219::1.2
P,urn:nasa:pds:maven.mag.calibrated:data.pc:mvn_mag_l2_2018354pc1s_20181220::1.2
P,urn:nasa:pds:maven.mag.calibrated:data.pc:mvn_mag_l2_2018355pc1s_20181221::1.2
P,urn:nasa:pds:maven.mag.calibrated:data.pc:mvn_mag_l2_2018356pc1s_20181222::1.2
P,urn:nasa:pds:maven.mag.calibrated:data.pc:mvn_mag_l2_2018357pc1s_20181223::1.2
P,urn:nasa:pds:maven.mag.calibrated:data.pc:mvn_mag_l2_2018358pc1s_20181224::1.2
P,urn:nasa:pds:maven.mag.calibrated:data.pc:mvn_mag_l2_2018359pc1s_20181225::1.2
P,urn:nasa:pds:maven.mag.calibrated:data.pc:mvn_mag_l2_2018360pc1s_20181226::1.2
P,urn:nasa:pds:maven.mag.calibrated:data.pc:mvn_mag_l2_2018361pc1s_20181227::1.2
P,urn:nasa:pds:maven.mag.calibrated:data.pc:mvn_mag_l2_2018362pc1s_20181228::1.2
P,urn:nasa:pds:maven.mag.calibrated:data.pc:mvn_mag_l2_2018363pc1s_20181229::1.2
P,urn:nasa:pds:maven.mag.calibrated:data.pc:mvn_mag_l2_2018364pc1s_20181230::1.2
P,urn:nasa:pds:maven.mag.calibrated:data.pc:mvn_mag_l2_2018365pc1s_20181231::1.2
P,urn:nasa:pds:maven.mag.calibrated:data.pc:mvn_mag_l2_2019001pc1s_20190101::1.2
P,urn:nasa:pds:maven.mag.calibrated:data.pc:mvn_mag_l2_2019002pc1s_20190102::1.2
P,urn:nasa:pds:maven.mag.calibrated:data.pc:mvn_mag_l2_2019003pc1s_20190103::1.2
P,urn:nasa:pds:maven.mag.calibrated:data.pc:mvn_mag_l2_2019004pc1s_20190104::1.2
P,urn:nasa:pds:maven.mag.calibrated:data.pc:mvn_mag_l2_2019005pc1s_20190105::1.2
P,urn:nasa:pds:maven.mag.calibrated:data.pc:mvn_mag_l2_2019006pc1s_20190106::1.2
P,urn:nasa:pds:maven.mag.calibrated:data.pc:mvn_mag_l2_2019007pc1s_20190107::1.2
P,urn:nasa:pds:maven.mag.calibrated:data.pc:mvn_mag_l2_2019008pc1s_20190108::1.2
P,urn:nasa:pds:maven.mag.calibrated:data.pc:mvn_mag_l2_2019009pc1s_20190109::1.2
P,urn:nasa:pds:maven.mag.calibrated:data.pc:mvn_mag_l2_2019010pc1s_20190110::1.2
P,urn:nasa:pds:maven.mag.calibrated:data.pc:mvn_mag_l2_2019011pc1s_20190111::1.2
P,urn:nasa:pds:maven.mag.calibrated:data.pc:mvn_mag_l2_2019012pc1s_20190112::1.2
P,urn:nasa:pds:maven.mag.calibrated:data.pc:mvn_mag_l2_2019013pc1s_20190113::1.2
P,urn:nasa:pds:maven.mag.calibrated:data.pc:mvn_mag_l2_2019014pc1s_20190114::1.2
P,urn:nasa:pds:maven.mag.calibrated:data.pc:mvn_mag_l2_2019015pc1s_20190115::1.2
P,urn:nasa:pds:maven.mag.calibrated:data.pc:mvn_mag_l2_2019016pc1s_20190116::1.2
P,urn:nasa:pds:maven.mag.calibrated:data.pc:mvn_mag_l2_2019017pc1s_20190117::1.2
P,urn:nasa:pds:maven.mag.calibrated:data.pc:mvn_mag_l2_2019018pc1s_20190118::1.2
P,urn:nasa:pds:maven.mag.calibrated:data.pc:mvn_mag_l2_2019019pc1s_20190119::1.2
P,urn:nasa:pds:maven.mag.calibrated:data.pc:mvn_mag_l2_2019020pc1s_20190120::1.2
P,urn:nasa:pds:maven.mag.calibrated:data.pc:mvn_mag_l2_2019021pc1s_20190121::1.2
P,urn:nasa:pds:maven.mag.calibrated:data.pc:mvn_mag_l2_2019022pc1s_20190122::1.2
P,urn:nasa:pds:maven.mag.calibrated:data.pc:mvn_mag_l2_2019023pc1s_20190123::1.2
P,urn:nasa:pds:maven.mag.calibrated:data.pc:mvn_mag_l2_2019024pc1s_20190124::1.2
P,urn:nasa:pds:maven.mag.calibrated:data.pc:mvn_mag_l2_2019025pc1s_20190125::1.2
P,urn:nasa:pds:maven.mag.calibrated:data.pc:mvn_mag_l2_2019026pc1s_20190126::1.2
P,urn:nasa:pds:maven.mag.calibrated:data.pc:mvn_mag_l2_2019027pc1s_20190127::1.2
P,urn:nasa:pds:maven.mag.calibrated:data.pc:mvn_mag_l2_2019028pc1s_20190128::1.2
P,urn:nasa:pds:maven.mag.calibrated:data.pc:mvn_mag_l2_2019029pc1s_20190129::1.2
P,urn:nasa:pds:maven.mag.calibrated:data.pc:mvn_mag_l2_2019030pc1s_20190130::1.2
P,urn:nasa:pds:maven.mag.calibrated:data.pc:mvn_mag_l2_2019031pc1s_20190131::1.2
P,urn:nasa:pds:maven.mag.calibrated:data.pc:mvn_mag_l2_2019032pc1s_20190201::1.2
P,urn:nasa:pds:maven.mag.calibrated:data.pc:mvn_mag_l2_2019033pc1s_20190202::1.2
P,urn:nasa:pds:maven.mag.calibrated:data.pc:mvn_mag_l2_2019034pc1s_20190203::1.2
P,urn:nasa:pds:maven.mag.calibrated:data.pc:mvn_mag_l2_2019035pc1s_20190204::1.2
P,urn:nasa:pds:maven.mag.calibrated:data.pc:mvn_mag_l2_2019036pc1s_20190205::1.2
P,urn:nasa:pds:maven.mag.calibrated:data.pc:mvn_mag_l2_2019037pc1s_20190206::1.2
P,urn:nasa:pds:maven.mag.calibrated:data.pc:mvn_mag_l2_2019038pc1s_20190207::1.2
P,urn:nasa:pds:maven.mag.calibrated:data.pc:mvn_mag_l2_2019039pc1s_20190208::1.2
P,urn:nasa:pds:maven.mag.calibrated:data.pc:mvn_mag_l2_2019040pc1s_20190209::1.2
P,urn:nasa:pds:maven.mag.calibrated:data.pc:mvn_mag_l2_2019041pc1s_20190210::1.2
P,urn:nasa:pds:maven.mag.calibrated:data.pc:mvn_mag_l2_2019042pc1s_20190211::1.2
P,urn:nasa:pds:maven.mag.calibrated:data.pc:mvn_mag_l2_2019043pc1s_20190212::1.2
P,urn:nasa:pds:maven.mag.calibrated:data.pc:mvn_mag_l2_2019044pc1s_20190213::1.2
P,urn:nasa:pds:maven.mag.calibrated:data.pc:mvn_mag_l2_2019045pc1s_20190214::1.2
P,urn:nasa:pds:maven.mag.calibrated:data.pc:mvn_mag_l2_2019046pc1s_20190215::1.2
P,urn:nasa:pds:maven.mag.calibrated:data.pc:mvn_mag_l2_2019047pc1s_20190216::1.2
P,urn:nasa:pds:maven.mag.calibrated:data.pc:mvn_mag_l2_2019048pc1s_20190217::1.2
P,urn:nasa:pds:maven.mag.calibrated:data.pc:mvn_mag_l2_2019049pc1s_20190218::1.2
P,urn:nasa:pds:maven.mag.calibrated:data.pc:mvn_mag_l2_2019050pc1s_20190219::1.2
P,urn:nasa:pds:maven.mag.calibrated:data.pc:mvn_mag_l2_2019051pc1s_20190220::1.2
P,urn:nasa:pds:maven.mag.calibrated:data.pc:mvn_mag_l2_2019052pc1s_20190221::1.2
P,urn:nasa:pds:maven.mag.calibrated:data.pc:mvn_mag_l2_2019053pc1s_20190222::1.2
P,urn:nasa:pds:maven.mag.calibrated:data.pc:mvn_mag_l2_2019054pc1s_20190223::1.2
P,urn:nasa:pds:maven.mag.calibrated:data.pc:mvn_mag_l2_2019055pc1s_20190224::1.2
P,urn:nasa:pds:maven.mag.calibrated:data.pc:mvn_mag_l2_2019056pc1s_20190225::1.2
P,urn:nasa:pds:maven.mag.calibrated:data.pc:mvn_mag_l2_2019057pc1s_20190226::1.2
P,urn:nasa:pds:maven.mag.calibrated:data.pc:mvn_mag_l2_2019058pc1s_20190227::1.2
P,urn:nasa:pds:maven.mag.calibrated:data.pc:mvn_mag_l2_2019059pc1s_20190228::1.2
P,urn:nasa:pds:maven.mag.calibrated:data.pc:mvn_mag_l2_2019060pc1s_20190301::1.2
P,urn:nasa:pds:maven.mag.calibrated:data.pc:mvn_mag_l2_2019061pc1s_20190302::1.2
P,urn:nasa:pds:maven.mag.calibrated:data.pc:mvn_mag_l2_2019062pc1s_20190303::1.2
P,urn:nasa:pds:maven.mag.calibrated:data.pc:mvn_mag_l2_2019063pc1s_20190304::1.2
P,urn:nasa:pds:maven.mag.calibrated:data.pc:mvn_mag_l2_2019064pc1s_20190305::1.2
P,urn:nasa:pds:maven.mag.calibrated:data.pc:mvn_mag_l2_2019065pc1s_20190306::1.2
P,urn:nasa:pds:maven.mag.calibrated:data.pc:mvn_mag_l2_2019066pc1s_20190307::1.2
P,urn:nasa:pds:maven.mag.calibrated:data.pc:mvn_mag_l2_2019067pc1s_20190308::1.2
P,urn:nasa:pds:maven.mag.calibrated:data.pc:mvn_mag_l2_2019068pc1s_20190309::1.2
P,urn:nasa:pds:maven.mag.calibrated:data.pc:mvn_mag_l2_2019069pc1s_20190310::1.2
P,urn:nasa:pds:maven.mag.calibrated:data.pc:mvn_mag_l2_2019070pc1s_20190311::1.2
P,urn:nasa:pds:maven.mag.calibrated:data.pc:mvn_mag_l2_2019071pc1s_20190312::1.2
P,urn:nasa:pds:maven.mag.calibrated:data.pc:mvn_mag_l2_2019072pc1s_20190313::1.2
P,urn:nasa:pds:maven.mag.calibrated:data.pc:mvn_mag_l2_2019073pc1s_20190314::1.2
P,urn:nasa:pds:maven.mag.calibrated:data.pc:mvn_mag_l2_2019074pc1s_20190315::1.2
P,urn:nasa:pds:maven.mag.calibrated:data.pc:mvn_mag_l2_2019075pc1s_20190316::1.2
P,urn:nasa:pds:maven.mag.calibrated:data.pc:mvn_mag_l2_2019076pc1s_20190317::1.2
P,urn:nasa:pds:maven.mag.calibrated:data.pc:mvn_mag_l2_2019077pc1s_20190318::1.2
P,urn:nasa:pds:maven.mag.calibrated:data.pc:mvn_mag_l2_2019078pc1s_20190319::1.2
P,urn:nasa:pds:maven.mag.calibrated:data.pc:mvn_mag_l2_2019079pc1s_20190320::1.2
P,urn:nasa:pds:maven.mag.calibrated:data.pc:mvn_mag_l2_2019080pc1s_20190321::1.2
P,urn:nasa:pds:maven.mag.calibrated:data.pc:mvn_mag_l2_2019081pc1s_20190322::1.2
P,urn:nasa:pds:maven.mag.calibrated:data.pc:mvn_mag_l2_2019082pc1s_20190323::1.2
P,urn:nasa:pds:maven.mag.calibrated:data.pc:mvn_mag_l2_2019083pc1s_20190324::1.2
P,urn:nasa:pds:maven.mag.calibrated:data.pc:mvn_mag_l2_2019084pc1s_20190325::1.2
P,urn:nasa:pds:maven.mag.calibrated:data.pc:mvn_mag_l2_2019085pc1s_20190326::1.2
P,urn:nasa:pds:maven.mag.calibrated:data.pc:mvn_mag_l2_2019086pc1s_20190327::1.2
P,urn:nasa:pds:maven.mag.calibrated:data.pc:mvn_mag_l2_2019087pc1s_20190328::1.2
P,urn:nasa:pds:maven.mag.calibrated:data.pc:mvn_mag_l2_2019088pc1s_20190329::1.2
P,urn:nasa:pds:maven.mag.calibrated:data.pc:mvn_mag_l2_2019089pc1s_20190330::1.2
P,urn:nasa:pds:maven.mag.calibrated:data.pc:mvn_mag_l2_2019090pc1s_20190331::1.2
P,urn:nasa:pds:maven.mag.calibrated:data.pc:mvn_mag_l2_2019091pc1s_20190401::1.2
P,urn:nasa:pds:maven.mag.calibrated:data.pc:mvn_mag_l2_2019092pc1s_20190402::1.2
P,urn:nasa:pds:maven.mag.calibrated:data.pc:mvn_mag_l2_2019093pc1s_20190403::1.2
P,urn:nasa:pds:maven.mag.calibrated:data.pc:mvn_mag_l2_2019094pc1s_20190404::1.2
P,urn:nasa:pds:maven.mag.calibrated:data.pc:mvn_mag_l2_2019095pc1s_20190405::1.2
P,urn:nasa:pds:maven.mag.calibrated:data.pc:mvn_mag_l2_2019096pc1s_20190406::1.2
P,urn:nasa:pds:maven.mag.calibrated:data.pc:mvn_mag_l2_2019097pc1s_20190407::1.2
P,urn:nasa:pds:maven.mag.calibrated:data.pc:mvn_mag_l2_2019098pc1s_20190408::1.2
P,urn:nasa:pds:maven.mag.calibrated:data.pc:mvn_mag_l2_2019099pc1s_20190409::1.2
P,urn:nasa:pds:maven.mag.calibrated:data.pc:mvn_mag_l2_2019100pc1s_20190410::1.2
P,urn:nasa:pds:maven.mag.calibrated:data.pc:mvn_mag_l2_2019101pc1s_20190411::1.2
P,urn:nasa:pds:maven.mag.calibrated:data.pc:mvn_mag_l2_2019102pc1s_20190412::1.2
P,urn:nasa:pds:maven.mag.calibrated:data.pc:mvn_mag_l2_2019103pc1s_20190413::1.2
P,urn:nasa:pds:maven.mag.calibrated:data.pc:mvn_mag_l2_2019104pc1s_20190414::1.2
P,urn:nasa:pds:maven.mag.calibrated:data.pc:mvn_mag_l2_2019105pc1s_20190415::1.2
P,urn:nasa:pds:maven.mag.calibrated:data.pc:mvn_mag_l2_2019106pc1s_20190416::1.2
P,urn:nasa:pds:maven.mag.calibrated:data.pc:mvn_mag_l2_2019107pc1s_20190417::1.2
P,urn:nasa:pds:maven.mag.calibrated:data.pc:mvn_mag_l2_2019108pc1s_20190418::1.2
P,urn:nasa:pds:maven.mag.calibrated:data.pc:mvn_mag_l2_2019109pc1s_20190419::1.2
P,urn:nasa:pds:maven.mag.calibrated:data.pc:mvn_mag_l2_2019110pc1s_20190420::1.2
P,urn:nasa:pds:maven.mag.calibrated:data.pc:mvn_mag_l2_2019111pc1s_20190421::1.2
P,urn:nasa:pds:maven.mag.calibrated:data.pc:mvn_mag_l2_2019112pc1s_20190422::1.2
P,urn:nasa:pds:maven.mag.calibrated:data.pc:mvn_mag_l2_2019113pc1s_20190423::1.2
P,urn:nasa:pds:maven.mag.calibrated:data.pc:mvn_mag_l2_2019114pc1s_20190424::1.2
P,urn:nasa:pds:maven.mag.calibrated:data.pc:mvn_mag_l2_2019115pc1s_20190425::1.2
P,urn:nasa:pds:maven.mag.calibrated:data.pc:mvn_mag_l2_2019116pc1s_20190426::1.2
P,urn:nasa:pds:maven.mag.calibrated:data.pc:mvn_mag_l2_2019117pc1s_20190427::1.2
P,urn:nasa:pds:maven.mag.calibrated:data.pc:mvn_mag_l2_2019118pc1s_20190428::1.2
P,urn:nasa:pds:maven.mag.calibrated:data.pc:mvn_mag_l2_2019119pc1s_20190429::1.2
P,urn:nasa:pds:maven.mag.calibrated:data.pc:mvn_mag_l2_2019120pc1s_20190430::1.2
P,urn:nasa:pds:maven.mag.calibrated:data.pc:mvn_mag_l2_2019121pc1s_20190501::1.2
P,urn:nasa:pds:maven.mag.calibrated:data.pc:mvn_mag_l2_2019122pc1s_20190502::1.2
P,urn:nasa:pds:maven.mag.calibrated:data.pc:mvn_mag_l2_2019123pc1s_20190503::1.2
P,urn:nasa:pds:maven.mag.calibrated:data.pc:mvn_mag_l2_2019124pc1s_20190504::1.2
P,urn:nasa:pds:maven.mag.calibrated:data.pc:mvn_mag_l2_2019125pc1s_20190505::1.2
P,urn:nasa:pds:maven.mag.calibrated:data.pc:mvn_mag_l2_2019126pc1s_20190506::1.2
P,urn:nasa:pds:maven.mag.calibrated:data.pc:mvn_mag_l2_2019127pc1s_20190507::1.2
P,urn:nasa:pds:maven.mag.calibrated:data.pc:mvn_mag_l2_2019128pc1s_20190508::1.2
P,urn:nasa:pds:maven.mag.calibrated:data.pc:mvn_mag_l2_2019129pc1s_20190509::1.2
P,urn:nasa:pds:maven.mag.calibrated:data.pc:mvn_mag_l2_2019130pc1s_20190510::1.2
P,urn:nasa:pds:maven.mag.calibrated:data.pc:mvn_mag_l2_2019131pc1s_20190511::1.2
P,urn:nasa:pds:maven.mag.calibrated:data.pc:mvn_mag_l2_2019132pc1s_20190512::1.2
P,urn:nasa:pds:maven.mag.calibrated:data.pc:mvn_mag_l2_2019133pc1s_20190513::1.2
P,urn:nasa:pds:maven.mag.calibrated:data.pc:mvn_mag_l2_2019134pc1s_20190514::1.2
P,urn:nasa:pds:maven.mag.calibrated:data.pc:mvn_mag_l2_2019135pc1s_20190515::1.2
P,urn:nasa:pds:maven.mag.calibrated:data.pc:mvn_mag_l2_2019136pc1s_20190516::1.2
P,urn:nasa:pds:maven.mag.calibrated:data.pc:mvn_mag_l2_2019137pc1s_20190517::1.2
P,urn:nasa:pds:maven.mag.calibrated:data.pc:mvn_mag_l2_2019138pc1s_20190518::1.2
P,urn:nasa:pds:maven.mag.calibrated:data.pc:mvn_mag_l2_2019139pc1s_20190519::1.2
P,urn:nasa:pds:maven.mag.calibrated:data.pc:mvn_mag_l2_2019140pc1s_20190520::1.2
P,urn:nasa:pds:maven.mag.calibrated:data.pc:mvn_mag_l2_2019141pc1s_20190521::1.2
P,urn:nasa:pds:maven.mag.calibrated:data.pc:mvn_mag_l2_2019142pc1s_20190522::1.2
P,urn:nasa:pds:maven.mag.calibrated:data.pc:mvn_mag_l2_2019143pc1s_20190523::1.2
P,urn:nasa:pds:maven.mag.calibrated:data.pc:mvn_mag_l2_2019144pc1s_20190524::1.2
P,urn:nasa:pds:maven.mag.calibrated:data.pc:mvn_mag_l2_2019145pc1s_20190525::1.2
P,urn:nasa:pds:maven.mag.calibrated:data.pc:mvn_mag_l2_2019146pc1s_20190526::1.2
P,urn:nasa:pds:maven.mag.calibrated:data.pc:mvn_mag_l2_2019147pc1s_20190527::1.2
P,urn:nasa:pds:maven.mag.calibrated:data.pc:mvn_mag_l2_2019148pc1s_20190528::1.2
P,urn:nasa:pds:maven.mag.calibrated:data.pc:mvn_mag_l2_2019149pc1s_20190529::1.2
P,urn:nasa:pds:maven.mag.calibrated:data.pc:mvn_mag_l2_2019150pc1s_20190530::1.2
P,urn:nasa:pds:maven.mag.calibrated:data.pc:mvn_mag_l2_2019151pc1s_20190531::1.2
P,urn:nasa:pds:maven.mag.calibrated:data.pc:mvn_mag_l2_2019152pc1s_20190601::1.2
P,urn:nasa:pds:maven.mag.calibrated:data.pc:mvn_mag_l2_2019153pc1s_20190602::1.2
P,urn:nasa:pds:maven.mag.calibrated:data.pc:mvn_mag_l2_2019154pc1s_20190603::1.2
P,urn:nasa:pds:maven.mag.calibrated:data.pc:mvn_mag_l2_2019155pc1s_20190604::1.2
P,urn:nasa:pds:maven.mag.calibrated:data.pc:mvn_mag_l2_2019156pc1s_20190605::1.2
P,urn:nasa:pds:maven.mag.calibrated:data.pc:mvn_mag_l2_2019157pc1s_20190606::1.2
P,urn:nasa:pds:maven.mag.calibrated:data.pc:mvn_mag_l2_2019158pc1s_20190607::1.2
P,urn:nasa:pds:maven.mag.calibrated:data.pc:mvn_mag_l2_2019159pc1s_20190608::1.2
P,urn:nasa:pds:maven.mag.calibrated:data.pc:mvn_mag_l2_2019160pc1s_20190609::1.2
P,urn:nasa:pds:maven.mag.calibrated:data.pc:mvn_mag_l2_2019161pc1s_20190610::1.2
P,urn:nasa:pds:maven.mag.calibrated:data.pc:mvn_mag_l2_2019162pc1s_20190611::1.2
P,urn:nasa:pds:maven.mag.calibrated:data.pc:mvn_mag_l2_2019163pc1s_20190612::1.2
P,urn:nasa:pds:maven.mag.calibrated:data.pc:mvn_mag_l2_2019164pc1s_20190613::1.2
P,urn:nasa:pds:maven.mag.calibrated:data.pc:mvn_mag_l2_2019165pc1s_20190614::1.2
P,urn:nasa:pds:maven.mag.calibrated:data.pc:mvn_mag_l2_2019166pc1s_20190615::1.2
P,urn:nasa:pds:maven.mag.calibrated:data.pc:mvn_mag_l2_2019167pc1s_20190616::1.2
P,urn:nasa:pds:maven.mag.calibrated:data.pc:mvn_mag_l2_2019168pc1s_20190617::1.2
P,urn:nasa:pds:maven.mag.calibrated:data.pc:mvn_mag_l2_2019169pc1s_20190618::1.2
P,urn:nasa:pds:maven.mag.calibrated:data.pc:mvn_mag_l2_2019170pc1s_20190619::1.2
P,urn:nasa:pds:maven.mag.calibrated:data.pc:mvn_mag_l2_2019171pc1s_20190620::1.2
P,urn:nasa:pds:maven.mag.calibrated:data.pc:mvn_mag_l2_2019172pc1s_20190621::1.2
P,urn:nasa:pds:maven.mag.calibrated:data.pc:mvn_mag_l2_2019173pc1s_20190622::1.2
P,urn:nasa:pds:maven.mag.calibrated:data.pc:mvn_mag_l2_2019174pc1s_20190623::1.2
P,urn:nasa:pds:maven.mag.calibrated:data.pc:mvn_mag_l2_2019175pc1s_20190624::1.2
P,urn:nasa:pds:maven.mag.calibrated:data.pc:mvn_mag_l2_2019176pc1s_20190625::1.2
P,urn:nasa:pds:maven.mag.calibrated:data.pc:mvn_mag_l2_2019177pc1s_20190626::1.2
P,urn:nasa:pds:maven.mag.calibrated:data.pc:mvn_mag_l2_2019178pc1s_20190627::1.2
P,urn:nasa:pds:maven.mag.calibrated:data.pc:mvn_mag_l2_2019179pc1s_20190628::1.2
P,urn:nasa:pds:maven.mag.calibrated:data.pc:mvn_mag_l2_2019180pc1s_20190629::1.2
P,urn:nasa:pds:maven.mag.calibrated:data.pc:mvn_mag_l2_2019181pc1s_20190630::1.2
P,urn:nasa:pds:maven.mag.calibrated:data.pc:mvn_mag_l2_2019182pc1s_20190701::1.2
P,urn:nasa:pds:maven.mag.calibrated:data.pc:mvn_mag_l2_2019183pc1s_20190702::1.2
P,urn:nasa:pds:maven.mag.calibrated:data.pc:mvn_mag_l2_2019184pc1s_20190703::1.2
P,urn:nasa:pds:maven.mag.calibrated:data.pc:mvn_mag_l2_2019185pc1s_20190704::1.2
P,urn:nasa:pds:maven.mag.calibrated:data.pc:mvn_mag_l2_2019186pc1s_20190705::1.2
P,urn:nasa:pds:maven.mag.calibrated:data.pc:mvn_mag_l2_2019187pc1s_20190706::1.2
P,urn:nasa:pds:maven.mag.calibrated:data.pc:mvn_mag_l2_2019188pc1s_20190707::1.2
P,urn:nasa:pds:maven.mag.calibrated:data.pc:mvn_mag_l2_2019189pc1s_20190708::1.2
P,urn:nasa:pds:maven.mag.calibrated:data.pc:mvn_mag_l2_2019190pc1s_20190709::1.2
P,urn:nasa:pds:maven.mag.calibrated:data.pc:mvn_mag_l2_2019191pc1s_20190710::1.2
P,urn:nasa:pds:maven.mag.calibrated:data.pc:mvn_mag_l2_2019192pc1s_20190711::1.2
P,urn:nasa:pds:maven.mag.calibrated:data.pc:mvn_mag_l2_2019193pc1s_20190712::1.2
P,urn:nasa:pds:maven.mag.calibrated:data.pc:mvn_mag_l2_2019194pc1s_20190713::1.2
P,urn:nasa:pds:maven.mag.calibrated:data.pc:mvn_mag_l2_2019195pc1s_20190714::1.2
P,urn:nasa:pds:maven.mag.calibrated:data.pc:mvn_mag_l2_2019196pc1s_20190715::1.2
P,urn:nasa:pds:maven.mag.calibrated:data.pc:mvn_mag_l2_2019197pc1s_20190716::1.2
P,urn:nasa:pds:maven.mag.calibrated:data.pc:mvn_mag_l2_2019198pc1s_20190717::1.2
P,urn:nasa:pds:maven.mag.calibrated:data.pc:mvn_mag_l2_2019199pc1s_20190718::1.2
P,urn:nasa:pds:maven.mag.calibrated:data.pc:mvn_mag_l2_2019200pc1s_20190719::1.2
P,urn:nasa:pds:maven.mag.calibrated:data.pc:mvn_mag_l2_2019201pc1s_20190720::1.2
P,urn:nasa:pds:maven.mag.calibrated:data.pc:mvn_mag_l2_2019202pc1s_20190721::1.2
P,urn:nasa:pds:maven.mag.calibrated:data.pc:mvn_mag_l2_2019203pc1s_20190722::1.2
P,urn:nasa:pds:maven.mag.calibrated:data.pc:mvn_mag_l2_2019204pc1s_20190723::1.2
P,urn:nasa:pds:maven.mag.calibrated:data.pc:mvn_mag_l2_2019205pc1s_20190724::1.2
P,urn:nasa:pds:maven.mag.calibrated:data.pc:mvn_mag_l2_2019206pc1s_20190725::1.2
P,urn:nasa:pds:maven.mag.calibrated:data.pc:mvn_mag_l2_2019207pc1s_20190726::1.2
P,urn:nasa:pds:maven.mag.calibrated:data.pc:mvn_mag_l2_2019208pc1s_20190727::1.2
P,urn:nasa:pds:maven.mag.calibrated:data.pc:mvn_mag_l2_2019209pc1s_20190728::1.2
P,urn:nasa:pds:maven.mag.calibrated:data.pc:mvn_mag_l2_2019210pc1s_20190729::1.2
P,urn:nasa:pds:maven.mag.calibrated:data.pc:mvn_mag_l2_2019211pc1s_20190730::1.2
P,urn:nasa:pds:maven.mag.calibrated:data.pc:mvn_mag_l2_2019212pc1s_20190731::1.2
P,urn:nasa:pds:maven.mag.calibrated:data.pc:mvn_mag_l2_2019213pc1s_20190801::1.2
P,urn:nasa:pds:maven.mag.calibrated:data.pc:mvn_mag_l2_2019214pc1s_20190802::1.2
P,urn:nasa:pds:maven.mag.calibrated:data.pc:mvn_mag_l2_2019215pc1s_20190803::1.2
P,urn:nasa:pds:maven.mag.calibrated:data.pc:mvn_mag_l2_2019216pc1s_20190804::1.2
P,urn:nasa:pds:maven.mag.calibrated:data.pc:mvn_mag_l2_2019217pc1s_20190805::1.2
P,urn:nasa:pds:maven.mag.calibrated:data.pc:mvn_mag_l2_2019218pc1s_20190806::1.2
P,urn:nasa:pds:maven.mag.calibrated:data.pc:mvn_mag_l2_2019219pc1s_20190807::1.2
P,urn:nasa:pds:maven.mag.calibrated:data.pc:mvn_mag_l2_2019220pc1s_20190808::1.2
P,urn:nasa:pds:maven.mag.calibrated:data.pc:mvn_mag_l2_2019221pc1s_20190809::1.2
P,urn:nasa:pds:maven.mag.calibrated:data.pc:mvn_mag_l2_2019222pc1s_20190810::1.2
P,urn:nasa:pds:maven.mag.calibrated:data.pc:mvn_mag_l2_2019223pc1s_20190811::1.2
P,urn:nasa:pds:maven.mag.calibrated:data.pc:mvn_mag_l2_2019224pc1s_20190812::1.2
P,urn:nasa:pds:maven.mag.calibrated:data.pc:mvn_mag_l2_2019225pc1s_20190813::1.2
P,urn:nasa:pds:maven.mag.calibrated:data.pc:mvn_mag_l2_2019226pc1s_20190814::1.2
P,urn:nasa:pds:maven.mag.calibrated:data.pc:mvn_mag_l2_2019227pc1s_20190815::1.2
P,urn:nasa:pds:maven.mag.calibrated:data.pc:mvn_mag_l2_2019228pc1s_20190816::1.2
P,urn:nasa:pds:maven.mag.calibrated:data.pc:mvn_mag_l2_2019229pc1s_20190817::1.2
P,urn:nasa:pds:maven.mag.calibrated:data.pc:mvn_mag_l2_2019230pc1s_20190818::1.2
P,urn:nasa:pds:maven.mag.calibrated:data.pc:mvn_mag_l2_2019231pc1s_20190819::1.2
P,urn:nasa:pds:maven.mag.calibrated:data.pc:mvn_mag_l2_2019232pc1s_20190820::1.2
P,urn:nasa:pds:maven.mag.calibrated:data.pc:mvn_mag_l2_2019233pc1s_20190821::1.2
P,urn:nasa:pds:maven.mag.calibrated:data.pc:mvn_mag_l2_2019234pc1s_20190822::1.2
P,urn:nasa:pds:maven.mag.calibrated:data.pc:mvn_mag_l2_2019235pc1s_20190823::1.2
P,urn:nasa:pds:maven.mag.calibrated:data.pc:mvn_mag_l2_2019236pc1s_20190824::1.2
P,urn:nasa:pds:maven.mag.calibrated:data.pc:mvn_mag_l2_2019237pc1s_20190825::1.2
P,urn:nasa:pds:maven.mag.calibrated:data.pc:mvn_mag_l2_2019238pc1s_20190826::1.2
P,urn:nasa:pds:maven.mag.calibrated:data.pc:mvn_mag_l2_2019239pc1s_20190827::1.2
P,urn:nasa:pds:maven.mag.calibrated:data.pc:mvn_mag_l2_2019240pc1s_20190828::1.2
P,urn:nasa:pds:maven.mag.calibrated:data.pc:mvn_mag_l2_2019241pc1s_20190829::1.2
P,urn:nasa:pds:maven.mag.calibrated:data.pc:mvn_mag_l2_2019242pc1s_20190830::1.2
P,urn:nasa:pds:maven.mag.calibrated:data.pc:mvn_mag_l2_2019243pc1s_20190831::1.2
P,urn:nasa:pds:maven.mag.calibrated:data.pc:mvn_mag_l2_2019244pc1s_20190901::1.2
P,urn:nasa:pds:maven.mag.calibrated:data.pc:mvn_mag_l2_2019245pc1s_20190902::1.2
P,urn:nasa:pds:maven.mag.calibrated:data.pc:mvn_mag_l2_2019246pc1s_20190903::1.2
P,urn:nasa:pds:maven.mag.calibrated:data.pc:mvn_mag_l2_2019247pc1s_20190904::1.2
P,urn:nasa:pds:maven.mag.calibrated:data.pc:mvn_mag_l2_2019255pc1s_20190912::1.2
P,urn:nasa:pds:maven.mag.calibrated:data.pc:mvn_mag_l2_2019256pc1s_20190913::1.2
P,urn:nasa:pds:maven.mag.calibrated:data.pc:mvn_mag_l2_2019257pc1s_20190914::1.2
P,urn:nasa:pds:maven.mag.calibrated:data.pc:mvn_mag_l2_2019258pc1s_20190915::1.2
P,urn:nasa:pds:maven.mag.calibrated:data.pc:mvn_mag_l2_2019259pc1s_20190916::1.2
P,urn:nasa:pds:maven.mag.calibrated:data.pc:mvn_mag_l2_2019260pc1s_20190917::1.2
P,urn:nasa:pds:maven.mag.calibrated:data.pc:mvn_mag_l2_2019261pc1s_20190918::1.2
P,urn:nasa:pds:maven.mag.calibrated:data.pc:mvn_mag_l2_2019262pc1s_20190919::1.2
P,urn:nasa:pds:maven.mag.calibrated:data.pc:mvn_mag_l2_2019263pc1s_20190920::1.2
P,urn:nasa:pds:maven.mag.calibrated:data.pc:mvn_mag_l2_2019264pc1s_20190921::1.2
P,urn:nasa:pds:maven.mag.calibrated:data.pc:mvn_mag_l2_2019265pc1s_20190922::1.2
P,urn:nasa:pds:maven.mag.calibrated:data.pc:mvn_mag_l2_2019266pc1s_20190923::1.2
P,urn:nasa:pds:maven.mag.calibrated:data.pc:mvn_mag_l2_2019267pc1s_20190924::1.2
P,urn:nasa:pds:maven.mag.calibrated:data.pc:mvn_mag_l2_2019268pc1s_20190925::1.2
P,urn:nasa:pds:maven.mag.calibrated:data.pc:mvn_mag_l2_2019269pc1s_20190926::1.2
P,urn:nasa:pds:maven.mag.calibrated:data.pc:mvn_mag_l2_2019270pc1s_20190927::1.2
P,urn:nasa:pds:maven.mag.calibrated:data.pc:mvn_mag_l2_2019271pc1s_20190928::1.2
P,urn:nasa:pds:maven.mag.calibrated:data.pc:mvn_mag_l2_2019272pc1s_20190929::1.2
P,urn:nasa:pds:maven.mag.calibrated:data.pc:mvn_mag_l2_2019273pc1s_20190930::1.2
P,urn:nasa:pds:maven.mag.calibrated:data.pc:mvn_mag_l2_2019274pc1s_20191001::1.2
P,urn:nasa:pds:maven.mag.calibrated:data.pc:mvn_mag_l2_2019275pc1s_20191002::1.2
P,urn:nasa:pds:maven.mag.calibrated:data.pc:mvn_mag_l2_2019276pc1s_20191003::1.2
P,urn:nasa:pds:maven.mag.calibrated:data.pc:mvn_mag_l2_2019277pc1s_20191004::1.2
P,urn:nasa:pds:maven.mag.calibrated:data.pc:mvn_mag_l2_2019278pc1s_20191005::1.2
P,urn:nasa:pds:maven.mag.calibrated:data.pc:mvn_mag_l2_2019279pc1s_20191006::1.2
P,urn:nasa:pds:maven.mag.calibrated:data.pc:mvn_mag_l2_2019280pc1s_20191007::1.2
P,urn:nasa:pds:maven.mag.calibrated:data.pc:mvn_mag_l2_2019281pc1s_20191008::1.2
P,urn:nasa:pds:maven.mag.calibrated:data.pc:mvn_mag_l2_2019282pc1s_20191009::1.2
P,urn:nasa:pds:maven.mag.calibrated:data.pc:mvn_mag_l2_2019283pc1s_20191010::1.2
P,urn:nasa:pds:maven.mag.calibrated:data.pc:mvn_mag_l2_2019284pc1s_20191011::1.2
P,urn:nasa:pds:maven.mag.calibrated:data.pc:mvn_mag_l2_2019285pc1s_20191012::1.2
P,urn:nasa:pds:maven.mag.calibrated:data.pc:mvn_mag_l2_2019286pc1s_20191013::1.2
P,urn:nasa:pds:maven.mag.calibrated:data.pc:mvn_mag_l2_2019287pc1s_20191014::1.2
P,urn:nasa:pds:maven.mag.calibrated:data.pc:mvn_mag_l2_2019288pc1s_20191015::1.2
P,urn:nasa:pds:maven.mag.calibrated:data.pc:mvn_mag_l2_2019289pc1s_20191016::1.2
P,urn:nasa:pds:maven.mag.calibrated:data.pc:mvn_mag_l2_2019290pc1s_20191017::1.2
P,urn:nasa:pds:maven.mag.calibrated:data.pc:mvn_mag_l2_2019291pc1s_20191018::1.2
P,urn:nasa:pds:maven.mag.calibrated:data.pc:mvn_mag_l2_2019292pc1s_20191019::1.2
P,urn:nasa:pds:maven.mag.calibrated:data.pc:mvn_mag_l2_2019293pc1s_20191020::1.2
P,urn:nasa:pds:maven.mag.calibrated:data.pc:mvn_mag_l2_2019294pc1s_20191021::1.2
P,urn:nasa:pds:maven.mag.calibrated:data.pc:mvn_mag_l2_2019295pc1s_20191022::1.2
P,urn:nasa:pds:maven.mag.calibrated:data.pc:mvn_mag_l2_2019296pc1s_20191023::1.2
P,urn:nasa:pds:maven.mag.calibrated:data.pc:mvn_mag_l2_2019297pc1s_20191024::1.2
P,urn:nasa:pds:maven.mag.calibrated:data.pc:mvn_mag_l2_2019298pc1s_20191025::1.2
P,urn:nasa:pds:maven.mag.calibrated:data.pc:mvn_mag_l2_2019299pc1s_20191026::1.2
P,urn:nasa:pds:maven.mag.calibrated:data.pc:mvn_mag_l2_2019300pc1s_20191027::1.2
P,urn:nasa:pds:maven.mag.calibrated:data.pc:mvn_mag_l2_2019301pc1s_20191028::1.2
P,urn:nasa:pds:maven.mag.calibrated:data.pc:mvn_mag_l2_2019302pc1s_20191029::1.2
P,urn:nasa:pds:maven.mag.calibrated:data.pc:mvn_mag_l2_2019303pc1s_20191030::1.2
P,urn:nasa:pds:maven.mag.calibrated:data.pc:mvn_mag_l2_2019304pc1s_20191031::1.2
P,urn:nasa:pds:maven.mag.calibrated:data.pc:mvn_mag_l2_2019305pc1s_20191101::1.2
P,urn:nasa:pds:maven.mag.calibrated:data.pc:mvn_mag_l2_2019306pc1s_20191102::1.2
P,urn:nasa:pds:maven.mag.calibrated:data.pc:mvn_mag_l2_2019307pc1s_20191103::1.2
P,urn:nasa:pds:maven.mag.calibrated:data.pc:mvn_mag_l2_2019308pc1s_20191104::1.2
P,urn:nasa:pds:maven.mag.calibrated:data.pc:mvn_mag_l2_2019309pc1s_20191105::1.2
P,urn:nasa:pds:maven.mag.calibrated:data.pc:mvn_mag_l2_2019310pc1s_20191106::1.2
P,urn:nasa:pds:maven.mag.calibrated:data.pc:mvn_mag_l2_2019311pc1s_20191107::1.2
P,urn:nasa:pds:maven.mag.calibrated:data.pc:mvn_mag_l2_2019312pc1s_20191108::1.2
P,urn:nasa:pds:maven.mag.calibrated:data.pc:mvn_mag_l2_2019313pc1s_20191109::1.2
P,urn:nasa:pds:maven.mag.calibrated:data.pc:mvn_mag_l2_2019314pc1s_20191110::1.2
P,urn:nasa:pds:maven.mag.calibrated:data.pc:mvn_mag_l2_2019315pc1s_20191111::1.2
P,urn:nasa:pds:maven.mag.calibrated:data.pc:mvn_mag_l2_2019316pc1s_20191112::1.2
P,urn:nasa:pds:maven.mag.calibrated:data.pc:mvn_mag_l2_2019317pc1s_20191113::1.2
P,urn:nasa:pds:maven.mag.calibrated:data.pc:mvn_mag_l2_2019318pc1s_20191114::1.2
P,urn:nasa:pds:maven.mag.calibrated:data.pc:mvn_mag_l2_2019319pc1s_20191115::1.1
P,urn:nasa:pds:maven.mag.calibrated:data.pc:mvn_mag_l2_2019320pc1s_20191116::1.1
P,urn:nasa:pds:maven.mag.calibrated:data.pc:mvn_mag_l2_2019321pc1s_20191117::1.1
P,urn:nasa:pds:maven.mag.calibrated:data.pc:mvn_mag_l2_2019322pc1s_20191118::1.1
P,urn:nasa:pds:maven.mag.calibrated:data.pc:mvn_mag_l2_2019323pc1s_20191119::1.1
P,urn:nasa:pds:maven.mag.calibrated:data.pc:mvn_mag_l2_2019324pc1s_20191120::1.1
P,urn:nasa:pds:maven.mag.calibrated:data.pc:mvn_mag_l2_2019325pc1s_20191121::1.1
P,urn:nasa:pds:maven.mag.calibrated:data.pc:mvn_mag_l2_2019326pc1s_20191122::1.1
P,urn:nasa:pds:maven.mag.calibrated:data.pc:mvn_mag_l2_2019327pc1s_20191123::1.1
P,urn:nasa:pds:maven.mag.calibrated:data.pc:mvn_mag_l2_2019328pc1s_20191124::1.1
P,urn:nasa:pds:maven.mag.calibrated:data.pc:mvn_mag_l2_2019329pc1s_20191125::1.1
P,urn:nasa:pds:maven.mag.calibrated:data.pc:mvn_mag_l2_2019330pc1s_20191126::1.1
P,urn:nasa:pds:maven.mag.calibrated:data.pc:mvn_mag_l2_2019331pc1s_20191127::1.1
P,urn:nasa:pds:maven.mag.calibrated:data.pc:mvn_mag_l2_2019332pc1s_20191128::1.1
P,urn:nasa:pds:maven.mag.calibrated:data.pc:mvn_mag_l2_2019333pc1s_20191129::1.1
P,urn:nasa:pds:maven.mag.calibrated:data.pc:mvn_mag_l2_2019334pc1s_20191130::1.1
P,urn:nasa:pds:maven.mag.calibrated:data.pc:mvn_mag_l2_2019335pc1s_20191201::1.1
P,urn:nasa:pds:maven.mag.calibrated:data.pc:mvn_mag_l2_2019336pc1s_20191202::1.1
P,urn:nasa:pds:maven.mag.calibrated:data.pc:mvn_mag_l2_2019337pc1s_20191203::1.1
P,urn:nasa:pds:maven.mag.calibrated:data.pc:mvn_mag_l2_2019338pc1s_20191204::1.1
P,urn:nasa:pds:maven.mag.calibrated:data.pc:mvn_mag_l2_2019339pc1s_20191205::1.1
P,urn:nasa:pds:maven.mag.calibrated:data.pc:mvn_mag_l2_2019340pc1s_20191206::1.1
P,urn:nasa:pds:maven.mag.calibrated:data.pc:mvn_mag_l2_2019341pc1s_20191207::1.1
P,urn:nasa:pds:maven.mag.calibrated:data.pc:mvn_mag_l2_2019342pc1s_20191208::1.1
P,urn:nasa:pds:maven.mag.calibrated:data.pc:mvn_mag_l2_2019343pc1s_20191209::1.1
P,urn:nasa:pds:maven.mag.calibrated:data.pc:mvn_mag_l2_2019344pc1s_20191210::1.1
P,urn:nasa:pds:maven.mag.calibrated:data.pc:mvn_mag_l2_2019345pc1s_20191211::1.1
P,urn:nasa:pds:maven.mag.calibrated:data.pc:mvn_mag_l2_2019346pc1s_20191212::1.1
P,urn:nasa:pds:maven.mag.calibrated:data.pc:mvn_mag_l2_2019347pc1s_20191213::1.1
P,urn:nasa:pds:maven.mag.calibrated:data.pc:mvn_mag_l2_2019348pc1s_20191214::1.1
P,urn:nasa:pds:maven.mag.calibrated:data.pc:mvn_mag_l2_2019349pc1s_20191215::1.1
P,urn:nasa:pds:maven.mag.calibrated:data.pc:mvn_mag_l2_2019350pc1s_20191216::1.1
P,urn:nasa:pds:maven.mag.calibrated:data.pc:mvn_mag_l2_2019351pc1s_20191217::1.1
P,urn:nasa:pds:maven.mag.calibrated:data.pc:mvn_mag_l2_2019352pc1s_20191218::1.1
P,urn:nasa:pds:maven.mag.calibrated:data.pc:mvn_mag_l2_2019353pc1s_20191219::1.1
P,urn:nasa:pds:maven.mag.calibrated:data.pc:mvn_mag_l2_2019354pc1s_20191220::1.1
P,urn:nasa:pds:maven.mag.calibrated:data.pc:mvn_mag_l2_2019355pc1s_20191221::1.1
P,urn:nasa:pds:maven.mag.calibrated:data.pc:mvn_mag_l2_2019356pc1s_20191222::1.1
P,urn:nasa:pds:maven.mag.calibrated:data.pc:mvn_mag_l2_2019357pc1s_20191223::1.1
P,urn:nasa:pds:maven.mag.calibrated:data.pc:mvn_mag_l2_2019358pc1s_20191224::1.1
P,urn:nasa:pds:maven.mag.calibrated:data.pc:mvn_mag_l2_2019359pc1s_20191225::1.1
P,urn:nasa:pds:maven.mag.calibrated:data.pc:mvn_mag_l2_2019360pc1s_20191226::1.1
P,urn:nasa:pds:maven.mag.calibrated:data.pc:mvn_mag_l2_2019361pc1s_20191227::1.1
P,urn:nasa:pds:maven.mag.calibrated:data.pc:mvn_mag_l2_2019362pc1s_20191228::1.1
P,urn:nasa:pds:maven.mag.calibrated:data.pc:mvn_mag_l2_2019363pc1s_20191229::1.1
P,urn:nasa:pds:maven.mag.calibrated:data.pc:mvn_mag_l2_2019364pc1s_20191230::1.1
P,urn:nasa:pds:maven.mag.calibrated:data.pc:mvn_mag_l2_2019365pc1s_20191231::1.1
P,urn:nasa:pds:maven.mag.calibrated:data.pc:mvn_mag_l2_2020001pc1s_20200101::1.1
P,urn:nasa:pds:maven.mag.calibrated:data.pc:mvn_mag_l2_2020002pc1s_20200102::1.1
P,urn:nasa:pds:maven.mag.calibrated:data.pc:mvn_mag_l2_2020003pc1s_20200103::1.1
P,urn:nasa:pds:maven.mag.calibrated:data.pc:mvn_mag_l2_2020004pc1s_20200104::1.1
P,urn:nasa:pds:maven.mag.calibrated:data.pc:mvn_mag_l2_2020005pc1s_20200105::1.1
P,urn:nasa:pds:maven.mag.calibrated:data.pc:mvn_mag_l2_2020006pc1s_20200106::1.1
P,urn:nasa:pds:maven.mag.calibrated:data.pc:mvn_mag_l2_2020007pc1s_20200107::1.1
P,urn:nasa:pds:maven.mag.calibrated:data.pc:mvn_mag_l2_2020008pc1s_20200108::1.1
P,urn:nasa:pds:maven.mag.calibrated:data.pc:mvn_mag_l2_2020009pc1s_20200109::1.1
P,urn:nasa:pds:maven.mag.calibrated:data.pc:mvn_mag_l2_2020010pc1s_20200110::1.1
P,urn:nasa:pds:maven.mag.calibrated:data.pc:mvn_mag_l2_2020011pc1s_20200111::1.1
P,urn:nasa:pds:maven.mag.calibrated:data.pc:mvn_mag_l2_2020012pc1s_20200112::1.1
P,urn:nasa:pds:maven.mag.calibrated:data.pc:mvn_mag_l2_2020013pc1s_20200113::1.1
P,urn:nasa:pds:maven.mag.calibrated:data.pc:mvn_mag_l2_2020014pc1s_20200114::1.1
P,urn:nasa:pds:maven.mag.calibrated:data.pc:mvn_mag_l2_2020015pc1s_20200115::1.1
P,urn:nasa:pds:maven.mag.calibrated:data.pc:mvn_mag_l2_2020016pc1s_20200116::1.1
P,urn:nasa:pds:maven.mag.calibrated:data.pc:mvn_mag_l2_2020017pc1s_20200117::1.1
P,urn:nasa:pds:maven.mag.calibrated:data.pc:mvn_mag_l2_2020018pc1s_20200118::1.1
P,urn:nasa:pds:maven.mag.calibrated:data.pc:mvn_mag_l2_2020019pc1s_20200119::1.1
P,urn:nasa:pds:maven.mag.calibrated:data.pc:mvn_mag_l2_2020020pc1s_20200120::1.1
P,urn:nasa:pds:maven.mag.calibrated:data.pc:mvn_mag_l2_2020021pc1s_20200121::1.1
P,urn:nasa:pds:maven.mag.calibrated:data.pc:mvn_mag_l2_2020022pc1s_20200122::1.1
P,urn:nasa:pds:maven.mag.calibrated:data.pc:mvn_mag_l2_2020023pc1s_20200123::1.1
P,urn:nasa:pds:maven.mag.calibrated:data.pc:mvn_mag_l2_2020024pc1s_20200124::1.1
P,urn:nasa:pds:maven.mag.calibrated:data.pc:mvn_mag_l2_2020025pc1s_20200125::1.1
P,urn:nasa:pds:maven.mag.calibrated:data.pc:mvn_mag_l2_2020026pc1s_20200126::1.1
P,urn:nasa:pds:maven.mag.calibrated:data.pc:mvn_mag_l2_2020027pc1s_20200127::1.1
P,urn:nasa:pds:maven.mag.calibrated:data.pc:mvn_mag_l2_2020028pc1s_20200128::1.1
P,urn:nasa:pds:maven.mag.calibrated:data.pc:mvn_mag_l2_2020029pc1s_20200129::1.1
P,urn:nasa:pds:maven.mag.calibrated:data.pc:mvn_mag_l2_2020030pc1s_20200130::1.1
P,urn:nasa:pds:maven.mag.calibrated:data.pc:mvn_mag_l2_2020031pc1s_20200131::1.1
P,urn:nasa:pds:maven.mag.calibrated:data.pc:mvn_mag_l2_2020032pc1s_20200201::1.1
P,urn:nasa:pds:maven.mag.calibrated:data.pc:mvn_mag_l2_2020033pc1s_20200202::1.1
P,urn:nasa:pds:maven.mag.calibrated:data.pc:mvn_mag_l2_2020034pc1s_20200203::1.1
P,urn:nasa:pds:maven.mag.calibrated:data.pc:mvn_mag_l2_2020035pc1s_20200204::1.1
P,urn:nasa:pds:maven.mag.calibrated:data.pc:mvn_mag_l2_2020036pc1s_20200205::1.1
P,urn:nasa:pds:maven.mag.calibrated:data.pc:mvn_mag_l2_2020037pc1s_20200206::1.1
P,urn:nasa:pds:maven.mag.calibrated:data.pc:mvn_mag_l2_2020038pc1s_20200207::1.1
P,urn:nasa:pds:maven.mag.calibrated:data.pc:mvn_mag_l2_2020039pc1s_20200208::1.1
P,urn:nasa:pds:maven.mag.calibrated:data.pc:mvn_mag_l2_2020040pc1s_20200209::1.1
P,urn:nasa:pds:maven.mag.calibrated:data.pc:mvn_mag_l2_2020041pc1s_20200210::1.1
P,urn:nasa:pds:maven.mag.calibrated:data.pc:mvn_mag_l2_2020042pc1s_20200211::1.1
P,urn:nasa:pds:maven.mag.calibrated:data.pc:mvn_mag_l2_2020043pc1s_20200212::1.1
P,urn:nasa:pds:maven.mag.calibrated:data.pc:mvn_mag_l2_2020044pc1s_20200213::1.1
P,urn:nasa:pds:maven.mag.calibrated:data.pc:mvn_mag_l2_2020045pc1s_20200214::1.1
P,urn:nasa:pds:maven.mag.calibrated:data.pc:mvn_mag_l2_2020046pc1s_20200215::1.1
P,urn:nasa:pds:maven.mag.calibrated:data.pc:mvn_mag_l2_2020047pc1s_20200216::1.1
P,urn:nasa:pds:maven.mag.calibrated:data.pc:mvn_mag_l2_2020048pc1s_20200217::1.1
P,urn:nasa:pds:maven.mag.calibrated:data.pc:mvn_mag_l2_2020049pc1s_20200218::1.1
P,urn:nasa:pds:maven.mag.calibrated:data.pc:mvn_mag_l2_2020050pc1s_20200219::1.1
P,urn:nasa:pds:maven.mag.calibrated:data.pc:mvn_mag_l2_2020051pc1s_20200220::1.1
P,urn:nasa:pds:maven.mag.calibrated:data.pc:mvn_mag_l2_2020052pc1s_20200221::1.1
P,urn:nasa:pds:maven.mag.calibrated:data.pc:mvn_mag_l2_2020053pc1s_20200222::1.1
P,urn:nasa:pds:maven.mag.calibrated:data.pc:mvn_mag_l2_2020054pc1s_20200223::1.1
P,urn:nasa:pds:maven.mag.calibrated:data.pc:mvn_mag_l2_2020055pc1s_20200224::1.1
P,urn:nasa:pds:maven.mag.calibrated:data.pc:mvn_mag_l2_2020056pc1s_20200225::1.1
P,urn:nasa:pds:maven.mag.calibrated:data.pc:mvn_mag_l2_2020057pc1s_20200226::1.1
P,urn:nasa:pds:maven.mag.calibrated:data.pc:mvn_mag_l2_2020058pc1s_20200227::1.1
P,urn:nasa:pds:maven.mag.calibrated:data.pc:mvn_mag_l2_2020059pc1s_20200228::1.1
P,urn:nasa:pds:maven.mag.calibrated:data.pc:mvn_mag_l2_2020060pc1s_20200229::1.1
P,urn:nasa:pds:maven.mag.calibrated:data.pc:mvn_mag_l2_2020061pc1s_20200301::1.1
P,urn:nasa:pds:maven.mag.calibrated:data.pc:mvn_mag_l2_2020062pc1s_20200302::1.1
P,urn:nasa:pds:maven.mag.calibrated:data.pc:mvn_mag_l2_2020063pc1s_20200303::1.1
P,urn:nasa:pds:maven.mag.calibrated:data.pc:mvn_mag_l2_2020064pc1s_20200304::1.1
P,urn:nasa:pds:maven.mag.calibrated:data.pc:mvn_mag_l2_2020065pc1s_20200305::1.1
P,urn:nasa:pds:maven.mag.calibrated:data.pc:mvn_mag_l2_2020066pc1s_20200306::1.1
P,urn:nasa:pds:maven.mag.calibrated:data.pc:mvn_mag_l2_2020067pc1s_20200307::1.1
P,urn:nasa:pds:maven.mag.calibrated:data.pc:mvn_mag_l2_2020068pc1s_20200308::1.1
P,urn:nasa:pds:maven.mag.calibrated:data.pc:mvn_mag_l2_2020069pc1s_20200309::1.1
P,urn:nasa:pds:maven.mag.calibrated:data.pc:mvn_mag_l2_2020070pc1s_20200310::1.1
P,urn:nasa:pds:maven.mag.calibrated:data.pc:mvn_mag_l2_2020071pc1s_20200311::1.1
P,urn:nasa:pds:maven.mag.calibrated:data.pc:mvn_mag_l2_2020072pc1s_20200312::1.1
P,urn:nasa:pds:maven.mag.calibrated:data.pc:mvn_mag_l2_2020073pc1s_20200313::1.1
P,urn:nasa:pds:maven.mag.calibrated:data.pc:mvn_mag_l2_2020074pc1s_20200314::1.1
P,urn:nasa:pds:maven.mag.calibrated:data.pc:mvn_mag_l2_2020075pc1s_20200315::1.1
P,urn:nasa:pds:maven.mag.calibrated:data.pc:mvn_mag_l2_2020076pc1s_20200316::1.1
P,urn:nasa:pds:maven.mag.calibrated:data.pc:mvn_mag_l2_2020077pc1s_20200317::1.1
P,urn:nasa:pds:maven.mag.calibrated:data.pc:mvn_mag_l2_2020078pc1s_20200318::1.1
P,urn:nasa:pds:maven.mag.calibrated:data.pc:mvn_mag_l2_2020079pc1s_20200319::1.1
P,urn:nasa:pds:maven.mag.calibrated:data.pc:mvn_mag_l2_2020080pc1s_20200320::1.1
P,urn:nasa:pds:maven.mag.calibrated:data.pc:mvn_mag_l2_2020081pc1s_20200321::1.1
P,urn:nasa:pds:maven.mag.calibrated:data.pc:mvn_mag_l2_2020082pc1s_20200322::1.1
P,urn:nasa:pds:maven.mag.calibrated:data.pc:mvn_mag_l2_2020083pc1s_20200323::1.1
P,urn:nasa:pds:maven.mag.calibrated:data.pc:mvn_mag_l2_2020084pc1s_20200324::1.1
P,urn:nasa:pds:maven.mag.calibrated:data.pc:mvn_mag_l2_2020085pc1s_20200325::1.1
P,urn:nasa:pds:maven.mag.calibrated:data.pc:mvn_mag_l2_2020086pc1s_20200326::1.1
P,urn:nasa:pds:maven.mag.calibrated:data.pc:mvn_mag_l2_2020087pc1s_20200327::1.1
P,urn:nasa:pds:maven.mag.calibrated:data.pc:mvn_mag_l2_2020088pc1s_20200328::1.1
P,urn:nasa:pds:maven.mag.calibrated:data.pc:mvn_mag_l2_2020089pc1s_20200329::1.1
P,urn:nasa:pds:maven.mag.calibrated:data.pc:mvn_mag_l2_2020090pc1s_20200330::1.1
P,urn:nasa:pds:maven.mag.calibrated:data.pc:mvn_mag_l2_2020091pc1s_20200331::1.1
P,urn:nasa:pds:maven.mag.calibrated:data.pc:mvn_mag_l2_2020092pc1s_20200401::1.1
P,urn:nasa:pds:maven.mag.calibrated:data.pc:mvn_mag_l2_2020093pc1s_20200402::1.1
P,urn:nasa:pds:maven.mag.calibrated:data.pc:mvn_mag_l2_2020094pc1s_20200403::1.1
P,urn:nasa:pds:maven.mag.calibrated:data.pc:mvn_mag_l2_2020095pc1s_20200404::1.1
P,urn:nasa:pds:maven.mag.calibrated:data.pc:mvn_mag_l2_2020096pc1s_20200405::1.1
P,urn:nasa:pds:maven.mag.calibrated:data.pc:mvn_mag_l2_2020097pc1s_20200406::1.1
P,urn:nasa:pds:maven.mag.calibrated:data.pc:mvn_mag_l2_2020098pc1s_20200407::1.1
P,urn:nasa:pds:maven.mag.calibrated:data.pc:mvn_mag_l2_2020099pc1s_20200408::1.1
P,urn:nasa:pds:maven.mag.calibrated:data.pc:mvn_mag_l2_2020100pc1s_20200409::1.1
P,urn:nasa:pds:maven.mag.calibrated:data.pc:mvn_mag_l2_2020101pc1s_20200410::1.1
P,urn:nasa:pds:maven.mag.calibrated:data.pc:mvn_mag_l2_2020102pc1s_20200411::1.1
P,urn:nasa:pds:maven.mag.calibrated:data.pc:mvn_mag_l2_2020103pc1s_20200412::1.1
P,urn:nasa:pds:maven.mag.calibrated:data.pc:mvn_mag_l2_2020104pc1s_20200413::1.1
P,urn:nasa:pds:maven.mag.calibrated:data.pc:mvn_mag_l2_2020105pc1s_20200414::1.1
P,urn:nasa:pds:maven.mag.calibrated:data.pc:mvn_mag_l2_2020106pc1s_20200415::1.1
P,urn:nasa:pds:maven.mag.calibrated:data.pc:mvn_mag_l2_2020107pc1s_20200416::1.1
P,urn:nasa:pds:maven.mag.calibrated:data.pc:mvn_mag_l2_2020108pc1s_20200417::1.1
P,urn:nasa:pds:maven.mag.calibrated:data.pc:mvn_mag_l2_2020109pc1s_20200418::1.1
P,urn:nasa:pds:maven.mag.calibrated:data.pc:mvn_mag_l2_2020110pc1s_20200419::1.1
P,urn:nasa:pds:maven.mag.calibrated:data.pc:mvn_mag_l2_2020111pc1s_20200420::1.1
P,urn:nasa:pds:maven.mag.calibrated:data.pc:mvn_mag_l2_2020112pc1s_20200421::1.1
P,urn:nasa:pds:maven.mag.calibrated:data.pc:mvn_mag_l2_2020113pc1s_20200422::1.1
P,urn:nasa:pds:maven.mag.calibrated:data.pc:mvn_mag_l2_2020114pc1s_20200423::1.1
P,urn:nasa:pds:maven.mag.calibrated:data.pc:mvn_mag_l2_2020115pc1s_20200424::1.1
P,urn:nasa:pds:maven.mag.calibrated:data.pc:mvn_mag_l2_2020116pc1s_20200425::1.1
P,urn:nasa:pds:maven.mag.calibrated:data.pc:mvn_mag_l2_2020117pc1s_20200426::1.1
P,urn:nasa:pds:maven.mag.calibrated:data.pc:mvn_mag_l2_2020118pc1s_20200427::1.1
P,urn:nasa:pds:maven.mag.calibrated:data.pc:mvn_mag_l2_2020119pc1s_20200428::1.1
P,urn:nasa:pds:maven.mag.calibrated:data.pc:mvn_mag_l2_2020120pc1s_20200429::1.1
P,urn:nasa:pds:maven.mag.calibrated:data.pc:mvn_mag_l2_2020121pc1s_20200430::1.1
P,urn:nasa:pds:maven.mag.calibrated:data.pc:mvn_mag_l2_2020122pc1s_20200501::1.1
P,urn:nasa:pds:maven.mag.calibrated:data.pc:mvn_mag_l2_2020123pc1s_20200502::1.1
P,urn:nasa:pds:maven.mag.calibrated:data.pc:mvn_mag_l2_2020124pc1s_20200503::1.1
P,urn:nasa:pds:maven.mag.calibrated:data.pc:mvn_mag_l2_2020125pc1s_20200504::1.1
P,urn:nasa:pds:maven.mag.calibrated:data.pc:mvn_mag_l2_2020126pc1s_20200505::1.1
P,urn:nasa:pds:maven.mag.calibrated:data.pc:mvn_mag_l2_2020127pc1s_20200506::1.1
P,urn:nasa:pds:maven.mag.calibrated:data.pc:mvn_mag_l2_2020128pc1s_20200507::1.1
P,urn:nasa:pds:maven.mag.calibrated:data.pc:mvn_mag_l2_2020129pc1s_20200508::1.1
P,urn:nasa:pds:maven.mag.calibrated:data.pc:mvn_mag_l2_2020130pc1s_20200509::1.1
P,urn:nasa:pds:maven.mag.calibrated:data.pc:mvn_mag_l2_2020131pc1s_20200510::1.1
P,urn:nasa:pds:maven.mag.calibrated:data.pc:mvn_mag_l2_2020132pc1s_20200511::1.1
P,urn:nasa:pds:maven.mag.calibrated:data.pc:mvn_mag_l2_2020133pc1s_20200512::1.1
P,urn:nasa:pds:maven.mag.calibrated:data.pc:mvn_mag_l2_2020134pc1s_20200513::1.1
P,urn:nasa:pds:maven.mag.calibrated:data.pc:mvn_mag_l2_2020135pc1s_20200514::1.1
P,urn:nasa:pds:maven.mag.calibrated:data.pc:mvn_mag_l2_2020136pc1s_20200515::1.1
P,urn:nasa:pds:maven.mag.calibrated:data.pc:mvn_mag_l2_2020137pc1s_20200516::1.1
P,urn:nasa:pds:maven.mag.calibrated:data.pc:mvn_mag_l2_2020138pc1s_20200517::1.1
P,urn:nasa:pds:maven.mag.calibrated:data.pc:mvn_mag_l2_2020139pc1s_20200518::1.1
P,urn:nasa:pds:maven.mag.calibrated:data.pc:mvn_mag_l2_2020140pc1s_20200519::1.1
P,urn:nasa:pds:maven.mag.calibrated:data.pc:mvn_mag_l2_2020141pc1s_20200520::1.1
P,urn:nasa:pds:maven.mag.calibrated:data.pc:mvn_mag_l2_2020142pc1s_20200521::1.1
P,urn:nasa:pds:maven.mag.calibrated:data.pc:mvn_mag_l2_2020143pc1s_20200522::1.1
P,urn:nasa:pds:maven.mag.calibrated:data.pc:mvn_mag_l2_2020144pc1s_20200523::1.1
P,urn:nasa:pds:maven.mag.calibrated:data.pc:mvn_mag_l2_2020145pc1s_20200524::1.1
P,urn:nasa:pds:maven.mag.calibrated:data.pc:mvn_mag_l2_2020146pc1s_20200525::1.1
P,urn:nasa:pds:maven.mag.calibrated:data.pc:mvn_mag_l2_2020147pc1s_20200526::1.1
P,urn:nasa:pds:maven.mag.calibrated:data.pc:mvn_mag_l2_2020148pc1s_20200527::1.1
P,urn:nasa:pds:maven.mag.calibrated:data.pc:mvn_mag_l2_2020149pc1s_20200528::1.1
P,urn:nasa:pds:maven.mag.calibrated:data.pc:mvn_mag_l2_2020150pc1s_20200529::1.1
P,urn:nasa:pds:maven.mag.calibrated:data.pc:mvn_mag_l2_2020151pc1s_20200530::1.1
P,urn:nasa:pds:maven.mag.calibrated:data.pc:mvn_mag_l2_2020152pc1s_20200531::1.1
P,urn:nasa:pds:maven.mag.calibrated:data.pc:mvn_mag_l2_2020153pc1s_20200601::1.1
P,urn:nasa:pds:maven.mag.calibrated:data.pc:mvn_mag_l2_2020154pc1s_20200602::1.1
P,urn:nasa:pds:maven.mag.calibrated:data.pc:mvn_mag_l2_2020155pc1s_20200603::1.1
P,urn:nasa:pds:maven.mag.calibrated:data.pc:mvn_mag_l2_2020156pc1s_20200604::1.1
P,urn:nasa:pds:maven.mag.calibrated:data.pc:mvn_mag_l2_2020157pc1s_20200605::1.1
P,urn:nasa:pds:maven.mag.calibrated:data.pc:mvn_mag_l2_2020158pc1s_20200606::1.1
P,urn:nasa:pds:maven.mag.calibrated:data.pc:mvn_mag_l2_2020159pc1s_20200607::1.1
P,urn:nasa:pds:maven.mag.calibrated:data.pc:mvn_mag_l2_2020160pc1s_20200608::1.1
P,urn:nasa:pds:maven.mag.calibrated:data.pc:mvn_mag_l2_2020161pc1s_20200609::1.1
P,urn:nasa:pds:maven.mag.calibrated:data.pc:mvn_mag_l2_2020162pc1s_20200610::1.1
P,urn:nasa:pds:maven.mag.calibrated:data.pc:mvn_mag_l2_2020163pc1s_20200611::1.1
P,urn:nasa:pds:maven.mag.calibrated:data.pc:mvn_mag_l2_2020164pc1s_20200612::1.1
P,urn:nasa:pds:maven.mag.calibrated:data.pc:mvn_mag_l2_2020165pc1s_20200613::1.1
P,urn:nasa:pds:maven.mag.calibrated:data.pc:mvn_mag_l2_2020166pc1s_20200614::1.1
P,urn:nasa:pds:maven.mag.calibrated:data.pc:mvn_mag_l2_2020167pc1s_20200615::1.1
P,urn:nasa:pds:maven.mag.calibrated:data.pc:mvn_mag_l2_2020168pc1s_20200616::1.1
P,urn:nasa:pds:maven.mag.calibrated:data.pc:mvn_mag_l2_2020169pc1s_20200617::1.1
P,urn:nasa:pds:maven.mag.calibrated:data.pc:mvn_mag_l2_2020170pc1s_20200618::1.1
P,urn:nasa:pds:maven.mag.calibrated:data.pc:mvn_mag_l2_2020171pc1s_20200619::1.1
P,urn:nasa:pds:maven.mag.calibrated:data.pc:mvn_mag_l2_2020172pc1s_20200620::1.1
P,urn:nasa:pds:maven.mag.calibrated:data.pc:mvn_mag_l2_2020173pc1s_20200621::1.1
P,urn:nasa:pds:maven.mag.calibrated:data.pc:mvn_mag_l2_2020174pc1s_20200622::1.1
P,urn:nasa:pds:maven.mag.calibrated:data.pc:mvn_mag_l2_2020175pc1s_20200623::1.1
P,urn:nasa:pds:maven.mag.calibrated:data.pc:mvn_mag_l2_2020176pc1s_20200624::1.1
P,urn:nasa:pds:maven.mag.calibrated:data.pc:mvn_mag_l2_2020177pc1s_20200625::1.1
P,urn:nasa:pds:maven.mag.calibrated:data.pc:mvn_mag_l2_2020178pc1s_20200626::1.1
P,urn:nasa:pds:maven.mag.calibrated:data.pc:mvn_mag_l2_2020179pc1s_20200627::1.1
P,urn:nasa:pds:maven.mag.calibrated:data.pc:mvn_mag_l2_2020180pc1s_20200628::1.1
P,urn:nasa:pds:maven.mag.calibrated:data.pc:mvn_mag_l2_2020181pc1s_20200629::1.1
P,urn:nasa:pds:maven.mag.calibrated:data.pc:mvn_mag_l2_2020182pc1s_20200630::1.1
P,urn:nasa:pds:maven.mag.calibrated:data.pc:mvn_mag_l2_2020183pc1s_20200701::1.1
P,urn:nasa:pds:maven.mag.calibrated:data.pc:mvn_mag_l2_2020184pc1s_20200702::1.1
P,urn:nasa:pds:maven.mag.calibrated:data.pc:mvn_mag_l2_2020185pc1s_20200703::1.1
P,urn:nasa:pds:maven.mag.calibrated:data.pc:mvn_mag_l2_2020186pc1s_20200704::1.1
P,urn:nasa:pds:maven.mag.calibrated:data.pc:mvn_mag_l2_2020187pc1s_20200705::1.1
P,urn:nasa:pds:maven.mag.calibrated:data.pc:mvn_mag_l2_2020188pc1s_20200706::1.1
P,urn:nasa:pds:maven.mag.calibrated:data.pc:mvn_mag_l2_2020189pc1s_20200707::1.1
P,urn:nasa:pds:maven.mag.calibrated:data.pc:mvn_mag_l2_2020190pc1s_20200708::1.1
P,urn:nasa:pds:maven.mag.calibrated:data.pc:mvn_mag_l2_2020191pc1s_20200709::1.1
P,urn:nasa:pds:maven.mag.calibrated:data.pc:mvn_mag_l2_2020192pc1s_20200710::1.1
P,urn:nasa:pds:maven.mag.calibrated:data.pc:mvn_mag_l2_2020193pc1s_20200711::1.1
P,urn:nasa:pds:maven.mag.calibrated:data.pc:mvn_mag_l2_2020194pc1s_20200712::1.1
P,urn:nasa:pds:maven.mag.calibrated:data.pc:mvn_mag_l2_2020195pc1s_20200713::1.1
P,urn:nasa:pds:maven.mag.calibrated:data.pc:mvn_mag_l2_2020196pc1s_20200714::1.1
P,urn:nasa:pds:maven.mag.calibrated:data.pc:mvn_mag_l2_2020197pc1s_20200715::1.1
P,urn:nasa:pds:maven.mag.calibrated:data.pc:mvn_mag_l2_2020198pc1s_20200716::1.1
P,urn:nasa:pds:maven.mag.calibrated:data.pc:mvn_mag_l2_2020199pc1s_20200717::1.1
P,urn:nasa:pds:maven.mag.calibrated:data.pc:mvn_mag_l2_2020200pc1s_20200718::1.1
P,urn:nasa:pds:maven.mag.calibrated:data.pc:mvn_mag_l2_2020201pc1s_20200719::1.1
P,urn:nasa:pds:maven.mag.calibrated:data.pc:mvn_mag_l2_2020202pc1s_20200720::1.1
P,urn:nasa:pds:maven.mag.calibrated:data.pc:mvn_mag_l2_2020203pc1s_20200721::1.1
P,urn:nasa:pds:maven.mag.calibrated:data.pc:mvn_mag_l2_2020204pc1s_20200722::1.1
P,urn:nasa:pds:maven.mag.calibrated:data.pc:mvn_mag_l2_2020205pc1s_20200723::1.1
P,urn:nasa:pds:maven.mag.calibrated:data.pc:mvn_mag_l2_2020206pc1s_20200724::1.1
P,urn:nasa:pds:maven.mag.calibrated:data.pc:mvn_mag_l2_2020207pc1s_20200725::1.1
P,urn:nasa:pds:maven.mag.calibrated:data.pc:mvn_mag_l2_2020208pc1s_20200726::1.1
P,urn:nasa:pds:maven.mag.calibrated:data.pc:mvn_mag_l2_2020209pc1s_20200727::1.1
P,urn:nasa:pds:maven.mag.calibrated:data.pc:mvn_mag_l2_2020210pc1s_20200728::1.1
P,urn:nasa:pds:maven.mag.calibrated:data.pc:mvn_mag_l2_2020211pc1s_20200729::1.1
P,urn:nasa:pds:maven.mag.calibrated:data.pc:mvn_mag_l2_2020212pc1s_20200730::1.1
P,urn:nasa:pds:maven.mag.calibrated:data.pc:mvn_mag_l2_2020213pc1s_20200731::1.1
P,urn:nasa:pds:maven.mag.calibrated:data.pc:mvn_mag_l2_2020214pc1s_20200801::1.1
P,urn:nasa:pds:maven.mag.calibrated:data.pc:mvn_mag_l2_2020215pc1s_20200802::1.1
P,urn:nasa:pds:maven.mag.calibrated:data.pc:mvn_mag_l2_2020216pc1s_20200803::1.1
P,urn:nasa:pds:maven.mag.calibrated:data.pc:mvn_mag_l2_2020217pc1s_20200804::1.1
P,urn:nasa:pds:maven.mag.calibrated:data.pc:mvn_mag_l2_2020218pc1s_20200805::1.1
P,urn:nasa:pds:maven.mag.calibrated:data.pc:mvn_mag_l2_2020219pc1s_20200806::1.1
P,urn:nasa:pds:maven.mag.calibrated:data.pc:mvn_mag_l2_2020220pc1s_20200807::1.1
P,urn:nasa:pds:maven.mag.calibrated:data.pc:mvn_mag_l2_2020221pc1s_20200808::1.1
P,urn:nasa:pds:maven.mag.calibrated:data.pc:mvn_mag_l2_2020222pc1s_20200809::1.1
P,urn:nasa:pds:maven.mag.calibrated:data.pc:mvn_mag_l2_2020223pc1s_20200810::1.1
P,urn:nasa:pds:maven.mag.calibrated:data.pc:mvn_mag_l2_2020224pc1s_20200811::1.1
P,urn:nasa:pds:maven.mag.calibrated:data.pc:mvn_mag_l2_2020225pc1s_20200812::1.1
P,urn:nasa:pds:maven.mag.calibrated:data.pc:mvn_mag_l2_2020226pc1s_20200813::1.1
P,urn:nasa:pds:maven.mag.calibrated:data.pc:mvn_mag_l2_2020227pc1s_20200814::1.1
P,urn:nasa:pds:maven.mag.calibrated:data.pc:mvn_mag_l2_2020228pc1s_20200815::1.2
P,urn:nasa:pds:maven.mag.calibrated:data.pc:mvn_mag_l2_2020229pc1s_20200816::1.2
P,urn:nasa:pds:maven.mag.calibrated:data.pc:mvn_mag_l2_2020230pc1s_20200817::1.2
P,urn:nasa:pds:maven.mag.calibrated:data.pc:mvn_mag_l2_2020231pc1s_20200818::1.2
P,urn:nasa:pds:maven.mag.calibrated:data.pc:mvn_mag_l2_2020232pc1s_20200819::1.2
P,urn:nasa:pds:maven.mag.calibrated:data.pc:mvn_mag_l2_2020233pc1s_20200820::1.2
P,urn:nasa:pds:maven.mag.calibrated:data.pc:mvn_mag_l2_2020234pc1s_20200821::1.2
P,urn:nasa:pds:maven.mag.calibrated:data.pc:mvn_mag_l2_2020235pc1s_20200822::1.2
P,urn:nasa:pds:maven.mag.calibrated:data.pc:mvn_mag_l2_2020236pc1s_20200823::1.2
P,urn:nasa:pds:maven.mag.calibrated:data.pc:mvn_mag_l2_2020237pc1s_20200824::1.2
P,urn:nasa:pds:maven.mag.calibrated:data.pc:mvn_mag_l2_2020238pc1s_20200825::1.2
P,urn:nasa:pds:maven.mag.calibrated:data.pc:mvn_mag_l2_2020239pc1s_20200826::1.2
P,urn:nasa:pds:maven.mag.calibrated:data.pc:mvn_mag_l2_2020240pc1s_20200827::1.2
P,urn:nasa:pds:maven.mag.calibrated:data.pc:mvn_mag_l2_2020241pc1s_20200828::1.2
P,urn:nasa:pds:maven.mag.calibrated:data.pc:mvn_mag_l2_2020242pc1s_20200829::1.2
P,urn:nasa:pds:maven.mag.calibrated:data.pc:mvn_mag_l2_2020243pc1s_20200830::1.2
P,urn:nasa:pds:maven.mag.calibrated:data.pc:mvn_mag_l2_2020244pc1s_20200831::1.2
P,urn:nasa:pds:maven.mag.calibrated:data.pc:mvn_mag_l2_2020245pc1s_20200901::1.2
P,urn:nasa:pds:maven.mag.calibrated:data.pc:mvn_mag_l2_2020246pc1s_20200902::1.2
P,urn:nasa:pds:maven.mag.calibrated:data.pc:mvn_mag_l2_2020247pc1s_20200903::1.2
P,urn:nasa:pds:maven.mag.calibrated:data.pc:mvn_mag_l2_2020248pc1s_20200904::1.2
P,urn:nasa:pds:maven.mag.calibrated:data.pc:mvn_mag_l2_2020249pc1s_20200905::1.2
P,urn:nasa:pds:maven.mag.calibrated:data.pc:mvn_mag_l2_2020250pc1s_20200906::1.2
P,urn:nasa:pds:maven.mag.calibrated:data.pc:mvn_mag_l2_2020251pc1s_20200907::1.2
P,urn:nasa:pds:maven.mag.calibrated:data.pc:mvn_mag_l2_2020252pc1s_20200908::1.2
P,urn:nasa:pds:maven.mag.calibrated:data.pc:mvn_mag_l2_2020253pc1s_20200909::1.2
P,urn:nasa:pds:maven.mag.calibrated:data.pc:mvn_mag_l2_2020254pc1s_20200910::1.2
P,urn:nasa:pds:maven.mag.calibrated:data.pc:mvn_mag_l2_2020255pc1s_20200911::1.2
P,urn:nasa:pds:maven.mag.calibrated:data.pc:mvn_mag_l2_2020256pc1s_20200912::1.2
P,urn:nasa:pds:maven.mag.calibrated:data.pc:mvn_mag_l2_2020257pc1s_20200913::1.2
P,urn:nasa:pds:maven.mag.calibrated:data.pc:mvn_mag_l2_2020258pc1s_20200914::1.2
P,urn:nasa:pds:maven.mag.calibrated:data.pc:mvn_mag_l2_2020259pc1s_20200915::1.2
P,urn:nasa:pds:maven.mag.calibrated:data.pc:mvn_mag_l2_2020260pc1s_20200916::1.2
P,urn:nasa:pds:maven.mag.calibrated:data.pc:mvn_mag_l2_2020261pc1s_20200917::1.2
P,urn:nasa:pds:maven.mag.calibrated:data.pc:mvn_mag_l2_2020262pc1s_20200918::1.2
P,urn:nasa:pds:maven.mag.calibrated:data.pc:mvn_mag_l2_2020263pc1s_20200919::1.2
P,urn:nasa:pds:maven.mag.calibrated:data.pc:mvn_mag_l2_2020264pc1s_20200920::1.2
P,urn:nasa:pds:maven.mag.calibrated:data.pc:mvn_mag_l2_2020265pc1s_20200921::1.2
P,urn:nasa:pds:maven.mag.calibrated:data.pc:mvn_mag_l2_2020266pc1s_20200922::1.2
P,urn:nasa:pds:maven.mag.calibrated:data.pc:mvn_mag_l2_2020267pc1s_20200923::1.2
P,urn:nasa:pds:maven.mag.calibrated:data.pc:mvn_mag_l2_2020268pc1s_20200924::1.2
P,urn:nasa:pds:maven.mag.calibrated:data.pc:mvn_mag_l2_2020269pc1s_20200925::1.2
P,urn:nasa:pds:maven.mag.calibrated:data.pc:mvn_mag_l2_2020270pc1s_20200926::1.2
P,urn:nasa:pds:maven.mag.calibrated:data.pc:mvn_mag_l2_2020271pc1s_20200927::1.2
P,urn:nasa:pds:maven.mag.calibrated:data.pc:mvn_mag_l2_2020272pc1s_20200928::1.2
P,urn:nasa:pds:maven.mag.calibrated:data.pc:mvn_mag_l2_2020273pc1s_20200929::1.2
P,urn:nasa:pds:maven.mag.calibrated:data.pc:mvn_mag_l2_2020274pc1s_20200930::1.2
P,urn:nasa:pds:maven.mag.calibrated:data.pc:mvn_mag_l2_2020275pc1s_20201001::1.2
P,urn:nasa:pds:maven.mag.calibrated:data.pc:mvn_mag_l2_2020276pc1s_20201002::1.2
P,urn:nasa:pds:maven.mag.calibrated:data.pc:mvn_mag_l2_2020277pc1s_20201003::1.2
P,urn:nasa:pds:maven.mag.calibrated:data.pc:mvn_mag_l2_2020278pc1s_20201004::1.2
P,urn:nasa:pds:maven.mag.calibrated:data.pc:mvn_mag_l2_2020279pc1s_20201005::1.2
P,urn:nasa:pds:maven.mag.calibrated:data.pc:mvn_mag_l2_2020280pc1s_20201006::1.2
P,urn:nasa:pds:maven.mag.calibrated:data.pc:mvn_mag_l2_2020281pc1s_20201007::1.2
P,urn:nasa:pds:maven.mag.calibrated:data.pc:mvn_mag_l2_2020282pc1s_20201008::1.2
P,urn:nasa:pds:maven.mag.calibrated:data.pc:mvn_mag_l2_2020283pc1s_20201009::1.2
P,urn:nasa:pds:maven.mag.calibrated:data.pc:mvn_mag_l2_2020284pc1s_20201010::1.2
P,urn:nasa:pds:maven.mag.calibrated:data.pc:mvn_mag_l2_2020285pc1s_20201011::1.2
P,urn:nasa:pds:maven.mag.calibrated:data.pc:mvn_mag_l2_2020286pc1s_20201012::1.2
P,urn:nasa:pds:maven.mag.calibrated:data.pc:mvn_mag_l2_2020287pc1s_20201013::1.2
P,urn:nasa:pds:maven.mag.calibrated:data.pc:mvn_mag_l2_2020288pc1s_20201014::1.2
P,urn:nasa:pds:maven.mag.calibrated:data.pc:mvn_mag_l2_2020289pc1s_20201015::1.2
P,urn:nasa:pds:maven.mag.calibrated:data.pc:mvn_mag_l2_2020290pc1s_20201016::1.2
P,urn:nasa:pds:maven.mag.calibrated:data.pc:mvn_mag_l2_2020291pc1s_20201017::1.2
P,urn:nasa:pds:maven.mag.calibrated:data.pc:mvn_mag_l2_2020292pc1s_20201018::1.2
P,urn:nasa:pds:maven.mag.calibrated:data.pc:mvn_mag_l2_2020293pc1s_20201019::1.2
P,urn:nasa:pds:maven.mag.calibrated:data.pc:mvn_mag_l2_2020294pc1s_20201020::1.2
P,urn:nasa:pds:maven.mag.calibrated:data.pc:mvn_mag_l2_2020295pc1s_20201021::1.2
P,urn:nasa:pds:maven.mag.calibrated:data.pc:mvn_mag_l2_2020296pc1s_20201022::1.2
P,urn:nasa:pds:maven.mag.calibrated:data.pc:mvn_mag_l2_2020297pc1s_20201023::1.2
P,urn:nasa:pds:maven.mag.calibrated:data.pc:mvn_mag_l2_2020298pc1s_20201024::1.2
P,urn:nasa:pds:maven.mag.calibrated:data.pc:mvn_mag_l2_2020299pc1s_20201025::1.2
P,urn:nasa:pds:maven.mag.calibrated:data.pc:mvn_mag_l2_2020300pc1s_20201026::1.2
P,urn:nasa:pds:maven.mag.calibrated:data.pc:mvn_mag_l2_2020301pc1s_20201027::1.2
P,urn:nasa:pds:maven.mag.calibrated:data.pc:mvn_mag_l2_2020302pc1s_20201028::1.2
P,urn:nasa:pds:maven.mag.calibrated:data.pc:mvn_mag_l2_2020303pc1s_20201029::1.2
P,urn:nasa:pds:maven.mag.calibrated:data.pc:mvn_mag_l2_2020304pc1s_20201030::1.2
P,urn:nasa:pds:maven.mag.calibrated:data.pc:mvn_mag_l2_2020305pc1s_20201031::1.2
P,urn:nasa:pds:maven.mag.calibrated:data.pc:mvn_mag_l2_2020320pc1s_20201115::1.2
P,urn:nasa:pds:maven.mag.calibrated:data.pc:mvn_mag_l2_2020321pc1s_20201116::1.2
P,urn:nasa:pds:maven.mag.calibrated:data.pc:mvn_mag_l2_2020322pc1s_20201117::1.2
P,urn:nasa:pds:maven.mag.calibrated:data.pc:mvn_mag_l2_2020323pc1s_20201118::1.2
P,urn:nasa:pds:maven.mag.calibrated:data.pc:mvn_mag_l2_2020324pc1s_20201119::1.2
P,urn:nasa:pds:maven.mag.calibrated:data.pc:mvn_mag_l2_2020325pc1s_20201120::1.2
P,urn:nasa:pds:maven.mag.calibrated:data.pc:mvn_mag_l2_2020326pc1s_20201121::1.2
P,urn:nasa:pds:maven.mag.calibrated:data.pc:mvn_mag_l2_2020327pc1s_20201122::1.2
P,urn:nasa:pds:maven.mag.calibrated:data.pc:mvn_mag_l2_2020328pc1s_20201123::1.2
P,urn:nasa:pds:maven.mag.calibrated:data.pc:mvn_mag_l2_2020329pc1s_20201124::1.2
P,urn:nasa:pds:maven.mag.calibrated:data.pc:mvn_mag_l2_2020330pc1s_20201125::1.2
P,urn:nasa:pds:maven.mag.calibrated:data.pc:mvn_mag_l2_2020331pc1s_20201126::1.2
P,urn:nasa:pds:maven.mag.calibrated:data.pc:mvn_mag_l2_2020332pc1s_20201127::1.2
P,urn:nasa:pds:maven.mag.calibrated:data.pc:mvn_mag_l2_2020333pc1s_20201128::1.2
P,urn:nasa:pds:maven.mag.calibrated:data.pc:mvn_mag_l2_2020334pc1s_20201129::1.2
P,urn:nasa:pds:maven.mag.calibrated:data.pc:mvn_mag_l2_2020335pc1s_20201130::1.2
P,urn:nasa:pds:maven.mag.calibrated:data.pc:mvn_mag_l2_2020336pc1s_20201201::1.2
P,urn:nasa:pds:maven.mag.calibrated:data.pc:mvn_mag_l2_2020337pc1s_20201202::1.2
P,urn:nasa:pds:maven.mag.calibrated:data.pc:mvn_mag_l2_2020338pc1s_20201203::1.2
P,urn:nasa:pds:maven.mag.calibrated:data.pc:mvn_mag_l2_2020339pc1s_20201204::1.2
P,urn:nasa:pds:maven.mag.calibrated:data.pc:mvn_mag_l2_2020340pc1s_20201205::1.2
P,urn:nasa:pds:maven.mag.calibrated:data.pc:mvn_mag_l2_2020341pc1s_20201206::1.2
P,urn:nasa:pds:maven.mag.calibrated:data.pc:mvn_mag_l2_2020342pc1s_20201207::1.2
P,urn:nasa:pds:maven.mag.calibrated:data.pc:mvn_mag_l2_2020343pc1s_20201208::1.2
P,urn:nasa:pds:maven.mag.calibrated:data.pc:mvn_mag_l2_2020344pc1s_20201209::1.2
P,urn:nasa:pds:maven.mag.calibrated:data.pc:mvn_mag_l2_2020345pc1s_20201210::1.2
P,urn:nasa:pds:maven.mag.calibrated:data.pc:mvn_mag_l2_2020346pc1s_20201211::1.2
P,urn:nasa:pds:maven.mag.calibrated:data.pc:mvn_mag_l2_2020347pc1s_20201212::1.2
P,urn:nasa:pds:maven.mag.calibrated:data.pc:mvn_mag_l2_2020348pc1s_20201213::1.2
P,urn:nasa:pds:maven.mag.calibrated:data.pc:mvn_mag_l2_2020349pc1s_20201214::1.2
P,urn:nasa:pds:maven.mag.calibrated:data.pc:mvn_mag_l2_2020350pc1s_20201215::1.2
P,urn:nasa:pds:maven.mag.calibrated:data.pc:mvn_mag_l2_2020351pc1s_20201216::1.2
P,urn:nasa:pds:maven.mag.calibrated:data.pc:mvn_mag_l2_2020352pc1s_20201217::1.2
P,urn:nasa:pds:maven.mag.calibrated:data.pc:mvn_mag_l2_2020353pc1s_20201218::1.2
P,urn:nasa:pds:maven.mag.calibrated:data.pc:mvn_mag_l2_2020354pc1s_20201219::1.2
P,urn:nasa:pds:maven.mag.calibrated:data.pc:mvn_mag_l2_2020355pc1s_20201220::1.2
P,urn:nasa:pds:maven.mag.calibrated:data.pc:mvn_mag_l2_2020356pc1s_20201221::1.2
P,urn:nasa:pds:maven.mag.calibrated:data.pc:mvn_mag_l2_2020357pc1s_20201222::1.2
P,urn:nasa:pds:maven.mag.calibrated:data.pc:mvn_mag_l2_2020358pc1s_20201223::1.2
P,urn:nasa:pds:maven.mag.calibrated:data.pc:mvn_mag_l2_2020359pc1s_20201224::1.2
P,urn:nasa:pds:maven.mag.calibrated:data.pc:mvn_mag_l2_2020360pc1s_20201225::1.2
P,urn:nasa:pds:maven.mag.calibrated:data.pc:mvn_mag_l2_2020361pc1s_20201226::1.2
P,urn:nasa:pds:maven.mag.calibrated:data.pc:mvn_mag_l2_2020362pc1s_20201227::1.2
P,urn:nasa:pds:maven.mag.calibrated:data.pc:mvn_mag_l2_2020363pc1s_20201228::1.2
P,urn:nasa:pds:maven.mag.calibrated:data.pc:mvn_mag_l2_2020364pc1s_20201229::1.2
P,urn:nasa:pds:maven.mag.calibrated:data.pc:mvn_mag_l2_2020365pc1s_20201230::1.2
P,urn:nasa:pds:maven.mag.calibrated:data.pc:mvn_mag_l2_2020366pc1s_20201231::1.2
P,urn:nasa:pds:maven.mag.calibrated:data.pc:mvn_mag_l2_2021001pc1s_20210101::1.2
P,urn:nasa:pds:maven.mag.calibrated:data.pc:mvn_mag_l2_2021002pc1s_20210102::1.2
P,urn:nasa:pds:maven.mag.calibrated:data.pc:mvn_mag_l2_2021003pc1s_20210103::1.2
P,urn:nasa:pds:maven.mag.calibrated:data.pc:mvn_mag_l2_2021004pc1s_20210104::1.2
P,urn:nasa:pds:maven.mag.calibrated:data.pc:mvn_mag_l2_2021005pc1s_20210105::1.2
P,urn:nasa:pds:maven.mag.calibrated:data.pc:mvn_mag_l2_2021006pc1s_20210106::1.2
P,urn:nasa:pds:maven.mag.calibrated:data.pc:mvn_mag_l2_2021007pc1s_20210107::1.2
P,urn:nasa:pds:maven.mag.calibrated:data.pc:mvn_mag_l2_2021008pc1s_20210108::1.2
P,urn:nasa:pds:maven.mag.calibrated:data.pc:mvn_mag_l2_2021009pc1s_20210109::1.2
P,urn:nasa:pds:maven.mag.calibrated:data.pc:mvn_mag_l2_2021010pc1s_20210110::1.2
P,urn:nasa:pds:maven.mag.calibrated:data.pc:mvn_mag_l2_2021011pc1s_20210111::1.2
P,urn:nasa:pds:maven.mag.calibrated:data.pc:mvn_mag_l2_2021014pc1s_20210114::1.2
P,urn:nasa:pds:maven.mag.calibrated:data.pc:mvn_mag_l2_2021015pc1s_20210115::1.2
P,urn:nasa:pds:maven.mag.calibrated:data.pc:mvn_mag_l2_2021016pc1s_20210116::1.2
P,urn:nasa:pds:maven.mag.calibrated:data.pc:mvn_mag_l2_2021017pc1s_20210117::1.2
P,urn:nasa:pds:maven.mag.calibrated:data.pc:mvn_mag_l2_2021018pc1s_20210118::1.2
P,urn:nasa:pds:maven.mag.calibrated:data.pc:mvn_mag_l2_2021019pc1s_20210119::1.2
P,urn:nasa:pds:maven.mag.calibrated:data.pc:mvn_mag_l2_2021020pc1s_20210120::1.2
P,urn:nasa:pds:maven.mag.calibrated:data.pc:mvn_mag_l2_2021021pc1s_20210121::1.2
P,urn:nasa:pds:maven.mag.calibrated:data.pc:mvn_mag_l2_2021022pc1s_20210122::1.2
P,urn:nasa:pds:maven.mag.calibrated:data.pc:mvn_mag_l2_2021023pc1s_20210123::1.2
P,urn:nasa:pds:maven.mag.calibrated:data.pc:mvn_mag_l2_2021024pc1s_20210124::1.2
P,urn:nasa:pds:maven.mag.calibrated:data.pc:mvn_mag_l2_2021025pc1s_20210125::1.2
P,urn:nasa:pds:maven.mag.calibrated:data.pc:mvn_mag_l2_2021026pc1s_20210126::1.2
P,urn:nasa:pds:maven.mag.calibrated:data.pc:mvn_mag_l2_2021027pc1s_20210127::1.2
P,urn:nasa:pds:maven.mag.calibrated:data.pc:mvn_mag_l2_2021028pc1s_20210128::1.2
P,urn:nasa:pds:maven.mag.calibrated:data.pc:mvn_mag_l2_2021029pc1s_20210129::1.2
P,urn:nasa:pds:maven.mag.calibrated:data.pc:mvn_mag_l2_2021030pc1s_20210130::1.2
P,urn:nasa:pds:maven.mag.calibrated:data.pc:mvn_mag_l2_2021031pc1s_20210131::1.2
P,urn:nasa:pds:maven.mag.calibrated:data.pc:mvn_mag_l2_2021032pc1s_20210201::1.2
P,urn:nasa:pds:maven.mag.calibrated:data.pc:mvn_mag_l2_2021033pc1s_20210202::1.2
P,urn:nasa:pds:maven.mag.calibrated:data.pc:mvn_mag_l2_2021034pc1s_20210203::1.2
P,urn:nasa:pds:maven.mag.calibrated:data.pc:mvn_mag_l2_2021035pc1s_20210204::1.2
P,urn:nasa:pds:maven.mag.calibrated:data.pc:mvn_mag_l2_2021036pc1s_20210205::1.2
P,urn:nasa:pds:maven.mag.calibrated:data.pc:mvn_mag_l2_2021037pc1s_20210206::1.2
P,urn:nasa:pds:maven.mag.calibrated:data.pc:mvn_mag_l2_2021038pc1s_20210207::1.2
P,urn:nasa:pds:maven.mag.calibrated:data.pc:mvn_mag_l2_2021039pc1s_20210208::1.2
P,urn:nasa:pds:maven.mag.calibrated:data.pc:mvn_mag_l2_2021040pc1s_20210209::1.2
P,urn:nasa:pds:maven.mag.calibrated:data.pc:mvn_mag_l2_2021041pc1s_20210210::1.2
P,urn:nasa:pds:maven.mag.calibrated:data.pc:mvn_mag_l2_2021042pc1s_20210211::1.2
P,urn:nasa:pds:maven.mag.calibrated:data.pc:mvn_mag_l2_2021043pc1s_20210212::1.2
P,urn:nasa:pds:maven.mag.calibrated:data.pc:mvn_mag_l2_2021044pc1s_20210213::1.2
P,urn:nasa:pds:maven.mag.calibrated:data.pc:mvn_mag_l2_2021045pc1s_20210214::1.2
P,urn:nasa:pds:maven.mag.calibrated:data.pc:mvn_mag_l2_2021046pc1s_20210215::1.1
P,urn:nasa:pds:maven.mag.calibrated:data.pc:mvn_mag_l2_2021047pc1s_20210216::1.1
P,urn:nasa:pds:maven.mag.calibrated:data.pc:mvn_mag_l2_2021048pc1s_20210217::1.1
P,urn:nasa:pds:maven.mag.calibrated:data.pc:mvn_mag_l2_2021049pc1s_20210218::1.1
P,urn:nasa:pds:maven.mag.calibrated:data.pc:mvn_mag_l2_2021050pc1s_20210219::1.1
P,urn:nasa:pds:maven.mag.calibrated:data.pc:mvn_mag_l2_2021051pc1s_20210220::1.1
P,urn:nasa:pds:maven.mag.calibrated:data.pc:mvn_mag_l2_2021052pc1s_20210221::1.1
P,urn:nasa:pds:maven.mag.calibrated:data.pc:mvn_mag_l2_2021053pc1s_20210222::1.1
P,urn:nasa:pds:maven.mag.calibrated:data.pc:mvn_mag_l2_2021054pc1s_20210223::1.1
P,urn:nasa:pds:maven.mag.calibrated:data.pc:mvn_mag_l2_2021055pc1s_20210224::1.1
P,urn:nasa:pds:maven.mag.calibrated:data.pc:mvn_mag_l2_2021056pc1s_20210225::1.1
P,urn:nasa:pds:maven.mag.calibrated:data.pc:mvn_mag_l2_2021057pc1s_20210226::1.1
P,urn:nasa:pds:maven.mag.calibrated:data.pc:mvn_mag_l2_2021058pc1s_20210227::1.1
P,urn:nasa:pds:maven.mag.calibrated:data.pc:mvn_mag_l2_2021059pc1s_20210228::1.1
P,urn:nasa:pds:maven.mag.calibrated:data.pc:mvn_mag_l2_2021060pc1s_20210301::1.1
P,urn:nasa:pds:maven.mag.calibrated:data.pc:mvn_mag_l2_2021061pc1s_20210302::1.1
P,urn:nasa:pds:maven.mag.calibrated:data.pc:mvn_mag_l2_2021062pc1s_20210303::1.1
P,urn:nasa:pds:maven.mag.calibrated:data.pc:mvn_mag_l2_2021063pc1s_20210304::1.1
P,urn:nasa:pds:maven.mag.calibrated:data.pc:mvn_mag_l2_2021064pc1s_20210305::1.1
P,urn:nasa:pds:maven.mag.calibrated:data.pc:mvn_mag_l2_2021065pc1s_20210306::1.1
P,urn:nasa:pds:maven.mag.calibrated:data.pc:mvn_mag_l2_2021066pc1s_20210307::1.1
P,urn:nasa:pds:maven.mag.calibrated:data.pc:mvn_mag_l2_2021067pc1s_20210308::1.1
P,urn:nasa:pds:maven.mag.calibrated:data.pc:mvn_mag_l2_2021068pc1s_20210309::1.1
P,urn:nasa:pds:maven.mag.calibrated:data.pc:mvn_mag_l2_2021069pc1s_20210310::1.1
P,urn:nasa:pds:maven.mag.calibrated:data.pc:mvn_mag_l2_2021070pc1s_20210311::1.1
P,urn:nasa:pds:maven.mag.calibrated:data.pc:mvn_mag_l2_2021071pc1s_20210312::1.1
P,urn:nasa:pds:maven.mag.calibrated:data.pc:mvn_mag_l2_2021072pc1s_20210313::1.1
P,urn:nasa:pds:maven.mag.calibrated:data.pc:mvn_mag_l2_2021073pc1s_20210314::1.1
P,urn:nasa:pds:maven.mag.calibrated:data.pc:mvn_mag_l2_2021074pc1s_20210315::1.1
P,urn:nasa:pds:maven.mag.calibrated:data.pc:mvn_mag_l2_2021075pc1s_20210316::1.1
P,urn:nasa:pds:maven.mag.calibrated:data.pc:mvn_mag_l2_2021076pc1s_20210317::1.1
P,urn:nasa:pds:maven.mag.calibrated:data.pc:mvn_mag_l2_2021077pc1s_20210318::1.1
P,urn:nasa:pds:maven.mag.calibrated:data.pc:mvn_mag_l2_2021078pc1s_20210319::1.1
P,urn:nasa:pds:maven.mag.calibrated:data.pc:mvn_mag_l2_2021079pc1s_20210320::1.1
P,urn:nasa:pds:maven.mag.calibrated:data.pc:mvn_mag_l2_2021080pc1s_20210321::1.1
P,urn:nasa:pds:maven.mag.calibrated:data.pc:mvn_mag_l2_2021081pc1s_20210322::1.1
P,urn:nasa:pds:maven.mag.calibrated:data.pc:mvn_mag_l2_2021082pc1s_20210323::1.1
P,urn:nasa:pds:maven.mag.calibrated:data.pc:mvn_mag_l2_2021083pc1s_20210324::1.1
P,urn:nasa:pds:maven.mag.calibrated:data.pc:mvn_mag_l2_2021084pc1s_20210325::1.1
P,urn:nasa:pds:maven.mag.calibrated:data.pc:mvn_mag_l2_2021085pc1s_20210326::1.1
P,urn:nasa:pds:maven.mag.calibrated:data.pc:mvn_mag_l2_2021086pc1s_20210327::1.1
P,urn:nasa:pds:maven.mag.calibrated:data.pc:mvn_mag_l2_2021087pc1s_20210328::1.1
P,urn:nasa:pds:maven.mag.calibrated:data.pc:mvn_mag_l2_2021088pc1s_20210329::1.1
P,urn:nasa:pds:maven.mag.calibrated:data.pc:mvn_mag_l2_2021089pc1s_20210330::1.1
P,urn:nasa:pds:maven.mag.calibrated:data.pc:mvn_mag_l2_2021090pc1s_20210331::1.1
P,urn:nasa:pds:maven.mag.calibrated:data.pc:mvn_mag_l2_2021091pc1s_20210401::1.1
P,urn:nasa:pds:maven.mag.calibrated:data.pc:mvn_mag_l2_2021092pc1s_20210402::1.1
P,urn:nasa:pds:maven.mag.calibrated:data.pc:mvn_mag_l2_2021093pc1s_20210403::1.1
P,urn:nasa:pds:maven.mag.calibrated:data.pc:mvn_mag_l2_2021094pc1s_20210404::1.1
P,urn:nasa:pds:maven.mag.calibrated:data.pc:mvn_mag_l2_2021095pc1s_20210405::1.1
P,urn:nasa:pds:maven.mag.calibrated:data.pc:mvn_mag_l2_2021096pc1s_20210406::1.1
P,urn:nasa:pds:maven.mag.calibrated:data.pc:mvn_mag_l2_2021097pc1s_20210407::1.1
P,urn:nasa:pds:maven.mag.calibrated:data.pc:mvn_mag_l2_2021098pc1s_20210408::1.1
P,urn:nasa:pds:maven.mag.calibrated:data.pc:mvn_mag_l2_2021099pc1s_20210409::1.1
P,urn:nasa:pds:maven.mag.calibrated:data.pc:mvn_mag_l2_2021100pc1s_20210410::1.1
P,urn:nasa:pds:maven.mag.calibrated:data.pc:mvn_mag_l2_2021101pc1s_20210411::1.1
P,urn:nasa:pds:maven.mag.calibrated:data.pc:mvn_mag_l2_2021102pc1s_20210412::1.1
P,urn:nasa:pds:maven.mag.calibrated:data.pc:mvn_mag_l2_2021103pc1s_20210413::1.1
P,urn:nasa:pds:maven.mag.calibrated:data.pc:mvn_mag_l2_2021104pc1s_20210414::1.1
P,urn:nasa:pds:maven.mag.calibrated:data.pc:mvn_mag_l2_2021105pc1s_20210415::1.1
P,urn:nasa:pds:maven.mag.calibrated:data.pc:mvn_mag_l2_2021106pc1s_20210416::1.1
P,urn:nasa:pds:maven.mag.calibrated:data.pc:mvn_mag_l2_2021107pc1s_20210417::1.1
P,urn:nasa:pds:maven.mag.calibrated:data.pc:mvn_mag_l2_2021108pc1s_20210418::1.1
P,urn:nasa:pds:maven.mag.calibrated:data.pc:mvn_mag_l2_2021109pc1s_20210419::1.1
P,urn:nasa:pds:maven.mag.calibrated:data.pc:mvn_mag_l2_2021110pc1s_20210420::1.1
P,urn:nasa:pds:maven.mag.calibrated:data.pc:mvn_mag_l2_2021111pc1s_20210421::1.1
P,urn:nasa:pds:maven.mag.calibrated:data.pc:mvn_mag_l2_2021112pc1s_20210422::1.1
P,urn:nasa:pds:maven.mag.calibrated:data.pc:mvn_mag_l2_2021113pc1s_20210423::1.1
P,urn:nasa:pds:maven.mag.calibrated:data.pc:mvn_mag_l2_2021114pc1s_20210424::1.1
P,urn:nasa:pds:maven.mag.calibrated:data.pc:mvn_mag_l2_2021115pc1s_20210425::1.1
P,urn:nasa:pds:maven.mag.calibrated:data.pc:mvn_mag_l2_2021116pc1s_20210426::1.1
P,urn:nasa:pds:maven.mag.calibrated:data.pc:mvn_mag_l2_2021117pc1s_20210427::1.1
P,urn:nasa:pds:maven.mag.calibrated:data.pc:mvn_mag_l2_2021118pc1s_20210428::1.1
P,urn:nasa:pds:maven.mag.calibrated:data.pc:mvn_mag_l2_2021119pc1s_20210429::1.1
P,urn:nasa:pds:maven.mag.calibrated:data.pc:mvn_mag_l2_2021120pc1s_20210430::1.1
P,urn:nasa:pds:maven.mag.calibrated:data.pc:mvn_mag_l2_2021121pc1s_20210501::1.1
P,urn:nasa:pds:maven.mag.calibrated:data.pc:mvn_mag_l2_2021122pc1s_20210502::1.1
P,urn:nasa:pds:maven.mag.calibrated:data.pc:mvn_mag_l2_2021123pc1s_20210503::1.1
P,urn:nasa:pds:maven.mag.calibrated:data.pc:mvn_mag_l2_2021124pc1s_20210504::1.1
P,urn:nasa:pds:maven.mag.calibrated:data.pc:mvn_mag_l2_2021125pc1s_20210505::1.1
P,urn:nasa:pds:maven.mag.calibrated:data.pc:mvn_mag_l2_2021126pc1s_20210506::1.1
P,urn:nasa:pds:maven.mag.calibrated:data.pc:mvn_mag_l2_2021127pc1s_20210507::1.1
P,urn:nasa:pds:maven.mag.calibrated:data.pc:mvn_mag_l2_2021128pc1s_20210508::1.1
P,urn:nasa:pds:maven.mag.calibrated:data.pc:mvn_mag_l2_2021129pc1s_20210509::1.1
P,urn:nasa:pds:maven.mag.calibrated:data.pc:mvn_mag_l2_2021130pc1s_20210510::1.1
P,urn:nasa:pds:maven.mag.calibrated:data.pc:mvn_mag_l2_2021131pc1s_20210511::1.1
P,urn:nasa:pds:maven.mag.calibrated:data.pc:mvn_mag_l2_2021132pc1s_20210512::1.1
P,urn:nasa:pds:maven.mag.calibrated:data.pc:mvn_mag_l2_2021133pc1s_20210513::1.1
P,urn:nasa:pds:maven.mag.calibrated:data.pc:mvn_mag_l2_2021134pc1s_20210514::1.1
P,urn:nasa:pds:maven.mag.calibrated:data.pc:mvn_mag_l2_2021135pc1s_20210515::1.2
P,urn:nasa:pds:maven.mag.calibrated:data.pc:mvn_mag_l2_2021136pc1s_20210516::1.2
P,urn:nasa:pds:maven.mag.calibrated:data.pc:mvn_mag_l2_2021137pc1s_20210517::1.2
P,urn:nasa:pds:maven.mag.calibrated:data.pc:mvn_mag_l2_2021138pc1s_20210518::1.2
P,urn:nasa:pds:maven.mag.calibrated:data.pc:mvn_mag_l2_2021139pc1s_20210519::1.2
P,urn:nasa:pds:maven.mag.calibrated:data.pc:mvn_mag_l2_2021140pc1s_20210520::1.2
P,urn:nasa:pds:maven.mag.calibrated:data.pc:mvn_mag_l2_2021141pc1s_20210521::1.2
P,urn:nasa:pds:maven.mag.calibrated:data.pc:mvn_mag_l2_2021142pc1s_20210522::1.2
P,urn:nasa:pds:maven.mag.calibrated:data.pc:mvn_mag_l2_2021143pc1s_20210523::1.2
P,urn:nasa:pds:maven.mag.calibrated:data.pc:mvn_mag_l2_2021144pc1s_20210524::1.2
P,urn:nasa:pds:maven.mag.calibrated:data.pc:mvn_mag_l2_2021145pc1s_20210525::1.2
P,urn:nasa:pds:maven.mag.calibrated:data.pc:mvn_mag_l2_2021146pc1s_20210526::1.2
P,urn:nasa:pds:maven.mag.calibrated:data.pc:mvn_mag_l2_2021147pc1s_20210527::1.2
P,urn:nasa:pds:maven.mag.calibrated:data.pc:mvn_mag_l2_2021148pc1s_20210528::1.2
P,urn:nasa:pds:maven.mag.calibrated:data.pc:mvn_mag_l2_2021149pc1s_20210529::1.2
P,urn:nasa:pds:maven.mag.calibrated:data.pc:mvn_mag_l2_2021150pc1s_20210530::1.2
P,urn:nasa:pds:maven.mag.calibrated:data.pc:mvn_mag_l2_2021151pc1s_20210531::1.2
P,urn:nasa:pds:maven.mag.calibrated:data.pc:mvn_mag_l2_2021152pc1s_20210601::1.2
P,urn:nasa:pds:maven.mag.calibrated:data.pc:mvn_mag_l2_2021153pc1s_20210602::1.2
P,urn:nasa:pds:maven.mag.calibrated:data.pc:mvn_mag_l2_2021154pc1s_20210603::1.2
P,urn:nasa:pds:maven.mag.calibrated:data.pc:mvn_mag_l2_2021155pc1s_20210604::1.2
P,urn:nasa:pds:maven.mag.calibrated:data.pc:mvn_mag_l2_2021156pc1s_20210605::1.2
P,urn:nasa:pds:maven.mag.calibrated:data.pc:mvn_mag_l2_2021157pc1s_20210606::1.2
P,urn:nasa:pds:maven.mag.calibrated:data.pc:mvn_mag_l2_2021158pc1s_20210607::1.2
P,urn:nasa:pds:maven.mag.calibrated:data.pc:mvn_mag_l2_2021159pc1s_20210608::1.2
P,urn:nasa:pds:maven.mag.calibrated:data.pc:mvn_mag_l2_2021160pc1s_20210609::1.2
P,urn:nasa:pds:maven.mag.calibrated:data.pc:mvn_mag_l2_2021161pc1s_20210610::1.2
P,urn:nasa:pds:maven.mag.calibrated:data.pc:mvn_mag_l2_2021162pc1s_20210611::1.2
P,urn:nasa:pds:maven.mag.calibrated:data.pc:mvn_mag_l2_2021163pc1s_20210612::1.2
P,urn:nasa:pds:maven.mag.calibrated:data.pc:mvn_mag_l2_2021164pc1s_20210613::1.2
P,urn:nasa:pds:maven.mag.calibrated:data.pc:mvn_mag_l2_2021165pc1s_20210614::1.2
P,urn:nasa:pds:maven.mag.calibrated:data.pc:mvn_mag_l2_2021166pc1s_20210615::1.2
P,urn:nasa:pds:maven.mag.calibrated:data.pc:mvn_mag_l2_2021167pc1s_20210616::1.2
P,urn:nasa:pds:maven.mag.calibrated:data.pc:mvn_mag_l2_2021168pc1s_20210617::1.2
P,urn:nasa:pds:maven.mag.calibrated:data.pc:mvn_mag_l2_2021169pc1s_20210618::1.2
P,urn:nasa:pds:maven.mag.calibrated:data.pc:mvn_mag_l2_2021170pc1s_20210619::1.2
P,urn:nasa:pds:maven.mag.calibrated:data.pc:mvn_mag_l2_2021171pc1s_20210620::1.2
P,urn:nasa:pds:maven.mag.calibrated:data.pc:mvn_mag_l2_2021172pc1s_20210621::1.2
P,urn:nasa:pds:maven.mag.calibrated:data.pc:mvn_mag_l2_2021173pc1s_20210622::1.2
P,urn:nasa:pds:maven.mag.calibrated:data.pc:mvn_mag_l2_2021174pc1s_20210623::1.2
P,urn:nasa:pds:maven.mag.calibrated:data.pc:mvn_mag_l2_2021175pc1s_20210624::1.2
P,urn:nasa:pds:maven.mag.calibrated:data.pc:mvn_mag_l2_2021176pc1s_20210625::1.2
P,urn:nasa:pds:maven.mag.calibrated:data.pc:mvn_mag_l2_2021177pc1s_20210626::1.2
P,urn:nasa:pds:maven.mag.calibrated:data.pc:mvn_mag_l2_2021178pc1s_20210627::1.2
P,urn:nasa:pds:maven.mag.calibrated:data.pc:mvn_mag_l2_2021179pc1s_20210628::1.2
P,urn:nasa:pds:maven.mag.calibrated:data.pc:mvn_mag_l2_2021180pc1s_20210629::1.2
P,urn:nasa:pds:maven.mag.calibrated:data.pc:mvn_mag_l2_2021181pc1s_20210630::1.2
P,urn:nasa:pds:maven.mag.calibrated:data.pc:mvn_mag_l2_2021182pc1s_20210701::1.2
P,urn:nasa:pds:maven.mag.calibrated:data.pc:mvn_mag_l2_2021183pc1s_20210702::1.2
P,urn:nasa:pds:maven.mag.calibrated:data.pc:mvn_mag_l2_2021184pc1s_20210703::1.2
P,urn:nasa:pds:maven.mag.calibrated:data.pc:mvn_mag_l2_2021185pc1s_20210704::1.2
P,urn:nasa:pds:maven.mag.calibrated:data.pc:mvn_mag_l2_2021186pc1s_20210705::1.2
P,urn:nasa:pds:maven.mag.calibrated:data.pc:mvn_mag_l2_2021187pc1s_20210706::1.2
P,urn:nasa:pds:maven.mag.calibrated:data.pc:mvn_mag_l2_2021188pc1s_20210707::1.2
P,urn:nasa:pds:maven.mag.calibrated:data.pc:mvn_mag_l2_2021189pc1s_20210708::1.2
P,urn:nasa:pds:maven.mag.calibrated:data.pc:mvn_mag_l2_2021190pc1s_20210709::1.2
P,urn:nasa:pds:maven.mag.calibrated:data.pc:mvn_mag_l2_2021191pc1s_20210710::1.2
P,urn:nasa:pds:maven.mag.calibrated:data.pc:mvn_mag_l2_2021192pc1s_20210711::1.2
P,urn:nasa:pds:maven.mag.calibrated:data.pc:mvn_mag_l2_2021193pc1s_20210712::1.2
P,urn:nasa:pds:maven.mag.calibrated:data.pc:mvn_mag_l2_2021194pc1s_20210713::1.2
P,urn:nasa:pds:maven.mag.calibrated:data.pc:mvn_mag_l2_2021195pc1s_20210714::1.2
P,urn:nasa:pds:maven.mag.calibrated:data.pc:mvn_mag_l2_2021196pc1s_20210715::1.2
P,urn:nasa:pds:maven.mag.calibrated:data.pc:mvn_mag_l2_2021197pc1s_20210716::1.2
P,urn:nasa:pds:maven.mag.calibrated:data.pc:mvn_mag_l2_2021198pc1s_20210717::1.2
P,urn:nasa:pds:maven.mag.calibrated:data.pc:mvn_mag_l2_2021199pc1s_20210718::1.2
P,urn:nasa:pds:maven.mag.calibrated:data.pc:mvn_mag_l2_2021200pc1s_20210719::1.2
P,urn:nasa:pds:maven.mag.calibrated:data.pc:mvn_mag_l2_2021201pc1s_20210720::1.2
P,urn:nasa:pds:maven.mag.calibrated:data.pc:mvn_mag_l2_2021202pc1s_20210721::1.2
P,urn:nasa:pds:maven.mag.calibrated:data.pc:mvn_mag_l2_2021203pc1s_20210722::1.2
P,urn:nasa:pds:maven.mag.calibrated:data.pc:mvn_mag_l2_2021204pc1s_20210723::1.2
P,urn:nasa:pds:maven.mag.calibrated:data.pc:mvn_mag_l2_2021205pc1s_20210724::1.2
P,urn:nasa:pds:maven.mag.calibrated:data.pc:mvn_mag_l2_2021206pc1s_20210725::1.2
P,urn:nasa:pds:maven.mag.calibrated:data.pc:mvn_mag_l2_2021207pc1s_20210726::1.2
P,urn:nasa:pds:maven.mag.calibrated:data.pc:mvn_mag_l2_2021208pc1s_20210727::1.2
P,urn:nasa:pds:maven.mag.calibrated:data.pc:mvn_mag_l2_2021209pc1s_20210728::1.2
P,urn:nasa:pds:maven.mag.calibrated:data.pc:mvn_mag_l2_2021210pc1s_20210729::1.2
P,urn:nasa:pds:maven.mag.calibrated:data.pc:mvn_mag_l2_2021211pc1s_20210730::1.2
P,urn:nasa:pds:maven.mag.calibrated:data.pc:mvn_mag_l2_2021212pc1s_20210731::1.2
P,urn:nasa:pds:maven.mag.calibrated:data.pc:mvn_mag_l2_2021213pc1s_20210801::1.2
P,urn:nasa:pds:maven.mag.calibrated:data.pc:mvn_mag_l2_2021214pc1s_20210802::1.2
P,urn:nasa:pds:maven.mag.calibrated:data.pc:mvn_mag_l2_2021215pc1s_20210803::1.2
P,urn:nasa:pds:maven.mag.calibrated:data.pc:mvn_mag_l2_2021216pc1s_20210804::1.2
P,urn:nasa:pds:maven.mag.calibrated:data.pc:mvn_mag_l2_2021217pc1s_20210805::1.2
P,urn:nasa:pds:maven.mag.calibrated:data.pc:mvn_mag_l2_2021218pc1s_20210806::1.2
P,urn:nasa:pds:maven.mag.calibrated:data.pc:mvn_mag_l2_2021219pc1s_20210807::1.2
P,urn:nasa:pds:maven.mag.calibrated:data.pc:mvn_mag_l2_2021220pc1s_20210808::1.2
P,urn:nasa:pds:maven.mag.calibrated:data.pc:mvn_mag_l2_2021221pc1s_20210809::1.2
P,urn:nasa:pds:maven.mag.calibrated:data.pc:mvn_mag_l2_2021222pc1s_20210810::1.2
P,urn:nasa:pds:maven.mag.calibrated:data.pc:mvn_mag_l2_2021223pc1s_20210811::1.2
P,urn:nasa:pds:maven.mag.calibrated:data.pc:mvn_mag_l2_2021224pc1s_20210812::1.2
P,urn:nasa:pds:maven.mag.calibrated:data.pc:mvn_mag_l2_2021225pc1s_20210813::1.2
P,urn:nasa:pds:maven.mag.calibrated:data.pc:mvn_mag_l2_2021226pc1s_20210814::1.2
P,urn:nasa:pds:maven.mag.calibrated:data.pc:mvn_mag_l2_2021227pc1s_20210815::1.2
P,urn:nasa:pds:maven.mag.calibrated:data.pc:mvn_mag_l2_2021228pc1s_20210816::1.2
P,urn:nasa:pds:maven.mag.calibrated:data.pc:mvn_mag_l2_2021229pc1s_20210817::1.2
P,urn:nasa:pds:maven.mag.calibrated:data.pc:mvn_mag_l2_2021230pc1s_20210818::1.2
P,urn:nasa:pds:maven.mag.calibrated:data.pc:mvn_mag_l2_2021231pc1s_20210819::1.2
P,urn:nasa:pds:maven.mag.calibrated:data.pc:mvn_mag_l2_2021232pc1s_20210820::1.2
P,urn:nasa:pds:maven.mag.calibrated:data.pc:mvn_mag_l2_2021233pc1s_20210821::1.2
P,urn:nasa:pds:maven.mag.calibrated:data.pc:mvn_mag_l2_2021234pc1s_20210822::1.2
P,urn:nasa:pds:maven.mag.calibrated:data.pc:mvn_mag_l2_2021235pc1s_20210823::1.2
P,urn:nasa:pds:maven.mag.calibrated:data.pc:mvn_mag_l2_2021236pc1s_20210824::1.2
P,urn:nasa:pds:maven.mag.calibrated:data.pc:mvn_mag_l2_2021237pc1s_20210825::1.2
P,urn:nasa:pds:maven.mag.calibrated:data.pc:mvn_mag_l2_2021238pc1s_20210826::1.2
P,urn:nasa:pds:maven.mag.calibrated:data.pc:mvn_mag_l2_2021239pc1s_20210827::1.2
P,urn:nasa:pds:maven.mag.calibrated:data.pc:mvn_mag_l2_2021240pc1s_20210828::1.2
P,urn:nasa:pds:maven.mag.calibrated:data.pc:mvn_mag_l2_2021241pc1s_20210829::1.2
P,urn:nasa:pds:maven.mag.calibrated:data.pc:mvn_mag_l2_2021242pc1s_20210830::1.2
P,urn:nasa:pds:maven.mag.calibrated:data.pc:mvn_mag_l2_2021243pc1s_20210831::1.2
P,urn:nasa:pds:maven.mag.calibrated:data.pc:mvn_mag_l2_2021244pc1s_20210901::1.2
P,urn:nasa:pds:maven.mag.calibrated:data.pc:mvn_mag_l2_2021245pc1s_20210902::1.2
P,urn:nasa:pds:maven.mag.calibrated:data.pc:mvn_mag_l2_2021246pc1s_20210903::1.2
P,urn:nasa:pds:maven.mag.calibrated:data.pc:mvn_mag_l2_2021247pc1s_20210904::1.2
P,urn:nasa:pds:maven.mag.calibrated:data.pc:mvn_mag_l2_2021248pc1s_20210905::1.2
P,urn:nasa:pds:maven.mag.calibrated:data.pc:mvn_mag_l2_2021249pc1s_20210906::1.2
P,urn:nasa:pds:maven.mag.calibrated:data.pc:mvn_mag_l2_2021250pc1s_20210907::1.2
P,urn:nasa:pds:maven.mag.calibrated:data.pc:mvn_mag_l2_2021251pc1s_20210908::1.2
P,urn:nasa:pds:maven.mag.calibrated:data.pc:mvn_mag_l2_2021252pc1s_20210909::1.2
P,urn:nasa:pds:maven.mag.calibrated:data.pc:mvn_mag_l2_2021253pc1s_20210910::1.2
P,urn:nasa:pds:maven.mag.calibrated:data.pc:mvn_mag_l2_2021254pc1s_20210911::1.2
P,urn:nasa:pds:maven.mag.calibrated:data.pc:mvn_mag_l2_2021255pc1s_20210912::1.2
P,urn:nasa:pds:maven.mag.calibrated:data.pc:mvn_mag_l2_2021256pc1s_20210913::1.2
P,urn:nasa:pds:maven.mag.calibrated:data.pc:mvn_mag_l2_2021257pc1s_20210914::1.2
P,urn:nasa:pds:maven.mag.calibrated:data.pc:mvn_mag_l2_2021258pc1s_20210915::1.2
P,urn:nasa:pds:maven.mag.calibrated:data.pc:mvn_mag_l2_2021259pc1s_20210916::1.2
P,urn:nasa:pds:maven.mag.calibrated:data.pc:mvn_mag_l2_2021260pc1s_20210917::1.2
P,urn:nasa:pds:maven.mag.calibrated:data.pc:mvn_mag_l2_2021261pc1s_20210918::1.2
P,urn:nasa:pds:maven.mag.calibrated:data.pc:mvn_mag_l2_2021262pc1s_20210919::1.2
P,urn:nasa:pds:maven.mag.calibrated:data.pc:mvn_mag_l2_2021263pc1s_20210920::1.2
P,urn:nasa:pds:maven.mag.calibrated:data.pc:mvn_mag_l2_2021264pc1s_20210921::1.2
P,urn:nasa:pds:maven.mag.calibrated:data.pc:mvn_mag_l2_2021265pc1s_20210922::1.2
P,urn:nasa:pds:maven.mag.calibrated:data.pc:mvn_mag_l2_2021266pc1s_20210923::1.2
P,urn:nasa:pds:maven.mag.calibrated:data.pc:mvn_mag_l2_2021267pc1s_20210924::1.2
P,urn:nasa:pds:maven.mag.calibrated:data.pc:mvn_mag_l2_2021268pc1s_20210925::1.2
P,urn:nasa:pds:maven.mag.calibrated:data.pc:mvn_mag_l2_2021269pc1s_20210926::1.2
P,urn:nasa:pds:maven.mag.calibrated:data.pc:mvn_mag_l2_2021270pc1s_20210927::1.2
P,urn:nasa:pds:maven.mag.calibrated:data.pc:mvn_mag_l2_2021271pc1s_20210928::1.2
P,urn:nasa:pds:maven.mag.calibrated:data.pc:mvn_mag_l2_2021272pc1s_20210929::1.2
P,urn:nasa:pds:maven.mag.calibrated:data.pc:mvn_mag_l2_2021273pc1s_20210930::1.2
P,urn:nasa:pds:maven.mag.calibrated:data.pc:mvn_mag_l2_2021274pc1s_20211001::1.2
P,urn:nasa:pds:maven.mag.calibrated:data.pc:mvn_mag_l2_2021275pc1s_20211002::1.2
P,urn:nasa:pds:maven.mag.calibrated:data.pc:mvn_mag_l2_2021276pc1s_20211003::1.2
P,urn:nasa:pds:maven.mag.calibrated:data.pc:mvn_mag_l2_2021277pc1s_20211004::1.2
P,urn:nasa:pds:maven.mag.calibrated:data.pc:mvn_mag_l2_2021278pc1s_20211005::1.2
P,urn:nasa:pds:maven.mag.calibrated:data.pc:mvn_mag_l2_2021279pc1s_20211006::1.2
P,urn:nasa:pds:maven.mag.calibrated:data.pc:mvn_mag_l2_2021280pc1s_20211007::1.2
P,urn:nasa:pds:maven.mag.calibrated:data.pc:mvn_mag_l2_2021281pc1s_20211008::1.2
P,urn:nasa:pds:maven.mag.calibrated:data.pc:mvn_mag_l2_2021282pc1s_20211009::1.2
P,urn:nasa:pds:maven.mag.calibrated:data.pc:mvn_mag_l2_2021283pc1s_20211010::1.2
P,urn:nasa:pds:maven.mag.calibrated:data.pc:mvn_mag_l2_2021284pc1s_20211011::1.2
P,urn:nasa:pds:maven.mag.calibrated:data.pc:mvn_mag_l2_2021285pc1s_20211012::1.2
P,urn:nasa:pds:maven.mag.calibrated:data.pc:mvn_mag_l2_2021286pc1s_20211013::1.2
P,urn:nasa:pds:maven.mag.calibrated:data.pc:mvn_mag_l2_2021287pc1s_20211014::1.2
P,urn:nasa:pds:maven.mag.calibrated:data.pc:mvn_mag_l2_2021288pc1s_20211015::1.2
P,urn:nasa:pds:maven.mag.calibrated:data.pc:mvn_mag_l2_2021289pc1s_20211016::1.2
P,urn:nasa:pds:maven.mag.calibrated:data.pc:mvn_mag_l2_2021290pc1s_20211017::1.2
P,urn:nasa:pds:maven.mag.calibrated:data.pc:mvn_mag_l2_2021291pc1s_20211018::1.2
P,urn:nasa:pds:maven.mag.calibrated:data.pc:mvn_mag_l2_2021292pc1s_20211019::1.2
P,urn:nasa:pds:maven.mag.calibrated:data.pc:mvn_mag_l2_2021293pc1s_20211020::1.2
P,urn:nasa:pds:maven.mag.calibrated:data.pc:mvn_mag_l2_2021294pc1s_20211021::1.2
P,urn:nasa:pds:maven.mag.calibrated:data.pc:mvn_mag_l2_2021295pc1s_20211022::1.2
P,urn:nasa:pds:maven.mag.calibrated:data.pc:mvn_mag_l2_2021296pc1s_20211023::1.2
P,urn:nasa:pds:maven.mag.calibrated:data.pc:mvn_mag_l2_2021297pc1s_20211024::1.2
P,urn:nasa:pds:maven.mag.calibrated:data.pc:mvn_mag_l2_2021298pc1s_20211025::1.2
P,urn:nasa:pds:maven.mag.calibrated:data.pc:mvn_mag_l2_2021299pc1s_20211026::1.2
P,urn:nasa:pds:maven.mag.calibrated:data.pc:mvn_mag_l2_2021300pc1s_20211027::1.2
P,urn:nasa:pds:maven.mag.calibrated:data.pc:mvn_mag_l2_2021301pc1s_20211028::1.2
P,urn:nasa:pds:maven.mag.calibrated:data.pc:mvn_mag_l2_2021302pc1s_20211029::1.2
P,urn:nasa:pds:maven.mag.calibrated:data.pc:mvn_mag_l2_2021303pc1s_20211030::1.2
P,urn:nasa:pds:maven.mag.calibrated:data.pc:mvn_mag_l2_2021304pc1s_20211031::1.2
P,urn:nasa:pds:maven.mag.calibrated:data.pc:mvn_mag_l2_2021319pc1s_20211115::1.2
P,urn:nasa:pds:maven.mag.calibrated:data.pc:mvn_mag_l2_2021320pc1s_20211116::1.2
P,urn:nasa:pds:maven.mag.calibrated:data.pc:mvn_mag_l2_2021321pc1s_20211117::1.2
P,urn:nasa:pds:maven.mag.calibrated:data.pc:mvn_mag_l2_2021322pc1s_20211118::1.2
P,urn:nasa:pds:maven.mag.calibrated:data.pc:mvn_mag_l2_2021323pc1s_20211119::1.2
P,urn:nasa:pds:maven.mag.calibrated:data.pc:mvn_mag_l2_2021324pc1s_20211120::1.2
P,urn:nasa:pds:maven.mag.calibrated:data.pc:mvn_mag_l2_2021325pc1s_20211121::1.2
P,urn:nasa:pds:maven.mag.calibrated:data.pc:mvn_mag_l2_2021326pc1s_20211122::1.2
P,urn:nasa:pds:maven.mag.calibrated:data.pc:mvn_mag_l2_2021327pc1s_20211123::1.2
P,urn:nasa:pds:maven.mag.calibrated:data.pc:mvn_mag_l2_2021328pc1s_20211124::1.2
P,urn:nasa:pds:maven.mag.calibrated:data.pc:mvn_mag_l2_2021329pc1s_20211125::1.2
P,urn:nasa:pds:maven.mag.calibrated:data.pc:mvn_mag_l2_2021330pc1s_20211126::1.2
P,urn:nasa:pds:maven.mag.calibrated:data.pc:mvn_mag_l2_2021331pc1s_20211127::1.2
P,urn:nasa:pds:maven.mag.calibrated:data.pc:mvn_mag_l2_2021332pc1s_20211128::1.2
P,urn:nasa:pds:maven.mag.calibrated:data.pc:mvn_mag_l2_2021333pc1s_20211129::1.2
P,urn:nasa:pds:maven.mag.calibrated:data.pc:mvn_mag_l2_2021334pc1s_20211130::1.2
P,urn:nasa:pds:maven.mag.calibrated:data.pc:mvn_mag_l2_2021335pc1s_20211201::1.2
P,urn:nasa:pds:maven.mag.calibrated:data.pc:mvn_mag_l2_2021336pc1s_20211202::1.2
P,urn:nasa:pds:maven.mag.calibrated:data.pc:mvn_mag_l2_2021337pc1s_20211203::1.2
P,urn:nasa:pds:maven.mag.calibrated:data.pc:mvn_mag_l2_2021338pc1s_20211204::1.2
P,urn:nasa:pds:maven.mag.calibrated:data.pc:mvn_mag_l2_2021339pc1s_20211205::1.2
P,urn:nasa:pds:maven.mag.calibrated:data.pc:mvn_mag_l2_2021340pc1s_20211206::1.2
P,urn:nasa:pds:maven.mag.calibrated:data.pc:mvn_mag_l2_2021341pc1s_20211207::1.2
P,urn:nasa:pds:maven.mag.calibrated:data.pc:mvn_mag_l2_2021342pc1s_20211208::1.2
P,urn:nasa:pds:maven.mag.calibrated:data.pc:mvn_mag_l2_2021343pc1s_20211209::1.2
P,urn:nasa:pds:maven.mag.calibrated:data.pc:mvn_mag_l2_2021344pc1s_20211210::1.2
P,urn:nasa:pds:maven.mag.calibrated:data.pc:mvn_mag_l2_2021345pc1s_20211211::1.2
P,urn:nasa:pds:maven.mag.calibrated:data.pc:mvn_mag_l2_2021346pc1s_20211212::1.2
P,urn:nasa:pds:maven.mag.calibrated:data.pc:mvn_mag_l2_2021347pc1s_20211213::1.2
P,urn:nasa:pds:maven.mag.calibrated:data.pc:mvn_mag_l2_2021348pc1s_20211214::1.2
P,urn:nasa:pds:maven.mag.calibrated:data.pc:mvn_mag_l2_2021349pc1s_20211215::1.2
P,urn:nasa:pds:maven.mag.calibrated:data.pc:mvn_mag_l2_2021350pc1s_20211216::1.2
P,urn:nasa:pds:maven.mag.calibrated:data.pc:mvn_mag_l2_2021351pc1s_20211217::1.2
P,urn:nasa:pds:maven.mag.calibrated:data.pc:mvn_mag_l2_2021352pc1s_20211218::1.2
P,urn:nasa:pds:maven.mag.calibrated:data.pc:mvn_mag_l2_2021353pc1s_20211219::1.2
P,urn:nasa:pds:maven.mag.calibrated:data.pc:mvn_mag_l2_2021354pc1s_20211220::1.2
P,urn:nasa:pds:maven.mag.calibrated:data.pc:mvn_mag_l2_2021355pc1s_20211221::1.2
P,urn:nasa:pds:maven.mag.calibrated:data.pc:mvn_mag_l2_2021356pc1s_20211222::1.2
P,urn:nasa:pds:maven.mag.calibrated:data.pc:mvn_mag_l2_2021357pc1s_20211223::1.2
P,urn:nasa:pds:maven.mag.calibrated:data.pc:mvn_mag_l2_2021358pc1s_20211224::1.2
P,urn:nasa:pds:maven.mag.calibrated:data.pc:mvn_mag_l2_2021359pc1s_20211225::1.2
P,urn:nasa:pds:maven.mag.calibrated:data.pc:mvn_mag_l2_2021360pc1s_20211226::1.2
P,urn:nasa:pds:maven.mag.calibrated:data.pc:mvn_mag_l2_2021361pc1s_20211227::1.2
P,urn:nasa:pds:maven.mag.calibrated:data.pc:mvn_mag_l2_2021362pc1s_20211228::1.2
P,urn:nasa:pds:maven.mag.calibrated:data.pc:mvn_mag_l2_2021363pc1s_20211229::1.2
P,urn:nasa:pds:maven.mag.calibrated:data.pc:mvn_mag_l2_2021364pc1s_20211230::1.2
P,urn:nasa:pds:maven.mag.calibrated:data.pc:mvn_mag_l2_2021365pc1s_20211231::1.2
P,urn:nasa:pds:maven.mag.calibrated:data.pc:mvn_mag_l2_2022001pc1s_20220101::1.2
P,urn:nasa:pds:maven.mag.calibrated:data.pc:mvn_mag_l2_2022002pc1s_20220102::1.2
P,urn:nasa:pds:maven.mag.calibrated:data.pc:mvn_mag_l2_2022003pc1s_20220103::1.2
P,urn:nasa:pds:maven.mag.calibrated:data.pc:mvn_mag_l2_2022004pc1s_20220104::1.2
P,urn:nasa:pds:maven.mag.calibrated:data.pc:mvn_mag_l2_2022005pc1s_20220105::1.2
P,urn:nasa:pds:maven.mag.calibrated:data.pc:mvn_mag_l2_2022006pc1s_20220106::1.2
P,urn:nasa:pds:maven.mag.calibrated:data.pc:mvn_mag_l2_2022007pc1s_20220107::1.2
P,urn:nasa:pds:maven.mag.calibrated:data.pc:mvn_mag_l2_2022008pc1s_20220108::1.2
P,urn:nasa:pds:maven.mag.calibrated:data.pc:mvn_mag_l2_2022009pc1s_20220109::1.2
P,urn:nasa:pds:maven.mag.calibrated:data.pc:mvn_mag_l2_2022010pc1s_20220110::1.2
P,urn:nasa:pds:maven.mag.calibrated:data.pc:mvn_mag_l2_2022011pc1s_20220111::1.2
P,urn:nasa:pds:maven.mag.calibrated:data.pc:mvn_mag_l2_2022012pc1s_20220112::1.2
P,urn:nasa:pds:maven.mag.calibrated:data.pc:mvn_mag_l2_2022013pc1s_20220113::1.2
P,urn:nasa:pds:maven.mag.calibrated:data.pc:mvn_mag_l2_2022014pc1s_20220114::1.2
P,urn:nasa:pds:maven.mag.calibrated:data.pc:mvn_mag_l2_2022015pc1s_20220115::1.2
P,urn:nasa:pds:maven.mag.calibrated:data.pc:mvn_mag_l2_2022016pc1s_20220116::1.2
P,urn:nasa:pds:maven.mag.calibrated:data.pc:mvn_mag_l2_2022017pc1s_20220117::1.2
P,urn:nasa:pds:maven.mag.calibrated:data.pc:mvn_mag_l2_2022018pc1s_20220118::1.2
P,urn:nasa:pds:maven.mag.calibrated:data.pc:mvn_mag_l2_2022019pc1s_20220119::1.2
P,urn:nasa:pds:maven.mag.calibrated:data.pc:mvn_mag_l2_2022020pc1s_20220120::1.2
P,urn:nasa:pds:maven.mag.calibrated:data.pc:mvn_mag_l2_2022021pc1s_20220121::1.2
P,urn:nasa:pds:maven.mag.calibrated:data.pc:mvn_mag_l2_2022022pc1s_20220122::1.2
P,urn:nasa:pds:maven.mag.calibrated:data.pc:mvn_mag_l2_2022023pc1s_20220123::1.2
P,urn:nasa:pds:maven.mag.calibrated:data.pc:mvn_mag_l2_2022024pc1s_20220124::1.2
P,urn:nasa:pds:maven.mag.calibrated:data.pc:mvn_mag_l2_2022025pc1s_20220125::1.2
P,urn:nasa:pds:maven.mag.calibrated:data.pc:mvn_mag_l2_2022026pc1s_20220126::1.2
P,urn:nasa:pds:maven.mag.calibrated:data.pc:mvn_mag_l2_2022027pc1s_20220127::1.2
P,urn:nasa:pds:maven.mag.calibrated:data.pc:mvn_mag_l2_2022028pc1s_20220128::1.2
P,urn:nasa:pds:maven.mag.calibrated:data.pc:mvn_mag_l2_2022029pc1s_20220129::1.2
P,urn:nasa:pds:maven.mag.calibrated:data.pc:mvn_mag_l2_2022030pc1s_20220130::1.2
P,urn:nasa:pds:maven.mag.calibrated:data.pc:mvn_mag_l2_2022031pc1s_20220131::1.2
P,urn:nasa:pds:maven.mag.calibrated:data.pc:mvn_mag_l2_2022032pc1s_20220201::1.2
P,urn:nasa:pds:maven.mag.calibrated:data.pc:mvn_mag_l2_2022033pc1s_20220202::1.2
P,urn:nasa:pds:maven.mag.calibrated:data.pc:mvn_mag_l2_2022034pc1s_20220203::1.2
P,urn:nasa:pds:maven.mag.calibrated:data.pc:mvn_mag_l2_2022035pc1s_20220204::1.2
P,urn:nasa:pds:maven.mag.calibrated:data.pc:mvn_mag_l2_2022036pc1s_20220205::1.2
P,urn:nasa:pds:maven.mag.calibrated:data.pc:mvn_mag_l2_2022037pc1s_20220206::1.2
P,urn:nasa:pds:maven.mag.calibrated:data.pc:mvn_mag_l2_2022038pc1s_20220207::1.2
P,urn:nasa:pds:maven.mag.calibrated:data.pc:mvn_mag_l2_2022039pc1s_20220208::1.2
P,urn:nasa:pds:maven.mag.calibrated:data.pc:mvn_mag_l2_2022040pc1s_20220209::1.2
P,urn:nasa:pds:maven.mag.calibrated:data.pc:mvn_mag_l2_2022041pc1s_20220210::1.2
P,urn:nasa:pds:maven.mag.calibrated:data.pc:mvn_mag_l2_2022042pc1s_20220211::1.2
P,urn:nasa:pds:maven.mag.calibrated:data.pc:mvn_mag_l2_2022043pc1s_20220212::1.2
P,urn:nasa:pds:maven.mag.calibrated:data.pc:mvn_mag_l2_2022044pc1s_20220213::1.2
P,urn:nasa:pds:maven.mag.calibrated:data.pc:mvn_mag_l2_2022045pc1s_20220214::1.2
P,urn:nasa:pds:maven.mag.calibrated:data.pc:mvn_mag_l2_2022046pc1s_20220215::1.2
P,urn:nasa:pds:maven.mag.calibrated:data.pc:mvn_mag_l2_2022047pc1s_20220216::1.2
P,urn:nasa:pds:maven.mag.calibrated:data.pc:mvn_mag_l2_2022048pc1s_20220217::1.2
P,urn:nasa:pds:maven.mag.calibrated:data.pc:mvn_mag_l2_2022049pc1s_20220218::1.2
P,urn:nasa:pds:maven.mag.calibrated:data.pc:mvn_mag_l2_2022050pc1s_20220219::1.2
P,urn:nasa:pds:maven.mag.calibrated:data.pc:mvn_mag_l2_2022051pc1s_20220220::1.2
P,urn:nasa:pds:maven.mag.calibrated:data.pc:mvn_mag_l2_2022052pc1s_20220221::1.2
P,urn:nasa:pds:maven.mag.calibrated:data.pc:mvn_mag_l2_2022053pc1s_20220222::1.2
P,urn:nasa:pds:maven.mag.calibrated:data.pc:mvn_mag_l2_2022135pc1s_20220515::1.2
P,urn:nasa:pds:maven.mag.calibrated:data.pc:mvn_mag_l2_2022136pc1s_20220516::1.2
P,urn:nasa:pds:maven.mag.calibrated:data.pc:mvn_mag_l2_2022137pc1s_20220517::1.2
P,urn:nasa:pds:maven.mag.calibrated:data.pc:mvn_mag_l2_2022138pc1s_20220518::1.2
P,urn:nasa:pds:maven.mag.calibrated:data.pc:mvn_mag_l2_2022139pc1s_20220519::1.2
P,urn:nasa:pds:maven.mag.calibrated:data.pc:mvn_mag_l2_2022140pc1s_20220520::1.2
P,urn:nasa:pds:maven.mag.calibrated:data.pc:mvn_mag_l2_2022141pc1s_20220521::1.2
P,urn:nasa:pds:maven.mag.calibrated:data.pc:mvn_mag_l2_2022142pc1s_20220522::1.2
P,urn:nasa:pds:maven.mag.calibrated:data.pc:mvn_mag_l2_2022143pc1s_20220523::1.2
P,urn:nasa:pds:maven.mag.calibrated:data.pc:mvn_mag_l2_2022144pc1s_20220524::1.2
P,urn:nasa:pds:maven.mag.calibrated:data.pc:mvn_mag_l2_2022145pc1s_20220525::1.2
P,urn:nasa:pds:maven.mag.calibrated:data.pc:mvn_mag_l2_2022146pc1s_20220526::1.2
P,urn:nasa:pds:maven.mag.calibrated:data.pc:mvn_mag_l2_2022147pc1s_20220527::1.2
P,urn:nasa:pds:maven.mag.calibrated:data.pc:mvn_mag_l2_2022148pc1s_20220528::1.2
P,urn:nasa:pds:maven.mag.calibrated:data.pc:mvn_mag_l2_2022149pc1s_20220529::1.2
P,urn:nasa:pds:maven.mag.calibrated:data.pc:mvn_mag_l2_2022150pc1s_20220530::1.2
P,urn:nasa:pds:maven.mag.calibrated:data.pc:mvn_mag_l2_2022151pc1s_20220531::1.2
P,urn:nasa:pds:maven.mag.calibrated:data.pc:mvn_mag_l2_2022152pc1s_20220601::1.2
P,urn:nasa:pds:maven.mag.calibrated:data.pc:mvn_mag_l2_2022153pc1s_20220602::1.2
P,urn:nasa:pds:maven.mag.calibrated:data.pc:mvn_mag_l2_2022154pc1s_20220603::1.2
P,urn:nasa:pds:maven.mag.calibrated:data.pc:mvn_mag_l2_2022155pc1s_20220604::1.2
P,urn:nasa:pds:maven.mag.calibrated:data.pc:mvn_mag_l2_2022156pc1s_20220605::1.2
P,urn:nasa:pds:maven.mag.calibrated:data.pc:mvn_mag_l2_2022157pc1s_20220606::1.2
P,urn:nasa:pds:maven.mag.calibrated:data.pc:mvn_mag_l2_2022158pc1s_20220607::1.2
P,urn:nasa:pds:maven.mag.calibrated:data.pc:mvn_mag_l2_2022159pc1s_20220608::1.2
P,urn:nasa:pds:maven.mag.calibrated:data.pc:mvn_mag_l2_2022160pc1s_20220609::1.2
P,urn:nasa:pds:maven.mag.calibrated:data.pc:mvn_mag_l2_2022161pc1s_20220610::1.2
P,urn:nasa:pds:maven.mag.calibrated:data.pc:mvn_mag_l2_2022162pc1s_20220611::1.2
P,urn:nasa:pds:maven.mag.calibrated:data.pc:mvn_mag_l2_2022163pc1s_20220612::1.2
P,urn:nasa:pds:maven.mag.calibrated:data.pc:mvn_mag_l2_2022164pc1s_20220613::1.2
P,urn:nasa:pds:maven.mag.calibrated:data.pc:mvn_mag_l2_2022165pc1s_20220614::1.2
P,urn:nasa:pds:maven.mag.calibrated:data.pc:mvn_mag_l2_2022166pc1s_20220615::1.2
P,urn:nasa:pds:maven.mag.calibrated:data.pc:mvn_mag_l2_2022167pc1s_20220616::1.2
P,urn:nasa:pds:maven.mag.calibrated:data.pc:mvn_mag_l2_2022168pc1s_20220617::1.2
P,urn:nasa:pds:maven.mag.calibrated:data.pc:mvn_mag_l2_2022169pc1s_20220618::1.2
P,urn:nasa:pds:maven.mag.calibrated:data.pc:mvn_mag_l2_2022170pc1s_20220619::1.2
P,urn:nasa:pds:maven.mag.calibrated:data.pc:mvn_mag_l2_2022171pc1s_20220620::1.2
P,urn:nasa:pds:maven.mag.calibrated:data.pc:mvn_mag_l2_2022172pc1s_20220621::1.2
P,urn:nasa:pds:maven.mag.calibrated:data.pc:mvn_mag_l2_2022173pc1s_20220622::1.2
P,urn:nasa:pds:maven.mag.calibrated:data.pc:mvn_mag_l2_2022174pc1s_20220623::1.2
P,urn:nasa:pds:maven.mag.calibrated:data.pc:mvn_mag_l2_2022175pc1s_20220624::1.2
P,urn:nasa:pds:maven.mag.calibrated:data.pc:mvn_mag_l2_2022176pc1s_20220625::1.2
P,urn:nasa:pds:maven.mag.calibrated:data.pc:mvn_mag_l2_2022177pc1s_20220626::1.2
P,urn:nasa:pds:maven.mag.calibrated:data.pc:mvn_mag_l2_2022178pc1s_20220627::1.2
P,urn:nasa:pds:maven.mag.calibrated:data.pc:mvn_mag_l2_2022179pc1s_20220628::1.2
P,urn:nasa:pds:maven.mag.calibrated:data.pc:mvn_mag_l2_2022180pc1s_20220629::1.2
P,urn:nasa:pds:maven.mag.calibrated:data.pc:mvn_mag_l2_2022181pc1s_20220630::1.2
P,urn:nasa:pds:maven.mag.calibrated:data.pc:mvn_mag_l2_2022182pc1s_20220701::1.2
P,urn:nasa:pds:maven.mag.calibrated:data.pc:mvn_mag_l2_2022183pc1s_20220702::1.2
P,urn:nasa:pds:maven.mag.calibrated:data.pc:mvn_mag_l2_2022184pc1s_20220703::1.2
P,urn:nasa:pds:maven.mag.calibrated:data.pc:mvn_mag_l2_2022185pc1s_20220704::1.2
P,urn:nasa:pds:maven.mag.calibrated:data.pc:mvn_mag_l2_2022186pc1s_20220705::1.2
P,urn:nasa:pds:maven.mag.calibrated:data.pc:mvn_mag_l2_2022187pc1s_20220706::1.2
P,urn:nasa:pds:maven.mag.calibrated:data.pc:mvn_mag_l2_2022188pc1s_20220707::1.2
P,urn:nasa:pds:maven.mag.calibrated:data.pc:mvn_mag_l2_2022189pc1s_20220708::1.2
P,urn:nasa:pds:maven.mag.calibrated:data.pc:mvn_mag_l2_2022190pc1s_20220709::1.2
P,urn:nasa:pds:maven.mag.calibrated:data.pc:mvn_mag_l2_2022191pc1s_20220710::1.2
P,urn:nasa:pds:maven.mag.calibrated:data.pc:mvn_mag_l2_2022192pc1s_20220711::1.2
P,urn:nasa:pds:maven.mag.calibrated:data.pc:mvn_mag_l2_2022193pc1s_20220712::1.2
P,urn:nasa:pds:maven.mag.calibrated:data.pc:mvn_mag_l2_2022194pc1s_20220713::1.2
P,urn:nasa:pds:maven.mag.calibrated:data.pc:mvn_mag_l2_2022195pc1s_20220714::1.2
P,urn:nasa:pds:maven.mag.calibrated:data.pc:mvn_mag_l2_2022196pc1s_20220715::1.2
P,urn:nasa:pds:maven.mag.calibrated:data.pc:mvn_mag_l2_2022197pc1s_20220716::1.2
P,urn:nasa:pds:maven.mag.calibrated:data.pc:mvn_mag_l2_2022198pc1s_20220717::1.2
P,urn:nasa:pds:maven.mag.calibrated:data.pc:mvn_mag_l2_2022199pc1s_20220718::1.2
P,urn:nasa:pds:maven.mag.calibrated:data.pc:mvn_mag_l2_2022200pc1s_20220719::1.2
P,urn:nasa:pds:maven.mag.calibrated:data.pc:mvn_mag_l2_2022201pc1s_20220720::1.2
P,urn:nasa:pds:maven.mag.calibrated:data.pc:mvn_mag_l2_2022202pc1s_20220721::1.2
P,urn:nasa:pds:maven.mag.calibrated:data.pc:mvn_mag_l2_2022203pc1s_20220722::1.2
P,urn:nasa:pds:maven.mag.calibrated:data.pc:mvn_mag_l2_2022204pc1s_20220723::1.2
P,urn:nasa:pds:maven.mag.calibrated:data.pc:mvn_mag_l2_2022205pc1s_20220724::1.2
P,urn:nasa:pds:maven.mag.calibrated:data.pc:mvn_mag_l2_2022206pc1s_20220725::1.2
P,urn:nasa:pds:maven.mag.calibrated:data.pc:mvn_mag_l2_2022207pc1s_20220726::1.2
P,urn:nasa:pds:maven.mag.calibrated:data.pc:mvn_mag_l2_2022208pc1s_20220727::1.2
P,urn:nasa:pds:maven.mag.calibrated:data.pc:mvn_mag_l2_2022209pc1s_20220728::1.2
P,urn:nasa:pds:maven.mag.calibrated:data.pc:mvn_mag_l2_2022210pc1s_20220729::1.2
P,urn:nasa:pds:maven.mag.calibrated:data.pc:mvn_mag_l2_2022211pc1s_20220730::1.2
P,urn:nasa:pds:maven.mag.calibrated:data.pc:mvn_mag_l2_2022212pc1s_20220731::1.2
P,urn:nasa:pds:maven.mag.calibrated:data.pc:mvn_mag_l2_2022213pc1s_20220801::1.2
P,urn:nasa:pds:maven.mag.calibrated:data.pc:mvn_mag_l2_2022214pc1s_20220802::1.2
P,urn:nasa:pds:maven.mag.calibrated:data.pc:mvn_mag_l2_2022215pc1s_20220803::1.2
P,urn:nasa:pds:maven.mag.calibrated:data.pc:mvn_mag_l2_2022216pc1s_20220804::1.2
P,urn:nasa:pds:maven.mag.calibrated:data.pc:mvn_mag_l2_2022217pc1s_20220805::1.2
P,urn:nasa:pds:maven.mag.calibrated:data.pc:mvn_mag_l2_2022218pc1s_20220806::1.2
P,urn:nasa:pds:maven.mag.calibrated:data.pc:mvn_mag_l2_2022219pc1s_20220807::1.2
P,urn:nasa:pds:maven.mag.calibrated:data.pc:mvn_mag_l2_2022220pc1s_20220808::1.2
P,urn:nasa:pds:maven.mag.calibrated:data.pc:mvn_mag_l2_2022221pc1s_20220809::1.2
P,urn:nasa:pds:maven.mag.calibrated:data.pc:mvn_mag_l2_2022222pc1s_20220810::1.2
P,urn:nasa:pds:maven.mag.calibrated:data.pc:mvn_mag_l2_2022223pc1s_20220811::1.2
P,urn:nasa:pds:maven.mag.calibrated:data.pc:mvn_mag_l2_2022224pc1s_20220812::1.2
P,urn:nasa:pds:maven.mag.calibrated:data.pc:mvn_mag_l2_2022225pc1s_20220813::1.2
P,urn:nasa:pds:maven.mag.calibrated:data.pc:mvn_mag_l2_2022226pc1s_20220814::1.2
P,urn:nasa:pds:maven.mag.calibrated:data.pc:mvn_mag_l2_2022227pc1s_20220815::1.2
P,urn:nasa:pds:maven.mag.calibrated:data.pc:mvn_mag_l2_2022228pc1s_20220816::1.2
P,urn:nasa:pds:maven.mag.calibrated:data.pc:mvn_mag_l2_2022229pc1s_20220817::1.2
P,urn:nasa:pds:maven.mag.calibrated:data.pc:mvn_mag_l2_2022230pc1s_20220818::1.2
P,urn:nasa:pds:maven.mag.calibrated:data.pc:mvn_mag_l2_2022231pc1s_20220819::1.2
P,urn:nasa:pds:maven.mag.calibrated:data.pc:mvn_mag_l2_2022232pc1s_20220820::1.2
P,urn:nasa:pds:maven.mag.calibrated:data.pc:mvn_mag_l2_2022233pc1s_20220821::1.2
P,urn:nasa:pds:maven.mag.calibrated:data.pc:mvn_mag_l2_2022234pc1s_20220822::1.2
P,urn:nasa:pds:maven.mag.calibrated:data.pc:mvn_mag_l2_2022235pc1s_20220823::1.2
P,urn:nasa:pds:maven.mag.calibrated:data.pc:mvn_mag_l2_2022236pc1s_20220824::1.2
P,urn:nasa:pds:maven.mag.calibrated:data.pc:mvn_mag_l2_2022237pc1s_20220825::1.2
P,urn:nasa:pds:maven.mag.calibrated:data.pc:mvn_mag_l2_2022238pc1s_20220826::1.2
P,urn:nasa:pds:maven.mag.calibrated:data.pc:mvn_mag_l2_2022239pc1s_20220827::1.2
P,urn:nasa:pds:maven.mag.calibrated:data.pc:mvn_mag_l2_2022240pc1s_20220828::1.2
P,urn:nasa:pds:maven.mag.calibrated:data.pc:mvn_mag_l2_2022241pc1s_20220829::1.2
P,urn:nasa:pds:maven.mag.calibrated:data.pc:mvn_mag_l2_2022242pc1s_20220830::1.2
P,urn:nasa:pds:maven.mag.calibrated:data.pc:mvn_mag_l2_2022243pc1s_20220831::1.2
P,urn:nasa:pds:maven.mag.calibrated:data.pc:mvn_mag_l2_2022244pc1s_20220901::1.2
P,urn:nasa:pds:maven.mag.calibrated:data.pc:mvn_mag_l2_2022245pc1s_20220902::1.2
P,urn:nasa:pds:maven.mag.calibrated:data.pc:mvn_mag_l2_2022246pc1s_20220903::1.2
P,urn:nasa:pds:maven.mag.calibrated:data.pc:mvn_mag_l2_2022247pc1s_20220904::1.2
P,urn:nasa:pds:maven.mag.calibrated:data.pc:mvn_mag_l2_2022248pc1s_20220905::1.2
P,urn:nasa:pds:maven.mag.calibrated:data.pc:mvn_mag_l2_2022249pc1s_20220906::1.2
P,urn:nasa:pds:maven.mag.calibrated:data.pc:mvn_mag_l2_2022250pc1s_20220907::1.2
P,urn:nasa:pds:maven.mag.calibrated:data.pc:mvn_mag_l2_2022251pc1s_20220908::1.2
P,urn:nasa:pds:maven.mag.calibrated:data.pc:mvn_mag_l2_2022252pc1s_20220909::1.2
P,urn:nasa:pds:maven.mag.calibrated:data.pc:mvn_mag_l2_2022253pc1s_20220910::1.2
P,urn:nasa:pds:maven.mag.calibrated:data.pc:mvn_mag_l2_2022254pc1s_20220911::1.2
P,urn:nasa:pds:maven.mag.calibrated:data.pc:mvn_mag_l2_2022255pc1s_20220912::1.2
P,urn:nasa:pds:maven.mag.calibrated:data.pc:mvn_mag_l2_2022256pc1s_20220913::1.2
P,urn:nasa:pds:maven.mag.calibrated:data.pc:mvn_mag_l2_2022257pc1s_20220914::1.2
P,urn:nasa:pds:maven.mag.calibrated:data.pc:mvn_mag_l2_2022258pc1s_20220915::1.2
P,urn:nasa:pds:maven.mag.calibrated:data.pc:mvn_mag_l2_2022259pc1s_20220916::1.2
P,urn:nasa:pds:maven.mag.calibrated:data.pc:mvn_mag_l2_2022260pc1s_20220917::1.2
P,urn:nasa:pds:maven.mag.calibrated:data.pc:mvn_mag_l2_2022261pc1s_20220918::1.2
P,urn:nasa:pds:maven.mag.calibrated:data.pc:mvn_mag_l2_2022262pc1s_20220919::1.2
P,urn:nasa:pds:maven.mag.calibrated:data.pc:mvn_mag_l2_2022263pc1s_20220920::1.2
P,urn:nasa:pds:maven.mag.calibrated:data.pc:mvn_mag_l2_2022264pc1s_20220921::1.2
P,urn:nasa:pds:maven.mag.calibrated:data.pc:mvn_mag_l2_2022265pc1s_20220922::1.2
P,urn:nasa:pds:maven.mag.calibrated:data.pc:mvn_mag_l2_2022266pc1s_20220923::1.2
P,urn:nasa:pds:maven.mag.calibrated:data.pc:mvn_mag_l2_2022267pc1s_20220924::1.2
P,urn:nasa:pds:maven.mag.calibrated:data.pc:mvn_mag_l2_2022268pc1s_20220925::1.2
P,urn:nasa:pds:maven.mag.calibrated:data.pc:mvn_mag_l2_2022269pc1s_20220926::1.2
P,urn:nasa:pds:maven.mag.calibrated:data.pc:mvn_mag_l2_2022270pc1s_20220927::1.2
P,urn:nasa:pds:maven.mag.calibrated:data.pc:mvn_mag_l2_2022271pc1s_20220928::1.2
P,urn:nasa:pds:maven.mag.calibrated:data.pc:mvn_mag_l2_2022272pc1s_20220929::1.2
P,urn:nasa:pds:maven.mag.calibrated:data.pc:mvn_mag_l2_2022273pc1s_20220930::1.2
P,urn:nasa:pds:maven.mag.calibrated:data.pc:mvn_mag_l2_2022274pc1s_20221001::1.2
P,urn:nasa:pds:maven.mag.calibrated:data.pc:mvn_mag_l2_2022275pc1s_20221002::1.2
P,urn:nasa:pds:maven.mag.calibrated:data.pc:mvn_mag_l2_2022276pc1s_20221003::1.2
P,urn:nasa:pds:maven.mag.calibrated:data.pc:mvn_mag_l2_2022277pc1s_20221004::1.2
P,urn:nasa:pds:maven.mag.calibrated:data.pc:mvn_mag_l2_2022278pc1s_20221005::1.2
P,urn:nasa:pds:maven.mag.calibrated:data.pc:mvn_mag_l2_2022279pc1s_20221006::1.2
P,urn:nasa:pds:maven.mag.calibrated:data.pc:mvn_mag_l2_2022280pc1s_20221007::1.2
P,urn:nasa:pds:maven.mag.calibrated:data.pc:mvn_mag_l2_2022281pc1s_20221008::1.2
P,urn:nasa:pds:maven.mag.calibrated:data.pc:mvn_mag_l2_2022282pc1s_20221009::1.2
P,urn:nasa:pds:maven.mag.calibrated:data.pc:mvn_mag_l2_2022283pc1s_20221010::1.2
P,urn:nasa:pds:maven.mag.calibrated:data.pc:mvn_mag_l2_2022284pc1s_20221011::1.2
P,urn:nasa:pds:maven.mag.calibrated:data.pc:mvn_mag_l2_2022285pc1s_20221012::1.2
P,urn:nasa:pds:maven.mag.calibrated:data.pc:mvn_mag_l2_2022286pc1s_20221013::1.2
P,urn:nasa:pds:maven.mag.calibrated:data.pc:mvn_mag_l2_2022287pc1s_20221014::1.2
P,urn:nasa:pds:maven.mag.calibrated:data.pc:mvn_mag_l2_2022288pc1s_20221015::1.2
P,urn:nasa:pds:maven.mag.calibrated:data.pc:mvn_mag_l2_2022289pc1s_20221016::1.2
P,urn:nasa:pds:maven.mag.calibrated:data.pc:mvn_mag_l2_2022290pc1s_20221017::1.2
P,urn:nasa:pds:maven.mag.calibrated:data.pc:mvn_mag_l2_2022291pc1s_20221018::1.2
P,urn:nasa:pds:maven.mag.calibrated:data.pc:mvn_mag_l2_2022292pc1s_20221019::1.2
P,urn:nasa:pds:maven.mag.calibrated:data.pc:mvn_mag_l2_2022293pc1s_20221020::1.2
P,urn:nasa:pds:maven.mag.calibrated:data.pc:mvn_mag_l2_2022294pc1s_20221021::1.2
P,urn:nasa:pds:maven.mag.calibrated:data.pc:mvn_mag_l2_2022295pc1s_20221022::1.2
P,urn:nasa:pds:maven.mag.calibrated:data.pc:mvn_mag_l2_2022296pc1s_20221023::1.2
P,urn:nasa:pds:maven.mag.calibrated:data.pc:mvn_mag_l2_2022297pc1s_20221024::1.2
P,urn:nasa:pds:maven.mag.calibrated:data.pc:mvn_mag_l2_2022298pc1s_20221025::1.2
P,urn:nasa:pds:maven.mag.calibrated:data.pc:mvn_mag_l2_2022299pc1s_20221026::1.2
P,urn:nasa:pds:maven.mag.calibrated:data.pc:mvn_mag_l2_2022300pc1s_20221027::1.2
P,urn:nasa:pds:maven.mag.calibrated:data.pc:mvn_mag_l2_2022301pc1s_20221028::1.2
P,urn:nasa:pds:maven.mag.calibrated:data.pc:mvn_mag_l2_2022302pc1s_20221029::1.2
P,urn:nasa:pds:maven.mag.calibrated:data.pc:mvn_mag_l2_2022303pc1s_20221030::1.2
P,urn:nasa:pds:maven.mag.calibrated:data.pc:mvn_mag_l2_2022304pc1s_20221031::1.2
P,urn:nasa:pds:maven.mag.calibrated:data.pc:mvn_mag_l2_2022305pc1s_20221101::1.2
P,urn:nasa:pds:maven.mag.calibrated:data.pc:mvn_mag_l2_2022306pc1s_20221102::1.2
P,urn:nasa:pds:maven.mag.calibrated:data.pc:mvn_mag_l2_2022307pc1s_20221103::1.2
P,urn:nasa:pds:maven.mag.calibrated:data.pc:mvn_mag_l2_2022308pc1s_20221104::1.2
P,urn:nasa:pds:maven.mag.calibrated:data.pc:mvn_mag_l2_2022309pc1s_20221105::1.2
P,urn:nasa:pds:maven.mag.calibrated:data.pc:mvn_mag_l2_2022310pc1s_20221106::1.2
P,urn:nasa:pds:maven.mag.calibrated:data.pc:mvn_mag_l2_2022311pc1s_20221107::1.2
P,urn:nasa:pds:maven.mag.calibrated:data.pc:mvn_mag_l2_2022312pc1s_20221108::1.2
P,urn:nasa:pds:maven.mag.calibrated:data.pc:mvn_mag_l2_2022313pc1s_20221109::1.2
P,urn:nasa:pds:maven.mag.calibrated:data.pc:mvn_mag_l2_2022314pc1s_20221110::1.2
P,urn:nasa:pds:maven.mag.calibrated:data.pc:mvn_mag_l2_2022315pc1s_20221111::1.2
P,urn:nasa:pds:maven.mag.calibrated:data.pc:mvn_mag_l2_2022316pc1s_20221112::1.2
P,urn:nasa:pds:maven.mag.calibrated:data.pc:mvn_mag_l2_2022317pc1s_20221113::1.2
P,urn:nasa:pds:maven.mag.calibrated:data.pc:mvn_mag_l2_2022318pc1s_20221114::1.2
P,urn:nasa:pds:maven.mag.calibrated:data.pc:mvn_mag_l2_2022319pc1s_20221115::1.2
P,urn:nasa:pds:maven.mag.calibrated:data.pc:mvn_mag_l2_2022320pc1s_20221116::1.2
P,urn:nasa:pds:maven.mag.calibrated:data.pc:mvn_mag_l2_2022321pc1s_20221117::1.2
P,urn:nasa:pds:maven.mag.calibrated:data.pc:mvn_mag_l2_2022322pc1s_20221118::1.2
P,urn:nasa:pds:maven.mag.calibrated:data.pc:mvn_mag_l2_2022323pc1s_20221119::1.2
P,urn:nasa:pds:maven.mag.calibrated:data.pc:mvn_mag_l2_2022324pc1s_20221120::1.2
P,urn:nasa:pds:maven.mag.calibrated:data.pc:mvn_mag_l2_2022325pc1s_20221121::1.2
P,urn:nasa:pds:maven.mag.calibrated:data.pc:mvn_mag_l2_2022326pc1s_20221122::1.2
P,urn:nasa:pds:maven.mag.calibrated:data.pc:mvn_mag_l2_2022327pc1s_20221123::1.2
P,urn:nasa:pds:maven.mag.calibrated:data.pc:mvn_mag_l2_2022328pc1s_20221124::1.2
P,urn:nasa:pds:maven.mag.calibrated:data.pc:mvn_mag_l2_2022329pc1s_20221125::1.2
P,urn:nasa:pds:maven.mag.calibrated:data.pc:mvn_mag_l2_2022330pc1s_20221126::1.2
P,urn:nasa:pds:maven.mag.calibrated:data.pc:mvn_mag_l2_2022331pc1s_20221127::1.2
P,urn:nasa:pds:maven.mag.calibrated:data.pc:mvn_mag_l2_2022332pc1s_20221128::1.2
P,urn:nasa:pds:maven.mag.calibrated:data.pc:mvn_mag_l2_2022333pc1s_20221129::1.2
P,urn:nasa:pds:maven.mag.calibrated:data.pc:mvn_mag_l2_2022334pc1s_20221130::1.2
P,urn:nasa:pds:maven.mag.calibrated:data.pc:mvn_mag_l2_2022335pc1s_20221201::1.2
P,urn:nasa:pds:maven.mag.calibrated:data.pc:mvn_mag_l2_2022336pc1s_20221202::1.2
P,urn:nasa:pds:maven.mag.calibrated:data.pc:mvn_mag_l2_2022337pc1s_20221203::1.2
P,urn:nasa:pds:maven.mag.calibrated:data.pc:mvn_mag_l2_2022338pc1s_20221204::1.2
P,urn:nasa:pds:maven.mag.calibrated:data.pc:mvn_mag_l2_2022339pc1s_20221205::1.2
P,urn:nasa:pds:maven.mag.calibrated:data.pc:mvn_mag_l2_2022340pc1s_20221206::1.2
P,urn:nasa:pds:maven.mag.calibrated:data.pc:mvn_mag_l2_2022341pc1s_20221207::1.2
P,urn:nasa:pds:maven.mag.calibrated:data.pc:mvn_mag_l2_2022342pc1s_20221208::1.2
P,urn:nasa:pds:maven.mag.calibrated:data.pc:mvn_mag_l2_2022343pc1s_20221209::1.2
P,urn:nasa:pds:maven.mag.calibrated:data.pc:mvn_mag_l2_2022344pc1s_20221210::1.2
P,urn:nasa:pds:maven.mag.calibrated:data.pc:mvn_mag_l2_2022345pc1s_20221211::1.2
P,urn:nasa:pds:maven.mag.calibrated:data.pc:mvn_mag_l2_2022346pc1s_20221212::1.2
P,urn:nasa:pds:maven.mag.calibrated:data.pc:mvn_mag_l2_2022347pc1s_20221213::1.2
P,urn:nasa:pds:maven.mag.calibrated:data.pc:mvn_mag_l2_2022348pc1s_20221214::1.2
P,urn:nasa:pds:maven.mag.calibrated:data.pc:mvn_mag_l2_2022349pc1s_20221215::1.2
P,urn:nasa:pds:maven.mag.calibrated:data.pc:mvn_mag_l2_2022350pc1s_20221216::1.2
P,urn:nasa:pds:maven.mag.calibrated:data.pc:mvn_mag_l2_2022351pc1s_20221217::1.2
P,urn:nasa:pds:maven.mag.calibrated:data.pc:mvn_mag_l2_2022352pc1s_20221218::1.2
P,urn:nasa:pds:maven.mag.calibrated:data.pc:mvn_mag_l2_2022353pc1s_20221219::1.2
P,urn:nasa:pds:maven.mag.calibrated:data.pc:mvn_mag_l2_2022354pc1s_20221220::1.2
P,urn:nasa:pds:maven.mag.calibrated:data.pc:mvn_mag_l2_2022355pc1s_20221221::1.2
P,urn:nasa:pds:maven.mag.calibrated:data.pc:mvn_mag_l2_2022356pc1s_20221222::1.2
P,urn:nasa:pds:maven.mag.calibrated:data.pc:mvn_mag_l2_2022357pc1s_20221223::1.2
P,urn:nasa:pds:maven.mag.calibrated:data.pc:mvn_mag_l2_2022358pc1s_20221224::1.2
P,urn:nasa:pds:maven.mag.calibrated:data.pc:mvn_mag_l2_2022359pc1s_20221225::1.2
P,urn:nasa:pds:maven.mag.calibrated:data.pc:mvn_mag_l2_2022360pc1s_20221226::1.2
P,urn:nasa:pds:maven.mag.calibrated:data.pc:mvn_mag_l2_2022361pc1s_20221227::1.2
P,urn:nasa:pds:maven.mag.calibrated:data.pc:mvn_mag_l2_2022362pc1s_20221228::1.2
P,urn:nasa:pds:maven.mag.calibrated:data.pc:mvn_mag_l2_2022363pc1s_20221229::1.2
P,urn:nasa:pds:maven.mag.calibrated:data.pc:mvn_mag_l2_2022364pc1s_20221230::1.2
P,urn:nasa:pds:maven.mag.calibrated:data.pc:mvn_mag_l2_2022365pc1s_20221231::1.2
P,urn:nasa:pds:maven.mag.calibrated:data.pc:mvn_mag_l2_2023001pc1s_20230101::1.2
P,urn:nasa:pds:maven.mag.calibrated:data.pc:mvn_mag_l2_2023002pc1s_20230102::1.2
P,urn:nasa:pds:maven.mag.calibrated:data.pc:mvn_mag_l2_2023003pc1s_20230103::1.2
P,urn:nasa:pds:maven.mag.calibrated:data.pc:mvn_mag_l2_2023004pc1s_20230104::1.2
P,urn:nasa:pds:maven.mag.calibrated:data.pc:mvn_mag_l2_2023005pc1s_20230105::1.2
P,urn:nasa:pds:maven.mag.calibrated:data.pc:mvn_mag_l2_2023006pc1s_20230106::1.2
P,urn:nasa:pds:maven.mag.calibrated:data.pc:mvn_mag_l2_2023007pc1s_20230107::1.2
P,urn:nasa:pds:maven.mag.calibrated:data.pc:mvn_mag_l2_2023008pc1s_20230108::1.2
P,urn:nasa:pds:maven.mag.calibrated:data.pc:mvn_mag_l2_2023009pc1s_20230109::1.2
P,urn:nasa:pds:maven.mag.calibrated:data.pc:mvn_mag_l2_2023010pc1s_20230110::1.2
P,urn:nasa:pds:maven.mag.calibrated:data.pc:mvn_mag_l2_2023011pc1s_20230111::1.2
P,urn:nasa:pds:maven.mag.calibrated:data.pc:mvn_mag_l2_2023012pc1s_20230112::1.2
P,urn:nasa:pds:maven.mag.calibrated:data.pc:mvn_mag_l2_2023013pc1s_20230113::1.2
P,urn:nasa:pds:maven.mag.calibrated:data.pc:mvn_mag_l2_2023014pc1s_20230114::1.2
P,urn:nasa:pds:maven.mag.calibrated:data.pc:mvn_mag_l2_2023015pc1s_20230115::1.2
P,urn:nasa:pds:maven.mag.calibrated:data.pc:mvn_mag_l2_2023016pc1s_20230116::1.2
P,urn:nasa:pds:maven.mag.calibrated:data.pc:mvn_mag_l2_2023017pc1s_20230117::1.2
P,urn:nasa:pds:maven.mag.calibrated:data.pc:mvn_mag_l2_2023018pc1s_20230118::1.2
P,urn:nasa:pds:maven.mag.calibrated:data.pc:mvn_mag_l2_2023019pc1s_20230119::1.2
P,urn:nasa:pds:maven.mag.calibrated:data.pc:mvn_mag_l2_2023020pc1s_20230120::1.2
P,urn:nasa:pds:maven.mag.calibrated:data.pc:mvn_mag_l2_2023021pc1s_20230121::1.2
P,urn:nasa:pds:maven.mag.calibrated:data.pc:mvn_mag_l2_2023022pc1s_20230122::1.2
P,urn:nasa:pds:maven.mag.calibrated:data.pc:mvn_mag_l2_2023023pc1s_20230123::1.2
P,urn:nasa:pds:maven.mag.calibrated:data.pc:mvn_mag_l2_2023024pc1s_20230124::1.2
P,urn:nasa:pds:maven.mag.calibrated:data.pc:mvn_mag_l2_2023025pc1s_20230125::1.2
P,urn:nasa:pds:maven.mag.calibrated:data.pc:mvn_mag_l2_2023026pc1s_20230126::1.2
P,urn:nasa:pds:maven.mag.calibrated:data.pc:mvn_mag_l2_2023027pc1s_20230127::1.2
P,urn:nasa:pds:maven.mag.calibrated:data.pc:mvn_mag_l2_2023028pc1s_20230128::1.2
P,urn:nasa:pds:maven.mag.calibrated:data.pc:mvn_mag_l2_2023029pc1s_20230129::1.2
P,urn:nasa:pds:maven.mag.calibrated:data.pc:mvn_mag_l2_2023030pc1s_20230130::1.2
P,urn:nasa:pds:maven.mag.calibrated:data.pc:mvn_mag_l2_2023031pc1s_20230131::1.2
P,urn:nasa:pds:maven.mag.calibrated:data.pc:mvn_mag_l2_2023032pc1s_20230201::1.2
P,urn:nasa:pds:maven.mag.calibrated:data.pc:mvn_mag_l2_2023033pc1s_20230202::1.2
P,urn:nasa:pds:maven.mag.calibrated:data.pc:mvn_mag_l2_2023034pc1s_20230203::1.2
P,urn:nasa:pds:maven.mag.calibrated:data.pc:mvn_mag_l2_2023035pc1s_20230204::1.2
P,urn:nasa:pds:maven.mag.calibrated:data.pc:mvn_mag_l2_2023036pc1s_20230205::1.2
P,urn:nasa:pds:maven.mag.calibrated:data.pc:mvn_mag_l2_2023037pc1s_20230206::1.2
P,urn:nasa:pds:maven.mag.calibrated:data.pc:mvn_mag_l2_2023038pc1s_20230207::1.2
P,urn:nasa:pds:maven.mag.calibrated:data.pc:mvn_mag_l2_2023039pc1s_20230208::1.2
P,urn:nasa:pds:maven.mag.calibrated:data.pc:mvn_mag_l2_2023040pc1s_20230209::1.2
P,urn:nasa:pds:maven.mag.calibrated:data.pc:mvn_mag_l2_2023041pc1s_20230210::1.2
P,urn:nasa:pds:maven.mag.calibrated:data.pc:mvn_mag_l2_2023042pc1s_20230211::1.2
P,urn:nasa:pds:maven.mag.calibrated:data.pc:mvn_mag_l2_2023043pc1s_20230212::1.2
P,urn:nasa:pds:maven.mag.calibrated:data.pc:mvn_mag_l2_2023044pc1s_20230213::1.2
P,urn:nasa:pds:maven.mag.calibrated:data.pc:mvn_mag_l2_2023045pc1s_20230214::1.2
P,urn:nasa:pds:maven.mag.calibrated:data.pc:mvn_mag_l2_2023046pc1s_20230215::1.2
P,urn:nasa:pds:maven.mag.calibrated:data.pc:mvn_mag_l2_2023052pc1s_20230221::1.2
P,urn:nasa:pds:maven.mag.calibrated:data.pc:mvn_mag_l2_2023053pc1s_20230222::1.2
P,urn:nasa:pds:maven.mag.calibrated:data.pc:mvn_mag_l2_2023054pc1s_20230223::1.2
P,urn:nasa:pds:maven.mag.calibrated:data.pc:mvn_mag_l2_2023055pc1s_20230224::1.2
P,urn:nasa:pds:maven.mag.calibrated:data.pc:mvn_mag_l2_2023056pc1s_20230225::1.2
P,urn:nasa:pds:maven.mag.calibrated:data.pc:mvn_mag_l2_2023057pc1s_20230226::1.2
P,urn:nasa:pds:maven.mag.calibrated:data.pc:mvn_mag_l2_2023058pc1s_20230227::1.2
P,urn:nasa:pds:maven.mag.calibrated:data.pc:mvn_mag_l2_2023059pc1s_20230228::1.2
P,urn:nasa:pds:maven.mag.calibrated:data.pc:mvn_mag_l2_2023060pc1s_20230301::1.2
P,urn:nasa:pds:maven.mag.calibrated:data.pc:mvn_mag_l2_2023061pc1s_20230302::1.2
P,urn:nasa:pds:maven.mag.calibrated:data.pc:mvn_mag_l2_2023062pc1s_20230303::1.2
P,urn:nasa:pds:maven.mag.calibrated:data.pc:mvn_mag_l2_2023063pc1s_20230304::1.2
P,urn:nasa:pds:maven.mag.calibrated:data.pc:mvn_mag_l2_2023064pc1s_20230305::1.2
P,urn:nasa:pds:maven.mag.calibrated:data.pc:mvn_mag_l2_2023065pc1s_20230306::1.2
P,urn:nasa:pds:maven.mag.calibrated:data.pc:mvn_mag_l2_2023066pc1s_20230307::1.2
P,urn:nasa:pds:maven.mag.calibrated:data.pc:mvn_mag_l2_2023067pc1s_20230308::1.2
P,urn:nasa:pds:maven.mag.calibrated:data.pc:mvn_mag_l2_2023068pc1s_20230309::1.2
P,urn:nasa:pds:maven.mag.calibrated:data.pc:mvn_mag_l2_2023069pc1s_20230310::1.2
P,urn:nasa:pds:maven.mag.calibrated:data.pc:mvn_mag_l2_2023070pc1s_20230311::1.2
P,urn:nasa:pds:maven.mag.calibrated:data.pc:mvn_mag_l2_2023071pc1s_20230312::1.2
P,urn:nasa:pds:maven.mag.calibrated:data.pc:mvn_mag_l2_2023072pc1s_20230313::1.2
P,urn:nasa:pds:maven.mag.calibrated:data.pc:mvn_mag_l2_2023073pc1s_20230314::1.2
P,urn:nasa:pds:maven.mag.calibrated:data.pc:mvn_mag_l2_2023074pc1s_20230315::1.2
P,urn:nasa:pds:maven.mag.calibrated:data.pc:mvn_mag_l2_2023075pc1s_20230316::1.2
P,urn:nasa:pds:maven.mag.calibrated:data.pc:mvn_mag_l2_2023076pc1s_20230317::1.2
P,urn:nasa:pds:maven.mag.calibrated:data.pc:mvn_mag_l2_2023077pc1s_20230318::1.2
P,urn:nasa:pds:maven.mag.calibrated:data.pc:mvn_mag_l2_2023078pc1s_20230319::1.2
P,urn:nasa:pds:maven.mag.calibrated:data.pc:mvn_mag_l2_2023079pc1s_20230320::1.2
P,urn:nasa:pds:maven.mag.calibrated:data.pc:mvn_mag_l2_2023080pc1s_20230321::1.2
P,urn:nasa:pds:maven.mag.calibrated:data.pc:mvn_mag_l2_2023081pc1s_20230322::1.2
P,urn:nasa:pds:maven.mag.calibrated:data.pc:mvn_mag_l2_2023082pc1s_20230323::1.2
P,urn:nasa:pds:maven.mag.calibrated:data.pc:mvn_mag_l2_2023083pc1s_20230324::1.2
P,urn:nasa:pds:maven.mag.calibrated:data.pc:mvn_mag_l2_2023084pc1s_20230325::1.2
P,urn:nasa:pds:maven.mag.calibrated:data.pc:mvn_mag_l2_2023085pc1s_20230326::1.2
P,urn:nasa:pds:maven.mag.calibrated:data.pc:mvn_mag_l2_2023086pc1s_20230327::1.2
P,urn:nasa:pds:maven.mag.calibrated:data.pc:mvn_mag_l2_2023087pc1s_20230328::1.2
P,urn:nasa:pds:maven.mag.calibrated:data.pc:mvn_mag_l2_2023088pc1s_20230329::1.2
P,urn:nasa:pds:maven.mag.calibrated:data.pc:mvn_mag_l2_2023089pc1s_20230330::1.2
P,urn:nasa:pds:maven.mag.calibrated:data.pc:mvn_mag_l2_2023090pc1s_20230331::1.2
P,urn:nasa:pds:maven.mag.calibrated:data.pc:mvn_mag_l2_2023091pc1s_20230401::1.2
P,urn:nasa:pds:maven.mag.calibrated:data.pc:mvn_mag_l2_2023092pc1s_20230402::1.2
P,urn:nasa:pds:maven.mag.calibrated:data.pc:mvn_mag_l2_2023093pc1s_20230403::1.2
P,urn:nasa:pds:maven.mag.calibrated:data.pc:mvn_mag_l2_2023094pc1s_20230404::1.2
P,urn:nasa:pds:maven.mag.calibrated:data.pc:mvn_mag_l2_2023095pc1s_20230405::1.2
P,urn:nasa:pds:maven.mag.calibrated:data.pc:mvn_mag_l2_2023096pc1s_20230406::1.2
P,urn:nasa:pds:maven.mag.calibrated:data.pc:mvn_mag_l2_2023097pc1s_20230407::1.2
P,urn:nasa:pds:maven.mag.calibrated:data.pc:mvn_mag_l2_2023098pc1s_20230408::1.2
P,urn:nasa:pds:maven.mag.calibrated:data.pc:mvn_mag_l2_2023099pc1s_20230409::1.2
P,urn:nasa:pds:maven.mag.calibrated:data.pc:mvn_mag_l2_2023100pc1s_20230410::1.2
P,urn:nasa:pds:maven.mag.calibrated:data.pc:mvn_mag_l2_2023101pc1s_20230411::1.2
P,urn:nasa:pds:maven.mag.calibrated:data.pc:mvn_mag_l2_2023102pc1s_20230412::1.2
P,urn:nasa:pds:maven.mag.calibrated:data.pc:mvn_mag_l2_2023103pc1s_20230413::1.2
P,urn:nasa:pds:maven.mag.calibrated:data.pc:mvn_mag_l2_2023104pc1s_20230414::1.2
P,urn:nasa:pds:maven.mag.calibrated:data.pc:mvn_mag_l2_2023105pc1s_20230415::1.2
P,urn:nasa:pds:maven.mag.calibrated:data.pc:mvn_mag_l2_2023106pc1s_20230416::1.2
P,urn:nasa:pds:maven.mag.calibrated:data.pc:mvn_mag_l2_2023107pc1s_20230417::1.2
P,urn:nasa:pds:maven.mag.calibrated:data.pc:mvn_mag_l2_2023108pc1s_20230418::1.2
P,urn:nasa:pds:maven.mag.calibrated:data.pc:mvn_mag_l2_2023109pc1s_20230419::1.2
P,urn:nasa:pds:maven.mag.calibrated:data.pc:mvn_mag_l2_2023110pc1s_20230420::1.2
P,urn:nasa:pds:maven.mag.calibrated:data.pc:mvn_mag_l2_2023111pc1s_20230421::1.2
P,urn:nasa:pds:maven.mag.calibrated:data.pc:mvn_mag_l2_2023112pc1s_20230422::1.2
P,urn:nasa:pds:maven.mag.calibrated:data.pc:mvn_mag_l2_2023113pc1s_20230423::1.2
P,urn:nasa:pds:maven.mag.calibrated:data.pc:mvn_mag_l2_2023114pc1s_20230424::1.2
P,urn:nasa:pds:maven.mag.calibrated:data.pc:mvn_mag_l2_2023115pc1s_20230425::1.2
P,urn:nasa:pds:maven.mag.calibrated:data.pc:mvn_mag_l2_2023116pc1s_20230426::1.2
P,urn:nasa:pds:maven.mag.calibrated:data.pc:mvn_mag_l2_2023117pc1s_20230427::1.2
P,urn:nasa:pds:maven.mag.calibrated:data.pc:mvn_mag_l2_2023118pc1s_20230428::1.2
P,urn:nasa:pds:maven.mag.calibrated:data.pc:mvn_mag_l2_2023119pc1s_20230429::1.2
P,urn:nasa:pds:maven.mag.calibrated:data.pc:mvn_mag_l2_2023120pc1s_20230430::1.2
P,urn:nasa:pds:maven.mag.calibrated:data.pc:mvn_mag_l2_2023121pc1s_20230501::1.2
P,urn:nasa:pds:maven.mag.calibrated:data.pc:mvn_mag_l2_2023122pc1s_20230502::1.2
P,urn:nasa:pds:maven.mag.calibrated:data.pc:mvn_mag_l2_2023123pc1s_20230503::1.2
P,urn:nasa:pds:maven.mag.calibrated:data.pc:mvn_mag_l2_2023124pc1s_20230504::1.2
P,urn:nasa:pds:maven.mag.calibrated:data.pc:mvn_mag_l2_2023125pc1s_20230505::1.2
P,urn:nasa:pds:maven.mag.calibrated:data.pc:mvn_mag_l2_2023126pc1s_20230506::1.2
P,urn:nasa:pds:maven.mag.calibrated:data.pc:mvn_mag_l2_2023127pc1s_20230507::1.2
P,urn:nasa:pds:maven.mag.calibrated:data.pc:mvn_mag_l2_2023128pc1s_20230508::1.2
P,urn:nasa:pds:maven.mag.calibrated:data.pc:mvn_mag_l2_2023129pc1s_20230509::1.2
P,urn:nasa:pds:maven.mag.calibrated:data.pc:mvn_mag_l2_2023130pc1s_20230510::1.2
P,urn:nasa:pds:maven.mag.calibrated:data.pc:mvn_mag_l2_2023131pc1s_20230511::1.2
P,urn:nasa:pds:maven.mag.calibrated:data.pc:mvn_mag_l2_2023132pc1s_20230512::1.2
P,urn:nasa:pds:maven.mag.calibrated:data.pc:mvn_mag_l2_2023133pc1s_20230513::1.2
P,urn:nasa:pds:maven.mag.calibrated:data.pc:mvn_mag_l2_2023134pc1s_20230514::1.2
P,urn:nasa:pds:maven.mag.calibrated:data.pc:mvn_mag_l2_2023135pc1s_20230515::1.2
P,urn:nasa:pds:maven.mag.calibrated:data.pc:mvn_mag_l2_2023136pc1s_20230516::1.2
P,urn:nasa:pds:maven.mag.calibrated:data.pc:mvn_mag_l2_2023137pc1s_20230517::1.2
P,urn:nasa:pds:maven.mag.calibrated:data.pc:mvn_mag_l2_2023138pc1s_20230518::1.2
P,urn:nasa:pds:maven.mag.calibrated:data.pc:mvn_mag_l2_2023139pc1s_20230519::1.2
P,urn:nasa:pds:maven.mag.calibrated:data.pc:mvn_mag_l2_2023140pc1s_20230520::1.2
P,urn:nasa:pds:maven.mag.calibrated:data.pc:mvn_mag_l2_2023141pc1s_20230521::1.2
P,urn:nasa:pds:maven.mag.calibrated:data.pc:mvn_mag_l2_2023142pc1s_20230522::1.2
P,urn:nasa:pds:maven.mag.calibrated:data.pc:mvn_mag_l2_2023143pc1s_20230523::1.2
P,urn:nasa:pds:maven.mag.calibrated:data.pc:mvn_mag_l2_2023144pc1s_20230524::1.2
P,urn:nasa:pds:maven.mag.calibrated:data.pc:mvn_mag_l2_2023145pc1s_20230525::1.2
P,urn:nasa:pds:maven.mag.calibrated:data.pc:mvn_mag_l2_2023146pc1s_20230526::1.2
P,urn:nasa:pds:maven.mag.calibrated:data.pc:mvn_mag_l2_2023147pc1s_20230527::1.2
P,urn:nasa:pds:maven.mag.calibrated:data.pc:mvn_mag_l2_2023148pc1s_20230528::1.2
P,urn:nasa:pds:maven.mag.calibrated:data.pc:mvn_mag_l2_2023149pc1s_20230529::1.2
P,urn:nasa:pds:maven.mag.calibrated:data.pc:mvn_mag_l2_2023150pc1s_20230530::1.2
P,urn:nasa:pds:maven.mag.calibrated:data.pc:mvn_mag_l2_2023151pc1s_20230531::1.2
P,urn:nasa:pds:maven.mag.calibrated:data.pc:mvn_mag_l2_2023152pc1s_20230601::1.2
P,urn:nasa:pds:maven.mag.calibrated:data.pc:mvn_mag_l2_2023153pc1s_20230602::1.2
P,urn:nasa:pds:maven.mag.calibrated:data.pc:mvn_mag_l2_2023154pc1s_20230603::1.2
P,urn:nasa:pds:maven.mag.calibrated:data.pc:mvn_mag_l2_2023155pc1s_20230604::1.2
P,urn:nasa:pds:maven.mag.calibrated:data.pc:mvn_mag_l2_2023156pc1s_20230605::1.2
P,urn:nasa:pds:maven.mag.calibrated:data.pc:mvn_mag_l2_2023157pc1s_20230606::1.2
P,urn:nasa:pds:maven.mag.calibrated:data.pc:mvn_mag_l2_2023158pc1s_20230607::1.2
P,urn:nasa:pds:maven.mag.calibrated:data.pc:mvn_mag_l2_2023159pc1s_20230608::1.2
P,urn:nasa:pds:maven.mag.calibrated:data.pc:mvn_mag_l2_2023160pc1s_20230609::1.2
P,urn:nasa:pds:maven.mag.calibrated:data.pc:mvn_mag_l2_2023161pc1s_20230610::1.2
P,urn:nasa:pds:maven.mag.calibrated:data.pc:mvn_mag_l2_2023162pc1s_20230611::1.2
P,urn:nasa:pds:maven.mag.calibrated:data.pc:mvn_mag_l2_2023163pc1s_20230612::1.2
P,urn:nasa:pds:maven.mag.calibrated:data.pc:mvn_mag_l2_2023164pc1s_20230613::1.2
P,urn:nasa:pds:maven.mag.calibrated:data.pc:mvn_mag_l2_2023165pc1s_20230614::1.2
P,urn:nasa:pds:maven.mag.calibrated:data.pc:mvn_mag_l2_2023166pc1s_20230615::1.2
P,urn:nasa:pds:maven.mag.calibrated:data.pc:mvn_mag_l2_2023167pc1s_20230616::1.2
P,urn:nasa:pds:maven.mag.calibrated:data.pc:mvn_mag_l2_2023168pc1s_20230617::1.2
P,urn:nasa:pds:maven.mag.calibrated:data.pc:mvn_mag_l2_2023169pc1s_20230618::1.2
P,urn:nasa:pds:maven.mag.calibrated:data.pc:mvn_mag_l2_2023170pc1s_20230619::1.2
P,urn:nasa:pds:maven.mag.calibrated:data.pc:mvn_mag_l2_2023171pc1s_20230620::1.2
P,urn:nasa:pds:maven.mag.calibrated:data.pc:mvn_mag_l2_2023172pc1s_20230621::1.2
P,urn:nasa:pds:maven.mag.calibrated:data.pc:mvn_mag_l2_2023173pc1s_20230622::1.2
P,urn:nasa:pds:maven.mag.calibrated:data.pc:mvn_mag_l2_2023174pc1s_20230623::1.2
P,urn:nasa:pds:maven.mag.calibrated:data.pc:mvn_mag_l2_2023175pc1s_20230624::1.2
P,urn:nasa:pds:maven.mag.calibrated:data.pc:mvn_mag_l2_2023176pc1s_20230625::1.2
P,urn:nasa:pds:maven.mag.calibrated:data.pc:mvn_mag_l2_2023177pc1s_20230626::1.2
P,urn:nasa:pds:maven.mag.calibrated:data.pc:mvn_mag_l2_2023178pc1s_20230627::1.2
P,urn:nasa:pds:maven.mag.calibrated:data.pc:mvn_mag_l2_2023179pc1s_20230628::1.2
P,urn:nasa:pds:maven.mag.calibrated:data.pc:mvn_mag_l2_2023180pc1s_20230629::1.2
P,urn:nasa:pds:maven.mag.calibrated:data.pc:mvn_mag_l2_2023181pc1s_20230630::1.2
P,urn:nasa:pds:maven.mag.calibrated:data.pc:mvn_mag_l2_2023182pc1s_20230701::1.2
P,urn:nasa:pds:maven.mag.calibrated:data.pc:mvn_mag_l2_2023183pc1s_20230702::1.2
P,urn:nasa:pds:maven.mag.calibrated:data.pc:mvn_mag_l2_2023184pc1s_20230703::1.2
P,urn:nasa:pds:maven.mag.calibrated:data.pc:mvn_mag_l2_2023185pc1s_20230704::1.2
P,urn:nasa:pds:maven.mag.calibrated:data.pc:mvn_mag_l2_2023186pc1s_20230705::1.2
P,urn:nasa:pds:maven.mag.calibrated:data.pc:mvn_mag_l2_2023187pc1s_20230706::1.2
P,urn:nasa:pds:maven.mag.calibrated:data.pc:mvn_mag_l2_2023188pc1s_20230707::1.2
P,urn:nasa:pds:maven.mag.calibrated:data.pc:mvn_mag_l2_2023189pc1s_20230708::1.2
P,urn:nasa:pds:maven.mag.calibrated:data.pc:mvn_mag_l2_2023190pc1s_20230709::1.2
P,urn:nasa:pds:maven.mag.calibrated:data.pc:mvn_mag_l2_2023191pc1s_20230710::1.2
P,urn:nasa:pds:maven.mag.calibrated:data.pc:mvn_mag_l2_2023192pc1s_20230711::1.2
P,urn:nasa:pds:maven.mag.calibrated:data.pc:mvn_mag_l2_2023193pc1s_20230712::1.2
P,urn:nasa:pds:maven.mag.calibrated:data.pc:mvn_mag_l2_2023194pc1s_20230713::1.2
P,urn:nasa:pds:maven.mag.calibrated:data.pc:mvn_mag_l2_2023195pc1s_20230714::1.2
P,urn:nasa:pds:maven.mag.calibrated:data.pc:mvn_mag_l2_2023196pc1s_20230715::1.2
P,urn:nasa:pds:maven.mag.calibrated:data.pc:mvn_mag_l2_2023197pc1s_20230716::1.2
P,urn:nasa:pds:maven.mag.calibrated:data.pc:mvn_mag_l2_2023198pc1s_20230717::1.2
P,urn:nasa:pds:maven.mag.calibrated:data.pc:mvn_mag_l2_2023199pc1s_20230718::1.2
P,urn:nasa:pds:maven.mag.calibrated:data.pc:mvn_mag_l2_2023200pc1s_20230719::1.2
P,urn:nasa:pds:maven.mag.calibrated:data.pc:mvn_mag_l2_2023201pc1s_20230720::1.2
P,urn:nasa:pds:maven.mag.calibrated:data.pc:mvn_mag_l2_2023202pc1s_20230721::1.2
P,urn:nasa:pds:maven.mag.calibrated:data.pc:mvn_mag_l2_2023203pc1s_20230722::1.2
P,urn:nasa:pds:maven.mag.calibrated:data.pc:mvn_mag_l2_2023204pc1s_20230723::1.2
P,urn:nasa:pds:maven.mag.calibrated:data.pc:mvn_mag_l2_2023205pc1s_20230724::1.2
P,urn:nasa:pds:maven.mag.calibrated:data.pc:mvn_mag_l2_2023206pc1s_20230725::1.2
P,urn:nasa:pds:maven.mag.calibrated:data.pc:mvn_mag_l2_2023207pc1s_20230726::1.2
P,urn:nasa:pds:maven.mag.calibrated:data.pc:mvn_mag_l2_2023208pc1s_20230727::1.2
P,urn:nasa:pds:maven.mag.calibrated:data.pc:mvn_mag_l2_2023209pc1s_20230728::1.2
P,urn:nasa:pds:maven.mag.calibrated:data.pc:mvn_mag_l2_2023210pc1s_20230729::1.2
P,urn:nasa:pds:maven.mag.calibrated:data.pc:mvn_mag_l2_2023211pc1s_20230730::1.2
P,urn:nasa:pds:maven.mag.calibrated:data.pc:mvn_mag_l2_2023212pc1s_20230731::1.2
P,urn:nasa:pds:maven.mag.calibrated:data.pc:mvn_mag_l2_2023213pc1s_20230801::1.2
P,urn:nasa:pds:maven.mag.calibrated:data.pc:mvn_mag_l2_2023214pc1s_20230802::1.2
P,urn:nasa:pds:maven.mag.calibrated:data.pc:mvn_mag_l2_2023215pc1s_20230803::1.2
P,urn:nasa:pds:maven.mag.calibrated:data.pc:mvn_mag_l2_2023216pc1s_20230804::1.2
P,urn:nasa:pds:maven.mag.calibrated:data.pc:mvn_mag_l2_2023217pc1s_20230805::1.2
P,urn:nasa:pds:maven.mag.calibrated:data.pc:mvn_mag_l2_2023218pc1s_20230806::1.2
P,urn:nasa:pds:maven.mag.calibrated:data.pc:mvn_mag_l2_2023219pc1s_20230807::1.2
P,urn:nasa:pds:maven.mag.calibrated:data.pc:mvn_mag_l2_2023220pc1s_20230808::1.2
P,urn:nasa:pds:maven.mag.calibrated:data.pc:mvn_mag_l2_2023221pc1s_20230809::1.2
P,urn:nasa:pds:maven.mag.calibrated:data.pc:mvn_mag_l2_2023222pc1s_20230810::1.2
P,urn:nasa:pds:maven.mag.calibrated:data.pc:mvn_mag_l2_2023223pc1s_20230811::1.2
P,urn:nasa:pds:maven.mag.calibrated:data.pc:mvn_mag_l2_2023224pc1s_20230812::1.2
P,urn:nasa:pds:maven.mag.calibrated:data.pc:mvn_mag_l2_2023225pc1s_20230813::1.2
P,urn:nasa:pds:maven.mag.calibrated:data.pc:mvn_mag_l2_2023226pc1s_20230814::1.2
P,urn:nasa:pds:maven.mag.calibrated:data.pc:mvn_mag_l2_2023227pc1s_20230815::1.2
P,urn:nasa:pds:maven.mag.calibrated:data.pc:mvn_mag_l2_2023228pc1s_20230816::1.2
P,urn:nasa:pds:maven.mag.calibrated:data.pc:mvn_mag_l2_2023229pc1s_20230817::1.2
P,urn:nasa:pds:maven.mag.calibrated:data.pc:mvn_mag_l2_2023230pc1s_20230818::1.2
P,urn:nasa:pds:maven.mag.calibrated:data.pc:mvn_mag_l2_2023231pc1s_20230819::1.2
P,urn:nasa:pds:maven.mag.calibrated:data.pc:mvn_mag_l2_2023232pc1s_20230820::1.2
P,urn:nasa:pds:maven.mag.calibrated:data.pc:mvn_mag_l2_2023233pc1s_20230821::1.2
P,urn:nasa:pds:maven.mag.calibrated:data.pc:mvn_mag_l2_2023234pc1s_20230822::1.2
P,urn:nasa:pds:maven.mag.calibrated:data.pc:mvn_mag_l2_2023235pc1s_20230823::1.2
P,urn:nasa:pds:maven.mag.calibrated:data.pc:mvn_mag_l2_2023236pc1s_20230824::1.2
P,urn:nasa:pds:maven.mag.calibrated:data.pc:mvn_mag_l2_2023237pc1s_20230825::1.2
P,urn:nasa:pds:maven.mag.calibrated:data.pc:mvn_mag_l2_2023238pc1s_20230826::1.2
P,urn:nasa:pds:maven.mag.calibrated:data.pc:mvn_mag_l2_2023239pc1s_20230827::1.2
P,urn:nasa:pds:maven.mag.calibrated:data.pc:mvn_mag_l2_2023240pc1s_20230828::1.2
P,urn:nasa:pds:maven.mag.calibrated:data.pc:mvn_mag_l2_2023241pc1s_20230829::1.2
P,urn:nasa:pds:maven.mag.calibrated:data.pc:mvn_mag_l2_2023242pc1s_20230830::1.2
P,urn:nasa:pds:maven.mag.calibrated:data.pc:mvn_mag_l2_2023243pc1s_20230831::1.2
P,urn:nasa:pds:maven.mag.calibrated:data.pc:mvn_mag_l2_2023244pc1s_20230901::1.2
P,urn:nasa:pds:maven.mag.calibrated:data.pc:mvn_mag_l2_2023245pc1s_20230902::1.2
P,urn:nasa:pds:maven.mag.calibrated:data.pc:mvn_mag_l2_2023246pc1s_20230903::1.2
P,urn:nasa:pds:maven.mag.calibrated:data.pc:mvn_mag_l2_2023247pc1s_20230904::1.2
P,urn:nasa:pds:maven.mag.calibrated:data.pc:mvn_mag_l2_2023248pc1s_20230905::1.2
P,urn:nasa:pds:maven.mag.calibrated:data.pc:mvn_mag_l2_2023249pc1s_20230906::1.2
P,urn:nasa:pds:maven.mag.calibrated:data.pc:mvn_mag_l2_2023250pc1s_20230907::1.2
P,urn:nasa:pds:maven.mag.calibrated:data.pc:mvn_mag_l2_2023251pc1s_20230908::1.2
P,urn:nasa:pds:maven.mag.calibrated:data.pc:mvn_mag_l2_2023252pc1s_20230909::1.2
P,urn:nasa:pds:maven.mag.calibrated:data.pc:mvn_mag_l2_2023253pc1s_20230910::1.2
P,urn:nasa:pds:maven.mag.calibrated:data.pc:mvn_mag_l2_2023254pc1s_20230911::1.2
P,urn:nasa:pds:maven.mag.calibrated:data.pc:mvn_mag_l2_2023255pc1s_20230912::1.2
P,urn:nasa:pds:maven.mag.calibrated:data.pc:mvn_mag_l2_2023256pc1s_20230913::1.2
P,urn:nasa:pds:maven.mag.calibrated:data.pc:mvn_mag_l2_2023257pc1s_20230914::1.2
P,urn:nasa:pds:maven.mag.calibrated:data.pc:mvn_mag_l2_2023258pc1s_20230915::1.2
P,urn:nasa:pds:maven.mag.calibrated:data.pc:mvn_mag_l2_2023259pc1s_20230916::1.2
P,urn:nasa:pds:maven.mag.calibrated:data.pc:mvn_mag_l2_2023260pc1s_20230917::1.2
P,urn:nasa:pds:maven.mag.calibrated:data.pc:mvn_mag_l2_2023261pc1s_20230918::1.2
P,urn:nasa:pds:maven.mag.calibrated:data.pc:mvn_mag_l2_2023262pc1s_20230919::1.2
P,urn:nasa:pds:maven.mag.calibrated:data.pc:mvn_mag_l2_2023263pc1s_20230920::1.2
P,urn:nasa:pds:maven.mag.calibrated:data.pc:mvn_mag_l2_2023264pc1s_20230921::1.2
P,urn:nasa:pds:maven.mag.calibrated:data.pc:mvn_mag_l2_2023265pc1s_20230922::1.2
P,urn:nasa:pds:maven.mag.calibrated:data.pc:mvn_mag_l2_2023266pc1s_20230923::1.2
P,urn:nasa:pds:maven.mag.calibrated:data.pc:mvn_mag_l2_2023267pc1s_20230924::1.2
P,urn:nasa:pds:maven.mag.calibrated:data.pc:mvn_mag_l2_2023268pc1s_20230925::1.2
P,urn:nasa:pds:maven.mag.calibrated:data.pc:mvn_mag_l2_2023269pc1s_20230926::1.2
P,urn:nasa:pds:maven.mag.calibrated:data.pc:mvn_mag_l2_2023270pc1s_20230927::1.2
P,urn:nasa:pds:maven.mag.calibrated:data.pc:mvn_mag_l2_2023271pc1s_20230928::1.2
P,urn:nasa:pds:maven.mag.calibrated:data.pc:mvn_mag_l2_2023272pc1s_20230929::1.2
P,urn:nasa:pds:maven.mag.calibrated:data.pc:mvn_mag_l2_2023273pc1s_20230930::1.2
P,urn:nasa:pds:maven.mag.calibrated:data.pc:mvn_mag_l2_2023274pc1s_20231001::1.2
P,urn:nasa:pds:maven.mag.calibrated:data.pc:mvn_mag_l2_2023275pc1s_20231002::1.2
P,urn:nasa:pds:maven.mag.calibrated:data.pc:mvn_mag_l2_2023276pc1s_20231003::1.2
P,urn:nasa:pds:maven.mag.calibrated:data.pc:mvn_mag_l2_2023277pc1s_20231004::1.2
P,urn:nasa:pds:maven.mag.calibrated:data.pc:mvn_mag_l2_2023278pc1s_20231005::1.2
P,urn:nasa:pds:maven.mag.calibrated:data.pc:mvn_mag_l2_2023279pc1s_20231006::1.2
P,urn:nasa:pds:maven.mag.calibrated:data.pc:mvn_mag_l2_2023280pc1s_20231007::1.2
P,urn:nasa:pds:maven.mag.calibrated:data.pc:mvn_mag_l2_2023281pc1s_20231008::1.2
P,urn:nasa:pds:maven.mag.calibrated:data.pc:mvn_mag_l2_2023282pc1s_20231009::1.2
P,urn:nasa:pds:maven.mag.calibrated:data.pc:mvn_mag_l2_2023283pc1s_20231010::1.2
P,urn:nasa:pds:maven.mag.calibrated:data.pc:mvn_mag_l2_2023284pc1s_20231011::1.2
P,urn:nasa:pds:maven.mag.calibrated:data.pc:mvn_mag_l2_2023285pc1s_20231012::1.2
P,urn:nasa:pds:maven.mag.calibrated:data.pc:mvn_mag_l2_2023286pc1s_20231013::1.2
P,urn:nasa:pds:maven.mag.calibrated:data.pc:mvn_mag_l2_2023287pc1s_20231014::1.2
P,urn:nasa:pds:maven.mag.calibrated:data.pc:mvn_mag_l2_2023288pc1s_20231015::1.2
P,urn:nasa:pds:maven.mag.calibrated:data.pc:mvn_mag_l2_2023289pc1s_20231016::1.2
P,urn:nasa:pds:maven.mag.calibrated:data.pc:mvn_mag_l2_2023290pc1s_20231017::1.2
P,urn:nasa:pds:maven.mag.calibrated:data.pc:mvn_mag_l2_2023291pc1s_20231018::1.2
P,urn:nasa:pds:maven.mag.calibrated:data.pc:mvn_mag_l2_2023292pc1s_20231019::1.2
P,urn:nasa:pds:maven.mag.calibrated:data.pc:mvn_mag_l2_2023293pc1s_20231020::1.2
P,urn:nasa:pds:maven.mag.calibrated:data.pc:mvn_mag_l2_2023294pc1s_20231021::1.2
P,urn:nasa:pds:maven.mag.calibrated:data.pc:mvn_mag_l2_2023295pc1s_20231022::1.2
P,urn:nasa:pds:maven.mag.calibrated:data.pc:mvn_mag_l2_2023296pc1s_20231023::1.2
P,urn:nasa:pds:maven.mag.calibrated:data.pc:mvn_mag_l2_2023297pc1s_20231024::1.2
P,urn:nasa:pds:maven.mag.calibrated:data.pc:mvn_mag_l2_2023298pc1s_20231025::1.2
P,urn:nasa:pds:maven.mag.calibrated:data.pc:mvn_mag_l2_2023299pc1s_20231026::1.2
P,urn:nasa:pds:maven.mag.calibrated:data.pc:mvn_mag_l2_2023300pc1s_20231027::1.2
P,urn:nasa:pds:maven.mag.calibrated:data.pc:mvn_mag_l2_2023301pc1s_20231028::1.2
P,urn:nasa:pds:maven.mag.calibrated:data.pc:mvn_mag_l2_2023302pc1s_20231029::1.2
P,urn:nasa:pds:maven.mag.calibrated:data.pc:mvn_mag_l2_2023303pc1s_20231030::1.2
P,urn:nasa:pds:maven.mag.calibrated:data.pc:mvn_mag_l2_2023304pc1s_20231031::1.2
P,urn:nasa:pds:maven.mag.calibrated:data.pc:mvn_mag_l2_2023319pc1s_20231115::1.1
P,urn:nasa:pds:maven.mag.calibrated:data.pc:mvn_mag_l2_2023320pc1s_20231116::1.1
P,urn:nasa:pds:maven.mag.calibrated:data.pc:mvn_mag_l2_2023321pc1s_20231117::1.1
P,urn:nasa:pds:maven.mag.calibrated:data.pc:mvn_mag_l2_2023322pc1s_20231118::1.1
P,urn:nasa:pds:maven.mag.calibrated:data.pc:mvn_mag_l2_2023323pc1s_20231119::1.1
P,urn:nasa:pds:maven.mag.calibrated:data.pc:mvn_mag_l2_2023324pc1s_20231120::1.1
P,urn:nasa:pds:maven.mag.calibrated:data.pc:mvn_mag_l2_2023325pc1s_20231121::1.1
P,urn:nasa:pds:maven.mag.calibrated:data.pc:mvn_mag_l2_2023326pc1s_20231122::1.1
P,urn:nasa:pds:maven.mag.calibrated:data.pc:mvn_mag_l2_2023327pc1s_20231123::1.1
P,urn:nasa:pds:maven.mag.calibrated:data.pc:mvn_mag_l2_2023328pc1s_20231124::1.1
P,urn:nasa:pds:maven.mag.calibrated:data.pc:mvn_mag_l2_2023329pc1s_20231125::1.1
P,urn:nasa:pds:maven.mag.calibrated:data.pc:mvn_mag_l2_2023330pc1s_20231126::1.1
P,urn:nasa:pds:maven.mag.calibrated:data.pc:mvn_mag_l2_2023331pc1s_20231127::1.1
P,urn:nasa:pds:maven.mag.calibrated:data.pc:mvn_mag_l2_2023332pc1s_20231128::1.1
P,urn:nasa:pds:maven.mag.calibrated:data.pc:mvn_mag_l2_2023333pc1s_20231129::1.1
P,urn:nasa:pds:maven.mag.calibrated:data.pc:mvn_mag_l2_2023334pc1s_20231130::1.1
P,urn:nasa:pds:maven.mag.calibrated:data.pc:mvn_mag_l2_2023335pc1s_20231201::1.1
P,urn:nasa:pds:maven.mag.calibrated:data.pc:mvn_mag_l2_2023336pc1s_20231202::1.1
P,urn:nasa:pds:maven.mag.calibrated:data.pc:mvn_mag_l2_2023337pc1s_20231203::1.1
P,urn:nasa:pds:maven.mag.calibrated:data.pc:mvn_mag_l2_2023338pc1s_20231204::1.1
P,urn:nasa:pds:maven.mag.calibrated:data.pc:mvn_mag_l2_2023339pc1s_20231205::1.1
P,urn:nasa:pds:maven.mag.calibrated:data.pc:mvn_mag_l2_2023340pc1s_20231206::1.1
P,urn:nasa:pds:maven.mag.calibrated:data.pc:mvn_mag_l2_2023341pc1s_20231207::1.1
P,urn:nasa:pds:maven.mag.calibrated:data.pc:mvn_mag_l2_2023342pc1s_20231208::1.1
P,urn:nasa:pds:maven.mag.calibrated:data.pc:mvn_mag_l2_2023343pc1s_20231209::1.1
P,urn:nasa:pds:maven.mag.calibrated:data.pc:mvn_mag_l2_2023344pc1s_20231210::1.1
P,urn:nasa:pds:maven.mag.calibrated:data.pc:mvn_mag_l2_2023345pc1s_20231211::1.1
P,urn:nasa:pds:maven.mag.calibrated:data.pc:mvn_mag_l2_2023346pc1s_20231212::1.1
P,urn:nasa:pds:maven.mag.calibrated:data.pc:mvn_mag_l2_2023347pc1s_20231213::1.1
P,urn:nasa:pds:maven.mag.calibrated:data.pc:mvn_mag_l2_2023348pc1s_20231214::1.1
P,urn:nasa:pds:maven.mag.calibrated:data.pc:mvn_mag_l2_2023349pc1s_20231215::1.1
P,urn:nasa:pds:maven.mag.calibrated:data.pc:mvn_mag_l2_2023350pc1s_20231216::1.1
P,urn:nasa:pds:maven.mag.calibrated:data.pc:mvn_mag_l2_2023351pc1s_20231217::1.1
P,urn:nasa:pds:maven.mag.calibrated:data.pc:mvn_mag_l2_2023352pc1s_20231218::1.1
P,urn:nasa:pds:maven.mag.calibrated:data.pc:mvn_mag_l2_2023353pc1s_20231219::1.1
P,urn:nasa:pds:maven.mag.calibrated:data.pc:mvn_mag_l2_2023354pc1s_20231220::1.1
P,urn:nasa:pds:maven.mag.calibrated:data.pc:mvn_mag_l2_2023355pc1s_20231221::1.1
P,urn:nasa:pds:maven.mag.calibrated:data.pc:mvn_mag_l2_2023356pc1s_20231222::1.1
P,urn:nasa:pds:maven.mag.calibrated:data.pc:mvn_mag_l2_2023357pc1s_20231223::1.1
P,urn:nasa:pds:maven.mag.calibrated:data.pc:mvn_mag_l2_2023358pc1s_20231224::1.1
P,urn:nasa:pds:maven.mag.calibrated:data.pc:mvn_mag_l2_2023359pc1s_20231225::1.1
P,urn:nasa:pds:maven.mag.calibrated:data.pc:mvn_mag_l2_2023360pc1s_20231226::1.1
P,urn:nasa:pds:maven.mag.calibrated:data.pc:mvn_mag_l2_2023361pc1s_20231227::1.1
P,urn:nasa:pds:maven.mag.calibrated:data.pc:mvn_mag_l2_2023362pc1s_20231228::1.1
P,urn:nasa:pds:maven.mag.calibrated:data.pc:mvn_mag_l2_2023363pc1s_20231229::1.1
P,urn:nasa:pds:maven.mag.calibrated:data.pc:mvn_mag_l2_2023364pc1s_20231230::1.1
P,urn:nasa:pds:maven.mag.calibrated:data.pc:mvn_mag_l2_2023365pc1s_20231231::1.1
P,urn:nasa:pds:maven.mag.calibrated:data.pc:mvn_mag_l2_2024001pc1s_20240101::1.1
P,urn:nasa:pds:maven.mag.calibrated:data.pc:mvn_mag_l2_2024002pc1s_20240102::1.1
P,urn:nasa:pds:maven.mag.calibrated:data.pc:mvn_mag_l2_2024003pc1s_20240103::1.1
P,urn:nasa:pds:maven.mag.calibrated:data.pc:mvn_mag_l2_2024004pc1s_20240104::1.1
P,urn:nasa:pds:maven.mag.calibrated:data.pc:mvn_mag_l2_2024005pc1s_20240105::1.1
P,urn:nasa:pds:maven.mag.calibrated:data.pc:mvn_mag_l2_2024006pc1s_20240106::1.1
P,urn:nasa:pds:maven.mag.calibrated:data.pc:mvn_mag_l2_2024007pc1s_20240107::1.1
P,urn:nasa:pds:maven.mag.calibrated:data.pc:mvn_mag_l2_2024008pc1s_20240108::1.1
P,urn:nasa:pds:maven.mag.calibrated:data.pc:mvn_mag_l2_2024009pc1s_20240109::1.1
P,urn:nasa:pds:maven.mag.calibrated:data.pc:mvn_mag_l2_2024010pc1s_20240110::1.1
P,urn:nasa:pds:maven.mag.calibrated:data.pc:mvn_mag_l2_2024011pc1s_20240111::1.1
P,urn:nasa:pds:maven.mag.calibrated:data.pc:mvn_mag_l2_2024012pc1s_20240112::1.1
P,urn:nasa:pds:maven.mag.calibrated:data.pc:mvn_mag_l2_2024013pc1s_20240113::1.1
P,urn:nasa:pds:maven.mag.calibrated:data.pc:mvn_mag_l2_2024014pc1s_20240114::1.1
P,urn:nasa:pds:maven.mag.calibrated:data.pc:mvn_mag_l2_2024015pc1s_20240115::1.1
P,urn:nasa:pds:maven.mag.calibrated:data.pc:mvn_mag_l2_2024016pc1s_20240116::1.1
P,urn:nasa:pds:maven.mag.calibrated:data.pc:mvn_mag_l2_2024017pc1s_20240117::1.1
P,urn:nasa:pds:maven.mag.calibrated:data.pc:mvn_mag_l2_2024018pc1s_20240118::1.1
P,urn:nasa:pds:maven.mag.calibrated:data.pc:mvn_mag_l2_2024019pc1s_20240119::1.1
P,urn:nasa:pds:maven.mag.calibrated:data.pc:mvn_mag_l2_2024020pc1s_20240120::1.1
P,urn:nasa:pds:maven.mag.calibrated:data.pc:mvn_mag_l2_2024021pc1s_20240121::1.1
P,urn:nasa:pds:maven.mag.calibrated:data.pc:mvn_mag_l2_2024022pc1s_20240122::1.1
P,urn:nasa:pds:maven.mag.calibrated:data.pc:mvn_mag_l2_2024023pc1s_20240123::1.1
P,urn:nasa:pds:maven.mag.calibrated:data.pc:mvn_mag_l2_2024024pc1s_20240124::1.1
P,urn:nasa:pds:maven.mag.calibrated:data.pc:mvn_mag_l2_2024025pc1s_20240125::1.1
P,urn:nasa:pds:maven.mag.calibrated:data.pc:mvn_mag_l2_2024026pc1s_20240126::1.1
P,urn:nasa:pds:maven.mag.calibrated:data.pc:mvn_mag_l2_2024027pc1s_20240127::1.1
P,urn:nasa:pds:maven.mag.calibrated:data.pc:mvn_mag_l2_2024028pc1s_20240128::1.1
P,urn:nasa:pds:maven.mag.calibrated:data.pc:mvn_mag_l2_2024029pc1s_20240129::1.1
P,urn:nasa:pds:maven.mag.calibrated:data.pc:mvn_mag_l2_2024030pc1s_20240130::1.1
P,urn:nasa:pds:maven.mag.calibrated:data.pc:mvn_mag_l2_2024031pc1s_20240131::1.1
P,urn:nasa:pds:maven.mag.calibrated:data.pc:mvn_mag_l2_2024046pc1s_20240215::1.2
P,urn:nasa:pds:maven.mag.calibrated:data.pc:mvn_mag_l2_2024047pc1s_20240216::1.2
P,urn:nasa:pds:maven.mag.calibrated:data.pc:mvn_mag_l2_2024048pc1s_20240217::1.2
P,urn:nasa:pds:maven.mag.calibrated:data.pc:mvn_mag_l2_2024049pc1s_20240218::1.2
P,urn:nasa:pds:maven.mag.calibrated:data.pc:mvn_mag_l2_2024050pc1s_20240219::1.2
P,urn:nasa:pds:maven.mag.calibrated:data.pc:mvn_mag_l2_2024051pc1s_20240220::1.2
P,urn:nasa:pds:maven.mag.calibrated:data.pc:mvn_mag_l2_2024052pc1s_20240221::1.2
P,urn:nasa:pds:maven.mag.calibrated:data.pc:mvn_mag_l2_2024053pc1s_20240222::1.2
P,urn:nasa:pds:maven.mag.calibrated:data.pc:mvn_mag_l2_2024054pc1s_20240223::1.2
P,urn:nasa:pds:maven.mag.calibrated:data.pc:mvn_mag_l2_2024055pc1s_20240224::1.2
P,urn:nasa:pds:maven.mag.calibrated:data.pc:mvn_mag_l2_2024056pc1s_20240225::1.2
P,urn:nasa:pds:maven.mag.calibrated:data.pc:mvn_mag_l2_2024057pc1s_20240226::1.2
P,urn:nasa:pds:maven.mag.calibrated:data.pc:mvn_mag_l2_2024058pc1s_20240227::1.2
P,urn:nasa:pds:maven.mag.calibrated:data.pc:mvn_mag_l2_2024059pc1s_20240228::1.2
P,urn:nasa:pds:maven.mag.calibrated:data.pc:mvn_mag_l2_2024060pc1s_20240229::1.2
P,urn:nasa:pds:maven.mag.calibrated:data.pc:mvn_mag_l2_2024061pc1s_20240301::1.2
P,urn:nasa:pds:maven.mag.calibrated:data.pc:mvn_mag_l2_2024062pc1s_20240302::1.2
P,urn:nasa:pds:maven.mag.calibrated:data.pc:mvn_mag_l2_2024063pc1s_20240303::1.2
P,urn:nasa:pds:maven.mag.calibrated:data.pc:mvn_mag_l2_2024064pc1s_20240304::1.2
P,urn:nasa:pds:maven.mag.calibrated:data.pc:mvn_mag_l2_2024065pc1s_20240305::1.2
P,urn:nasa:pds:maven.mag.calibrated:data.pc:mvn_mag_l2_2024066pc1s_20240306::1.2
P,urn:nasa:pds:maven.mag.calibrated:data.pc:mvn_mag_l2_2024067pc1s_20240307::1.2
P,urn:nasa:pds:maven.mag.calibrated:data.pc:mvn_mag_l2_2024068pc1s_20240308::1.2
P,urn:nasa:pds:maven.mag.calibrated:data.pc:mvn_mag_l2_2024069pc1s_20240309::1.2
P,urn:nasa:pds:maven.mag.calibrated:data.pc:mvn_mag_l2_2024070pc1s_20240310::1.2
P,urn:nasa:pds:maven.mag.calibrated:data.pc:mvn_mag_l2_2024071pc1s_20240311::1.2
P,urn:nasa:pds:maven.mag.calibrated:data.pc:mvn_mag_l2_2024072pc1s_20240312::1.2
P,urn:nasa:pds:maven.mag.calibrated:data.pc:mvn_mag_l2_2024073pc1s_20240313::1.2
P,urn:nasa:pds:maven.mag.calibrated:data.pc:mvn_mag_l2_2024074pc1s_20240314::1.2
P,urn:nasa:pds:maven.mag.calibrated:data.pc:mvn_mag_l2_2024075pc1s_20240315::1.2
P,urn:nasa:pds:maven.mag.calibrated:data.pc:mvn_mag_l2_2024076pc1s_20240316::1.2
P,urn:nasa:pds:maven.mag.calibrated:data.pc:mvn_mag_l2_2024077pc1s_20240317::1.2
P,urn:nasa:pds:maven.mag.calibrated:data.pc:mvn_mag_l2_2024078pc1s_20240318::1.2
P,urn:nasa:pds:maven.mag.calibrated:data.pc:mvn_mag_l2_2024079pc1s_20240319::1.2
P,urn:nasa:pds:maven.mag.calibrated:data.pc:mvn_mag_l2_2024080pc1s_20240320::1.2
P,urn:nasa:pds:maven.mag.calibrated:data.pc:mvn_mag_l2_2024081pc1s_20240321::1.2
P,urn:nasa:pds:maven.mag.calibrated:data.pc:mvn_mag_l2_2024082pc1s_20240322::1.2
P,urn:nasa:pds:maven.mag.calibrated:data.pc:mvn_mag_l2_2024083pc1s_20240323::1.2
P,urn:nasa:pds:maven.mag.calibrated:data.pc:mvn_mag_l2_2024084pc1s_20240324::1.2
P,urn:nasa:pds:maven.mag.calibrated:data.pc:mvn_mag_l2_2024085pc1s_20240325::1.2
P,urn:nasa:pds:maven.mag.calibrated:data.pc:mvn_mag_l2_2024086pc1s_20240326::1.2
P,urn:nasa:pds:maven.mag.calibrated:data.pc:mvn_mag_l2_2024087pc1s_20240327::1.2
P,urn:nasa:pds:maven.mag.calibrated:data.pc:mvn_mag_l2_2024088pc1s_20240328::1.2
P,urn:nasa:pds:maven.mag.calibrated:data.pc:mvn_mag_l2_2024089pc1s_20240329::1.2
P,urn:nasa:pds:maven.mag.calibrated:data.pc:mvn_mag_l2_2024090pc1s_20240330::1.2
P,urn:nasa:pds:maven.mag.calibrated:data.pc:mvn_mag_l2_2024091pc1s_20240331::1.2
P,urn:nasa:pds:maven.mag.calibrated:data.pc:mvn_mag_l2_2024092pc1s_20240401::1.2
P,urn:nasa:pds:maven.mag.calibrated:data.pc:mvn_mag_l2_2024093pc1s_20240402::1.2
P,urn:nasa:pds:maven.mag.calibrated:data.pc:mvn_mag_l2_2024094pc1s_20240403::1.2
P,urn:nasa:pds:maven.mag.calibrated:data.pc:mvn_mag_l2_2024095pc1s_20240404::1.2
P,urn:nasa:pds:maven.mag.calibrated:data.pc:mvn_mag_l2_2024096pc1s_20240405::1.2
P,urn:nasa:pds:maven.mag.calibrated:data.pc:mvn_mag_l2_2024097pc1s_20240406::1.2
P,urn:nasa:pds:maven.mag.calibrated:data.pc:mvn_mag_l2_2024098pc1s_20240407::1.2
P,urn:nasa:pds:maven.mag.calibrated:data.pc:mvn_mag_l2_2024099pc1s_20240408::1.2
P,urn:nasa:pds:maven.mag.calibrated:data.pc:mvn_mag_l2_2024100pc1s_20240409::1.2
P,urn:nasa:pds:maven.mag.calibrated:data.pc:mvn_mag_l2_2024101pc1s_20240410::1.2
P,urn:nasa:pds:maven.mag.calibrated:data.pc:mvn_mag_l2_2024102pc1s_20240411::1.2
P,urn:nasa:pds:maven.mag.calibrated:data.pc:mvn_mag_l2_2024103pc1s_20240412::1.2
P,urn:nasa:pds:maven.mag.calibrated:data.pc:mvn_mag_l2_2024104pc1s_20240413::1.2
P,urn:nasa:pds:maven.mag.calibrated:data.pc:mvn_mag_l2_2024105pc1s_20240414::1.2
P,urn:nasa:pds:maven.mag.calibrated:data.pc:mvn_mag_l2_2024106pc1s_20240415::1.2
P,urn:nasa:pds:maven.mag.calibrated:data.pc:mvn_mag_l2_2024107pc1s_20240416::1.2
P,urn:nasa:pds:maven.mag.calibrated:data.pc:mvn_mag_l2_2024108pc1s_20240417::1.2
P,urn:nasa:pds:maven.mag.calibrated:data.pc:mvn_mag_l2_2024109pc1s_20240418::1.2
P,urn:nasa:pds:maven.mag.calibrated:data.pc:mvn_mag_l2_2024110pc1s_20240419::1.2
P,urn:nasa:pds:maven.mag.calibrated:data.pc:mvn_mag_l2_2024111pc1s_20240420::1.2
P,urn:nasa:pds:maven.mag.calibrated:data.pc:mvn_mag_l2_2024112pc1s_20240421::1.2
P,urn:nasa:pds:maven.mag.calibrated:data.pc:mvn_mag_l2_2024113pc1s_20240422::1.2
P,urn:nasa:pds:maven.mag.calibrated:data.pc:mvn_mag_l2_2024114pc1s_20240423::1.2
P,urn:nasa:pds:maven.mag.calibrated:data.pc:mvn_mag_l2_2024115pc1s_20240424::1.2
P,urn:nasa:pds:maven.mag.calibrated:data.pc:mvn_mag_l2_2024116pc1s_20240425::1.2
P,urn:nasa:pds:maven.mag.calibrated:data.pc:mvn_mag_l2_2024117pc1s_20240426::1.2
P,urn:nasa:pds:maven.mag.calibrated:data.pc:mvn_mag_l2_2024118pc1s_20240427::1.2
P,urn:nasa:pds:maven.mag.calibrated:data.pc:mvn_mag_l2_2024119pc1s_20240428::1.2
P,urn:nasa:pds:maven.mag.calibrated:data.pc:mvn_mag_l2_2024120pc1s_20240429::1.2
P,urn:nasa:pds:maven.mag.calibrated:data.pc:mvn_mag_l2_2024121pc1s_20240430::1.2
P,urn:nasa:pds:maven.mag.calibrated:data.pc:mvn_mag_l2_2024136pc1s_20240515::1.2
P,urn:nasa:pds:maven.mag.calibrated:data.pc:mvn_mag_l2_2024137pc1s_20240516::1.2
P,urn:nasa:pds:maven.mag.calibrated:data.pc:mvn_mag_l2_2024138pc1s_20240517::1.2
P,urn:nasa:pds:maven.mag.calibrated:data.pc:mvn_mag_l2_2024139pc1s_20240518::1.2
P,urn:nasa:pds:maven.mag.calibrated:data.pc:mvn_mag_l2_2024140pc1s_20240519::1.2
P,urn:nasa:pds:maven.mag.calibrated:data.pc:mvn_mag_l2_2024141pc1s_20240520::1.2
P,urn:nasa:pds:maven.mag.calibrated:data.pc:mvn_mag_l2_2024142pc1s_20240521::1.2
P,urn:nasa:pds:maven.mag.calibrated:data.pc:mvn_mag_l2_2024143pc1s_20240522::1.2
P,urn:nasa:pds:maven.mag.calibrated:data.pc:mvn_mag_l2_2024144pc1s_20240523::1.2
P,urn:nasa:pds:maven.mag.calibrated:data.pc:mvn_mag_l2_2024145pc1s_20240524::1.2
P,urn:nasa:pds:maven.mag.calibrated:data.pc:mvn_mag_l2_2024146pc1s_20240525::1.2
P,urn:nasa:pds:maven.mag.calibrated:data.pc:mvn_mag_l2_2024147pc1s_20240526::1.2
P,urn:nasa:pds:maven.mag.calibrated:data.pc:mvn_mag_l2_2024148pc1s_20240527::1.2
P,urn:nasa:pds:maven.mag.calibrated:data.pc:mvn_mag_l2_2024149pc1s_20240528::1.2
P,urn:nasa:pds:maven.mag.calibrated:data.pc:mvn_mag_l2_2024150pc1s_20240529::1.2
P,urn:nasa:pds:maven.mag.calibrated:data.pc:mvn_mag_l2_2024151pc1s_20240530::1.2
P,urn:nasa:pds:maven.mag.calibrated:data.pc:mvn_mag_l2_2024152pc1s_20240531::1.2
P,urn:nasa:pds:maven.mag.calibrated:data.pc:mvn_mag_l2_2024153pc1s_20240601::1.2
P,urn:nasa:pds:maven.mag.calibrated:data.pc:mvn_mag_l2_2024154pc1s_20240602::1.2
P,urn:nasa:pds:maven.mag.calibrated:data.pc:mvn_mag_l2_2024155pc1s_20240603::1.2
P,urn:nasa:pds:maven.mag.calibrated:data.pc:mvn_mag_l2_2024156pc1s_20240604::1.2
P,urn:nasa:pds:maven.mag.calibrated:data.pc:mvn_mag_l2_2024157pc1s_20240605::1.2
P,urn:nasa:pds:maven.mag.calibrated:data.pc:mvn_mag_l2_2024158pc1s_20240606::1.2
P,urn:nasa:pds:maven.mag.calibrated:data.pc:mvn_mag_l2_2024159pc1s_20240607::1.2
P,urn:nasa:pds:maven.mag.calibrated:data.pc:mvn_mag_l2_2024160pc1s_20240608::1.2
P,urn:nasa:pds:maven.mag.calibrated:data.pc:mvn_mag_l2_2024161pc1s_20240609::1.2
P,urn:nasa:pds:maven.mag.calibrated:data.pc:mvn_mag_l2_2024162pc1s_20240610::1.2
P,urn:nasa:pds:maven.mag.calibrated:data.pc:mvn_mag_l2_2024163pc1s_20240611::1.2
P,urn:nasa:pds:maven.mag.calibrated:data.pc:mvn_mag_l2_2024164pc1s_20240612::1.2
P,urn:nasa:pds:maven.mag.calibrated:data.pc:mvn_mag_l2_2024165pc1s_20240613::1.2
P,urn:nasa:pds:maven.mag.calibrated:data.pc:mvn_mag_l2_2024166pc1s_20240614::1.2
P,urn:nasa:pds:maven.mag.calibrated:data.pc:mvn_mag_l2_2024167pc1s_20240615::1.2
P,urn:nasa:pds:maven.mag.calibrated:data.pc:mvn_mag_l2_2024168pc1s_20240616::1.2
P,urn:nasa:pds:maven.mag.calibrated:data.pc:mvn_mag_l2_2024169pc1s_20240617::1.2
P,urn:nasa:pds:maven.mag.calibrated:data.pc:mvn_mag_l2_2024170pc1s_20240618::1.2
P,urn:nasa:pds:maven.mag.calibrated:data.pc:mvn_mag_l2_2024171pc1s_20240619::1.2
P,urn:nasa:pds:maven.mag.calibrated:data.pc:mvn_mag_l2_2024172pc1s_20240620::1.2
P,urn:nasa:pds:maven.mag.calibrated:data.pc:mvn_mag_l2_2024173pc1s_20240621::1.2
P,urn:nasa:pds:maven.mag.calibrated:data.pc:mvn_mag_l2_2024174pc1s_20240622::1.2
P,urn:nasa:pds:maven.mag.calibrated:data.pc:mvn_mag_l2_2024175pc1s_20240623::1.2
P,urn:nasa:pds:maven.mag.calibrated:data.pc:mvn_mag_l2_2024176pc1s_20240624::1.2
P,urn:nasa:pds:maven.mag.calibrated:data.pc:mvn_mag_l2_2024177pc1s_20240625::1.2
P,urn:nasa:pds:maven.mag.calibrated:data.pc:mvn_mag_l2_2024178pc1s_20240626::1.2
P,urn:nasa:pds:maven.mag.calibrated:data.pc:mvn_mag_l2_2024179pc1s_20240627::1.2
P,urn:nasa:pds:maven.mag.calibrated:data.pc:mvn_mag_l2_2024180pc1s_20240628::1.2
P,urn:nasa:pds:maven.mag.calibrated:data.pc:mvn_mag_l2_2024181pc1s_20240629::1.2
P,urn:nasa:pds:maven.mag.calibrated:data.pc:mvn_mag_l2_2024182pc1s_20240630::1.2
P,urn:nasa:pds:maven.mag.calibrated:data.pc:mvn_mag_l2_2024228pc1s_20240815::1.2
P,urn:nasa:pds:maven.mag.calibrated:data.pc:mvn_mag_l2_2024229pc1s_20240816::1.2
P,urn:nasa:pds:maven.mag.calibrated:data.pc:mvn_mag_l2_2024230pc1s_20240817::1.2
P,urn:nasa:pds:maven.mag.calibrated:data.pc:mvn_mag_l2_2024231pc1s_20240818::1.2
P,urn:nasa:pds:maven.mag.calibrated:data.pc:mvn_mag_l2_2024232pc1s_20240819::1.2
P,urn:nasa:pds:maven.mag.calibrated:data.pc:mvn_mag_l2_2024233pc1s_20240820::1.2
P,urn:nasa:pds:maven.mag.calibrated:data.pc:mvn_mag_l2_2024234pc1s_20240821::1.2
P,urn:nasa:pds:maven.mag.calibrated:data.pc:mvn_mag_l2_2024235pc1s_20240822::1.2
P,urn:nasa:pds:maven.mag.calibrated:data.pc:mvn_mag_l2_2024236pc1s_20240823::1.2
P,urn:nasa:pds:maven.mag.calibrated:data.pc:mvn_mag_l2_2024237pc1s_20240824::1.2
P,urn:nasa:pds:maven.mag.calibrated:data.pc:mvn_mag_l2_2024238pc1s_20240825::1.2
P,urn:nasa:pds:maven.mag.calibrated:data.pc:mvn_mag_l2_2024239pc1s_20240826::1.2
P,urn:nasa:pds:maven.mag.calibrated:data.pc:mvn_mag_l2_2024240pc1s_20240827::1.2
P,urn:nasa:pds:maven.mag.calibrated:data.pc:mvn_mag_l2_2024241pc1s_20240828::1.2
P,urn:nasa:pds:maven.mag.calibrated:data.pc:mvn_mag_l2_2024242pc1s_20240829::1.2
P,urn:nasa:pds:maven.mag.calibrated:data.pc:mvn_mag_l2_2024243pc1s_20240830::1.2
P,urn:nasa:pds:maven.mag.calibrated:data.pc:mvn_mag_l2_2024244pc1s_20240831::1.2
P,urn:nasa:pds:maven.mag.calibrated:data.pc:mvn_mag_l2_2024245pc1s_20240901::1.2
P,urn:nasa:pds:maven.mag.calibrated:data.pc:mvn_mag_l2_2024246pc1s_20240902::1.2
P,urn:nasa:pds:maven.mag.calibrated:data.pc:mvn_mag_l2_2024247pc1s_20240903::1.2
P,urn:nasa:pds:maven.mag.calibrated:data.pc:mvn_mag_l2_2024248pc1s_20240904::1.2
P,urn:nasa:pds:maven.mag.calibrated:data.pc:mvn_mag_l2_2024249pc1s_20240905::1.2
P,urn:nasa:pds:maven.mag.calibrated:data.pc:mvn_mag_l2_2024250pc1s_20240906::1.2
P,urn:nasa:pds:maven.mag.calibrated:data.pc:mvn_mag_l2_2024251pc1s_20240907::1.2
P,urn:nasa:pds:maven.mag.calibrated:data.pc:mvn_mag_l2_2024252pc1s_20240908::1.2
P,urn:nasa:pds:maven.mag.calibrated:data.pc:mvn_mag_l2_2024253pc1s_20240909::1.2
P,urn:nasa:pds:maven.mag.calibrated:data.pc:mvn_mag_l2_2024254pc1s_20240910::1.2
P,urn:nasa:pds:maven.mag.calibrated:data.pc:mvn_mag_l2_2024255pc1s_20240911::1.2
P,urn:nasa:pds:maven.mag.calibrated:data.pc:mvn_mag_l2_2024256pc1s_20240912::1.2
P,urn:nasa:pds:maven.mag.calibrated:data.pc:mvn_mag_l2_2024257pc1s_20240913::1.2
P,urn:nasa:pds:maven.mag.calibrated:data.pc:mvn_mag_l2_2024258pc1s_20240914::1.2
P,urn:nasa:pds:maven.mag.calibrated:data.pc:mvn_mag_l2_2024259pc1s_20240915::1.2
P,urn:nasa:pds:maven.mag.calibrated:data.pc:mvn_mag_l2_2024260pc1s_20240916::1.2
P,urn:nasa:pds:maven.mag.calibrated:data.pc:mvn_mag_l2_2024261pc1s_20240917::1.2
P,urn:nasa:pds:maven.mag.calibrated:data.pc:mvn_mag_l2_2024262pc1s_20240918::1.2
P,urn:nasa:pds:maven.mag.calibrated:data.pc:mvn_mag_l2_2024263pc1s_20240919::1.2
P,urn:nasa:pds:maven.mag.calibrated:data.pc:mvn_mag_l2_2024264pc1s_20240920::1.2
P,urn:nasa:pds:maven.mag.calibrated:data.pc:mvn_mag_l2_2024265pc1s_20240921::1.2
P,urn:nasa:pds:maven.mag.calibrated:data.pc:mvn_mag_l2_2024266pc1s_20240922::1.2
P,urn:nasa:pds:maven.mag.calibrated:data.pc:mvn_mag_l2_2024267pc1s_20240923::1.2
P,urn:nasa:pds:maven.mag.calibrated:data.pc:mvn_mag_l2_2024268pc1s_20240924::1.2
P,urn:nasa:pds:maven.mag.calibrated:data.pc:mvn_mag_l2_2024269pc1s_20240925::1.2
P,urn:nasa:pds:maven.mag.calibrated:data.pc:mvn_mag_l2_2024270pc1s_20240926::1.2
P,urn:nasa:pds:maven.mag.calibrated:data.pc:mvn_mag_l2_2024271pc1s_20240927::1.2
P,urn:nasa:pds:maven.mag.calibrated:data.pc:mvn_mag_l2_2024272pc1s_20240928::1.2
P,urn:nasa:pds:maven.mag.calibrated:data.pc:mvn_mag_l2_2024273pc1s_20240929::1.2
P,urn:nasa:pds:maven.mag.calibrated:data.pc:mvn_mag_l2_2024274pc1s_20240930::1.2
P,urn:nasa:pds:maven.mag.calibrated:data.pc:mvn_mag_l2_2024275pc1s_20241001::1.2
P,urn:nasa:pds:maven.mag.calibrated:data.pc:mvn_mag_l2_2024276pc1s_20241002::1.2
P,urn:nasa:pds:maven.mag.calibrated:data.pc:mvn_mag_l2_2024277pc1s_20241003::1.2
P,urn:nasa:pds:maven.mag.calibrated:data.pc:mvn_mag_l2_2024278pc1s_20241004::1.2
P,urn:nasa:pds:maven.mag.calibrated:data.pc:mvn_mag_l2_2024279pc1s_20241005::1.2
P,urn:nasa:pds:maven.mag.calibrated:data.pc:mvn_mag_l2_2024280pc1s_20241006::1.2
P,urn:nasa:pds:maven.mag.calibrated:data.pc:mvn_mag_l2_2024281pc1s_20241007::1.2
P,urn:nasa:pds:maven.mag.calibrated:data.pc:mvn_mag_l2_2024282pc1s_20241008::1.2
P,urn:nasa:pds:maven.mag.calibrated:data.pc:mvn_mag_l2_2024283pc1s_20241009::1.2
P,urn:nasa:pds:maven.mag.calibrated:data.pc:mvn_mag_l2_2024284pc1s_20241010::1.2
P,urn:nasa:pds:maven.mag.calibrated:data.pc:mvn_mag_l2_2024285pc1s_20241011::1.2
P,urn:nasa:pds:maven.mag.calibrated:data.pc:mvn_mag_l2_2024286pc1s_20241012::1.2
P,urn:nasa:pds:maven.mag.calibrated:data.pc:mvn_mag_l2_2024287pc1s_20241013::1.2
P,urn:nasa:pds:maven.mag.calibrated:data.pc:mvn_mag_l2_2024288pc1s_20241014::1.2
P,urn:nasa:pds:maven.mag.calibrated:data.pc:mvn_mag_l2_2024289pc1s_20241015::1.2
P,urn:nasa:pds:maven.mag.calibrated:data.pc:mvn_mag_l2_2024290pc1s_20241016::1.2
P,urn:nasa:pds:maven.mag.calibrated:data.pc:mvn_mag_l2_2024291pc1s_20241017::1.2
P,urn:nasa:pds:maven.mag.calibrated:data.pc:mvn_mag_l2_2024292pc1s_20241018::1.2
P,urn:nasa:pds:maven.mag.calibrated:data.pc:mvn_mag_l2_2024293pc1s_20241019::1.2
P,urn:nasa:pds:maven.mag.calibrated:data.pc:mvn_mag_l2_2024294pc1s_20241020::1.2
P,urn:nasa:pds:maven.mag.calibrated:data.pc:mvn_mag_l2_2024295pc1s_20241021::1.2
P,urn:nasa:pds:maven.mag.calibrated:data.pc:mvn_mag_l2_2024296pc1s_20241022::1.2
P,urn:nasa:pds:maven.mag.calibrated:data.pc:mvn_mag_l2_2024297pc1s_20241023::1.2
P,urn:nasa:pds:maven.mag.calibrated:data.pc:mvn_mag_l2_2024298pc1s_20241024::1.2
P,urn:nasa:pds:maven.mag.calibrated:data.pc:mvn_mag_l2_2024299pc1s_20241025::1.2
P,urn:nasa:pds:maven.mag.calibrated:data.pc:mvn_mag_l2_2024300pc1s_20241026::1.2
P,urn:nasa:pds:maven.mag.calibrated:data.pc:mvn_mag_l2_2024301pc1s_20241027::1.2
P,urn:nasa:pds:maven.mag.calibrated:data.pc:mvn_mag_l2_2024302pc1s_20241028::1.2
P,urn:nasa:pds:maven.mag.calibrated:data.pc:mvn_mag_l2_2024303pc1s_20241029::1.2
P,urn:nasa:pds:maven.mag.calibrated:data.pc:mvn_mag_l2_2024304pc1s_20241030::1.2
P,urn:nasa:pds:maven.mag.calibrated:data.pc:mvn_mag_l2_2024305pc1s_20241031::1.2
P,urn:nasa:pds:maven.mag.calibrated:data.pc:mvn_mag_l2_2024306pc1s_20241101::1.2
P,urn:nasa:pds:maven.mag.calibrated:data.pc:mvn_mag_l2_2024307pc1s_20241102::1.2
P,urn:nasa:pds:maven.mag.calibrated:data.pc:mvn_mag_l2_2024308pc1s_20241103::1.2
P,urn:nasa:pds:maven.mag.calibrated:data.pc:mvn_mag_l2_2024309pc1s_20241104::1.2
P,urn:nasa:pds:maven.mag.calibrated:data.pc:mvn_mag_l2_2024310pc1s_20241105::1.2
P,urn:nasa:pds:maven.mag.calibrated:data.pc:mvn_mag_l2_2024311pc1s_20241106::1.2
P,urn:nasa:pds:maven.mag.calibrated:data.pc:mvn_mag_l2_2024312pc1s_20241107::1.2
P,urn:nasa:pds:maven.mag.calibrated:data.pc:mvn_mag_l2_2024313pc1s_20241108::1.2
P,urn:nasa:pds:maven.mag.calibrated:data.pc:mvn_mag_l2_2024314pc1s_20241109::1.2
P,urn:nasa:pds:maven.mag.calibrated:data.pc:mvn_mag_l2_2024315pc1s_20241110::1.2
P,urn:nasa:pds:maven.mag.calibrated:data.pc:mvn_mag_l2_2024316pc1s_20241111::1.2
P,urn:nasa:pds:maven.mag.calibrated:data.pc:mvn_mag_l2_2024317pc1s_20241112::1.2
P,urn:nasa:pds:maven.mag.calibrated:data.pc:mvn_mag_l2_2024318pc1s_20241113::1.2
P,urn:nasa:pds:maven.mag.calibrated:data.pc:mvn_mag_l2_2024319pc1s_20241114::1.2
P,urn:nasa:pds:maven.mag.calibrated:data.pc:mvn_mag_l2_2024320pc1s_20241115::1.2
P,urn:nasa:pds:maven.mag.calibrated:data.pc:mvn_mag_l2_2024321pc1s_20241116::1.2
P,urn:nasa:pds:maven.mag.calibrated:data.pc:mvn_mag_l2_2024322pc1s_20241117::1.2
P,urn:nasa:pds:maven.mag.calibrated:data.pc:mvn_mag_l2_2024323pc1s_20241118::1.2
P,urn:nasa:pds:maven.mag.calibrated:data.pc:mvn_mag_l2_2024324pc1s_20241119::1.2
P,urn:nasa:pds:maven.mag.calibrated:data.pc:mvn_mag_l2_2024325pc1s_20241120::1.2
P,urn:nasa:pds:maven.mag.calibrated:data.pc:mvn_mag_l2_2024326pc1s_20241121::1.2
P,urn:nasa:pds:maven.mag.calibrated:data.pc:mvn_mag_l2_2024327pc1s_20241122::1.2
P,urn:nasa:pds:maven.mag.calibrated:data.pc:mvn_mag_l2_2024328pc1s_20241123::1.2
P,urn:nasa:pds:maven.mag.calibrated:data.pc:mvn_mag_l2_2024329pc1s_20241124::1.2
P,urn:nasa:pds:maven.mag.calibrated:data.pc:mvn_mag_l2_2024330pc1s_20241125::1.2
P,urn:nasa:pds:maven.mag.calibrated:data.pc:mvn_mag_l2_2024331pc1s_20241126::1.2
P,urn:nasa:pds:maven.mag.calibrated:data.pc:mvn_mag_l2_2024332pc1s_20241127::1.2
P,urn:nasa:pds:maven.mag.calibrated:data.pc:mvn_mag_l2_2024333pc1s_20241128::1.2
P,urn:nasa:pds:maven.mag.calibrated:data.pc:mvn_mag_l2_2024334pc1s_20241129::1.2
P,urn:nasa:pds:maven.mag.calibrated:data.pc:mvn_mag_l2_2024335pc1s_20241130::1.2
P,urn:nasa:pds:maven.mag.calibrated:data.pc:mvn_mag_l2_2024336pc1s_20241201::1.2
P,urn:nasa:pds:maven.mag.calibrated:data.pc:mvn_mag_l2_2024337pc1s_20241202::1.2
P,urn:nasa:pds:maven.mag.calibrated:data.pc:mvn_mag_l2_2024338pc1s_20241203::1.2
P,urn:nasa:pds:maven.mag.calibrated:data.pc:mvn_mag_l2_2024339pc1s_20241204::1.2
P,urn:nasa:pds:maven.mag.calibrated:data.pc:mvn_mag_l2_2024340pc1s_20241205::1.2
P,urn:nasa:pds:maven.mag.calibrated:data.pc:mvn_mag_l2_2024341pc1s_20241206::1.2
P,urn:nasa:pds:maven.mag.calibrated:data.pc:mvn_mag_l2_2024342pc1s_20241207::1.2
P,urn:nasa:pds:maven.mag.calibrated:data.pc:mvn_mag_l2_2024343pc1s_20241208::1.2
P,urn:nasa:pds:maven.mag.calibrated:data.pc:mvn_mag_l2_2024344pc1s_20241209::1.2
P,urn:nasa:pds:maven.mag.calibrated:data.pc:mvn_mag_l2_2024345pc1s_20241210::1.2
P,urn:nasa:pds:maven.mag.calibrated:data.pc:mvn_mag_l2_2024346pc1s_20241211::1.2
P,urn:nasa:pds:maven.mag.calibrated:data.pc:mvn_mag_l2_2024347pc1s_20241212::1.2
P,urn:nasa:pds:maven.mag.calibrated:data.pc:mvn_mag_l2_2024348pc1s_20241213::1.2
P,urn:nasa:pds:maven.mag.calibrated:data.pc:mvn_mag_l2_2024349pc1s_20241214::1.2
P,urn:nasa:pds:maven.mag.calibrated:data.pc:mvn_mag_l2_2024350pc1s_20241215::1.2
P,urn:nasa:pds:maven.mag.calibrated:data.pc:mvn_mag_l2_2024351pc1s_20241216::1.2
P,urn:nasa:pds:maven.mag.calibrated:data.pc:mvn_mag_l2_2024352pc1s_20241217::1.2
P,urn:nasa:pds:maven.mag.calibrated:data.pc:mvn_mag_l2_2024353pc1s_20241218::1.2
P,urn:nasa:pds:maven.mag.calibrated:data.pc:mvn_mag_l2_2024354pc1s_20241219::1.2
P,urn:nasa:pds:maven.mag.calibrated:data.pc:mvn_mag_l2_2024355pc1s_20241220::1.2
P,urn:nasa:pds:maven.mag.calibrated:data.pc:mvn_mag_l2_2024356pc1s_20241221::1.2
P,urn:nasa:pds:maven.mag.calibrated:data.pc:mvn_mag_l2_2024357pc1s_20241222::1.2
P,urn:nasa:pds:maven.mag.calibrated:data.pc:mvn_mag_l2_2024358pc1s_20241223::1.2
P,urn:nasa:pds:maven.mag.calibrated:data.pc:mvn_mag_l2_2024359pc1s_20241224::1.2
P,urn:nasa:pds:maven.mag.calibrated:data.pc:mvn_mag_l2_2024360pc1s_20241225::1.2
P,urn:nasa:pds:maven.mag.calibrated:data.pc:mvn_mag_l2_2024361pc1s_20241226::1.2
P,urn:nasa:pds:maven.mag.calibrated:data.pc:mvn_mag_l2_2024362pc1s_20241227::1.2
P,urn:nasa:pds:maven.mag.calibrated:data.pc:mvn_mag_l2_2024363pc1s_20241228::1.2
P,urn:nasa:pds:maven.mag.calibrated:data.pc:mvn_mag_l2_2024364pc1s_20241229::1.2
P,urn:nasa:pds:maven.mag.calibrated:data.pc:mvn_mag_l2_2024365pc1s_20241230::1.2
P,urn:nasa:pds:maven.mag.calibrated:data.pc:mvn_mag_l2_2024366pc1s_20241231::1.2
P,urn:nasa:pds:maven.mag.calibrated:data.pc:mvn_mag_l2_2025001pc1s_20250101::1.2
P,urn:nasa:pds:maven.mag.calibrated:data.pc:mvn_mag_l2_2025002pc1s_20250102::1.2
P,urn:nasa:pds:maven.mag.calibrated:data.pc:mvn_mag_l2_2025003pc1s_20250103::1.2
P,urn:nasa:pds:maven.mag.calibrated:data.pc:mvn_mag_l2_2025004pc1s_20250104::1.2
P,urn:nasa:pds:maven.mag.calibrated:data.pc:mvn_mag_l2_2025005pc1s_20250105::1.2
P,urn:nasa:pds:maven.mag.calibrated:data.pc:mvn_mag_l2_2025006pc1s_20250106::1.2
P,urn:nasa:pds:maven.mag.calibrated:data.pc:mvn_mag_l2_2025007pc1s_20250107::1.2
P,urn:nasa:pds:maven.mag.calibrated:data.pc:mvn_mag_l2_2025008pc1s_20250108::1.2
P,urn:nasa:pds:maven.mag.calibrated:data.pc:mvn_mag_l2_2025009pc1s_20250109::1.2
P,urn:nasa:pds:maven.mag.calibrated:data.pc:mvn_mag_l2_2025010pc1s_20250110::1.2
P,urn:nasa:pds:maven.mag.calibrated:data.pc:mvn_mag_l2_2025011pc1s_20250111::1.2
P,urn:nasa:pds:maven.mag.calibrated:data.pc:mvn_mag_l2_2025012pc1s_20250112::1.2
P,urn:nasa:pds:maven.mag.calibrated:data.pc:mvn_mag_l2_2025013pc1s_20250113::1.2
P,urn:nasa:pds:maven.mag.calibrated:data.pc:mvn_mag_l2_2025014pc1s_20250114::1.2
P,urn:nasa:pds:maven.mag.calibrated:data.pc:mvn_mag_l2_2025015pc1s_20250115::1.2
P,urn:nasa:pds:maven.mag.calibrated:data.pc:mvn_mag_l2_2025016pc1s_20250116::1.2
P,urn:nasa:pds:maven.mag.calibrated:data.pc:mvn_mag_l2_2025017pc1s_20250117::1.2
P,urn:nasa:pds:maven.mag.calibrated:data.pc:mvn_mag_l2_2025018pc1s_20250118::1.2
P,urn:nasa:pds:maven.mag.calibrated:data.pc:mvn_mag_l2_2025019pc1s_20250119::1.2
P,urn:nasa:pds:maven.mag.calibrated:data.pc:mvn_mag_l2_2025020pc1s_20250120::1.2
P,urn:nasa:pds:maven.mag.calibrated:data.pc:mvn_mag_l2_2025021pc1s_20250121::1.2
P,urn:nasa:pds:maven.mag.calibrated:data.pc:mvn_mag_l2_2025022pc1s_20250122::1.2
P,urn:nasa:pds:maven.mag.calibrated:data.pc:mvn_mag_l2_2025023pc1s_20250123::1.2
P,urn:nasa:pds:maven.mag.calibrated:data.pc:mvn_mag_l2_2025024pc1s_20250124::1.2
P,urn:nasa:pds:maven.mag.calibrated:data.pc:mvn_mag_l2_2025025pc1s_20250125::1.2
P,urn:nasa:pds:maven.mag.calibrated:data.pc:mvn_mag_l2_2025026pc1s_20250126::1.2
P,urn:nasa:pds:maven.mag.calibrated:data.pc:mvn_mag_l2_2025027pc1s_20250127::1.2
P,urn:nasa:pds:maven.mag.calibrated:data.pc:mvn_mag_l2_2025028pc1s_20250128::1.2
P,urn:nasa:pds:maven.mag.calibrated:data.pc:mvn_mag_l2_2025029pc1s_20250129::1.2
P,urn:nasa:pds:maven.mag.calibrated:data.pc:mvn_mag_l2_2025030pc1s_20250130::1.2
P,urn:nasa:pds:maven.mag.calibrated:data.pc:mvn_mag_l2_2025031pc1s_20250131::1.2
P,urn:nasa:pds:maven.mag.calibrated:data.pc:mvn_mag_l2_2025032pc1s_20250201::1.2
P,urn:nasa:pds:maven.mag.calibrated:data.pc:mvn_mag_l2_2025033pc1s_20250202::1.2
P,urn:nasa:pds:maven.mag.calibrated:data.pc:mvn_mag_l2_2025034pc1s_20250203::1.2
P,urn:nasa:pds:maven.mag.calibrated:data.pc:mvn_mag_l2_2025035pc1s_20250204::1.2
P,urn:nasa:pds:maven.mag.calibrated:data.pc:mvn_mag_l2_2025036pc1s_20250205::1.2
P,urn:nasa:pds:maven.mag.calibrated:data.pc:mvn_mag_l2_2025037pc1s_20250206::1.2
P,urn:nasa:pds:maven.mag.calibrated:data.pc:mvn_mag_l2_2025038pc1s_20250207::1.2
P,urn:nasa:pds:maven.mag.calibrated:data.pc:mvn_mag_l2_2025039pc1s_20250208::1.2
P,urn:nasa:pds:maven.mag.calibrated:data.pc:mvn_mag_l2_2025040pc1s_20250209::1.2
P,urn:nasa:pds:maven.mag.calibrated:data.pc:mvn_mag_l2_2025041pc1s_20250210::1.2
P,urn:nasa:pds:maven.mag.calibrated:data.pc:mvn_mag_l2_2025042pc1s_20250211::1.2
P,urn:nasa:pds:maven.mag.calibrated:data.pc:mvn_mag_l2_2025043pc1s_20250212::1.2
P,urn:nasa:pds:maven.mag.calibrated:data.pc:mvn_mag_l2_2025044pc1s_20250213::1.2
P,urn:nasa:pds:maven.mag.calibrated:data.pc:mvn_mag_l2_2025045pc1s_20250214::1.2
P,urn:nasa:pds:maven.mag.calibrated:data.pc:mvn_mag_l2_2025046pc1s_20250215::1.2
P,urn:nasa:pds:maven.mag.calibrated:data.pc:mvn_mag_l2_2025047pc1s_20250216::1.2
P,urn:nasa:pds:maven.mag.calibrated:data.pc:mvn_mag_l2_2025048pc1s_20250217::1.2
P,urn:nasa:pds:maven.mag.calibrated:data.pc:mvn_mag_l2_2025049pc1s_20250218::1.2
P,urn:nasa:pds:maven.mag.calibrated:data.pc:mvn_mag_l2_2025050pc1s_20250219::1.2
P,urn:nasa:pds:maven.mag.calibrated:data.pc:mvn_mag_l2_2025051pc1s_20250220::1.2
P,urn:nasa:pds:maven.mag.calibrated:data.pc:mvn_mag_l2_2025052pc1s_20250221::1.2
P,urn:nasa:pds:maven.mag.calibrated:data.pc:mvn_mag_l2_2025053pc1s_20250222::1.2
P,urn:nasa:pds:maven.mag.calibrated:data.pc:mvn_mag_l2_2025054pc1s_20250223::1.2
P,urn:nasa:pds:maven.mag.calibrated:data.pc:mvn_mag_l2_2025055pc1s_20250224::1.2
P,urn:nasa:pds:maven.mag.calibrated:data.pc:mvn_mag_l2_2025056pc1s_20250225::1.2
P,urn:nasa:pds:maven.mag.calibrated:data.pc:mvn_mag_l2_2025057pc1s_20250226::1.2
P,urn:nasa:pds:maven.mag.calibrated:data.pc:mvn_mag_l2_2025058pc1s_20250227::1.2
P,urn:nasa:pds:maven.mag.calibrated:data.pc:mvn_mag_l2_2025059pc1s_20250228::1.2
P,urn:nasa:pds:maven.mag.calibrated:data.pc:mvn_mag_l2_2025060pc1s_20250301::1.2
P,urn:nasa:pds:maven.mag.calibrated:data.pc:mvn_mag_l2_2025061pc1s_20250302::1.2
P,urn:nasa:pds:maven.mag.calibrated:data.pc:mvn_mag_l2_2025062pc1s_20250303::1.2
P,urn:nasa:pds:maven.mag.calibrated:data.pc:mvn_mag_l2_2025063pc1s_20250304::1.2
P,urn:nasa:pds:maven.mag.calibrated:data.pc:mvn_mag_l2_2025064pc1s_20250305::1.2
P,urn:nasa:pds:maven.mag.calibrated:data.pc:mvn_mag_l2_2025065pc1s_20250306::1.2
P,urn:nasa:pds:maven.mag.calibrated:data.pc:mvn_mag_l2_2025066pc1s_20250307::1.2
P,urn:nasa:pds:maven.mag.calibrated:data.pc:mvn_mag_l2_2025067pc1s_20250308::1.2
P,urn:nasa:pds:maven.mag.calibrated:data.pc:mvn_mag_l2_2025068pc1s_20250309::1.2
P,urn:nasa:pds:maven.mag.calibrated:data.pc:mvn_mag_l2_2025069pc1s_20250310::1.2
P,urn:nasa:pds:maven.mag.calibrated:data.pc:mvn_mag_l2_2025070pc1s_20250311::1.2
P,urn:nasa:pds:maven.mag.calibrated:data.pc:mvn_mag_l2_2025071pc1s_20250312::1.2
P,urn:nasa:pds:maven.mag.calibrated:data.pc:mvn_mag_l2_2025072pc1s_20250313::1.2
P,urn:nasa:pds:maven.mag.calibrated:data.pc:mvn_mag_l2_2025073pc1s_20250314::1.2
P,urn:nasa:pds:maven.mag.calibrated:data.pc:mvn_mag_l2_2025074pc1s_20250315::1.2
P,urn:nasa:pds:maven.mag.calibrated:data.pc:mvn_mag_l2_2025075pc1s_20250316::1.2
P,urn:nasa:pds:maven.mag.calibrated:data.pc:mvn_mag_l2_2025076pc1s_20250317::1.2
P,urn:nasa:pds:maven.mag.calibrated:data.pc:mvn_mag_l2_2025077pc1s_20250318::1.2
P,urn:nasa:pds:maven.mag.calibrated:data.pc:mvn_mag_l2_2025078pc1s_20250319::1.2
P,urn:nasa:pds:maven.mag.calibrated:data.pc:mvn_mag_l2_2025079pc1s_20250320::1.2
P,urn:nasa:pds:maven.mag.calibrated:data.pc:mvn_mag_l2_2025080pc1s_20250321::1.2
P,urn:nasa:pds:maven.mag.calibrated:data.pc:mvn_mag_l2_2025081pc1s_20250322::1.2
P,urn:nasa:pds:maven.mag.calibrated:data.pc:mvn_mag_l2_2025082pc1s_20250323::1.2
P,urn:nasa:pds:maven.mag.calibrated:data.pc:mvn_mag_l2_2025083pc1s_20250324::1.2
P,urn:nasa:pds:maven.mag.calibrated:data.pc:mvn_mag_l2_2025084pc1s_20250325::1.2
P,urn:nasa:pds:maven.mag.calibrated:data.pc:mvn_mag_l2_2025085pc1s_20250326::1.2
P,urn:nasa:pds:maven.mag.calibrated:data.pc:mvn_mag_l2_2025086pc1s_20250327::1.2
P,urn:nasa:pds:maven.mag.calibrated:data.pc:mvn_mag_l2_2025087pc1s_20250328::1.2
P,urn:nasa:pds:maven.mag.calibrated:data.pc:mvn_mag_l2_2025088pc1s_20250329::1.2
P,urn:nasa:pds:maven.mag.calibrated:data.pc:mvn_mag_l2_2025089pc1s_20250330::1.2
P,urn:nasa:pds:maven.mag.calibrated:data.pc:mvn_mag_l2_2025090pc1s_20250331::1.2
P,urn:nasa:pds:maven.mag.calibrated:data.pc:mvn_mag_l2_2025091pc1s_20250401::1.2
P,urn:nasa:pds:maven.mag.calibrated:data.pc:mvn_mag_l2_2025092pc1s_20250402::1.2
P,urn:nasa:pds:maven.mag.calibrated:data.pc:mvn_mag_l2_2025093pc1s_20250403::1.2
P,urn:nasa:pds:maven.mag.calibrated:data.pc:mvn_mag_l2_2025094pc1s_20250404::1.2
P,urn:nasa:pds:maven.mag.calibrated:data.pc:mvn_mag_l2_2025095pc1s_20250405::1.2
P,urn:nasa:pds:maven.mag.calibrated:data.pc:mvn_mag_l2_2025096pc1s_20250406::1.2
P,urn:nasa:pds:maven.mag.calibrated:data.pc:mvn_mag_l2_2025097pc1s_20250407::1.2
P,urn:nasa:pds:maven.mag.calibrated:data.pc:mvn_mag_l2_2025098pc1s_20250408::1.2
P,urn:nasa:pds:maven.mag.calibrated:data.pc:mvn_mag_l2_2025099pc1s_20250409::1.2
P,urn:nasa:pds:maven.mag.calibrated:data.pc:mvn_mag_l2_2025100pc1s_20250410::1.2
P,urn:nasa:pds:maven.mag.calibrated:data.pc:mvn_mag_l2_2025101pc1s_20250411::1.2
P,urn:nasa:pds:maven.mag.calibrated:data.pc:mvn_mag_l2_2025102pc1s_20250412::1.2
P,urn:nasa:pds:maven.mag.calibrated:data.pc:mvn_mag_l2_2025103pc1s_20250413::1.2
P,urn:nasa:pds:maven.mag.calibrated:data.pc:mvn_mag_l2_2025104pc1s_20250414::1.2
P,urn:nasa:pds:maven.mag.calibrated:data.pc:mvn_mag_l2_2025105pc1s_20250415::1.2
P,urn:nasa:pds:maven.mag.calibrated:data.pc:mvn_mag_l2_2025106pc1s_20250416::1.2
P,urn:nasa:pds:maven.mag.calibrated:data.pc:mvn_mag_l2_2025107pc1s_20250417::1.2
P,urn:nasa:pds:maven.mag.calibrated:data.pc:mvn_mag_l2_2025108pc1s_20250418::1.2
P,urn:nasa:pds:maven.mag.calibrated:data.pc:mvn_mag_l2_2025109pc1s_20250419::1.2
P,urn:nasa:pds:maven.mag.calibrated:data.pc:mvn_mag_l2_2025110pc1s_20250420::1.2
P,urn:nasa:pds:maven.mag.calibrated:data.pc:mvn_mag_l2_2025111pc1s_20250421::1.2
P,urn:nasa:pds:maven.mag.calibrated:data.pc:mvn_mag_l2_2025112pc1s_20250422::1.2
P,urn:nasa:pds:maven.mag.calibrated:data.pc:mvn_mag_l2_2025113pc1s_20250423::1.2
P,urn:nasa:pds:maven.mag.calibrated:data.pc:mvn_mag_l2_2025114pc1s_20250424::1.2
P,urn:nasa:pds:maven.mag.calibrated:data.pc:mvn_mag_l2_2025115pc1s_20250425::1.2
P,urn:nasa:pds:maven.mag.calibrated:data.pc:mvn_mag_l2_2025116pc1s_20250426::1.2
P,urn:nasa:pds:maven.mag.calibrated:data.pc:mvn_mag_l2_2025117pc1s_20250427::1.2
P,urn:nasa:pds:maven.mag.calibrated:data.pc:mvn_mag_l2_2025118pc1s_20250428::1.2
P,urn:nasa:pds:maven.mag.calibrated:data.pc:mvn_mag_l2_2025119pc1s_20250429::1.2
P,urn:nasa:pds:maven.mag.calibrated:data.pc:mvn_mag_l2_2025120pc1s_20250430::1.2
P,urn:nasa:pds:maven.mag.calibrated:data.pc:mvn_mag_l2_2025121pc1s_20250501::1.2
P,urn:nasa:pds:maven.mag.calibrated:data.pc:mvn_mag_l2_2025122pc1s_20250502::1.2
P,urn:nasa:pds:maven.mag.calibrated:data.pc:mvn_mag_l2_2025123pc1s_20250503::1.2
P,urn:nasa:pds:maven.mag.calibrated:data.pc:mvn_mag_l2_2025124pc1s_20250504::1.2
P,urn:nasa:pds:maven.mag.calibrated:data.pc:mvn_mag_l2_2025125pc1s_20250505::1.2
P,urn:nasa:pds:maven.mag.calibrated:data.pc:mvn_mag_l2_2025126pc1s_20250506::1.2
P,urn:nasa:pds:maven.mag.calibrated:data.pc:mvn_mag_l2_2025127pc1s_20250507::1.2
P,urn:nasa:pds:maven.mag.calibrated:data.pc:mvn_mag_l2_2025128pc1s_20250508::1.2
P,urn:nasa:pds:maven.mag.calibrated:data.pc:mvn_mag_l2_2025129pc1s_20250509::1.2
P,urn:nasa:pds:maven.mag.calibrated:data.pc:mvn_mag_l2_2025130pc1s_20250510::1.2
P,urn:nasa:pds:maven.mag.calibrated:data.pc:mvn_mag_l2_2025131pc1s_20250511::1.2
P,urn:nasa:pds:maven.mag.calibrated:data.pc:mvn_mag_l2_2025132pc1s_20250512::1.2
P,urn:nasa:pds:maven.mag.calibrated:data.pc:mvn_mag_l2_2025133pc1s_20250513::1.2
P,urn:nasa:pds:maven.mag.calibrated:data.pc:mvn_mag_l2_2025134pc1s_20250514::1.2
P,urn:nasa:pds:maven.mag.calibrated:data.pc:mvn_mag_l2_2025135pc1s_20250515::1.2
P,urn:nasa:pds:maven.mag.calibrated:data.pc:mvn_mag_l2_2025136pc1s_20250516::1.2
P,urn:nasa:pds:maven.mag.calibrated:data.pc:mvn_mag_l2_2025137pc1s_20250517::1.2
P,urn:nasa:pds:maven.mag.calibrated:data.pc:mvn_mag_l2_2025138pc1s_20250518::1.2
P,urn:nasa:pds:maven.mag.calibrated:data.pc:mvn_mag_l2_2025139pc1s_20250519::1.2
P,urn:nasa:pds:maven.mag.calibrated:data.pc:mvn_mag_l2_2025140pc1s_20250520::1.2
P,urn:nasa:pds:maven.mag.calibrated:data.pc:mvn_mag_l2_2025141pc1s_20250521::1.2
P,urn:nasa:pds:maven.mag.calibrated:data.pc:mvn_mag_l2_2025142pc1s_20250522::1.2
P,urn:nasa:pds:maven.mag.calibrated:data.pc:mvn_mag_l2_2025143pc1s_20250523::1.2
P,urn:nasa:pds:maven.mag.calibrated:data.pc:mvn_mag_l2_2025144pc1s_20250524::1.2
P,urn:nasa:pds:maven.mag.calibrated:data.pc:mvn_mag_l2_2025145pc1s_20250525::1.2
P,urn:nasa:pds:maven.mag.calibrated:data.pc:mvn_mag_l2_2025146pc1s_20250526::1.2
P,urn:nasa:pds:maven.mag.calibrated:data.pc:mvn_mag_l2_2025147pc1s_20250527::1.2
P,urn:nasa:pds:maven.mag.calibrated:data.pc:mvn_mag_l2_2025148pc1s_20250528::1.2
P,urn:nasa:pds:maven.mag.calibrated:data.pc:mvn_mag_l2_2025149pc1s_20250529::1.2
P,urn:nasa:pds:maven.mag.calibrated:data.pc:mvn_mag_l2_2025150pc1s_20250530::1.2
P,urn:nasa:pds:maven.mag.calibrated:data.pc:mvn_mag_l2_2025151pc1s_20250531::1.2
P,urn:nasa:pds:maven.mag.calibrated:data.pc:mvn_mag_l2_2025152pc1s_20250601::1.2
P,urn:nasa:pds:maven.mag.calibrated:data.pc:mvn_mag_l2_2025153pc1s_20250602::1.2
P,urn:nasa:pds:maven.mag.calibrated:data.pc:mvn_mag_l2_2025154pc1s_20250603::1.2
P,urn:nasa:pds:maven.mag.calibrated:data.pc:mvn_mag_l2_2025155pc1s_20250604::1.2
P,urn:nasa:pds:maven.mag.calibrated:data.pc:mvn_mag_l2_2025156pc1s_20250605::1.2
P,urn:nasa:pds:maven.mag.calibrated:data.pc:mvn_mag_l2_2025157pc1s_20250606::1.2
P,urn:nasa:pds:maven.mag.calibrated:data.pc:mvn_mag_l2_2025158pc1s_20250607::1.2
P,urn:nasa:pds:maven.mag.calibrated:data.pc:mvn_mag_l2_2025159pc1s_20250608::1.2
P,urn:nasa:pds:maven.mag.calibrated:data.pc:mvn_mag_l2_2025160pc1s_20250609::1.2
P,urn:nasa:pds:maven.mag.calibrated:data.pc:mvn_mag_l2_2025161pc1s_20250610::1.2
P,urn:nasa:pds:maven.mag.calibrated:data.pc:mvn_mag_l2_2025162pc1s_20250611::1.2
P,urn:nasa:pds:maven.mag.calibrated:data.pc:mvn_mag_l2_2025163pc1s_20250612::1.2
P,urn:nasa:pds:maven.mag.calibrated:data.pc:mvn_mag_l2_2025164pc1s_20250613::1.2
P,urn:nasa:pds:maven.mag.calibrated:data.pc:mvn_mag_l2_2025165pc1s_20250614::1.2
P,urn:nasa:pds:maven.mag.calibrated:data.pc:mvn_mag_l2_2025166pc1s_20250615::1.2
P,urn:nasa:pds:maven.mag.calibrated:data.pc:mvn_mag_l2_2025167pc1s_20250616::1.2
P,urn:nasa:pds:maven.mag.calibrated:data.pc:mvn_mag_l2_2025168pc1s_20250617::1.2
P,urn:nasa:pds:maven.mag.calibrated:data.pc:mvn_mag_l2_2025169pc1s_20250618::1.2
P,urn:nasa:pds:maven.mag.calibrated:data.pc:mvn_mag_l2_2025170pc1s_20250619::1.2
P,urn:nasa:pds:maven.mag.calibrated:data.pc:mvn_mag_l2_2025171pc1s_20250620::1.2
P,urn:nasa:pds:maven.mag.calibrated:data.pc:mvn_mag_l2_2025172pc1s_20250621::1.2
P,urn:nasa:pds:maven.mag.calibrated:data.pc:mvn_mag_l2_2025173pc1s_20250622::1.2
P,urn:nasa:pds:maven.mag.calibrated:data.pc:mvn_mag_l2_2025174pc1s_20250623::1.2
P,urn:nasa:pds:maven.mag.calibrated:data.pc:mvn_mag_l2_2025175pc1s_20250624::1.2
P,urn:nasa:pds:maven.mag.calibrated:data.pc:mvn_mag_l2_2025176pc1s_20250625::1.2
P,urn:nasa:pds:maven.mag.calibrated:data.pc:mvn_mag_l2_2025177pc1s_20250626::1.2
P,urn:nasa:pds:maven.mag.calibrated:data.pc:mvn_mag_l2_2025178pc1s_20250627::1.2
P,urn:nasa:pds:maven.mag.calibrated:data.pc:mvn_mag_l2_2025179pc1s_20250628::1.2
P,urn:nasa:pds:maven.mag.calibrated:data.pc:mvn_mag_l2_2025180pc1s_20250629::1.2
P,urn:nasa:pds:maven.mag.calibrated:data.pc:mvn_mag_l2_2025181pc1s_20250630::1.2
P,urn:nasa:pds:maven.mag.calibrated:data.pc:mvn_mag_l2_2025182pc1s_20250701::1.2
P,urn:nasa:pds:maven.mag.calibrated:data.pc:mvn_mag_l2_2025183pc1s_20250702::1.2
P,urn:nasa:pds:maven.mag.calibrated:data.pc:mvn_mag_l2_2025184pc1s_20250703::1.2
P,urn:nasa:pds:maven.mag.calibrated:data.pc:mvn_mag_l2_2025185pc1s_20250704::1.2
P,urn:nasa:pds:maven.mag.calibrated:data.pc:mvn_mag_l2_2025186pc1s_20250705::1.2
P,urn:nasa:pds:maven.mag.calibrated:data.pc:mvn_mag_l2_2025187pc1s_20250706::1.2
P,urn:nasa:pds:maven.mag.calibrated:data.pc:mvn_mag_l2_2025188pc1s_20250707::1.2
P,urn:nasa:pds:maven.mag.calibrated:data.pc:mvn_mag_l2_2025189pc1s_20250708::1.2
P,urn:nasa:pds:maven.mag.calibrated:data.pc:mvn_mag_l2_2025190pc1s_20250709::1.2
P,urn:nasa:pds:maven.mag.calibrated:data.pc:mvn_mag_l2_2025191pc1s_20250710::1.2
P,urn:nasa:pds:maven.mag.calibrated:data.pc:mvn_mag_l2_2025192pc1s_20250711::1.2
P,urn:nasa:pds:maven.mag.calibrated:data.pc:mvn_mag_l2_2025193pc1s_20250712::1.2
P,urn:nasa:pds:maven.mag.calibrated:data.pc:mvn_mag_l2_2025194pc1s_20250713::1.2
P,urn:nasa:pds:maven.mag.calibrated:data.pc:mvn_mag_l2_2025195pc1s_20250714::1.2
P,urn:nasa:pds:maven.mag.calibrated:data.pc:mvn_mag_l2_2025196pc1s_20250715::1.2
P,urn:nasa:pds:maven.mag.calibrated:data.pc:mvn_mag_l2_2025197pc1s_20250716::1.2
P,urn:nasa:pds:maven.mag.calibrated:data.pc:mvn_mag_l2_2025198pc1s_20250717::1.2
P,urn:nasa:pds:maven.mag.calibrated:data.pc:mvn_mag_l2_2025199pc1s_20250718::1.2
P,urn:nasa:pds:maven.mag.calibrated:data.pc:mvn_mag_l2_2025200pc1s_20250719::1.2
P,urn:nasa:pds:maven.mag.calibrated:data.pc:mvn_mag_l2_2025201pc1s_20250720::1.2
P,urn:nasa:pds:maven.mag.calibrated:data.pc:mvn_mag_l2_2025202pc1s_20250721::1.2
P,urn:nasa:pds:maven.mag.calibrated:data.pc:mvn_mag_l2_2025203pc1s_20250722::1.2
P,urn:nasa:pds:maven.mag.calibrated:data.pc:mvn_mag_l2_2025204pc1s_20250723::1.2
P,urn:nasa:pds:maven.mag.calibrated:data.pc:mvn_mag_l2_2025205pc1s_20250724::1.2
P,urn:nasa:pds:maven.mag.calibrated:data.pc:mvn_mag_l2_2025206pc1s_20250725::1.2
P,urn:nasa:pds:maven.mag.calibrated:data.pc:mvn_mag_l2_2025207pc1s_20250726::1.2
P,urn:nasa:pds:maven.mag.calibrated:data.pc:mvn_mag_l2_2025208pc1s_20250727::1.2
P,urn:nasa:pds:maven.mag.calibrated:data.pc:mvn_mag_l2_2025209pc1s_20250728::1.2
P,urn:nasa:pds:maven.mag.calibrated:data.pc:mvn_mag_l2_2025210pc1s_20250729::1.2
P,urn:nasa:pds:maven.mag.calibrated:data.pc:mvn_mag_l2_2025211pc1s_20250730::1.2
P,urn:nasa:pds:maven.mag.calibrated:data.pc:mvn_mag_l2_2025212pc1s_20250731::1.2
P,urn:nasa:pds:maven.mag.calibrated:data.pc:mvn_mag_l2_2025213pc1s_20250801::1.2
P,urn:nasa:pds:maven.mag.calibrated:data.pc:mvn_mag_l2_2025214pc1s_20250802::1.2
P,urn:nasa:pds:maven.mag.calibrated:data.pc:mvn_mag_l2_2025215pc1s_20250803::1.2
P,urn:nasa:pds:maven.mag.calibrated:data.pc:mvn_mag_l2_2025216pc1s_20250804::1.2
P,urn:nasa:pds:maven.mag.calibrated:data.pc:mvn_mag_l2_2025217pc1s_20250805::1.2
P,urn:nasa:pds:maven.mag.calibrated:data.pc:mvn_mag_l2_2025218pc1s_20250806::1.2
P,urn:nasa:pds:maven.mag.calibrated:data.pc:mvn_mag_l2_2025219pc1s_20250807::1.2
P,urn:nasa:pds:maven.mag.calibrated:data.pc:mvn_mag_l2_2025220pc1s_20250808::1.2
P,urn:nasa:pds:maven.mag.calibrated:data.pc:mvn_mag_l2_2025221pc1s_20250809::1.2
P,urn:nasa:pds:maven.mag.calibrated:data.pc:mvn_mag_l2_2025222pc1s_20250810::1.2
P,urn:nasa:pds:maven.mag.calibrated:data.pc:mvn_mag_l2_2025223pc1s_20250811::1.2
P,urn:nasa:pds:maven.mag.calibrated:data.pc:mvn_mag_l2_2025224pc1s_20250812::1.2
P,urn:nasa:pds:maven.mag.calibrated:data.pc:mvn_mag_l2_2025225pc1s_20250813::1.2
P,urn:nasa:pds:maven.mag.calibrated:data.pc:mvn_mag_l2_2025226pc1s_20250814::1.2
P,urn:nasa:pds:maven.mag.calibrated:data.pc:mvn_mag_l2_2025227pc1s_20250815::1.1
P,urn:nasa:pds:maven.mag.calibrated:data.pc:mvn_mag_l2_2025228pc1s_20250816::1.1
P,urn:nasa:pds:maven.mag.calibrated:data.pc:mvn_mag_l2_2025229pc1s_20250817::1.1
P,urn:nasa:pds:maven.mag.calibrated:data.pc:mvn_mag_l2_2025230pc1s_20250818::1.1
P,urn:nasa:pds:maven.mag.calibrated:data.pc:mvn_mag_l2_2025231pc1s_20250819::1.1
P,urn:nasa:pds:maven.mag.calibrated:data.pc:mvn_mag_l2_2025232pc1s_20250820::1.1
P,urn:nasa:pds:maven.mag.calibrated:data.pc:mvn_mag_l2_2025233pc1s_20250821::1.1
P,urn:nasa:pds:maven.mag.calibrated:data.pc:mvn_mag_l2_2025234pc1s_20250822::1.1
P,urn:nasa:pds:maven.mag.calibrated:data.pc:mvn_mag_l2_2025235pc1s_20250823::1.1
P,urn:nasa:pds:maven.mag.calibrated:data.pc:mvn_mag_l2_2025236pc1s_20250824::1.1
P,urn:nasa:pds:maven.mag.calibrated:data.pc:mvn_mag_l2_2025237pc1s_20250825::1.1
P,urn:nasa:pds:maven.mag.calibrated:data.pc:mvn_mag_l2_2025238pc1s_20250826::1.1
P,urn:nasa:pds:maven.mag.calibrated:data.pc:mvn_mag_l2_2025239pc1s_20250827::1.1
P,urn:nasa:pds:maven.mag.calibrated:data.pc:mvn_mag_l2_2025240pc1s_20250828::1.1
P,urn:nasa:pds:maven.mag.calibrated:data.pc:mvn_mag_l2_2025241pc1s_20250829::1.1
P,urn:nasa:pds:maven.mag.calibrated:data.pc:mvn_mag_l2_2025242pc1s_20250830::1.1
P,urn:nasa:pds:maven.mag.calibrated:data.pc:mvn_mag_l2_2025243pc1s_20250831::1.1
P,urn:nasa:pds:maven.mag.calibrated:data.pc:mvn_mag_l2_2025244pc1s_20250901::1.1
P,urn:nasa:pds:maven.mag.calibrated:data.pc:mvn_mag_l2_2025245pc1s_20250902::1.1
P,urn:nasa:pds:maven.mag.calibrated:data.pc:mvn_mag_l2_2025246pc1s_20250903::1.1
P,urn:nasa:pds:maven.mag.calibrated:data.pc:mvn_mag_l2_2025247pc1s_20250904::1.1
P,urn:nasa:pds:maven.mag.calibrated:data.pc:mvn_mag_l2_2025248pc1s_20250905::1.1
P,urn:nasa:pds:maven.mag.calibrated:data.pc:mvn_mag_l2_2025249pc1s_20250906::1.1
P,urn:nasa:pds:maven.mag.calibrated:data.pc:mvn_mag_l2_2025250pc1s_20250907::1.1
P,urn:nasa:pds:maven.mag.calibrated:data.pc:mvn_mag_l2_2025251pc1s_20250908::1.1
P,urn:nasa:pds:maven.mag.calibrated:data.pc:mvn_mag_l2_2025252pc1s_20250909::1.1
P,urn:nasa:pds:maven.mag.calibrated:data.pc:mvn_mag_l2_2025253pc1s_20250910::1.1
P,urn:nasa:pds:maven.mag.calibrated:data.pc:mvn_mag_l2_2025254pc1s_20250911::1.1
P,urn:nasa:pds:maven.mag.calibrated:data.pc:mvn_mag_l2_2025255pc1s_20250912::1.1
P,urn:nasa:pds:maven.mag.calibrated:data.pc:mvn_mag_l2_2025256pc1s_20250913::1.1
P,urn:nasa:pds:maven.mag.calibrated:data.pc:mvn_mag_l2_2025257pc1s_20250914::1.1
P,urn:nasa:pds:maven.mag.calibrated:data.pc:mvn_mag_l2_2025258pc1s_20250915::1.1
P,urn:nasa:pds:maven.mag.calibrated:data.pc:mvn_mag_l2_2025259pc1s_20250916::1.1
P,urn:nasa:pds:maven.mag.calibrated:data.pc:mvn_mag_l2_2025260pc1s_20250917::1.1
P,urn:nasa:pds:maven.mag.calibrated:data.pc:mvn_mag_l2_2025261pc1s_20250918::1.1
P,urn:nasa:pds:maven.mag.calibrated:data.pc:mvn_mag_l2_2025262pc1s_20250919::1.1
P,urn:nasa:pds:maven.mag.calibrated:data.pc:mvn_mag_l2_2025263pc1s_20250920::1.1
P,urn:nasa:pds:maven.mag.calibrated:data.pc:mvn_mag_l2_2025264pc1s_20250921::1.1
P,urn:nasa:pds:maven.mag.calibrated:data.pc:mvn_mag_l2_2025265pc1s_20250922::1.1
P,urn:nasa:pds:maven.mag.calibrated:data.pc:mvn_mag_l2_2025266pc1s_20250923::1.1
P,urn:nasa:pds:maven.mag.calibrated:data.pc:mvn_mag_l2_2025267pc1s_20250924::1.1
P,urn:nasa:pds:maven.mag.calibrated:data.pc:mvn_mag_l2_2025268pc1s_20250925::1.1
P,urn:nasa:pds:maven.mag.calibrated:data.pc:mvn_mag_l2_2025269pc1s_20250926::1.1
P,urn:nasa:pds:maven.mag.calibrated:data.pc:mvn_mag_l2_2025270pc1s_20250927::1.1
P,urn:nasa:pds:maven.mag.calibrated:data.pc:mvn_mag_l2_2025271pc1s_20250928::1.1
P,urn:nasa:pds:maven.mag.calibrated:data.pc:mvn_mag_l2_2025272pc1s_20250929::1.1
P,urn:nasa:pds:maven.mag.calibrated:data.pc:mvn_mag_l2_2025273pc1s_20250930::1.1
P,urn:nasa:pds:maven.mag.calibrated:data.pc:mvn_mag_l2_2025274pc1s_20251001::1.1
P,urn:nasa:pds:maven.mag.calibrated:data.pc:mvn_mag_l2_2025275pc1s_20251002::1.1
P,urn:nasa:pds:maven.mag.calibrated:data.pc:mvn_mag_l2_2025276pc1s_20251003::1.1
P,urn:nasa:pds:maven.mag.calibrated:data.pc:mvn_mag_l2_2025277pc1s_20251004::1.1
P,urn:nasa:pds:maven.mag.calibrated:data.pc:mvn_mag_l2_2025278pc1s_20251005::1.1
P,urn:nasa:pds:maven.mag.calibrated:data.pc:mvn_mag_l2_2025279pc1s_20251006::1.1
P,urn:nasa:pds:maven.mag.calibrated:data.pc:mvn_mag_l2_2025280pc1s_20251007::1.1
P,urn:nasa:pds:maven.mag.calibrated:data.pc:mvn_mag_l2_2025281pc1s_20251008::1.1
P,urn:nasa:pds:maven.mag.calibrated:data.pc:mvn_mag_l2_2025282pc1s_20251009::1.1
P,urn:nasa:pds:maven.mag.calibrated:data.pc:mvn_mag_l2_2025283pc1s_20251010::1.1
P,urn:nasa:pds:maven.mag.calibrated:data.pc:mvn_mag_l2_2025284pc1s_20251011::1.1
P,urn:nasa:pds:maven.mag.calibrated:data.pc:mvn_mag_l2_2025285pc1s_20251012::1.1
P,urn:nasa:pds:maven.mag.calibrated:data.pc:mvn_mag_l2_2025286pc1s_20251013::1.1
P,urn:nasa:pds:maven.mag.calibrated:data.pc:mvn_mag_l2_2025287pc1s_20251014::1.1
P,urn:nasa:pds:maven.mag.calibrated:data.pc:mvn_mag_l2_2025288pc1s_20251015::1.1
P,urn:nasa:pds:maven.mag.calibrated:data.pc:mvn_mag_l2_2025289pc1s_20251016::1.1
P,urn:nasa:pds:maven.mag.calibrated:data.pc:mvn_mag_l2_2025290pc1s_20251017::1.1
P,urn:nasa:pds:maven.mag.calibrated:data.pc:mvn_mag_l2_2025291pc1s_20251018::1.1
P,urn:nasa:pds:maven.mag.calibrated:data.pc:mvn_mag_l2_2025292pc1s_20251019::1.1
P,urn:nasa:pds:maven.mag.calibrated:data.pc:mvn_mag_l2_2025293pc1s_20251020::1.1
P,urn:nasa:pds:maven.mag.calibrated:data.pc:mvn_mag_l2_2025294pc1s_20251021::1.1
P,urn:nasa:pds:maven.mag.calibrated:data.pc:mvn_mag_l2_2025295pc1s_20251022::1.1
P,urn:nasa:pds:maven.mag.calibrated:data.pc:mvn_mag_l2_2025296pc1s_20251023::1.1
P,urn:nasa:pds:maven.mag.calibrated:data.pc:mvn_mag_l2_2025297pc1s_20251024::1.1
P,urn:nasa:pds:maven.mag.calibrated:data.pc:mvn_mag_l2_2025298pc1s_20251025::1.1
P,urn:nasa:pds:maven.mag.calibrated:data.pc:mvn_mag_l2_2025299pc1s_20251026::1.1
P,urn:nasa:pds:maven.mag.calibrated:data.pc:mvn_mag_l2_2025300pc1s_20251027::1.1
P,urn:nasa:pds:maven.mag.calibrated:data.pc:mvn_mag_l2_2025301pc1s_20251028::1.1
P,urn:nasa:pds:maven.mag.calibrated:data.pc:mvn_mag_l2_2025302pc1s_20251029::1.1
P,urn:nasa:pds:maven.mag.calibrated:data.pc:mvn_mag_l2_2025303pc1s_20251030::1.1
P,urn:nasa:pds:maven.mag.calibrated:data.pc:mvn_mag_l2_2025304pc1s_20251031::1.1
P,urn:nasa:pds:maven.mag.calibrated:data.pc:mvn_mag_l2_2025305pc1s_20251101::1.1
P,urn:nasa:pds:maven.mag.calibrated:data.pc:mvn_mag_l2_2025306pc1s_20251102::1.1
P,urn:nasa:pds:maven.mag.calibrated:data.pc:mvn_mag_l2_2025307pc1s_20251103::1.1
P,urn:nasa:pds:maven.mag.calibrated:data.pc:mvn_mag_l2_2025308pc1s_20251104::1.1
P,urn:nasa:pds:maven.mag.calibrated:data.pc:mvn_mag_l2_2025309pc1s_20251105::1.1
P,urn:nasa:pds:maven.mag.calibrated:data.pc:mvn_mag_l2_2025310pc1s_20251106::1.1
P,urn:nasa:pds:maven.mag.calibrated:data.pc:mvn_mag_l2_2025311pc1s_20251107::1.1
P,urn:nasa:pds:maven.mag.calibrated:data.pc:mvn_mag_l2_2025312pc1s_20251108::1.1
P,urn:nasa:pds:maven.mag.calibrated:data.pc:mvn_mag_l2_2025313pc1s_20251109::1.1
P,urn:nasa:pds:maven.mag.calibrated:data.pc:mvn_mag_l2_2025314pc1s_20251110::1.1
P,urn:nasa:pds:maven.mag.calibrated:data.pc:mvn_mag_l2_2025315pc1s_20251111::1.1
P,urn:nasa:pds:maven.mag.calibrated:data.pc:mvn_mag_l2_2025316pc1s_20251112::1.1
P,urn:nasa:pds:maven.mag.calibrated:data.pc:mvn_mag_l2_2025317pc1s_20251113::1.1
P,urn:nasa:pds:maven.mag.calibrated:data.pc:mvn_mag_l2_2025318pc1s_20251114::1.1
P,urn:nasa:pds:maven.mag.calibrated:data.pc:mvn_mag_l2_2025319pc1s_20251115::1.0
P,urn:nasa:pds:maven.mag.calibrated:data.pc:mvn_mag_l2_2025320pc1s_20251116::1.0
P,urn:nasa:pds:maven.mag.calibrated:data.pc:mvn_mag_l2_2025321pc1s_20251117::1.0
P,urn:nasa:pds:maven.mag.calibrated:data.pc:mvn_mag_l2_2025322pc1s_20251118::1.0
P,urn:nasa:pds:maven.mag.calibrated:data.pc:mvn_mag_l2_2025323pc1s_20251119::1.0
P,urn:nasa:pds:maven.mag.calibrated:data.pc:mvn_mag_l2_2025324pc1s_20251120::1.0
P,urn:nasa:pds:maven.mag.calibrated:data.pc:mvn_mag_l2_2025325pc1s_20251121::1.0
P,urn:nasa:pds:maven.mag.calibrated:data.pc:mvn_mag_l2_2025326pc1s_20251122::1.0
P,urn:nasa:pds:maven.mag.calibrated:data.pc:mvn_mag_l2_2025327pc1s_20251123::1.0
P,urn:nasa:pds:maven.mag.calibrated:data.pc:mvn_mag_l2_2025328pc1s_20251124::1.0
P,urn:nasa:pds:maven.mag.calibrated:data.pc:mvn_mag_l2_2025329pc1s_20251125::1.0
P,urn:nasa:pds:maven.mag.calibrated:data.pc:mvn_mag_l2_2025330pc1s_20251126::1.0
P,urn:nasa:pds:maven.mag.calibrated:data.pc:mvn_mag_l2_2025331pc1s_20251127::1.0
P,urn:nasa:pds:maven.mag.calibrated:data.pc:mvn_mag_l2_2025332pc1s_20251128::1.0
P,urn:nasa:pds:maven.mag.calibrated:data.pc:mvn_mag_l2_2025333pc1s_20251129::1.0
P,urn:nasa:pds:maven.mag.calibrated:data.pc:mvn_mag_l2_2025334pc1s_20251130::1.0
P,urn:nasa:pds:maven.mag.calibrated:data.pc:mvn_mag_l2_2025335pc1s_20251201::1.0
P,urn:nasa:pds:maven.mag.calibrated:data.pc:mvn_mag_l2_2025336pc1s_20251202::1.0
P,urn:nasa:pds:maven.mag.calibrated:data.pc:mvn_mag_l2_2025337pc1s_20251203::1.0
P,urn:nasa:pds:maven.mag.calibrated:data.pc:mvn_mag_l2_2025338pc1s_20251204::1.0
P,urn:nasa:pds:maven.mag.calibrated:data.pc:mvn_mag_l2_2025339pc1s_20251205::1.0
P,urn:nasa:pds:maven.mag.calibrated:data.pc:mvn_mag_l2_2014283pc_20141010::1.2
P,urn:nasa:pds:maven.mag.calibrated:data.pc:mvn_mag_l2_2014284pc_20141011::1.2
P,urn:nasa:pds:maven.mag.calibrated:data.pc:mvn_mag_l2_2014285pc_20141012::1.2
P,urn:nasa:pds:maven.mag.calibrated:data.pc:mvn_mag_l2_2014286pc_20141013::1.2
P,urn:nasa:pds:maven.mag.calibrated:data.pc:mvn_mag_l2_2014287pc_20141014::1.2
P,urn:nasa:pds:maven.mag.calibrated:data.pc:mvn_mag_l2_2014288pc_20141015::1.2
P,urn:nasa:pds:maven.mag.calibrated:data.pc:mvn_mag_l2_2014289pc_20141016::1.2
P,urn:nasa:pds:maven.mag.calibrated:data.pc:mvn_mag_l2_2014290pc_20141017::1.2
P,urn:nasa:pds:maven.mag.calibrated:data.pc:mvn_mag_l2_2014291pc_20141018::1.2
P,urn:nasa:pds:maven.mag.calibrated:data.pc:mvn_mag_l2_2014292pc_20141019::1.2
P,urn:nasa:pds:maven.mag.calibrated:data.pc:mvn_mag_l2_2014293pc_20141020::1.2
P,urn:nasa:pds:maven.mag.calibrated:data.pc:mvn_mag_l2_2014294pc_20141021::1.2
P,urn:nasa:pds:maven.mag.calibrated:data.pc:mvn_mag_l2_2014295pc_20141022::1.2
P,urn:nasa:pds:maven.mag.calibrated:data.pc:mvn_mag_l2_2014296pc_20141023::1.2
P,urn:nasa:pds:maven.mag.calibrated:data.pc:mvn_mag_l2_2014297pc_20141024::1.2
P,urn:nasa:pds:maven.mag.calibrated:data.pc:mvn_mag_l2_2014298pc_20141025::1.2
P,urn:nasa:pds:maven.mag.calibrated:data.pc:mvn_mag_l2_2014302pc_20141029::1.2
P,urn:nasa:pds:maven.mag.calibrated:data.pc:mvn_mag_l2_2014303pc_20141030::1.2
P,urn:nasa:pds:maven.mag.calibrated:data.pc:mvn_mag_l2_2014304pc_20141031::1.2
P,urn:nasa:pds:maven.mag.calibrated:data.pc:mvn_mag_l2_2014305pc_20141101::1.2
P,urn:nasa:pds:maven.mag.calibrated:data.pc:mvn_mag_l2_2014306pc_20141102::1.2
P,urn:nasa:pds:maven.mag.calibrated:data.pc:mvn_mag_l2_2014307pc_20141103::1.2
P,urn:nasa:pds:maven.mag.calibrated:data.pc:mvn_mag_l2_2014308pc_20141104::1.2
P,urn:nasa:pds:maven.mag.calibrated:data.pc:mvn_mag_l2_2014309pc_20141105::1.2
P,urn:nasa:pds:maven.mag.calibrated:data.pc:mvn_mag_l2_2014310pc_20141106::1.2
P,urn:nasa:pds:maven.mag.calibrated:data.pc:mvn_mag_l2_2014311pc_20141107::1.2
P,urn:nasa:pds:maven.mag.calibrated:data.pc:mvn_mag_l2_2014312pc_20141108::1.2
P,urn:nasa:pds:maven.mag.calibrated:data.pc:mvn_mag_l2_2014313pc_20141109::1.2
P,urn:nasa:pds:maven.mag.calibrated:data.pc:mvn_mag_l2_2014314pc_20141110::1.2
P,urn:nasa:pds:maven.mag.calibrated:data.pc:mvn_mag_l2_2014315pc_20141111::1.2
P,urn:nasa:pds:maven.mag.calibrated:data.pc:mvn_mag_l2_2014316pc_20141112::1.2
P,urn:nasa:pds:maven.mag.calibrated:data.pc:mvn_mag_l2_2014317pc_20141113::1.2
P,urn:nasa:pds:maven.mag.calibrated:data.pc:mvn_mag_l2_2014318pc_20141114::1.2
P,urn:nasa:pds:maven.mag.calibrated:data.pc:mvn_mag_l2_2014319pc_20141115::1.2
P,urn:nasa:pds:maven.mag.calibrated:data.pc:mvn_mag_l2_2014320pc_20141116::1.2
P,urn:nasa:pds:maven.mag.calibrated:data.pc:mvn_mag_l2_2014321pc_20141117::1.2
P,urn:nasa:pds:maven.mag.calibrated:data.pc:mvn_mag_l2_2014322pc_20141118::1.2
P,urn:nasa:pds:maven.mag.calibrated:data.pc:mvn_mag_l2_2014323pc_20141119::1.2
P,urn:nasa:pds:maven.mag.calibrated:data.pc:mvn_mag_l2_2014331pc_20141127::1.2
P,urn:nasa:pds:maven.mag.calibrated:data.pc:mvn_mag_l2_2014332pc_20141128::1.2
P,urn:nasa:pds:maven.mag.calibrated:data.pc:mvn_mag_l2_2014333pc_20141129::1.2
P,urn:nasa:pds:maven.mag.calibrated:data.pc:mvn_mag_l2_2014334pc_20141130::1.2
P,urn:nasa:pds:maven.mag.calibrated:data.pc:mvn_mag_l2_2014335pc_20141201::1.2
P,urn:nasa:pds:maven.mag.calibrated:data.pc:mvn_mag_l2_2014336pc_20141202::1.2
P,urn:nasa:pds:maven.mag.calibrated:data.pc:mvn_mag_l2_2014337pc_20141203::1.2
P,urn:nasa:pds:maven.mag.calibrated:data.pc:mvn_mag_l2_2014338pc_20141204::1.2
P,urn:nasa:pds:maven.mag.calibrated:data.pc:mvn_mag_l2_2014339pc_20141205::1.2
P,urn:nasa:pds:maven.mag.calibrated:data.pc:mvn_mag_l2_2014340pc_20141206::1.2
P,urn:nasa:pds:maven.mag.calibrated:data.pc:mvn_mag_l2_2014341pc_20141207::1.2
P,urn:nasa:pds:maven.mag.calibrated:data.pc:mvn_mag_l2_2014342pc_20141208::1.2
P,urn:nasa:pds:maven.mag.calibrated:data.pc:mvn_mag_l2_2014343pc_20141209::1.2
P,urn:nasa:pds:maven.mag.calibrated:data.pc:mvn_mag_l2_2014344pc_20141210::1.2
P,urn:nasa:pds:maven.mag.calibrated:data.pc:mvn_mag_l2_2014345pc_20141211::1.2
P,urn:nasa:pds:maven.mag.calibrated:data.pc:mvn_mag_l2_2014346pc_20141212::1.2
P,urn:nasa:pds:maven.mag.calibrated:data.pc:mvn_mag_l2_2014347pc_20141213::1.2
P,urn:nasa:pds:maven.mag.calibrated:data.pc:mvn_mag_l2_2014348pc_20141214::1.2
P,urn:nasa:pds:maven.mag.calibrated:data.pc:mvn_mag_l2_2014349pc_20141215::1.2
P,urn:nasa:pds:maven.mag.calibrated:data.pc:mvn_mag_l2_2014350pc_20141216::1.2
P,urn:nasa:pds:maven.mag.calibrated:data.pc:mvn_mag_l2_2014351pc_20141217::1.2
P,urn:nasa:pds:maven.mag.calibrated:data.pc:mvn_mag_l2_2014352pc_20141218::1.2
P,urn:nasa:pds:maven.mag.calibrated:data.pc:mvn_mag_l2_2014353pc_20141219::1.2
P,urn:nasa:pds:maven.mag.calibrated:data.pc:mvn_mag_l2_2014354pc_20141220::1.2
P,urn:nasa:pds:maven.mag.calibrated:data.pc:mvn_mag_l2_2014355pc_20141221::1.2
P,urn:nasa:pds:maven.mag.calibrated:data.pc:mvn_mag_l2_2014356pc_20141222::1.2
P,urn:nasa:pds:maven.mag.calibrated:data.pc:mvn_mag_l2_2014357pc_20141223::1.2
P,urn:nasa:pds:maven.mag.calibrated:data.pc:mvn_mag_l2_2014358pc_20141224::1.2
P,urn:nasa:pds:maven.mag.calibrated:data.pc:mvn_mag_l2_2014359pc_20141225::1.2
P,urn:nasa:pds:maven.mag.calibrated:data.pc:mvn_mag_l2_2014360pc_20141226::1.2
P,urn:nasa:pds:maven.mag.calibrated:data.pc:mvn_mag_l2_2014361pc_20141227::1.2
P,urn:nasa:pds:maven.mag.calibrated:data.pc:mvn_mag_l2_2014362pc_20141228::1.2
P,urn:nasa:pds:maven.mag.calibrated:data.pc:mvn_mag_l2_2014363pc_20141229::1.2
P,urn:nasa:pds:maven.mag.calibrated:data.pc:mvn_mag_l2_2014364pc_20141230::1.2
P,urn:nasa:pds:maven.mag.calibrated:data.pc:mvn_mag_l2_2014365pc_20141231::1.2
P,urn:nasa:pds:maven.mag.calibrated:data.pc:mvn_mag_l2_2015001pc_20150101::1.2
P,urn:nasa:pds:maven.mag.calibrated:data.pc:mvn_mag_l2_2015002pc_20150102::1.2
P,urn:nasa:pds:maven.mag.calibrated:data.pc:mvn_mag_l2_2015003pc_20150103::1.2
P,urn:nasa:pds:maven.mag.calibrated:data.pc:mvn_mag_l2_2015004pc_20150104::1.2
P,urn:nasa:pds:maven.mag.calibrated:data.pc:mvn_mag_l2_2015005pc_20150105::1.2
P,urn:nasa:pds:maven.mag.calibrated:data.pc:mvn_mag_l2_2015006pc_20150106::1.2
P,urn:nasa:pds:maven.mag.calibrated:data.pc:mvn_mag_l2_2015007pc_20150107::1.2
P,urn:nasa:pds:maven.mag.calibrated:data.pc:mvn_mag_l2_2015008pc_20150108::1.2
P,urn:nasa:pds:maven.mag.calibrated:data.pc:mvn_mag_l2_2015009pc_20150109::1.2
P,urn:nasa:pds:maven.mag.calibrated:data.pc:mvn_mag_l2_2015010pc_20150110::1.2
P,urn:nasa:pds:maven.mag.calibrated:data.pc:mvn_mag_l2_2015011pc_20150111::1.2
P,urn:nasa:pds:maven.mag.calibrated:data.pc:mvn_mag_l2_2015012pc_20150112::1.2
P,urn:nasa:pds:maven.mag.calibrated:data.pc:mvn_mag_l2_2015013pc_20150113::1.2
P,urn:nasa:pds:maven.mag.calibrated:data.pc:mvn_mag_l2_2015014pc_20150114::1.2
P,urn:nasa:pds:maven.mag.calibrated:data.pc:mvn_mag_l2_2015015pc_20150115::1.2
P,urn:nasa:pds:maven.mag.calibrated:data.pc:mvn_mag_l2_2015016pc_20150116::1.2
P,urn:nasa:pds:maven.mag.calibrated:data.pc:mvn_mag_l2_2015017pc_20150117::1.2
P,urn:nasa:pds:maven.mag.calibrated:data.pc:mvn_mag_l2_2015018pc_20150118::1.2
P,urn:nasa:pds:maven.mag.calibrated:data.pc:mvn_mag_l2_2015019pc_20150119::1.2
P,urn:nasa:pds:maven.mag.calibrated:data.pc:mvn_mag_l2_2015020pc_20150120::1.2
P,urn:nasa:pds:maven.mag.calibrated:data.pc:mvn_mag_l2_2015021pc_20150121::1.2
P,urn:nasa:pds:maven.mag.calibrated:data.pc:mvn_mag_l2_2015022pc_20150122::1.2
P,urn:nasa:pds:maven.mag.calibrated:data.pc:mvn_mag_l2_2015023pc_20150123::1.2
P,urn:nasa:pds:maven.mag.calibrated:data.pc:mvn_mag_l2_2015024pc_20150124::1.2
P,urn:nasa:pds:maven.mag.calibrated:data.pc:mvn_mag_l2_2015025pc_20150125::1.2
P,urn:nasa:pds:maven.mag.calibrated:data.pc:mvn_mag_l2_2015026pc_20150126::1.2
P,urn:nasa:pds:maven.mag.calibrated:data.pc:mvn_mag_l2_2015027pc_20150127::1.2
P,urn:nasa:pds:maven.mag.calibrated:data.pc:mvn_mag_l2_2015028pc_20150128::1.2
P,urn:nasa:pds:maven.mag.calibrated:data.pc:mvn_mag_l2_2015029pc_20150129::1.2
P,urn:nasa:pds:maven.mag.calibrated:data.pc:mvn_mag_l2_2015030pc_20150130::1.2
P,urn:nasa:pds:maven.mag.calibrated:data.pc:mvn_mag_l2_2015031pc_20150131::1.2
P,urn:nasa:pds:maven.mag.calibrated:data.pc:mvn_mag_l2_2015032pc_20150201::1.2
P,urn:nasa:pds:maven.mag.calibrated:data.pc:mvn_mag_l2_2015033pc_20150202::1.2
P,urn:nasa:pds:maven.mag.calibrated:data.pc:mvn_mag_l2_2015034pc_20150203::1.2
P,urn:nasa:pds:maven.mag.calibrated:data.pc:mvn_mag_l2_2015035pc_20150204::1.2
P,urn:nasa:pds:maven.mag.calibrated:data.pc:mvn_mag_l2_2015036pc_20150205::1.2
P,urn:nasa:pds:maven.mag.calibrated:data.pc:mvn_mag_l2_2015037pc_20150206::1.2
P,urn:nasa:pds:maven.mag.calibrated:data.pc:mvn_mag_l2_2015038pc_20150207::1.2
P,urn:nasa:pds:maven.mag.calibrated:data.pc:mvn_mag_l2_2015039pc_20150208::1.2
P,urn:nasa:pds:maven.mag.calibrated:data.pc:mvn_mag_l2_2015040pc_20150209::1.2
P,urn:nasa:pds:maven.mag.calibrated:data.pc:mvn_mag_l2_2015041pc_20150210::1.2
P,urn:nasa:pds:maven.mag.calibrated:data.pc:mvn_mag_l2_2015042pc_20150211::1.2
P,urn:nasa:pds:maven.mag.calibrated:data.pc:mvn_mag_l2_2015043pc_20150212::1.2
P,urn:nasa:pds:maven.mag.calibrated:data.pc:mvn_mag_l2_2015044pc_20150213::1.2
P,urn:nasa:pds:maven.mag.calibrated:data.pc:mvn_mag_l2_2015045pc_20150214::1.2
P,urn:nasa:pds:maven.mag.calibrated:data.pc:mvn_mag_l2_2015046pc_20150215::1.2
P,urn:nasa:pds:maven.mag.calibrated:data.pc:mvn_mag_l2_2015047pc_20150216::1.2
P,urn:nasa:pds:maven.mag.calibrated:data.pc:mvn_mag_l2_2015048pc_20150217::1.2
P,urn:nasa:pds:maven.mag.calibrated:data.pc:mvn_mag_l2_2015049pc_20150218::1.2
P,urn:nasa:pds:maven.mag.calibrated:data.pc:mvn_mag_l2_2015050pc_20150219::1.2
P,urn:nasa:pds:maven.mag.calibrated:data.pc:mvn_mag_l2_2015051pc_20150220::1.2
P,urn:nasa:pds:maven.mag.calibrated:data.pc:mvn_mag_l2_2015052pc_20150221::1.2
P,urn:nasa:pds:maven.mag.calibrated:data.pc:mvn_mag_l2_2015053pc_20150222::1.2
P,urn:nasa:pds:maven.mag.calibrated:data.pc:mvn_mag_l2_2015054pc_20150223::1.2
P,urn:nasa:pds:maven.mag.calibrated:data.pc:mvn_mag_l2_2015055pc_20150224::1.2
P,urn:nasa:pds:maven.mag.calibrated:data.pc:mvn_mag_l2_2015056pc_20150225::1.2
P,urn:nasa:pds:maven.mag.calibrated:data.pc:mvn_mag_l2_2015057pc_20150226::1.2
P,urn:nasa:pds:maven.mag.calibrated:data.pc:mvn_mag_l2_2015058pc_20150227::1.2
P,urn:nasa:pds:maven.mag.calibrated:data.pc:mvn_mag_l2_2015059pc_20150228::1.2
P,urn:nasa:pds:maven.mag.calibrated:data.pc:mvn_mag_l2_2015060pc_20150301::1.2
P,urn:nasa:pds:maven.mag.calibrated:data.pc:mvn_mag_l2_2015061pc_20150302::1.2
P,urn:nasa:pds:maven.mag.calibrated:data.pc:mvn_mag_l2_2015062pc_20150303::1.2
P,urn:nasa:pds:maven.mag.calibrated:data.pc:mvn_mag_l2_2015063pc_20150304::1.2
P,urn:nasa:pds:maven.mag.calibrated:data.pc:mvn_mag_l2_2015064pc_20150305::1.2
P,urn:nasa:pds:maven.mag.calibrated:data.pc:mvn_mag_l2_2015065pc_20150306::1.2
P,urn:nasa:pds:maven.mag.calibrated:data.pc:mvn_mag_l2_2015066pc_20150307::1.2
P,urn:nasa:pds:maven.mag.calibrated:data.pc:mvn_mag_l2_2015067pc_20150308::1.2
P,urn:nasa:pds:maven.mag.calibrated:data.pc:mvn_mag_l2_2015068pc_20150309::1.2
P,urn:nasa:pds:maven.mag.calibrated:data.pc:mvn_mag_l2_2015069pc_20150310::1.2
P,urn:nasa:pds:maven.mag.calibrated:data.pc:mvn_mag_l2_2015070pc_20150311::1.2
P,urn:nasa:pds:maven.mag.calibrated:data.pc:mvn_mag_l2_2015071pc_20150312::1.2
P,urn:nasa:pds:maven.mag.calibrated:data.pc:mvn_mag_l2_2015072pc_20150313::1.2
P,urn:nasa:pds:maven.mag.calibrated:data.pc:mvn_mag_l2_2015073pc_20150314::1.2
P,urn:nasa:pds:maven.mag.calibrated:data.pc:mvn_mag_l2_2015074pc_20150315::1.2
P,urn:nasa:pds:maven.mag.calibrated:data.pc:mvn_mag_l2_2015075pc_20150316::1.2
P,urn:nasa:pds:maven.mag.calibrated:data.pc:mvn_mag_l2_2015076pc_20150317::1.2
P,urn:nasa:pds:maven.mag.calibrated:data.pc:mvn_mag_l2_2015077pc_20150318::1.2
P,urn:nasa:pds:maven.mag.calibrated:data.pc:mvn_mag_l2_2015078pc_20150319::1.2
P,urn:nasa:pds:maven.mag.calibrated:data.pc:mvn_mag_l2_2015079pc_20150320::1.2
P,urn:nasa:pds:maven.mag.calibrated:data.pc:mvn_mag_l2_2015080pc_20150321::1.2
P,urn:nasa:pds:maven.mag.calibrated:data.pc:mvn_mag_l2_2015081pc_20150322::1.2
P,urn:nasa:pds:maven.mag.calibrated:data.pc:mvn_mag_l2_2015082pc_20150323::1.2
P,urn:nasa:pds:maven.mag.calibrated:data.pc:mvn_mag_l2_2015083pc_20150324::1.2
P,urn:nasa:pds:maven.mag.calibrated:data.pc:mvn_mag_l2_2015084pc_20150325::1.2
P,urn:nasa:pds:maven.mag.calibrated:data.pc:mvn_mag_l2_2015085pc_20150326::1.2
P,urn:nasa:pds:maven.mag.calibrated:data.pc:mvn_mag_l2_2015086pc_20150327::1.2
P,urn:nasa:pds:maven.mag.calibrated:data.pc:mvn_mag_l2_2015087pc_20150328::1.2
P,urn:nasa:pds:maven.mag.calibrated:data.pc:mvn_mag_l2_2015088pc_20150329::1.2
P,urn:nasa:pds:maven.mag.calibrated:data.pc:mvn_mag_l2_2015089pc_20150330::1.2
P,urn:nasa:pds:maven.mag.calibrated:data.pc:mvn_mag_l2_2015090pc_20150331::1.2
P,urn:nasa:pds:maven.mag.calibrated:data.pc:mvn_mag_l2_2015091pc_20150401::1.2
P,urn:nasa:pds:maven.mag.calibrated:data.pc:mvn_mag_l2_2015092pc_20150402::1.2
P,urn:nasa:pds:maven.mag.calibrated:data.pc:mvn_mag_l2_2015093pc_20150403::1.2
P,urn:nasa:pds:maven.mag.calibrated:data.pc:mvn_mag_l2_2015104pc_20150414::1.2
P,urn:nasa:pds:maven.mag.calibrated:data.pc:mvn_mag_l2_2015105pc_20150415::1.2
P,urn:nasa:pds:maven.mag.calibrated:data.pc:mvn_mag_l2_2015106pc_20150416::1.2
P,urn:nasa:pds:maven.mag.calibrated:data.pc:mvn_mag_l2_2015107pc_20150417::1.2
P,urn:nasa:pds:maven.mag.calibrated:data.pc:mvn_mag_l2_2015108pc_20150418::1.2
P,urn:nasa:pds:maven.mag.calibrated:data.pc:mvn_mag_l2_2015109pc_20150419::1.2
P,urn:nasa:pds:maven.mag.calibrated:data.pc:mvn_mag_l2_2015110pc_20150420::1.2
P,urn:nasa:pds:maven.mag.calibrated:data.pc:mvn_mag_l2_2015111pc_20150421::1.2
P,urn:nasa:pds:maven.mag.calibrated:data.pc:mvn_mag_l2_2015112pc_20150422::1.2
P,urn:nasa:pds:maven.mag.calibrated:data.pc:mvn_mag_l2_2015113pc_20150423::1.2
P,urn:nasa:pds:maven.mag.calibrated:data.pc:mvn_mag_l2_2015114pc_20150424::1.2
P,urn:nasa:pds:maven.mag.calibrated:data.pc:mvn_mag_l2_2015115pc_20150425::1.2
P,urn:nasa:pds:maven.mag.calibrated:data.pc:mvn_mag_l2_2015116pc_20150426::1.2
P,urn:nasa:pds:maven.mag.calibrated:data.pc:mvn_mag_l2_2015117pc_20150427::1.2
P,urn:nasa:pds:maven.mag.calibrated:data.pc:mvn_mag_l2_2015118pc_20150428::1.2
P,urn:nasa:pds:maven.mag.calibrated:data.pc:mvn_mag_l2_2015119pc_20150429::1.2
P,urn:nasa:pds:maven.mag.calibrated:data.pc:mvn_mag_l2_2015120pc_20150430::1.2
P,urn:nasa:pds:maven.mag.calibrated:data.pc:mvn_mag_l2_2015121pc_20150501::1.2
P,urn:nasa:pds:maven.mag.calibrated:data.pc:mvn_mag_l2_2015122pc_20150502::1.2
P,urn:nasa:pds:maven.mag.calibrated:data.pc:mvn_mag_l2_2015123pc_20150503::1.2
P,urn:nasa:pds:maven.mag.calibrated:data.pc:mvn_mag_l2_2015124pc_20150504::1.2
P,urn:nasa:pds:maven.mag.calibrated:data.pc:mvn_mag_l2_2015125pc_20150505::1.2
P,urn:nasa:pds:maven.mag.calibrated:data.pc:mvn_mag_l2_2015126pc_20150506::1.2
P,urn:nasa:pds:maven.mag.calibrated:data.pc:mvn_mag_l2_2015127pc_20150507::1.2
P,urn:nasa:pds:maven.mag.calibrated:data.pc:mvn_mag_l2_2015128pc_20150508::1.2
P,urn:nasa:pds:maven.mag.calibrated:data.pc:mvn_mag_l2_2015129pc_20150509::1.2
P,urn:nasa:pds:maven.mag.calibrated:data.pc:mvn_mag_l2_2015130pc_20150510::1.2
P,urn:nasa:pds:maven.mag.calibrated:data.pc:mvn_mag_l2_2015131pc_20150511::1.2
P,urn:nasa:pds:maven.mag.calibrated:data.pc:mvn_mag_l2_2015132pc_20150512::1.2
P,urn:nasa:pds:maven.mag.calibrated:data.pc:mvn_mag_l2_2015133pc_20150513::1.2
P,urn:nasa:pds:maven.mag.calibrated:data.pc:mvn_mag_l2_2015134pc_20150514::1.2
P,urn:nasa:pds:maven.mag.calibrated:data.pc:mvn_mag_l2_2015135pc_20150515::1.2
P,urn:nasa:pds:maven.mag.calibrated:data.pc:mvn_mag_l2_2015136pc_20150516::1.2
P,urn:nasa:pds:maven.mag.calibrated:data.pc:mvn_mag_l2_2015137pc_20150517::1.2
P,urn:nasa:pds:maven.mag.calibrated:data.pc:mvn_mag_l2_2015138pc_20150518::1.2
P,urn:nasa:pds:maven.mag.calibrated:data.pc:mvn_mag_l2_2015139pc_20150519::1.2
P,urn:nasa:pds:maven.mag.calibrated:data.pc:mvn_mag_l2_2015140pc_20150520::1.2
P,urn:nasa:pds:maven.mag.calibrated:data.pc:mvn_mag_l2_2015141pc_20150521::1.2
P,urn:nasa:pds:maven.mag.calibrated:data.pc:mvn_mag_l2_2015142pc_20150522::1.2
P,urn:nasa:pds:maven.mag.calibrated:data.pc:mvn_mag_l2_2015143pc_20150523::1.2
P,urn:nasa:pds:maven.mag.calibrated:data.pc:mvn_mag_l2_2015144pc_20150524::1.2
P,urn:nasa:pds:maven.mag.calibrated:data.pc:mvn_mag_l2_2015145pc_20150525::1.2
P,urn:nasa:pds:maven.mag.calibrated:data.pc:mvn_mag_l2_2015146pc_20150526::1.2
P,urn:nasa:pds:maven.mag.calibrated:data.pc:mvn_mag_l2_2015147pc_20150527::1.2
P,urn:nasa:pds:maven.mag.calibrated:data.pc:mvn_mag_l2_2015148pc_20150528::1.2
P,urn:nasa:pds:maven.mag.calibrated:data.pc:mvn_mag_l2_2015149pc_20150529::1.2
P,urn:nasa:pds:maven.mag.calibrated:data.pc:mvn_mag_l2_2015150pc_20150530::1.2
P,urn:nasa:pds:maven.mag.calibrated:data.pc:mvn_mag_l2_2015151pc_20150531::1.2
P,urn:nasa:pds:maven.mag.calibrated:data.pc:mvn_mag_l2_2015152pc_20150601::1.2
P,urn:nasa:pds:maven.mag.calibrated:data.pc:mvn_mag_l2_2015153pc_20150602::1.2
P,urn:nasa:pds:maven.mag.calibrated:data.pc:mvn_mag_l2_2015154pc_20150603::1.2
P,urn:nasa:pds:maven.mag.calibrated:data.pc:mvn_mag_l2_2015155pc_20150604::1.2
P,urn:nasa:pds:maven.mag.calibrated:data.pc:mvn_mag_l2_2015156pc_20150605::1.2
P,urn:nasa:pds:maven.mag.calibrated:data.pc:mvn_mag_l2_2015157pc_20150606::1.2
P,urn:nasa:pds:maven.mag.calibrated:data.pc:mvn_mag_l2_2015158pc_20150607::1.2
P,urn:nasa:pds:maven.mag.calibrated:data.pc:mvn_mag_l2_2015159pc_20150608::1.2
P,urn:nasa:pds:maven.mag.calibrated:data.pc:mvn_mag_l2_2015160pc_20150609::1.2
P,urn:nasa:pds:maven.mag.calibrated:data.pc:mvn_mag_l2_2015161pc_20150610::1.2
P,urn:nasa:pds:maven.mag.calibrated:data.pc:mvn_mag_l2_2015162pc_20150611::1.2
P,urn:nasa:pds:maven.mag.calibrated:data.pc:mvn_mag_l2_2015163pc_20150612::1.2
P,urn:nasa:pds:maven.mag.calibrated:data.pc:mvn_mag_l2_2015164pc_20150613::1.2
P,urn:nasa:pds:maven.mag.calibrated:data.pc:mvn_mag_l2_2015165pc_20150614::1.2
P,urn:nasa:pds:maven.mag.calibrated:data.pc:mvn_mag_l2_2015166pc_20150615::1.2
P,urn:nasa:pds:maven.mag.calibrated:data.pc:mvn_mag_l2_2015167pc_20150616::1.2
P,urn:nasa:pds:maven.mag.calibrated:data.pc:mvn_mag_l2_2015168pc_20150617::1.2
P,urn:nasa:pds:maven.mag.calibrated:data.pc:mvn_mag_l2_2015169pc_20150618::1.2
P,urn:nasa:pds:maven.mag.calibrated:data.pc:mvn_mag_l2_2015170pc_20150619::1.2
P,urn:nasa:pds:maven.mag.calibrated:data.pc:mvn_mag_l2_2015171pc_20150620::1.2
P,urn:nasa:pds:maven.mag.calibrated:data.pc:mvn_mag_l2_2015172pc_20150621::1.2
P,urn:nasa:pds:maven.mag.calibrated:data.pc:mvn_mag_l2_2015173pc_20150622::1.2
P,urn:nasa:pds:maven.mag.calibrated:data.pc:mvn_mag_l2_2015174pc_20150623::1.2
P,urn:nasa:pds:maven.mag.calibrated:data.pc:mvn_mag_l2_2015175pc_20150624::1.2
P,urn:nasa:pds:maven.mag.calibrated:data.pc:mvn_mag_l2_2015176pc_20150625::1.2
P,urn:nasa:pds:maven.mag.calibrated:data.pc:mvn_mag_l2_2015177pc_20150626::1.2
P,urn:nasa:pds:maven.mag.calibrated:data.pc:mvn_mag_l2_2015178pc_20150627::1.2
P,urn:nasa:pds:maven.mag.calibrated:data.pc:mvn_mag_l2_2015179pc_20150628::1.2
P,urn:nasa:pds:maven.mag.calibrated:data.pc:mvn_mag_l2_2015180pc_20150629::1.2
P,urn:nasa:pds:maven.mag.calibrated:data.pc:mvn_mag_l2_2015182pc_20150701::1.2
P,urn:nasa:pds:maven.mag.calibrated:data.pc:mvn_mag_l2_2015183pc_20150702::1.2
P,urn:nasa:pds:maven.mag.calibrated:data.pc:mvn_mag_l2_2015184pc_20150703::1.2
P,urn:nasa:pds:maven.mag.calibrated:data.pc:mvn_mag_l2_2015185pc_20150704::1.2
P,urn:nasa:pds:maven.mag.calibrated:data.pc:mvn_mag_l2_2015186pc_20150705::1.2
P,urn:nasa:pds:maven.mag.calibrated:data.pc:mvn_mag_l2_2015187pc_20150706::1.2
P,urn:nasa:pds:maven.mag.calibrated:data.pc:mvn_mag_l2_2015188pc_20150707::1.2
P,urn:nasa:pds:maven.mag.calibrated:data.pc:mvn_mag_l2_2015189pc_20150708::1.2
P,urn:nasa:pds:maven.mag.calibrated:data.pc:mvn_mag_l2_2015190pc_20150709::1.2
P,urn:nasa:pds:maven.mag.calibrated:data.pc:mvn_mag_l2_2015191pc_20150710::1.2
P,urn:nasa:pds:maven.mag.calibrated:data.pc:mvn_mag_l2_2015192pc_20150711::1.2
P,urn:nasa:pds:maven.mag.calibrated:data.pc:mvn_mag_l2_2015193pc_20150712::1.2
P,urn:nasa:pds:maven.mag.calibrated:data.pc:mvn_mag_l2_2015194pc_20150713::1.2
P,urn:nasa:pds:maven.mag.calibrated:data.pc:mvn_mag_l2_2015195pc_20150714::1.2
P,urn:nasa:pds:maven.mag.calibrated:data.pc:mvn_mag_l2_2015196pc_20150715::1.2
P,urn:nasa:pds:maven.mag.calibrated:data.pc:mvn_mag_l2_2015197pc_20150716::1.2
P,urn:nasa:pds:maven.mag.calibrated:data.pc:mvn_mag_l2_2015198pc_20150717::1.2
P,urn:nasa:pds:maven.mag.calibrated:data.pc:mvn_mag_l2_2015199pc_20150718::1.2
P,urn:nasa:pds:maven.mag.calibrated:data.pc:mvn_mag_l2_2015200pc_20150719::1.2
P,urn:nasa:pds:maven.mag.calibrated:data.pc:mvn_mag_l2_2015201pc_20150720::1.2
P,urn:nasa:pds:maven.mag.calibrated:data.pc:mvn_mag_l2_2015202pc_20150721::1.2
P,urn:nasa:pds:maven.mag.calibrated:data.pc:mvn_mag_l2_2015203pc_20150722::1.2
P,urn:nasa:pds:maven.mag.calibrated:data.pc:mvn_mag_l2_2015204pc_20150723::1.2
P,urn:nasa:pds:maven.mag.calibrated:data.pc:mvn_mag_l2_2015205pc_20150724::1.2
P,urn:nasa:pds:maven.mag.calibrated:data.pc:mvn_mag_l2_2015206pc_20150725::1.2
P,urn:nasa:pds:maven.mag.calibrated:data.pc:mvn_mag_l2_2015207pc_20150726::1.2
P,urn:nasa:pds:maven.mag.calibrated:data.pc:mvn_mag_l2_2015208pc_20150727::1.2
P,urn:nasa:pds:maven.mag.calibrated:data.pc:mvn_mag_l2_2015209pc_20150728::1.2
P,urn:nasa:pds:maven.mag.calibrated:data.pc:mvn_mag_l2_2015210pc_20150729::1.2
P,urn:nasa:pds:maven.mag.calibrated:data.pc:mvn_mag_l2_2015211pc_20150730::1.2
P,urn:nasa:pds:maven.mag.calibrated:data.pc:mvn_mag_l2_2015212pc_20150731::1.2
P,urn:nasa:pds:maven.mag.calibrated:data.pc:mvn_mag_l2_2015213pc_20150801::1.2
P,urn:nasa:pds:maven.mag.calibrated:data.pc:mvn_mag_l2_2015214pc_20150802::1.2
P,urn:nasa:pds:maven.mag.calibrated:data.pc:mvn_mag_l2_2015215pc_20150803::1.2
P,urn:nasa:pds:maven.mag.calibrated:data.pc:mvn_mag_l2_2015216pc_20150804::1.2
P,urn:nasa:pds:maven.mag.calibrated:data.pc:mvn_mag_l2_2015217pc_20150805::1.2
P,urn:nasa:pds:maven.mag.calibrated:data.pc:mvn_mag_l2_2015218pc_20150806::1.2
P,urn:nasa:pds:maven.mag.calibrated:data.pc:mvn_mag_l2_2015219pc_20150807::1.2
P,urn:nasa:pds:maven.mag.calibrated:data.pc:mvn_mag_l2_2015220pc_20150808::1.2
P,urn:nasa:pds:maven.mag.calibrated:data.pc:mvn_mag_l2_2015221pc_20150809::1.2
P,urn:nasa:pds:maven.mag.calibrated:data.pc:mvn_mag_l2_2015222pc_20150810::1.2
P,urn:nasa:pds:maven.mag.calibrated:data.pc:mvn_mag_l2_2015223pc_20150811::1.2
P,urn:nasa:pds:maven.mag.calibrated:data.pc:mvn_mag_l2_2015224pc_20150812::1.2
P,urn:nasa:pds:maven.mag.calibrated:data.pc:mvn_mag_l2_2015225pc_20150813::1.2
P,urn:nasa:pds:maven.mag.calibrated:data.pc:mvn_mag_l2_2015226pc_20150814::1.2
P,urn:nasa:pds:maven.mag.calibrated:data.pc:mvn_mag_l2_2015227pc_20150815::1.2
P,urn:nasa:pds:maven.mag.calibrated:data.pc:mvn_mag_l2_2015228pc_20150816::1.2
P,urn:nasa:pds:maven.mag.calibrated:data.pc:mvn_mag_l2_2015229pc_20150817::1.2
P,urn:nasa:pds:maven.mag.calibrated:data.pc:mvn_mag_l2_2015230pc_20150818::1.2
P,urn:nasa:pds:maven.mag.calibrated:data.pc:mvn_mag_l2_2015231pc_20150819::1.2
P,urn:nasa:pds:maven.mag.calibrated:data.pc:mvn_mag_l2_2015232pc_20150820::1.2
P,urn:nasa:pds:maven.mag.calibrated:data.pc:mvn_mag_l2_2015233pc_20150821::1.2
P,urn:nasa:pds:maven.mag.calibrated:data.pc:mvn_mag_l2_2015234pc_20150822::1.2
P,urn:nasa:pds:maven.mag.calibrated:data.pc:mvn_mag_l2_2015235pc_20150823::1.2
P,urn:nasa:pds:maven.mag.calibrated:data.pc:mvn_mag_l2_2015236pc_20150824::1.2
P,urn:nasa:pds:maven.mag.calibrated:data.pc:mvn_mag_l2_2015237pc_20150825::1.2
P,urn:nasa:pds:maven.mag.calibrated:data.pc:mvn_mag_l2_2015238pc_20150826::1.2
P,urn:nasa:pds:maven.mag.calibrated:data.pc:mvn_mag_l2_2015239pc_20150827::1.2
P,urn:nasa:pds:maven.mag.calibrated:data.pc:mvn_mag_l2_2015240pc_20150828::1.2
P,urn:nasa:pds:maven.mag.calibrated:data.pc:mvn_mag_l2_2015241pc_20150829::1.2
P,urn:nasa:pds:maven.mag.calibrated:data.pc:mvn_mag_l2_2015242pc_20150830::1.2
P,urn:nasa:pds:maven.mag.calibrated:data.pc:mvn_mag_l2_2015243pc_20150831::1.2
P,urn:nasa:pds:maven.mag.calibrated:data.pc:mvn_mag_l2_2015244pc_20150901::1.2
P,urn:nasa:pds:maven.mag.calibrated:data.pc:mvn_mag_l2_2015245pc_20150902::1.2
P,urn:nasa:pds:maven.mag.calibrated:data.pc:mvn_mag_l2_2015246pc_20150903::1.2
P,urn:nasa:pds:maven.mag.calibrated:data.pc:mvn_mag_l2_2015247pc_20150904::1.2
P,urn:nasa:pds:maven.mag.calibrated:data.pc:mvn_mag_l2_2015248pc_20150905::1.2
P,urn:nasa:pds:maven.mag.calibrated:data.pc:mvn_mag_l2_2015249pc_20150906::1.2
P,urn:nasa:pds:maven.mag.calibrated:data.pc:mvn_mag_l2_2015250pc_20150907::1.2
P,urn:nasa:pds:maven.mag.calibrated:data.pc:mvn_mag_l2_2015251pc_20150908::1.2
P,urn:nasa:pds:maven.mag.calibrated:data.pc:mvn_mag_l2_2015252pc_20150909::1.2
P,urn:nasa:pds:maven.mag.calibrated:data.pc:mvn_mag_l2_2015253pc_20150910::1.2
P,urn:nasa:pds:maven.mag.calibrated:data.pc:mvn_mag_l2_2015254pc_20150911::1.2
P,urn:nasa:pds:maven.mag.calibrated:data.pc:mvn_mag_l2_2015255pc_20150912::1.2
P,urn:nasa:pds:maven.mag.calibrated:data.pc:mvn_mag_l2_2015256pc_20150913::1.2
P,urn:nasa:pds:maven.mag.calibrated:data.pc:mvn_mag_l2_2015257pc_20150914::1.2
P,urn:nasa:pds:maven.mag.calibrated:data.pc:mvn_mag_l2_2015258pc_20150915::1.2
P,urn:nasa:pds:maven.mag.calibrated:data.pc:mvn_mag_l2_2015259pc_20150916::1.2
P,urn:nasa:pds:maven.mag.calibrated:data.pc:mvn_mag_l2_2015260pc_20150917::1.2
P,urn:nasa:pds:maven.mag.calibrated:data.pc:mvn_mag_l2_2015261pc_20150918::1.2
P,urn:nasa:pds:maven.mag.calibrated:data.pc:mvn_mag_l2_2015262pc_20150919::1.2
P,urn:nasa:pds:maven.mag.calibrated:data.pc:mvn_mag_l2_2015263pc_20150920::1.2
P,urn:nasa:pds:maven.mag.calibrated:data.pc:mvn_mag_l2_2015264pc_20150921::1.2
P,urn:nasa:pds:maven.mag.calibrated:data.pc:mvn_mag_l2_2015265pc_20150922::1.2
P,urn:nasa:pds:maven.mag.calibrated:data.pc:mvn_mag_l2_2015266pc_20150923::1.2
P,urn:nasa:pds:maven.mag.calibrated:data.pc:mvn_mag_l2_2015267pc_20150924::1.2
P,urn:nasa:pds:maven.mag.calibrated:data.pc:mvn_mag_l2_2015268pc_20150925::1.2
P,urn:nasa:pds:maven.mag.calibrated:data.pc:mvn_mag_l2_2015269pc_20150926::1.2
P,urn:nasa:pds:maven.mag.calibrated:data.pc:mvn_mag_l2_2015270pc_20150927::1.2
P,urn:nasa:pds:maven.mag.calibrated:data.pc:mvn_mag_l2_2015271pc_20150928::1.2
P,urn:nasa:pds:maven.mag.calibrated:data.pc:mvn_mag_l2_2015272pc_20150929::1.2
P,urn:nasa:pds:maven.mag.calibrated:data.pc:mvn_mag_l2_2015273pc_20150930::1.2
P,urn:nasa:pds:maven.mag.calibrated:data.pc:mvn_mag_l2_2015274pc_20151001::1.2
P,urn:nasa:pds:maven.mag.calibrated:data.pc:mvn_mag_l2_2015275pc_20151002::1.2
P,urn:nasa:pds:maven.mag.calibrated:data.pc:mvn_mag_l2_2015276pc_20151003::1.2
P,urn:nasa:pds:maven.mag.calibrated:data.pc:mvn_mag_l2_2015277pc_20151004::1.2
P,urn:nasa:pds:maven.mag.calibrated:data.pc:mvn_mag_l2_2015278pc_20151005::1.2
P,urn:nasa:pds:maven.mag.calibrated:data.pc:mvn_mag_l2_2015279pc_20151006::1.2
P,urn:nasa:pds:maven.mag.calibrated:data.pc:mvn_mag_l2_2015280pc_20151007::1.2
P,urn:nasa:pds:maven.mag.calibrated:data.pc:mvn_mag_l2_2015281pc_20151008::1.2
P,urn:nasa:pds:maven.mag.calibrated:data.pc:mvn_mag_l2_2015282pc_20151009::1.2
P,urn:nasa:pds:maven.mag.calibrated:data.pc:mvn_mag_l2_2015283pc_20151010::1.2
P,urn:nasa:pds:maven.mag.calibrated:data.pc:mvn_mag_l2_2015284pc_20151011::1.2
P,urn:nasa:pds:maven.mag.calibrated:data.pc:mvn_mag_l2_2015285pc_20151012::1.2
P,urn:nasa:pds:maven.mag.calibrated:data.pc:mvn_mag_l2_2015286pc_20151013::1.2
P,urn:nasa:pds:maven.mag.calibrated:data.pc:mvn_mag_l2_2015287pc_20151014::1.2
P,urn:nasa:pds:maven.mag.calibrated:data.pc:mvn_mag_l2_2015288pc_20151015::1.2
P,urn:nasa:pds:maven.mag.calibrated:data.pc:mvn_mag_l2_2015289pc_20151016::1.2
P,urn:nasa:pds:maven.mag.calibrated:data.pc:mvn_mag_l2_2015290pc_20151017::1.2
P,urn:nasa:pds:maven.mag.calibrated:data.pc:mvn_mag_l2_2015291pc_20151018::1.2
P,urn:nasa:pds:maven.mag.calibrated:data.pc:mvn_mag_l2_2015292pc_20151019::1.2
P,urn:nasa:pds:maven.mag.calibrated:data.pc:mvn_mag_l2_2015293pc_20151020::1.2
P,urn:nasa:pds:maven.mag.calibrated:data.pc:mvn_mag_l2_2015294pc_20151021::1.2
P,urn:nasa:pds:maven.mag.calibrated:data.pc:mvn_mag_l2_2015295pc_20151022::1.2
P,urn:nasa:pds:maven.mag.calibrated:data.pc:mvn_mag_l2_2015296pc_20151023::1.2
P,urn:nasa:pds:maven.mag.calibrated:data.pc:mvn_mag_l2_2015297pc_20151024::1.2
P,urn:nasa:pds:maven.mag.calibrated:data.pc:mvn_mag_l2_2015298pc_20151025::1.2
P,urn:nasa:pds:maven.mag.calibrated:data.pc:mvn_mag_l2_2015299pc_20151026::1.2
P,urn:nasa:pds:maven.mag.calibrated:data.pc:mvn_mag_l2_2015300pc_20151027::1.2
P,urn:nasa:pds:maven.mag.calibrated:data.pc:mvn_mag_l2_2015301pc_20151028::1.2
P,urn:nasa:pds:maven.mag.calibrated:data.pc:mvn_mag_l2_2015302pc_20151029::1.2
P,urn:nasa:pds:maven.mag.calibrated:data.pc:mvn_mag_l2_2015303pc_20151030::1.2
P,urn:nasa:pds:maven.mag.calibrated:data.pc:mvn_mag_l2_2015304pc_20151031::1.2
P,urn:nasa:pds:maven.mag.calibrated:data.pc:mvn_mag_l2_2015305pc_20151101::1.2
P,urn:nasa:pds:maven.mag.calibrated:data.pc:mvn_mag_l2_2015306pc_20151102::1.2
P,urn:nasa:pds:maven.mag.calibrated:data.pc:mvn_mag_l2_2015307pc_20151103::1.2
P,urn:nasa:pds:maven.mag.calibrated:data.pc:mvn_mag_l2_2015308pc_20151104::1.2
P,urn:nasa:pds:maven.mag.calibrated:data.pc:mvn_mag_l2_2015309pc_20151105::1.2
P,urn:nasa:pds:maven.mag.calibrated:data.pc:mvn_mag_l2_2015310pc_20151106::1.2
P,urn:nasa:pds:maven.mag.calibrated:data.pc:mvn_mag_l2_2015311pc_20151107::1.2
P,urn:nasa:pds:maven.mag.calibrated:data.pc:mvn_mag_l2_2015312pc_20151108::1.2
P,urn:nasa:pds:maven.mag.calibrated:data.pc:mvn_mag_l2_2015313pc_20151109::1.2
P,urn:nasa:pds:maven.mag.calibrated:data.pc:mvn_mag_l2_2015314pc_20151110::1.2
P,urn:nasa:pds:maven.mag.calibrated:data.pc:mvn_mag_l2_2015315pc_20151111::1.2
P,urn:nasa:pds:maven.mag.calibrated:data.pc:mvn_mag_l2_2015316pc_20151112::1.2
P,urn:nasa:pds:maven.mag.calibrated:data.pc:mvn_mag_l2_2015317pc_20151113::1.2
P,urn:nasa:pds:maven.mag.calibrated:data.pc:mvn_mag_l2_2015318pc_20151114::1.2
P,urn:nasa:pds:maven.mag.calibrated:data.pc:mvn_mag_l2_2015319pc_20151115::1.2
P,urn:nasa:pds:maven.mag.calibrated:data.pc:mvn_mag_l2_2015320pc_20151116::1.2
P,urn:nasa:pds:maven.mag.calibrated:data.pc:mvn_mag_l2_2015321pc_20151117::1.2
P,urn:nasa:pds:maven.mag.calibrated:data.pc:mvn_mag_l2_2015322pc_20151118::1.2
P,urn:nasa:pds:maven.mag.calibrated:data.pc:mvn_mag_l2_2015323pc_20151119::1.2
P,urn:nasa:pds:maven.mag.calibrated:data.pc:mvn_mag_l2_2015324pc_20151120::1.2
P,urn:nasa:pds:maven.mag.calibrated:data.pc:mvn_mag_l2_2015325pc_20151121::1.2
P,urn:nasa:pds:maven.mag.calibrated:data.pc:mvn_mag_l2_2015326pc_20151122::1.2
P,urn:nasa:pds:maven.mag.calibrated:data.pc:mvn_mag_l2_2015327pc_20151123::1.2
P,urn:nasa:pds:maven.mag.calibrated:data.pc:mvn_mag_l2_2015328pc_20151124::1.2
P,urn:nasa:pds:maven.mag.calibrated:data.pc:mvn_mag_l2_2015329pc_20151125::1.2
P,urn:nasa:pds:maven.mag.calibrated:data.pc:mvn_mag_l2_2015330pc_20151126::1.2
P,urn:nasa:pds:maven.mag.calibrated:data.pc:mvn_mag_l2_2015331pc_20151127::1.2
P,urn:nasa:pds:maven.mag.calibrated:data.pc:mvn_mag_l2_2015332pc_20151128::1.2
P,urn:nasa:pds:maven.mag.calibrated:data.pc:mvn_mag_l2_2015333pc_20151129::1.2
P,urn:nasa:pds:maven.mag.calibrated:data.pc:mvn_mag_l2_2015334pc_20151130::1.2
P,urn:nasa:pds:maven.mag.calibrated:data.pc:mvn_mag_l2_2015335pc_20151201::1.2
P,urn:nasa:pds:maven.mag.calibrated:data.pc:mvn_mag_l2_2015336pc_20151202::1.2
P,urn:nasa:pds:maven.mag.calibrated:data.pc:mvn_mag_l2_2015337pc_20151203::1.2
P,urn:nasa:pds:maven.mag.calibrated:data.pc:mvn_mag_l2_2015338pc_20151204::1.2
P,urn:nasa:pds:maven.mag.calibrated:data.pc:mvn_mag_l2_2015339pc_20151205::1.2
P,urn:nasa:pds:maven.mag.calibrated:data.pc:mvn_mag_l2_2015340pc_20151206::1.2
P,urn:nasa:pds:maven.mag.calibrated:data.pc:mvn_mag_l2_2015341pc_20151207::1.2
P,urn:nasa:pds:maven.mag.calibrated:data.pc:mvn_mag_l2_2015342pc_20151208::1.2
P,urn:nasa:pds:maven.mag.calibrated:data.pc:mvn_mag_l2_2015343pc_20151209::1.2
P,urn:nasa:pds:maven.mag.calibrated:data.pc:mvn_mag_l2_2015344pc_20151210::1.2
P,urn:nasa:pds:maven.mag.calibrated:data.pc:mvn_mag_l2_2015345pc_20151211::1.2
P,urn:nasa:pds:maven.mag.calibrated:data.pc:mvn_mag_l2_2015346pc_20151212::1.2
P,urn:nasa:pds:maven.mag.calibrated:data.pc:mvn_mag_l2_2015347pc_20151213::1.2
P,urn:nasa:pds:maven.mag.calibrated:data.pc:mvn_mag_l2_2015348pc_20151214::1.2
P,urn:nasa:pds:maven.mag.calibrated:data.pc:mvn_mag_l2_2015349pc_20151215::1.2
P,urn:nasa:pds:maven.mag.calibrated:data.pc:mvn_mag_l2_2015350pc_20151216::1.2
P,urn:nasa:pds:maven.mag.calibrated:data.pc:mvn_mag_l2_2015351pc_20151217::1.2
P,urn:nasa:pds:maven.mag.calibrated:data.pc:mvn_mag_l2_2015352pc_20151218::1.2
P,urn:nasa:pds:maven.mag.calibrated:data.pc:mvn_mag_l2_2015353pc_20151219::1.2
P,urn:nasa:pds:maven.mag.calibrated:data.pc:mvn_mag_l2_2015354pc_20151220::1.2
P,urn:nasa:pds:maven.mag.calibrated:data.pc:mvn_mag_l2_2015355pc_20151221::1.2
P,urn:nasa:pds:maven.mag.calibrated:data.pc:mvn_mag_l2_2015356pc_20151222::1.2
P,urn:nasa:pds:maven.mag.calibrated:data.pc:mvn_mag_l2_2015357pc_20151223::1.2
P,urn:nasa:pds:maven.mag.calibrated:data.pc:mvn_mag_l2_2015358pc_20151224::1.2
P,urn:nasa:pds:maven.mag.calibrated:data.pc:mvn_mag_l2_2015359pc_20151225::1.2
P,urn:nasa:pds:maven.mag.calibrated:data.pc:mvn_mag_l2_2015360pc_20151226::1.2
P,urn:nasa:pds:maven.mag.calibrated:data.pc:mvn_mag_l2_2015361pc_20151227::1.2
P,urn:nasa:pds:maven.mag.calibrated:data.pc:mvn_mag_l2_2015362pc_20151228::1.2
P,urn:nasa:pds:maven.mag.calibrated:data.pc:mvn_mag_l2_2015363pc_20151229::1.2
P,urn:nasa:pds:maven.mag.calibrated:data.pc:mvn_mag_l2_2015364pc_20151230::1.2
P,urn:nasa:pds:maven.mag.calibrated:data.pc:mvn_mag_l2_2015365pc_20151231::1.2
P,urn:nasa:pds:maven.mag.calibrated:data.pc:mvn_mag_l2_2016001pc_20160101::1.2
P,urn:nasa:pds:maven.mag.calibrated:data.pc:mvn_mag_l2_2016002pc_20160102::1.2
P,urn:nasa:pds:maven.mag.calibrated:data.pc:mvn_mag_l2_2016003pc_20160103::1.2
P,urn:nasa:pds:maven.mag.calibrated:data.pc:mvn_mag_l2_2016004pc_20160104::1.2
P,urn:nasa:pds:maven.mag.calibrated:data.pc:mvn_mag_l2_2016005pc_20160105::1.2
P,urn:nasa:pds:maven.mag.calibrated:data.pc:mvn_mag_l2_2016006pc_20160106::1.2
P,urn:nasa:pds:maven.mag.calibrated:data.pc:mvn_mag_l2_2016007pc_20160107::1.2
P,urn:nasa:pds:maven.mag.calibrated:data.pc:mvn_mag_l2_2016008pc_20160108::1.2
P,urn:nasa:pds:maven.mag.calibrated:data.pc:mvn_mag_l2_2016009pc_20160109::1.2
P,urn:nasa:pds:maven.mag.calibrated:data.pc:mvn_mag_l2_2016010pc_20160110::1.2
P,urn:nasa:pds:maven.mag.calibrated:data.pc:mvn_mag_l2_2016011pc_20160111::1.2
P,urn:nasa:pds:maven.mag.calibrated:data.pc:mvn_mag_l2_2016012pc_20160112::1.2
P,urn:nasa:pds:maven.mag.calibrated:data.pc:mvn_mag_l2_2016013pc_20160113::1.2
P,urn:nasa:pds:maven.mag.calibrated:data.pc:mvn_mag_l2_2016014pc_20160114::1.2
P,urn:nasa:pds:maven.mag.calibrated:data.pc:mvn_mag_l2_2016015pc_20160115::1.2
P,urn:nasa:pds:maven.mag.calibrated:data.pc:mvn_mag_l2_2016016pc_20160116::1.2
P,urn:nasa:pds:maven.mag.calibrated:data.pc:mvn_mag_l2_2016017pc_20160117::1.2
P,urn:nasa:pds:maven.mag.calibrated:data.pc:mvn_mag_l2_2016018pc_20160118::1.2
P,urn:nasa:pds:maven.mag.calibrated:data.pc:mvn_mag_l2_2016019pc_20160119::1.2
P,urn:nasa:pds:maven.mag.calibrated:data.pc:mvn_mag_l2_2016020pc_20160120::1.2
P,urn:nasa:pds:maven.mag.calibrated:data.pc:mvn_mag_l2_2016021pc_20160121::1.2
P,urn:nasa:pds:maven.mag.calibrated:data.pc:mvn_mag_l2_2016022pc_20160122::1.2
P,urn:nasa:pds:maven.mag.calibrated:data.pc:mvn_mag_l2_2016023pc_20160123::1.2
P,urn:nasa:pds:maven.mag.calibrated:data.pc:mvn_mag_l2_2016024pc_20160124::1.2
P,urn:nasa:pds:maven.mag.calibrated:data.pc:mvn_mag_l2_2016025pc_20160125::1.2
P,urn:nasa:pds:maven.mag.calibrated:data.pc:mvn_mag_l2_2016026pc_20160126::1.2
P,urn:nasa:pds:maven.mag.calibrated:data.pc:mvn_mag_l2_2016027pc_20160127::1.2
P,urn:nasa:pds:maven.mag.calibrated:data.pc:mvn_mag_l2_2016028pc_20160128::1.2
P,urn:nasa:pds:maven.mag.calibrated:data.pc:mvn_mag_l2_2016029pc_20160129::1.2
P,urn:nasa:pds:maven.mag.calibrated:data.pc:mvn_mag_l2_2016030pc_20160130::1.2
P,urn:nasa:pds:maven.mag.calibrated:data.pc:mvn_mag_l2_2016031pc_20160131::1.2
P,urn:nasa:pds:maven.mag.calibrated:data.pc:mvn_mag_l2_2016032pc_20160201::1.2
P,urn:nasa:pds:maven.mag.calibrated:data.pc:mvn_mag_l2_2016033pc_20160202::1.2
P,urn:nasa:pds:maven.mag.calibrated:data.pc:mvn_mag_l2_2016034pc_20160203::1.2
P,urn:nasa:pds:maven.mag.calibrated:data.pc:mvn_mag_l2_2016035pc_20160204::1.2
P,urn:nasa:pds:maven.mag.calibrated:data.pc:mvn_mag_l2_2016036pc_20160205::1.2
P,urn:nasa:pds:maven.mag.calibrated:data.pc:mvn_mag_l2_2016037pc_20160206::1.2
P,urn:nasa:pds:maven.mag.calibrated:data.pc:mvn_mag_l2_2016038pc_20160207::1.2
P,urn:nasa:pds:maven.mag.calibrated:data.pc:mvn_mag_l2_2016039pc_20160208::1.2
P,urn:nasa:pds:maven.mag.calibrated:data.pc:mvn_mag_l2_2016040pc_20160209::1.2
P,urn:nasa:pds:maven.mag.calibrated:data.pc:mvn_mag_l2_2016041pc_20160210::1.2
P,urn:nasa:pds:maven.mag.calibrated:data.pc:mvn_mag_l2_2016042pc_20160211::1.2
P,urn:nasa:pds:maven.mag.calibrated:data.pc:mvn_mag_l2_2016043pc_20160212::1.2
P,urn:nasa:pds:maven.mag.calibrated:data.pc:mvn_mag_l2_2016044pc_20160213::1.2
P,urn:nasa:pds:maven.mag.calibrated:data.pc:mvn_mag_l2_2016045pc_20160214::1.2
P,urn:nasa:pds:maven.mag.calibrated:data.pc:mvn_mag_l2_2016046pc_20160215::1.2
P,urn:nasa:pds:maven.mag.calibrated:data.pc:mvn_mag_l2_2016047pc_20160216::1.2
P,urn:nasa:pds:maven.mag.calibrated:data.pc:mvn_mag_l2_2016048pc_20160217::1.2
P,urn:nasa:pds:maven.mag.calibrated:data.pc:mvn_mag_l2_2016049pc_20160218::1.2
P,urn:nasa:pds:maven.mag.calibrated:data.pc:mvn_mag_l2_2016050pc_20160219::1.2
P,urn:nasa:pds:maven.mag.calibrated:data.pc:mvn_mag_l2_2016051pc_20160220::1.2
P,urn:nasa:pds:maven.mag.calibrated:data.pc:mvn_mag_l2_2016052pc_20160221::1.2
P,urn:nasa:pds:maven.mag.calibrated:data.pc:mvn_mag_l2_2016053pc_20160222::1.2
P,urn:nasa:pds:maven.mag.calibrated:data.pc:mvn_mag_l2_2016054pc_20160223::1.2
P,urn:nasa:pds:maven.mag.calibrated:data.pc:mvn_mag_l2_2016055pc_20160224::1.2
P,urn:nasa:pds:maven.mag.calibrated:data.pc:mvn_mag_l2_2016056pc_20160225::1.2
P,urn:nasa:pds:maven.mag.calibrated:data.pc:mvn_mag_l2_2016057pc_20160226::1.2
P,urn:nasa:pds:maven.mag.calibrated:data.pc:mvn_mag_l2_2016058pc_20160227::1.2
P,urn:nasa:pds:maven.mag.calibrated:data.pc:mvn_mag_l2_2016059pc_20160228::1.2
P,urn:nasa:pds:maven.mag.calibrated:data.pc:mvn_mag_l2_2016060pc_20160229::1.2
P,urn:nasa:pds:maven.mag.calibrated:data.pc:mvn_mag_l2_2016061pc_20160301::1.2
P,urn:nasa:pds:maven.mag.calibrated:data.pc:mvn_mag_l2_2016062pc_20160302::1.2
P,urn:nasa:pds:maven.mag.calibrated:data.pc:mvn_mag_l2_2016063pc_20160303::1.2
P,urn:nasa:pds:maven.mag.calibrated:data.pc:mvn_mag_l2_2016064pc_20160304::1.2
P,urn:nasa:pds:maven.mag.calibrated:data.pc:mvn_mag_l2_2016065pc_20160305::1.2
P,urn:nasa:pds:maven.mag.calibrated:data.pc:mvn_mag_l2_2016066pc_20160306::1.2
P,urn:nasa:pds:maven.mag.calibrated:data.pc:mvn_mag_l2_2016067pc_20160307::1.2
P,urn:nasa:pds:maven.mag.calibrated:data.pc:mvn_mag_l2_2016068pc_20160308::1.2
P,urn:nasa:pds:maven.mag.calibrated:data.pc:mvn_mag_l2_2016069pc_20160309::1.2
P,urn:nasa:pds:maven.mag.calibrated:data.pc:mvn_mag_l2_2016070pc_20160310::1.2
P,urn:nasa:pds:maven.mag.calibrated:data.pc:mvn_mag_l2_2016071pc_20160311::1.2
P,urn:nasa:pds:maven.mag.calibrated:data.pc:mvn_mag_l2_2016072pc_20160312::1.2
P,urn:nasa:pds:maven.mag.calibrated:data.pc:mvn_mag_l2_2016073pc_20160313::1.2
P,urn:nasa:pds:maven.mag.calibrated:data.pc:mvn_mag_l2_2016074pc_20160314::1.2
P,urn:nasa:pds:maven.mag.calibrated:data.pc:mvn_mag_l2_2016075pc_20160315::1.2
P,urn:nasa:pds:maven.mag.calibrated:data.pc:mvn_mag_l2_2016076pc_20160316::1.2
P,urn:nasa:pds:maven.mag.calibrated:data.pc:mvn_mag_l2_2016077pc_20160317::1.2
P,urn:nasa:pds:maven.mag.calibrated:data.pc:mvn_mag_l2_2016078pc_20160318::1.2
P,urn:nasa:pds:maven.mag.calibrated:data.pc:mvn_mag_l2_2016079pc_20160319::1.2
P,urn:nasa:pds:maven.mag.calibrated:data.pc:mvn_mag_l2_2016080pc_20160320::1.2
P,urn:nasa:pds:maven.mag.calibrated:data.pc:mvn_mag_l2_2016081pc_20160321::1.2
P,urn:nasa:pds:maven.mag.calibrated:data.pc:mvn_mag_l2_2016082pc_20160322::1.2
P,urn:nasa:pds:maven.mag.calibrated:data.pc:mvn_mag_l2_2016083pc_20160323::1.2
P,urn:nasa:pds:maven.mag.calibrated:data.pc:mvn_mag_l2_2016084pc_20160324::1.2
P,urn:nasa:pds:maven.mag.calibrated:data.pc:mvn_mag_l2_2016085pc_20160325::1.2
P,urn:nasa:pds:maven.mag.calibrated:data.pc:mvn_mag_l2_2016086pc_20160326::1.2
P,urn:nasa:pds:maven.mag.calibrated:data.pc:mvn_mag_l2_2016087pc_20160327::1.2
P,urn:nasa:pds:maven.mag.calibrated:data.pc:mvn_mag_l2_2016088pc_20160328::1.2
P,urn:nasa:pds:maven.mag.calibrated:data.pc:mvn_mag_l2_2016089pc_20160329::1.2
P,urn:nasa:pds:maven.mag.calibrated:data.pc:mvn_mag_l2_2016090pc_20160330::1.2
P,urn:nasa:pds:maven.mag.calibrated:data.pc:mvn_mag_l2_2016091pc_20160331::1.2
P,urn:nasa:pds:maven.mag.calibrated:data.pc:mvn_mag_l2_2016092pc_20160401::1.2
P,urn:nasa:pds:maven.mag.calibrated:data.pc:mvn_mag_l2_2016093pc_20160402::1.2
P,urn:nasa:pds:maven.mag.calibrated:data.pc:mvn_mag_l2_2016094pc_20160403::1.2
P,urn:nasa:pds:maven.mag.calibrated:data.pc:mvn_mag_l2_2016095pc_20160404::1.2
P,urn:nasa:pds:maven.mag.calibrated:data.pc:mvn_mag_l2_2016096pc_20160405::1.2
P,urn:nasa:pds:maven.mag.calibrated:data.pc:mvn_mag_l2_2016097pc_20160406::1.2
P,urn:nasa:pds:maven.mag.calibrated:data.pc:mvn_mag_l2_2016098pc_20160407::1.2
P,urn:nasa:pds:maven.mag.calibrated:data.pc:mvn_mag_l2_2016099pc_20160408::1.2
P,urn:nasa:pds:maven.mag.calibrated:data.pc:mvn_mag_l2_2016100pc_20160409::1.2
P,urn:nasa:pds:maven.mag.calibrated:data.pc:mvn_mag_l2_2016101pc_20160410::1.2
P,urn:nasa:pds:maven.mag.calibrated:data.pc:mvn_mag_l2_2016102pc_20160411::1.2
P,urn:nasa:pds:maven.mag.calibrated:data.pc:mvn_mag_l2_2016103pc_20160412::1.2
P,urn:nasa:pds:maven.mag.calibrated:data.pc:mvn_mag_l2_2016104pc_20160413::1.2
P,urn:nasa:pds:maven.mag.calibrated:data.pc:mvn_mag_l2_2016105pc_20160414::1.2
P,urn:nasa:pds:maven.mag.calibrated:data.pc:mvn_mag_l2_2016106pc_20160415::1.2
P,urn:nasa:pds:maven.mag.calibrated:data.pc:mvn_mag_l2_2016107pc_20160416::1.2
P,urn:nasa:pds:maven.mag.calibrated:data.pc:mvn_mag_l2_2016108pc_20160417::1.2
P,urn:nasa:pds:maven.mag.calibrated:data.pc:mvn_mag_l2_2016109pc_20160418::1.2
P,urn:nasa:pds:maven.mag.calibrated:data.pc:mvn_mag_l2_2016110pc_20160419::1.2
P,urn:nasa:pds:maven.mag.calibrated:data.pc:mvn_mag_l2_2016111pc_20160420::1.2
P,urn:nasa:pds:maven.mag.calibrated:data.pc:mvn_mag_l2_2016112pc_20160421::1.2
P,urn:nasa:pds:maven.mag.calibrated:data.pc:mvn_mag_l2_2016113pc_20160422::1.2
P,urn:nasa:pds:maven.mag.calibrated:data.pc:mvn_mag_l2_2016114pc_20160423::1.2
P,urn:nasa:pds:maven.mag.calibrated:data.pc:mvn_mag_l2_2016115pc_20160424::1.2
P,urn:nasa:pds:maven.mag.calibrated:data.pc:mvn_mag_l2_2016116pc_20160425::1.2
P,urn:nasa:pds:maven.mag.calibrated:data.pc:mvn_mag_l2_2016117pc_20160426::1.2
P,urn:nasa:pds:maven.mag.calibrated:data.pc:mvn_mag_l2_2016118pc_20160427::1.2
P,urn:nasa:pds:maven.mag.calibrated:data.pc:mvn_mag_l2_2016119pc_20160428::1.2
P,urn:nasa:pds:maven.mag.calibrated:data.pc:mvn_mag_l2_2016120pc_20160429::1.2
P,urn:nasa:pds:maven.mag.calibrated:data.pc:mvn_mag_l2_2016121pc_20160430::1.2
P,urn:nasa:pds:maven.mag.calibrated:data.pc:mvn_mag_l2_2016122pc_20160501::1.2
P,urn:nasa:pds:maven.mag.calibrated:data.pc:mvn_mag_l2_2016123pc_20160502::1.2
P,urn:nasa:pds:maven.mag.calibrated:data.pc:mvn_mag_l2_2016124pc_20160503::1.2
P,urn:nasa:pds:maven.mag.calibrated:data.pc:mvn_mag_l2_2016125pc_20160504::1.2
P,urn:nasa:pds:maven.mag.calibrated:data.pc:mvn_mag_l2_2016126pc_20160505::1.2
P,urn:nasa:pds:maven.mag.calibrated:data.pc:mvn_mag_l2_2016127pc_20160506::1.2
P,urn:nasa:pds:maven.mag.calibrated:data.pc:mvn_mag_l2_2016128pc_20160507::1.2
P,urn:nasa:pds:maven.mag.calibrated:data.pc:mvn_mag_l2_2016129pc_20160508::1.2
P,urn:nasa:pds:maven.mag.calibrated:data.pc:mvn_mag_l2_2016130pc_20160509::1.2
P,urn:nasa:pds:maven.mag.calibrated:data.pc:mvn_mag_l2_2016131pc_20160510::1.2
P,urn:nasa:pds:maven.mag.calibrated:data.pc:mvn_mag_l2_2016132pc_20160511::1.2
P,urn:nasa:pds:maven.mag.calibrated:data.pc:mvn_mag_l2_2016133pc_20160512::1.2
P,urn:nasa:pds:maven.mag.calibrated:data.pc:mvn_mag_l2_2016134pc_20160513::1.2
P,urn:nasa:pds:maven.mag.calibrated:data.pc:mvn_mag_l2_2016135pc_20160514::1.2
P,urn:nasa:pds:maven.mag.calibrated:data.pc:mvn_mag_l2_2016136pc_20160515::1.2
P,urn:nasa:pds:maven.mag.calibrated:data.pc:mvn_mag_l2_2016137pc_20160516::1.2
P,urn:nasa:pds:maven.mag.calibrated:data.pc:mvn_mag_l2_2016138pc_20160517::1.2
P,urn:nasa:pds:maven.mag.calibrated:data.pc:mvn_mag_l2_2016139pc_20160518::1.2
P,urn:nasa:pds:maven.mag.calibrated:data.pc:mvn_mag_l2_2016140pc_20160519::1.2
P,urn:nasa:pds:maven.mag.calibrated:data.pc:mvn_mag_l2_2016141pc_20160520::1.2
P,urn:nasa:pds:maven.mag.calibrated:data.pc:mvn_mag_l2_2016142pc_20160521::1.2
P,urn:nasa:pds:maven.mag.calibrated:data.pc:mvn_mag_l2_2016143pc_20160522::1.2
P,urn:nasa:pds:maven.mag.calibrated:data.pc:mvn_mag_l2_2016144pc_20160523::1.2
P,urn:nasa:pds:maven.mag.calibrated:data.pc:mvn_mag_l2_2016145pc_20160524::1.2
P,urn:nasa:pds:maven.mag.calibrated:data.pc:mvn_mag_l2_2016146pc_20160525::1.2
P,urn:nasa:pds:maven.mag.calibrated:data.pc:mvn_mag_l2_2016147pc_20160526::1.2
P,urn:nasa:pds:maven.mag.calibrated:data.pc:mvn_mag_l2_2016148pc_20160527::1.2
P,urn:nasa:pds:maven.mag.calibrated:data.pc:mvn_mag_l2_2016149pc_20160528::1.2
P,urn:nasa:pds:maven.mag.calibrated:data.pc:mvn_mag_l2_2016150pc_20160529::1.2
P,urn:nasa:pds:maven.mag.calibrated:data.pc:mvn_mag_l2_2016151pc_20160530::1.2
P,urn:nasa:pds:maven.mag.calibrated:data.pc:mvn_mag_l2_2016152pc_20160531::1.2
P,urn:nasa:pds:maven.mag.calibrated:data.pc:mvn_mag_l2_2016153pc_20160601::1.2
P,urn:nasa:pds:maven.mag.calibrated:data.pc:mvn_mag_l2_2016154pc_20160602::1.2
P,urn:nasa:pds:maven.mag.calibrated:data.pc:mvn_mag_l2_2016155pc_20160603::1.2
P,urn:nasa:pds:maven.mag.calibrated:data.pc:mvn_mag_l2_2016156pc_20160604::1.2
P,urn:nasa:pds:maven.mag.calibrated:data.pc:mvn_mag_l2_2016157pc_20160605::1.2
P,urn:nasa:pds:maven.mag.calibrated:data.pc:mvn_mag_l2_2016158pc_20160606::1.2
P,urn:nasa:pds:maven.mag.calibrated:data.pc:mvn_mag_l2_2016159pc_20160607::1.2
P,urn:nasa:pds:maven.mag.calibrated:data.pc:mvn_mag_l2_2016160pc_20160608::1.2
P,urn:nasa:pds:maven.mag.calibrated:data.pc:mvn_mag_l2_2016161pc_20160609::1.2
P,urn:nasa:pds:maven.mag.calibrated:data.pc:mvn_mag_l2_2016162pc_20160610::1.2
P,urn:nasa:pds:maven.mag.calibrated:data.pc:mvn_mag_l2_2016163pc_20160611::1.2
P,urn:nasa:pds:maven.mag.calibrated:data.pc:mvn_mag_l2_2016164pc_20160612::1.2
P,urn:nasa:pds:maven.mag.calibrated:data.pc:mvn_mag_l2_2016165pc_20160613::1.2
P,urn:nasa:pds:maven.mag.calibrated:data.pc:mvn_mag_l2_2016166pc_20160614::1.2
P,urn:nasa:pds:maven.mag.calibrated:data.pc:mvn_mag_l2_2016167pc_20160615::1.2
P,urn:nasa:pds:maven.mag.calibrated:data.pc:mvn_mag_l2_2016168pc_20160616::1.2
P,urn:nasa:pds:maven.mag.calibrated:data.pc:mvn_mag_l2_2016169pc_20160617::1.2
P,urn:nasa:pds:maven.mag.calibrated:data.pc:mvn_mag_l2_2016170pc_20160618::1.2
P,urn:nasa:pds:maven.mag.calibrated:data.pc:mvn_mag_l2_2016171pc_20160619::1.2
P,urn:nasa:pds:maven.mag.calibrated:data.pc:mvn_mag_l2_2016172pc_20160620::1.2
P,urn:nasa:pds:maven.mag.calibrated:data.pc:mvn_mag_l2_2016173pc_20160621::1.2
P,urn:nasa:pds:maven.mag.calibrated:data.pc:mvn_mag_l2_2016174pc_20160622::1.2
P,urn:nasa:pds:maven.mag.calibrated:data.pc:mvn_mag_l2_2016175pc_20160623::1.2
P,urn:nasa:pds:maven.mag.calibrated:data.pc:mvn_mag_l2_2016176pc_20160624::1.2
P,urn:nasa:pds:maven.mag.calibrated:data.pc:mvn_mag_l2_2016177pc_20160625::1.2
P,urn:nasa:pds:maven.mag.calibrated:data.pc:mvn_mag_l2_2016178pc_20160626::1.2
P,urn:nasa:pds:maven.mag.calibrated:data.pc:mvn_mag_l2_2016179pc_20160627::1.2
P,urn:nasa:pds:maven.mag.calibrated:data.pc:mvn_mag_l2_2016180pc_20160628::1.2
P,urn:nasa:pds:maven.mag.calibrated:data.pc:mvn_mag_l2_2016181pc_20160629::1.2
P,urn:nasa:pds:maven.mag.calibrated:data.pc:mvn_mag_l2_2016182pc_20160630::1.2
P,urn:nasa:pds:maven.mag.calibrated:data.pc:mvn_mag_l2_2016183pc_20160701::1.2
P,urn:nasa:pds:maven.mag.calibrated:data.pc:mvn_mag_l2_2016184pc_20160702::1.2
P,urn:nasa:pds:maven.mag.calibrated:data.pc:mvn_mag_l2_2016185pc_20160703::1.2
P,urn:nasa:pds:maven.mag.calibrated:data.pc:mvn_mag_l2_2016186pc_20160704::1.2
P,urn:nasa:pds:maven.mag.calibrated:data.pc:mvn_mag_l2_2016187pc_20160705::1.2
P,urn:nasa:pds:maven.mag.calibrated:data.pc:mvn_mag_l2_2016188pc_20160706::1.2
P,urn:nasa:pds:maven.mag.calibrated:data.pc:mvn_mag_l2_2016189pc_20160707::1.2
P,urn:nasa:pds:maven.mag.calibrated:data.pc:mvn_mag_l2_2016190pc_20160708::1.2
P,urn:nasa:pds:maven.mag.calibrated:data.pc:mvn_mag_l2_2016191pc_20160709::1.2
P,urn:nasa:pds:maven.mag.calibrated:data.pc:mvn_mag_l2_2016192pc_20160710::1.2
P,urn:nasa:pds:maven.mag.calibrated:data.pc:mvn_mag_l2_2016193pc_20160711::1.2
P,urn:nasa:pds:maven.mag.calibrated:data.pc:mvn_mag_l2_2016194pc_20160712::1.2
P,urn:nasa:pds:maven.mag.calibrated:data.pc:mvn_mag_l2_2016195pc_20160713::1.2
P,urn:nasa:pds:maven.mag.calibrated:data.pc:mvn_mag_l2_2016196pc_20160714::1.2
P,urn:nasa:pds:maven.mag.calibrated:data.pc:mvn_mag_l2_2016197pc_20160715::1.2
P,urn:nasa:pds:maven.mag.calibrated:data.pc:mvn_mag_l2_2016198pc_20160716::1.2
P,urn:nasa:pds:maven.mag.calibrated:data.pc:mvn_mag_l2_2016199pc_20160717::1.2
P,urn:nasa:pds:maven.mag.calibrated:data.pc:mvn_mag_l2_2016200pc_20160718::1.2
P,urn:nasa:pds:maven.mag.calibrated:data.pc:mvn_mag_l2_2016201pc_20160719::1.2
P,urn:nasa:pds:maven.mag.calibrated:data.pc:mvn_mag_l2_2016202pc_20160720::1.2
P,urn:nasa:pds:maven.mag.calibrated:data.pc:mvn_mag_l2_2016203pc_20160721::1.2
P,urn:nasa:pds:maven.mag.calibrated:data.pc:mvn_mag_l2_2016204pc_20160722::1.2
P,urn:nasa:pds:maven.mag.calibrated:data.pc:mvn_mag_l2_2016205pc_20160723::1.2
P,urn:nasa:pds:maven.mag.calibrated:data.pc:mvn_mag_l2_2016206pc_20160724::1.2
P,urn:nasa:pds:maven.mag.calibrated:data.pc:mvn_mag_l2_2016207pc_20160725::1.2
P,urn:nasa:pds:maven.mag.calibrated:data.pc:mvn_mag_l2_2016208pc_20160726::1.2
P,urn:nasa:pds:maven.mag.calibrated:data.pc:mvn_mag_l2_2016209pc_20160727::1.2
P,urn:nasa:pds:maven.mag.calibrated:data.pc:mvn_mag_l2_2016210pc_20160728::1.2
P,urn:nasa:pds:maven.mag.calibrated:data.pc:mvn_mag_l2_2016211pc_20160729::1.2
P,urn:nasa:pds:maven.mag.calibrated:data.pc:mvn_mag_l2_2016212pc_20160730::1.2
P,urn:nasa:pds:maven.mag.calibrated:data.pc:mvn_mag_l2_2016213pc_20160731::1.2
P,urn:nasa:pds:maven.mag.calibrated:data.pc:mvn_mag_l2_2016214pc_20160801::1.2
P,urn:nasa:pds:maven.mag.calibrated:data.pc:mvn_mag_l2_2016215pc_20160802::1.2
P,urn:nasa:pds:maven.mag.calibrated:data.pc:mvn_mag_l2_2016216pc_20160803::1.2
P,urn:nasa:pds:maven.mag.calibrated:data.pc:mvn_mag_l2_2016217pc_20160804::1.2
P,urn:nasa:pds:maven.mag.calibrated:data.pc:mvn_mag_l2_2016218pc_20160805::1.2
P,urn:nasa:pds:maven.mag.calibrated:data.pc:mvn_mag_l2_2016219pc_20160806::1.2
P,urn:nasa:pds:maven.mag.calibrated:data.pc:mvn_mag_l2_2016220pc_20160807::1.2
P,urn:nasa:pds:maven.mag.calibrated:data.pc:mvn_mag_l2_2016221pc_20160808::1.2
P,urn:nasa:pds:maven.mag.calibrated:data.pc:mvn_mag_l2_2016222pc_20160809::1.2
P,urn:nasa:pds:maven.mag.calibrated:data.pc:mvn_mag_l2_2016223pc_20160810::1.2
P,urn:nasa:pds:maven.mag.calibrated:data.pc:mvn_mag_l2_2016224pc_20160811::1.2
P,urn:nasa:pds:maven.mag.calibrated:data.pc:mvn_mag_l2_2016225pc_20160812::1.2
P,urn:nasa:pds:maven.mag.calibrated:data.pc:mvn_mag_l2_2016226pc_20160813::1.2
P,urn:nasa:pds:maven.mag.calibrated:data.pc:mvn_mag_l2_2016227pc_20160814::1.2
P,urn:nasa:pds:maven.mag.calibrated:data.pc:mvn_mag_l2_2016228pc_20160815::1.2
P,urn:nasa:pds:maven.mag.calibrated:data.pc:mvn_mag_l2_2016229pc_20160816::1.2
P,urn:nasa:pds:maven.mag.calibrated:data.pc:mvn_mag_l2_2016230pc_20160817::1.2
P,urn:nasa:pds:maven.mag.calibrated:data.pc:mvn_mag_l2_2016231pc_20160818::1.2
P,urn:nasa:pds:maven.mag.calibrated:data.pc:mvn_mag_l2_2016232pc_20160819::1.2
P,urn:nasa:pds:maven.mag.calibrated:data.pc:mvn_mag_l2_2016233pc_20160820::1.2
P,urn:nasa:pds:maven.mag.calibrated:data.pc:mvn_mag_l2_2016234pc_20160821::1.2
P,urn:nasa:pds:maven.mag.calibrated:data.pc:mvn_mag_l2_2016235pc_20160822::1.2
P,urn:nasa:pds:maven.mag.calibrated:data.pc:mvn_mag_l2_2016236pc_20160823::1.2
P,urn:nasa:pds:maven.mag.calibrated:data.pc:mvn_mag_l2_2016237pc_20160824::1.2
P,urn:nasa:pds:maven.mag.calibrated:data.pc:mvn_mag_l2_2016238pc_20160825::1.2
P,urn:nasa:pds:maven.mag.calibrated:data.pc:mvn_mag_l2_2016239pc_20160826::1.2
P,urn:nasa:pds:maven.mag.calibrated:data.pc:mvn_mag_l2_2016240pc_20160827::1.2
P,urn:nasa:pds:maven.mag.calibrated:data.pc:mvn_mag_l2_2016241pc_20160828::1.2
P,urn:nasa:pds:maven.mag.calibrated:data.pc:mvn_mag_l2_2016242pc_20160829::1.2
P,urn:nasa:pds:maven.mag.calibrated:data.pc:mvn_mag_l2_2016243pc_20160830::1.2
P,urn:nasa:pds:maven.mag.calibrated:data.pc:mvn_mag_l2_2016244pc_20160831::1.2
P,urn:nasa:pds:maven.mag.calibrated:data.pc:mvn_mag_l2_2016245pc_20160901::1.2
P,urn:nasa:pds:maven.mag.calibrated:data.pc:mvn_mag_l2_2016246pc_20160902::1.2
P,urn:nasa:pds:maven.mag.calibrated:data.pc:mvn_mag_l2_2016247pc_20160903::1.2
P,urn:nasa:pds:maven.mag.calibrated:data.pc:mvn_mag_l2_2016248pc_20160904::1.2
P,urn:nasa:pds:maven.mag.calibrated:data.pc:mvn_mag_l2_2016249pc_20160905::1.2
P,urn:nasa:pds:maven.mag.calibrated:data.pc:mvn_mag_l2_2016250pc_20160906::1.2
P,urn:nasa:pds:maven.mag.calibrated:data.pc:mvn_mag_l2_2016251pc_20160907::1.2
P,urn:nasa:pds:maven.mag.calibrated:data.pc:mvn_mag_l2_2016252pc_20160908::1.2
P,urn:nasa:pds:maven.mag.calibrated:data.pc:mvn_mag_l2_2016253pc_20160909::1.2
P,urn:nasa:pds:maven.mag.calibrated:data.pc:mvn_mag_l2_2016254pc_20160910::1.2
P,urn:nasa:pds:maven.mag.calibrated:data.pc:mvn_mag_l2_2016255pc_20160911::1.2
P,urn:nasa:pds:maven.mag.calibrated:data.pc:mvn_mag_l2_2016256pc_20160912::1.2
P,urn:nasa:pds:maven.mag.calibrated:data.pc:mvn_mag_l2_2016257pc_20160913::1.2
P,urn:nasa:pds:maven.mag.calibrated:data.pc:mvn_mag_l2_2016258pc_20160914::1.2
P,urn:nasa:pds:maven.mag.calibrated:data.pc:mvn_mag_l2_2016259pc_20160915::1.2
P,urn:nasa:pds:maven.mag.calibrated:data.pc:mvn_mag_l2_2016260pc_20160916::1.2
P,urn:nasa:pds:maven.mag.calibrated:data.pc:mvn_mag_l2_2016261pc_20160917::1.2
P,urn:nasa:pds:maven.mag.calibrated:data.pc:mvn_mag_l2_2016262pc_20160918::1.2
P,urn:nasa:pds:maven.mag.calibrated:data.pc:mvn_mag_l2_2016263pc_20160919::1.2
P,urn:nasa:pds:maven.mag.calibrated:data.pc:mvn_mag_l2_2016264pc_20160920::1.2
P,urn:nasa:pds:maven.mag.calibrated:data.pc:mvn_mag_l2_2016265pc_20160921::1.2
P,urn:nasa:pds:maven.mag.calibrated:data.pc:mvn_mag_l2_2016266pc_20160922::1.2
P,urn:nasa:pds:maven.mag.calibrated:data.pc:mvn_mag_l2_2016267pc_20160923::1.2
P,urn:nasa:pds:maven.mag.calibrated:data.pc:mvn_mag_l2_2016268pc_20160924::1.2
P,urn:nasa:pds:maven.mag.calibrated:data.pc:mvn_mag_l2_2016269pc_20160925::1.2
P,urn:nasa:pds:maven.mag.calibrated:data.pc:mvn_mag_l2_2016270pc_20160926::1.2
P,urn:nasa:pds:maven.mag.calibrated:data.pc:mvn_mag_l2_2016271pc_20160927::1.2
P,urn:nasa:pds:maven.mag.calibrated:data.pc:mvn_mag_l2_2016272pc_20160928::1.2
P,urn:nasa:pds:maven.mag.calibrated:data.pc:mvn_mag_l2_2016273pc_20160929::1.2
P,urn:nasa:pds:maven.mag.calibrated:data.pc:mvn_mag_l2_2016274pc_20160930::1.2
P,urn:nasa:pds:maven.mag.calibrated:data.pc:mvn_mag_l2_2016275pc_20161001::1.2
P,urn:nasa:pds:maven.mag.calibrated:data.pc:mvn_mag_l2_2016276pc_20161002::1.2
P,urn:nasa:pds:maven.mag.calibrated:data.pc:mvn_mag_l2_2016277pc_20161003::1.2
P,urn:nasa:pds:maven.mag.calibrated:data.pc:mvn_mag_l2_2016278pc_20161004::1.2
P,urn:nasa:pds:maven.mag.calibrated:data.pc:mvn_mag_l2_2016279pc_20161005::1.2
P,urn:nasa:pds:maven.mag.calibrated:data.pc:mvn_mag_l2_2016280pc_20161006::1.2
P,urn:nasa:pds:maven.mag.calibrated:data.pc:mvn_mag_l2_2016281pc_20161007::1.2
P,urn:nasa:pds:maven.mag.calibrated:data.pc:mvn_mag_l2_2016282pc_20161008::1.2
P,urn:nasa:pds:maven.mag.calibrated:data.pc:mvn_mag_l2_2016283pc_20161009::1.2
P,urn:nasa:pds:maven.mag.calibrated:data.pc:mvn_mag_l2_2016284pc_20161010::1.2
P,urn:nasa:pds:maven.mag.calibrated:data.pc:mvn_mag_l2_2016285pc_20161011::1.2
P,urn:nasa:pds:maven.mag.calibrated:data.pc:mvn_mag_l2_2016286pc_20161012::1.2
P,urn:nasa:pds:maven.mag.calibrated:data.pc:mvn_mag_l2_2016287pc_20161013::1.2
P,urn:nasa:pds:maven.mag.calibrated:data.pc:mvn_mag_l2_2016288pc_20161014::1.2
P,urn:nasa:pds:maven.mag.calibrated:data.pc:mvn_mag_l2_2016289pc_20161015::1.2
P,urn:nasa:pds:maven.mag.calibrated:data.pc:mvn_mag_l2_2016290pc_20161016::1.2
P,urn:nasa:pds:maven.mag.calibrated:data.pc:mvn_mag_l2_2016291pc_20161017::1.2
P,urn:nasa:pds:maven.mag.calibrated:data.pc:mvn_mag_l2_2016292pc_20161018::1.2
P,urn:nasa:pds:maven.mag.calibrated:data.pc:mvn_mag_l2_2016293pc_20161019::1.2
P,urn:nasa:pds:maven.mag.calibrated:data.pc:mvn_mag_l2_2016294pc_20161020::1.2
P,urn:nasa:pds:maven.mag.calibrated:data.pc:mvn_mag_l2_2016295pc_20161021::1.2
P,urn:nasa:pds:maven.mag.calibrated:data.pc:mvn_mag_l2_2016296pc_20161022::1.2
P,urn:nasa:pds:maven.mag.calibrated:data.pc:mvn_mag_l2_2016297pc_20161023::1.2
P,urn:nasa:pds:maven.mag.calibrated:data.pc:mvn_mag_l2_2016298pc_20161024::1.2
P,urn:nasa:pds:maven.mag.calibrated:data.pc:mvn_mag_l2_2016299pc_20161025::1.2
P,urn:nasa:pds:maven.mag.calibrated:data.pc:mvn_mag_l2_2016300pc_20161026::1.2
P,urn:nasa:pds:maven.mag.calibrated:data.pc:mvn_mag_l2_2016301pc_20161027::1.2
P,urn:nasa:pds:maven.mag.calibrated:data.pc:mvn_mag_l2_2016302pc_20161028::1.2
P,urn:nasa:pds:maven.mag.calibrated:data.pc:mvn_mag_l2_2016303pc_20161029::1.2
P,urn:nasa:pds:maven.mag.calibrated:data.pc:mvn_mag_l2_2016304pc_20161030::1.2
P,urn:nasa:pds:maven.mag.calibrated:data.pc:mvn_mag_l2_2016305pc_20161031::1.2
P,urn:nasa:pds:maven.mag.calibrated:data.pc:mvn_mag_l2_2016306pc_20161101::1.2
P,urn:nasa:pds:maven.mag.calibrated:data.pc:mvn_mag_l2_2016307pc_20161102::1.2
P,urn:nasa:pds:maven.mag.calibrated:data.pc:mvn_mag_l2_2016308pc_20161103::1.2
P,urn:nasa:pds:maven.mag.calibrated:data.pc:mvn_mag_l2_2016309pc_20161104::1.2
P,urn:nasa:pds:maven.mag.calibrated:data.pc:mvn_mag_l2_2016310pc_20161105::1.2
P,urn:nasa:pds:maven.mag.calibrated:data.pc:mvn_mag_l2_2016311pc_20161106::1.2
P,urn:nasa:pds:maven.mag.calibrated:data.pc:mvn_mag_l2_2016312pc_20161107::1.2
P,urn:nasa:pds:maven.mag.calibrated:data.pc:mvn_mag_l2_2016313pc_20161108::1.2
P,urn:nasa:pds:maven.mag.calibrated:data.pc:mvn_mag_l2_2016314pc_20161109::1.2
P,urn:nasa:pds:maven.mag.calibrated:data.pc:mvn_mag_l2_2016315pc_20161110::1.2
P,urn:nasa:pds:maven.mag.calibrated:data.pc:mvn_mag_l2_2016316pc_20161111::1.2
P,urn:nasa:pds:maven.mag.calibrated:data.pc:mvn_mag_l2_2016317pc_20161112::1.2
P,urn:nasa:pds:maven.mag.calibrated:data.pc:mvn_mag_l2_2016318pc_20161113::1.2
P,urn:nasa:pds:maven.mag.calibrated:data.pc:mvn_mag_l2_2016319pc_20161114::1.2
P,urn:nasa:pds:maven.mag.calibrated:data.pc:mvn_mag_l2_2016320pc_20161115::1.2
P,urn:nasa:pds:maven.mag.calibrated:data.pc:mvn_mag_l2_2016321pc_20161116::1.2
P,urn:nasa:pds:maven.mag.calibrated:data.pc:mvn_mag_l2_2016322pc_20161117::1.2
P,urn:nasa:pds:maven.mag.calibrated:data.pc:mvn_mag_l2_2016323pc_20161118::1.2
P,urn:nasa:pds:maven.mag.calibrated:data.pc:mvn_mag_l2_2016324pc_20161119::1.2
P,urn:nasa:pds:maven.mag.calibrated:data.pc:mvn_mag_l2_2016325pc_20161120::1.2
P,urn:nasa:pds:maven.mag.calibrated:data.pc:mvn_mag_l2_2016326pc_20161121::1.2
P,urn:nasa:pds:maven.mag.calibrated:data.pc:mvn_mag_l2_2016327pc_20161122::1.2
P,urn:nasa:pds:maven.mag.calibrated:data.pc:mvn_mag_l2_2016328pc_20161123::1.2
P,urn:nasa:pds:maven.mag.calibrated:data.pc:mvn_mag_l2_2016329pc_20161124::1.2
P,urn:nasa:pds:maven.mag.calibrated:data.pc:mvn_mag_l2_2016330pc_20161125::1.2
P,urn:nasa:pds:maven.mag.calibrated:data.pc:mvn_mag_l2_2016331pc_20161126::1.2
P,urn:nasa:pds:maven.mag.calibrated:data.pc:mvn_mag_l2_2016332pc_20161127::1.2
P,urn:nasa:pds:maven.mag.calibrated:data.pc:mvn_mag_l2_2016333pc_20161128::1.2
P,urn:nasa:pds:maven.mag.calibrated:data.pc:mvn_mag_l2_2016334pc_20161129::1.2
P,urn:nasa:pds:maven.mag.calibrated:data.pc:mvn_mag_l2_2016335pc_20161130::1.2
P,urn:nasa:pds:maven.mag.calibrated:data.pc:mvn_mag_l2_2016336pc_20161201::1.2
P,urn:nasa:pds:maven.mag.calibrated:data.pc:mvn_mag_l2_2016337pc_20161202::1.2
P,urn:nasa:pds:maven.mag.calibrated:data.pc:mvn_mag_l2_2016338pc_20161203::1.2
P,urn:nasa:pds:maven.mag.calibrated:data.pc:mvn_mag_l2_2016339pc_20161204::1.2
P,urn:nasa:pds:maven.mag.calibrated:data.pc:mvn_mag_l2_2016340pc_20161205::1.2
P,urn:nasa:pds:maven.mag.calibrated:data.pc:mvn_mag_l2_2016341pc_20161206::1.2
P,urn:nasa:pds:maven.mag.calibrated:data.pc:mvn_mag_l2_2016342pc_20161207::1.2
P,urn:nasa:pds:maven.mag.calibrated:data.pc:mvn_mag_l2_2016343pc_20161208::1.2
P,urn:nasa:pds:maven.mag.calibrated:data.pc:mvn_mag_l2_2016344pc_20161209::1.2
P,urn:nasa:pds:maven.mag.calibrated:data.pc:mvn_mag_l2_2016345pc_20161210::1.2
P,urn:nasa:pds:maven.mag.calibrated:data.pc:mvn_mag_l2_2016346pc_20161211::1.2
P,urn:nasa:pds:maven.mag.calibrated:data.pc:mvn_mag_l2_2016347pc_20161212::1.2
P,urn:nasa:pds:maven.mag.calibrated:data.pc:mvn_mag_l2_2016348pc_20161213::1.2
P,urn:nasa:pds:maven.mag.calibrated:data.pc:mvn_mag_l2_2016349pc_20161214::1.2
P,urn:nasa:pds:maven.mag.calibrated:data.pc:mvn_mag_l2_2016350pc_20161215::1.2
P,urn:nasa:pds:maven.mag.calibrated:data.pc:mvn_mag_l2_2016351pc_20161216::1.2
P,urn:nasa:pds:maven.mag.calibrated:data.pc:mvn_mag_l2_2016352pc_20161217::1.2
P,urn:nasa:pds:maven.mag.calibrated:data.pc:mvn_mag_l2_2016353pc_20161218::1.2
P,urn:nasa:pds:maven.mag.calibrated:data.pc:mvn_mag_l2_2016354pc_20161219::1.2
P,urn:nasa:pds:maven.mag.calibrated:data.pc:mvn_mag_l2_2016355pc_20161220::1.2
P,urn:nasa:pds:maven.mag.calibrated:data.pc:mvn_mag_l2_2016356pc_20161221::1.2
P,urn:nasa:pds:maven.mag.calibrated:data.pc:mvn_mag_l2_2016357pc_20161222::1.2
P,urn:nasa:pds:maven.mag.calibrated:data.pc:mvn_mag_l2_2016358pc_20161223::1.2
P,urn:nasa:pds:maven.mag.calibrated:data.pc:mvn_mag_l2_2016359pc_20161224::1.2
P,urn:nasa:pds:maven.mag.calibrated:data.pc:mvn_mag_l2_2016360pc_20161225::1.2
P,urn:nasa:pds:maven.mag.calibrated:data.pc:mvn_mag_l2_2016361pc_20161226::1.2
P,urn:nasa:pds:maven.mag.calibrated:data.pc:mvn_mag_l2_2016362pc_20161227::1.2
P,urn:nasa:pds:maven.mag.calibrated:data.pc:mvn_mag_l2_2016363pc_20161228::1.2
P,urn:nasa:pds:maven.mag.calibrated:data.pc:mvn_mag_l2_2016364pc_20161229::1.2
P,urn:nasa:pds:maven.mag.calibrated:data.pc:mvn_mag_l2_2016365pc_20161230::1.2
P,urn:nasa:pds:maven.mag.calibrated:data.pc:mvn_mag_l2_2016366pc_20161231::1.2
P,urn:nasa:pds:maven.mag.calibrated:data.pc:mvn_mag_l2_2017001pc_20170101::1.2
P,urn:nasa:pds:maven.mag.calibrated:data.pc:mvn_mag_l2_2017002pc_20170102::1.2
P,urn:nasa:pds:maven.mag.calibrated:data.pc:mvn_mag_l2_2017003pc_20170103::1.2
P,urn:nasa:pds:maven.mag.calibrated:data.pc:mvn_mag_l2_2017004pc_20170104::1.2
P,urn:nasa:pds:maven.mag.calibrated:data.pc:mvn_mag_l2_2017005pc_20170105::1.2
P,urn:nasa:pds:maven.mag.calibrated:data.pc:mvn_mag_l2_2017006pc_20170106::1.2
P,urn:nasa:pds:maven.mag.calibrated:data.pc:mvn_mag_l2_2017007pc_20170107::1.2
P,urn:nasa:pds:maven.mag.calibrated:data.pc:mvn_mag_l2_2017008pc_20170108::1.2
P,urn:nasa:pds:maven.mag.calibrated:data.pc:mvn_mag_l2_2017009pc_20170109::1.2
P,urn:nasa:pds:maven.mag.calibrated:data.pc:mvn_mag_l2_2017010pc_20170110::1.2
P,urn:nasa:pds:maven.mag.calibrated:data.pc:mvn_mag_l2_2017011pc_20170111::1.2
P,urn:nasa:pds:maven.mag.calibrated:data.pc:mvn_mag_l2_2017012pc_20170112::1.2
P,urn:nasa:pds:maven.mag.calibrated:data.pc:mvn_mag_l2_2017013pc_20170113::1.2
P,urn:nasa:pds:maven.mag.calibrated:data.pc:mvn_mag_l2_2017014pc_20170114::1.2
P,urn:nasa:pds:maven.mag.calibrated:data.pc:mvn_mag_l2_2017015pc_20170115::1.2
P,urn:nasa:pds:maven.mag.calibrated:data.pc:mvn_mag_l2_2017016pc_20170116::1.2
P,urn:nasa:pds:maven.mag.calibrated:data.pc:mvn_mag_l2_2017017pc_20170117::1.2
P,urn:nasa:pds:maven.mag.calibrated:data.pc:mvn_mag_l2_2017018pc_20170118::1.2
P,urn:nasa:pds:maven.mag.calibrated:data.pc:mvn_mag_l2_2017019pc_20170119::1.2
P,urn:nasa:pds:maven.mag.calibrated:data.pc:mvn_mag_l2_2017020pc_20170120::1.2
P,urn:nasa:pds:maven.mag.calibrated:data.pc:mvn_mag_l2_2017021pc_20170121::1.2
P,urn:nasa:pds:maven.mag.calibrated:data.pc:mvn_mag_l2_2017022pc_20170122::1.2
P,urn:nasa:pds:maven.mag.calibrated:data.pc:mvn_mag_l2_2017023pc_20170123::1.2
P,urn:nasa:pds:maven.mag.calibrated:data.pc:mvn_mag_l2_2017024pc_20170124::1.2
P,urn:nasa:pds:maven.mag.calibrated:data.pc:mvn_mag_l2_2017025pc_20170125::1.2
P,urn:nasa:pds:maven.mag.calibrated:data.pc:mvn_mag_l2_2017026pc_20170126::1.2
P,urn:nasa:pds:maven.mag.calibrated:data.pc:mvn_mag_l2_2017027pc_20170127::1.2
P,urn:nasa:pds:maven.mag.calibrated:data.pc:mvn_mag_l2_2017028pc_20170128::1.2
P,urn:nasa:pds:maven.mag.calibrated:data.pc:mvn_mag_l2_2017029pc_20170129::1.2
P,urn:nasa:pds:maven.mag.calibrated:data.pc:mvn_mag_l2_2017030pc_20170130::1.2
P,urn:nasa:pds:maven.mag.calibrated:data.pc:mvn_mag_l2_2017031pc_20170131::1.2
P,urn:nasa:pds:maven.mag.calibrated:data.pc:mvn_mag_l2_2017032pc_20170201::1.2
P,urn:nasa:pds:maven.mag.calibrated:data.pc:mvn_mag_l2_2017033pc_20170202::1.2
P,urn:nasa:pds:maven.mag.calibrated:data.pc:mvn_mag_l2_2017034pc_20170203::1.2
P,urn:nasa:pds:maven.mag.calibrated:data.pc:mvn_mag_l2_2017035pc_20170204::1.2
P,urn:nasa:pds:maven.mag.calibrated:data.pc:mvn_mag_l2_2017036pc_20170205::1.2
P,urn:nasa:pds:maven.mag.calibrated:data.pc:mvn_mag_l2_2017037pc_20170206::1.2
P,urn:nasa:pds:maven.mag.calibrated:data.pc:mvn_mag_l2_2017038pc_20170207::1.2
P,urn:nasa:pds:maven.mag.calibrated:data.pc:mvn_mag_l2_2017039pc_20170208::1.2
P,urn:nasa:pds:maven.mag.calibrated:data.pc:mvn_mag_l2_2017040pc_20170209::1.2
P,urn:nasa:pds:maven.mag.calibrated:data.pc:mvn_mag_l2_2017041pc_20170210::1.2
P,urn:nasa:pds:maven.mag.calibrated:data.pc:mvn_mag_l2_2017042pc_20170211::1.2
P,urn:nasa:pds:maven.mag.calibrated:data.pc:mvn_mag_l2_2017043pc_20170212::1.2
P,urn:nasa:pds:maven.mag.calibrated:data.pc:mvn_mag_l2_2017044pc_20170213::1.2
P,urn:nasa:pds:maven.mag.calibrated:data.pc:mvn_mag_l2_2017045pc_20170214::1.2
P,urn:nasa:pds:maven.mag.calibrated:data.pc:mvn_mag_l2_2017046pc_20170215::1.2
P,urn:nasa:pds:maven.mag.calibrated:data.pc:mvn_mag_l2_2017047pc_20170216::1.2
P,urn:nasa:pds:maven.mag.calibrated:data.pc:mvn_mag_l2_2017048pc_20170217::1.2
P,urn:nasa:pds:maven.mag.calibrated:data.pc:mvn_mag_l2_2017049pc_20170218::1.2
P,urn:nasa:pds:maven.mag.calibrated:data.pc:mvn_mag_l2_2017050pc_20170219::1.2
P,urn:nasa:pds:maven.mag.calibrated:data.pc:mvn_mag_l2_2017051pc_20170220::1.2
P,urn:nasa:pds:maven.mag.calibrated:data.pc:mvn_mag_l2_2017052pc_20170221::1.2
P,urn:nasa:pds:maven.mag.calibrated:data.pc:mvn_mag_l2_2017053pc_20170222::1.2
P,urn:nasa:pds:maven.mag.calibrated:data.pc:mvn_mag_l2_2017054pc_20170223::1.2
P,urn:nasa:pds:maven.mag.calibrated:data.pc:mvn_mag_l2_2017055pc_20170224::1.2
P,urn:nasa:pds:maven.mag.calibrated:data.pc:mvn_mag_l2_2017056pc_20170225::1.2
P,urn:nasa:pds:maven.mag.calibrated:data.pc:mvn_mag_l2_2017057pc_20170226::1.2
P,urn:nasa:pds:maven.mag.calibrated:data.pc:mvn_mag_l2_2017058pc_20170227::1.2
P,urn:nasa:pds:maven.mag.calibrated:data.pc:mvn_mag_l2_2017059pc_20170228::1.2
P,urn:nasa:pds:maven.mag.calibrated:data.pc:mvn_mag_l2_2017060pc_20170301::1.2
P,urn:nasa:pds:maven.mag.calibrated:data.pc:mvn_mag_l2_2017061pc_20170302::1.2
P,urn:nasa:pds:maven.mag.calibrated:data.pc:mvn_mag_l2_2017062pc_20170303::1.2
P,urn:nasa:pds:maven.mag.calibrated:data.pc:mvn_mag_l2_2017063pc_20170304::1.2
P,urn:nasa:pds:maven.mag.calibrated:data.pc:mvn_mag_l2_2017064pc_20170305::1.2
P,urn:nasa:pds:maven.mag.calibrated:data.pc:mvn_mag_l2_2017065pc_20170306::1.2
P,urn:nasa:pds:maven.mag.calibrated:data.pc:mvn_mag_l2_2017066pc_20170307::1.2
P,urn:nasa:pds:maven.mag.calibrated:data.pc:mvn_mag_l2_2017067pc_20170308::1.2
P,urn:nasa:pds:maven.mag.calibrated:data.pc:mvn_mag_l2_2017068pc_20170309::1.2
P,urn:nasa:pds:maven.mag.calibrated:data.pc:mvn_mag_l2_2017069pc_20170310::1.2
P,urn:nasa:pds:maven.mag.calibrated:data.pc:mvn_mag_l2_2017070pc_20170311::1.2
P,urn:nasa:pds:maven.mag.calibrated:data.pc:mvn_mag_l2_2017071pc_20170312::1.2
P,urn:nasa:pds:maven.mag.calibrated:data.pc:mvn_mag_l2_2017072pc_20170313::1.2
P,urn:nasa:pds:maven.mag.calibrated:data.pc:mvn_mag_l2_2017073pc_20170314::1.2
P,urn:nasa:pds:maven.mag.calibrated:data.pc:mvn_mag_l2_2017074pc_20170315::1.2
P,urn:nasa:pds:maven.mag.calibrated:data.pc:mvn_mag_l2_2017075pc_20170316::1.2
P,urn:nasa:pds:maven.mag.calibrated:data.pc:mvn_mag_l2_2017076pc_20170317::1.2
P,urn:nasa:pds:maven.mag.calibrated:data.pc:mvn_mag_l2_2017077pc_20170318::1.2
P,urn:nasa:pds:maven.mag.calibrated:data.pc:mvn_mag_l2_2017078pc_20170319::1.2
P,urn:nasa:pds:maven.mag.calibrated:data.pc:mvn_mag_l2_2017079pc_20170320::1.2
P,urn:nasa:pds:maven.mag.calibrated:data.pc:mvn_mag_l2_2017080pc_20170321::1.2
P,urn:nasa:pds:maven.mag.calibrated:data.pc:mvn_mag_l2_2017081pc_20170322::1.2
P,urn:nasa:pds:maven.mag.calibrated:data.pc:mvn_mag_l2_2017082pc_20170323::1.2
P,urn:nasa:pds:maven.mag.calibrated:data.pc:mvn_mag_l2_2017083pc_20170324::1.2
P,urn:nasa:pds:maven.mag.calibrated:data.pc:mvn_mag_l2_2017084pc_20170325::1.2
P,urn:nasa:pds:maven.mag.calibrated:data.pc:mvn_mag_l2_2017085pc_20170326::1.2
P,urn:nasa:pds:maven.mag.calibrated:data.pc:mvn_mag_l2_2017086pc_20170327::1.2
P,urn:nasa:pds:maven.mag.calibrated:data.pc:mvn_mag_l2_2017087pc_20170328::1.2
P,urn:nasa:pds:maven.mag.calibrated:data.pc:mvn_mag_l2_2017088pc_20170329::1.2
P,urn:nasa:pds:maven.mag.calibrated:data.pc:mvn_mag_l2_2017089pc_20170330::1.2
P,urn:nasa:pds:maven.mag.calibrated:data.pc:mvn_mag_l2_2017090pc_20170331::1.2
P,urn:nasa:pds:maven.mag.calibrated:data.pc:mvn_mag_l2_2017091pc_20170401::1.2
P,urn:nasa:pds:maven.mag.calibrated:data.pc:mvn_mag_l2_2017092pc_20170402::1.2
P,urn:nasa:pds:maven.mag.calibrated:data.pc:mvn_mag_l2_2017093pc_20170403::1.2
P,urn:nasa:pds:maven.mag.calibrated:data.pc:mvn_mag_l2_2017094pc_20170404::1.2
P,urn:nasa:pds:maven.mag.calibrated:data.pc:mvn_mag_l2_2017095pc_20170405::1.2
P,urn:nasa:pds:maven.mag.calibrated:data.pc:mvn_mag_l2_2017096pc_20170406::1.2
P,urn:nasa:pds:maven.mag.calibrated:data.pc:mvn_mag_l2_2017097pc_20170407::1.2
P,urn:nasa:pds:maven.mag.calibrated:data.pc:mvn_mag_l2_2017098pc_20170408::1.2
P,urn:nasa:pds:maven.mag.calibrated:data.pc:mvn_mag_l2_2017099pc_20170409::1.2
P,urn:nasa:pds:maven.mag.calibrated:data.pc:mvn_mag_l2_2017100pc_20170410::1.2
P,urn:nasa:pds:maven.mag.calibrated:data.pc:mvn_mag_l2_2017101pc_20170411::1.2
P,urn:nasa:pds:maven.mag.calibrated:data.pc:mvn_mag_l2_2017102pc_20170412::1.2
P,urn:nasa:pds:maven.mag.calibrated:data.pc:mvn_mag_l2_2017103pc_20170413::1.2
P,urn:nasa:pds:maven.mag.calibrated:data.pc:mvn_mag_l2_2017104pc_20170414::1.2
P,urn:nasa:pds:maven.mag.calibrated:data.pc:mvn_mag_l2_2017105pc_20170415::1.2
P,urn:nasa:pds:maven.mag.calibrated:data.pc:mvn_mag_l2_2017106pc_20170416::1.2
P,urn:nasa:pds:maven.mag.calibrated:data.pc:mvn_mag_l2_2017107pc_20170417::1.2
P,urn:nasa:pds:maven.mag.calibrated:data.pc:mvn_mag_l2_2017108pc_20170418::1.2
P,urn:nasa:pds:maven.mag.calibrated:data.pc:mvn_mag_l2_2017109pc_20170419::1.2
P,urn:nasa:pds:maven.mag.calibrated:data.pc:mvn_mag_l2_2017110pc_20170420::1.2
P,urn:nasa:pds:maven.mag.calibrated:data.pc:mvn_mag_l2_2017111pc_20170421::1.2
P,urn:nasa:pds:maven.mag.calibrated:data.pc:mvn_mag_l2_2017112pc_20170422::1.2
P,urn:nasa:pds:maven.mag.calibrated:data.pc:mvn_mag_l2_2017113pc_20170423::1.2
P,urn:nasa:pds:maven.mag.calibrated:data.pc:mvn_mag_l2_2017114pc_20170424::1.2
P,urn:nasa:pds:maven.mag.calibrated:data.pc:mvn_mag_l2_2017115pc_20170425::1.2
P,urn:nasa:pds:maven.mag.calibrated:data.pc:mvn_mag_l2_2017116pc_20170426::1.2
P,urn:nasa:pds:maven.mag.calibrated:data.pc:mvn_mag_l2_2017117pc_20170427::1.2
P,urn:nasa:pds:maven.mag.calibrated:data.pc:mvn_mag_l2_2017118pc_20170428::1.2
P,urn:nasa:pds:maven.mag.calibrated:data.pc:mvn_mag_l2_2017119pc_20170429::1.2
P,urn:nasa:pds:maven.mag.calibrated:data.pc:mvn_mag_l2_2017120pc_20170430::1.2
P,urn:nasa:pds:maven.mag.calibrated:data.pc:mvn_mag_l2_2017121pc_20170501::1.2
P,urn:nasa:pds:maven.mag.calibrated:data.pc:mvn_mag_l2_2017122pc_20170502::1.2
P,urn:nasa:pds:maven.mag.calibrated:data.pc:mvn_mag_l2_2017123pc_20170503::1.2
P,urn:nasa:pds:maven.mag.calibrated:data.pc:mvn_mag_l2_2017124pc_20170504::1.2
P,urn:nasa:pds:maven.mag.calibrated:data.pc:mvn_mag_l2_2017125pc_20170505::1.2
P,urn:nasa:pds:maven.mag.calibrated:data.pc:mvn_mag_l2_2017126pc_20170506::1.2
P,urn:nasa:pds:maven.mag.calibrated:data.pc:mvn_mag_l2_2017127pc_20170507::1.2
P,urn:nasa:pds:maven.mag.calibrated:data.pc:mvn_mag_l2_2017128pc_20170508::1.2
P,urn:nasa:pds:maven.mag.calibrated:data.pc:mvn_mag_l2_2017129pc_20170509::1.2
P,urn:nasa:pds:maven.mag.calibrated:data.pc:mvn_mag_l2_2017130pc_20170510::1.2
P,urn:nasa:pds:maven.mag.calibrated:data.pc:mvn_mag_l2_2017131pc_20170511::1.2
P,urn:nasa:pds:maven.mag.calibrated:data.pc:mvn_mag_l2_2017132pc_20170512::1.2
P,urn:nasa:pds:maven.mag.calibrated:data.pc:mvn_mag_l2_2017133pc_20170513::1.2
P,urn:nasa:pds:maven.mag.calibrated:data.pc:mvn_mag_l2_2017134pc_20170514::1.2
P,urn:nasa:pds:maven.mag.calibrated:data.pc:mvn_mag_l2_2017135pc_20170515::1.2
P,urn:nasa:pds:maven.mag.calibrated:data.pc:mvn_mag_l2_2017136pc_20170516::1.2
P,urn:nasa:pds:maven.mag.calibrated:data.pc:mvn_mag_l2_2017137pc_20170517::1.2
P,urn:nasa:pds:maven.mag.calibrated:data.pc:mvn_mag_l2_2017138pc_20170518::1.2
P,urn:nasa:pds:maven.mag.calibrated:data.pc:mvn_mag_l2_2017139pc_20170519::1.2
P,urn:nasa:pds:maven.mag.calibrated:data.pc:mvn_mag_l2_2017140pc_20170520::1.2
P,urn:nasa:pds:maven.mag.calibrated:data.pc:mvn_mag_l2_2017141pc_20170521::1.2
P,urn:nasa:pds:maven.mag.calibrated:data.pc:mvn_mag_l2_2017142pc_20170522::1.2
P,urn:nasa:pds:maven.mag.calibrated:data.pc:mvn_mag_l2_2017143pc_20170523::1.2
P,urn:nasa:pds:maven.mag.calibrated:data.pc:mvn_mag_l2_2017144pc_20170524::1.2
P,urn:nasa:pds:maven.mag.calibrated:data.pc:mvn_mag_l2_2017145pc_20170525::1.2
P,urn:nasa:pds:maven.mag.calibrated:data.pc:mvn_mag_l2_2017146pc_20170526::1.2
P,urn:nasa:pds:maven.mag.calibrated:data.pc:mvn_mag_l2_2017147pc_20170527::1.2
P,urn:nasa:pds:maven.mag.calibrated:data.pc:mvn_mag_l2_2017148pc_20170528::1.2
P,urn:nasa:pds:maven.mag.calibrated:data.pc:mvn_mag_l2_2017149pc_20170529::1.2
P,urn:nasa:pds:maven.mag.calibrated:data.pc:mvn_mag_l2_2017150pc_20170530::1.2
P,urn:nasa:pds:maven.mag.calibrated:data.pc:mvn_mag_l2_2017151pc_20170531::1.2
P,urn:nasa:pds:maven.mag.calibrated:data.pc:mvn_mag_l2_2017152pc_20170601::1.2
P,urn:nasa:pds:maven.mag.calibrated:data.pc:mvn_mag_l2_2017153pc_20170602::1.2
P,urn:nasa:pds:maven.mag.calibrated:data.pc:mvn_mag_l2_2017154pc_20170603::1.2
P,urn:nasa:pds:maven.mag.calibrated:data.pc:mvn_mag_l2_2017155pc_20170604::1.2
P,urn:nasa:pds:maven.mag.calibrated:data.pc:mvn_mag_l2_2017156pc_20170605::1.2
P,urn:nasa:pds:maven.mag.calibrated:data.pc:mvn_mag_l2_2017157pc_20170606::1.2
P,urn:nasa:pds:maven.mag.calibrated:data.pc:mvn_mag_l2_2017158pc_20170607::1.2
P,urn:nasa:pds:maven.mag.calibrated:data.pc:mvn_mag_l2_2017159pc_20170608::1.2
P,urn:nasa:pds:maven.mag.calibrated:data.pc:mvn_mag_l2_2017160pc_20170609::1.2
P,urn:nasa:pds:maven.mag.calibrated:data.pc:mvn_mag_l2_2017161pc_20170610::1.2
P,urn:nasa:pds:maven.mag.calibrated:data.pc:mvn_mag_l2_2017162pc_20170611::1.2
P,urn:nasa:pds:maven.mag.calibrated:data.pc:mvn_mag_l2_2017163pc_20170612::1.2
P,urn:nasa:pds:maven.mag.calibrated:data.pc:mvn_mag_l2_2017164pc_20170613::1.2
P,urn:nasa:pds:maven.mag.calibrated:data.pc:mvn_mag_l2_2017165pc_20170614::1.2
P,urn:nasa:pds:maven.mag.calibrated:data.pc:mvn_mag_l2_2017166pc_20170615::1.2
P,urn:nasa:pds:maven.mag.calibrated:data.pc:mvn_mag_l2_2017167pc_20170616::1.2
P,urn:nasa:pds:maven.mag.calibrated:data.pc:mvn_mag_l2_2017168pc_20170617::1.2
P,urn:nasa:pds:maven.mag.calibrated:data.pc:mvn_mag_l2_2017169pc_20170618::1.2
P,urn:nasa:pds:maven.mag.calibrated:data.pc:mvn_mag_l2_2017170pc_20170619::1.2
P,urn:nasa:pds:maven.mag.calibrated:data.pc:mvn_mag_l2_2017171pc_20170620::1.2
P,urn:nasa:pds:maven.mag.calibrated:data.pc:mvn_mag_l2_2017172pc_20170621::1.2
P,urn:nasa:pds:maven.mag.calibrated:data.pc:mvn_mag_l2_2017173pc_20170622::1.2
P,urn:nasa:pds:maven.mag.calibrated:data.pc:mvn_mag_l2_2017174pc_20170623::1.2
P,urn:nasa:pds:maven.mag.calibrated:data.pc:mvn_mag_l2_2017175pc_20170624::1.2
P,urn:nasa:pds:maven.mag.calibrated:data.pc:mvn_mag_l2_2017176pc_20170625::1.2
P,urn:nasa:pds:maven.mag.calibrated:data.pc:mvn_mag_l2_2017177pc_20170626::1.2
P,urn:nasa:pds:maven.mag.calibrated:data.pc:mvn_mag_l2_2017178pc_20170627::1.2
P,urn:nasa:pds:maven.mag.calibrated:data.pc:mvn_mag_l2_2017179pc_20170628::1.2
P,urn:nasa:pds:maven.mag.calibrated:data.pc:mvn_mag_l2_2017180pc_20170629::1.2
P,urn:nasa:pds:maven.mag.calibrated:data.pc:mvn_mag_l2_2017181pc_20170630::1.2
P,urn:nasa:pds:maven.mag.calibrated:data.pc:mvn_mag_l2_2017182pc_20170701::1.2
P,urn:nasa:pds:maven.mag.calibrated:data.pc:mvn_mag_l2_2017183pc_20170702::1.2
P,urn:nasa:pds:maven.mag.calibrated:data.pc:mvn_mag_l2_2017184pc_20170703::1.2
P,urn:nasa:pds:maven.mag.calibrated:data.pc:mvn_mag_l2_2017185pc_20170704::1.2
P,urn:nasa:pds:maven.mag.calibrated:data.pc:mvn_mag_l2_2017186pc_20170705::1.2
P,urn:nasa:pds:maven.mag.calibrated:data.pc:mvn_mag_l2_2017187pc_20170706::1.2
P,urn:nasa:pds:maven.mag.calibrated:data.pc:mvn_mag_l2_2017188pc_20170707::1.2
P,urn:nasa:pds:maven.mag.calibrated:data.pc:mvn_mag_l2_2017189pc_20170708::1.2
P,urn:nasa:pds:maven.mag.calibrated:data.pc:mvn_mag_l2_2017190pc_20170709::1.2
P,urn:nasa:pds:maven.mag.calibrated:data.pc:mvn_mag_l2_2017191pc_20170710::1.2
P,urn:nasa:pds:maven.mag.calibrated:data.pc:mvn_mag_l2_2017192pc_20170711::1.2
P,urn:nasa:pds:maven.mag.calibrated:data.pc:mvn_mag_l2_2017193pc_20170712::1.2
P,urn:nasa:pds:maven.mag.calibrated:data.pc:mvn_mag_l2_2017194pc_20170713::1.2
P,urn:nasa:pds:maven.mag.calibrated:data.pc:mvn_mag_l2_2017195pc_20170714::1.2
P,urn:nasa:pds:maven.mag.calibrated:data.pc:mvn_mag_l2_2017196pc_20170715::1.2
P,urn:nasa:pds:maven.mag.calibrated:data.pc:mvn_mag_l2_2017197pc_20170716::1.2
P,urn:nasa:pds:maven.mag.calibrated:data.pc:mvn_mag_l2_2017198pc_20170717::1.2
P,urn:nasa:pds:maven.mag.calibrated:data.pc:mvn_mag_l2_2017199pc_20170718::1.2
P,urn:nasa:pds:maven.mag.calibrated:data.pc:mvn_mag_l2_2017200pc_20170719::1.2
P,urn:nasa:pds:maven.mag.calibrated:data.pc:mvn_mag_l2_2017201pc_20170720::1.2
P,urn:nasa:pds:maven.mag.calibrated:data.pc:mvn_mag_l2_2017202pc_20170721::1.2
P,urn:nasa:pds:maven.mag.calibrated:data.pc:mvn_mag_l2_2017203pc_20170722::1.2
P,urn:nasa:pds:maven.mag.calibrated:data.pc:mvn_mag_l2_2017204pc_20170723::1.2
P,urn:nasa:pds:maven.mag.calibrated:data.pc:mvn_mag_l2_2017205pc_20170724::1.2
P,urn:nasa:pds:maven.mag.calibrated:data.pc:mvn_mag_l2_2017206pc_20170725::1.2
P,urn:nasa:pds:maven.mag.calibrated:data.pc:mvn_mag_l2_2017207pc_20170726::1.2
P,urn:nasa:pds:maven.mag.calibrated:data.pc:mvn_mag_l2_2017208pc_20170727::1.2
P,urn:nasa:pds:maven.mag.calibrated:data.pc:mvn_mag_l2_2017209pc_20170728::1.2
P,urn:nasa:pds:maven.mag.calibrated:data.pc:mvn_mag_l2_2017210pc_20170729::1.2
P,urn:nasa:pds:maven.mag.calibrated:data.pc:mvn_mag_l2_2017211pc_20170730::1.2
P,urn:nasa:pds:maven.mag.calibrated:data.pc:mvn_mag_l2_2017212pc_20170731::1.2
P,urn:nasa:pds:maven.mag.calibrated:data.pc:mvn_mag_l2_2017213pc_20170801::1.2
P,urn:nasa:pds:maven.mag.calibrated:data.pc:mvn_mag_l2_2017214pc_20170802::1.2
P,urn:nasa:pds:maven.mag.calibrated:data.pc:mvn_mag_l2_2017215pc_20170803::1.2
P,urn:nasa:pds:maven.mag.calibrated:data.pc:mvn_mag_l2_2017216pc_20170804::1.2
P,urn:nasa:pds:maven.mag.calibrated:data.pc:mvn_mag_l2_2017217pc_20170805::1.2
P,urn:nasa:pds:maven.mag.calibrated:data.pc:mvn_mag_l2_2017218pc_20170806::1.2
P,urn:nasa:pds:maven.mag.calibrated:data.pc:mvn_mag_l2_2017219pc_20170807::1.2
P,urn:nasa:pds:maven.mag.calibrated:data.pc:mvn_mag_l2_2017220pc_20170808::1.2
P,urn:nasa:pds:maven.mag.calibrated:data.pc:mvn_mag_l2_2017221pc_20170809::1.2
P,urn:nasa:pds:maven.mag.calibrated:data.pc:mvn_mag_l2_2017222pc_20170810::1.2
P,urn:nasa:pds:maven.mag.calibrated:data.pc:mvn_mag_l2_2017223pc_20170811::1.2
P,urn:nasa:pds:maven.mag.calibrated:data.pc:mvn_mag_l2_2017224pc_20170812::1.2
P,urn:nasa:pds:maven.mag.calibrated:data.pc:mvn_mag_l2_2017225pc_20170813::1.2
P,urn:nasa:pds:maven.mag.calibrated:data.pc:mvn_mag_l2_2017226pc_20170814::1.2
P,urn:nasa:pds:maven.mag.calibrated:data.pc:mvn_mag_l2_2017227pc_20170815::1.2
P,urn:nasa:pds:maven.mag.calibrated:data.pc:mvn_mag_l2_2017228pc_20170816::1.2
P,urn:nasa:pds:maven.mag.calibrated:data.pc:mvn_mag_l2_2017229pc_20170817::1.2
P,urn:nasa:pds:maven.mag.calibrated:data.pc:mvn_mag_l2_2017230pc_20170818::1.2
P,urn:nasa:pds:maven.mag.calibrated:data.pc:mvn_mag_l2_2017231pc_20170819::1.2
P,urn:nasa:pds:maven.mag.calibrated:data.pc:mvn_mag_l2_2017232pc_20170820::1.2
P,urn:nasa:pds:maven.mag.calibrated:data.pc:mvn_mag_l2_2017233pc_20170821::1.2
P,urn:nasa:pds:maven.mag.calibrated:data.pc:mvn_mag_l2_2017234pc_20170822::1.2
P,urn:nasa:pds:maven.mag.calibrated:data.pc:mvn_mag_l2_2017235pc_20170823::1.2
P,urn:nasa:pds:maven.mag.calibrated:data.pc:mvn_mag_l2_2017236pc_20170824::1.2
P,urn:nasa:pds:maven.mag.calibrated:data.pc:mvn_mag_l2_2017237pc_20170825::1.2
P,urn:nasa:pds:maven.mag.calibrated:data.pc:mvn_mag_l2_2017238pc_20170826::1.2
P,urn:nasa:pds:maven.mag.calibrated:data.pc:mvn_mag_l2_2017239pc_20170827::1.2
P,urn:nasa:pds:maven.mag.calibrated:data.pc:mvn_mag_l2_2017240pc_20170828::1.2
P,urn:nasa:pds:maven.mag.calibrated:data.pc:mvn_mag_l2_2017241pc_20170829::1.2
P,urn:nasa:pds:maven.mag.calibrated:data.pc:mvn_mag_l2_2017242pc_20170830::1.2
P,urn:nasa:pds:maven.mag.calibrated:data.pc:mvn_mag_l2_2017243pc_20170831::1.2
P,urn:nasa:pds:maven.mag.calibrated:data.pc:mvn_mag_l2_2017244pc_20170901::1.2
P,urn:nasa:pds:maven.mag.calibrated:data.pc:mvn_mag_l2_2017245pc_20170902::1.2
P,urn:nasa:pds:maven.mag.calibrated:data.pc:mvn_mag_l2_2017246pc_20170903::1.2
P,urn:nasa:pds:maven.mag.calibrated:data.pc:mvn_mag_l2_2017247pc_20170904::1.2
P,urn:nasa:pds:maven.mag.calibrated:data.pc:mvn_mag_l2_2017248pc_20170905::1.2
P,urn:nasa:pds:maven.mag.calibrated:data.pc:mvn_mag_l2_2017249pc_20170906::1.2
P,urn:nasa:pds:maven.mag.calibrated:data.pc:mvn_mag_l2_2017250pc_20170907::1.2
P,urn:nasa:pds:maven.mag.calibrated:data.pc:mvn_mag_l2_2017251pc_20170908::1.2
P,urn:nasa:pds:maven.mag.calibrated:data.pc:mvn_mag_l2_2017252pc_20170909::1.2
P,urn:nasa:pds:maven.mag.calibrated:data.pc:mvn_mag_l2_2017253pc_20170910::1.2
P,urn:nasa:pds:maven.mag.calibrated:data.pc:mvn_mag_l2_2017254pc_20170911::1.2
P,urn:nasa:pds:maven.mag.calibrated:data.pc:mvn_mag_l2_2017255pc_20170912::1.2
P,urn:nasa:pds:maven.mag.calibrated:data.pc:mvn_mag_l2_2017256pc_20170913::1.2
P,urn:nasa:pds:maven.mag.calibrated:data.pc:mvn_mag_l2_2017257pc_20170914::1.2
P,urn:nasa:pds:maven.mag.calibrated:data.pc:mvn_mag_l2_2017258pc_20170915::1.2
P,urn:nasa:pds:maven.mag.calibrated:data.pc:mvn_mag_l2_2017259pc_20170916::1.2
P,urn:nasa:pds:maven.mag.calibrated:data.pc:mvn_mag_l2_2017260pc_20170917::1.2
P,urn:nasa:pds:maven.mag.calibrated:data.pc:mvn_mag_l2_2017261pc_20170918::1.2
P,urn:nasa:pds:maven.mag.calibrated:data.pc:mvn_mag_l2_2017262pc_20170919::1.2
P,urn:nasa:pds:maven.mag.calibrated:data.pc:mvn_mag_l2_2017263pc_20170920::1.2
P,urn:nasa:pds:maven.mag.calibrated:data.pc:mvn_mag_l2_2017264pc_20170921::1.2
P,urn:nasa:pds:maven.mag.calibrated:data.pc:mvn_mag_l2_2017265pc_20170922::1.2
P,urn:nasa:pds:maven.mag.calibrated:data.pc:mvn_mag_l2_2017266pc_20170923::1.2
P,urn:nasa:pds:maven.mag.calibrated:data.pc:mvn_mag_l2_2017267pc_20170924::1.2
P,urn:nasa:pds:maven.mag.calibrated:data.pc:mvn_mag_l2_2017268pc_20170925::1.2
P,urn:nasa:pds:maven.mag.calibrated:data.pc:mvn_mag_l2_2017269pc_20170926::1.2
P,urn:nasa:pds:maven.mag.calibrated:data.pc:mvn_mag_l2_2017270pc_20170927::1.2
P,urn:nasa:pds:maven.mag.calibrated:data.pc:mvn_mag_l2_2017271pc_20170928::1.2
P,urn:nasa:pds:maven.mag.calibrated:data.pc:mvn_mag_l2_2017272pc_20170929::1.2
P,urn:nasa:pds:maven.mag.calibrated:data.pc:mvn_mag_l2_2017273pc_20170930::1.2
P,urn:nasa:pds:maven.mag.calibrated:data.pc:mvn_mag_l2_2017274pc_20171001::1.2
P,urn:nasa:pds:maven.mag.calibrated:data.pc:mvn_mag_l2_2017275pc_20171002::1.2
P,urn:nasa:pds:maven.mag.calibrated:data.pc:mvn_mag_l2_2017276pc_20171003::1.2
P,urn:nasa:pds:maven.mag.calibrated:data.pc:mvn_mag_l2_2017277pc_20171004::1.2
P,urn:nasa:pds:maven.mag.calibrated:data.pc:mvn_mag_l2_2017278pc_20171005::1.2
P,urn:nasa:pds:maven.mag.calibrated:data.pc:mvn_mag_l2_2017279pc_20171006::1.2
P,urn:nasa:pds:maven.mag.calibrated:data.pc:mvn_mag_l2_2017280pc_20171007::1.2
P,urn:nasa:pds:maven.mag.calibrated:data.pc:mvn_mag_l2_2017281pc_20171008::1.2
P,urn:nasa:pds:maven.mag.calibrated:data.pc:mvn_mag_l2_2017282pc_20171009::1.2
P,urn:nasa:pds:maven.mag.calibrated:data.pc:mvn_mag_l2_2017283pc_20171010::1.2
P,urn:nasa:pds:maven.mag.calibrated:data.pc:mvn_mag_l2_2017284pc_20171011::1.2
P,urn:nasa:pds:maven.mag.calibrated:data.pc:mvn_mag_l2_2017285pc_20171012::1.2
P,urn:nasa:pds:maven.mag.calibrated:data.pc:mvn_mag_l2_2017286pc_20171013::1.2
P,urn:nasa:pds:maven.mag.calibrated:data.pc:mvn_mag_l2_2017287pc_20171014::1.2
P,urn:nasa:pds:maven.mag.calibrated:data.pc:mvn_mag_l2_2017288pc_20171015::1.2
P,urn:nasa:pds:maven.mag.calibrated:data.pc:mvn_mag_l2_2017289pc_20171016::1.2
P,urn:nasa:pds:maven.mag.calibrated:data.pc:mvn_mag_l2_2017290pc_20171017::1.2
P,urn:nasa:pds:maven.mag.calibrated:data.pc:mvn_mag_l2_2017291pc_20171018::1.2
P,urn:nasa:pds:maven.mag.calibrated:data.pc:mvn_mag_l2_2017292pc_20171019::1.2
P,urn:nasa:pds:maven.mag.calibrated:data.pc:mvn_mag_l2_2017293pc_20171020::1.2
P,urn:nasa:pds:maven.mag.calibrated:data.pc:mvn_mag_l2_2017294pc_20171021::1.2
P,urn:nasa:pds:maven.mag.calibrated:data.pc:mvn_mag_l2_2017295pc_20171022::1.2
P,urn:nasa:pds:maven.mag.calibrated:data.pc:mvn_mag_l2_2017296pc_20171023::1.2
P,urn:nasa:pds:maven.mag.calibrated:data.pc:mvn_mag_l2_2017297pc_20171024::1.2
P,urn:nasa:pds:maven.mag.calibrated:data.pc:mvn_mag_l2_2017298pc_20171025::1.2
P,urn:nasa:pds:maven.mag.calibrated:data.pc:mvn_mag_l2_2017299pc_20171026::1.2
P,urn:nasa:pds:maven.mag.calibrated:data.pc:mvn_mag_l2_2017300pc_20171027::1.2
P,urn:nasa:pds:maven.mag.calibrated:data.pc:mvn_mag_l2_2017301pc_20171028::1.2
P,urn:nasa:pds:maven.mag.calibrated:data.pc:mvn_mag_l2_2017302pc_20171029::1.2
P,urn:nasa:pds:maven.mag.calibrated:data.pc:mvn_mag_l2_2017303pc_20171030::1.2
P,urn:nasa:pds:maven.mag.calibrated:data.pc:mvn_mag_l2_2017304pc_20171031::1.2
P,urn:nasa:pds:maven.mag.calibrated:data.pc:mvn_mag_l2_2017305pc_20171101::1.2
P,urn:nasa:pds:maven.mag.calibrated:data.pc:mvn_mag_l2_2017306pc_20171102::1.2
P,urn:nasa:pds:maven.mag.calibrated:data.pc:mvn_mag_l2_2017307pc_20171103::1.2
P,urn:nasa:pds:maven.mag.calibrated:data.pc:mvn_mag_l2_2017308pc_20171104::1.2
P,urn:nasa:pds:maven.mag.calibrated:data.pc:mvn_mag_l2_2017309pc_20171105::1.2
P,urn:nasa:pds:maven.mag.calibrated:data.pc:mvn_mag_l2_2017310pc_20171106::1.2
P,urn:nasa:pds:maven.mag.calibrated:data.pc:mvn_mag_l2_2017311pc_20171107::1.2
P,urn:nasa:pds:maven.mag.calibrated:data.pc:mvn_mag_l2_2017312pc_20171108::1.2
P,urn:nasa:pds:maven.mag.calibrated:data.pc:mvn_mag_l2_2017313pc_20171109::1.2
P,urn:nasa:pds:maven.mag.calibrated:data.pc:mvn_mag_l2_2017314pc_20171110::1.2
P,urn:nasa:pds:maven.mag.calibrated:data.pc:mvn_mag_l2_2017315pc_20171111::1.2
P,urn:nasa:pds:maven.mag.calibrated:data.pc:mvn_mag_l2_2017316pc_20171112::1.2
P,urn:nasa:pds:maven.mag.calibrated:data.pc:mvn_mag_l2_2017317pc_20171113::1.2
P,urn:nasa:pds:maven.mag.calibrated:data.pc:mvn_mag_l2_2017318pc_20171114::1.2
P,urn:nasa:pds:maven.mag.calibrated:data.pc:mvn_mag_l2_2017319pc_20171115::1.2
P,urn:nasa:pds:maven.mag.calibrated:data.pc:mvn_mag_l2_2017320pc_20171116::1.2
P,urn:nasa:pds:maven.mag.calibrated:data.pc:mvn_mag_l2_2017321pc_20171117::1.2
P,urn:nasa:pds:maven.mag.calibrated:data.pc:mvn_mag_l2_2017322pc_20171118::1.2
P,urn:nasa:pds:maven.mag.calibrated:data.pc:mvn_mag_l2_2017323pc_20171119::1.2
P,urn:nasa:pds:maven.mag.calibrated:data.pc:mvn_mag_l2_2017324pc_20171120::1.2
P,urn:nasa:pds:maven.mag.calibrated:data.pc:mvn_mag_l2_2017325pc_20171121::1.2
P,urn:nasa:pds:maven.mag.calibrated:data.pc:mvn_mag_l2_2017326pc_20171122::1.2
P,urn:nasa:pds:maven.mag.calibrated:data.pc:mvn_mag_l2_2017327pc_20171123::1.2
P,urn:nasa:pds:maven.mag.calibrated:data.pc:mvn_mag_l2_2017328pc_20171124::1.2
P,urn:nasa:pds:maven.mag.calibrated:data.pc:mvn_mag_l2_2017329pc_20171125::1.2
P,urn:nasa:pds:maven.mag.calibrated:data.pc:mvn_mag_l2_2017330pc_20171126::1.2
P,urn:nasa:pds:maven.mag.calibrated:data.pc:mvn_mag_l2_2017331pc_20171127::1.2
P,urn:nasa:pds:maven.mag.calibrated:data.pc:mvn_mag_l2_2017332pc_20171128::1.2
P,urn:nasa:pds:maven.mag.calibrated:data.pc:mvn_mag_l2_2017333pc_20171129::1.2
P,urn:nasa:pds:maven.mag.calibrated:data.pc:mvn_mag_l2_2017334pc_20171130::1.2
P,urn:nasa:pds:maven.mag.calibrated:data.pc:mvn_mag_l2_2017335pc_20171201::1.2
P,urn:nasa:pds:maven.mag.calibrated:data.pc:mvn_mag_l2_2017336pc_20171202::1.2
P,urn:nasa:pds:maven.mag.calibrated:data.pc:mvn_mag_l2_2017337pc_20171203::1.2
P,urn:nasa:pds:maven.mag.calibrated:data.pc:mvn_mag_l2_2017338pc_20171204::1.2
P,urn:nasa:pds:maven.mag.calibrated:data.pc:mvn_mag_l2_2017339pc_20171205::1.2
P,urn:nasa:pds:maven.mag.calibrated:data.pc:mvn_mag_l2_2017340pc_20171206::1.2
P,urn:nasa:pds:maven.mag.calibrated:data.pc:mvn_mag_l2_2017341pc_20171207::1.2
P,urn:nasa:pds:maven.mag.calibrated:data.pc:mvn_mag_l2_2017342pc_20171208::1.2
P,urn:nasa:pds:maven.mag.calibrated:data.pc:mvn_mag_l2_2017343pc_20171209::1.2
P,urn:nasa:pds:maven.mag.calibrated:data.pc:mvn_mag_l2_2017344pc_20171210::1.2
P,urn:nasa:pds:maven.mag.calibrated:data.pc:mvn_mag_l2_2017345pc_20171211::1.2
P,urn:nasa:pds:maven.mag.calibrated:data.pc:mvn_mag_l2_2017346pc_20171212::1.2
P,urn:nasa:pds:maven.mag.calibrated:data.pc:mvn_mag_l2_2017347pc_20171213::1.2
P,urn:nasa:pds:maven.mag.calibrated:data.pc:mvn_mag_l2_2017348pc_20171214::1.2
P,urn:nasa:pds:maven.mag.calibrated:data.pc:mvn_mag_l2_2017349pc_20171215::1.2
P,urn:nasa:pds:maven.mag.calibrated:data.pc:mvn_mag_l2_2017350pc_20171216::1.2
P,urn:nasa:pds:maven.mag.calibrated:data.pc:mvn_mag_l2_2017351pc_20171217::1.2
P,urn:nasa:pds:maven.mag.calibrated:data.pc:mvn_mag_l2_2017352pc_20171218::1.2
P,urn:nasa:pds:maven.mag.calibrated:data.pc:mvn_mag_l2_2017353pc_20171219::1.2
P,urn:nasa:pds:maven.mag.calibrated:data.pc:mvn_mag_l2_2017354pc_20171220::1.2
P,urn:nasa:pds:maven.mag.calibrated:data.pc:mvn_mag_l2_2017355pc_20171221::1.2
P,urn:nasa:pds:maven.mag.calibrated:data.pc:mvn_mag_l2_2017356pc_20171222::1.2
P,urn:nasa:pds:maven.mag.calibrated:data.pc:mvn_mag_l2_2017357pc_20171223::1.2
P,urn:nasa:pds:maven.mag.calibrated:data.pc:mvn_mag_l2_2017358pc_20171224::1.2
P,urn:nasa:pds:maven.mag.calibrated:data.pc:mvn_mag_l2_2017359pc_20171225::1.2
P,urn:nasa:pds:maven.mag.calibrated:data.pc:mvn_mag_l2_2017360pc_20171226::1.2
P,urn:nasa:pds:maven.mag.calibrated:data.pc:mvn_mag_l2_2017361pc_20171227::1.2
P,urn:nasa:pds:maven.mag.calibrated:data.pc:mvn_mag_l2_2017362pc_20171228::1.2
P,urn:nasa:pds:maven.mag.calibrated:data.pc:mvn_mag_l2_2017363pc_20171229::1.2
P,urn:nasa:pds:maven.mag.calibrated:data.pc:mvn_mag_l2_2017364pc_20171230::1.2
P,urn:nasa:pds:maven.mag.calibrated:data.pc:mvn_mag_l2_2017365pc_20171231::1.2
P,urn:nasa:pds:maven.mag.calibrated:data.pc:mvn_mag_l2_2018001pc_20180101::1.2
P,urn:nasa:pds:maven.mag.calibrated:data.pc:mvn_mag_l2_2018002pc_20180102::1.2
P,urn:nasa:pds:maven.mag.calibrated:data.pc:mvn_mag_l2_2018003pc_20180103::1.2
P,urn:nasa:pds:maven.mag.calibrated:data.pc:mvn_mag_l2_2018004pc_20180104::1.2
P,urn:nasa:pds:maven.mag.calibrated:data.pc:mvn_mag_l2_2018005pc_20180105::1.2
P,urn:nasa:pds:maven.mag.calibrated:data.pc:mvn_mag_l2_2018006pc_20180106::1.2
P,urn:nasa:pds:maven.mag.calibrated:data.pc:mvn_mag_l2_2018007pc_20180107::1.2
P,urn:nasa:pds:maven.mag.calibrated:data.pc:mvn_mag_l2_2018008pc_20180108::1.2
P,urn:nasa:pds:maven.mag.calibrated:data.pc:mvn_mag_l2_2018009pc_20180109::1.2
P,urn:nasa:pds:maven.mag.calibrated:data.pc:mvn_mag_l2_2018010pc_20180110::1.2
P,urn:nasa:pds:maven.mag.calibrated:data.pc:mvn_mag_l2_2018011pc_20180111::1.2
P,urn:nasa:pds:maven.mag.calibrated:data.pc:mvn_mag_l2_2018012pc_20180112::1.2
P,urn:nasa:pds:maven.mag.calibrated:data.pc:mvn_mag_l2_2018013pc_20180113::1.2
P,urn:nasa:pds:maven.mag.calibrated:data.pc:mvn_mag_l2_2018014pc_20180114::1.2
P,urn:nasa:pds:maven.mag.calibrated:data.pc:mvn_mag_l2_2018015pc_20180115::1.2
P,urn:nasa:pds:maven.mag.calibrated:data.pc:mvn_mag_l2_2018016pc_20180116::1.2
P,urn:nasa:pds:maven.mag.calibrated:data.pc:mvn_mag_l2_2018017pc_20180117::1.2
P,urn:nasa:pds:maven.mag.calibrated:data.pc:mvn_mag_l2_2018018pc_20180118::1.2
P,urn:nasa:pds:maven.mag.calibrated:data.pc:mvn_mag_l2_2018019pc_20180119::1.2
P,urn:nasa:pds:maven.mag.calibrated:data.pc:mvn_mag_l2_2018020pc_20180120::1.2
P,urn:nasa:pds:maven.mag.calibrated:data.pc:mvn_mag_l2_2018021pc_20180121::1.2
P,urn:nasa:pds:maven.mag.calibrated:data.pc:mvn_mag_l2_2018022pc_20180122::1.2
P,urn:nasa:pds:maven.mag.calibrated:data.pc:mvn_mag_l2_2018023pc_20180123::1.2
P,urn:nasa:pds:maven.mag.calibrated:data.pc:mvn_mag_l2_2018024pc_20180124::1.2
P,urn:nasa:pds:maven.mag.calibrated:data.pc:mvn_mag_l2_2018025pc_20180125::1.2
P,urn:nasa:pds:maven.mag.calibrated:data.pc:mvn_mag_l2_2018026pc_20180126::1.2
P,urn:nasa:pds:maven.mag.calibrated:data.pc:mvn_mag_l2_2018027pc_20180127::1.2
P,urn:nasa:pds:maven.mag.calibrated:data.pc:mvn_mag_l2_2018028pc_20180128::1.2
P,urn:nasa:pds:maven.mag.calibrated:data.pc:mvn_mag_l2_2018029pc_20180129::1.2
P,urn:nasa:pds:maven.mag.calibrated:data.pc:mvn_mag_l2_2018030pc_20180130::1.2
P,urn:nasa:pds:maven.mag.calibrated:data.pc:mvn_mag_l2_2018031pc_20180131::1.2
P,urn:nasa:pds:maven.mag.calibrated:data.pc:mvn_mag_l2_2018032pc_20180201::1.2
P,urn:nasa:pds:maven.mag.calibrated:data.pc:mvn_mag_l2_2018033pc_20180202::1.2
P,urn:nasa:pds:maven.mag.calibrated:data.pc:mvn_mag_l2_2018034pc_20180203::1.2
P,urn:nasa:pds:maven.mag.calibrated:data.pc:mvn_mag_l2_2018035pc_20180204::1.2
P,urn:nasa:pds:maven.mag.calibrated:data.pc:mvn_mag_l2_2018036pc_20180205::1.2
P,urn:nasa:pds:maven.mag.calibrated:data.pc:mvn_mag_l2_2018037pc_20180206::1.2
P,urn:nasa:pds:maven.mag.calibrated:data.pc:mvn_mag_l2_2018038pc_20180207::1.2
P,urn:nasa:pds:maven.mag.calibrated:data.pc:mvn_mag_l2_2018039pc_20180208::1.2
P,urn:nasa:pds:maven.mag.calibrated:data.pc:mvn_mag_l2_2018040pc_20180209::1.2
P,urn:nasa:pds:maven.mag.calibrated:data.pc:mvn_mag_l2_2018041pc_20180210::1.2
P,urn:nasa:pds:maven.mag.calibrated:data.pc:mvn_mag_l2_2018042pc_20180211::1.2
P,urn:nasa:pds:maven.mag.calibrated:data.pc:mvn_mag_l2_2018043pc_20180212::1.2
P,urn:nasa:pds:maven.mag.calibrated:data.pc:mvn_mag_l2_2018044pc_20180213::1.2
P,urn:nasa:pds:maven.mag.calibrated:data.pc:mvn_mag_l2_2018045pc_20180214::1.2
P,urn:nasa:pds:maven.mag.calibrated:data.pc:mvn_mag_l2_2018046pc_20180215::1.2
P,urn:nasa:pds:maven.mag.calibrated:data.pc:mvn_mag_l2_2018047pc_20180216::1.2
P,urn:nasa:pds:maven.mag.calibrated:data.pc:mvn_mag_l2_2018048pc_20180217::1.2
P,urn:nasa:pds:maven.mag.calibrated:data.pc:mvn_mag_l2_2018049pc_20180218::1.2
P,urn:nasa:pds:maven.mag.calibrated:data.pc:mvn_mag_l2_2018050pc_20180219::1.2
P,urn:nasa:pds:maven.mag.calibrated:data.pc:mvn_mag_l2_2018051pc_20180220::1.2
P,urn:nasa:pds:maven.mag.calibrated:data.pc:mvn_mag_l2_2018052pc_20180221::1.2
P,urn:nasa:pds:maven.mag.calibrated:data.pc:mvn_mag_l2_2018053pc_20180222::1.2
P,urn:nasa:pds:maven.mag.calibrated:data.pc:mvn_mag_l2_2018054pc_20180223::1.2
P,urn:nasa:pds:maven.mag.calibrated:data.pc:mvn_mag_l2_2018055pc_20180224::1.2
P,urn:nasa:pds:maven.mag.calibrated:data.pc:mvn_mag_l2_2018056pc_20180225::1.2
P,urn:nasa:pds:maven.mag.calibrated:data.pc:mvn_mag_l2_2018057pc_20180226::1.2
P,urn:nasa:pds:maven.mag.calibrated:data.pc:mvn_mag_l2_2018058pc_20180227::1.2
P,urn:nasa:pds:maven.mag.calibrated:data.pc:mvn_mag_l2_2018059pc_20180228::1.2
P,urn:nasa:pds:maven.mag.calibrated:data.pc:mvn_mag_l2_2018060pc_20180301::1.2
P,urn:nasa:pds:maven.mag.calibrated:data.pc:mvn_mag_l2_2018061pc_20180302::1.2
P,urn:nasa:pds:maven.mag.calibrated:data.pc:mvn_mag_l2_2018062pc_20180303::1.2
P,urn:nasa:pds:maven.mag.calibrated:data.pc:mvn_mag_l2_2018063pc_20180304::1.2
P,urn:nasa:pds:maven.mag.calibrated:data.pc:mvn_mag_l2_2018064pc_20180305::1.2
P,urn:nasa:pds:maven.mag.calibrated:data.pc:mvn_mag_l2_2018065pc_20180306::1.2
P,urn:nasa:pds:maven.mag.calibrated:data.pc:mvn_mag_l2_2018066pc_20180307::1.2
P,urn:nasa:pds:maven.mag.calibrated:data.pc:mvn_mag_l2_2018067pc_20180308::1.2
P,urn:nasa:pds:maven.mag.calibrated:data.pc:mvn_mag_l2_2018068pc_20180309::1.2
P,urn:nasa:pds:maven.mag.calibrated:data.pc:mvn_mag_l2_2018069pc_20180310::1.2
P,urn:nasa:pds:maven.mag.calibrated:data.pc:mvn_mag_l2_2018070pc_20180311::1.2
P,urn:nasa:pds:maven.mag.calibrated:data.pc:mvn_mag_l2_2018071pc_20180312::1.2
P,urn:nasa:pds:maven.mag.calibrated:data.pc:mvn_mag_l2_2018072pc_20180313::1.2
P,urn:nasa:pds:maven.mag.calibrated:data.pc:mvn_mag_l2_2018073pc_20180314::1.2
P,urn:nasa:pds:maven.mag.calibrated:data.pc:mvn_mag_l2_2018074pc_20180315::1.2
P,urn:nasa:pds:maven.mag.calibrated:data.pc:mvn_mag_l2_2018075pc_20180316::1.2
P,urn:nasa:pds:maven.mag.calibrated:data.pc:mvn_mag_l2_2018076pc_20180317::1.2
P,urn:nasa:pds:maven.mag.calibrated:data.pc:mvn_mag_l2_2018077pc_20180318::1.2
P,urn:nasa:pds:maven.mag.calibrated:data.pc:mvn_mag_l2_2018078pc_20180319::1.2
P,urn:nasa:pds:maven.mag.calibrated:data.pc:mvn_mag_l2_2018079pc_20180320::1.2
P,urn:nasa:pds:maven.mag.calibrated:data.pc:mvn_mag_l2_2018080pc_20180321::1.2
P,urn:nasa:pds:maven.mag.calibrated:data.pc:mvn_mag_l2_2018081pc_20180322::1.2
P,urn:nasa:pds:maven.mag.calibrated:data.pc:mvn_mag_l2_2018082pc_20180323::1.2
P,urn:nasa:pds:maven.mag.calibrated:data.pc:mvn_mag_l2_2018083pc_20180324::1.2
P,urn:nasa:pds:maven.mag.calibrated:data.pc:mvn_mag_l2_2018084pc_20180325::1.2
P,urn:nasa:pds:maven.mag.calibrated:data.pc:mvn_mag_l2_2018085pc_20180326::1.2
P,urn:nasa:pds:maven.mag.calibrated:data.pc:mvn_mag_l2_2018086pc_20180327::1.2
P,urn:nasa:pds:maven.mag.calibrated:data.pc:mvn_mag_l2_2018087pc_20180328::1.2
P,urn:nasa:pds:maven.mag.calibrated:data.pc:mvn_mag_l2_2018088pc_20180329::1.2
P,urn:nasa:pds:maven.mag.calibrated:data.pc:mvn_mag_l2_2018089pc_20180330::1.2
P,urn:nasa:pds:maven.mag.calibrated:data.pc:mvn_mag_l2_2018090pc_20180331::1.2
P,urn:nasa:pds:maven.mag.calibrated:data.pc:mvn_mag_l2_2018091pc_20180401::1.2
P,urn:nasa:pds:maven.mag.calibrated:data.pc:mvn_mag_l2_2018092pc_20180402::1.2
P,urn:nasa:pds:maven.mag.calibrated:data.pc:mvn_mag_l2_2018093pc_20180403::1.2
P,urn:nasa:pds:maven.mag.calibrated:data.pc:mvn_mag_l2_2018094pc_20180404::1.2
P,urn:nasa:pds:maven.mag.calibrated:data.pc:mvn_mag_l2_2018095pc_20180405::1.2
P,urn:nasa:pds:maven.mag.calibrated:data.pc:mvn_mag_l2_2018096pc_20180406::1.2
P,urn:nasa:pds:maven.mag.calibrated:data.pc:mvn_mag_l2_2018097pc_20180407::1.2
P,urn:nasa:pds:maven.mag.calibrated:data.pc:mvn_mag_l2_2018098pc_20180408::1.2
P,urn:nasa:pds:maven.mag.calibrated:data.pc:mvn_mag_l2_2018099pc_20180409::1.2
P,urn:nasa:pds:maven.mag.calibrated:data.pc:mvn_mag_l2_2018100pc_20180410::1.2
P,urn:nasa:pds:maven.mag.calibrated:data.pc:mvn_mag_l2_2018101pc_20180411::1.2
P,urn:nasa:pds:maven.mag.calibrated:data.pc:mvn_mag_l2_2018102pc_20180412::1.2
P,urn:nasa:pds:maven.mag.calibrated:data.pc:mvn_mag_l2_2018103pc_20180413::1.2
P,urn:nasa:pds:maven.mag.calibrated:data.pc:mvn_mag_l2_2018104pc_20180414::1.2
P,urn:nasa:pds:maven.mag.calibrated:data.pc:mvn_mag_l2_2018105pc_20180415::1.2
P,urn:nasa:pds:maven.mag.calibrated:data.pc:mvn_mag_l2_2018106pc_20180416::1.2
P,urn:nasa:pds:maven.mag.calibrated:data.pc:mvn_mag_l2_2018107pc_20180417::1.2
P,urn:nasa:pds:maven.mag.calibrated:data.pc:mvn_mag_l2_2018108pc_20180418::1.2
P,urn:nasa:pds:maven.mag.calibrated:data.pc:mvn_mag_l2_2018109pc_20180419::1.2
P,urn:nasa:pds:maven.mag.calibrated:data.pc:mvn_mag_l2_2018110pc_20180420::1.2
P,urn:nasa:pds:maven.mag.calibrated:data.pc:mvn_mag_l2_2018111pc_20180421::1.2
P,urn:nasa:pds:maven.mag.calibrated:data.pc:mvn_mag_l2_2018112pc_20180422::1.2
P,urn:nasa:pds:maven.mag.calibrated:data.pc:mvn_mag_l2_2018113pc_20180423::1.2
P,urn:nasa:pds:maven.mag.calibrated:data.pc:mvn_mag_l2_2018114pc_20180424::1.2
P,urn:nasa:pds:maven.mag.calibrated:data.pc:mvn_mag_l2_2018115pc_20180425::1.2
P,urn:nasa:pds:maven.mag.calibrated:data.pc:mvn_mag_l2_2018116pc_20180426::1.2
P,urn:nasa:pds:maven.mag.calibrated:data.pc:mvn_mag_l2_2018117pc_20180427::1.2
P,urn:nasa:pds:maven.mag.calibrated:data.pc:mvn_mag_l2_2018118pc_20180428::1.2
P,urn:nasa:pds:maven.mag.calibrated:data.pc:mvn_mag_l2_2018119pc_20180429::1.2
P,urn:nasa:pds:maven.mag.calibrated:data.pc:mvn_mag_l2_2018120pc_20180430::1.2
P,urn:nasa:pds:maven.mag.calibrated:data.pc:mvn_mag_l2_2018121pc_20180501::1.2
P,urn:nasa:pds:maven.mag.calibrated:data.pc:mvn_mag_l2_2018122pc_20180502::1.2
P,urn:nasa:pds:maven.mag.calibrated:data.pc:mvn_mag_l2_2018123pc_20180503::1.2
P,urn:nasa:pds:maven.mag.calibrated:data.pc:mvn_mag_l2_2018124pc_20180504::1.2
P,urn:nasa:pds:maven.mag.calibrated:data.pc:mvn_mag_l2_2018125pc_20180505::1.2
P,urn:nasa:pds:maven.mag.calibrated:data.pc:mvn_mag_l2_2018126pc_20180506::1.2
P,urn:nasa:pds:maven.mag.calibrated:data.pc:mvn_mag_l2_2018127pc_20180507::1.2
P,urn:nasa:pds:maven.mag.calibrated:data.pc:mvn_mag_l2_2018128pc_20180508::1.2
P,urn:nasa:pds:maven.mag.calibrated:data.pc:mvn_mag_l2_2018129pc_20180509::1.2
P,urn:nasa:pds:maven.mag.calibrated:data.pc:mvn_mag_l2_2018130pc_20180510::1.2
P,urn:nasa:pds:maven.mag.calibrated:data.pc:mvn_mag_l2_2018131pc_20180511::1.2
P,urn:nasa:pds:maven.mag.calibrated:data.pc:mvn_mag_l2_2018132pc_20180512::1.2
P,urn:nasa:pds:maven.mag.calibrated:data.pc:mvn_mag_l2_2018133pc_20180513::1.2
P,urn:nasa:pds:maven.mag.calibrated:data.pc:mvn_mag_l2_2018134pc_20180514::1.2
P,urn:nasa:pds:maven.mag.calibrated:data.pc:mvn_mag_l2_2018135pc_20180515::1.2
P,urn:nasa:pds:maven.mag.calibrated:data.pc:mvn_mag_l2_2018136pc_20180516::1.2
P,urn:nasa:pds:maven.mag.calibrated:data.pc:mvn_mag_l2_2018137pc_20180517::1.2
P,urn:nasa:pds:maven.mag.calibrated:data.pc:mvn_mag_l2_2018138pc_20180518::1.2
P,urn:nasa:pds:maven.mag.calibrated:data.pc:mvn_mag_l2_2018139pc_20180519::1.2
P,urn:nasa:pds:maven.mag.calibrated:data.pc:mvn_mag_l2_2018140pc_20180520::1.2
P,urn:nasa:pds:maven.mag.calibrated:data.pc:mvn_mag_l2_2018141pc_20180521::1.2
P,urn:nasa:pds:maven.mag.calibrated:data.pc:mvn_mag_l2_2018142pc_20180522::1.2
P,urn:nasa:pds:maven.mag.calibrated:data.pc:mvn_mag_l2_2018143pc_20180523::1.2
P,urn:nasa:pds:maven.mag.calibrated:data.pc:mvn_mag_l2_2018144pc_20180524::1.2
P,urn:nasa:pds:maven.mag.calibrated:data.pc:mvn_mag_l2_2018145pc_20180525::1.2
P,urn:nasa:pds:maven.mag.calibrated:data.pc:mvn_mag_l2_2018146pc_20180526::1.2
P,urn:nasa:pds:maven.mag.calibrated:data.pc:mvn_mag_l2_2018147pc_20180527::1.2
P,urn:nasa:pds:maven.mag.calibrated:data.pc:mvn_mag_l2_2018148pc_20180528::1.2
P,urn:nasa:pds:maven.mag.calibrated:data.pc:mvn_mag_l2_2018149pc_20180529::1.2
P,urn:nasa:pds:maven.mag.calibrated:data.pc:mvn_mag_l2_2018150pc_20180530::1.2
P,urn:nasa:pds:maven.mag.calibrated:data.pc:mvn_mag_l2_2018151pc_20180531::1.2
P,urn:nasa:pds:maven.mag.calibrated:data.pc:mvn_mag_l2_2018152pc_20180601::1.2
P,urn:nasa:pds:maven.mag.calibrated:data.pc:mvn_mag_l2_2018153pc_20180602::1.2
P,urn:nasa:pds:maven.mag.calibrated:data.pc:mvn_mag_l2_2018154pc_20180603::1.2
P,urn:nasa:pds:maven.mag.calibrated:data.pc:mvn_mag_l2_2018155pc_20180604::1.2
P,urn:nasa:pds:maven.mag.calibrated:data.pc:mvn_mag_l2_2018156pc_20180605::1.2
P,urn:nasa:pds:maven.mag.calibrated:data.pc:mvn_mag_l2_2018157pc_20180606::1.2
P,urn:nasa:pds:maven.mag.calibrated:data.pc:mvn_mag_l2_2018158pc_20180607::1.2
P,urn:nasa:pds:maven.mag.calibrated:data.pc:mvn_mag_l2_2018159pc_20180608::1.2
P,urn:nasa:pds:maven.mag.calibrated:data.pc:mvn_mag_l2_2018160pc_20180609::1.2
P,urn:nasa:pds:maven.mag.calibrated:data.pc:mvn_mag_l2_2018161pc_20180610::1.2
P,urn:nasa:pds:maven.mag.calibrated:data.pc:mvn_mag_l2_2018162pc_20180611::1.2
P,urn:nasa:pds:maven.mag.calibrated:data.pc:mvn_mag_l2_2018163pc_20180612::1.2
P,urn:nasa:pds:maven.mag.calibrated:data.pc:mvn_mag_l2_2018164pc_20180613::1.2
P,urn:nasa:pds:maven.mag.calibrated:data.pc:mvn_mag_l2_2018165pc_20180614::1.2
P,urn:nasa:pds:maven.mag.calibrated:data.pc:mvn_mag_l2_2018166pc_20180615::1.2
P,urn:nasa:pds:maven.mag.calibrated:data.pc:mvn_mag_l2_2018167pc_20180616::1.2
P,urn:nasa:pds:maven.mag.calibrated:data.pc:mvn_mag_l2_2018168pc_20180617::1.2
P,urn:nasa:pds:maven.mag.calibrated:data.pc:mvn_mag_l2_2018169pc_20180618::1.2
P,urn:nasa:pds:maven.mag.calibrated:data.pc:mvn_mag_l2_2018170pc_20180619::1.2
P,urn:nasa:pds:maven.mag.calibrated:data.pc:mvn_mag_l2_2018171pc_20180620::1.2
P,urn:nasa:pds:maven.mag.calibrated:data.pc:mvn_mag_l2_2018172pc_20180621::1.2
P,urn:nasa:pds:maven.mag.calibrated:data.pc:mvn_mag_l2_2018173pc_20180622::1.2
P,urn:nasa:pds:maven.mag.calibrated:data.pc:mvn_mag_l2_2018174pc_20180623::1.2
P,urn:nasa:pds:maven.mag.calibrated:data.pc:mvn_mag_l2_2018175pc_20180624::1.2
P,urn:nasa:pds:maven.mag.calibrated:data.pc:mvn_mag_l2_2018176pc_20180625::1.2
P,urn:nasa:pds:maven.mag.calibrated:data.pc:mvn_mag_l2_2018177pc_20180626::1.2
P,urn:nasa:pds:maven.mag.calibrated:data.pc:mvn_mag_l2_2018178pc_20180627::1.2
P,urn:nasa:pds:maven.mag.calibrated:data.pc:mvn_mag_l2_2018179pc_20180628::1.2
P,urn:nasa:pds:maven.mag.calibrated:data.pc:mvn_mag_l2_2018180pc_20180629::1.2
P,urn:nasa:pds:maven.mag.calibrated:data.pc:mvn_mag_l2_2018181pc_20180630::1.2
P,urn:nasa:pds:maven.mag.calibrated:data.pc:mvn_mag_l2_2018182pc_20180701::1.2
P,urn:nasa:pds:maven.mag.calibrated:data.pc:mvn_mag_l2_2018183pc_20180702::1.2
P,urn:nasa:pds:maven.mag.calibrated:data.pc:mvn_mag_l2_2018184pc_20180703::1.2
P,urn:nasa:pds:maven.mag.calibrated:data.pc:mvn_mag_l2_2018185pc_20180704::1.2
P,urn:nasa:pds:maven.mag.calibrated:data.pc:mvn_mag_l2_2018186pc_20180705::1.2
P,urn:nasa:pds:maven.mag.calibrated:data.pc:mvn_mag_l2_2018187pc_20180706::1.2
P,urn:nasa:pds:maven.mag.calibrated:data.pc:mvn_mag_l2_2018188pc_20180707::1.2
P,urn:nasa:pds:maven.mag.calibrated:data.pc:mvn_mag_l2_2018189pc_20180708::1.2
P,urn:nasa:pds:maven.mag.calibrated:data.pc:mvn_mag_l2_2018190pc_20180709::1.2
P,urn:nasa:pds:maven.mag.calibrated:data.pc:mvn_mag_l2_2018191pc_20180710::1.2
P,urn:nasa:pds:maven.mag.calibrated:data.pc:mvn_mag_l2_2018192pc_20180711::1.2
P,urn:nasa:pds:maven.mag.calibrated:data.pc:mvn_mag_l2_2018193pc_20180712::1.2
P,urn:nasa:pds:maven.mag.calibrated:data.pc:mvn_mag_l2_2018194pc_20180713::1.2
P,urn:nasa:pds:maven.mag.calibrated:data.pc:mvn_mag_l2_2018195pc_20180714::1.2
P,urn:nasa:pds:maven.mag.calibrated:data.pc:mvn_mag_l2_2018196pc_20180715::1.2
P,urn:nasa:pds:maven.mag.calibrated:data.pc:mvn_mag_l2_2018197pc_20180716::1.2
P,urn:nasa:pds:maven.mag.calibrated:data.pc:mvn_mag_l2_2018198pc_20180717::1.2
P,urn:nasa:pds:maven.mag.calibrated:data.pc:mvn_mag_l2_2018199pc_20180718::1.2
P,urn:nasa:pds:maven.mag.calibrated:data.pc:mvn_mag_l2_2018200pc_20180719::1.2
P,urn:nasa:pds:maven.mag.calibrated:data.pc:mvn_mag_l2_2018201pc_20180720::1.2
P,urn:nasa:pds:maven.mag.calibrated:data.pc:mvn_mag_l2_2018202pc_20180721::1.2
P,urn:nasa:pds:maven.mag.calibrated:data.pc:mvn_mag_l2_2018203pc_20180722::1.2
P,urn:nasa:pds:maven.mag.calibrated:data.pc:mvn_mag_l2_2018204pc_20180723::1.2
P,urn:nasa:pds:maven.mag.calibrated:data.pc:mvn_mag_l2_2018205pc_20180724::1.2
P,urn:nasa:pds:maven.mag.calibrated:data.pc:mvn_mag_l2_2018206pc_20180725::1.2
P,urn:nasa:pds:maven.mag.calibrated:data.pc:mvn_mag_l2_2018207pc_20180726::1.2
P,urn:nasa:pds:maven.mag.calibrated:data.pc:mvn_mag_l2_2018208pc_20180727::1.2
P,urn:nasa:pds:maven.mag.calibrated:data.pc:mvn_mag_l2_2018209pc_20180728::1.2
P,urn:nasa:pds:maven.mag.calibrated:data.pc:mvn_mag_l2_2018210pc_20180729::1.2
P,urn:nasa:pds:maven.mag.calibrated:data.pc:mvn_mag_l2_2018211pc_20180730::1.2
P,urn:nasa:pds:maven.mag.calibrated:data.pc:mvn_mag_l2_2018212pc_20180731::1.2
P,urn:nasa:pds:maven.mag.calibrated:data.pc:mvn_mag_l2_2018213pc_20180801::1.2
P,urn:nasa:pds:maven.mag.calibrated:data.pc:mvn_mag_l2_2018214pc_20180802::1.2
P,urn:nasa:pds:maven.mag.calibrated:data.pc:mvn_mag_l2_2018215pc_20180803::1.2
P,urn:nasa:pds:maven.mag.calibrated:data.pc:mvn_mag_l2_2018216pc_20180804::1.2
P,urn:nasa:pds:maven.mag.calibrated:data.pc:mvn_mag_l2_2018217pc_20180805::1.2
P,urn:nasa:pds:maven.mag.calibrated:data.pc:mvn_mag_l2_2018218pc_20180806::1.2
P,urn:nasa:pds:maven.mag.calibrated:data.pc:mvn_mag_l2_2018219pc_20180807::1.2
P,urn:nasa:pds:maven.mag.calibrated:data.pc:mvn_mag_l2_2018220pc_20180808::1.2
P,urn:nasa:pds:maven.mag.calibrated:data.pc:mvn_mag_l2_2018221pc_20180809::1.2
P,urn:nasa:pds:maven.mag.calibrated:data.pc:mvn_mag_l2_2018222pc_20180810::1.2
P,urn:nasa:pds:maven.mag.calibrated:data.pc:mvn_mag_l2_2018223pc_20180811::1.2
P,urn:nasa:pds:maven.mag.calibrated:data.pc:mvn_mag_l2_2018224pc_20180812::1.2
P,urn:nasa:pds:maven.mag.calibrated:data.pc:mvn_mag_l2_2018225pc_20180813::1.2
P,urn:nasa:pds:maven.mag.calibrated:data.pc:mvn_mag_l2_2018226pc_20180814::1.2
P,urn:nasa:pds:maven.mag.calibrated:data.pc:mvn_mag_l2_2018227pc_20180815::1.2
P,urn:nasa:pds:maven.mag.calibrated:data.pc:mvn_mag_l2_2018228pc_20180816::1.2
P,urn:nasa:pds:maven.mag.calibrated:data.pc:mvn_mag_l2_2018229pc_20180817::1.2
P,urn:nasa:pds:maven.mag.calibrated:data.pc:mvn_mag_l2_2018230pc_20180818::1.2
P,urn:nasa:pds:maven.mag.calibrated:data.pc:mvn_mag_l2_2018231pc_20180819::1.2
P,urn:nasa:pds:maven.mag.calibrated:data.pc:mvn_mag_l2_2018232pc_20180820::1.2
P,urn:nasa:pds:maven.mag.calibrated:data.pc:mvn_mag_l2_2018233pc_20180821::1.2
P,urn:nasa:pds:maven.mag.calibrated:data.pc:mvn_mag_l2_2018234pc_20180822::1.2
P,urn:nasa:pds:maven.mag.calibrated:data.pc:mvn_mag_l2_2018235pc_20180823::1.2
P,urn:nasa:pds:maven.mag.calibrated:data.pc:mvn_mag_l2_2018236pc_20180824::1.2
P,urn:nasa:pds:maven.mag.calibrated:data.pc:mvn_mag_l2_2018237pc_20180825::1.2
P,urn:nasa:pds:maven.mag.calibrated:data.pc:mvn_mag_l2_2018238pc_20180826::1.2
P,urn:nasa:pds:maven.mag.calibrated:data.pc:mvn_mag_l2_2018239pc_20180827::1.2
P,urn:nasa:pds:maven.mag.calibrated:data.pc:mvn_mag_l2_2018240pc_20180828::1.2
P,urn:nasa:pds:maven.mag.calibrated:data.pc:mvn_mag_l2_2018241pc_20180829::1.2
P,urn:nasa:pds:maven.mag.calibrated:data.pc:mvn_mag_l2_2018242pc_20180830::1.2
P,urn:nasa:pds:maven.mag.calibrated:data.pc:mvn_mag_l2_2018243pc_20180831::1.2
P,urn:nasa:pds:maven.mag.calibrated:data.pc:mvn_mag_l2_2018244pc_20180901::1.2
P,urn:nasa:pds:maven.mag.calibrated:data.pc:mvn_mag_l2_2018245pc_20180902::1.2
P,urn:nasa:pds:maven.mag.calibrated:data.pc:mvn_mag_l2_2018246pc_20180903::1.2
P,urn:nasa:pds:maven.mag.calibrated:data.pc:mvn_mag_l2_2018247pc_20180904::1.2
P,urn:nasa:pds:maven.mag.calibrated:data.pc:mvn_mag_l2_2018248pc_20180905::1.2
P,urn:nasa:pds:maven.mag.calibrated:data.pc:mvn_mag_l2_2018249pc_20180906::1.2
P,urn:nasa:pds:maven.mag.calibrated:data.pc:mvn_mag_l2_2018250pc_20180907::1.2
P,urn:nasa:pds:maven.mag.calibrated:data.pc:mvn_mag_l2_2018251pc_20180908::1.2
P,urn:nasa:pds:maven.mag.calibrated:data.pc:mvn_mag_l2_2018252pc_20180909::1.2
P,urn:nasa:pds:maven.mag.calibrated:data.pc:mvn_mag_l2_2018253pc_20180910::1.2
P,urn:nasa:pds:maven.mag.calibrated:data.pc:mvn_mag_l2_2018254pc_20180911::1.2
P,urn:nasa:pds:maven.mag.calibrated:data.pc:mvn_mag_l2_2018255pc_20180912::1.2
P,urn:nasa:pds:maven.mag.calibrated:data.pc:mvn_mag_l2_2018256pc_20180913::1.2
P,urn:nasa:pds:maven.mag.calibrated:data.pc:mvn_mag_l2_2018257pc_20180914::1.2
P,urn:nasa:pds:maven.mag.calibrated:data.pc:mvn_mag_l2_2018258pc_20180915::1.2
P,urn:nasa:pds:maven.mag.calibrated:data.pc:mvn_mag_l2_2018259pc_20180916::1.2
P,urn:nasa:pds:maven.mag.calibrated:data.pc:mvn_mag_l2_2018260pc_20180917::1.2
P,urn:nasa:pds:maven.mag.calibrated:data.pc:mvn_mag_l2_2018261pc_20180918::1.2
P,urn:nasa:pds:maven.mag.calibrated:data.pc:mvn_mag_l2_2018262pc_20180919::1.2
P,urn:nasa:pds:maven.mag.calibrated:data.pc:mvn_mag_l2_2018263pc_20180920::1.2
P,urn:nasa:pds:maven.mag.calibrated:data.pc:mvn_mag_l2_2018264pc_20180921::1.2
P,urn:nasa:pds:maven.mag.calibrated:data.pc:mvn_mag_l2_2018265pc_20180922::1.2
P,urn:nasa:pds:maven.mag.calibrated:data.pc:mvn_mag_l2_2018266pc_20180923::1.2
P,urn:nasa:pds:maven.mag.calibrated:data.pc:mvn_mag_l2_2018267pc_20180924::1.2
P,urn:nasa:pds:maven.mag.calibrated:data.pc:mvn_mag_l2_2018268pc_20180925::1.2
P,urn:nasa:pds:maven.mag.calibrated:data.pc:mvn_mag_l2_2018269pc_20180926::1.2
P,urn:nasa:pds:maven.mag.calibrated:data.pc:mvn_mag_l2_2018270pc_20180927::1.2
P,urn:nasa:pds:maven.mag.calibrated:data.pc:mvn_mag_l2_2018271pc_20180928::1.2
P,urn:nasa:pds:maven.mag.calibrated:data.pc:mvn_mag_l2_2018272pc_20180929::1.2
P,urn:nasa:pds:maven.mag.calibrated:data.pc:mvn_mag_l2_2018273pc_20180930::1.2
P,urn:nasa:pds:maven.mag.calibrated:data.pc:mvn_mag_l2_2018274pc_20181001::1.2
P,urn:nasa:pds:maven.mag.calibrated:data.pc:mvn_mag_l2_2018275pc_20181002::1.2
P,urn:nasa:pds:maven.mag.calibrated:data.pc:mvn_mag_l2_2018276pc_20181003::1.2
P,urn:nasa:pds:maven.mag.calibrated:data.pc:mvn_mag_l2_2018277pc_20181004::1.2
P,urn:nasa:pds:maven.mag.calibrated:data.pc:mvn_mag_l2_2018278pc_20181005::1.2
P,urn:nasa:pds:maven.mag.calibrated:data.pc:mvn_mag_l2_2018279pc_20181006::1.2
P,urn:nasa:pds:maven.mag.calibrated:data.pc:mvn_mag_l2_2018280pc_20181007::1.2
P,urn:nasa:pds:maven.mag.calibrated:data.pc:mvn_mag_l2_2018281pc_20181008::1.2
P,urn:nasa:pds:maven.mag.calibrated:data.pc:mvn_mag_l2_2018282pc_20181009::1.2
P,urn:nasa:pds:maven.mag.calibrated:data.pc:mvn_mag_l2_2018283pc_20181010::1.2
P,urn:nasa:pds:maven.mag.calibrated:data.pc:mvn_mag_l2_2018284pc_20181011::1.2
P,urn:nasa:pds:maven.mag.calibrated:data.pc:mvn_mag_l2_2018285pc_20181012::1.2
P,urn:nasa:pds:maven.mag.calibrated:data.pc:mvn_mag_l2_2018286pc_20181013::1.2
P,urn:nasa:pds:maven.mag.calibrated:data.pc:mvn_mag_l2_2018287pc_20181014::1.2
P,urn:nasa:pds:maven.mag.calibrated:data.pc:mvn_mag_l2_2018288pc_20181015::1.2
P,urn:nasa:pds:maven.mag.calibrated:data.pc:mvn_mag_l2_2018289pc_20181016::1.2
P,urn:nasa:pds:maven.mag.calibrated:data.pc:mvn_mag_l2_2018290pc_20181017::1.2
P,urn:nasa:pds:maven.mag.calibrated:data.pc:mvn_mag_l2_2018291pc_20181018::1.2
P,urn:nasa:pds:maven.mag.calibrated:data.pc:mvn_mag_l2_2018292pc_20181019::1.2
P,urn:nasa:pds:maven.mag.calibrated:data.pc:mvn_mag_l2_2018293pc_20181020::1.2
P,urn:nasa:pds:maven.mag.calibrated:data.pc:mvn_mag_l2_2018294pc_20181021::1.2
P,urn:nasa:pds:maven.mag.calibrated:data.pc:mvn_mag_l2_2018295pc_20181022::1.2
P,urn:nasa:pds:maven.mag.calibrated:data.pc:mvn_mag_l2_2018296pc_20181023::1.2
P,urn:nasa:pds:maven.mag.calibrated:data.pc:mvn_mag_l2_2018297pc_20181024::1.2
P,urn:nasa:pds:maven.mag.calibrated:data.pc:mvn_mag_l2_2018298pc_20181025::1.2
P,urn:nasa:pds:maven.mag.calibrated:data.pc:mvn_mag_l2_2018299pc_20181026::1.2
P,urn:nasa:pds:maven.mag.calibrated:data.pc:mvn_mag_l2_2018300pc_20181027::1.2
P,urn:nasa:pds:maven.mag.calibrated:data.pc:mvn_mag_l2_2018301pc_20181028::1.2
P,urn:nasa:pds:maven.mag.calibrated:data.pc:mvn_mag_l2_2018302pc_20181029::1.2
P,urn:nasa:pds:maven.mag.calibrated:data.pc:mvn_mag_l2_2018303pc_20181030::1.2
P,urn:nasa:pds:maven.mag.calibrated:data.pc:mvn_mag_l2_2018304pc_20181031::1.2
P,urn:nasa:pds:maven.mag.calibrated:data.pc:mvn_mag_l2_2018305pc_20181101::1.2
P,urn:nasa:pds:maven.mag.calibrated:data.pc:mvn_mag_l2_2018306pc_20181102::1.2
P,urn:nasa:pds:maven.mag.calibrated:data.pc:mvn_mag_l2_2018307pc_20181103::1.2
P,urn:nasa:pds:maven.mag.calibrated:data.pc:mvn_mag_l2_2018308pc_20181104::1.2
P,urn:nasa:pds:maven.mag.calibrated:data.pc:mvn_mag_l2_2018309pc_20181105::1.2
P,urn:nasa:pds:maven.mag.calibrated:data.pc:mvn_mag_l2_2018310pc_20181106::1.2
P,urn:nasa:pds:maven.mag.calibrated:data.pc:mvn_mag_l2_2018311pc_20181107::1.2
P,urn:nasa:pds:maven.mag.calibrated:data.pc:mvn_mag_l2_2018312pc_20181108::1.2
P,urn:nasa:pds:maven.mag.calibrated:data.pc:mvn_mag_l2_2018313pc_20181109::1.2
P,urn:nasa:pds:maven.mag.calibrated:data.pc:mvn_mag_l2_2018314pc_20181110::1.2
P,urn:nasa:pds:maven.mag.calibrated:data.pc:mvn_mag_l2_2018315pc_20181111::1.2
P,urn:nasa:pds:maven.mag.calibrated:data.pc:mvn_mag_l2_2018316pc_20181112::1.2
P,urn:nasa:pds:maven.mag.calibrated:data.pc:mvn_mag_l2_2018317pc_20181113::1.2
P,urn:nasa:pds:maven.mag.calibrated:data.pc:mvn_mag_l2_2018318pc_20181114::1.2
P,urn:nasa:pds:maven.mag.calibrated:data.pc:mvn_mag_l2_2018319pc_20181115::1.2
P,urn:nasa:pds:maven.mag.calibrated:data.pc:mvn_mag_l2_2018320pc_20181116::1.2
P,urn:nasa:pds:maven.mag.calibrated:data.pc:mvn_mag_l2_2018321pc_20181117::1.2
P,urn:nasa:pds:maven.mag.calibrated:data.pc:mvn_mag_l2_2018322pc_20181118::1.2
P,urn:nasa:pds:maven.mag.calibrated:data.pc:mvn_mag_l2_2018323pc_20181119::1.2
P,urn:nasa:pds:maven.mag.calibrated:data.pc:mvn_mag_l2_2018324pc_20181120::1.2
P,urn:nasa:pds:maven.mag.calibrated:data.pc:mvn_mag_l2_2018325pc_20181121::1.2
P,urn:nasa:pds:maven.mag.calibrated:data.pc:mvn_mag_l2_2018326pc_20181122::1.2
P,urn:nasa:pds:maven.mag.calibrated:data.pc:mvn_mag_l2_2018327pc_20181123::1.2
P,urn:nasa:pds:maven.mag.calibrated:data.pc:mvn_mag_l2_2018328pc_20181124::1.2
P,urn:nasa:pds:maven.mag.calibrated:data.pc:mvn_mag_l2_2018329pc_20181125::1.2
P,urn:nasa:pds:maven.mag.calibrated:data.pc:mvn_mag_l2_2018330pc_20181126::1.2
P,urn:nasa:pds:maven.mag.calibrated:data.pc:mvn_mag_l2_2018331pc_20181127::1.2
P,urn:nasa:pds:maven.mag.calibrated:data.pc:mvn_mag_l2_2018332pc_20181128::1.2
P,urn:nasa:pds:maven.mag.calibrated:data.pc:mvn_mag_l2_2018333pc_20181129::1.2
P,urn:nasa:pds:maven.mag.calibrated:data.pc:mvn_mag_l2_2018334pc_20181130::1.2
P,urn:nasa:pds:maven.mag.calibrated:data.pc:mvn_mag_l2_2018335pc_20181201::1.2
P,urn:nasa:pds:maven.mag.calibrated:data.pc:mvn_mag_l2_2018336pc_20181202::1.2
P,urn:nasa:pds:maven.mag.calibrated:data.pc:mvn_mag_l2_2018337pc_20181203::1.2
P,urn:nasa:pds:maven.mag.calibrated:data.pc:mvn_mag_l2_2018338pc_20181204::1.2
P,urn:nasa:pds:maven.mag.calibrated:data.pc:mvn_mag_l2_2018339pc_20181205::1.2
P,urn:nasa:pds:maven.mag.calibrated:data.pc:mvn_mag_l2_2018340pc_20181206::1.2
P,urn:nasa:pds:maven.mag.calibrated:data.pc:mvn_mag_l2_2018341pc_20181207::1.2
P,urn:nasa:pds:maven.mag.calibrated:data.pc:mvn_mag_l2_2018342pc_20181208::1.2
P,urn:nasa:pds:maven.mag.calibrated:data.pc:mvn_mag_l2_2018343pc_20181209::1.2
P,urn:nasa:pds:maven.mag.calibrated:data.pc:mvn_mag_l2_2018344pc_20181210::1.2
P,urn:nasa:pds:maven.mag.calibrated:data.pc:mvn_mag_l2_2018345pc_20181211::1.2
P,urn:nasa:pds:maven.mag.calibrated:data.pc:mvn_mag_l2_2018346pc_20181212::1.2
P,urn:nasa:pds:maven.mag.calibrated:data.pc:mvn_mag_l2_2018347pc_20181213::1.2
P,urn:nasa:pds:maven.mag.calibrated:data.pc:mvn_mag_l2_2018348pc_20181214::1.2
P,urn:nasa:pds:maven.mag.calibrated:data.pc:mvn_mag_l2_2018349pc_20181215::1.2
P,urn:nasa:pds:maven.mag.calibrated:data.pc:mvn_mag_l2_2018350pc_20181216::1.2
P,urn:nasa:pds:maven.mag.calibrated:data.pc:mvn_mag_l2_2018351pc_20181217::1.2
P,urn:nasa:pds:maven.mag.calibrated:data.pc:mvn_mag_l2_2018352pc_20181218::1.2
P,urn:nasa:pds:maven.mag.calibrated:data.pc:mvn_mag_l2_2018353pc_20181219::1.2
P,urn:nasa:pds:maven.mag.calibrated:data.pc:mvn_mag_l2_2018354pc_20181220::1.2
P,urn:nasa:pds:maven.mag.calibrated:data.pc:mvn_mag_l2_2018355pc_20181221::1.2
P,urn:nasa:pds:maven.mag.calibrated:data.pc:mvn_mag_l2_2018356pc_20181222::1.2
P,urn:nasa:pds:maven.mag.calibrated:data.pc:mvn_mag_l2_2018357pc_20181223::1.2
P,urn:nasa:pds:maven.mag.calibrated:data.pc:mvn_mag_l2_2018358pc_20181224::1.2
P,urn:nasa:pds:maven.mag.calibrated:data.pc:mvn_mag_l2_2018359pc_20181225::1.2
P,urn:nasa:pds:maven.mag.calibrated:data.pc:mvn_mag_l2_2018360pc_20181226::1.2
P,urn:nasa:pds:maven.mag.calibrated:data.pc:mvn_mag_l2_2018361pc_20181227::1.2
P,urn:nasa:pds:maven.mag.calibrated:data.pc:mvn_mag_l2_2018362pc_20181228::1.2
P,urn:nasa:pds:maven.mag.calibrated:data.pc:mvn_mag_l2_2018363pc_20181229::1.2
P,urn:nasa:pds:maven.mag.calibrated:data.pc:mvn_mag_l2_2018364pc_20181230::1.2
P,urn:nasa:pds:maven.mag.calibrated:data.pc:mvn_mag_l2_2018365pc_20181231::1.2
P,urn:nasa:pds:maven.mag.calibrated:data.pc:mvn_mag_l2_2019001pc_20190101::1.2
P,urn:nasa:pds:maven.mag.calibrated:data.pc:mvn_mag_l2_2019002pc_20190102::1.2
P,urn:nasa:pds:maven.mag.calibrated:data.pc:mvn_mag_l2_2019003pc_20190103::1.2
P,urn:nasa:pds:maven.mag.calibrated:data.pc:mvn_mag_l2_2019004pc_20190104::1.2
P,urn:nasa:pds:maven.mag.calibrated:data.pc:mvn_mag_l2_2019005pc_20190105::1.2
P,urn:nasa:pds:maven.mag.calibrated:data.pc:mvn_mag_l2_2019006pc_20190106::1.2
P,urn:nasa:pds:maven.mag.calibrated:data.pc:mvn_mag_l2_2019007pc_20190107::1.2
P,urn:nasa:pds:maven.mag.calibrated:data.pc:mvn_mag_l2_2019008pc_20190108::1.2
P,urn:nasa:pds:maven.mag.calibrated:data.pc:mvn_mag_l2_2019009pc_20190109::1.2
P,urn:nasa:pds:maven.mag.calibrated:data.pc:mvn_mag_l2_2019010pc_20190110::1.2
P,urn:nasa:pds:maven.mag.calibrated:data.pc:mvn_mag_l2_2019011pc_20190111::1.2
P,urn:nasa:pds:maven.mag.calibrated:data.pc:mvn_mag_l2_2019012pc_20190112::1.2
P,urn:nasa:pds:maven.mag.calibrated:data.pc:mvn_mag_l2_2019013pc_20190113::1.2
P,urn:nasa:pds:maven.mag.calibrated:data.pc:mvn_mag_l2_2019014pc_20190114::1.2
P,urn:nasa:pds:maven.mag.calibrated:data.pc:mvn_mag_l2_2019015pc_20190115::1.2
P,urn:nasa:pds:maven.mag.calibrated:data.pc:mvn_mag_l2_2019016pc_20190116::1.2
P,urn:nasa:pds:maven.mag.calibrated:data.pc:mvn_mag_l2_2019017pc_20190117::1.2
P,urn:nasa:pds:maven.mag.calibrated:data.pc:mvn_mag_l2_2019018pc_20190118::1.2
P,urn:nasa:pds:maven.mag.calibrated:data.pc:mvn_mag_l2_2019019pc_20190119::1.2
P,urn:nasa:pds:maven.mag.calibrated:data.pc:mvn_mag_l2_2019020pc_20190120::1.2
P,urn:nasa:pds:maven.mag.calibrated:data.pc:mvn_mag_l2_2019021pc_20190121::1.2
P,urn:nasa:pds:maven.mag.calibrated:data.pc:mvn_mag_l2_2019022pc_20190122::1.2
P,urn:nasa:pds:maven.mag.calibrated:data.pc:mvn_mag_l2_2019023pc_20190123::1.2
P,urn:nasa:pds:maven.mag.calibrated:data.pc:mvn_mag_l2_2019024pc_20190124::1.2
P,urn:nasa:pds:maven.mag.calibrated:data.pc:mvn_mag_l2_2019025pc_20190125::1.2
P,urn:nasa:pds:maven.mag.calibrated:data.pc:mvn_mag_l2_2019026pc_20190126::1.2
P,urn:nasa:pds:maven.mag.calibrated:data.pc:mvn_mag_l2_2019027pc_20190127::1.2
P,urn:nasa:pds:maven.mag.calibrated:data.pc:mvn_mag_l2_2019028pc_20190128::1.2
P,urn:nasa:pds:maven.mag.calibrated:data.pc:mvn_mag_l2_2019029pc_20190129::1.2
P,urn:nasa:pds:maven.mag.calibrated:data.pc:mvn_mag_l2_2019030pc_20190130::1.2
P,urn:nasa:pds:maven.mag.calibrated:data.pc:mvn_mag_l2_2019031pc_20190131::1.2
P,urn:nasa:pds:maven.mag.calibrated:data.pc:mvn_mag_l2_2019032pc_20190201::1.2
P,urn:nasa:pds:maven.mag.calibrated:data.pc:mvn_mag_l2_2019033pc_20190202::1.2
P,urn:nasa:pds:maven.mag.calibrated:data.pc:mvn_mag_l2_2019034pc_20190203::1.2
P,urn:nasa:pds:maven.mag.calibrated:data.pc:mvn_mag_l2_2019035pc_20190204::1.2
P,urn:nasa:pds:maven.mag.calibrated:data.pc:mvn_mag_l2_2019036pc_20190205::1.2
P,urn:nasa:pds:maven.mag.calibrated:data.pc:mvn_mag_l2_2019037pc_20190206::1.2
P,urn:nasa:pds:maven.mag.calibrated:data.pc:mvn_mag_l2_2019038pc_20190207::1.2
P,urn:nasa:pds:maven.mag.calibrated:data.pc:mvn_mag_l2_2019039pc_20190208::1.2
P,urn:nasa:pds:maven.mag.calibrated:data.pc:mvn_mag_l2_2019040pc_20190209::1.2
P,urn:nasa:pds:maven.mag.calibrated:data.pc:mvn_mag_l2_2019041pc_20190210::1.2
P,urn:nasa:pds:maven.mag.calibrated:data.pc:mvn_mag_l2_2019042pc_20190211::1.2
P,urn:nasa:pds:maven.mag.calibrated:data.pc:mvn_mag_l2_2019043pc_20190212::1.2
P,urn:nasa:pds:maven.mag.calibrated:data.pc:mvn_mag_l2_2019044pc_20190213::1.2
P,urn:nasa:pds:maven.mag.calibrated:data.pc:mvn_mag_l2_2019045pc_20190214::1.2
P,urn:nasa:pds:maven.mag.calibrated:data.pc:mvn_mag_l2_2019046pc_20190215::1.2
P,urn:nasa:pds:maven.mag.calibrated:data.pc:mvn_mag_l2_2019047pc_20190216::1.2
P,urn:nasa:pds:maven.mag.calibrated:data.pc:mvn_mag_l2_2019048pc_20190217::1.2
P,urn:nasa:pds:maven.mag.calibrated:data.pc:mvn_mag_l2_2019049pc_20190218::1.2
P,urn:nasa:pds:maven.mag.calibrated:data.pc:mvn_mag_l2_2019050pc_20190219::1.2
P,urn:nasa:pds:maven.mag.calibrated:data.pc:mvn_mag_l2_2019051pc_20190220::1.2
P,urn:nasa:pds:maven.mag.calibrated:data.pc:mvn_mag_l2_2019052pc_20190221::1.2
P,urn:nasa:pds:maven.mag.calibrated:data.pc:mvn_mag_l2_2019053pc_20190222::1.2
P,urn:nasa:pds:maven.mag.calibrated:data.pc:mvn_mag_l2_2019054pc_20190223::1.2
P,urn:nasa:pds:maven.mag.calibrated:data.pc:mvn_mag_l2_2019055pc_20190224::1.2
P,urn:nasa:pds:maven.mag.calibrated:data.pc:mvn_mag_l2_2019056pc_20190225::1.2
P,urn:nasa:pds:maven.mag.calibrated:data.pc:mvn_mag_l2_2019057pc_20190226::1.2
P,urn:nasa:pds:maven.mag.calibrated:data.pc:mvn_mag_l2_2019058pc_20190227::1.2
P,urn:nasa:pds:maven.mag.calibrated:data.pc:mvn_mag_l2_2019059pc_20190228::1.2
P,urn:nasa:pds:maven.mag.calibrated:data.pc:mvn_mag_l2_2019060pc_20190301::1.2
P,urn:nasa:pds:maven.mag.calibrated:data.pc:mvn_mag_l2_2019061pc_20190302::1.2
P,urn:nasa:pds:maven.mag.calibrated:data.pc:mvn_mag_l2_2019062pc_20190303::1.2
P,urn:nasa:pds:maven.mag.calibrated:data.pc:mvn_mag_l2_2019063pc_20190304::1.2
P,urn:nasa:pds:maven.mag.calibrated:data.pc:mvn_mag_l2_2019064pc_20190305::1.2
P,urn:nasa:pds:maven.mag.calibrated:data.pc:mvn_mag_l2_2019065pc_20190306::1.2
P,urn:nasa:pds:maven.mag.calibrated:data.pc:mvn_mag_l2_2019066pc_20190307::1.2
P,urn:nasa:pds:maven.mag.calibrated:data.pc:mvn_mag_l2_2019067pc_20190308::1.2
P,urn:nasa:pds:maven.mag.calibrated:data.pc:mvn_mag_l2_2019068pc_20190309::1.2
P,urn:nasa:pds:maven.mag.calibrated:data.pc:mvn_mag_l2_2019069pc_20190310::1.2
P,urn:nasa:pds:maven.mag.calibrated:data.pc:mvn_mag_l2_2019070pc_20190311::1.2
P,urn:nasa:pds:maven.mag.calibrated:data.pc:mvn_mag_l2_2019071pc_20190312::1.2
P,urn:nasa:pds:maven.mag.calibrated:data.pc:mvn_mag_l2_2019072pc_20190313::1.2
P,urn:nasa:pds:maven.mag.calibrated:data.pc:mvn_mag_l2_2019073pc_20190314::1.2
P,urn:nasa:pds:maven.mag.calibrated:data.pc:mvn_mag_l2_2019074pc_20190315::1.2
P,urn:nasa:pds:maven.mag.calibrated:data.pc:mvn_mag_l2_2019075pc_20190316::1.2
P,urn:nasa:pds:maven.mag.calibrated:data.pc:mvn_mag_l2_2019076pc_20190317::1.2
P,urn:nasa:pds:maven.mag.calibrated:data.pc:mvn_mag_l2_2019077pc_20190318::1.2
P,urn:nasa:pds:maven.mag.calibrated:data.pc:mvn_mag_l2_2019078pc_20190319::1.2
P,urn:nasa:pds:maven.mag.calibrated:data.pc:mvn_mag_l2_2019079pc_20190320::1.2
P,urn:nasa:pds:maven.mag.calibrated:data.pc:mvn_mag_l2_2019080pc_20190321::1.2
P,urn:nasa:pds:maven.mag.calibrated:data.pc:mvn_mag_l2_2019081pc_20190322::1.2
P,urn:nasa:pds:maven.mag.calibrated:data.pc:mvn_mag_l2_2019082pc_20190323::1.2
P,urn:nasa:pds:maven.mag.calibrated:data.pc:mvn_mag_l2_2019083pc_20190324::1.2
P,urn:nasa:pds:maven.mag.calibrated:data.pc:mvn_mag_l2_2019084pc_20190325::1.2
P,urn:nasa:pds:maven.mag.calibrated:data.pc:mvn_mag_l2_2019085pc_20190326::1.2
P,urn:nasa:pds:maven.mag.calibrated:data.pc:mvn_mag_l2_2019086pc_20190327::1.2
P,urn:nasa:pds:maven.mag.calibrated:data.pc:mvn_mag_l2_2019087pc_20190328::1.2
P,urn:nasa:pds:maven.mag.calibrated:data.pc:mvn_mag_l2_2019088pc_20190329::1.2
P,urn:nasa:pds:maven.mag.calibrated:data.pc:mvn_mag_l2_2019089pc_20190330::1.2
P,urn:nasa:pds:maven.mag.calibrated:data.pc:mvn_mag_l2_2019090pc_20190331::1.2
P,urn:nasa:pds:maven.mag.calibrated:data.pc:mvn_mag_l2_2019091pc_20190401::1.2
P,urn:nasa:pds:maven.mag.calibrated:data.pc:mvn_mag_l2_2019092pc_20190402::1.2
P,urn:nasa:pds:maven.mag.calibrated:data.pc:mvn_mag_l2_2019093pc_20190403::1.2
P,urn:nasa:pds:maven.mag.calibrated:data.pc:mvn_mag_l2_2019094pc_20190404::1.2
P,urn:nasa:pds:maven.mag.calibrated:data.pc:mvn_mag_l2_2019095pc_20190405::1.2
P,urn:nasa:pds:maven.mag.calibrated:data.pc:mvn_mag_l2_2019096pc_20190406::1.2
P,urn:nasa:pds:maven.mag.calibrated:data.pc:mvn_mag_l2_2019097pc_20190407::1.2
P,urn:nasa:pds:maven.mag.calibrated:data.pc:mvn_mag_l2_2019098pc_20190408::1.2
P,urn:nasa:pds:maven.mag.calibrated:data.pc:mvn_mag_l2_2019099pc_20190409::1.2
P,urn:nasa:pds:maven.mag.calibrated:data.pc:mvn_mag_l2_2019100pc_20190410::1.2
P,urn:nasa:pds:maven.mag.calibrated:data.pc:mvn_mag_l2_2019101pc_20190411::1.2
P,urn:nasa:pds:maven.mag.calibrated:data.pc:mvn_mag_l2_2019102pc_20190412::1.2
P,urn:nasa:pds:maven.mag.calibrated:data.pc:mvn_mag_l2_2019103pc_20190413::1.2
P,urn:nasa:pds:maven.mag.calibrated:data.pc:mvn_mag_l2_2019104pc_20190414::1.2
P,urn:nasa:pds:maven.mag.calibrated:data.pc:mvn_mag_l2_2019105pc_20190415::1.2
P,urn:nasa:pds:maven.mag.calibrated:data.pc:mvn_mag_l2_2019106pc_20190416::1.2
P,urn:nasa:pds:maven.mag.calibrated:data.pc:mvn_mag_l2_2019107pc_20190417::1.2
P,urn:nasa:pds:maven.mag.calibrated:data.pc:mvn_mag_l2_2019108pc_20190418::1.2
P,urn:nasa:pds:maven.mag.calibrated:data.pc:mvn_mag_l2_2019109pc_20190419::1.2
P,urn:nasa:pds:maven.mag.calibrated:data.pc:mvn_mag_l2_2019110pc_20190420::1.2
P,urn:nasa:pds:maven.mag.calibrated:data.pc:mvn_mag_l2_2019111pc_20190421::1.2
P,urn:nasa:pds:maven.mag.calibrated:data.pc:mvn_mag_l2_2019112pc_20190422::1.2
P,urn:nasa:pds:maven.mag.calibrated:data.pc:mvn_mag_l2_2019113pc_20190423::1.2
P,urn:nasa:pds:maven.mag.calibrated:data.pc:mvn_mag_l2_2019114pc_20190424::1.2
P,urn:nasa:pds:maven.mag.calibrated:data.pc:mvn_mag_l2_2019115pc_20190425::1.2
P,urn:nasa:pds:maven.mag.calibrated:data.pc:mvn_mag_l2_2019116pc_20190426::1.2
P,urn:nasa:pds:maven.mag.calibrated:data.pc:mvn_mag_l2_2019117pc_20190427::1.2
P,urn:nasa:pds:maven.mag.calibrated:data.pc:mvn_mag_l2_2019118pc_20190428::1.2
P,urn:nasa:pds:maven.mag.calibrated:data.pc:mvn_mag_l2_2019119pc_20190429::1.2
P,urn:nasa:pds:maven.mag.calibrated:data.pc:mvn_mag_l2_2019120pc_20190430::1.2
P,urn:nasa:pds:maven.mag.calibrated:data.pc:mvn_mag_l2_2019121pc_20190501::1.2
P,urn:nasa:pds:maven.mag.calibrated:data.pc:mvn_mag_l2_2019122pc_20190502::1.2
P,urn:nasa:pds:maven.mag.calibrated:data.pc:mvn_mag_l2_2019123pc_20190503::1.2
P,urn:nasa:pds:maven.mag.calibrated:data.pc:mvn_mag_l2_2019124pc_20190504::1.2
P,urn:nasa:pds:maven.mag.calibrated:data.pc:mvn_mag_l2_2019125pc_20190505::1.2
P,urn:nasa:pds:maven.mag.calibrated:data.pc:mvn_mag_l2_2019126pc_20190506::1.2
P,urn:nasa:pds:maven.mag.calibrated:data.pc:mvn_mag_l2_2019127pc_20190507::1.2
P,urn:nasa:pds:maven.mag.calibrated:data.pc:mvn_mag_l2_2019128pc_20190508::1.2
P,urn:nasa:pds:maven.mag.calibrated:data.pc:mvn_mag_l2_2019129pc_20190509::1.2
P,urn:nasa:pds:maven.mag.calibrated:data.pc:mvn_mag_l2_2019130pc_20190510::1.2
P,urn:nasa:pds:maven.mag.calibrated:data.pc:mvn_mag_l2_2019131pc_20190511::1.2
P,urn:nasa:pds:maven.mag.calibrated:data.pc:mvn_mag_l2_2019132pc_20190512::1.2
P,urn:nasa:pds:maven.mag.calibrated:data.pc:mvn_mag_l2_2019133pc_20190513::1.2
P,urn:nasa:pds:maven.mag.calibrated:data.pc:mvn_mag_l2_2019134pc_20190514::1.2
P,urn:nasa:pds:maven.mag.calibrated:data.pc:mvn_mag_l2_2019135pc_20190515::1.2
P,urn:nasa:pds:maven.mag.calibrated:data.pc:mvn_mag_l2_2019136pc_20190516::1.2
P,urn:nasa:pds:maven.mag.calibrated:data.pc:mvn_mag_l2_2019137pc_20190517::1.2
P,urn:nasa:pds:maven.mag.calibrated:data.pc:mvn_mag_l2_2019138pc_20190518::1.2
P,urn:nasa:pds:maven.mag.calibrated:data.pc:mvn_mag_l2_2019139pc_20190519::1.2
P,urn:nasa:pds:maven.mag.calibrated:data.pc:mvn_mag_l2_2019140pc_20190520::1.2
P,urn:nasa:pds:maven.mag.calibrated:data.pc:mvn_mag_l2_2019141pc_20190521::1.2
P,urn:nasa:pds:maven.mag.calibrated:data.pc:mvn_mag_l2_2019142pc_20190522::1.2
P,urn:nasa:pds:maven.mag.calibrated:data.pc:mvn_mag_l2_2019143pc_20190523::1.2
P,urn:nasa:pds:maven.mag.calibrated:data.pc:mvn_mag_l2_2019144pc_20190524::1.2
P,urn:nasa:pds:maven.mag.calibrated:data.pc:mvn_mag_l2_2019145pc_20190525::1.2
P,urn:nasa:pds:maven.mag.calibrated:data.pc:mvn_mag_l2_2019146pc_20190526::1.2
P,urn:nasa:pds:maven.mag.calibrated:data.pc:mvn_mag_l2_2019147pc_20190527::1.2
P,urn:nasa:pds:maven.mag.calibrated:data.pc:mvn_mag_l2_2019148pc_20190528::1.2
P,urn:nasa:pds:maven.mag.calibrated:data.pc:mvn_mag_l2_2019149pc_20190529::1.2
P,urn:nasa:pds:maven.mag.calibrated:data.pc:mvn_mag_l2_2019150pc_20190530::1.2
P,urn:nasa:pds:maven.mag.calibrated:data.pc:mvn_mag_l2_2019151pc_20190531::1.2
P,urn:nasa:pds:maven.mag.calibrated:data.pc:mvn_mag_l2_2019152pc_20190601::1.2
P,urn:nasa:pds:maven.mag.calibrated:data.pc:mvn_mag_l2_2019153pc_20190602::1.2
P,urn:nasa:pds:maven.mag.calibrated:data.pc:mvn_mag_l2_2019154pc_20190603::1.2
P,urn:nasa:pds:maven.mag.calibrated:data.pc:mvn_mag_l2_2019155pc_20190604::1.2
P,urn:nasa:pds:maven.mag.calibrated:data.pc:mvn_mag_l2_2019156pc_20190605::1.2
P,urn:nasa:pds:maven.mag.calibrated:data.pc:mvn_mag_l2_2019157pc_20190606::1.2
P,urn:nasa:pds:maven.mag.calibrated:data.pc:mvn_mag_l2_2019158pc_20190607::1.2
P,urn:nasa:pds:maven.mag.calibrated:data.pc:mvn_mag_l2_2019159pc_20190608::1.2
P,urn:nasa:pds:maven.mag.calibrated:data.pc:mvn_mag_l2_2019160pc_20190609::1.2
P,urn:nasa:pds:maven.mag.calibrated:data.pc:mvn_mag_l2_2019161pc_20190610::1.2
P,urn:nasa:pds:maven.mag.calibrated:data.pc:mvn_mag_l2_2019162pc_20190611::1.2
P,urn:nasa:pds:maven.mag.calibrated:data.pc:mvn_mag_l2_2019163pc_20190612::1.2
P,urn:nasa:pds:maven.mag.calibrated:data.pc:mvn_mag_l2_2019164pc_20190613::1.2
P,urn:nasa:pds:maven.mag.calibrated:data.pc:mvn_mag_l2_2019165pc_20190614::1.2
P,urn:nasa:pds:maven.mag.calibrated:data.pc:mvn_mag_l2_2019166pc_20190615::1.2
P,urn:nasa:pds:maven.mag.calibrated:data.pc:mvn_mag_l2_2019167pc_20190616::1.2
P,urn:nasa:pds:maven.mag.calibrated:data.pc:mvn_mag_l2_2019168pc_20190617::1.2
P,urn:nasa:pds:maven.mag.calibrated:data.pc:mvn_mag_l2_2019169pc_20190618::1.2
P,urn:nasa:pds:maven.mag.calibrated:data.pc:mvn_mag_l2_2019170pc_20190619::1.2
P,urn:nasa:pds:maven.mag.calibrated:data.pc:mvn_mag_l2_2019171pc_20190620::1.2
P,urn:nasa:pds:maven.mag.calibrated:data.pc:mvn_mag_l2_2019172pc_20190621::1.2
P,urn:nasa:pds:maven.mag.calibrated:data.pc:mvn_mag_l2_2019173pc_20190622::1.2
P,urn:nasa:pds:maven.mag.calibrated:data.pc:mvn_mag_l2_2019174pc_20190623::1.2
P,urn:nasa:pds:maven.mag.calibrated:data.pc:mvn_mag_l2_2019175pc_20190624::1.2
P,urn:nasa:pds:maven.mag.calibrated:data.pc:mvn_mag_l2_2019176pc_20190625::1.2
P,urn:nasa:pds:maven.mag.calibrated:data.pc:mvn_mag_l2_2019177pc_20190626::1.2
P,urn:nasa:pds:maven.mag.calibrated:data.pc:mvn_mag_l2_2019178pc_20190627::1.2
P,urn:nasa:pds:maven.mag.calibrated:data.pc:mvn_mag_l2_2019179pc_20190628::1.2
P,urn:nasa:pds:maven.mag.calibrated:data.pc:mvn_mag_l2_2019180pc_20190629::1.2
P,urn:nasa:pds:maven.mag.calibrated:data.pc:mvn_mag_l2_2019181pc_20190630::1.2
P,urn:nasa:pds:maven.mag.calibrated:data.pc:mvn_mag_l2_2019182pc_20190701::1.2
P,urn:nasa:pds:maven.mag.calibrated:data.pc:mvn_mag_l2_2019183pc_20190702::1.2
P,urn:nasa:pds:maven.mag.calibrated:data.pc:mvn_mag_l2_2019184pc_20190703::1.2
P,urn:nasa:pds:maven.mag.calibrated:data.pc:mvn_mag_l2_2019185pc_20190704::1.2
P,urn:nasa:pds:maven.mag.calibrated:data.pc:mvn_mag_l2_2019186pc_20190705::1.2
P,urn:nasa:pds:maven.mag.calibrated:data.pc:mvn_mag_l2_2019187pc_20190706::1.2
P,urn:nasa:pds:maven.mag.calibrated:data.pc:mvn_mag_l2_2019188pc_20190707::1.2
P,urn:nasa:pds:maven.mag.calibrated:data.pc:mvn_mag_l2_2019189pc_20190708::1.2
P,urn:nasa:pds:maven.mag.calibrated:data.pc:mvn_mag_l2_2019190pc_20190709::1.2
P,urn:nasa:pds:maven.mag.calibrated:data.pc:mvn_mag_l2_2019191pc_20190710::1.2
P,urn:nasa:pds:maven.mag.calibrated:data.pc:mvn_mag_l2_2019192pc_20190711::1.2
P,urn:nasa:pds:maven.mag.calibrated:data.pc:mvn_mag_l2_2019193pc_20190712::1.2
P,urn:nasa:pds:maven.mag.calibrated:data.pc:mvn_mag_l2_2019194pc_20190713::1.2
P,urn:nasa:pds:maven.mag.calibrated:data.pc:mvn_mag_l2_2019195pc_20190714::1.2
P,urn:nasa:pds:maven.mag.calibrated:data.pc:mvn_mag_l2_2019196pc_20190715::1.2
P,urn:nasa:pds:maven.mag.calibrated:data.pc:mvn_mag_l2_2019197pc_20190716::1.2
P,urn:nasa:pds:maven.mag.calibrated:data.pc:mvn_mag_l2_2019198pc_20190717::1.2
P,urn:nasa:pds:maven.mag.calibrated:data.pc:mvn_mag_l2_2019199pc_20190718::1.2
P,urn:nasa:pds:maven.mag.calibrated:data.pc:mvn_mag_l2_2019200pc_20190719::1.2
P,urn:nasa:pds:maven.mag.calibrated:data.pc:mvn_mag_l2_2019201pc_20190720::1.2
P,urn:nasa:pds:maven.mag.calibrated:data.pc:mvn_mag_l2_2019202pc_20190721::1.2
P,urn:nasa:pds:maven.mag.calibrated:data.pc:mvn_mag_l2_2019203pc_20190722::1.2
P,urn:nasa:pds:maven.mag.calibrated:data.pc:mvn_mag_l2_2019204pc_20190723::1.2
P,urn:nasa:pds:maven.mag.calibrated:data.pc:mvn_mag_l2_2019205pc_20190724::1.2
P,urn:nasa:pds:maven.mag.calibrated:data.pc:mvn_mag_l2_2019206pc_20190725::1.2
P,urn:nasa:pds:maven.mag.calibrated:data.pc:mvn_mag_l2_2019207pc_20190726::1.2
P,urn:nasa:pds:maven.mag.calibrated:data.pc:mvn_mag_l2_2019208pc_20190727::1.2
P,urn:nasa:pds:maven.mag.calibrated:data.pc:mvn_mag_l2_2019209pc_20190728::1.2
P,urn:nasa:pds:maven.mag.calibrated:data.pc:mvn_mag_l2_2019210pc_20190729::1.2
P,urn:nasa:pds:maven.mag.calibrated:data.pc:mvn_mag_l2_2019211pc_20190730::1.2
P,urn:nasa:pds:maven.mag.calibrated:data.pc:mvn_mag_l2_2019212pc_20190731::1.2
P,urn:nasa:pds:maven.mag.calibrated:data.pc:mvn_mag_l2_2019213pc_20190801::1.2
P,urn:nasa:pds:maven.mag.calibrated:data.pc:mvn_mag_l2_2019214pc_20190802::1.2
P,urn:nasa:pds:maven.mag.calibrated:data.pc:mvn_mag_l2_2019215pc_20190803::1.2
P,urn:nasa:pds:maven.mag.calibrated:data.pc:mvn_mag_l2_2019216pc_20190804::1.2
P,urn:nasa:pds:maven.mag.calibrated:data.pc:mvn_mag_l2_2019217pc_20190805::1.2
P,urn:nasa:pds:maven.mag.calibrated:data.pc:mvn_mag_l2_2019218pc_20190806::1.2
P,urn:nasa:pds:maven.mag.calibrated:data.pc:mvn_mag_l2_2019219pc_20190807::1.2
P,urn:nasa:pds:maven.mag.calibrated:data.pc:mvn_mag_l2_2019220pc_20190808::1.2
P,urn:nasa:pds:maven.mag.calibrated:data.pc:mvn_mag_l2_2019221pc_20190809::1.2
P,urn:nasa:pds:maven.mag.calibrated:data.pc:mvn_mag_l2_2019222pc_20190810::1.2
P,urn:nasa:pds:maven.mag.calibrated:data.pc:mvn_mag_l2_2019223pc_20190811::1.2
P,urn:nasa:pds:maven.mag.calibrated:data.pc:mvn_mag_l2_2019224pc_20190812::1.2
P,urn:nasa:pds:maven.mag.calibrated:data.pc:mvn_mag_l2_2019225pc_20190813::1.2
P,urn:nasa:pds:maven.mag.calibrated:data.pc:mvn_mag_l2_2019226pc_20190814::1.2
P,urn:nasa:pds:maven.mag.calibrated:data.pc:mvn_mag_l2_2019227pc_20190815::1.2
P,urn:nasa:pds:maven.mag.calibrated:data.pc:mvn_mag_l2_2019228pc_20190816::1.2
P,urn:nasa:pds:maven.mag.calibrated:data.pc:mvn_mag_l2_2019229pc_20190817::1.2
P,urn:nasa:pds:maven.mag.calibrated:data.pc:mvn_mag_l2_2019230pc_20190818::1.2
P,urn:nasa:pds:maven.mag.calibrated:data.pc:mvn_mag_l2_2019231pc_20190819::1.2
P,urn:nasa:pds:maven.mag.calibrated:data.pc:mvn_mag_l2_2019232pc_20190820::1.2
P,urn:nasa:pds:maven.mag.calibrated:data.pc:mvn_mag_l2_2019233pc_20190821::1.2
P,urn:nasa:pds:maven.mag.calibrated:data.pc:mvn_mag_l2_2019234pc_20190822::1.2
P,urn:nasa:pds:maven.mag.calibrated:data.pc:mvn_mag_l2_2019235pc_20190823::1.2
P,urn:nasa:pds:maven.mag.calibrated:data.pc:mvn_mag_l2_2019236pc_20190824::1.2
P,urn:nasa:pds:maven.mag.calibrated:data.pc:mvn_mag_l2_2019237pc_20190825::1.2
P,urn:nasa:pds:maven.mag.calibrated:data.pc:mvn_mag_l2_2019238pc_20190826::1.2
P,urn:nasa:pds:maven.mag.calibrated:data.pc:mvn_mag_l2_2019239pc_20190827::1.2
P,urn:nasa:pds:maven.mag.calibrated:data.pc:mvn_mag_l2_2019240pc_20190828::1.2
P,urn:nasa:pds:maven.mag.calibrated:data.pc:mvn_mag_l2_2019241pc_20190829::1.2
P,urn:nasa:pds:maven.mag.calibrated:data.pc:mvn_mag_l2_2019242pc_20190830::1.2
P,urn:nasa:pds:maven.mag.calibrated:data.pc:mvn_mag_l2_2019243pc_20190831::1.2
P,urn:nasa:pds:maven.mag.calibrated:data.pc:mvn_mag_l2_2019244pc_20190901::1.2
P,urn:nasa:pds:maven.mag.calibrated:data.pc:mvn_mag_l2_2019245pc_20190902::1.2
P,urn:nasa:pds:maven.mag.calibrated:data.pc:mvn_mag_l2_2019246pc_20190903::1.2
P,urn:nasa:pds:maven.mag.calibrated:data.pc:mvn_mag_l2_2019247pc_20190904::1.2
P,urn:nasa:pds:maven.mag.calibrated:data.pc:mvn_mag_l2_2019255pc_20190912::1.2
P,urn:nasa:pds:maven.mag.calibrated:data.pc:mvn_mag_l2_2019256pc_20190913::1.2
P,urn:nasa:pds:maven.mag.calibrated:data.pc:mvn_mag_l2_2019257pc_20190914::1.2
P,urn:nasa:pds:maven.mag.calibrated:data.pc:mvn_mag_l2_2019258pc_20190915::1.2
P,urn:nasa:pds:maven.mag.calibrated:data.pc:mvn_mag_l2_2019259pc_20190916::1.2
P,urn:nasa:pds:maven.mag.calibrated:data.pc:mvn_mag_l2_2019260pc_20190917::1.2
P,urn:nasa:pds:maven.mag.calibrated:data.pc:mvn_mag_l2_2019261pc_20190918::1.2
P,urn:nasa:pds:maven.mag.calibrated:data.pc:mvn_mag_l2_2019262pc_20190919::1.2
P,urn:nasa:pds:maven.mag.calibrated:data.pc:mvn_mag_l2_2019263pc_20190920::1.2
P,urn:nasa:pds:maven.mag.calibrated:data.pc:mvn_mag_l2_2019264pc_20190921::1.2
P,urn:nasa:pds:maven.mag.calibrated:data.pc:mvn_mag_l2_2019265pc_20190922::1.2
P,urn:nasa:pds:maven.mag.calibrated:data.pc:mvn_mag_l2_2019266pc_20190923::1.2
P,urn:nasa:pds:maven.mag.calibrated:data.pc:mvn_mag_l2_2019267pc_20190924::1.2
P,urn:nasa:pds:maven.mag.calibrated:data.pc:mvn_mag_l2_2019268pc_20190925::1.2
P,urn:nasa:pds:maven.mag.calibrated:data.pc:mvn_mag_l2_2019269pc_20190926::1.2
P,urn:nasa:pds:maven.mag.calibrated:data.pc:mvn_mag_l2_2019270pc_20190927::1.2
P,urn:nasa:pds:maven.mag.calibrated:data.pc:mvn_mag_l2_2019271pc_20190928::1.2
P,urn:nasa:pds:maven.mag.calibrated:data.pc:mvn_mag_l2_2019272pc_20190929::1.2
P,urn:nasa:pds:maven.mag.calibrated:data.pc:mvn_mag_l2_2019273pc_20190930::1.2
P,urn:nasa:pds:maven.mag.calibrated:data.pc:mvn_mag_l2_2019274pc_20191001::1.2
P,urn:nasa:pds:maven.mag.calibrated:data.pc:mvn_mag_l2_2019275pc_20191002::1.2
P,urn:nasa:pds:maven.mag.calibrated:data.pc:mvn_mag_l2_2019276pc_20191003::1.2
P,urn:nasa:pds:maven.mag.calibrated:data.pc:mvn_mag_l2_2019277pc_20191004::1.2
P,urn:nasa:pds:maven.mag.calibrated:data.pc:mvn_mag_l2_2019278pc_20191005::1.2
P,urn:nasa:pds:maven.mag.calibrated:data.pc:mvn_mag_l2_2019279pc_20191006::1.2
P,urn:nasa:pds:maven.mag.calibrated:data.pc:mvn_mag_l2_2019280pc_20191007::1.2
P,urn:nasa:pds:maven.mag.calibrated:data.pc:mvn_mag_l2_2019281pc_20191008::1.2
P,urn:nasa:pds:maven.mag.calibrated:data.pc:mvn_mag_l2_2019282pc_20191009::1.2
P,urn:nasa:pds:maven.mag.calibrated:data.pc:mvn_mag_l2_2019283pc_20191010::1.2
P,urn:nasa:pds:maven.mag.calibrated:data.pc:mvn_mag_l2_2019284pc_20191011::1.2
P,urn:nasa:pds:maven.mag.calibrated:data.pc:mvn_mag_l2_2019285pc_20191012::1.2
P,urn:nasa:pds:maven.mag.calibrated:data.pc:mvn_mag_l2_2019286pc_20191013::1.2
P,urn:nasa:pds:maven.mag.calibrated:data.pc:mvn_mag_l2_2019287pc_20191014::1.2
P,urn:nasa:pds:maven.mag.calibrated:data.pc:mvn_mag_l2_2019288pc_20191015::1.2
P,urn:nasa:pds:maven.mag.calibrated:data.pc:mvn_mag_l2_2019289pc_20191016::1.2
P,urn:nasa:pds:maven.mag.calibrated:data.pc:mvn_mag_l2_2019290pc_20191017::1.2
P,urn:nasa:pds:maven.mag.calibrated:data.pc:mvn_mag_l2_2019291pc_20191018::1.2
P,urn:nasa:pds:maven.mag.calibrated:data.pc:mvn_mag_l2_2019292pc_20191019::1.2
P,urn:nasa:pds:maven.mag.calibrated:data.pc:mvn_mag_l2_2019293pc_20191020::1.2
P,urn:nasa:pds:maven.mag.calibrated:data.pc:mvn_mag_l2_2019294pc_20191021::1.2
P,urn:nasa:pds:maven.mag.calibrated:data.pc:mvn_mag_l2_2019295pc_20191022::1.2
P,urn:nasa:pds:maven.mag.calibrated:data.pc:mvn_mag_l2_2019296pc_20191023::1.2
P,urn:nasa:pds:maven.mag.calibrated:data.pc:mvn_mag_l2_2019297pc_20191024::1.2
P,urn:nasa:pds:maven.mag.calibrated:data.pc:mvn_mag_l2_2019298pc_20191025::1.2
P,urn:nasa:pds:maven.mag.calibrated:data.pc:mvn_mag_l2_2019299pc_20191026::1.2
P,urn:nasa:pds:maven.mag.calibrated:data.pc:mvn_mag_l2_2019300pc_20191027::1.2
P,urn:nasa:pds:maven.mag.calibrated:data.pc:mvn_mag_l2_2019301pc_20191028::1.2
P,urn:nasa:pds:maven.mag.calibrated:data.pc:mvn_mag_l2_2019302pc_20191029::1.2
P,urn:nasa:pds:maven.mag.calibrated:data.pc:mvn_mag_l2_2019303pc_20191030::1.2
P,urn:nasa:pds:maven.mag.calibrated:data.pc:mvn_mag_l2_2019304pc_20191031::1.2
P,urn:nasa:pds:maven.mag.calibrated:data.pc:mvn_mag_l2_2019305pc_20191101::1.2
P,urn:nasa:pds:maven.mag.calibrated:data.pc:mvn_mag_l2_2019306pc_20191102::1.2
P,urn:nasa:pds:maven.mag.calibrated:data.pc:mvn_mag_l2_2019307pc_20191103::1.2
P,urn:nasa:pds:maven.mag.calibrated:data.pc:mvn_mag_l2_2019308pc_20191104::1.2
P,urn:nasa:pds:maven.mag.calibrated:data.pc:mvn_mag_l2_2019309pc_20191105::1.2
P,urn:nasa:pds:maven.mag.calibrated:data.pc:mvn_mag_l2_2019310pc_20191106::1.2
P,urn:nasa:pds:maven.mag.calibrated:data.pc:mvn_mag_l2_2019311pc_20191107::1.2
P,urn:nasa:pds:maven.mag.calibrated:data.pc:mvn_mag_l2_2019312pc_20191108::1.2
P,urn:nasa:pds:maven.mag.calibrated:data.pc:mvn_mag_l2_2019313pc_20191109::1.2
P,urn:nasa:pds:maven.mag.calibrated:data.pc:mvn_mag_l2_2019314pc_20191110::1.2
P,urn:nasa:pds:maven.mag.calibrated:data.pc:mvn_mag_l2_2019315pc_20191111::1.2
P,urn:nasa:pds:maven.mag.calibrated:data.pc:mvn_mag_l2_2019316pc_20191112::1.2
P,urn:nasa:pds:maven.mag.calibrated:data.pc:mvn_mag_l2_2019317pc_20191113::1.2
P,urn:nasa:pds:maven.mag.calibrated:data.pc:mvn_mag_l2_2019318pc_20191114::1.2
P,urn:nasa:pds:maven.mag.calibrated:data.pc:mvn_mag_l2_2019319pc_20191115::1.1
P,urn:nasa:pds:maven.mag.calibrated:data.pc:mvn_mag_l2_2019320pc_20191116::1.1
P,urn:nasa:pds:maven.mag.calibrated:data.pc:mvn_mag_l2_2019321pc_20191117::1.1
P,urn:nasa:pds:maven.mag.calibrated:data.pc:mvn_mag_l2_2019322pc_20191118::1.1
P,urn:nasa:pds:maven.mag.calibrated:data.pc:mvn_mag_l2_2019323pc_20191119::1.1
P,urn:nasa:pds:maven.mag.calibrated:data.pc:mvn_mag_l2_2019324pc_20191120::1.1
P,urn:nasa:pds:maven.mag.calibrated:data.pc:mvn_mag_l2_2019325pc_20191121::1.1
P,urn:nasa:pds:maven.mag.calibrated:data.pc:mvn_mag_l2_2019326pc_20191122::1.1
P,urn:nasa:pds:maven.mag.calibrated:data.pc:mvn_mag_l2_2019327pc_20191123::1.1
P,urn:nasa:pds:maven.mag.calibrated:data.pc:mvn_mag_l2_2019328pc_20191124::1.1
P,urn:nasa:pds:maven.mag.calibrated:data.pc:mvn_mag_l2_2019329pc_20191125::1.1
P,urn:nasa:pds:maven.mag.calibrated:data.pc:mvn_mag_l2_2019330pc_20191126::1.1
P,urn:nasa:pds:maven.mag.calibrated:data.pc:mvn_mag_l2_2019331pc_20191127::1.1
P,urn:nasa:pds:maven.mag.calibrated:data.pc:mvn_mag_l2_2019332pc_20191128::1.1
P,urn:nasa:pds:maven.mag.calibrated:data.pc:mvn_mag_l2_2019333pc_20191129::1.1
P,urn:nasa:pds:maven.mag.calibrated:data.pc:mvn_mag_l2_2019334pc_20191130::1.1
P,urn:nasa:pds:maven.mag.calibrated:data.pc:mvn_mag_l2_2019335pc_20191201::1.1
P,urn:nasa:pds:maven.mag.calibrated:data.pc:mvn_mag_l2_2019336pc_20191202::1.1
P,urn:nasa:pds:maven.mag.calibrated:data.pc:mvn_mag_l2_2019337pc_20191203::1.1
P,urn:nasa:pds:maven.mag.calibrated:data.pc:mvn_mag_l2_2019338pc_20191204::1.1
P,urn:nasa:pds:maven.mag.calibrated:data.pc:mvn_mag_l2_2019339pc_20191205::1.1
P,urn:nasa:pds:maven.mag.calibrated:data.pc:mvn_mag_l2_2019340pc_20191206::1.1
P,urn:nasa:pds:maven.mag.calibrated:data.pc:mvn_mag_l2_2019341pc_20191207::1.1
P,urn:nasa:pds:maven.mag.calibrated:data.pc:mvn_mag_l2_2019342pc_20191208::1.1
P,urn:nasa:pds:maven.mag.calibrated:data.pc:mvn_mag_l2_2019343pc_20191209::1.1
P,urn:nasa:pds:maven.mag.calibrated:data.pc:mvn_mag_l2_2019344pc_20191210::1.1
P,urn:nasa:pds:maven.mag.calibrated:data.pc:mvn_mag_l2_2019345pc_20191211::1.1
P,urn:nasa:pds:maven.mag.calibrated:data.pc:mvn_mag_l2_2019346pc_20191212::1.1
P,urn:nasa:pds:maven.mag.calibrated:data.pc:mvn_mag_l2_2019347pc_20191213::1.1
P,urn:nasa:pds:maven.mag.calibrated:data.pc:mvn_mag_l2_2019348pc_20191214::1.1
P,urn:nasa:pds:maven.mag.calibrated:data.pc:mvn_mag_l2_2019349pc_20191215::1.1
P,urn:nasa:pds:maven.mag.calibrated:data.pc:mvn_mag_l2_2019350pc_20191216::1.1
P,urn:nasa:pds:maven.mag.calibrated:data.pc:mvn_mag_l2_2019351pc_20191217::1.1
P,urn:nasa:pds:maven.mag.calibrated:data.pc:mvn_mag_l2_2019352pc_20191218::1.1
P,urn:nasa:pds:maven.mag.calibrated:data.pc:mvn_mag_l2_2019353pc_20191219::1.1
P,urn:nasa:pds:maven.mag.calibrated:data.pc:mvn_mag_l2_2019354pc_20191220::1.1
P,urn:nasa:pds:maven.mag.calibrated:data.pc:mvn_mag_l2_2019355pc_20191221::1.1
P,urn:nasa:pds:maven.mag.calibrated:data.pc:mvn_mag_l2_2019356pc_20191222::1.1
P,urn:nasa:pds:maven.mag.calibrated:data.pc:mvn_mag_l2_2019357pc_20191223::1.1
P,urn:nasa:pds:maven.mag.calibrated:data.pc:mvn_mag_l2_2019358pc_20191224::1.1
P,urn:nasa:pds:maven.mag.calibrated:data.pc:mvn_mag_l2_2019359pc_20191225::1.1
P,urn:nasa:pds:maven.mag.calibrated:data.pc:mvn_mag_l2_2019360pc_20191226::1.1
P,urn:nasa:pds:maven.mag.calibrated:data.pc:mvn_mag_l2_2019361pc_20191227::1.1
P,urn:nasa:pds:maven.mag.calibrated:data.pc:mvn_mag_l2_2019362pc_20191228::1.1
P,urn:nasa:pds:maven.mag.calibrated:data.pc:mvn_mag_l2_2019363pc_20191229::1.1
P,urn:nasa:pds:maven.mag.calibrated:data.pc:mvn_mag_l2_2019364pc_20191230::1.1
P,urn:nasa:pds:maven.mag.calibrated:data.pc:mvn_mag_l2_2019365pc_20191231::1.1
P,urn:nasa:pds:maven.mag.calibrated:data.pc:mvn_mag_l2_2020001pc_20200101::1.1
P,urn:nasa:pds:maven.mag.calibrated:data.pc:mvn_mag_l2_2020002pc_20200102::1.1
P,urn:nasa:pds:maven.mag.calibrated:data.pc:mvn_mag_l2_2020003pc_20200103::1.1
P,urn:nasa:pds:maven.mag.calibrated:data.pc:mvn_mag_l2_2020004pc_20200104::1.1
P,urn:nasa:pds:maven.mag.calibrated:data.pc:mvn_mag_l2_2020005pc_20200105::1.1
P,urn:nasa:pds:maven.mag.calibrated:data.pc:mvn_mag_l2_2020006pc_20200106::1.1
P,urn:nasa:pds:maven.mag.calibrated:data.pc:mvn_mag_l2_2020007pc_20200107::1.1
P,urn:nasa:pds:maven.mag.calibrated:data.pc:mvn_mag_l2_2020008pc_20200108::1.1
P,urn:nasa:pds:maven.mag.calibrated:data.pc:mvn_mag_l2_2020009pc_20200109::1.1
P,urn:nasa:pds:maven.mag.calibrated:data.pc:mvn_mag_l2_2020010pc_20200110::1.1
P,urn:nasa:pds:maven.mag.calibrated:data.pc:mvn_mag_l2_2020011pc_20200111::1.1
P,urn:nasa:pds:maven.mag.calibrated:data.pc:mvn_mag_l2_2020012pc_20200112::1.1
P,urn:nasa:pds:maven.mag.calibrated:data.pc:mvn_mag_l2_2020013pc_20200113::1.1
P,urn:nasa:pds:maven.mag.calibrated:data.pc:mvn_mag_l2_2020014pc_20200114::1.1
P,urn:nasa:pds:maven.mag.calibrated:data.pc:mvn_mag_l2_2020015pc_20200115::1.1
P,urn:nasa:pds:maven.mag.calibrated:data.pc:mvn_mag_l2_2020016pc_20200116::1.1
P,urn:nasa:pds:maven.mag.calibrated:data.pc:mvn_mag_l2_2020017pc_20200117::1.1
P,urn:nasa:pds:maven.mag.calibrated:data.pc:mvn_mag_l2_2020018pc_20200118::1.1
P,urn:nasa:pds:maven.mag.calibrated:data.pc:mvn_mag_l2_2020019pc_20200119::1.1
P,urn:nasa:pds:maven.mag.calibrated:data.pc:mvn_mag_l2_2020020pc_20200120::1.1
P,urn:nasa:pds:maven.mag.calibrated:data.pc:mvn_mag_l2_2020021pc_20200121::1.1
P,urn:nasa:pds:maven.mag.calibrated:data.pc:mvn_mag_l2_2020022pc_20200122::1.1
P,urn:nasa:pds:maven.mag.calibrated:data.pc:mvn_mag_l2_2020023pc_20200123::1.1
P,urn:nasa:pds:maven.mag.calibrated:data.pc:mvn_mag_l2_2020024pc_20200124::1.1
P,urn:nasa:pds:maven.mag.calibrated:data.pc:mvn_mag_l2_2020025pc_20200125::1.1
P,urn:nasa:pds:maven.mag.calibrated:data.pc:mvn_mag_l2_2020026pc_20200126::1.1
P,urn:nasa:pds:maven.mag.calibrated:data.pc:mvn_mag_l2_2020027pc_20200127::1.1
P,urn:nasa:pds:maven.mag.calibrated:data.pc:mvn_mag_l2_2020028pc_20200128::1.1
P,urn:nasa:pds:maven.mag.calibrated:data.pc:mvn_mag_l2_2020029pc_20200129::1.1
P,urn:nasa:pds:maven.mag.calibrated:data.pc:mvn_mag_l2_2020030pc_20200130::1.1
P,urn:nasa:pds:maven.mag.calibrated:data.pc:mvn_mag_l2_2020031pc_20200131::1.1
P,urn:nasa:pds:maven.mag.calibrated:data.pc:mvn_mag_l2_2020032pc_20200201::1.1
P,urn:nasa:pds:maven.mag.calibrated:data.pc:mvn_mag_l2_2020033pc_20200202::1.1
P,urn:nasa:pds:maven.mag.calibrated:data.pc:mvn_mag_l2_2020034pc_20200203::1.1
P,urn:nasa:pds:maven.mag.calibrated:data.pc:mvn_mag_l2_2020035pc_20200204::1.1
P,urn:nasa:pds:maven.mag.calibrated:data.pc:mvn_mag_l2_2020036pc_20200205::1.1
P,urn:nasa:pds:maven.mag.calibrated:data.pc:mvn_mag_l2_2020037pc_20200206::1.1
P,urn:nasa:pds:maven.mag.calibrated:data.pc:mvn_mag_l2_2020038pc_20200207::1.1
P,urn:nasa:pds:maven.mag.calibrated:data.pc:mvn_mag_l2_2020039pc_20200208::1.1
P,urn:nasa:pds:maven.mag.calibrated:data.pc:mvn_mag_l2_2020040pc_20200209::1.1
P,urn:nasa:pds:maven.mag.calibrated:data.pc:mvn_mag_l2_2020041pc_20200210::1.1
P,urn:nasa:pds:maven.mag.calibrated:data.pc:mvn_mag_l2_2020042pc_20200211::1.1
P,urn:nasa:pds:maven.mag.calibrated:data.pc:mvn_mag_l2_2020043pc_20200212::1.1
P,urn:nasa:pds:maven.mag.calibrated:data.pc:mvn_mag_l2_2020044pc_20200213::1.1
P,urn:nasa:pds:maven.mag.calibrated:data.pc:mvn_mag_l2_2020045pc_20200214::1.1
P,urn:nasa:pds:maven.mag.calibrated:data.pc:mvn_mag_l2_2020046pc_20200215::1.1
P,urn:nasa:pds:maven.mag.calibrated:data.pc:mvn_mag_l2_2020047pc_20200216::1.1
P,urn:nasa:pds:maven.mag.calibrated:data.pc:mvn_mag_l2_2020048pc_20200217::1.1
P,urn:nasa:pds:maven.mag.calibrated:data.pc:mvn_mag_l2_2020049pc_20200218::1.1
P,urn:nasa:pds:maven.mag.calibrated:data.pc:mvn_mag_l2_2020050pc_20200219::1.1
P,urn:nasa:pds:maven.mag.calibrated:data.pc:mvn_mag_l2_2020051pc_20200220::1.1
P,urn:nasa:pds:maven.mag.calibrated:data.pc:mvn_mag_l2_2020052pc_20200221::1.1
P,urn:nasa:pds:maven.mag.calibrated:data.pc:mvn_mag_l2_2020053pc_20200222::1.1
P,urn:nasa:pds:maven.mag.calibrated:data.pc:mvn_mag_l2_2020054pc_20200223::1.1
P,urn:nasa:pds:maven.mag.calibrated:data.pc:mvn_mag_l2_2020055pc_20200224::1.1
P,urn:nasa:pds:maven.mag.calibrated:data.pc:mvn_mag_l2_2020056pc_20200225::1.1
P,urn:nasa:pds:maven.mag.calibrated:data.pc:mvn_mag_l2_2020057pc_20200226::1.1
P,urn:nasa:pds:maven.mag.calibrated:data.pc:mvn_mag_l2_2020058pc_20200227::1.1
P,urn:nasa:pds:maven.mag.calibrated:data.pc:mvn_mag_l2_2020059pc_20200228::1.1
P,urn:nasa:pds:maven.mag.calibrated:data.pc:mvn_mag_l2_2020060pc_20200229::1.1
P,urn:nasa:pds:maven.mag.calibrated:data.pc:mvn_mag_l2_2020061pc_20200301::1.1
P,urn:nasa:pds:maven.mag.calibrated:data.pc:mvn_mag_l2_2020062pc_20200302::1.1
P,urn:nasa:pds:maven.mag.calibrated:data.pc:mvn_mag_l2_2020063pc_20200303::1.1
P,urn:nasa:pds:maven.mag.calibrated:data.pc:mvn_mag_l2_2020064pc_20200304::1.1
P,urn:nasa:pds:maven.mag.calibrated:data.pc:mvn_mag_l2_2020065pc_20200305::1.1
P,urn:nasa:pds:maven.mag.calibrated:data.pc:mvn_mag_l2_2020066pc_20200306::1.1
P,urn:nasa:pds:maven.mag.calibrated:data.pc:mvn_mag_l2_2020067pc_20200307::1.1
P,urn:nasa:pds:maven.mag.calibrated:data.pc:mvn_mag_l2_2020068pc_20200308::1.1
P,urn:nasa:pds:maven.mag.calibrated:data.pc:mvn_mag_l2_2020069pc_20200309::1.1
P,urn:nasa:pds:maven.mag.calibrated:data.pc:mvn_mag_l2_2020070pc_20200310::1.1
P,urn:nasa:pds:maven.mag.calibrated:data.pc:mvn_mag_l2_2020071pc_20200311::1.1
P,urn:nasa:pds:maven.mag.calibrated:data.pc:mvn_mag_l2_2020072pc_20200312::1.1
P,urn:nasa:pds:maven.mag.calibrated:data.pc:mvn_mag_l2_2020073pc_20200313::1.1
P,urn:nasa:pds:maven.mag.calibrated:data.pc:mvn_mag_l2_2020074pc_20200314::1.1
P,urn:nasa:pds:maven.mag.calibrated:data.pc:mvn_mag_l2_2020075pc_20200315::1.1
P,urn:nasa:pds:maven.mag.calibrated:data.pc:mvn_mag_l2_2020076pc_20200316::1.1
P,urn:nasa:pds:maven.mag.calibrated:data.pc:mvn_mag_l2_2020077pc_20200317::1.1
P,urn:nasa:pds:maven.mag.calibrated:data.pc:mvn_mag_l2_2020078pc_20200318::1.1
P,urn:nasa:pds:maven.mag.calibrated:data.pc:mvn_mag_l2_2020079pc_20200319::1.1
P,urn:nasa:pds:maven.mag.calibrated:data.pc:mvn_mag_l2_2020080pc_20200320::1.1
P,urn:nasa:pds:maven.mag.calibrated:data.pc:mvn_mag_l2_2020081pc_20200321::1.1
P,urn:nasa:pds:maven.mag.calibrated:data.pc:mvn_mag_l2_2020082pc_20200322::1.1
P,urn:nasa:pds:maven.mag.calibrated:data.pc:mvn_mag_l2_2020083pc_20200323::1.1
P,urn:nasa:pds:maven.mag.calibrated:data.pc:mvn_mag_l2_2020084pc_20200324::1.1
P,urn:nasa:pds:maven.mag.calibrated:data.pc:mvn_mag_l2_2020085pc_20200325::1.1
P,urn:nasa:pds:maven.mag.calibrated:data.pc:mvn_mag_l2_2020086pc_20200326::1.1
P,urn:nasa:pds:maven.mag.calibrated:data.pc:mvn_mag_l2_2020087pc_20200327::1.1
P,urn:nasa:pds:maven.mag.calibrated:data.pc:mvn_mag_l2_2020088pc_20200328::1.1
P,urn:nasa:pds:maven.mag.calibrated:data.pc:mvn_mag_l2_2020089pc_20200329::1.1
P,urn:nasa:pds:maven.mag.calibrated:data.pc:mvn_mag_l2_2020090pc_20200330::1.1
P,urn:nasa:pds:maven.mag.calibrated:data.pc:mvn_mag_l2_2020091pc_20200331::1.1
P,urn:nasa:pds:maven.mag.calibrated:data.pc:mvn_mag_l2_2020092pc_20200401::1.1
P,urn:nasa:pds:maven.mag.calibrated:data.pc:mvn_mag_l2_2020093pc_20200402::1.1
P,urn:nasa:pds:maven.mag.calibrated:data.pc:mvn_mag_l2_2020094pc_20200403::1.1
P,urn:nasa:pds:maven.mag.calibrated:data.pc:mvn_mag_l2_2020095pc_20200404::1.1
P,urn:nasa:pds:maven.mag.calibrated:data.pc:mvn_mag_l2_2020096pc_20200405::1.1
P,urn:nasa:pds:maven.mag.calibrated:data.pc:mvn_mag_l2_2020097pc_20200406::1.1
P,urn:nasa:pds:maven.mag.calibrated:data.pc:mvn_mag_l2_2020098pc_20200407::1.1
P,urn:nasa:pds:maven.mag.calibrated:data.pc:mvn_mag_l2_2020099pc_20200408::1.1
P,urn:nasa:pds:maven.mag.calibrated:data.pc:mvn_mag_l2_2020100pc_20200409::1.1
P,urn:nasa:pds:maven.mag.calibrated:data.pc:mvn_mag_l2_2020101pc_20200410::1.1
P,urn:nasa:pds:maven.mag.calibrated:data.pc:mvn_mag_l2_2020102pc_20200411::1.1
P,urn:nasa:pds:maven.mag.calibrated:data.pc:mvn_mag_l2_2020103pc_20200412::1.1
P,urn:nasa:pds:maven.mag.calibrated:data.pc:mvn_mag_l2_2020104pc_20200413::1.1
P,urn:nasa:pds:maven.mag.calibrated:data.pc:mvn_mag_l2_2020105pc_20200414::1.1
P,urn:nasa:pds:maven.mag.calibrated:data.pc:mvn_mag_l2_2020106pc_20200415::1.1
P,urn:nasa:pds:maven.mag.calibrated:data.pc:mvn_mag_l2_2020107pc_20200416::1.1
P,urn:nasa:pds:maven.mag.calibrated:data.pc:mvn_mag_l2_2020108pc_20200417::1.1
P,urn:nasa:pds:maven.mag.calibrated:data.pc:mvn_mag_l2_2020109pc_20200418::1.1
P,urn:nasa:pds:maven.mag.calibrated:data.pc:mvn_mag_l2_2020110pc_20200419::1.1
P,urn:nasa:pds:maven.mag.calibrated:data.pc:mvn_mag_l2_2020111pc_20200420::1.1
P,urn:nasa:pds:maven.mag.calibrated:data.pc:mvn_mag_l2_2020112pc_20200421::1.1
P,urn:nasa:pds:maven.mag.calibrated:data.pc:mvn_mag_l2_2020113pc_20200422::1.1
P,urn:nasa:pds:maven.mag.calibrated:data.pc:mvn_mag_l2_2020114pc_20200423::1.1
P,urn:nasa:pds:maven.mag.calibrated:data.pc:mvn_mag_l2_2020115pc_20200424::1.1
P,urn:nasa:pds:maven.mag.calibrated:data.pc:mvn_mag_l2_2020116pc_20200425::1.1
P,urn:nasa:pds:maven.mag.calibrated:data.pc:mvn_mag_l2_2020117pc_20200426::1.1
P,urn:nasa:pds:maven.mag.calibrated:data.pc:mvn_mag_l2_2020118pc_20200427::1.1
P,urn:nasa:pds:maven.mag.calibrated:data.pc:mvn_mag_l2_2020119pc_20200428::1.1
P,urn:nasa:pds:maven.mag.calibrated:data.pc:mvn_mag_l2_2020120pc_20200429::1.1
P,urn:nasa:pds:maven.mag.calibrated:data.pc:mvn_mag_l2_2020121pc_20200430::1.1
P,urn:nasa:pds:maven.mag.calibrated:data.pc:mvn_mag_l2_2020122pc_20200501::1.1
P,urn:nasa:pds:maven.mag.calibrated:data.pc:mvn_mag_l2_2020123pc_20200502::1.1
P,urn:nasa:pds:maven.mag.calibrated:data.pc:mvn_mag_l2_2020124pc_20200503::1.1
P,urn:nasa:pds:maven.mag.calibrated:data.pc:mvn_mag_l2_2020125pc_20200504::1.1
P,urn:nasa:pds:maven.mag.calibrated:data.pc:mvn_mag_l2_2020126pc_20200505::1.1
P,urn:nasa:pds:maven.mag.calibrated:data.pc:mvn_mag_l2_2020127pc_20200506::1.1
P,urn:nasa:pds:maven.mag.calibrated:data.pc:mvn_mag_l2_2020128pc_20200507::1.1
P,urn:nasa:pds:maven.mag.calibrated:data.pc:mvn_mag_l2_2020129pc_20200508::1.1
P,urn:nasa:pds:maven.mag.calibrated:data.pc:mvn_mag_l2_2020130pc_20200509::1.1
P,urn:nasa:pds:maven.mag.calibrated:data.pc:mvn_mag_l2_2020131pc_20200510::1.1
P,urn:nasa:pds:maven.mag.calibrated:data.pc:mvn_mag_l2_2020132pc_20200511::1.1
P,urn:nasa:pds:maven.mag.calibrated:data.pc:mvn_mag_l2_2020133pc_20200512::1.1
P,urn:nasa:pds:maven.mag.calibrated:data.pc:mvn_mag_l2_2020134pc_20200513::1.1
P,urn:nasa:pds:maven.mag.calibrated:data.pc:mvn_mag_l2_2020135pc_20200514::1.1
P,urn:nasa:pds:maven.mag.calibrated:data.pc:mvn_mag_l2_2020136pc_20200515::1.1
P,urn:nasa:pds:maven.mag.calibrated:data.pc:mvn_mag_l2_2020137pc_20200516::1.1
P,urn:nasa:pds:maven.mag.calibrated:data.pc:mvn_mag_l2_2020138pc_20200517::1.1
P,urn:nasa:pds:maven.mag.calibrated:data.pc:mvn_mag_l2_2020139pc_20200518::1.1
P,urn:nasa:pds:maven.mag.calibrated:data.pc:mvn_mag_l2_2020140pc_20200519::1.1
P,urn:nasa:pds:maven.mag.calibrated:data.pc:mvn_mag_l2_2020141pc_20200520::1.1
P,urn:nasa:pds:maven.mag.calibrated:data.pc:mvn_mag_l2_2020142pc_20200521::1.1
P,urn:nasa:pds:maven.mag.calibrated:data.pc:mvn_mag_l2_2020143pc_20200522::1.1
P,urn:nasa:pds:maven.mag.calibrated:data.pc:mvn_mag_l2_2020144pc_20200523::1.1
P,urn:nasa:pds:maven.mag.calibrated:data.pc:mvn_mag_l2_2020145pc_20200524::1.1
P,urn:nasa:pds:maven.mag.calibrated:data.pc:mvn_mag_l2_2020146pc_20200525::1.1
P,urn:nasa:pds:maven.mag.calibrated:data.pc:mvn_mag_l2_2020147pc_20200526::1.1
P,urn:nasa:pds:maven.mag.calibrated:data.pc:mvn_mag_l2_2020148pc_20200527::1.1
P,urn:nasa:pds:maven.mag.calibrated:data.pc:mvn_mag_l2_2020149pc_20200528::1.1
P,urn:nasa:pds:maven.mag.calibrated:data.pc:mvn_mag_l2_2020150pc_20200529::1.1
P,urn:nasa:pds:maven.mag.calibrated:data.pc:mvn_mag_l2_2020151pc_20200530::1.1
P,urn:nasa:pds:maven.mag.calibrated:data.pc:mvn_mag_l2_2020152pc_20200531::1.1
P,urn:nasa:pds:maven.mag.calibrated:data.pc:mvn_mag_l2_2020153pc_20200601::1.1
P,urn:nasa:pds:maven.mag.calibrated:data.pc:mvn_mag_l2_2020154pc_20200602::1.1
P,urn:nasa:pds:maven.mag.calibrated:data.pc:mvn_mag_l2_2020155pc_20200603::1.1
P,urn:nasa:pds:maven.mag.calibrated:data.pc:mvn_mag_l2_2020156pc_20200604::1.1
P,urn:nasa:pds:maven.mag.calibrated:data.pc:mvn_mag_l2_2020157pc_20200605::1.1
P,urn:nasa:pds:maven.mag.calibrated:data.pc:mvn_mag_l2_2020158pc_20200606::1.1
P,urn:nasa:pds:maven.mag.calibrated:data.pc:mvn_mag_l2_2020159pc_20200607::1.1
P,urn:nasa:pds:maven.mag.calibrated:data.pc:mvn_mag_l2_2020160pc_20200608::1.1
P,urn:nasa:pds:maven.mag.calibrated:data.pc:mvn_mag_l2_2020161pc_20200609::1.1
P,urn:nasa:pds:maven.mag.calibrated:data.pc:mvn_mag_l2_2020162pc_20200610::1.1
P,urn:nasa:pds:maven.mag.calibrated:data.pc:mvn_mag_l2_2020163pc_20200611::1.1
P,urn:nasa:pds:maven.mag.calibrated:data.pc:mvn_mag_l2_2020164pc_20200612::1.1
P,urn:nasa:pds:maven.mag.calibrated:data.pc:mvn_mag_l2_2020165pc_20200613::1.1
P,urn:nasa:pds:maven.mag.calibrated:data.pc:mvn_mag_l2_2020166pc_20200614::1.1
P,urn:nasa:pds:maven.mag.calibrated:data.pc:mvn_mag_l2_2020167pc_20200615::1.1
P,urn:nasa:pds:maven.mag.calibrated:data.pc:mvn_mag_l2_2020168pc_20200616::1.1
P,urn:nasa:pds:maven.mag.calibrated:data.pc:mvn_mag_l2_2020169pc_20200617::1.1
P,urn:nasa:pds:maven.mag.calibrated:data.pc:mvn_mag_l2_2020170pc_20200618::1.1
P,urn:nasa:pds:maven.mag.calibrated:data.pc:mvn_mag_l2_2020171pc_20200619::1.1
P,urn:nasa:pds:maven.mag.calibrated:data.pc:mvn_mag_l2_2020172pc_20200620::1.1
P,urn:nasa:pds:maven.mag.calibrated:data.pc:mvn_mag_l2_2020173pc_20200621::1.1
P,urn:nasa:pds:maven.mag.calibrated:data.pc:mvn_mag_l2_2020174pc_20200622::1.1
P,urn:nasa:pds:maven.mag.calibrated:data.pc:mvn_mag_l2_2020175pc_20200623::1.1
P,urn:nasa:pds:maven.mag.calibrated:data.pc:mvn_mag_l2_2020176pc_20200624::1.1
P,urn:nasa:pds:maven.mag.calibrated:data.pc:mvn_mag_l2_2020177pc_20200625::1.1
P,urn:nasa:pds:maven.mag.calibrated:data.pc:mvn_mag_l2_2020178pc_20200626::1.1
P,urn:nasa:pds:maven.mag.calibrated:data.pc:mvn_mag_l2_2020179pc_20200627::1.1
P,urn:nasa:pds:maven.mag.calibrated:data.pc:mvn_mag_l2_2020180pc_20200628::1.1
P,urn:nasa:pds:maven.mag.calibrated:data.pc:mvn_mag_l2_2020181pc_20200629::1.1
P,urn:nasa:pds:maven.mag.calibrated:data.pc:mvn_mag_l2_2020182pc_20200630::1.1
P,urn:nasa:pds:maven.mag.calibrated:data.pc:mvn_mag_l2_2020183pc_20200701::1.1
P,urn:nasa:pds:maven.mag.calibrated:data.pc:mvn_mag_l2_2020184pc_20200702::1.1
P,urn:nasa:pds:maven.mag.calibrated:data.pc:mvn_mag_l2_2020185pc_20200703::1.1
P,urn:nasa:pds:maven.mag.calibrated:data.pc:mvn_mag_l2_2020186pc_20200704::1.1
P,urn:nasa:pds:maven.mag.calibrated:data.pc:mvn_mag_l2_2020187pc_20200705::1.1
P,urn:nasa:pds:maven.mag.calibrated:data.pc:mvn_mag_l2_2020188pc_20200706::1.1
P,urn:nasa:pds:maven.mag.calibrated:data.pc:mvn_mag_l2_2020189pc_20200707::1.1
P,urn:nasa:pds:maven.mag.calibrated:data.pc:mvn_mag_l2_2020190pc_20200708::1.1
P,urn:nasa:pds:maven.mag.calibrated:data.pc:mvn_mag_l2_2020191pc_20200709::1.1
P,urn:nasa:pds:maven.mag.calibrated:data.pc:mvn_mag_l2_2020192pc_20200710::1.1
P,urn:nasa:pds:maven.mag.calibrated:data.pc:mvn_mag_l2_2020193pc_20200711::1.1
P,urn:nasa:pds:maven.mag.calibrated:data.pc:mvn_mag_l2_2020194pc_20200712::1.1
P,urn:nasa:pds:maven.mag.calibrated:data.pc:mvn_mag_l2_2020195pc_20200713::1.1
P,urn:nasa:pds:maven.mag.calibrated:data.pc:mvn_mag_l2_2020196pc_20200714::1.1
P,urn:nasa:pds:maven.mag.calibrated:data.pc:mvn_mag_l2_2020197pc_20200715::1.1
P,urn:nasa:pds:maven.mag.calibrated:data.pc:mvn_mag_l2_2020198pc_20200716::1.1
P,urn:nasa:pds:maven.mag.calibrated:data.pc:mvn_mag_l2_2020199pc_20200717::1.1
P,urn:nasa:pds:maven.mag.calibrated:data.pc:mvn_mag_l2_2020200pc_20200718::1.1
P,urn:nasa:pds:maven.mag.calibrated:data.pc:mvn_mag_l2_2020201pc_20200719::1.1
P,urn:nasa:pds:maven.mag.calibrated:data.pc:mvn_mag_l2_2020202pc_20200720::1.1
P,urn:nasa:pds:maven.mag.calibrated:data.pc:mvn_mag_l2_2020203pc_20200721::1.1
P,urn:nasa:pds:maven.mag.calibrated:data.pc:mvn_mag_l2_2020204pc_20200722::1.1
P,urn:nasa:pds:maven.mag.calibrated:data.pc:mvn_mag_l2_2020205pc_20200723::1.1
P,urn:nasa:pds:maven.mag.calibrated:data.pc:mvn_mag_l2_2020206pc_20200724::1.1
P,urn:nasa:pds:maven.mag.calibrated:data.pc:mvn_mag_l2_2020207pc_20200725::1.1
P,urn:nasa:pds:maven.mag.calibrated:data.pc:mvn_mag_l2_2020208pc_20200726::1.1
P,urn:nasa:pds:maven.mag.calibrated:data.pc:mvn_mag_l2_2020209pc_20200727::1.1
P,urn:nasa:pds:maven.mag.calibrated:data.pc:mvn_mag_l2_2020210pc_20200728::1.1
P,urn:nasa:pds:maven.mag.calibrated:data.pc:mvn_mag_l2_2020211pc_20200729::1.1
P,urn:nasa:pds:maven.mag.calibrated:data.pc:mvn_mag_l2_2020212pc_20200730::1.1
P,urn:nasa:pds:maven.mag.calibrated:data.pc:mvn_mag_l2_2020213pc_20200731::1.1
P,urn:nasa:pds:maven.mag.calibrated:data.pc:mvn_mag_l2_2020214pc_20200801::1.1
P,urn:nasa:pds:maven.mag.calibrated:data.pc:mvn_mag_l2_2020215pc_20200802::1.1
P,urn:nasa:pds:maven.mag.calibrated:data.pc:mvn_mag_l2_2020216pc_20200803::1.1
P,urn:nasa:pds:maven.mag.calibrated:data.pc:mvn_mag_l2_2020217pc_20200804::1.1
P,urn:nasa:pds:maven.mag.calibrated:data.pc:mvn_mag_l2_2020218pc_20200805::1.1
P,urn:nasa:pds:maven.mag.calibrated:data.pc:mvn_mag_l2_2020219pc_20200806::1.1
P,urn:nasa:pds:maven.mag.calibrated:data.pc:mvn_mag_l2_2020220pc_20200807::1.1
P,urn:nasa:pds:maven.mag.calibrated:data.pc:mvn_mag_l2_2020221pc_20200808::1.1
P,urn:nasa:pds:maven.mag.calibrated:data.pc:mvn_mag_l2_2020222pc_20200809::1.1
P,urn:nasa:pds:maven.mag.calibrated:data.pc:mvn_mag_l2_2020223pc_20200810::1.1
P,urn:nasa:pds:maven.mag.calibrated:data.pc:mvn_mag_l2_2020224pc_20200811::1.1
P,urn:nasa:pds:maven.mag.calibrated:data.pc:mvn_mag_l2_2020225pc_20200812::1.1
P,urn:nasa:pds:maven.mag.calibrated:data.pc:mvn_mag_l2_2020226pc_20200813::1.1
P,urn:nasa:pds:maven.mag.calibrated:data.pc:mvn_mag_l2_2020227pc_20200814::1.1
P,urn:nasa:pds:maven.mag.calibrated:data.pc:mvn_mag_l2_2020228pc_20200815::1.2
P,urn:nasa:pds:maven.mag.calibrated:data.pc:mvn_mag_l2_2020229pc_20200816::1.2
P,urn:nasa:pds:maven.mag.calibrated:data.pc:mvn_mag_l2_2020230pc_20200817::1.2
P,urn:nasa:pds:maven.mag.calibrated:data.pc:mvn_mag_l2_2020231pc_20200818::1.2
P,urn:nasa:pds:maven.mag.calibrated:data.pc:mvn_mag_l2_2020232pc_20200819::1.2
P,urn:nasa:pds:maven.mag.calibrated:data.pc:mvn_mag_l2_2020233pc_20200820::1.2
P,urn:nasa:pds:maven.mag.calibrated:data.pc:mvn_mag_l2_2020234pc_20200821::1.2
P,urn:nasa:pds:maven.mag.calibrated:data.pc:mvn_mag_l2_2020235pc_20200822::1.2
P,urn:nasa:pds:maven.mag.calibrated:data.pc:mvn_mag_l2_2020236pc_20200823::1.2
P,urn:nasa:pds:maven.mag.calibrated:data.pc:mvn_mag_l2_2020237pc_20200824::1.2
P,urn:nasa:pds:maven.mag.calibrated:data.pc:mvn_mag_l2_2020238pc_20200825::1.2
P,urn:nasa:pds:maven.mag.calibrated:data.pc:mvn_mag_l2_2020239pc_20200826::1.2
P,urn:nasa:pds:maven.mag.calibrated:data.pc:mvn_mag_l2_2020240pc_20200827::1.2
P,urn:nasa:pds:maven.mag.calibrated:data.pc:mvn_mag_l2_2020241pc_20200828::1.2
P,urn:nasa:pds:maven.mag.calibrated:data.pc:mvn_mag_l2_2020242pc_20200829::1.2
P,urn:nasa:pds:maven.mag.calibrated:data.pc:mvn_mag_l2_2020243pc_20200830::1.2
P,urn:nasa:pds:maven.mag.calibrated:data.pc:mvn_mag_l2_2020244pc_20200831::1.2
P,urn:nasa:pds:maven.mag.calibrated:data.pc:mvn_mag_l2_2020245pc_20200901::1.2
P,urn:nasa:pds:maven.mag.calibrated:data.pc:mvn_mag_l2_2020246pc_20200902::1.2
P,urn:nasa:pds:maven.mag.calibrated:data.pc:mvn_mag_l2_2020247pc_20200903::1.2
P,urn:nasa:pds:maven.mag.calibrated:data.pc:mvn_mag_l2_2020248pc_20200904::1.2
P,urn:nasa:pds:maven.mag.calibrated:data.pc:mvn_mag_l2_2020249pc_20200905::1.2
P,urn:nasa:pds:maven.mag.calibrated:data.pc:mvn_mag_l2_2020250pc_20200906::1.2
P,urn:nasa:pds:maven.mag.calibrated:data.pc:mvn_mag_l2_2020251pc_20200907::1.2
P,urn:nasa:pds:maven.mag.calibrated:data.pc:mvn_mag_l2_2020252pc_20200908::1.2
P,urn:nasa:pds:maven.mag.calibrated:data.pc:mvn_mag_l2_2020253pc_20200909::1.2
P,urn:nasa:pds:maven.mag.calibrated:data.pc:mvn_mag_l2_2020254pc_20200910::1.2
P,urn:nasa:pds:maven.mag.calibrated:data.pc:mvn_mag_l2_2020255pc_20200911::1.2
P,urn:nasa:pds:maven.mag.calibrated:data.pc:mvn_mag_l2_2020256pc_20200912::1.2
P,urn:nasa:pds:maven.mag.calibrated:data.pc:mvn_mag_l2_2020257pc_20200913::1.2
P,urn:nasa:pds:maven.mag.calibrated:data.pc:mvn_mag_l2_2020258pc_20200914::1.2
P,urn:nasa:pds:maven.mag.calibrated:data.pc:mvn_mag_l2_2020259pc_20200915::1.2
P,urn:nasa:pds:maven.mag.calibrated:data.pc:mvn_mag_l2_2020260pc_20200916::1.2
P,urn:nasa:pds:maven.mag.calibrated:data.pc:mvn_mag_l2_2020261pc_20200917::1.2
P,urn:nasa:pds:maven.mag.calibrated:data.pc:mvn_mag_l2_2020262pc_20200918::1.2
P,urn:nasa:pds:maven.mag.calibrated:data.pc:mvn_mag_l2_2020263pc_20200919::1.2
P,urn:nasa:pds:maven.mag.calibrated:data.pc:mvn_mag_l2_2020264pc_20200920::1.2
P,urn:nasa:pds:maven.mag.calibrated:data.pc:mvn_mag_l2_2020265pc_20200921::1.2
P,urn:nasa:pds:maven.mag.calibrated:data.pc:mvn_mag_l2_2020266pc_20200922::1.2
P,urn:nasa:pds:maven.mag.calibrated:data.pc:mvn_mag_l2_2020267pc_20200923::1.2
P,urn:nasa:pds:maven.mag.calibrated:data.pc:mvn_mag_l2_2020268pc_20200924::1.2
P,urn:nasa:pds:maven.mag.calibrated:data.pc:mvn_mag_l2_2020269pc_20200925::1.2
P,urn:nasa:pds:maven.mag.calibrated:data.pc:mvn_mag_l2_2020270pc_20200926::1.2
P,urn:nasa:pds:maven.mag.calibrated:data.pc:mvn_mag_l2_2020271pc_20200927::1.2
P,urn:nasa:pds:maven.mag.calibrated:data.pc:mvn_mag_l2_2020272pc_20200928::1.2
P,urn:nasa:pds:maven.mag.calibrated:data.pc:mvn_mag_l2_2020273pc_20200929::1.2
P,urn:nasa:pds:maven.mag.calibrated:data.pc:mvn_mag_l2_2020274pc_20200930::1.2
P,urn:nasa:pds:maven.mag.calibrated:data.pc:mvn_mag_l2_2020275pc_20201001::1.2
P,urn:nasa:pds:maven.mag.calibrated:data.pc:mvn_mag_l2_2020276pc_20201002::1.2
P,urn:nasa:pds:maven.mag.calibrated:data.pc:mvn_mag_l2_2020277pc_20201003::1.2
P,urn:nasa:pds:maven.mag.calibrated:data.pc:mvn_mag_l2_2020278pc_20201004::1.2
P,urn:nasa:pds:maven.mag.calibrated:data.pc:mvn_mag_l2_2020279pc_20201005::1.2
P,urn:nasa:pds:maven.mag.calibrated:data.pc:mvn_mag_l2_2020280pc_20201006::1.2
P,urn:nasa:pds:maven.mag.calibrated:data.pc:mvn_mag_l2_2020281pc_20201007::1.2
P,urn:nasa:pds:maven.mag.calibrated:data.pc:mvn_mag_l2_2020282pc_20201008::1.2
P,urn:nasa:pds:maven.mag.calibrated:data.pc:mvn_mag_l2_2020283pc_20201009::1.2
P,urn:nasa:pds:maven.mag.calibrated:data.pc:mvn_mag_l2_2020284pc_20201010::1.2
P,urn:nasa:pds:maven.mag.calibrated:data.pc:mvn_mag_l2_2020285pc_20201011::1.2
P,urn:nasa:pds:maven.mag.calibrated:data.pc:mvn_mag_l2_2020286pc_20201012::1.2
P,urn:nasa:pds:maven.mag.calibrated:data.pc:mvn_mag_l2_2020287pc_20201013::1.2
P,urn:nasa:pds:maven.mag.calibrated:data.pc:mvn_mag_l2_2020288pc_20201014::1.2
P,urn:nasa:pds:maven.mag.calibrated:data.pc:mvn_mag_l2_2020289pc_20201015::1.2
P,urn:nasa:pds:maven.mag.calibrated:data.pc:mvn_mag_l2_2020290pc_20201016::1.2
P,urn:nasa:pds:maven.mag.calibrated:data.pc:mvn_mag_l2_2020291pc_20201017::1.2
P,urn:nasa:pds:maven.mag.calibrated:data.pc:mvn_mag_l2_2020292pc_20201018::1.2
P,urn:nasa:pds:maven.mag.calibrated:data.pc:mvn_mag_l2_2020293pc_20201019::1.2
P,urn:nasa:pds:maven.mag.calibrated:data.pc:mvn_mag_l2_2020294pc_20201020::1.2
P,urn:nasa:pds:maven.mag.calibrated:data.pc:mvn_mag_l2_2020295pc_20201021::1.2
P,urn:nasa:pds:maven.mag.calibrated:data.pc:mvn_mag_l2_2020296pc_20201022::1.2
P,urn:nasa:pds:maven.mag.calibrated:data.pc:mvn_mag_l2_2020297pc_20201023::1.2
P,urn:nasa:pds:maven.mag.calibrated:data.pc:mvn_mag_l2_2020298pc_20201024::1.2
P,urn:nasa:pds:maven.mag.calibrated:data.pc:mvn_mag_l2_2020299pc_20201025::1.2
P,urn:nasa:pds:maven.mag.calibrated:data.pc:mvn_mag_l2_2020300pc_20201026::1.2
P,urn:nasa:pds:maven.mag.calibrated:data.pc:mvn_mag_l2_2020301pc_20201027::1.2
P,urn:nasa:pds:maven.mag.calibrated:data.pc:mvn_mag_l2_2020302pc_20201028::1.2
P,urn:nasa:pds:maven.mag.calibrated:data.pc:mvn_mag_l2_2020303pc_20201029::1.2
P,urn:nasa:pds:maven.mag.calibrated:data.pc:mvn_mag_l2_2020304pc_20201030::1.2
P,urn:nasa:pds:maven.mag.calibrated:data.pc:mvn_mag_l2_2020305pc_20201031::1.2
P,urn:nasa:pds:maven.mag.calibrated:data.pc:mvn_mag_l2_2020320pc_20201115::1.2
P,urn:nasa:pds:maven.mag.calibrated:data.pc:mvn_mag_l2_2020321pc_20201116::1.2
P,urn:nasa:pds:maven.mag.calibrated:data.pc:mvn_mag_l2_2020322pc_20201117::1.2
P,urn:nasa:pds:maven.mag.calibrated:data.pc:mvn_mag_l2_2020323pc_20201118::1.2
P,urn:nasa:pds:maven.mag.calibrated:data.pc:mvn_mag_l2_2020324pc_20201119::1.2
P,urn:nasa:pds:maven.mag.calibrated:data.pc:mvn_mag_l2_2020325pc_20201120::1.2
P,urn:nasa:pds:maven.mag.calibrated:data.pc:mvn_mag_l2_2020326pc_20201121::1.2
P,urn:nasa:pds:maven.mag.calibrated:data.pc:mvn_mag_l2_2020327pc_20201122::1.2
P,urn:nasa:pds:maven.mag.calibrated:data.pc:mvn_mag_l2_2020328pc_20201123::1.2
P,urn:nasa:pds:maven.mag.calibrated:data.pc:mvn_mag_l2_2020329pc_20201124::1.2
P,urn:nasa:pds:maven.mag.calibrated:data.pc:mvn_mag_l2_2020330pc_20201125::1.2
P,urn:nasa:pds:maven.mag.calibrated:data.pc:mvn_mag_l2_2020331pc_20201126::1.2
P,urn:nasa:pds:maven.mag.calibrated:data.pc:mvn_mag_l2_2020332pc_20201127::1.2
P,urn:nasa:pds:maven.mag.calibrated:data.pc:mvn_mag_l2_2020333pc_20201128::1.2
P,urn:nasa:pds:maven.mag.calibrated:data.pc:mvn_mag_l2_2020334pc_20201129::1.2
P,urn:nasa:pds:maven.mag.calibrated:data.pc:mvn_mag_l2_2020335pc_20201130::1.2
P,urn:nasa:pds:maven.mag.calibrated:data.pc:mvn_mag_l2_2020336pc_20201201::1.2
P,urn:nasa:pds:maven.mag.calibrated:data.pc:mvn_mag_l2_2020337pc_20201202::1.2
P,urn:nasa:pds:maven.mag.calibrated:data.pc:mvn_mag_l2_2020338pc_20201203::1.2
P,urn:nasa:pds:maven.mag.calibrated:data.pc:mvn_mag_l2_2020339pc_20201204::1.2
P,urn:nasa:pds:maven.mag.calibrated:data.pc:mvn_mag_l2_2020340pc_20201205::1.2
P,urn:nasa:pds:maven.mag.calibrated:data.pc:mvn_mag_l2_2020341pc_20201206::1.2
P,urn:nasa:pds:maven.mag.calibrated:data.pc:mvn_mag_l2_2020342pc_20201207::1.2
P,urn:nasa:pds:maven.mag.calibrated:data.pc:mvn_mag_l2_2020343pc_20201208::1.2
P,urn:nasa:pds:maven.mag.calibrated:data.pc:mvn_mag_l2_2020344pc_20201209::1.2
P,urn:nasa:pds:maven.mag.calibrated:data.pc:mvn_mag_l2_2020345pc_20201210::1.2
P,urn:nasa:pds:maven.mag.calibrated:data.pc:mvn_mag_l2_2020346pc_20201211::1.2
P,urn:nasa:pds:maven.mag.calibrated:data.pc:mvn_mag_l2_2020347pc_20201212::1.2
P,urn:nasa:pds:maven.mag.calibrated:data.pc:mvn_mag_l2_2020348pc_20201213::1.2
P,urn:nasa:pds:maven.mag.calibrated:data.pc:mvn_mag_l2_2020349pc_20201214::1.2
P,urn:nasa:pds:maven.mag.calibrated:data.pc:mvn_mag_l2_2020350pc_20201215::1.2
P,urn:nasa:pds:maven.mag.calibrated:data.pc:mvn_mag_l2_2020351pc_20201216::1.2
P,urn:nasa:pds:maven.mag.calibrated:data.pc:mvn_mag_l2_2020352pc_20201217::1.2
P,urn:nasa:pds:maven.mag.calibrated:data.pc:mvn_mag_l2_2020353pc_20201218::1.2
P,urn:nasa:pds:maven.mag.calibrated:data.pc:mvn_mag_l2_2020354pc_20201219::1.2
P,urn:nasa:pds:maven.mag.calibrated:data.pc:mvn_mag_l2_2020355pc_20201220::1.2
P,urn:nasa:pds:maven.mag.calibrated:data.pc:mvn_mag_l2_2020356pc_20201221::1.2
P,urn:nasa:pds:maven.mag.calibrated:data.pc:mvn_mag_l2_2020357pc_20201222::1.2
P,urn:nasa:pds:maven.mag.calibrated:data.pc:mvn_mag_l2_2020358pc_20201223::1.2
P,urn:nasa:pds:maven.mag.calibrated:data.pc:mvn_mag_l2_2020359pc_20201224::1.2
P,urn:nasa:pds:maven.mag.calibrated:data.pc:mvn_mag_l2_2020360pc_20201225::1.2
P,urn:nasa:pds:maven.mag.calibrated:data.pc:mvn_mag_l2_2020361pc_20201226::1.2
P,urn:nasa:pds:maven.mag.calibrated:data.pc:mvn_mag_l2_2020362pc_20201227::1.2
P,urn:nasa:pds:maven.mag.calibrated:data.pc:mvn_mag_l2_2020363pc_20201228::1.2
P,urn:nasa:pds:maven.mag.calibrated:data.pc:mvn_mag_l2_2020364pc_20201229::1.2
P,urn:nasa:pds:maven.mag.calibrated:data.pc:mvn_mag_l2_2020365pc_20201230::1.2
P,urn:nasa:pds:maven.mag.calibrated:data.pc:mvn_mag_l2_2020366pc_20201231::1.2
P,urn:nasa:pds:maven.mag.calibrated:data.pc:mvn_mag_l2_2021001pc_20210101::1.2
P,urn:nasa:pds:maven.mag.calibrated:data.pc:mvn_mag_l2_2021002pc_20210102::1.2
P,urn:nasa:pds:maven.mag.calibrated:data.pc:mvn_mag_l2_2021003pc_20210103::1.2
P,urn:nasa:pds:maven.mag.calibrated:data.pc:mvn_mag_l2_2021004pc_20210104::1.2
P,urn:nasa:pds:maven.mag.calibrated:data.pc:mvn_mag_l2_2021005pc_20210105::1.2
P,urn:nasa:pds:maven.mag.calibrated:data.pc:mvn_mag_l2_2021006pc_20210106::1.2
P,urn:nasa:pds:maven.mag.calibrated:data.pc:mvn_mag_l2_2021007pc_20210107::1.2
P,urn:nasa:pds:maven.mag.calibrated:data.pc:mvn_mag_l2_2021008pc_20210108::1.2
P,urn:nasa:pds:maven.mag.calibrated:data.pc:mvn_mag_l2_2021009pc_20210109::1.2
P,urn:nasa:pds:maven.mag.calibrated:data.pc:mvn_mag_l2_2021010pc_20210110::1.2
P,urn:nasa:pds:maven.mag.calibrated:data.pc:mvn_mag_l2_2021011pc_20210111::1.2
P,urn:nasa:pds:maven.mag.calibrated:data.pc:mvn_mag_l2_2021014pc_20210114::1.2
P,urn:nasa:pds:maven.mag.calibrated:data.pc:mvn_mag_l2_2021015pc_20210115::1.2
P,urn:nasa:pds:maven.mag.calibrated:data.pc:mvn_mag_l2_2021016pc_20210116::1.2
P,urn:nasa:pds:maven.mag.calibrated:data.pc:mvn_mag_l2_2021017pc_20210117::1.2
P,urn:nasa:pds:maven.mag.calibrated:data.pc:mvn_mag_l2_2021018pc_20210118::1.2
P,urn:nasa:pds:maven.mag.calibrated:data.pc:mvn_mag_l2_2021019pc_20210119::1.2
P,urn:nasa:pds:maven.mag.calibrated:data.pc:mvn_mag_l2_2021020pc_20210120::1.2
P,urn:nasa:pds:maven.mag.calibrated:data.pc:mvn_mag_l2_2021021pc_20210121::1.2
P,urn:nasa:pds:maven.mag.calibrated:data.pc:mvn_mag_l2_2021022pc_20210122::1.2
P,urn:nasa:pds:maven.mag.calibrated:data.pc:mvn_mag_l2_2021023pc_20210123::1.2
P,urn:nasa:pds:maven.mag.calibrated:data.pc:mvn_mag_l2_2021024pc_20210124::1.2
P,urn:nasa:pds:maven.mag.calibrated:data.pc:mvn_mag_l2_2021025pc_20210125::1.2
P,urn:nasa:pds:maven.mag.calibrated:data.pc:mvn_mag_l2_2021026pc_20210126::1.2
P,urn:nasa:pds:maven.mag.calibrated:data.pc:mvn_mag_l2_2021027pc_20210127::1.2
P,urn:nasa:pds:maven.mag.calibrated:data.pc:mvn_mag_l2_2021028pc_20210128::1.2
P,urn:nasa:pds:maven.mag.calibrated:data.pc:mvn_mag_l2_2021029pc_20210129::1.2
P,urn:nasa:pds:maven.mag.calibrated:data.pc:mvn_mag_l2_2021030pc_20210130::1.2
P,urn:nasa:pds:maven.mag.calibrated:data.pc:mvn_mag_l2_2021031pc_20210131::1.2
P,urn:nasa:pds:maven.mag.calibrated:data.pc:mvn_mag_l2_2021032pc_20210201::1.2
P,urn:nasa:pds:maven.mag.calibrated:data.pc:mvn_mag_l2_2021033pc_20210202::1.2
P,urn:nasa:pds:maven.mag.calibrated:data.pc:mvn_mag_l2_2021034pc_20210203::1.2
P,urn:nasa:pds:maven.mag.calibrated:data.pc:mvn_mag_l2_2021035pc_20210204::1.2
P,urn:nasa:pds:maven.mag.calibrated:data.pc:mvn_mag_l2_2021036pc_20210205::1.2
P,urn:nasa:pds:maven.mag.calibrated:data.pc:mvn_mag_l2_2021037pc_20210206::1.2
P,urn:nasa:pds:maven.mag.calibrated:data.pc:mvn_mag_l2_2021038pc_20210207::1.2
P,urn:nasa:pds:maven.mag.calibrated:data.pc:mvn_mag_l2_2021039pc_20210208::1.2
P,urn:nasa:pds:maven.mag.calibrated:data.pc:mvn_mag_l2_2021040pc_20210209::1.2
P,urn:nasa:pds:maven.mag.calibrated:data.pc:mvn_mag_l2_2021041pc_20210210::1.2
P,urn:nasa:pds:maven.mag.calibrated:data.pc:mvn_mag_l2_2021042pc_20210211::1.2
P,urn:nasa:pds:maven.mag.calibrated:data.pc:mvn_mag_l2_2021043pc_20210212::1.2
P,urn:nasa:pds:maven.mag.calibrated:data.pc:mvn_mag_l2_2021044pc_20210213::1.2
P,urn:nasa:pds:maven.mag.calibrated:data.pc:mvn_mag_l2_2021045pc_20210214::1.2
P,urn:nasa:pds:maven.mag.calibrated:data.pc:mvn_mag_l2_2021046pc_20210215::1.1
P,urn:nasa:pds:maven.mag.calibrated:data.pc:mvn_mag_l2_2021047pc_20210216::1.1
P,urn:nasa:pds:maven.mag.calibrated:data.pc:mvn_mag_l2_2021048pc_20210217::1.1
P,urn:nasa:pds:maven.mag.calibrated:data.pc:mvn_mag_l2_2021049pc_20210218::1.1
P,urn:nasa:pds:maven.mag.calibrated:data.pc:mvn_mag_l2_2021050pc_20210219::1.1
P,urn:nasa:pds:maven.mag.calibrated:data.pc:mvn_mag_l2_2021051pc_20210220::1.1
P,urn:nasa:pds:maven.mag.calibrated:data.pc:mvn_mag_l2_2021052pc_20210221::1.1
P,urn:nasa:pds:maven.mag.calibrated:data.pc:mvn_mag_l2_2021053pc_20210222::1.1
P,urn:nasa:pds:maven.mag.calibrated:data.pc:mvn_mag_l2_2021054pc_20210223::1.1
P,urn:nasa:pds:maven.mag.calibrated:data.pc:mvn_mag_l2_2021055pc_20210224::1.1
P,urn:nasa:pds:maven.mag.calibrated:data.pc:mvn_mag_l2_2021056pc_20210225::1.1
P,urn:nasa:pds:maven.mag.calibrated:data.pc:mvn_mag_l2_2021057pc_20210226::1.1
P,urn:nasa:pds:maven.mag.calibrated:data.pc:mvn_mag_l2_2021058pc_20210227::1.1
P,urn:nasa:pds:maven.mag.calibrated:data.pc:mvn_mag_l2_2021059pc_20210228::1.1
P,urn:nasa:pds:maven.mag.calibrated:data.pc:mvn_mag_l2_2021060pc_20210301::1.1
P,urn:nasa:pds:maven.mag.calibrated:data.pc:mvn_mag_l2_2021061pc_20210302::1.1
P,urn:nasa:pds:maven.mag.calibrated:data.pc:mvn_mag_l2_2021062pc_20210303::1.1
P,urn:nasa:pds:maven.mag.calibrated:data.pc:mvn_mag_l2_2021063pc_20210304::1.1
P,urn:nasa:pds:maven.mag.calibrated:data.pc:mvn_mag_l2_2021064pc_20210305::1.1
P,urn:nasa:pds:maven.mag.calibrated:data.pc:mvn_mag_l2_2021065pc_20210306::1.1
P,urn:nasa:pds:maven.mag.calibrated:data.pc:mvn_mag_l2_2021066pc_20210307::1.1
P,urn:nasa:pds:maven.mag.calibrated:data.pc:mvn_mag_l2_2021067pc_20210308::1.1
P,urn:nasa:pds:maven.mag.calibrated:data.pc:mvn_mag_l2_2021068pc_20210309::1.1
P,urn:nasa:pds:maven.mag.calibrated:data.pc:mvn_mag_l2_2021069pc_20210310::1.1
P,urn:nasa:pds:maven.mag.calibrated:data.pc:mvn_mag_l2_2021070pc_20210311::1.1
P,urn:nasa:pds:maven.mag.calibrated:data.pc:mvn_mag_l2_2021071pc_20210312::1.1
P,urn:nasa:pds:maven.mag.calibrated:data.pc:mvn_mag_l2_2021072pc_20210313::1.1
P,urn:nasa:pds:maven.mag.calibrated:data.pc:mvn_mag_l2_2021073pc_20210314::1.1
P,urn:nasa:pds:maven.mag.calibrated:data.pc:mvn_mag_l2_2021074pc_20210315::1.1
P,urn:nasa:pds:maven.mag.calibrated:data.pc:mvn_mag_l2_2021075pc_20210316::1.1
P,urn:nasa:pds:maven.mag.calibrated:data.pc:mvn_mag_l2_2021076pc_20210317::1.1
P,urn:nasa:pds:maven.mag.calibrated:data.pc:mvn_mag_l2_2021077pc_20210318::1.1
P,urn:nasa:pds:maven.mag.calibrated:data.pc:mvn_mag_l2_2021078pc_20210319::1.1
P,urn:nasa:pds:maven.mag.calibrated:data.pc:mvn_mag_l2_2021079pc_20210320::1.1
P,urn:nasa:pds:maven.mag.calibrated:data.pc:mvn_mag_l2_2021080pc_20210321::1.1
P,urn:nasa:pds:maven.mag.calibrated:data.pc:mvn_mag_l2_2021081pc_20210322::1.1
P,urn:nasa:pds:maven.mag.calibrated:data.pc:mvn_mag_l2_2021082pc_20210323::1.1
P,urn:nasa:pds:maven.mag.calibrated:data.pc:mvn_mag_l2_2021083pc_20210324::1.1
P,urn:nasa:pds:maven.mag.calibrated:data.pc:mvn_mag_l2_2021084pc_20210325::1.1
P,urn:nasa:pds:maven.mag.calibrated:data.pc:mvn_mag_l2_2021085pc_20210326::1.1
P,urn:nasa:pds:maven.mag.calibrated:data.pc:mvn_mag_l2_2021086pc_20210327::1.1
P,urn:nasa:pds:maven.mag.calibrated:data.pc:mvn_mag_l2_2021087pc_20210328::1.1
P,urn:nasa:pds:maven.mag.calibrated:data.pc:mvn_mag_l2_2021088pc_20210329::1.1
P,urn:nasa:pds:maven.mag.calibrated:data.pc:mvn_mag_l2_2021089pc_20210330::1.1
P,urn:nasa:pds:maven.mag.calibrated:data.pc:mvn_mag_l2_2021090pc_20210331::1.1
P,urn:nasa:pds:maven.mag.calibrated:data.pc:mvn_mag_l2_2021091pc_20210401::1.1
P,urn:nasa:pds:maven.mag.calibrated:data.pc:mvn_mag_l2_2021092pc_20210402::1.1
P,urn:nasa:pds:maven.mag.calibrated:data.pc:mvn_mag_l2_2021093pc_20210403::1.1
P,urn:nasa:pds:maven.mag.calibrated:data.pc:mvn_mag_l2_2021094pc_20210404::1.1
P,urn:nasa:pds:maven.mag.calibrated:data.pc:mvn_mag_l2_2021095pc_20210405::1.1
P,urn:nasa:pds:maven.mag.calibrated:data.pc:mvn_mag_l2_2021096pc_20210406::1.1
P,urn:nasa:pds:maven.mag.calibrated:data.pc:mvn_mag_l2_2021097pc_20210407::1.1
P,urn:nasa:pds:maven.mag.calibrated:data.pc:mvn_mag_l2_2021098pc_20210408::1.1
P,urn:nasa:pds:maven.mag.calibrated:data.pc:mvn_mag_l2_2021099pc_20210409::1.1
P,urn:nasa:pds:maven.mag.calibrated:data.pc:mvn_mag_l2_2021100pc_20210410::1.1
P,urn:nasa:pds:maven.mag.calibrated:data.pc:mvn_mag_l2_2021101pc_20210411::1.1
P,urn:nasa:pds:maven.mag.calibrated:data.pc:mvn_mag_l2_2021102pc_20210412::1.1
P,urn:nasa:pds:maven.mag.calibrated:data.pc:mvn_mag_l2_2021103pc_20210413::1.1
P,urn:nasa:pds:maven.mag.calibrated:data.pc:mvn_mag_l2_2021104pc_20210414::1.1
P,urn:nasa:pds:maven.mag.calibrated:data.pc:mvn_mag_l2_2021105pc_20210415::1.1
P,urn:nasa:pds:maven.mag.calibrated:data.pc:mvn_mag_l2_2021106pc_20210416::1.1
P,urn:nasa:pds:maven.mag.calibrated:data.pc:mvn_mag_l2_2021107pc_20210417::1.1
P,urn:nasa:pds:maven.mag.calibrated:data.pc:mvn_mag_l2_2021108pc_20210418::1.1
P,urn:nasa:pds:maven.mag.calibrated:data.pc:mvn_mag_l2_2021109pc_20210419::1.1
P,urn:nasa:pds:maven.mag.calibrated:data.pc:mvn_mag_l2_2021110pc_20210420::1.1
P,urn:nasa:pds:maven.mag.calibrated:data.pc:mvn_mag_l2_2021111pc_20210421::1.1
P,urn:nasa:pds:maven.mag.calibrated:data.pc:mvn_mag_l2_2021112pc_20210422::1.1
P,urn:nasa:pds:maven.mag.calibrated:data.pc:mvn_mag_l2_2021113pc_20210423::1.1
P,urn:nasa:pds:maven.mag.calibrated:data.pc:mvn_mag_l2_2021114pc_20210424::1.1
P,urn:nasa:pds:maven.mag.calibrated:data.pc:mvn_mag_l2_2021115pc_20210425::1.1
P,urn:nasa:pds:maven.mag.calibrated:data.pc:mvn_mag_l2_2021116pc_20210426::1.1
P,urn:nasa:pds:maven.mag.calibrated:data.pc:mvn_mag_l2_2021117pc_20210427::1.1
P,urn:nasa:pds:maven.mag.calibrated:data.pc:mvn_mag_l2_2021118pc_20210428::1.1
P,urn:nasa:pds:maven.mag.calibrated:data.pc:mvn_mag_l2_2021119pc_20210429::1.1
P,urn:nasa:pds:maven.mag.calibrated:data.pc:mvn_mag_l2_2021120pc_20210430::1.1
P,urn:nasa:pds:maven.mag.calibrated:data.pc:mvn_mag_l2_2021121pc_20210501::1.1
P,urn:nasa:pds:maven.mag.calibrated:data.pc:mvn_mag_l2_2021122pc_20210502::1.1
P,urn:nasa:pds:maven.mag.calibrated:data.pc:mvn_mag_l2_2021123pc_20210503::1.1
P,urn:nasa:pds:maven.mag.calibrated:data.pc:mvn_mag_l2_2021124pc_20210504::1.1
P,urn:nasa:pds:maven.mag.calibrated:data.pc:mvn_mag_l2_2021125pc_20210505::1.1
P,urn:nasa:pds:maven.mag.calibrated:data.pc:mvn_mag_l2_2021126pc_20210506::1.1
P,urn:nasa:pds:maven.mag.calibrated:data.pc:mvn_mag_l2_2021127pc_20210507::1.1
P,urn:nasa:pds:maven.mag.calibrated:data.pc:mvn_mag_l2_2021128pc_20210508::1.1
P,urn:nasa:pds:maven.mag.calibrated:data.pc:mvn_mag_l2_2021129pc_20210509::1.1
P,urn:nasa:pds:maven.mag.calibrated:data.pc:mvn_mag_l2_2021130pc_20210510::1.1
P,urn:nasa:pds:maven.mag.calibrated:data.pc:mvn_mag_l2_2021131pc_20210511::1.1
P,urn:nasa:pds:maven.mag.calibrated:data.pc:mvn_mag_l2_2021132pc_20210512::1.1
P,urn:nasa:pds:maven.mag.calibrated:data.pc:mvn_mag_l2_2021133pc_20210513::1.1
P,urn:nasa:pds:maven.mag.calibrated:data.pc:mvn_mag_l2_2021134pc_20210514::1.1
P,urn:nasa:pds:maven.mag.calibrated:data.pc:mvn_mag_l2_2021135pc_20210515::1.2
P,urn:nasa:pds:maven.mag.calibrated:data.pc:mvn_mag_l2_2021136pc_20210516::1.2
P,urn:nasa:pds:maven.mag.calibrated:data.pc:mvn_mag_l2_2021137pc_20210517::1.2
P,urn:nasa:pds:maven.mag.calibrated:data.pc:mvn_mag_l2_2021138pc_20210518::1.2
P,urn:nasa:pds:maven.mag.calibrated:data.pc:mvn_mag_l2_2021139pc_20210519::1.2
P,urn:nasa:pds:maven.mag.calibrated:data.pc:mvn_mag_l2_2021140pc_20210520::1.2
P,urn:nasa:pds:maven.mag.calibrated:data.pc:mvn_mag_l2_2021141pc_20210521::1.2
P,urn:nasa:pds:maven.mag.calibrated:data.pc:mvn_mag_l2_2021142pc_20210522::1.2
P,urn:nasa:pds:maven.mag.calibrated:data.pc:mvn_mag_l2_2021143pc_20210523::1.2
P,urn:nasa:pds:maven.mag.calibrated:data.pc:mvn_mag_l2_2021144pc_20210524::1.2
P,urn:nasa:pds:maven.mag.calibrated:data.pc:mvn_mag_l2_2021145pc_20210525::1.2
P,urn:nasa:pds:maven.mag.calibrated:data.pc:mvn_mag_l2_2021146pc_20210526::1.2
P,urn:nasa:pds:maven.mag.calibrated:data.pc:mvn_mag_l2_2021147pc_20210527::1.2
P,urn:nasa:pds:maven.mag.calibrated:data.pc:mvn_mag_l2_2021148pc_20210528::1.2
P,urn:nasa:pds:maven.mag.calibrated:data.pc:mvn_mag_l2_2021149pc_20210529::1.2
P,urn:nasa:pds:maven.mag.calibrated:data.pc:mvn_mag_l2_2021150pc_20210530::1.2
P,urn:nasa:pds:maven.mag.calibrated:data.pc:mvn_mag_l2_2021151pc_20210531::1.2
P,urn:nasa:pds:maven.mag.calibrated:data.pc:mvn_mag_l2_2021152pc_20210601::1.2
P,urn:nasa:pds:maven.mag.calibrated:data.pc:mvn_mag_l2_2021153pc_20210602::1.2
P,urn:nasa:pds:maven.mag.calibrated:data.pc:mvn_mag_l2_2021154pc_20210603::1.2
P,urn:nasa:pds:maven.mag.calibrated:data.pc:mvn_mag_l2_2021155pc_20210604::1.2
P,urn:nasa:pds:maven.mag.calibrated:data.pc:mvn_mag_l2_2021156pc_20210605::1.2
P,urn:nasa:pds:maven.mag.calibrated:data.pc:mvn_mag_l2_2021157pc_20210606::1.2
P,urn:nasa:pds:maven.mag.calibrated:data.pc:mvn_mag_l2_2021158pc_20210607::1.2
P,urn:nasa:pds:maven.mag.calibrated:data.pc:mvn_mag_l2_2021159pc_20210608::1.2
P,urn:nasa:pds:maven.mag.calibrated:data.pc:mvn_mag_l2_2021160pc_20210609::1.2
P,urn:nasa:pds:maven.mag.calibrated:data.pc:mvn_mag_l2_2021161pc_20210610::1.2
P,urn:nasa:pds:maven.mag.calibrated:data.pc:mvn_mag_l2_2021162pc_20210611::1.2
P,urn:nasa:pds:maven.mag.calibrated:data.pc:mvn_mag_l2_2021163pc_20210612::1.2
P,urn:nasa:pds:maven.mag.calibrated:data.pc:mvn_mag_l2_2021164pc_20210613::1.2
P,urn:nasa:pds:maven.mag.calibrated:data.pc:mvn_mag_l2_2021165pc_20210614::1.2
P,urn:nasa:pds:maven.mag.calibrated:data.pc:mvn_mag_l2_2021166pc_20210615::1.2
P,urn:nasa:pds:maven.mag.calibrated:data.pc:mvn_mag_l2_2021167pc_20210616::1.2
P,urn:nasa:pds:maven.mag.calibrated:data.pc:mvn_mag_l2_2021168pc_20210617::1.2
P,urn:nasa:pds:maven.mag.calibrated:data.pc:mvn_mag_l2_2021169pc_20210618::1.2
P,urn:nasa:pds:maven.mag.calibrated:data.pc:mvn_mag_l2_2021170pc_20210619::1.2
P,urn:nasa:pds:maven.mag.calibrated:data.pc:mvn_mag_l2_2021171pc_20210620::1.2
P,urn:nasa:pds:maven.mag.calibrated:data.pc:mvn_mag_l2_2021172pc_20210621::1.2
P,urn:nasa:pds:maven.mag.calibrated:data.pc:mvn_mag_l2_2021173pc_20210622::1.2
P,urn:nasa:pds:maven.mag.calibrated:data.pc:mvn_mag_l2_2021174pc_20210623::1.2
P,urn:nasa:pds:maven.mag.calibrated:data.pc:mvn_mag_l2_2021175pc_20210624::1.2
P,urn:nasa:pds:maven.mag.calibrated:data.pc:mvn_mag_l2_2021176pc_20210625::1.2
P,urn:nasa:pds:maven.mag.calibrated:data.pc:mvn_mag_l2_2021177pc_20210626::1.2
P,urn:nasa:pds:maven.mag.calibrated:data.pc:mvn_mag_l2_2021178pc_20210627::1.2
P,urn:nasa:pds:maven.mag.calibrated:data.pc:mvn_mag_l2_2021179pc_20210628::1.2
P,urn:nasa:pds:maven.mag.calibrated:data.pc:mvn_mag_l2_2021180pc_20210629::1.2
P,urn:nasa:pds:maven.mag.calibrated:data.pc:mvn_mag_l2_2021181pc_20210630::1.2
P,urn:nasa:pds:maven.mag.calibrated:data.pc:mvn_mag_l2_2021182pc_20210701::1.2
P,urn:nasa:pds:maven.mag.calibrated:data.pc:mvn_mag_l2_2021183pc_20210702::1.2
P,urn:nasa:pds:maven.mag.calibrated:data.pc:mvn_mag_l2_2021184pc_20210703::1.2
P,urn:nasa:pds:maven.mag.calibrated:data.pc:mvn_mag_l2_2021185pc_20210704::1.2
P,urn:nasa:pds:maven.mag.calibrated:data.pc:mvn_mag_l2_2021186pc_20210705::1.2
P,urn:nasa:pds:maven.mag.calibrated:data.pc:mvn_mag_l2_2021187pc_20210706::1.2
P,urn:nasa:pds:maven.mag.calibrated:data.pc:mvn_mag_l2_2021188pc_20210707::1.2
P,urn:nasa:pds:maven.mag.calibrated:data.pc:mvn_mag_l2_2021189pc_20210708::1.2
P,urn:nasa:pds:maven.mag.calibrated:data.pc:mvn_mag_l2_2021190pc_20210709::1.2
P,urn:nasa:pds:maven.mag.calibrated:data.pc:mvn_mag_l2_2021191pc_20210710::1.2
P,urn:nasa:pds:maven.mag.calibrated:data.pc:mvn_mag_l2_2021192pc_20210711::1.2
P,urn:nasa:pds:maven.mag.calibrated:data.pc:mvn_mag_l2_2021193pc_20210712::1.2
P,urn:nasa:pds:maven.mag.calibrated:data.pc:mvn_mag_l2_2021194pc_20210713::1.2
P,urn:nasa:pds:maven.mag.calibrated:data.pc:mvn_mag_l2_2021195pc_20210714::1.2
P,urn:nasa:pds:maven.mag.calibrated:data.pc:mvn_mag_l2_2021196pc_20210715::1.2
P,urn:nasa:pds:maven.mag.calibrated:data.pc:mvn_mag_l2_2021197pc_20210716::1.2
P,urn:nasa:pds:maven.mag.calibrated:data.pc:mvn_mag_l2_2021198pc_20210717::1.2
P,urn:nasa:pds:maven.mag.calibrated:data.pc:mvn_mag_l2_2021199pc_20210718::1.2
P,urn:nasa:pds:maven.mag.calibrated:data.pc:mvn_mag_l2_2021200pc_20210719::1.2
P,urn:nasa:pds:maven.mag.calibrated:data.pc:mvn_mag_l2_2021201pc_20210720::1.2
P,urn:nasa:pds:maven.mag.calibrated:data.pc:mvn_mag_l2_2021202pc_20210721::1.2
P,urn:nasa:pds:maven.mag.calibrated:data.pc:mvn_mag_l2_2021203pc_20210722::1.2
P,urn:nasa:pds:maven.mag.calibrated:data.pc:mvn_mag_l2_2021204pc_20210723::1.2
P,urn:nasa:pds:maven.mag.calibrated:data.pc:mvn_mag_l2_2021205pc_20210724::1.2
P,urn:nasa:pds:maven.mag.calibrated:data.pc:mvn_mag_l2_2021206pc_20210725::1.2
P,urn:nasa:pds:maven.mag.calibrated:data.pc:mvn_mag_l2_2021207pc_20210726::1.2
P,urn:nasa:pds:maven.mag.calibrated:data.pc:mvn_mag_l2_2021208pc_20210727::1.2
P,urn:nasa:pds:maven.mag.calibrated:data.pc:mvn_mag_l2_2021209pc_20210728::1.2
P,urn:nasa:pds:maven.mag.calibrated:data.pc:mvn_mag_l2_2021210pc_20210729::1.2
P,urn:nasa:pds:maven.mag.calibrated:data.pc:mvn_mag_l2_2021211pc_20210730::1.2
P,urn:nasa:pds:maven.mag.calibrated:data.pc:mvn_mag_l2_2021212pc_20210731::1.2
P,urn:nasa:pds:maven.mag.calibrated:data.pc:mvn_mag_l2_2021213pc_20210801::1.2
P,urn:nasa:pds:maven.mag.calibrated:data.pc:mvn_mag_l2_2021214pc_20210802::1.2
P,urn:nasa:pds:maven.mag.calibrated:data.pc:mvn_mag_l2_2021215pc_20210803::1.2
P,urn:nasa:pds:maven.mag.calibrated:data.pc:mvn_mag_l2_2021216pc_20210804::1.2
P,urn:nasa:pds:maven.mag.calibrated:data.pc:mvn_mag_l2_2021217pc_20210805::1.2
P,urn:nasa:pds:maven.mag.calibrated:data.pc:mvn_mag_l2_2021218pc_20210806::1.2
P,urn:nasa:pds:maven.mag.calibrated:data.pc:mvn_mag_l2_2021219pc_20210807::1.2
P,urn:nasa:pds:maven.mag.calibrated:data.pc:mvn_mag_l2_2021220pc_20210808::1.2
P,urn:nasa:pds:maven.mag.calibrated:data.pc:mvn_mag_l2_2021221pc_20210809::1.2
P,urn:nasa:pds:maven.mag.calibrated:data.pc:mvn_mag_l2_2021222pc_20210810::1.2
P,urn:nasa:pds:maven.mag.calibrated:data.pc:mvn_mag_l2_2021223pc_20210811::1.2
P,urn:nasa:pds:maven.mag.calibrated:data.pc:mvn_mag_l2_2021224pc_20210812::1.2
P,urn:nasa:pds:maven.mag.calibrated:data.pc:mvn_mag_l2_2021225pc_20210813::1.2
P,urn:nasa:pds:maven.mag.calibrated:data.pc:mvn_mag_l2_2021226pc_20210814::1.2
P,urn:nasa:pds:maven.mag.calibrated:data.pc:mvn_mag_l2_2021227pc_20210815::1.2
P,urn:nasa:pds:maven.mag.calibrated:data.pc:mvn_mag_l2_2021228pc_20210816::1.2
P,urn:nasa:pds:maven.mag.calibrated:data.pc:mvn_mag_l2_2021229pc_20210817::1.2
P,urn:nasa:pds:maven.mag.calibrated:data.pc:mvn_mag_l2_2021230pc_20210818::1.2
P,urn:nasa:pds:maven.mag.calibrated:data.pc:mvn_mag_l2_2021231pc_20210819::1.2
P,urn:nasa:pds:maven.mag.calibrated:data.pc:mvn_mag_l2_2021232pc_20210820::1.2
P,urn:nasa:pds:maven.mag.calibrated:data.pc:mvn_mag_l2_2021233pc_20210821::1.2
P,urn:nasa:pds:maven.mag.calibrated:data.pc:mvn_mag_l2_2021234pc_20210822::1.2
P,urn:nasa:pds:maven.mag.calibrated:data.pc:mvn_mag_l2_2021235pc_20210823::1.2
P,urn:nasa:pds:maven.mag.calibrated:data.pc:mvn_mag_l2_2021236pc_20210824::1.2
P,urn:nasa:pds:maven.mag.calibrated:data.pc:mvn_mag_l2_2021237pc_20210825::1.2
P,urn:nasa:pds:maven.mag.calibrated:data.pc:mvn_mag_l2_2021238pc_20210826::1.2
P,urn:nasa:pds:maven.mag.calibrated:data.pc:mvn_mag_l2_2021239pc_20210827::1.2
P,urn:nasa:pds:maven.mag.calibrated:data.pc:mvn_mag_l2_2021240pc_20210828::1.2
P,urn:nasa:pds:maven.mag.calibrated:data.pc:mvn_mag_l2_2021241pc_20210829::1.2
P,urn:nasa:pds:maven.mag.calibrated:data.pc:mvn_mag_l2_2021242pc_20210830::1.2
P,urn:nasa:pds:maven.mag.calibrated:data.pc:mvn_mag_l2_2021243pc_20210831::1.2
P,urn:nasa:pds:maven.mag.calibrated:data.pc:mvn_mag_l2_2021244pc_20210901::1.2
P,urn:nasa:pds:maven.mag.calibrated:data.pc:mvn_mag_l2_2021245pc_20210902::1.2
P,urn:nasa:pds:maven.mag.calibrated:data.pc:mvn_mag_l2_2021246pc_20210903::1.2
P,urn:nasa:pds:maven.mag.calibrated:data.pc:mvn_mag_l2_2021247pc_20210904::1.2
P,urn:nasa:pds:maven.mag.calibrated:data.pc:mvn_mag_l2_2021248pc_20210905::1.2
P,urn:nasa:pds:maven.mag.calibrated:data.pc:mvn_mag_l2_2021249pc_20210906::1.2
P,urn:nasa:pds:maven.mag.calibrated:data.pc:mvn_mag_l2_2021250pc_20210907::1.2
P,urn:nasa:pds:maven.mag.calibrated:data.pc:mvn_mag_l2_2021251pc_20210908::1.2
P,urn:nasa:pds:maven.mag.calibrated:data.pc:mvn_mag_l2_2021252pc_20210909::1.2
P,urn:nasa:pds:maven.mag.calibrated:data.pc:mvn_mag_l2_2021253pc_20210910::1.2
P,urn:nasa:pds:maven.mag.calibrated:data.pc:mvn_mag_l2_2021254pc_20210911::1.2
P,urn:nasa:pds:maven.mag.calibrated:data.pc:mvn_mag_l2_2021255pc_20210912::1.2
P,urn:nasa:pds:maven.mag.calibrated:data.pc:mvn_mag_l2_2021256pc_20210913::1.2
P,urn:nasa:pds:maven.mag.calibrated:data.pc:mvn_mag_l2_2021257pc_20210914::1.2
P,urn:nasa:pds:maven.mag.calibrated:data.pc:mvn_mag_l2_2021258pc_20210915::1.2
P,urn:nasa:pds:maven.mag.calibrated:data.pc:mvn_mag_l2_2021259pc_20210916::1.2
P,urn:nasa:pds:maven.mag.calibrated:data.pc:mvn_mag_l2_2021260pc_20210917::1.2
P,urn:nasa:pds:maven.mag.calibrated:data.pc:mvn_mag_l2_2021261pc_20210918::1.2
P,urn:nasa:pds:maven.mag.calibrated:data.pc:mvn_mag_l2_2021262pc_20210919::1.2
P,urn:nasa:pds:maven.mag.calibrated:data.pc:mvn_mag_l2_2021263pc_20210920::1.2
P,urn:nasa:pds:maven.mag.calibrated:data.pc:mvn_mag_l2_2021264pc_20210921::1.2
P,urn:nasa:pds:maven.mag.calibrated:data.pc:mvn_mag_l2_2021265pc_20210922::1.2
P,urn:nasa:pds:maven.mag.calibrated:data.pc:mvn_mag_l2_2021266pc_20210923::1.2
P,urn:nasa:pds:maven.mag.calibrated:data.pc:mvn_mag_l2_2021267pc_20210924::1.2
P,urn:nasa:pds:maven.mag.calibrated:data.pc:mvn_mag_l2_2021268pc_20210925::1.2
P,urn:nasa:pds:maven.mag.calibrated:data.pc:mvn_mag_l2_2021269pc_20210926::1.2
P,urn:nasa:pds:maven.mag.calibrated:data.pc:mvn_mag_l2_2021270pc_20210927::1.2
P,urn:nasa:pds:maven.mag.calibrated:data.pc:mvn_mag_l2_2021271pc_20210928::1.2
P,urn:nasa:pds:maven.mag.calibrated:data.pc:mvn_mag_l2_2021272pc_20210929::1.2
P,urn:nasa:pds:maven.mag.calibrated:data.pc:mvn_mag_l2_2021273pc_20210930::1.2
P,urn:nasa:pds:maven.mag.calibrated:data.pc:mvn_mag_l2_2021274pc_20211001::1.2
P,urn:nasa:pds:maven.mag.calibrated:data.pc:mvn_mag_l2_2021275pc_20211002::1.2
P,urn:nasa:pds:maven.mag.calibrated:data.pc:mvn_mag_l2_2021276pc_20211003::1.2
P,urn:nasa:pds:maven.mag.calibrated:data.pc:mvn_mag_l2_2021277pc_20211004::1.2
P,urn:nasa:pds:maven.mag.calibrated:data.pc:mvn_mag_l2_2021278pc_20211005::1.2
P,urn:nasa:pds:maven.mag.calibrated:data.pc:mvn_mag_l2_2021279pc_20211006::1.2
P,urn:nasa:pds:maven.mag.calibrated:data.pc:mvn_mag_l2_2021280pc_20211007::1.2
P,urn:nasa:pds:maven.mag.calibrated:data.pc:mvn_mag_l2_2021281pc_20211008::1.2
P,urn:nasa:pds:maven.mag.calibrated:data.pc:mvn_mag_l2_2021282pc_20211009::1.2
P,urn:nasa:pds:maven.mag.calibrated:data.pc:mvn_mag_l2_2021283pc_20211010::1.2
P,urn:nasa:pds:maven.mag.calibrated:data.pc:mvn_mag_l2_2021284pc_20211011::1.2
P,urn:nasa:pds:maven.mag.calibrated:data.pc:mvn_mag_l2_2021285pc_20211012::1.2
P,urn:nasa:pds:maven.mag.calibrated:data.pc:mvn_mag_l2_2021286pc_20211013::1.2
P,urn:nasa:pds:maven.mag.calibrated:data.pc:mvn_mag_l2_2021287pc_20211014::1.2
P,urn:nasa:pds:maven.mag.calibrated:data.pc:mvn_mag_l2_2021288pc_20211015::1.2
P,urn:nasa:pds:maven.mag.calibrated:data.pc:mvn_mag_l2_2021289pc_20211016::1.2
P,urn:nasa:pds:maven.mag.calibrated:data.pc:mvn_mag_l2_2021290pc_20211017::1.2
P,urn:nasa:pds:maven.mag.calibrated:data.pc:mvn_mag_l2_2021291pc_20211018::1.2
P,urn:nasa:pds:maven.mag.calibrated:data.pc:mvn_mag_l2_2021292pc_20211019::1.2
P,urn:nasa:pds:maven.mag.calibrated:data.pc:mvn_mag_l2_2021293pc_20211020::1.2
P,urn:nasa:pds:maven.mag.calibrated:data.pc:mvn_mag_l2_2021294pc_20211021::1.2
P,urn:nasa:pds:maven.mag.calibrated:data.pc:mvn_mag_l2_2021295pc_20211022::1.2
P,urn:nasa:pds:maven.mag.calibrated:data.pc:mvn_mag_l2_2021296pc_20211023::1.2
P,urn:nasa:pds:maven.mag.calibrated:data.pc:mvn_mag_l2_2021297pc_20211024::1.2
P,urn:nasa:pds:maven.mag.calibrated:data.pc:mvn_mag_l2_2021298pc_20211025::1.2
P,urn:nasa:pds:maven.mag.calibrated:data.pc:mvn_mag_l2_2021299pc_20211026::1.2
P,urn:nasa:pds:maven.mag.calibrated:data.pc:mvn_mag_l2_2021300pc_20211027::1.2
P,urn:nasa:pds:maven.mag.calibrated:data.pc:mvn_mag_l2_2021301pc_20211028::1.2
P,urn:nasa:pds:maven.mag.calibrated:data.pc:mvn_mag_l2_2021302pc_20211029::1.2
P,urn:nasa:pds:maven.mag.calibrated:data.pc:mvn_mag_l2_2021303pc_20211030::1.2
P,urn:nasa:pds:maven.mag.calibrated:data.pc:mvn_mag_l2_2021304pc_20211031::1.2
P,urn:nasa:pds:maven.mag.calibrated:data.pc:mvn_mag_l2_2021319pc_20211115::1.2
P,urn:nasa:pds:maven.mag.calibrated:data.pc:mvn_mag_l2_2021320pc_20211116::1.2
P,urn:nasa:pds:maven.mag.calibrated:data.pc:mvn_mag_l2_2021321pc_20211117::1.2
P,urn:nasa:pds:maven.mag.calibrated:data.pc:mvn_mag_l2_2021322pc_20211118::1.2
P,urn:nasa:pds:maven.mag.calibrated:data.pc:mvn_mag_l2_2021323pc_20211119::1.2
P,urn:nasa:pds:maven.mag.calibrated:data.pc:mvn_mag_l2_2021324pc_20211120::1.2
P,urn:nasa:pds:maven.mag.calibrated:data.pc:mvn_mag_l2_2021325pc_20211121::1.2
P,urn:nasa:pds:maven.mag.calibrated:data.pc:mvn_mag_l2_2021326pc_20211122::1.2
P,urn:nasa:pds:maven.mag.calibrated:data.pc:mvn_mag_l2_2021327pc_20211123::1.2
P,urn:nasa:pds:maven.mag.calibrated:data.pc:mvn_mag_l2_2021328pc_20211124::1.2
P,urn:nasa:pds:maven.mag.calibrated:data.pc:mvn_mag_l2_2021329pc_20211125::1.2
P,urn:nasa:pds:maven.mag.calibrated:data.pc:mvn_mag_l2_2021330pc_20211126::1.2
P,urn:nasa:pds:maven.mag.calibrated:data.pc:mvn_mag_l2_2021331pc_20211127::1.2
P,urn:nasa:pds:maven.mag.calibrated:data.pc:mvn_mag_l2_2021332pc_20211128::1.2
P,urn:nasa:pds:maven.mag.calibrated:data.pc:mvn_mag_l2_2021333pc_20211129::1.2
P,urn:nasa:pds:maven.mag.calibrated:data.pc:mvn_mag_l2_2021334pc_20211130::1.2
P,urn:nasa:pds:maven.mag.calibrated:data.pc:mvn_mag_l2_2021335pc_20211201::1.2
P,urn:nasa:pds:maven.mag.calibrated:data.pc:mvn_mag_l2_2021336pc_20211202::1.2
P,urn:nasa:pds:maven.mag.calibrated:data.pc:mvn_mag_l2_2021337pc_20211203::1.2
P,urn:nasa:pds:maven.mag.calibrated:data.pc:mvn_mag_l2_2021338pc_20211204::1.2
P,urn:nasa:pds:maven.mag.calibrated:data.pc:mvn_mag_l2_2021339pc_20211205::1.2
P,urn:nasa:pds:maven.mag.calibrated:data.pc:mvn_mag_l2_2021340pc_20211206::1.2
P,urn:nasa:pds:maven.mag.calibrated:data.pc:mvn_mag_l2_2021341pc_20211207::1.2
P,urn:nasa:pds:maven.mag.calibrated:data.pc:mvn_mag_l2_2021342pc_20211208::1.2
P,urn:nasa:pds:maven.mag.calibrated:data.pc:mvn_mag_l2_2021343pc_20211209::1.2
P,urn:nasa:pds:maven.mag.calibrated:data.pc:mvn_mag_l2_2021344pc_20211210::1.2
P,urn:nasa:pds:maven.mag.calibrated:data.pc:mvn_mag_l2_2021345pc_20211211::1.2
P,urn:nasa:pds:maven.mag.calibrated:data.pc:mvn_mag_l2_2021346pc_20211212::1.2
P,urn:nasa:pds:maven.mag.calibrated:data.pc:mvn_mag_l2_2021347pc_20211213::1.2
P,urn:nasa:pds:maven.mag.calibrated:data.pc:mvn_mag_l2_2021348pc_20211214::1.2
P,urn:nasa:pds:maven.mag.calibrated:data.pc:mvn_mag_l2_2021349pc_20211215::1.2
P,urn:nasa:pds:maven.mag.calibrated:data.pc:mvn_mag_l2_2021350pc_20211216::1.2
P,urn:nasa:pds:maven.mag.calibrated:data.pc:mvn_mag_l2_2021351pc_20211217::1.2
P,urn:nasa:pds:maven.mag.calibrated:data.pc:mvn_mag_l2_2021352pc_20211218::1.2
P,urn:nasa:pds:maven.mag.calibrated:data.pc:mvn_mag_l2_2021353pc_20211219::1.2
P,urn:nasa:pds:maven.mag.calibrated:data.pc:mvn_mag_l2_2021354pc_20211220::1.2
P,urn:nasa:pds:maven.mag.calibrated:data.pc:mvn_mag_l2_2021355pc_20211221::1.2
P,urn:nasa:pds:maven.mag.calibrated:data.pc:mvn_mag_l2_2021356pc_20211222::1.2
P,urn:nasa:pds:maven.mag.calibrated:data.pc:mvn_mag_l2_2021357pc_20211223::1.2
P,urn:nasa:pds:maven.mag.calibrated:data.pc:mvn_mag_l2_2021358pc_20211224::1.2
P,urn:nasa:pds:maven.mag.calibrated:data.pc:mvn_mag_l2_2021359pc_20211225::1.2
P,urn:nasa:pds:maven.mag.calibrated:data.pc:mvn_mag_l2_2021360pc_20211226::1.2
P,urn:nasa:pds:maven.mag.calibrated:data.pc:mvn_mag_l2_2021361pc_20211227::1.2
P,urn:nasa:pds:maven.mag.calibrated:data.pc:mvn_mag_l2_2021362pc_20211228::1.2
P,urn:nasa:pds:maven.mag.calibrated:data.pc:mvn_mag_l2_2021363pc_20211229::1.2
P,urn:nasa:pds:maven.mag.calibrated:data.pc:mvn_mag_l2_2021364pc_20211230::1.2
P,urn:nasa:pds:maven.mag.calibrated:data.pc:mvn_mag_l2_2021365pc_20211231::1.2
P,urn:nasa:pds:maven.mag.calibrated:data.pc:mvn_mag_l2_2022001pc_20220101::1.2
P,urn:nasa:pds:maven.mag.calibrated:data.pc:mvn_mag_l2_2022002pc_20220102::1.2
P,urn:nasa:pds:maven.mag.calibrated:data.pc:mvn_mag_l2_2022003pc_20220103::1.2
P,urn:nasa:pds:maven.mag.calibrated:data.pc:mvn_mag_l2_2022004pc_20220104::1.2
P,urn:nasa:pds:maven.mag.calibrated:data.pc:mvn_mag_l2_2022005pc_20220105::1.2
P,urn:nasa:pds:maven.mag.calibrated:data.pc:mvn_mag_l2_2022006pc_20220106::1.2
P,urn:nasa:pds:maven.mag.calibrated:data.pc:mvn_mag_l2_2022007pc_20220107::1.2
P,urn:nasa:pds:maven.mag.calibrated:data.pc:mvn_mag_l2_2022008pc_20220108::1.2
P,urn:nasa:pds:maven.mag.calibrated:data.pc:mvn_mag_l2_2022009pc_20220109::1.2
P,urn:nasa:pds:maven.mag.calibrated:data.pc:mvn_mag_l2_2022010pc_20220110::1.2
P,urn:nasa:pds:maven.mag.calibrated:data.pc:mvn_mag_l2_2022011pc_20220111::1.2
P,urn:nasa:pds:maven.mag.calibrated:data.pc:mvn_mag_l2_2022012pc_20220112::1.2
P,urn:nasa:pds:maven.mag.calibrated:data.pc:mvn_mag_l2_2022013pc_20220113::1.2
P,urn:nasa:pds:maven.mag.calibrated:data.pc:mvn_mag_l2_2022014pc_20220114::1.2
P,urn:nasa:pds:maven.mag.calibrated:data.pc:mvn_mag_l2_2022015pc_20220115::1.2
P,urn:nasa:pds:maven.mag.calibrated:data.pc:mvn_mag_l2_2022016pc_20220116::1.2
P,urn:nasa:pds:maven.mag.calibrated:data.pc:mvn_mag_l2_2022017pc_20220117::1.2
P,urn:nasa:pds:maven.mag.calibrated:data.pc:mvn_mag_l2_2022018pc_20220118::1.2
P,urn:nasa:pds:maven.mag.calibrated:data.pc:mvn_mag_l2_2022019pc_20220119::1.2
P,urn:nasa:pds:maven.mag.calibrated:data.pc:mvn_mag_l2_2022020pc_20220120::1.2
P,urn:nasa:pds:maven.mag.calibrated:data.pc:mvn_mag_l2_2022021pc_20220121::1.2
P,urn:nasa:pds:maven.mag.calibrated:data.pc:mvn_mag_l2_2022022pc_20220122::1.2
P,urn:nasa:pds:maven.mag.calibrated:data.pc:mvn_mag_l2_2022023pc_20220123::1.2
P,urn:nasa:pds:maven.mag.calibrated:data.pc:mvn_mag_l2_2022024pc_20220124::1.2
P,urn:nasa:pds:maven.mag.calibrated:data.pc:mvn_mag_l2_2022025pc_20220125::1.2
P,urn:nasa:pds:maven.mag.calibrated:data.pc:mvn_mag_l2_2022026pc_20220126::1.2
P,urn:nasa:pds:maven.mag.calibrated:data.pc:mvn_mag_l2_2022027pc_20220127::1.2
P,urn:nasa:pds:maven.mag.calibrated:data.pc:mvn_mag_l2_2022028pc_20220128::1.2
P,urn:nasa:pds:maven.mag.calibrated:data.pc:mvn_mag_l2_2022029pc_20220129::1.2
P,urn:nasa:pds:maven.mag.calibrated:data.pc:mvn_mag_l2_2022030pc_20220130::1.2
P,urn:nasa:pds:maven.mag.calibrated:data.pc:mvn_mag_l2_2022031pc_20220131::1.2
P,urn:nasa:pds:maven.mag.calibrated:data.pc:mvn_mag_l2_2022032pc_20220201::1.2
P,urn:nasa:pds:maven.mag.calibrated:data.pc:mvn_mag_l2_2022033pc_20220202::1.2
P,urn:nasa:pds:maven.mag.calibrated:data.pc:mvn_mag_l2_2022034pc_20220203::1.2
P,urn:nasa:pds:maven.mag.calibrated:data.pc:mvn_mag_l2_2022035pc_20220204::1.2
P,urn:nasa:pds:maven.mag.calibrated:data.pc:mvn_mag_l2_2022036pc_20220205::1.2
P,urn:nasa:pds:maven.mag.calibrated:data.pc:mvn_mag_l2_2022037pc_20220206::1.2
P,urn:nasa:pds:maven.mag.calibrated:data.pc:mvn_mag_l2_2022038pc_20220207::1.2
P,urn:nasa:pds:maven.mag.calibrated:data.pc:mvn_mag_l2_2022039pc_20220208::1.2
P,urn:nasa:pds:maven.mag.calibrated:data.pc:mvn_mag_l2_2022040pc_20220209::1.2
P,urn:nasa:pds:maven.mag.calibrated:data.pc:mvn_mag_l2_2022041pc_20220210::1.2
P,urn:nasa:pds:maven.mag.calibrated:data.pc:mvn_mag_l2_2022042pc_20220211::1.2
P,urn:nasa:pds:maven.mag.calibrated:data.pc:mvn_mag_l2_2022043pc_20220212::1.2
P,urn:nasa:pds:maven.mag.calibrated:data.pc:mvn_mag_l2_2022044pc_20220213::1.2
P,urn:nasa:pds:maven.mag.calibrated:data.pc:mvn_mag_l2_2022045pc_20220214::1.2
P,urn:nasa:pds:maven.mag.calibrated:data.pc:mvn_mag_l2_2022046pc_20220215::1.2
P,urn:nasa:pds:maven.mag.calibrated:data.pc:mvn_mag_l2_2022047pc_20220216::1.2
P,urn:nasa:pds:maven.mag.calibrated:data.pc:mvn_mag_l2_2022048pc_20220217::1.2
P,urn:nasa:pds:maven.mag.calibrated:data.pc:mvn_mag_l2_2022049pc_20220218::1.2
P,urn:nasa:pds:maven.mag.calibrated:data.pc:mvn_mag_l2_2022050pc_20220219::1.2
P,urn:nasa:pds:maven.mag.calibrated:data.pc:mvn_mag_l2_2022051pc_20220220::1.2
P,urn:nasa:pds:maven.mag.calibrated:data.pc:mvn_mag_l2_2022052pc_20220221::1.2
P,urn:nasa:pds:maven.mag.calibrated:data.pc:mvn_mag_l2_2022053pc_20220222::1.2
P,urn:nasa:pds:maven.mag.calibrated:data.pc:mvn_mag_l2_2022135pc_20220515::1.2
P,urn:nasa:pds:maven.mag.calibrated:data.pc:mvn_mag_l2_2022136pc_20220516::1.2
P,urn:nasa:pds:maven.mag.calibrated:data.pc:mvn_mag_l2_2022137pc_20220517::1.2
P,urn:nasa:pds:maven.mag.calibrated:data.pc:mvn_mag_l2_2022138pc_20220518::1.2
P,urn:nasa:pds:maven.mag.calibrated:data.pc:mvn_mag_l2_2022139pc_20220519::1.2
P,urn:nasa:pds:maven.mag.calibrated:data.pc:mvn_mag_l2_2022140pc_20220520::1.2
P,urn:nasa:pds:maven.mag.calibrated:data.pc:mvn_mag_l2_2022141pc_20220521::1.2
P,urn:nasa:pds:maven.mag.calibrated:data.pc:mvn_mag_l2_2022142pc_20220522::1.2
P,urn:nasa:pds:maven.mag.calibrated:data.pc:mvn_mag_l2_2022143pc_20220523::1.2
P,urn:nasa:pds:maven.mag.calibrated:data.pc:mvn_mag_l2_2022144pc_20220524::1.2
P,urn:nasa:pds:maven.mag.calibrated:data.pc:mvn_mag_l2_2022145pc_20220525::1.2
P,urn:nasa:pds:maven.mag.calibrated:data.pc:mvn_mag_l2_2022146pc_20220526::1.2
P,urn:nasa:pds:maven.mag.calibrated:data.pc:mvn_mag_l2_2022147pc_20220527::1.2
P,urn:nasa:pds:maven.mag.calibrated:data.pc:mvn_mag_l2_2022148pc_20220528::1.2
P,urn:nasa:pds:maven.mag.calibrated:data.pc:mvn_mag_l2_2022149pc_20220529::1.2
P,urn:nasa:pds:maven.mag.calibrated:data.pc:mvn_mag_l2_2022150pc_20220530::1.2
P,urn:nasa:pds:maven.mag.calibrated:data.pc:mvn_mag_l2_2022151pc_20220531::1.2
P,urn:nasa:pds:maven.mag.calibrated:data.pc:mvn_mag_l2_2022152pc_20220601::1.2
P,urn:nasa:pds:maven.mag.calibrated:data.pc:mvn_mag_l2_2022153pc_20220602::1.2
P,urn:nasa:pds:maven.mag.calibrated:data.pc:mvn_mag_l2_2022154pc_20220603::1.2
P,urn:nasa:pds:maven.mag.calibrated:data.pc:mvn_mag_l2_2022155pc_20220604::1.2
P,urn:nasa:pds:maven.mag.calibrated:data.pc:mvn_mag_l2_2022156pc_20220605::1.2
P,urn:nasa:pds:maven.mag.calibrated:data.pc:mvn_mag_l2_2022157pc_20220606::1.2
P,urn:nasa:pds:maven.mag.calibrated:data.pc:mvn_mag_l2_2022158pc_20220607::1.2
P,urn:nasa:pds:maven.mag.calibrated:data.pc:mvn_mag_l2_2022159pc_20220608::1.2
P,urn:nasa:pds:maven.mag.calibrated:data.pc:mvn_mag_l2_2022160pc_20220609::1.2
P,urn:nasa:pds:maven.mag.calibrated:data.pc:mvn_mag_l2_2022161pc_20220610::1.2
P,urn:nasa:pds:maven.mag.calibrated:data.pc:mvn_mag_l2_2022162pc_20220611::1.2
P,urn:nasa:pds:maven.mag.calibrated:data.pc:mvn_mag_l2_2022163pc_20220612::1.2
P,urn:nasa:pds:maven.mag.calibrated:data.pc:mvn_mag_l2_2022164pc_20220613::1.2
P,urn:nasa:pds:maven.mag.calibrated:data.pc:mvn_mag_l2_2022165pc_20220614::1.2
P,urn:nasa:pds:maven.mag.calibrated:data.pc:mvn_mag_l2_2022166pc_20220615::1.2
P,urn:nasa:pds:maven.mag.calibrated:data.pc:mvn_mag_l2_2022167pc_20220616::1.2
P,urn:nasa:pds:maven.mag.calibrated:data.pc:mvn_mag_l2_2022168pc_20220617::1.2
P,urn:nasa:pds:maven.mag.calibrated:data.pc:mvn_mag_l2_2022169pc_20220618::1.2
P,urn:nasa:pds:maven.mag.calibrated:data.pc:mvn_mag_l2_2022170pc_20220619::1.2
P,urn:nasa:pds:maven.mag.calibrated:data.pc:mvn_mag_l2_2022171pc_20220620::1.2
P,urn:nasa:pds:maven.mag.calibrated:data.pc:mvn_mag_l2_2022172pc_20220621::1.2
P,urn:nasa:pds:maven.mag.calibrated:data.pc:mvn_mag_l2_2022173pc_20220622::1.2
P,urn:nasa:pds:maven.mag.calibrated:data.pc:mvn_mag_l2_2022174pc_20220623::1.2
P,urn:nasa:pds:maven.mag.calibrated:data.pc:mvn_mag_l2_2022175pc_20220624::1.2
P,urn:nasa:pds:maven.mag.calibrated:data.pc:mvn_mag_l2_2022176pc_20220625::1.2
P,urn:nasa:pds:maven.mag.calibrated:data.pc:mvn_mag_l2_2022177pc_20220626::1.2
P,urn:nasa:pds:maven.mag.calibrated:data.pc:mvn_mag_l2_2022178pc_20220627::1.2
P,urn:nasa:pds:maven.mag.calibrated:data.pc:mvn_mag_l2_2022179pc_20220628::1.2
P,urn:nasa:pds:maven.mag.calibrated:data.pc:mvn_mag_l2_2022180pc_20220629::1.2
P,urn:nasa:pds:maven.mag.calibrated:data.pc:mvn_mag_l2_2022181pc_20220630::1.2
P,urn:nasa:pds:maven.mag.calibrated:data.pc:mvn_mag_l2_2022182pc_20220701::1.2
P,urn:nasa:pds:maven.mag.calibrated:data.pc:mvn_mag_l2_2022183pc_20220702::1.2
P,urn:nasa:pds:maven.mag.calibrated:data.pc:mvn_mag_l2_2022184pc_20220703::1.2
P,urn:nasa:pds:maven.mag.calibrated:data.pc:mvn_mag_l2_2022185pc_20220704::1.2
P,urn:nasa:pds:maven.mag.calibrated:data.pc:mvn_mag_l2_2022186pc_20220705::1.2
P,urn:nasa:pds:maven.mag.calibrated:data.pc:mvn_mag_l2_2022187pc_20220706::1.2
P,urn:nasa:pds:maven.mag.calibrated:data.pc:mvn_mag_l2_2022188pc_20220707::1.2
P,urn:nasa:pds:maven.mag.calibrated:data.pc:mvn_mag_l2_2022189pc_20220708::1.2
P,urn:nasa:pds:maven.mag.calibrated:data.pc:mvn_mag_l2_2022190pc_20220709::1.2
P,urn:nasa:pds:maven.mag.calibrated:data.pc:mvn_mag_l2_2022191pc_20220710::1.2
P,urn:nasa:pds:maven.mag.calibrated:data.pc:mvn_mag_l2_2022192pc_20220711::1.2
P,urn:nasa:pds:maven.mag.calibrated:data.pc:mvn_mag_l2_2022193pc_20220712::1.2
P,urn:nasa:pds:maven.mag.calibrated:data.pc:mvn_mag_l2_2022194pc_20220713::1.2
P,urn:nasa:pds:maven.mag.calibrated:data.pc:mvn_mag_l2_2022195pc_20220714::1.2
P,urn:nasa:pds:maven.mag.calibrated:data.pc:mvn_mag_l2_2022196pc_20220715::1.2
P,urn:nasa:pds:maven.mag.calibrated:data.pc:mvn_mag_l2_2022197pc_20220716::1.2
P,urn:nasa:pds:maven.mag.calibrated:data.pc:mvn_mag_l2_2022198pc_20220717::1.2
P,urn:nasa:pds:maven.mag.calibrated:data.pc:mvn_mag_l2_2022199pc_20220718::1.2
P,urn:nasa:pds:maven.mag.calibrated:data.pc:mvn_mag_l2_2022200pc_20220719::1.2
P,urn:nasa:pds:maven.mag.calibrated:data.pc:mvn_mag_l2_2022201pc_20220720::1.2
P,urn:nasa:pds:maven.mag.calibrated:data.pc:mvn_mag_l2_2022202pc_20220721::1.2
P,urn:nasa:pds:maven.mag.calibrated:data.pc:mvn_mag_l2_2022203pc_20220722::1.2
P,urn:nasa:pds:maven.mag.calibrated:data.pc:mvn_mag_l2_2022204pc_20220723::1.2
P,urn:nasa:pds:maven.mag.calibrated:data.pc:mvn_mag_l2_2022205pc_20220724::1.2
P,urn:nasa:pds:maven.mag.calibrated:data.pc:mvn_mag_l2_2022206pc_20220725::1.2
P,urn:nasa:pds:maven.mag.calibrated:data.pc:mvn_mag_l2_2022207pc_20220726::1.2
P,urn:nasa:pds:maven.mag.calibrated:data.pc:mvn_mag_l2_2022208pc_20220727::1.2
P,urn:nasa:pds:maven.mag.calibrated:data.pc:mvn_mag_l2_2022209pc_20220728::1.2
P,urn:nasa:pds:maven.mag.calibrated:data.pc:mvn_mag_l2_2022210pc_20220729::1.2
P,urn:nasa:pds:maven.mag.calibrated:data.pc:mvn_mag_l2_2022211pc_20220730::1.2
P,urn:nasa:pds:maven.mag.calibrated:data.pc:mvn_mag_l2_2022212pc_20220731::1.2
P,urn:nasa:pds:maven.mag.calibrated:data.pc:mvn_mag_l2_2022213pc_20220801::1.2
P,urn:nasa:pds:maven.mag.calibrated:data.pc:mvn_mag_l2_2022214pc_20220802::1.2
P,urn:nasa:pds:maven.mag.calibrated:data.pc:mvn_mag_l2_2022215pc_20220803::1.2
P,urn:nasa:pds:maven.mag.calibrated:data.pc:mvn_mag_l2_2022216pc_20220804::1.2
P,urn:nasa:pds:maven.mag.calibrated:data.pc:mvn_mag_l2_2022217pc_20220805::1.2
P,urn:nasa:pds:maven.mag.calibrated:data.pc:mvn_mag_l2_2022218pc_20220806::1.2
P,urn:nasa:pds:maven.mag.calibrated:data.pc:mvn_mag_l2_2022219pc_20220807::1.2
P,urn:nasa:pds:maven.mag.calibrated:data.pc:mvn_mag_l2_2022220pc_20220808::1.2
P,urn:nasa:pds:maven.mag.calibrated:data.pc:mvn_mag_l2_2022221pc_20220809::1.2
P,urn:nasa:pds:maven.mag.calibrated:data.pc:mvn_mag_l2_2022222pc_20220810::1.2
P,urn:nasa:pds:maven.mag.calibrated:data.pc:mvn_mag_l2_2022223pc_20220811::1.2
P,urn:nasa:pds:maven.mag.calibrated:data.pc:mvn_mag_l2_2022224pc_20220812::1.2
P,urn:nasa:pds:maven.mag.calibrated:data.pc:mvn_mag_l2_2022225pc_20220813::1.2
P,urn:nasa:pds:maven.mag.calibrated:data.pc:mvn_mag_l2_2022226pc_20220814::1.2
P,urn:nasa:pds:maven.mag.calibrated:data.pc:mvn_mag_l2_2022227pc_20220815::1.2
P,urn:nasa:pds:maven.mag.calibrated:data.pc:mvn_mag_l2_2022228pc_20220816::1.2
P,urn:nasa:pds:maven.mag.calibrated:data.pc:mvn_mag_l2_2022229pc_20220817::1.2
P,urn:nasa:pds:maven.mag.calibrated:data.pc:mvn_mag_l2_2022230pc_20220818::1.2
P,urn:nasa:pds:maven.mag.calibrated:data.pc:mvn_mag_l2_2022231pc_20220819::1.2
P,urn:nasa:pds:maven.mag.calibrated:data.pc:mvn_mag_l2_2022232pc_20220820::1.2
P,urn:nasa:pds:maven.mag.calibrated:data.pc:mvn_mag_l2_2022233pc_20220821::1.2
P,urn:nasa:pds:maven.mag.calibrated:data.pc:mvn_mag_l2_2022234pc_20220822::1.2
P,urn:nasa:pds:maven.mag.calibrated:data.pc:mvn_mag_l2_2022235pc_20220823::1.2
P,urn:nasa:pds:maven.mag.calibrated:data.pc:mvn_mag_l2_2022236pc_20220824::1.2
P,urn:nasa:pds:maven.mag.calibrated:data.pc:mvn_mag_l2_2022237pc_20220825::1.2
P,urn:nasa:pds:maven.mag.calibrated:data.pc:mvn_mag_l2_2022238pc_20220826::1.2
P,urn:nasa:pds:maven.mag.calibrated:data.pc:mvn_mag_l2_2022239pc_20220827::1.2
P,urn:nasa:pds:maven.mag.calibrated:data.pc:mvn_mag_l2_2022240pc_20220828::1.2
P,urn:nasa:pds:maven.mag.calibrated:data.pc:mvn_mag_l2_2022241pc_20220829::1.2
P,urn:nasa:pds:maven.mag.calibrated:data.pc:mvn_mag_l2_2022242pc_20220830::1.2
P,urn:nasa:pds:maven.mag.calibrated:data.pc:mvn_mag_l2_2022243pc_20220831::1.2
P,urn:nasa:pds:maven.mag.calibrated:data.pc:mvn_mag_l2_2022244pc_20220901::1.2
P,urn:nasa:pds:maven.mag.calibrated:data.pc:mvn_mag_l2_2022245pc_20220902::1.2
P,urn:nasa:pds:maven.mag.calibrated:data.pc:mvn_mag_l2_2022246pc_20220903::1.2
P,urn:nasa:pds:maven.mag.calibrated:data.pc:mvn_mag_l2_2022247pc_20220904::1.2
P,urn:nasa:pds:maven.mag.calibrated:data.pc:mvn_mag_l2_2022248pc_20220905::1.2
P,urn:nasa:pds:maven.mag.calibrated:data.pc:mvn_mag_l2_2022249pc_20220906::1.2
P,urn:nasa:pds:maven.mag.calibrated:data.pc:mvn_mag_l2_2022250pc_20220907::1.2
P,urn:nasa:pds:maven.mag.calibrated:data.pc:mvn_mag_l2_2022251pc_20220908::1.2
P,urn:nasa:pds:maven.mag.calibrated:data.pc:mvn_mag_l2_2022252pc_20220909::1.2
P,urn:nasa:pds:maven.mag.calibrated:data.pc:mvn_mag_l2_2022253pc_20220910::1.2
P,urn:nasa:pds:maven.mag.calibrated:data.pc:mvn_mag_l2_2022254pc_20220911::1.2
P,urn:nasa:pds:maven.mag.calibrated:data.pc:mvn_mag_l2_2022255pc_20220912::1.2
P,urn:nasa:pds:maven.mag.calibrated:data.pc:mvn_mag_l2_2022256pc_20220913::1.2
P,urn:nasa:pds:maven.mag.calibrated:data.pc:mvn_mag_l2_2022257pc_20220914::1.2
P,urn:nasa:pds:maven.mag.calibrated:data.pc:mvn_mag_l2_2022258pc_20220915::1.2
P,urn:nasa:pds:maven.mag.calibrated:data.pc:mvn_mag_l2_2022259pc_20220916::1.2
P,urn:nasa:pds:maven.mag.calibrated:data.pc:mvn_mag_l2_2022260pc_20220917::1.2
P,urn:nasa:pds:maven.mag.calibrated:data.pc:mvn_mag_l2_2022261pc_20220918::1.2
P,urn:nasa:pds:maven.mag.calibrated:data.pc:mvn_mag_l2_2022262pc_20220919::1.2
P,urn:nasa:pds:maven.mag.calibrated:data.pc:mvn_mag_l2_2022263pc_20220920::1.2
P,urn:nasa:pds:maven.mag.calibrated:data.pc:mvn_mag_l2_2022264pc_20220921::1.2
P,urn:nasa:pds:maven.mag.calibrated:data.pc:mvn_mag_l2_2022265pc_20220922::1.2
P,urn:nasa:pds:maven.mag.calibrated:data.pc:mvn_mag_l2_2022266pc_20220923::1.2
P,urn:nasa:pds:maven.mag.calibrated:data.pc:mvn_mag_l2_2022267pc_20220924::1.2
P,urn:nasa:pds:maven.mag.calibrated:data.pc:mvn_mag_l2_2022268pc_20220925::1.2
P,urn:nasa:pds:maven.mag.calibrated:data.pc:mvn_mag_l2_2022269pc_20220926::1.2
P,urn:nasa:pds:maven.mag.calibrated:data.pc:mvn_mag_l2_2022270pc_20220927::1.2
P,urn:nasa:pds:maven.mag.calibrated:data.pc:mvn_mag_l2_2022271pc_20220928::1.2
P,urn:nasa:pds:maven.mag.calibrated:data.pc:mvn_mag_l2_2022272pc_20220929::1.2
P,urn:nasa:pds:maven.mag.calibrated:data.pc:mvn_mag_l2_2022273pc_20220930::1.2
P,urn:nasa:pds:maven.mag.calibrated:data.pc:mvn_mag_l2_2022274pc_20221001::1.2
P,urn:nasa:pds:maven.mag.calibrated:data.pc:mvn_mag_l2_2022275pc_20221002::1.2
P,urn:nasa:pds:maven.mag.calibrated:data.pc:mvn_mag_l2_2022276pc_20221003::1.2
P,urn:nasa:pds:maven.mag.calibrated:data.pc:mvn_mag_l2_2022277pc_20221004::1.2
P,urn:nasa:pds:maven.mag.calibrated:data.pc:mvn_mag_l2_2022278pc_20221005::1.2
P,urn:nasa:pds:maven.mag.calibrated:data.pc:mvn_mag_l2_2022279pc_20221006::1.2
P,urn:nasa:pds:maven.mag.calibrated:data.pc:mvn_mag_l2_2022280pc_20221007::1.2
P,urn:nasa:pds:maven.mag.calibrated:data.pc:mvn_mag_l2_2022281pc_20221008::1.2
P,urn:nasa:pds:maven.mag.calibrated:data.pc:mvn_mag_l2_2022282pc_20221009::1.2
P,urn:nasa:pds:maven.mag.calibrated:data.pc:mvn_mag_l2_2022283pc_20221010::1.2
P,urn:nasa:pds:maven.mag.calibrated:data.pc:mvn_mag_l2_2022284pc_20221011::1.2
P,urn:nasa:pds:maven.mag.calibrated:data.pc:mvn_mag_l2_2022285pc_20221012::1.2
P,urn:nasa:pds:maven.mag.calibrated:data.pc:mvn_mag_l2_2022286pc_20221013::1.2
P,urn:nasa:pds:maven.mag.calibrated:data.pc:mvn_mag_l2_2022287pc_20221014::1.2
P,urn:nasa:pds:maven.mag.calibrated:data.pc:mvn_mag_l2_2022288pc_20221015::1.2
P,urn:nasa:pds:maven.mag.calibrated:data.pc:mvn_mag_l2_2022289pc_20221016::1.2
P,urn:nasa:pds:maven.mag.calibrated:data.pc:mvn_mag_l2_2022290pc_20221017::1.2
P,urn:nasa:pds:maven.mag.calibrated:data.pc:mvn_mag_l2_2022291pc_20221018::1.2
P,urn:nasa:pds:maven.mag.calibrated:data.pc:mvn_mag_l2_2022292pc_20221019::1.2
P,urn:nasa:pds:maven.mag.calibrated:data.pc:mvn_mag_l2_2022293pc_20221020::1.2
P,urn:nasa:pds:maven.mag.calibrated:data.pc:mvn_mag_l2_2022294pc_20221021::1.2
P,urn:nasa:pds:maven.mag.calibrated:data.pc:mvn_mag_l2_2022295pc_20221022::1.2
P,urn:nasa:pds:maven.mag.calibrated:data.pc:mvn_mag_l2_2022296pc_20221023::1.2
P,urn:nasa:pds:maven.mag.calibrated:data.pc:mvn_mag_l2_2022297pc_20221024::1.2
P,urn:nasa:pds:maven.mag.calibrated:data.pc:mvn_mag_l2_2022298pc_20221025::1.2
P,urn:nasa:pds:maven.mag.calibrated:data.pc:mvn_mag_l2_2022299pc_20221026::1.2
P,urn:nasa:pds:maven.mag.calibrated:data.pc:mvn_mag_l2_2022300pc_20221027::1.2
P,urn:nasa:pds:maven.mag.calibrated:data.pc:mvn_mag_l2_2022301pc_20221028::1.2
P,urn:nasa:pds:maven.mag.calibrated:data.pc:mvn_mag_l2_2022302pc_20221029::1.2
P,urn:nasa:pds:maven.mag.calibrated:data.pc:mvn_mag_l2_2022303pc_20221030::1.2
P,urn:nasa:pds:maven.mag.calibrated:data.pc:mvn_mag_l2_2022304pc_20221031::1.2
P,urn:nasa:pds:maven.mag.calibrated:data.pc:mvn_mag_l2_2022305pc_20221101::1.2
P,urn:nasa:pds:maven.mag.calibrated:data.pc:mvn_mag_l2_2022306pc_20221102::1.2
P,urn:nasa:pds:maven.mag.calibrated:data.pc:mvn_mag_l2_2022307pc_20221103::1.2
P,urn:nasa:pds:maven.mag.calibrated:data.pc:mvn_mag_l2_2022308pc_20221104::1.2
P,urn:nasa:pds:maven.mag.calibrated:data.pc:mvn_mag_l2_2022309pc_20221105::1.2
P,urn:nasa:pds:maven.mag.calibrated:data.pc:mvn_mag_l2_2022310pc_20221106::1.2
P,urn:nasa:pds:maven.mag.calibrated:data.pc:mvn_mag_l2_2022311pc_20221107::1.2
P,urn:nasa:pds:maven.mag.calibrated:data.pc:mvn_mag_l2_2022312pc_20221108::1.2
P,urn:nasa:pds:maven.mag.calibrated:data.pc:mvn_mag_l2_2022313pc_20221109::1.2
P,urn:nasa:pds:maven.mag.calibrated:data.pc:mvn_mag_l2_2022314pc_20221110::1.2
P,urn:nasa:pds:maven.mag.calibrated:data.pc:mvn_mag_l2_2022315pc_20221111::1.2
P,urn:nasa:pds:maven.mag.calibrated:data.pc:mvn_mag_l2_2022316pc_20221112::1.2
P,urn:nasa:pds:maven.mag.calibrated:data.pc:mvn_mag_l2_2022317pc_20221113::1.2
P,urn:nasa:pds:maven.mag.calibrated:data.pc:mvn_mag_l2_2022318pc_20221114::1.2
P,urn:nasa:pds:maven.mag.calibrated:data.pc:mvn_mag_l2_2022319pc_20221115::1.2
P,urn:nasa:pds:maven.mag.calibrated:data.pc:mvn_mag_l2_2022320pc_20221116::1.2
P,urn:nasa:pds:maven.mag.calibrated:data.pc:mvn_mag_l2_2022321pc_20221117::1.2
P,urn:nasa:pds:maven.mag.calibrated:data.pc:mvn_mag_l2_2022322pc_20221118::1.2
P,urn:nasa:pds:maven.mag.calibrated:data.pc:mvn_mag_l2_2022323pc_20221119::1.2
P,urn:nasa:pds:maven.mag.calibrated:data.pc:mvn_mag_l2_2022324pc_20221120::1.2
P,urn:nasa:pds:maven.mag.calibrated:data.pc:mvn_mag_l2_2022325pc_20221121::1.2
P,urn:nasa:pds:maven.mag.calibrated:data.pc:mvn_mag_l2_2022326pc_20221122::1.2
P,urn:nasa:pds:maven.mag.calibrated:data.pc:mvn_mag_l2_2022327pc_20221123::1.2
P,urn:nasa:pds:maven.mag.calibrated:data.pc:mvn_mag_l2_2022328pc_20221124::1.2
P,urn:nasa:pds:maven.mag.calibrated:data.pc:mvn_mag_l2_2022329pc_20221125::1.2
P,urn:nasa:pds:maven.mag.calibrated:data.pc:mvn_mag_l2_2022330pc_20221126::1.2
P,urn:nasa:pds:maven.mag.calibrated:data.pc:mvn_mag_l2_2022331pc_20221127::1.2
P,urn:nasa:pds:maven.mag.calibrated:data.pc:mvn_mag_l2_2022332pc_20221128::1.2
P,urn:nasa:pds:maven.mag.calibrated:data.pc:mvn_mag_l2_2022333pc_20221129::1.2
P,urn:nasa:pds:maven.mag.calibrated:data.pc:mvn_mag_l2_2022334pc_20221130::1.2
P,urn:nasa:pds:maven.mag.calibrated:data.pc:mvn_mag_l2_2022335pc_20221201::1.2
P,urn:nasa:pds:maven.mag.calibrated:data.pc:mvn_mag_l2_2022336pc_20221202::1.2
P,urn:nasa:pds:maven.mag.calibrated:data.pc:mvn_mag_l2_2022337pc_20221203::1.2
P,urn:nasa:pds:maven.mag.calibrated:data.pc:mvn_mag_l2_2022338pc_20221204::1.2
P,urn:nasa:pds:maven.mag.calibrated:data.pc:mvn_mag_l2_2022339pc_20221205::1.2
P,urn:nasa:pds:maven.mag.calibrated:data.pc:mvn_mag_l2_2022340pc_20221206::1.2
P,urn:nasa:pds:maven.mag.calibrated:data.pc:mvn_mag_l2_2022341pc_20221207::1.2
P,urn:nasa:pds:maven.mag.calibrated:data.pc:mvn_mag_l2_2022342pc_20221208::1.2
P,urn:nasa:pds:maven.mag.calibrated:data.pc:mvn_mag_l2_2022343pc_20221209::1.2
P,urn:nasa:pds:maven.mag.calibrated:data.pc:mvn_mag_l2_2022344pc_20221210::1.2
P,urn:nasa:pds:maven.mag.calibrated:data.pc:mvn_mag_l2_2022345pc_20221211::1.2
P,urn:nasa:pds:maven.mag.calibrated:data.pc:mvn_mag_l2_2022346pc_20221212::1.2
P,urn:nasa:pds:maven.mag.calibrated:data.pc:mvn_mag_l2_2022347pc_20221213::1.2
P,urn:nasa:pds:maven.mag.calibrated:data.pc:mvn_mag_l2_2022348pc_20221214::1.2
P,urn:nasa:pds:maven.mag.calibrated:data.pc:mvn_mag_l2_2022349pc_20221215::1.2
P,urn:nasa:pds:maven.mag.calibrated:data.pc:mvn_mag_l2_2022350pc_20221216::1.2
P,urn:nasa:pds:maven.mag.calibrated:data.pc:mvn_mag_l2_2022351pc_20221217::1.2
P,urn:nasa:pds:maven.mag.calibrated:data.pc:mvn_mag_l2_2022352pc_20221218::1.2
P,urn:nasa:pds:maven.mag.calibrated:data.pc:mvn_mag_l2_2022353pc_20221219::1.2
P,urn:nasa:pds:maven.mag.calibrated:data.pc:mvn_mag_l2_2022354pc_20221220::1.2
P,urn:nasa:pds:maven.mag.calibrated:data.pc:mvn_mag_l2_2022355pc_20221221::1.2
P,urn:nasa:pds:maven.mag.calibrated:data.pc:mvn_mag_l2_2022356pc_20221222::1.2
P,urn:nasa:pds:maven.mag.calibrated:data.pc:mvn_mag_l2_2022357pc_20221223::1.2
P,urn:nasa:pds:maven.mag.calibrated:data.pc:mvn_mag_l2_2022358pc_20221224::1.2
P,urn:nasa:pds:maven.mag.calibrated:data.pc:mvn_mag_l2_2022359pc_20221225::1.2
P,urn:nasa:pds:maven.mag.calibrated:data.pc:mvn_mag_l2_2022360pc_20221226::1.2
P,urn:nasa:pds:maven.mag.calibrated:data.pc:mvn_mag_l2_2022361pc_20221227::1.2
P,urn:nasa:pds:maven.mag.calibrated:data.pc:mvn_mag_l2_2022362pc_20221228::1.2
P,urn:nasa:pds:maven.mag.calibrated:data.pc:mvn_mag_l2_2022363pc_20221229::1.2
P,urn:nasa:pds:maven.mag.calibrated:data.pc:mvn_mag_l2_2022364pc_20221230::1.2
P,urn:nasa:pds:maven.mag.calibrated:data.pc:mvn_mag_l2_2022365pc_20221231::1.2
P,urn:nasa:pds:maven.mag.calibrated:data.pc:mvn_mag_l2_2023001pc_20230101::1.2
P,urn:nasa:pds:maven.mag.calibrated:data.pc:mvn_mag_l2_2023002pc_20230102::1.2
P,urn:nasa:pds:maven.mag.calibrated:data.pc:mvn_mag_l2_2023003pc_20230103::1.2
P,urn:nasa:pds:maven.mag.calibrated:data.pc:mvn_mag_l2_2023004pc_20230104::1.2
P,urn:nasa:pds:maven.mag.calibrated:data.pc:mvn_mag_l2_2023005pc_20230105::1.2
P,urn:nasa:pds:maven.mag.calibrated:data.pc:mvn_mag_l2_2023006pc_20230106::1.2
P,urn:nasa:pds:maven.mag.calibrated:data.pc:mvn_mag_l2_2023007pc_20230107::1.2
P,urn:nasa:pds:maven.mag.calibrated:data.pc:mvn_mag_l2_2023008pc_20230108::1.2
P,urn:nasa:pds:maven.mag.calibrated:data.pc:mvn_mag_l2_2023009pc_20230109::1.2
P,urn:nasa:pds:maven.mag.calibrated:data.pc:mvn_mag_l2_2023010pc_20230110::1.2
P,urn:nasa:pds:maven.mag.calibrated:data.pc:mvn_mag_l2_2023011pc_20230111::1.2
P,urn:nasa:pds:maven.mag.calibrated:data.pc:mvn_mag_l2_2023012pc_20230112::1.2
P,urn:nasa:pds:maven.mag.calibrated:data.pc:mvn_mag_l2_2023013pc_20230113::1.2
P,urn:nasa:pds:maven.mag.calibrated:data.pc:mvn_mag_l2_2023014pc_20230114::1.2
P,urn:nasa:pds:maven.mag.calibrated:data.pc:mvn_mag_l2_2023015pc_20230115::1.2
P,urn:nasa:pds:maven.mag.calibrated:data.pc:mvn_mag_l2_2023016pc_20230116::1.2
P,urn:nasa:pds:maven.mag.calibrated:data.pc:mvn_mag_l2_2023017pc_20230117::1.2
P,urn:nasa:pds:maven.mag.calibrated:data.pc:mvn_mag_l2_2023018pc_20230118::1.2
P,urn:nasa:pds:maven.mag.calibrated:data.pc:mvn_mag_l2_2023019pc_20230119::1.2
P,urn:nasa:pds:maven.mag.calibrated:data.pc:mvn_mag_l2_2023020pc_20230120::1.2
P,urn:nasa:pds:maven.mag.calibrated:data.pc:mvn_mag_l2_2023021pc_20230121::1.2
P,urn:nasa:pds:maven.mag.calibrated:data.pc:mvn_mag_l2_2023022pc_20230122::1.2
P,urn:nasa:pds:maven.mag.calibrated:data.pc:mvn_mag_l2_2023023pc_20230123::1.2
P,urn:nasa:pds:maven.mag.calibrated:data.pc:mvn_mag_l2_2023024pc_20230124::1.2
P,urn:nasa:pds:maven.mag.calibrated:data.pc:mvn_mag_l2_2023025pc_20230125::1.2
P,urn:nasa:pds:maven.mag.calibrated:data.pc:mvn_mag_l2_2023026pc_20230126::1.2
P,urn:nasa:pds:maven.mag.calibrated:data.pc:mvn_mag_l2_2023027pc_20230127::1.2
P,urn:nasa:pds:maven.mag.calibrated:data.pc:mvn_mag_l2_2023028pc_20230128::1.2
P,urn:nasa:pds:maven.mag.calibrated:data.pc:mvn_mag_l2_2023029pc_20230129::1.2
P,urn:nasa:pds:maven.mag.calibrated:data.pc:mvn_mag_l2_2023030pc_20230130::1.2
P,urn:nasa:pds:maven.mag.calibrated:data.pc:mvn_mag_l2_2023031pc_20230131::1.2
P,urn:nasa:pds:maven.mag.calibrated:data.pc:mvn_mag_l2_2023032pc_20230201::1.2
P,urn:nasa:pds:maven.mag.calibrated:data.pc:mvn_mag_l2_2023033pc_20230202::1.2
P,urn:nasa:pds:maven.mag.calibrated:data.pc:mvn_mag_l2_2023034pc_20230203::1.2
P,urn:nasa:pds:maven.mag.calibrated:data.pc:mvn_mag_l2_2023035pc_20230204::1.2
P,urn:nasa:pds:maven.mag.calibrated:data.pc:mvn_mag_l2_2023036pc_20230205::1.2
P,urn:nasa:pds:maven.mag.calibrated:data.pc:mvn_mag_l2_2023037pc_20230206::1.2
P,urn:nasa:pds:maven.mag.calibrated:data.pc:mvn_mag_l2_2023038pc_20230207::1.2
P,urn:nasa:pds:maven.mag.calibrated:data.pc:mvn_mag_l2_2023039pc_20230208::1.2
P,urn:nasa:pds:maven.mag.calibrated:data.pc:mvn_mag_l2_2023040pc_20230209::1.2
P,urn:nasa:pds:maven.mag.calibrated:data.pc:mvn_mag_l2_2023041pc_20230210::1.2
P,urn:nasa:pds:maven.mag.calibrated:data.pc:mvn_mag_l2_2023042pc_20230211::1.2
P,urn:nasa:pds:maven.mag.calibrated:data.pc:mvn_mag_l2_2023043pc_20230212::1.2
P,urn:nasa:pds:maven.mag.calibrated:data.pc:mvn_mag_l2_2023044pc_20230213::1.2
P,urn:nasa:pds:maven.mag.calibrated:data.pc:mvn_mag_l2_2023045pc_20230214::1.2
P,urn:nasa:pds:maven.mag.calibrated:data.pc:mvn_mag_l2_2023046pc_20230215::1.2
P,urn:nasa:pds:maven.mag.calibrated:data.pc:mvn_mag_l2_2023052pc_20230221::1.2
P,urn:nasa:pds:maven.mag.calibrated:data.pc:mvn_mag_l2_2023053pc_20230222::1.2
P,urn:nasa:pds:maven.mag.calibrated:data.pc:mvn_mag_l2_2023054pc_20230223::1.2
P,urn:nasa:pds:maven.mag.calibrated:data.pc:mvn_mag_l2_2023055pc_20230224::1.2
P,urn:nasa:pds:maven.mag.calibrated:data.pc:mvn_mag_l2_2023056pc_20230225::1.2
P,urn:nasa:pds:maven.mag.calibrated:data.pc:mvn_mag_l2_2023057pc_20230226::1.2
P,urn:nasa:pds:maven.mag.calibrated:data.pc:mvn_mag_l2_2023058pc_20230227::1.2
P,urn:nasa:pds:maven.mag.calibrated:data.pc:mvn_mag_l2_2023059pc_20230228::1.2
P,urn:nasa:pds:maven.mag.calibrated:data.pc:mvn_mag_l2_2023060pc_20230301::1.2
P,urn:nasa:pds:maven.mag.calibrated:data.pc:mvn_mag_l2_2023061pc_20230302::1.2
P,urn:nasa:pds:maven.mag.calibrated:data.pc:mvn_mag_l2_2023062pc_20230303::1.2
P,urn:nasa:pds:maven.mag.calibrated:data.pc:mvn_mag_l2_2023063pc_20230304::1.2
P,urn:nasa:pds:maven.mag.calibrated:data.pc:mvn_mag_l2_2023064pc_20230305::1.2
P,urn:nasa:pds:maven.mag.calibrated:data.pc:mvn_mag_l2_2023065pc_20230306::1.2
P,urn:nasa:pds:maven.mag.calibrated:data.pc:mvn_mag_l2_2023066pc_20230307::1.2
P,urn:nasa:pds:maven.mag.calibrated:data.pc:mvn_mag_l2_2023067pc_20230308::1.2
P,urn:nasa:pds:maven.mag.calibrated:data.pc:mvn_mag_l2_2023068pc_20230309::1.2
P,urn:nasa:pds:maven.mag.calibrated:data.pc:mvn_mag_l2_2023069pc_20230310::1.2
P,urn:nasa:pds:maven.mag.calibrated:data.pc:mvn_mag_l2_2023070pc_20230311::1.2
P,urn:nasa:pds:maven.mag.calibrated:data.pc:mvn_mag_l2_2023071pc_20230312::1.2
P,urn:nasa:pds:maven.mag.calibrated:data.pc:mvn_mag_l2_2023072pc_20230313::1.2
P,urn:nasa:pds:maven.mag.calibrated:data.pc:mvn_mag_l2_2023073pc_20230314::1.2
P,urn:nasa:pds:maven.mag.calibrated:data.pc:mvn_mag_l2_2023074pc_20230315::1.2
P,urn:nasa:pds:maven.mag.calibrated:data.pc:mvn_mag_l2_2023075pc_20230316::1.2
P,urn:nasa:pds:maven.mag.calibrated:data.pc:mvn_mag_l2_2023076pc_20230317::1.2
P,urn:nasa:pds:maven.mag.calibrated:data.pc:mvn_mag_l2_2023077pc_20230318::1.2
P,urn:nasa:pds:maven.mag.calibrated:data.pc:mvn_mag_l2_2023078pc_20230319::1.2
P,urn:nasa:pds:maven.mag.calibrated:data.pc:mvn_mag_l2_2023079pc_20230320::1.2
P,urn:nasa:pds:maven.mag.calibrated:data.pc:mvn_mag_l2_2023080pc_20230321::1.2
P,urn:nasa:pds:maven.mag.calibrated:data.pc:mvn_mag_l2_2023081pc_20230322::1.2
P,urn:nasa:pds:maven.mag.calibrated:data.pc:mvn_mag_l2_2023082pc_20230323::1.2
P,urn:nasa:pds:maven.mag.calibrated:data.pc:mvn_mag_l2_2023083pc_20230324::1.2
P,urn:nasa:pds:maven.mag.calibrated:data.pc:mvn_mag_l2_2023084pc_20230325::1.2
P,urn:nasa:pds:maven.mag.calibrated:data.pc:mvn_mag_l2_2023085pc_20230326::1.2
P,urn:nasa:pds:maven.mag.calibrated:data.pc:mvn_mag_l2_2023086pc_20230327::1.2
P,urn:nasa:pds:maven.mag.calibrated:data.pc:mvn_mag_l2_2023087pc_20230328::1.2
P,urn:nasa:pds:maven.mag.calibrated:data.pc:mvn_mag_l2_2023088pc_20230329::1.2
P,urn:nasa:pds:maven.mag.calibrated:data.pc:mvn_mag_l2_2023089pc_20230330::1.2
P,urn:nasa:pds:maven.mag.calibrated:data.pc:mvn_mag_l2_2023090pc_20230331::1.2
P,urn:nasa:pds:maven.mag.calibrated:data.pc:mvn_mag_l2_2023091pc_20230401::1.2
P,urn:nasa:pds:maven.mag.calibrated:data.pc:mvn_mag_l2_2023092pc_20230402::1.2
P,urn:nasa:pds:maven.mag.calibrated:data.pc:mvn_mag_l2_2023093pc_20230403::1.2
P,urn:nasa:pds:maven.mag.calibrated:data.pc:mvn_mag_l2_2023094pc_20230404::1.2
P,urn:nasa:pds:maven.mag.calibrated:data.pc:mvn_mag_l2_2023095pc_20230405::1.2
P,urn:nasa:pds:maven.mag.calibrated:data.pc:mvn_mag_l2_2023096pc_20230406::1.2
P,urn:nasa:pds:maven.mag.calibrated:data.pc:mvn_mag_l2_2023097pc_20230407::1.2
P,urn:nasa:pds:maven.mag.calibrated:data.pc:mvn_mag_l2_2023098pc_20230408::1.2
P,urn:nasa:pds:maven.mag.calibrated:data.pc:mvn_mag_l2_2023099pc_20230409::1.2
P,urn:nasa:pds:maven.mag.calibrated:data.pc:mvn_mag_l2_2023100pc_20230410::1.2
P,urn:nasa:pds:maven.mag.calibrated:data.pc:mvn_mag_l2_2023101pc_20230411::1.2
P,urn:nasa:pds:maven.mag.calibrated:data.pc:mvn_mag_l2_2023102pc_20230412::1.2
P,urn:nasa:pds:maven.mag.calibrated:data.pc:mvn_mag_l2_2023103pc_20230413::1.2
P,urn:nasa:pds:maven.mag.calibrated:data.pc:mvn_mag_l2_2023104pc_20230414::1.2
P,urn:nasa:pds:maven.mag.calibrated:data.pc:mvn_mag_l2_2023105pc_20230415::1.2
P,urn:nasa:pds:maven.mag.calibrated:data.pc:mvn_mag_l2_2023106pc_20230416::1.2
P,urn:nasa:pds:maven.mag.calibrated:data.pc:mvn_mag_l2_2023107pc_20230417::1.2
P,urn:nasa:pds:maven.mag.calibrated:data.pc:mvn_mag_l2_2023108pc_20230418::1.2
P,urn:nasa:pds:maven.mag.calibrated:data.pc:mvn_mag_l2_2023109pc_20230419::1.2
P,urn:nasa:pds:maven.mag.calibrated:data.pc:mvn_mag_l2_2023110pc_20230420::1.2
P,urn:nasa:pds:maven.mag.calibrated:data.pc:mvn_mag_l2_2023111pc_20230421::1.2
P,urn:nasa:pds:maven.mag.calibrated:data.pc:mvn_mag_l2_2023112pc_20230422::1.2
P,urn:nasa:pds:maven.mag.calibrated:data.pc:mvn_mag_l2_2023113pc_20230423::1.2
P,urn:nasa:pds:maven.mag.calibrated:data.pc:mvn_mag_l2_2023114pc_20230424::1.2
P,urn:nasa:pds:maven.mag.calibrated:data.pc:mvn_mag_l2_2023115pc_20230425::1.2
P,urn:nasa:pds:maven.mag.calibrated:data.pc:mvn_mag_l2_2023116pc_20230426::1.2
P,urn:nasa:pds:maven.mag.calibrated:data.pc:mvn_mag_l2_2023117pc_20230427::1.2
P,urn:nasa:pds:maven.mag.calibrated:data.pc:mvn_mag_l2_2023118pc_20230428::1.2
P,urn:nasa:pds:maven.mag.calibrated:data.pc:mvn_mag_l2_2023119pc_20230429::1.2
P,urn:nasa:pds:maven.mag.calibrated:data.pc:mvn_mag_l2_2023120pc_20230430::1.2
P,urn:nasa:pds:maven.mag.calibrated:data.pc:mvn_mag_l2_2023121pc_20230501::1.2
P,urn:nasa:pds:maven.mag.calibrated:data.pc:mvn_mag_l2_2023122pc_20230502::1.2
P,urn:nasa:pds:maven.mag.calibrated:data.pc:mvn_mag_l2_2023123pc_20230503::1.2
P,urn:nasa:pds:maven.mag.calibrated:data.pc:mvn_mag_l2_2023124pc_20230504::1.2
P,urn:nasa:pds:maven.mag.calibrated:data.pc:mvn_mag_l2_2023125pc_20230505::1.2
P,urn:nasa:pds:maven.mag.calibrated:data.pc:mvn_mag_l2_2023126pc_20230506::1.2
P,urn:nasa:pds:maven.mag.calibrated:data.pc:mvn_mag_l2_2023127pc_20230507::1.2
P,urn:nasa:pds:maven.mag.calibrated:data.pc:mvn_mag_l2_2023128pc_20230508::1.2
P,urn:nasa:pds:maven.mag.calibrated:data.pc:mvn_mag_l2_2023129pc_20230509::1.2
P,urn:nasa:pds:maven.mag.calibrated:data.pc:mvn_mag_l2_2023130pc_20230510::1.2
P,urn:nasa:pds:maven.mag.calibrated:data.pc:mvn_mag_l2_2023131pc_20230511::1.2
P,urn:nasa:pds:maven.mag.calibrated:data.pc:mvn_mag_l2_2023132pc_20230512::1.2
P,urn:nasa:pds:maven.mag.calibrated:data.pc:mvn_mag_l2_2023133pc_20230513::1.2
P,urn:nasa:pds:maven.mag.calibrated:data.pc:mvn_mag_l2_2023134pc_20230514::1.2
P,urn:nasa:pds:maven.mag.calibrated:data.pc:mvn_mag_l2_2023135pc_20230515::1.2
P,urn:nasa:pds:maven.mag.calibrated:data.pc:mvn_mag_l2_2023136pc_20230516::1.2
P,urn:nasa:pds:maven.mag.calibrated:data.pc:mvn_mag_l2_2023137pc_20230517::1.2
P,urn:nasa:pds:maven.mag.calibrated:data.pc:mvn_mag_l2_2023138pc_20230518::1.2
P,urn:nasa:pds:maven.mag.calibrated:data.pc:mvn_mag_l2_2023139pc_20230519::1.2
P,urn:nasa:pds:maven.mag.calibrated:data.pc:mvn_mag_l2_2023140pc_20230520::1.2
P,urn:nasa:pds:maven.mag.calibrated:data.pc:mvn_mag_l2_2023141pc_20230521::1.2
P,urn:nasa:pds:maven.mag.calibrated:data.pc:mvn_mag_l2_2023142pc_20230522::1.2
P,urn:nasa:pds:maven.mag.calibrated:data.pc:mvn_mag_l2_2023143pc_20230523::1.2
P,urn:nasa:pds:maven.mag.calibrated:data.pc:mvn_mag_l2_2023144pc_20230524::1.2
P,urn:nasa:pds:maven.mag.calibrated:data.pc:mvn_mag_l2_2023145pc_20230525::1.2
P,urn:nasa:pds:maven.mag.calibrated:data.pc:mvn_mag_l2_2023146pc_20230526::1.2
P,urn:nasa:pds:maven.mag.calibrated:data.pc:mvn_mag_l2_2023147pc_20230527::1.2
P,urn:nasa:pds:maven.mag.calibrated:data.pc:mvn_mag_l2_2023148pc_20230528::1.2
P,urn:nasa:pds:maven.mag.calibrated:data.pc:mvn_mag_l2_2023149pc_20230529::1.2
P,urn:nasa:pds:maven.mag.calibrated:data.pc:mvn_mag_l2_2023150pc_20230530::1.2
P,urn:nasa:pds:maven.mag.calibrated:data.pc:mvn_mag_l2_2023151pc_20230531::1.2
P,urn:nasa:pds:maven.mag.calibrated:data.pc:mvn_mag_l2_2023152pc_20230601::1.2
P,urn:nasa:pds:maven.mag.calibrated:data.pc:mvn_mag_l2_2023153pc_20230602::1.2
P,urn:nasa:pds:maven.mag.calibrated:data.pc:mvn_mag_l2_2023154pc_20230603::1.2
P,urn:nasa:pds:maven.mag.calibrated:data.pc:mvn_mag_l2_2023155pc_20230604::1.2
P,urn:nasa:pds:maven.mag.calibrated:data.pc:mvn_mag_l2_2023156pc_20230605::1.2
P,urn:nasa:pds:maven.mag.calibrated:data.pc:mvn_mag_l2_2023157pc_20230606::1.2
P,urn:nasa:pds:maven.mag.calibrated:data.pc:mvn_mag_l2_2023158pc_20230607::1.2
P,urn:nasa:pds:maven.mag.calibrated:data.pc:mvn_mag_l2_2023159pc_20230608::1.2
P,urn:nasa:pds:maven.mag.calibrated:data.pc:mvn_mag_l2_2023160pc_20230609::1.2
P,urn:nasa:pds:maven.mag.calibrated:data.pc:mvn_mag_l2_2023161pc_20230610::1.2
P,urn:nasa:pds:maven.mag.calibrated:data.pc:mvn_mag_l2_2023162pc_20230611::1.2
P,urn:nasa:pds:maven.mag.calibrated:data.pc:mvn_mag_l2_2023163pc_20230612::1.2
P,urn:nasa:pds:maven.mag.calibrated:data.pc:mvn_mag_l2_2023164pc_20230613::1.2
P,urn:nasa:pds:maven.mag.calibrated:data.pc:mvn_mag_l2_2023165pc_20230614::1.2
P,urn:nasa:pds:maven.mag.calibrated:data.pc:mvn_mag_l2_2023166pc_20230615::1.2
P,urn:nasa:pds:maven.mag.calibrated:data.pc:mvn_mag_l2_2023167pc_20230616::1.2
P,urn:nasa:pds:maven.mag.calibrated:data.pc:mvn_mag_l2_2023168pc_20230617::1.2
P,urn:nasa:pds:maven.mag.calibrated:data.pc:mvn_mag_l2_2023169pc_20230618::1.2
P,urn:nasa:pds:maven.mag.calibrated:data.pc:mvn_mag_l2_2023170pc_20230619::1.2
P,urn:nasa:pds:maven.mag.calibrated:data.pc:mvn_mag_l2_2023171pc_20230620::1.2
P,urn:nasa:pds:maven.mag.calibrated:data.pc:mvn_mag_l2_2023172pc_20230621::1.2
P,urn:nasa:pds:maven.mag.calibrated:data.pc:mvn_mag_l2_2023173pc_20230622::1.2
P,urn:nasa:pds:maven.mag.calibrated:data.pc:mvn_mag_l2_2023174pc_20230623::1.2
P,urn:nasa:pds:maven.mag.calibrated:data.pc:mvn_mag_l2_2023175pc_20230624::1.2
P,urn:nasa:pds:maven.mag.calibrated:data.pc:mvn_mag_l2_2023176pc_20230625::1.2
P,urn:nasa:pds:maven.mag.calibrated:data.pc:mvn_mag_l2_2023177pc_20230626::1.2
P,urn:nasa:pds:maven.mag.calibrated:data.pc:mvn_mag_l2_2023178pc_20230627::1.2
P,urn:nasa:pds:maven.mag.calibrated:data.pc:mvn_mag_l2_2023179pc_20230628::1.2
P,urn:nasa:pds:maven.mag.calibrated:data.pc:mvn_mag_l2_2023180pc_20230629::1.2
P,urn:nasa:pds:maven.mag.calibrated:data.pc:mvn_mag_l2_2023181pc_20230630::1.2
P,urn:nasa:pds:maven.mag.calibrated:data.pc:mvn_mag_l2_2023182pc_20230701::1.2
P,urn:nasa:pds:maven.mag.calibrated:data.pc:mvn_mag_l2_2023183pc_20230702::1.2
P,urn:nasa:pds:maven.mag.calibrated:data.pc:mvn_mag_l2_2023184pc_20230703::1.2
P,urn:nasa:pds:maven.mag.calibrated:data.pc:mvn_mag_l2_2023185pc_20230704::1.2
P,urn:nasa:pds:maven.mag.calibrated:data.pc:mvn_mag_l2_2023186pc_20230705::1.2
P,urn:nasa:pds:maven.mag.calibrated:data.pc:mvn_mag_l2_2023187pc_20230706::1.2
P,urn:nasa:pds:maven.mag.calibrated:data.pc:mvn_mag_l2_2023188pc_20230707::1.2
P,urn:nasa:pds:maven.mag.calibrated:data.pc:mvn_mag_l2_2023189pc_20230708::1.2
P,urn:nasa:pds:maven.mag.calibrated:data.pc:mvn_mag_l2_2023190pc_20230709::1.2
P,urn:nasa:pds:maven.mag.calibrated:data.pc:mvn_mag_l2_2023191pc_20230710::1.2
P,urn:nasa:pds:maven.mag.calibrated:data.pc:mvn_mag_l2_2023192pc_20230711::1.2
P,urn:nasa:pds:maven.mag.calibrated:data.pc:mvn_mag_l2_2023193pc_20230712::1.2
P,urn:nasa:pds:maven.mag.calibrated:data.pc:mvn_mag_l2_2023194pc_20230713::1.2
P,urn:nasa:pds:maven.mag.calibrated:data.pc:mvn_mag_l2_2023195pc_20230714::1.2
P,urn:nasa:pds:maven.mag.calibrated:data.pc:mvn_mag_l2_2023196pc_20230715::1.2
P,urn:nasa:pds:maven.mag.calibrated:data.pc:mvn_mag_l2_2023197pc_20230716::1.2
P,urn:nasa:pds:maven.mag.calibrated:data.pc:mvn_mag_l2_2023198pc_20230717::1.2
P,urn:nasa:pds:maven.mag.calibrated:data.pc:mvn_mag_l2_2023199pc_20230718::1.2
P,urn:nasa:pds:maven.mag.calibrated:data.pc:mvn_mag_l2_2023200pc_20230719::1.2
P,urn:nasa:pds:maven.mag.calibrated:data.pc:mvn_mag_l2_2023201pc_20230720::1.2
P,urn:nasa:pds:maven.mag.calibrated:data.pc:mvn_mag_l2_2023202pc_20230721::1.2
P,urn:nasa:pds:maven.mag.calibrated:data.pc:mvn_mag_l2_2023203pc_20230722::1.2
P,urn:nasa:pds:maven.mag.calibrated:data.pc:mvn_mag_l2_2023204pc_20230723::1.2
P,urn:nasa:pds:maven.mag.calibrated:data.pc:mvn_mag_l2_2023205pc_20230724::1.2
P,urn:nasa:pds:maven.mag.calibrated:data.pc:mvn_mag_l2_2023206pc_20230725::1.2
P,urn:nasa:pds:maven.mag.calibrated:data.pc:mvn_mag_l2_2023207pc_20230726::1.2
P,urn:nasa:pds:maven.mag.calibrated:data.pc:mvn_mag_l2_2023208pc_20230727::1.2
P,urn:nasa:pds:maven.mag.calibrated:data.pc:mvn_mag_l2_2023209pc_20230728::1.2
P,urn:nasa:pds:maven.mag.calibrated:data.pc:mvn_mag_l2_2023210pc_20230729::1.2
P,urn:nasa:pds:maven.mag.calibrated:data.pc:mvn_mag_l2_2023211pc_20230730::1.2
P,urn:nasa:pds:maven.mag.calibrated:data.pc:mvn_mag_l2_2023212pc_20230731::1.2
P,urn:nasa:pds:maven.mag.calibrated:data.pc:mvn_mag_l2_2023213pc_20230801::1.2
P,urn:nasa:pds:maven.mag.calibrated:data.pc:mvn_mag_l2_2023214pc_20230802::1.2
P,urn:nasa:pds:maven.mag.calibrated:data.pc:mvn_mag_l2_2023215pc_20230803::1.2
P,urn:nasa:pds:maven.mag.calibrated:data.pc:mvn_mag_l2_2023216pc_20230804::1.2
P,urn:nasa:pds:maven.mag.calibrated:data.pc:mvn_mag_l2_2023217pc_20230805::1.2
P,urn:nasa:pds:maven.mag.calibrated:data.pc:mvn_mag_l2_2023218pc_20230806::1.2
P,urn:nasa:pds:maven.mag.calibrated:data.pc:mvn_mag_l2_2023219pc_20230807::1.2
P,urn:nasa:pds:maven.mag.calibrated:data.pc:mvn_mag_l2_2023220pc_20230808::1.2
P,urn:nasa:pds:maven.mag.calibrated:data.pc:mvn_mag_l2_2023221pc_20230809::1.2
P,urn:nasa:pds:maven.mag.calibrated:data.pc:mvn_mag_l2_2023222pc_20230810::1.2
P,urn:nasa:pds:maven.mag.calibrated:data.pc:mvn_mag_l2_2023223pc_20230811::1.2
P,urn:nasa:pds:maven.mag.calibrated:data.pc:mvn_mag_l2_2023224pc_20230812::1.2
P,urn:nasa:pds:maven.mag.calibrated:data.pc:mvn_mag_l2_2023225pc_20230813::1.2
P,urn:nasa:pds:maven.mag.calibrated:data.pc:mvn_mag_l2_2023226pc_20230814::1.2
P,urn:nasa:pds:maven.mag.calibrated:data.pc:mvn_mag_l2_2023227pc_20230815::1.2
P,urn:nasa:pds:maven.mag.calibrated:data.pc:mvn_mag_l2_2023228pc_20230816::1.2
P,urn:nasa:pds:maven.mag.calibrated:data.pc:mvn_mag_l2_2023229pc_20230817::1.2
P,urn:nasa:pds:maven.mag.calibrated:data.pc:mvn_mag_l2_2023230pc_20230818::1.2
P,urn:nasa:pds:maven.mag.calibrated:data.pc:mvn_mag_l2_2023231pc_20230819::1.2
P,urn:nasa:pds:maven.mag.calibrated:data.pc:mvn_mag_l2_2023232pc_20230820::1.2
P,urn:nasa:pds:maven.mag.calibrated:data.pc:mvn_mag_l2_2023233pc_20230821::1.2
P,urn:nasa:pds:maven.mag.calibrated:data.pc:mvn_mag_l2_2023234pc_20230822::1.2
P,urn:nasa:pds:maven.mag.calibrated:data.pc:mvn_mag_l2_2023235pc_20230823::1.2
P,urn:nasa:pds:maven.mag.calibrated:data.pc:mvn_mag_l2_2023236pc_20230824::1.2
P,urn:nasa:pds:maven.mag.calibrated:data.pc:mvn_mag_l2_2023237pc_20230825::1.2
P,urn:nasa:pds:maven.mag.calibrated:data.pc:mvn_mag_l2_2023238pc_20230826::1.2
P,urn:nasa:pds:maven.mag.calibrated:data.pc:mvn_mag_l2_2023239pc_20230827::1.2
P,urn:nasa:pds:maven.mag.calibrated:data.pc:mvn_mag_l2_2023240pc_20230828::1.2
P,urn:nasa:pds:maven.mag.calibrated:data.pc:mvn_mag_l2_2023241pc_20230829::1.2
P,urn:nasa:pds:maven.mag.calibrated:data.pc:mvn_mag_l2_2023242pc_20230830::1.2
P,urn:nasa:pds:maven.mag.calibrated:data.pc:mvn_mag_l2_2023243pc_20230831::1.2
P,urn:nasa:pds:maven.mag.calibrated:data.pc:mvn_mag_l2_2023244pc_20230901::1.2
P,urn:nasa:pds:maven.mag.calibrated:data.pc:mvn_mag_l2_2023245pc_20230902::1.2
P,urn:nasa:pds:maven.mag.calibrated:data.pc:mvn_mag_l2_2023246pc_20230903::1.2
P,urn:nasa:pds:maven.mag.calibrated:data.pc:mvn_mag_l2_2023247pc_20230904::1.2
P,urn:nasa:pds:maven.mag.calibrated:data.pc:mvn_mag_l2_2023248pc_20230905::1.2
P,urn:nasa:pds:maven.mag.calibrated:data.pc:mvn_mag_l2_2023249pc_20230906::1.2
P,urn:nasa:pds:maven.mag.calibrated:data.pc:mvn_mag_l2_2023250pc_20230907::1.2
P,urn:nasa:pds:maven.mag.calibrated:data.pc:mvn_mag_l2_2023251pc_20230908::1.2
P,urn:nasa:pds:maven.mag.calibrated:data.pc:mvn_mag_l2_2023252pc_20230909::1.2
P,urn:nasa:pds:maven.mag.calibrated:data.pc:mvn_mag_l2_2023253pc_20230910::1.2
P,urn:nasa:pds:maven.mag.calibrated:data.pc:mvn_mag_l2_2023254pc_20230911::1.2
P,urn:nasa:pds:maven.mag.calibrated:data.pc:mvn_mag_l2_2023255pc_20230912::1.2
P,urn:nasa:pds:maven.mag.calibrated:data.pc:mvn_mag_l2_2023256pc_20230913::1.2
P,urn:nasa:pds:maven.mag.calibrated:data.pc:mvn_mag_l2_2023257pc_20230914::1.2
P,urn:nasa:pds:maven.mag.calibrated:data.pc:mvn_mag_l2_2023258pc_20230915::1.2
P,urn:nasa:pds:maven.mag.calibrated:data.pc:mvn_mag_l2_2023259pc_20230916::1.2
P,urn:nasa:pds:maven.mag.calibrated:data.pc:mvn_mag_l2_2023260pc_20230917::1.2
P,urn:nasa:pds:maven.mag.calibrated:data.pc:mvn_mag_l2_2023261pc_20230918::1.2
P,urn:nasa:pds:maven.mag.calibrated:data.pc:mvn_mag_l2_2023262pc_20230919::1.2
P,urn:nasa:pds:maven.mag.calibrated:data.pc:mvn_mag_l2_2023263pc_20230920::1.2
P,urn:nasa:pds:maven.mag.calibrated:data.pc:mvn_mag_l2_2023264pc_20230921::1.2
P,urn:nasa:pds:maven.mag.calibrated:data.pc:mvn_mag_l2_2023265pc_20230922::1.2
P,urn:nasa:pds:maven.mag.calibrated:data.pc:mvn_mag_l2_2023266pc_20230923::1.2
P,urn:nasa:pds:maven.mag.calibrated:data.pc:mvn_mag_l2_2023267pc_20230924::1.2
P,urn:nasa:pds:maven.mag.calibrated:data.pc:mvn_mag_l2_2023268pc_20230925::1.2
P,urn:nasa:pds:maven.mag.calibrated:data.pc:mvn_mag_l2_2023269pc_20230926::1.2
P,urn:nasa:pds:maven.mag.calibrated:data.pc:mvn_mag_l2_2023270pc_20230927::1.2
P,urn:nasa:pds:maven.mag.calibrated:data.pc:mvn_mag_l2_2023271pc_20230928::1.2
P,urn:nasa:pds:maven.mag.calibrated:data.pc:mvn_mag_l2_2023272pc_20230929::1.2
P,urn:nasa:pds:maven.mag.calibrated:data.pc:mvn_mag_l2_2023273pc_20230930::1.2
P,urn:nasa:pds:maven.mag.calibrated:data.pc:mvn_mag_l2_2023274pc_20231001::1.2
P,urn:nasa:pds:maven.mag.calibrated:data.pc:mvn_mag_l2_2023275pc_20231002::1.2
P,urn:nasa:pds:maven.mag.calibrated:data.pc:mvn_mag_l2_2023276pc_20231003::1.2
P,urn:nasa:pds:maven.mag.calibrated:data.pc:mvn_mag_l2_2023277pc_20231004::1.2
P,urn:nasa:pds:maven.mag.calibrated:data.pc:mvn_mag_l2_2023278pc_20231005::1.2
P,urn:nasa:pds:maven.mag.calibrated:data.pc:mvn_mag_l2_2023279pc_20231006::1.2
P,urn:nasa:pds:maven.mag.calibrated:data.pc:mvn_mag_l2_2023280pc_20231007::1.2
P,urn:nasa:pds:maven.mag.calibrated:data.pc:mvn_mag_l2_2023281pc_20231008::1.2
P,urn:nasa:pds:maven.mag.calibrated:data.pc:mvn_mag_l2_2023282pc_20231009::1.2
P,urn:nasa:pds:maven.mag.calibrated:data.pc:mvn_mag_l2_2023283pc_20231010::1.2
P,urn:nasa:pds:maven.mag.calibrated:data.pc:mvn_mag_l2_2023284pc_20231011::1.2
P,urn:nasa:pds:maven.mag.calibrated:data.pc:mvn_mag_l2_2023285pc_20231012::1.2
P,urn:nasa:pds:maven.mag.calibrated:data.pc:mvn_mag_l2_2023286pc_20231013::1.2
P,urn:nasa:pds:maven.mag.calibrated:data.pc:mvn_mag_l2_2023287pc_20231014::1.2
P,urn:nasa:pds:maven.mag.calibrated:data.pc:mvn_mag_l2_2023288pc_20231015::1.2
P,urn:nasa:pds:maven.mag.calibrated:data.pc:mvn_mag_l2_2023289pc_20231016::1.2
P,urn:nasa:pds:maven.mag.calibrated:data.pc:mvn_mag_l2_2023290pc_20231017::1.2
P,urn:nasa:pds:maven.mag.calibrated:data.pc:mvn_mag_l2_2023291pc_20231018::1.2
P,urn:nasa:pds:maven.mag.calibrated:data.pc:mvn_mag_l2_2023292pc_20231019::1.2
P,urn:nasa:pds:maven.mag.calibrated:data.pc:mvn_mag_l2_2023293pc_20231020::1.2
P,urn:nasa:pds:maven.mag.calibrated:data.pc:mvn_mag_l2_2023294pc_20231021::1.2
P,urn:nasa:pds:maven.mag.calibrated:data.pc:mvn_mag_l2_2023295pc_20231022::1.2
P,urn:nasa:pds:maven.mag.calibrated:data.pc:mvn_mag_l2_2023296pc_20231023::1.2
P,urn:nasa:pds:maven.mag.calibrated:data.pc:mvn_mag_l2_2023297pc_20231024::1.2
P,urn:nasa:pds:maven.mag.calibrated:data.pc:mvn_mag_l2_2023298pc_20231025::1.2
P,urn:nasa:pds:maven.mag.calibrated:data.pc:mvn_mag_l2_2023299pc_20231026::1.2
P,urn:nasa:pds:maven.mag.calibrated:data.pc:mvn_mag_l2_2023300pc_20231027::1.2
P,urn:nasa:pds:maven.mag.calibrated:data.pc:mvn_mag_l2_2023301pc_20231028::1.2
P,urn:nasa:pds:maven.mag.calibrated:data.pc:mvn_mag_l2_2023302pc_20231029::1.2
P,urn:nasa:pds:maven.mag.calibrated:data.pc:mvn_mag_l2_2023303pc_20231030::1.2
P,urn:nasa:pds:maven.mag.calibrated:data.pc:mvn_mag_l2_2023304pc_20231031::1.2
P,urn:nasa:pds:maven.mag.calibrated:data.pc:mvn_mag_l2_2023319pc_20231115::1.1
P,urn:nasa:pds:maven.mag.calibrated:data.pc:mvn_mag_l2_2023320pc_20231116::1.1
P,urn:nasa:pds:maven.mag.calibrated:data.pc:mvn_mag_l2_2023321pc_20231117::1.1
P,urn:nasa:pds:maven.mag.calibrated:data.pc:mvn_mag_l2_2023322pc_20231118::1.1
P,urn:nasa:pds:maven.mag.calibrated:data.pc:mvn_mag_l2_2023323pc_20231119::1.1
P,urn:nasa:pds:maven.mag.calibrated:data.pc:mvn_mag_l2_2023324pc_20231120::1.1
P,urn:nasa:pds:maven.mag.calibrated:data.pc:mvn_mag_l2_2023325pc_20231121::1.1
P,urn:nasa:pds:maven.mag.calibrated:data.pc:mvn_mag_l2_2023326pc_20231122::1.1
P,urn:nasa:pds:maven.mag.calibrated:data.pc:mvn_mag_l2_2023327pc_20231123::1.1
P,urn:nasa:pds:maven.mag.calibrated:data.pc:mvn_mag_l2_2023328pc_20231124::1.1
P,urn:nasa:pds:maven.mag.calibrated:data.pc:mvn_mag_l2_2023329pc_20231125::1.1
P,urn:nasa:pds:maven.mag.calibrated:data.pc:mvn_mag_l2_2023330pc_20231126::1.1
P,urn:nasa:pds:maven.mag.calibrated:data.pc:mvn_mag_l2_2023331pc_20231127::1.1
P,urn:nasa:pds:maven.mag.calibrated:data.pc:mvn_mag_l2_2023332pc_20231128::1.1
P,urn:nasa:pds:maven.mag.calibrated:data.pc:mvn_mag_l2_2023333pc_20231129::1.1
P,urn:nasa:pds:maven.mag.calibrated:data.pc:mvn_mag_l2_2023334pc_20231130::1.1
P,urn:nasa:pds:maven.mag.calibrated:data.pc:mvn_mag_l2_2023335pc_20231201::1.1
P,urn:nasa:pds:maven.mag.calibrated:data.pc:mvn_mag_l2_2023336pc_20231202::1.1
P,urn:nasa:pds:maven.mag.calibrated:data.pc:mvn_mag_l2_2023337pc_20231203::1.1
P,urn:nasa:pds:maven.mag.calibrated:data.pc:mvn_mag_l2_2023338pc_20231204::1.1
P,urn:nasa:pds:maven.mag.calibrated:data.pc:mvn_mag_l2_2023339pc_20231205::1.1
P,urn:nasa:pds:maven.mag.calibrated:data.pc:mvn_mag_l2_2023340pc_20231206::1.1
P,urn:nasa:pds:maven.mag.calibrated:data.pc:mvn_mag_l2_2023341pc_20231207::1.1
P,urn:nasa:pds:maven.mag.calibrated:data.pc:mvn_mag_l2_2023342pc_20231208::1.1
P,urn:nasa:pds:maven.mag.calibrated:data.pc:mvn_mag_l2_2023343pc_20231209::1.1
P,urn:nasa:pds:maven.mag.calibrated:data.pc:mvn_mag_l2_2023344pc_20231210::1.1
P,urn:nasa:pds:maven.mag.calibrated:data.pc:mvn_mag_l2_2023345pc_20231211::1.1
P,urn:nasa:pds:maven.mag.calibrated:data.pc:mvn_mag_l2_2023346pc_20231212::1.1
P,urn:nasa:pds:maven.mag.calibrated:data.pc:mvn_mag_l2_2023347pc_20231213::1.1
P,urn:nasa:pds:maven.mag.calibrated:data.pc:mvn_mag_l2_2023348pc_20231214::1.1
P,urn:nasa:pds:maven.mag.calibrated:data.pc:mvn_mag_l2_2023349pc_20231215::1.1
P,urn:nasa:pds:maven.mag.calibrated:data.pc:mvn_mag_l2_2023350pc_20231216::1.1
P,urn:nasa:pds:maven.mag.calibrated:data.pc:mvn_mag_l2_2023351pc_20231217::1.1
P,urn:nasa:pds:maven.mag.calibrated:data.pc:mvn_mag_l2_2023352pc_20231218::1.1
P,urn:nasa:pds:maven.mag.calibrated:data.pc:mvn_mag_l2_2023353pc_20231219::1.1
P,urn:nasa:pds:maven.mag.calibrated:data.pc:mvn_mag_l2_2023354pc_20231220::1.1
P,urn:nasa:pds:maven.mag.calibrated:data.pc:mvn_mag_l2_2023355pc_20231221::1.1
P,urn:nasa:pds:maven.mag.calibrated:data.pc:mvn_mag_l2_2023356pc_20231222::1.1
P,urn:nasa:pds:maven.mag.calibrated:data.pc:mvn_mag_l2_2023357pc_20231223::1.1
P,urn:nasa:pds:maven.mag.calibrated:data.pc:mvn_mag_l2_2023358pc_20231224::1.1
P,urn:nasa:pds:maven.mag.calibrated:data.pc:mvn_mag_l2_2023359pc_20231225::1.1
P,urn:nasa:pds:maven.mag.calibrated:data.pc:mvn_mag_l2_2023360pc_20231226::1.1
P,urn:nasa:pds:maven.mag.calibrated:data.pc:mvn_mag_l2_2023361pc_20231227::1.1
P,urn:nasa:pds:maven.mag.calibrated:data.pc:mvn_mag_l2_2023362pc_20231228::1.1
P,urn:nasa:pds:maven.mag.calibrated:data.pc:mvn_mag_l2_2023363pc_20231229::1.1
P,urn:nasa:pds:maven.mag.calibrated:data.pc:mvn_mag_l2_2023364pc_20231230::1.1
P,urn:nasa:pds:maven.mag.calibrated:data.pc:mvn_mag_l2_2023365pc_20231231::1.1
P,urn:nasa:pds:maven.mag.calibrated:data.pc:mvn_mag_l2_2024001pc_20240101::1.1
P,urn:nasa:pds:maven.mag.calibrated:data.pc:mvn_mag_l2_2024002pc_20240102::1.1
P,urn:nasa:pds:maven.mag.calibrated:data.pc:mvn_mag_l2_2024003pc_20240103::1.1
P,urn:nasa:pds:maven.mag.calibrated:data.pc:mvn_mag_l2_2024004pc_20240104::1.1
P,urn:nasa:pds:maven.mag.calibrated:data.pc:mvn_mag_l2_2024005pc_20240105::1.1
P,urn:nasa:pds:maven.mag.calibrated:data.pc:mvn_mag_l2_2024006pc_20240106::1.1
P,urn:nasa:pds:maven.mag.calibrated:data.pc:mvn_mag_l2_2024007pc_20240107::1.1
P,urn:nasa:pds:maven.mag.calibrated:data.pc:mvn_mag_l2_2024008pc_20240108::1.1
P,urn:nasa:pds:maven.mag.calibrated:data.pc:mvn_mag_l2_2024009pc_20240109::1.1
P,urn:nasa:pds:maven.mag.calibrated:data.pc:mvn_mag_l2_2024010pc_20240110::1.1
P,urn:nasa:pds:maven.mag.calibrated:data.pc:mvn_mag_l2_2024011pc_20240111::1.1
P,urn:nasa:pds:maven.mag.calibrated:data.pc:mvn_mag_l2_2024012pc_20240112::1.1
P,urn:nasa:pds:maven.mag.calibrated:data.pc:mvn_mag_l2_2024013pc_20240113::1.1
P,urn:nasa:pds:maven.mag.calibrated:data.pc:mvn_mag_l2_2024014pc_20240114::1.1
P,urn:nasa:pds:maven.mag.calibrated:data.pc:mvn_mag_l2_2024015pc_20240115::1.1
P,urn:nasa:pds:maven.mag.calibrated:data.pc:mvn_mag_l2_2024016pc_20240116::1.1
P,urn:nasa:pds:maven.mag.calibrated:data.pc:mvn_mag_l2_2024017pc_20240117::1.1
P,urn:nasa:pds:maven.mag.calibrated:data.pc:mvn_mag_l2_2024018pc_20240118::1.1
P,urn:nasa:pds:maven.mag.calibrated:data.pc:mvn_mag_l2_2024019pc_20240119::1.1
P,urn:nasa:pds:maven.mag.calibrated:data.pc:mvn_mag_l2_2024020pc_20240120::1.1
P,urn:nasa:pds:maven.mag.calibrated:data.pc:mvn_mag_l2_2024021pc_20240121::1.1
P,urn:nasa:pds:maven.mag.calibrated:data.pc:mvn_mag_l2_2024022pc_20240122::1.1
P,urn:nasa:pds:maven.mag.calibrated:data.pc:mvn_mag_l2_2024023pc_20240123::1.1
P,urn:nasa:pds:maven.mag.calibrated:data.pc:mvn_mag_l2_2024024pc_20240124::1.1
P,urn:nasa:pds:maven.mag.calibrated:data.pc:mvn_mag_l2_2024025pc_20240125::1.1
P,urn:nasa:pds:maven.mag.calibrated:data.pc:mvn_mag_l2_2024026pc_20240126::1.1
P,urn:nasa:pds:maven.mag.calibrated:data.pc:mvn_mag_l2_2024027pc_20240127::1.1
P,urn:nasa:pds:maven.mag.calibrated:data.pc:mvn_mag_l2_2024028pc_20240128::1.1
P,urn:nasa:pds:maven.mag.calibrated:data.pc:mvn_mag_l2_2024029pc_20240129::1.1
P,urn:nasa:pds:maven.mag.calibrated:data.pc:mvn_mag_l2_2024030pc_20240130::1.1
P,urn:nasa:pds:maven.mag.calibrated:data.pc:mvn_mag_l2_2024031pc_20240131::1.1
P,urn:nasa:pds:maven.mag.calibrated:data.pc:mvn_mag_l2_2024046pc_20240215::1.2
P,urn:nasa:pds:maven.mag.calibrated:data.pc:mvn_mag_l2_2024047pc_20240216::1.2
P,urn:nasa:pds:maven.mag.calibrated:data.pc:mvn_mag_l2_2024048pc_20240217::1.2
P,urn:nasa:pds:maven.mag.calibrated:data.pc:mvn_mag_l2_2024049pc_20240218::1.2
P,urn:nasa:pds:maven.mag.calibrated:data.pc:mvn_mag_l2_2024050pc_20240219::1.2
P,urn:nasa:pds:maven.mag.calibrated:data.pc:mvn_mag_l2_2024051pc_20240220::1.2
P,urn:nasa:pds:maven.mag.calibrated:data.pc:mvn_mag_l2_2024052pc_20240221::1.2
P,urn:nasa:pds:maven.mag.calibrated:data.pc:mvn_mag_l2_2024053pc_20240222::1.2
P,urn:nasa:pds:maven.mag.calibrated:data.pc:mvn_mag_l2_2024054pc_20240223::1.2
P,urn:nasa:pds:maven.mag.calibrated:data.pc:mvn_mag_l2_2024055pc_20240224::1.2
P,urn:nasa:pds:maven.mag.calibrated:data.pc:mvn_mag_l2_2024056pc_20240225::1.2
P,urn:nasa:pds:maven.mag.calibrated:data.pc:mvn_mag_l2_2024057pc_20240226::1.2
P,urn:nasa:pds:maven.mag.calibrated:data.pc:mvn_mag_l2_2024058pc_20240227::1.2
P,urn:nasa:pds:maven.mag.calibrated:data.pc:mvn_mag_l2_2024059pc_20240228::1.2
P,urn:nasa:pds:maven.mag.calibrated:data.pc:mvn_mag_l2_2024060pc_20240229::1.2
P,urn:nasa:pds:maven.mag.calibrated:data.pc:mvn_mag_l2_2024061pc_20240301::1.2
P,urn:nasa:pds:maven.mag.calibrated:data.pc:mvn_mag_l2_2024062pc_20240302::1.2
P,urn:nasa:pds:maven.mag.calibrated:data.pc:mvn_mag_l2_2024063pc_20240303::1.2
P,urn:nasa:pds:maven.mag.calibrated:data.pc:mvn_mag_l2_2024064pc_20240304::1.2
P,urn:nasa:pds:maven.mag.calibrated:data.pc:mvn_mag_l2_2024065pc_20240305::1.2
P,urn:nasa:pds:maven.mag.calibrated:data.pc:mvn_mag_l2_2024066pc_20240306::1.2
P,urn:nasa:pds:maven.mag.calibrated:data.pc:mvn_mag_l2_2024067pc_20240307::1.2
P,urn:nasa:pds:maven.mag.calibrated:data.pc:mvn_mag_l2_2024068pc_20240308::1.2
P,urn:nasa:pds:maven.mag.calibrated:data.pc:mvn_mag_l2_2024069pc_20240309::1.2
P,urn:nasa:pds:maven.mag.calibrated:data.pc:mvn_mag_l2_2024070pc_20240310::1.2
P,urn:nasa:pds:maven.mag.calibrated:data.pc:mvn_mag_l2_2024071pc_20240311::1.2
P,urn:nasa:pds:maven.mag.calibrated:data.pc:mvn_mag_l2_2024072pc_20240312::1.2
P,urn:nasa:pds:maven.mag.calibrated:data.pc:mvn_mag_l2_2024073pc_20240313::1.2
P,urn:nasa:pds:maven.mag.calibrated:data.pc:mvn_mag_l2_2024074pc_20240314::1.2
P,urn:nasa:pds:maven.mag.calibrated:data.pc:mvn_mag_l2_2024075pc_20240315::1.2
P,urn:nasa:pds:maven.mag.calibrated:data.pc:mvn_mag_l2_2024076pc_20240316::1.2
P,urn:nasa:pds:maven.mag.calibrated:data.pc:mvn_mag_l2_2024077pc_20240317::1.2
P,urn:nasa:pds:maven.mag.calibrated:data.pc:mvn_mag_l2_2024078pc_20240318::1.2
P,urn:nasa:pds:maven.mag.calibrated:data.pc:mvn_mag_l2_2024079pc_20240319::1.2
P,urn:nasa:pds:maven.mag.calibrated:data.pc:mvn_mag_l2_2024080pc_20240320::1.2
P,urn:nasa:pds:maven.mag.calibrated:data.pc:mvn_mag_l2_2024081pc_20240321::1.2
P,urn:nasa:pds:maven.mag.calibrated:data.pc:mvn_mag_l2_2024082pc_20240322::1.2
P,urn:nasa:pds:maven.mag.calibrated:data.pc:mvn_mag_l2_2024083pc_20240323::1.2
P,urn:nasa:pds:maven.mag.calibrated:data.pc:mvn_mag_l2_2024084pc_20240324::1.2
P,urn:nasa:pds:maven.mag.calibrated:data.pc:mvn_mag_l2_2024085pc_20240325::1.2
P,urn:nasa:pds:maven.mag.calibrated:data.pc:mvn_mag_l2_2024086pc_20240326::1.2
P,urn:nasa:pds:maven.mag.calibrated:data.pc:mvn_mag_l2_2024087pc_20240327::1.2
P,urn:nasa:pds:maven.mag.calibrated:data.pc:mvn_mag_l2_2024088pc_20240328::1.2
P,urn:nasa:pds:maven.mag.calibrated:data.pc:mvn_mag_l2_2024089pc_20240329::1.2
P,urn:nasa:pds:maven.mag.calibrated:data.pc:mvn_mag_l2_2024090pc_20240330::1.2
P,urn:nasa:pds:maven.mag.calibrated:data.pc:mvn_mag_l2_2024091pc_20240331::1.2
P,urn:nasa:pds:maven.mag.calibrated:data.pc:mvn_mag_l2_2024092pc_20240401::1.2
P,urn:nasa:pds:maven.mag.calibrated:data.pc:mvn_mag_l2_2024093pc_20240402::1.2
P,urn:nasa:pds:maven.mag.calibrated:data.pc:mvn_mag_l2_2024094pc_20240403::1.2
P,urn:nasa:pds:maven.mag.calibrated:data.pc:mvn_mag_l2_2024095pc_20240404::1.2
P,urn:nasa:pds:maven.mag.calibrated:data.pc:mvn_mag_l2_2024096pc_20240405::1.2
P,urn:nasa:pds:maven.mag.calibrated:data.pc:mvn_mag_l2_2024097pc_20240406::1.2
P,urn:nasa:pds:maven.mag.calibrated:data.pc:mvn_mag_l2_2024098pc_20240407::1.2
P,urn:nasa:pds:maven.mag.calibrated:data.pc:mvn_mag_l2_2024099pc_20240408::1.2
P,urn:nasa:pds:maven.mag.calibrated:data.pc:mvn_mag_l2_2024100pc_20240409::1.2
P,urn:nasa:pds:maven.mag.calibrated:data.pc:mvn_mag_l2_2024101pc_20240410::1.2
P,urn:nasa:pds:maven.mag.calibrated:data.pc:mvn_mag_l2_2024102pc_20240411::1.2
P,urn:nasa:pds:maven.mag.calibrated:data.pc:mvn_mag_l2_2024103pc_20240412::1.2
P,urn:nasa:pds:maven.mag.calibrated:data.pc:mvn_mag_l2_2024104pc_20240413::1.2
P,urn:nasa:pds:maven.mag.calibrated:data.pc:mvn_mag_l2_2024105pc_20240414::1.2
P,urn:nasa:pds:maven.mag.calibrated:data.pc:mvn_mag_l2_2024106pc_20240415::1.2
P,urn:nasa:pds:maven.mag.calibrated:data.pc:mvn_mag_l2_2024107pc_20240416::1.2
P,urn:nasa:pds:maven.mag.calibrated:data.pc:mvn_mag_l2_2024108pc_20240417::1.2
P,urn:nasa:pds:maven.mag.calibrated:data.pc:mvn_mag_l2_2024109pc_20240418::1.2
P,urn:nasa:pds:maven.mag.calibrated:data.pc:mvn_mag_l2_2024110pc_20240419::1.2
P,urn:nasa:pds:maven.mag.calibrated:data.pc:mvn_mag_l2_2024111pc_20240420::1.2
P,urn:nasa:pds:maven.mag.calibrated:data.pc:mvn_mag_l2_2024112pc_20240421::1.2
P,urn:nasa:pds:maven.mag.calibrated:data.pc:mvn_mag_l2_2024113pc_20240422::1.2
P,urn:nasa:pds:maven.mag.calibrated:data.pc:mvn_mag_l2_2024114pc_20240423::1.2
P,urn:nasa:pds:maven.mag.calibrated:data.pc:mvn_mag_l2_2024115pc_20240424::1.2
P,urn:nasa:pds:maven.mag.calibrated:data.pc:mvn_mag_l2_2024116pc_20240425::1.2
P,urn:nasa:pds:maven.mag.calibrated:data.pc:mvn_mag_l2_2024117pc_20240426::1.2
P,urn:nasa:pds:maven.mag.calibrated:data.pc:mvn_mag_l2_2024118pc_20240427::1.2
P,urn:nasa:pds:maven.mag.calibrated:data.pc:mvn_mag_l2_2024119pc_20240428::1.2
P,urn:nasa:pds:maven.mag.calibrated:data.pc:mvn_mag_l2_2024120pc_20240429::1.2
P,urn:nasa:pds:maven.mag.calibrated:data.pc:mvn_mag_l2_2024121pc_20240430::1.2
P,urn:nasa:pds:maven.mag.calibrated:data.pc:mvn_mag_l2_2024136pc_20240515::1.2
P,urn:nasa:pds:maven.mag.calibrated:data.pc:mvn_mag_l2_2024137pc_20240516::1.2
P,urn:nasa:pds:maven.mag.calibrated:data.pc:mvn_mag_l2_2024138pc_20240517::1.2
P,urn:nasa:pds:maven.mag.calibrated:data.pc:mvn_mag_l2_2024139pc_20240518::1.2
P,urn:nasa:pds:maven.mag.calibrated:data.pc:mvn_mag_l2_2024140pc_20240519::1.2
P,urn:nasa:pds:maven.mag.calibrated:data.pc:mvn_mag_l2_2024141pc_20240520::1.2
P,urn:nasa:pds:maven.mag.calibrated:data.pc:mvn_mag_l2_2024142pc_20240521::1.2
P,urn:nasa:pds:maven.mag.calibrated:data.pc:mvn_mag_l2_2024143pc_20240522::1.2
P,urn:nasa:pds:maven.mag.calibrated:data.pc:mvn_mag_l2_2024144pc_20240523::1.2
P,urn:nasa:pds:maven.mag.calibrated:data.pc:mvn_mag_l2_2024145pc_20240524::1.2
P,urn:nasa:pds:maven.mag.calibrated:data.pc:mvn_mag_l2_2024146pc_20240525::1.2
P,urn:nasa:pds:maven.mag.calibrated:data.pc:mvn_mag_l2_2024147pc_20240526::1.2
P,urn:nasa:pds:maven.mag.calibrated:data.pc:mvn_mag_l2_2024148pc_20240527::1.2
P,urn:nasa:pds:maven.mag.calibrated:data.pc:mvn_mag_l2_2024149pc_20240528::1.2
P,urn:nasa:pds:maven.mag.calibrated:data.pc:mvn_mag_l2_2024150pc_20240529::1.2
P,urn:nasa:pds:maven.mag.calibrated:data.pc:mvn_mag_l2_2024151pc_20240530::1.2
P,urn:nasa:pds:maven.mag.calibrated:data.pc:mvn_mag_l2_2024152pc_20240531::1.2
P,urn:nasa:pds:maven.mag.calibrated:data.pc:mvn_mag_l2_2024153pc_20240601::1.2
P,urn:nasa:pds:maven.mag.calibrated:data.pc:mvn_mag_l2_2024154pc_20240602::1.2
P,urn:nasa:pds:maven.mag.calibrated:data.pc:mvn_mag_l2_2024155pc_20240603::1.2
P,urn:nasa:pds:maven.mag.calibrated:data.pc:mvn_mag_l2_2024156pc_20240604::1.2
P,urn:nasa:pds:maven.mag.calibrated:data.pc:mvn_mag_l2_2024157pc_20240605::1.2
P,urn:nasa:pds:maven.mag.calibrated:data.pc:mvn_mag_l2_2024158pc_20240606::1.2
P,urn:nasa:pds:maven.mag.calibrated:data.pc:mvn_mag_l2_2024159pc_20240607::1.2
P,urn:nasa:pds:maven.mag.calibrated:data.pc:mvn_mag_l2_2024160pc_20240608::1.2
P,urn:nasa:pds:maven.mag.calibrated:data.pc:mvn_mag_l2_2024161pc_20240609::1.2
P,urn:nasa:pds:maven.mag.calibrated:data.pc:mvn_mag_l2_2024162pc_20240610::1.2
P,urn:nasa:pds:maven.mag.calibrated:data.pc:mvn_mag_l2_2024163pc_20240611::1.2
P,urn:nasa:pds:maven.mag.calibrated:data.pc:mvn_mag_l2_2024164pc_20240612::1.2
P,urn:nasa:pds:maven.mag.calibrated:data.pc:mvn_mag_l2_2024165pc_20240613::1.2
P,urn:nasa:pds:maven.mag.calibrated:data.pc:mvn_mag_l2_2024166pc_20240614::1.2
P,urn:nasa:pds:maven.mag.calibrated:data.pc:mvn_mag_l2_2024167pc_20240615::1.2
P,urn:nasa:pds:maven.mag.calibrated:data.pc:mvn_mag_l2_2024168pc_20240616::1.2
P,urn:nasa:pds:maven.mag.calibrated:data.pc:mvn_mag_l2_2024169pc_20240617::1.2
P,urn:nasa:pds:maven.mag.calibrated:data.pc:mvn_mag_l2_2024170pc_20240618::1.2
P,urn:nasa:pds:maven.mag.calibrated:data.pc:mvn_mag_l2_2024171pc_20240619::1.2
P,urn:nasa:pds:maven.mag.calibrated:data.pc:mvn_mag_l2_2024172pc_20240620::1.2
P,urn:nasa:pds:maven.mag.calibrated:data.pc:mvn_mag_l2_2024173pc_20240621::1.2
P,urn:nasa:pds:maven.mag.calibrated:data.pc:mvn_mag_l2_2024174pc_20240622::1.2
P,urn:nasa:pds:maven.mag.calibrated:data.pc:mvn_mag_l2_2024175pc_20240623::1.2
P,urn:nasa:pds:maven.mag.calibrated:data.pc:mvn_mag_l2_2024176pc_20240624::1.2
P,urn:nasa:pds:maven.mag.calibrated:data.pc:mvn_mag_l2_2024177pc_20240625::1.2
P,urn:nasa:pds:maven.mag.calibrated:data.pc:mvn_mag_l2_2024178pc_20240626::1.2
P,urn:nasa:pds:maven.mag.calibrated:data.pc:mvn_mag_l2_2024179pc_20240627::1.2
P,urn:nasa:pds:maven.mag.calibrated:data.pc:mvn_mag_l2_2024180pc_20240628::1.2
P,urn:nasa:pds:maven.mag.calibrated:data.pc:mvn_mag_l2_2024181pc_20240629::1.2
P,urn:nasa:pds:maven.mag.calibrated:data.pc:mvn_mag_l2_2024182pc_20240630::1.2
P,urn:nasa:pds:maven.mag.calibrated:data.pc:mvn_mag_l2_2024228pc_20240815::1.2
P,urn:nasa:pds:maven.mag.calibrated:data.pc:mvn_mag_l2_2024229pc_20240816::1.2
P,urn:nasa:pds:maven.mag.calibrated:data.pc:mvn_mag_l2_2024230pc_20240817::1.2
P,urn:nasa:pds:maven.mag.calibrated:data.pc:mvn_mag_l2_2024231pc_20240818::1.2
P,urn:nasa:pds:maven.mag.calibrated:data.pc:mvn_mag_l2_2024232pc_20240819::1.2
P,urn:nasa:pds:maven.mag.calibrated:data.pc:mvn_mag_l2_2024233pc_20240820::1.2
P,urn:nasa:pds:maven.mag.calibrated:data.pc:mvn_mag_l2_2024234pc_20240821::1.2
P,urn:nasa:pds:maven.mag.calibrated:data.pc:mvn_mag_l2_2024235pc_20240822::1.2
P,urn:nasa:pds:maven.mag.calibrated:data.pc:mvn_mag_l2_2024236pc_20240823::1.2
P,urn:nasa:pds:maven.mag.calibrated:data.pc:mvn_mag_l2_2024237pc_20240824::1.2
P,urn:nasa:pds:maven.mag.calibrated:data.pc:mvn_mag_l2_2024238pc_20240825::1.2
P,urn:nasa:pds:maven.mag.calibrated:data.pc:mvn_mag_l2_2024239pc_20240826::1.2
P,urn:nasa:pds:maven.mag.calibrated:data.pc:mvn_mag_l2_2024240pc_20240827::1.2
P,urn:nasa:pds:maven.mag.calibrated:data.pc:mvn_mag_l2_2024241pc_20240828::1.2
P,urn:nasa:pds:maven.mag.calibrated:data.pc:mvn_mag_l2_2024242pc_20240829::1.2
P,urn:nasa:pds:maven.mag.calibrated:data.pc:mvn_mag_l2_2024243pc_20240830::1.2
P,urn:nasa:pds:maven.mag.calibrated:data.pc:mvn_mag_l2_2024244pc_20240831::1.2
P,urn:nasa:pds:maven.mag.calibrated:data.pc:mvn_mag_l2_2024245pc_20240901::1.2
P,urn:nasa:pds:maven.mag.calibrated:data.pc:mvn_mag_l2_2024246pc_20240902::1.2
P,urn:nasa:pds:maven.mag.calibrated:data.pc:mvn_mag_l2_2024247pc_20240903::1.2
P,urn:nasa:pds:maven.mag.calibrated:data.pc:mvn_mag_l2_2024248pc_20240904::1.2
P,urn:nasa:pds:maven.mag.calibrated:data.pc:mvn_mag_l2_2024249pc_20240905::1.2
P,urn:nasa:pds:maven.mag.calibrated:data.pc:mvn_mag_l2_2024250pc_20240906::1.2
P,urn:nasa:pds:maven.mag.calibrated:data.pc:mvn_mag_l2_2024251pc_20240907::1.2
P,urn:nasa:pds:maven.mag.calibrated:data.pc:mvn_mag_l2_2024252pc_20240908::1.2
P,urn:nasa:pds:maven.mag.calibrated:data.pc:mvn_mag_l2_2024253pc_20240909::1.2
P,urn:nasa:pds:maven.mag.calibrated:data.pc:mvn_mag_l2_2024254pc_20240910::1.2
P,urn:nasa:pds:maven.mag.calibrated:data.pc:mvn_mag_l2_2024255pc_20240911::1.2
P,urn:nasa:pds:maven.mag.calibrated:data.pc:mvn_mag_l2_2024256pc_20240912::1.2
P,urn:nasa:pds:maven.mag.calibrated:data.pc:mvn_mag_l2_2024257pc_20240913::1.2
P,urn:nasa:pds:maven.mag.calibrated:data.pc:mvn_mag_l2_2024258pc_20240914::1.2
P,urn:nasa:pds:maven.mag.calibrated:data.pc:mvn_mag_l2_2024259pc_20240915::1.2
P,urn:nasa:pds:maven.mag.calibrated:data.pc:mvn_mag_l2_2024260pc_20240916::1.2
P,urn:nasa:pds:maven.mag.calibrated:data.pc:mvn_mag_l2_2024261pc_20240917::1.2
P,urn:nasa:pds:maven.mag.calibrated:data.pc:mvn_mag_l2_2024262pc_20240918::1.2
P,urn:nasa:pds:maven.mag.calibrated:data.pc:mvn_mag_l2_2024263pc_20240919::1.2
P,urn:nasa:pds:maven.mag.calibrated:data.pc:mvn_mag_l2_2024264pc_20240920::1.2
P,urn:nasa:pds:maven.mag.calibrated:data.pc:mvn_mag_l2_2024265pc_20240921::1.2
P,urn:nasa:pds:maven.mag.calibrated:data.pc:mvn_mag_l2_2024266pc_20240922::1.2
P,urn:nasa:pds:maven.mag.calibrated:data.pc:mvn_mag_l2_2024267pc_20240923::1.2
P,urn:nasa:pds:maven.mag.calibrated:data.pc:mvn_mag_l2_2024268pc_20240924::1.2
P,urn:nasa:pds:maven.mag.calibrated:data.pc:mvn_mag_l2_2024269pc_20240925::1.2
P,urn:nasa:pds:maven.mag.calibrated:data.pc:mvn_mag_l2_2024270pc_20240926::1.2
P,urn:nasa:pds:maven.mag.calibrated:data.pc:mvn_mag_l2_2024271pc_20240927::1.2
P,urn:nasa:pds:maven.mag.calibrated:data.pc:mvn_mag_l2_2024272pc_20240928::1.2
P,urn:nasa:pds:maven.mag.calibrated:data.pc:mvn_mag_l2_2024273pc_20240929::1.2
P,urn:nasa:pds:maven.mag.calibrated:data.pc:mvn_mag_l2_2024274pc_20240930::1.2
P,urn:nasa:pds:maven.mag.calibrated:data.pc:mvn_mag_l2_2024275pc_20241001::1.2
P,urn:nasa:pds:maven.mag.calibrated:data.pc:mvn_mag_l2_2024276pc_20241002::1.2
P,urn:nasa:pds:maven.mag.calibrated:data.pc:mvn_mag_l2_2024277pc_20241003::1.2
P,urn:nasa:pds:maven.mag.calibrated:data.pc:mvn_mag_l2_2024278pc_20241004::1.2
P,urn:nasa:pds:maven.mag.calibrated:data.pc:mvn_mag_l2_2024279pc_20241005::1.2
P,urn:nasa:pds:maven.mag.calibrated:data.pc:mvn_mag_l2_2024280pc_20241006::1.2
P,urn:nasa:pds:maven.mag.calibrated:data.pc:mvn_mag_l2_2024281pc_20241007::1.2
P,urn:nasa:pds:maven.mag.calibrated:data.pc:mvn_mag_l2_2024282pc_20241008::1.2
P,urn:nasa:pds:maven.mag.calibrated:data.pc:mvn_mag_l2_2024283pc_20241009::1.2
P,urn:nasa:pds:maven.mag.calibrated:data.pc:mvn_mag_l2_2024284pc_20241010::1.2
P,urn:nasa:pds:maven.mag.calibrated:data.pc:mvn_mag_l2_2024285pc_20241011::1.2
P,urn:nasa:pds:maven.mag.calibrated:data.pc:mvn_mag_l2_2024286pc_20241012::1.2
P,urn:nasa:pds:maven.mag.calibrated:data.pc:mvn_mag_l2_2024287pc_20241013::1.2
P,urn:nasa:pds:maven.mag.calibrated:data.pc:mvn_mag_l2_2024288pc_20241014::1.2
P,urn:nasa:pds:maven.mag.calibrated:data.pc:mvn_mag_l2_2024289pc_20241015::1.2
P,urn:nasa:pds:maven.mag.calibrated:data.pc:mvn_mag_l2_2024290pc_20241016::1.2
P,urn:nasa:pds:maven.mag.calibrated:data.pc:mvn_mag_l2_2024291pc_20241017::1.2
P,urn:nasa:pds:maven.mag.calibrated:data.pc:mvn_mag_l2_2024292pc_20241018::1.2
P,urn:nasa:pds:maven.mag.calibrated:data.pc:mvn_mag_l2_2024293pc_20241019::1.2
P,urn:nasa:pds:maven.mag.calibrated:data.pc:mvn_mag_l2_2024294pc_20241020::1.2
P,urn:nasa:pds:maven.mag.calibrated:data.pc:mvn_mag_l2_2024295pc_20241021::1.2
P,urn:nasa:pds:maven.mag.calibrated:data.pc:mvn_mag_l2_2024296pc_20241022::1.2
P,urn:nasa:pds:maven.mag.calibrated:data.pc:mvn_mag_l2_2024297pc_20241023::1.2
P,urn:nasa:pds:maven.mag.calibrated:data.pc:mvn_mag_l2_2024298pc_20241024::1.2
P,urn:nasa:pds:maven.mag.calibrated:data.pc:mvn_mag_l2_2024299pc_20241025::1.2
P,urn:nasa:pds:maven.mag.calibrated:data.pc:mvn_mag_l2_2024300pc_20241026::1.2
P,urn:nasa:pds:maven.mag.calibrated:data.pc:mvn_mag_l2_2024301pc_20241027::1.2
P,urn:nasa:pds:maven.mag.calibrated:data.pc:mvn_mag_l2_2024302pc_20241028::1.2
P,urn:nasa:pds:maven.mag.calibrated:data.pc:mvn_mag_l2_2024303pc_20241029::1.2
P,urn:nasa:pds:maven.mag.calibrated:data.pc:mvn_mag_l2_2024304pc_20241030::1.2
P,urn:nasa:pds:maven.mag.calibrated:data.pc:mvn_mag_l2_2024305pc_20241031::1.2
P,urn:nasa:pds:maven.mag.calibrated:data.pc:mvn_mag_l2_2024306pc_20241101::1.2
P,urn:nasa:pds:maven.mag.calibrated:data.pc:mvn_mag_l2_2024307pc_20241102::1.2
P,urn:nasa:pds:maven.mag.calibrated:data.pc:mvn_mag_l2_2024308pc_20241103::1.2
P,urn:nasa:pds:maven.mag.calibrated:data.pc:mvn_mag_l2_2024309pc_20241104::1.2
P,urn:nasa:pds:maven.mag.calibrated:data.pc:mvn_mag_l2_2024310pc_20241105::1.2
P,urn:nasa:pds:maven.mag.calibrated:data.pc:mvn_mag_l2_2024311pc_20241106::1.2
P,urn:nasa:pds:maven.mag.calibrated:data.pc:mvn_mag_l2_2024312pc_20241107::1.2
P,urn:nasa:pds:maven.mag.calibrated:data.pc:mvn_mag_l2_2024313pc_20241108::1.2
P,urn:nasa:pds:maven.mag.calibrated:data.pc:mvn_mag_l2_2024314pc_20241109::1.2
P,urn:nasa:pds:maven.mag.calibrated:data.pc:mvn_mag_l2_2024315pc_20241110::1.2
P,urn:nasa:pds:maven.mag.calibrated:data.pc:mvn_mag_l2_2024316pc_20241111::1.2
P,urn:nasa:pds:maven.mag.calibrated:data.pc:mvn_mag_l2_2024317pc_20241112::1.2
P,urn:nasa:pds:maven.mag.calibrated:data.pc:mvn_mag_l2_2024318pc_20241113::1.2
P,urn:nasa:pds:maven.mag.calibrated:data.pc:mvn_mag_l2_2024319pc_20241114::1.2
P,urn:nasa:pds:maven.mag.calibrated:data.pc:mvn_mag_l2_2024320pc_20241115::1.2
P,urn:nasa:pds:maven.mag.calibrated:data.pc:mvn_mag_l2_2024321pc_20241116::1.2
P,urn:nasa:pds:maven.mag.calibrated:data.pc:mvn_mag_l2_2024322pc_20241117::1.2
P,urn:nasa:pds:maven.mag.calibrated:data.pc:mvn_mag_l2_2024323pc_20241118::1.2
P,urn:nasa:pds:maven.mag.calibrated:data.pc:mvn_mag_l2_2024324pc_20241119::1.2
P,urn:nasa:pds:maven.mag.calibrated:data.pc:mvn_mag_l2_2024325pc_20241120::1.2
P,urn:nasa:pds:maven.mag.calibrated:data.pc:mvn_mag_l2_2024326pc_20241121::1.2
P,urn:nasa:pds:maven.mag.calibrated:data.pc:mvn_mag_l2_2024327pc_20241122::1.2
P,urn:nasa:pds:maven.mag.calibrated:data.pc:mvn_mag_l2_2024328pc_20241123::1.2
P,urn:nasa:pds:maven.mag.calibrated:data.pc:mvn_mag_l2_2024329pc_20241124::1.2
P,urn:nasa:pds:maven.mag.calibrated:data.pc:mvn_mag_l2_2024330pc_20241125::1.2
P,urn:nasa:pds:maven.mag.calibrated:data.pc:mvn_mag_l2_2024331pc_20241126::1.2
P,urn:nasa:pds:maven.mag.calibrated:data.pc:mvn_mag_l2_2024332pc_20241127::1.2
P,urn:nasa:pds:maven.mag.calibrated:data.pc:mvn_mag_l2_2024333pc_20241128::1.2
P,urn:nasa:pds:maven.mag.calibrated:data.pc:mvn_mag_l2_2024334pc_20241129::1.2
P,urn:nasa:pds:maven.mag.calibrated:data.pc:mvn_mag_l2_2024335pc_20241130::1.2
P,urn:nasa:pds:maven.mag.calibrated:data.pc:mvn_mag_l2_2024336pc_20241201::1.2
P,urn:nasa:pds:maven.mag.calibrated:data.pc:mvn_mag_l2_2024337pc_20241202::1.2
P,urn:nasa:pds:maven.mag.calibrated:data.pc:mvn_mag_l2_2024338pc_20241203::1.2
P,urn:nasa:pds:maven.mag.calibrated:data.pc:mvn_mag_l2_2024339pc_20241204::1.2
P,urn:nasa:pds:maven.mag.calibrated:data.pc:mvn_mag_l2_2024340pc_20241205::1.2
P,urn:nasa:pds:maven.mag.calibrated:data.pc:mvn_mag_l2_2024341pc_20241206::1.2
P,urn:nasa:pds:maven.mag.calibrated:data.pc:mvn_mag_l2_2024342pc_20241207::1.2
P,urn:nasa:pds:maven.mag.calibrated:data.pc:mvn_mag_l2_2024343pc_20241208::1.2
P,urn:nasa:pds:maven.mag.calibrated:data.pc:mvn_mag_l2_2024344pc_20241209::1.2
P,urn:nasa:pds:maven.mag.calibrated:data.pc:mvn_mag_l2_2024345pc_20241210::1.2
P,urn:nasa:pds:maven.mag.calibrated:data.pc:mvn_mag_l2_2024346pc_20241211::1.2
P,urn:nasa:pds:maven.mag.calibrated:data.pc:mvn_mag_l2_2024347pc_20241212::1.2
P,urn:nasa:pds:maven.mag.calibrated:data.pc:mvn_mag_l2_2024348pc_20241213::1.2
P,urn:nasa:pds:maven.mag.calibrated:data.pc:mvn_mag_l2_2024349pc_20241214::1.2
P,urn:nasa:pds:maven.mag.calibrated:data.pc:mvn_mag_l2_2024350pc_20241215::1.2
P,urn:nasa:pds:maven.mag.calibrated:data.pc:mvn_mag_l2_2024351pc_20241216::1.2
P,urn:nasa:pds:maven.mag.calibrated:data.pc:mvn_mag_l2_2024352pc_20241217::1.2
P,urn:nasa:pds:maven.mag.calibrated:data.pc:mvn_mag_l2_2024353pc_20241218::1.2
P,urn:nasa:pds:maven.mag.calibrated:data.pc:mvn_mag_l2_2024354pc_20241219::1.2
P,urn:nasa:pds:maven.mag.calibrated:data.pc:mvn_mag_l2_2024355pc_20241220::1.2
P,urn:nasa:pds:maven.mag.calibrated:data.pc:mvn_mag_l2_2024356pc_20241221::1.2
P,urn:nasa:pds:maven.mag.calibrated:data.pc:mvn_mag_l2_2024357pc_20241222::1.2
P,urn:nasa:pds:maven.mag.calibrated:data.pc:mvn_mag_l2_2024358pc_20241223::1.2
P,urn:nasa:pds:maven.mag.calibrated:data.pc:mvn_mag_l2_2024359pc_20241224::1.2
P,urn:nasa:pds:maven.mag.calibrated:data.pc:mvn_mag_l2_2024360pc_20241225::1.2
P,urn:nasa:pds:maven.mag.calibrated:data.pc:mvn_mag_l2_2024361pc_20241226::1.2
P,urn:nasa:pds:maven.mag.calibrated:data.pc:mvn_mag_l2_2024362pc_20241227::1.2
P,urn:nasa:pds:maven.mag.calibrated:data.pc:mvn_mag_l2_2024363pc_20241228::1.2
P,urn:nasa:pds:maven.mag.calibrated:data.pc:mvn_mag_l2_2024364pc_20241229::1.2
P,urn:nasa:pds:maven.mag.calibrated:data.pc:mvn_mag_l2_2024365pc_20241230::1.2
P,urn:nasa:pds:maven.mag.calibrated:data.pc:mvn_mag_l2_2024366pc_20241231::1.2
P,urn:nasa:pds:maven.mag.calibrated:data.pc:mvn_mag_l2_2025001pc_20250101::1.2
P,urn:nasa:pds:maven.mag.calibrated:data.pc:mvn_mag_l2_2025002pc_20250102::1.2
P,urn:nasa:pds:maven.mag.calibrated:data.pc:mvn_mag_l2_2025003pc_20250103::1.2
P,urn:nasa:pds:maven.mag.calibrated:data.pc:mvn_mag_l2_2025004pc_20250104::1.2
P,urn:nasa:pds:maven.mag.calibrated:data.pc:mvn_mag_l2_2025005pc_20250105::1.2
P,urn:nasa:pds:maven.mag.calibrated:data.pc:mvn_mag_l2_2025006pc_20250106::1.2
P,urn:nasa:pds:maven.mag.calibrated:data.pc:mvn_mag_l2_2025007pc_20250107::1.2
P,urn:nasa:pds:maven.mag.calibrated:data.pc:mvn_mag_l2_2025008pc_20250108::1.2
P,urn:nasa:pds:maven.mag.calibrated:data.pc:mvn_mag_l2_2025009pc_20250109::1.2
P,urn:nasa:pds:maven.mag.calibrated:data.pc:mvn_mag_l2_2025010pc_20250110::1.2
P,urn:nasa:pds:maven.mag.calibrated:data.pc:mvn_mag_l2_2025011pc_20250111::1.2
P,urn:nasa:pds:maven.mag.calibrated:data.pc:mvn_mag_l2_2025012pc_20250112::1.2
P,urn:nasa:pds:maven.mag.calibrated:data.pc:mvn_mag_l2_2025013pc_20250113::1.2
P,urn:nasa:pds:maven.mag.calibrated:data.pc:mvn_mag_l2_2025014pc_20250114::1.2
P,urn:nasa:pds:maven.mag.calibrated:data.pc:mvn_mag_l2_2025015pc_20250115::1.2
P,urn:nasa:pds:maven.mag.calibrated:data.pc:mvn_mag_l2_2025016pc_20250116::1.2
P,urn:nasa:pds:maven.mag.calibrated:data.pc:mvn_mag_l2_2025017pc_20250117::1.2
P,urn:nasa:pds:maven.mag.calibrated:data.pc:mvn_mag_l2_2025018pc_20250118::1.2
P,urn:nasa:pds:maven.mag.calibrated:data.pc:mvn_mag_l2_2025019pc_20250119::1.2
P,urn:nasa:pds:maven.mag.calibrated:data.pc:mvn_mag_l2_2025020pc_20250120::1.2
P,urn:nasa:pds:maven.mag.calibrated:data.pc:mvn_mag_l2_2025021pc_20250121::1.2
P,urn:nasa:pds:maven.mag.calibrated:data.pc:mvn_mag_l2_2025022pc_20250122::1.2
P,urn:nasa:pds:maven.mag.calibrated:data.pc:mvn_mag_l2_2025023pc_20250123::1.2
P,urn:nasa:pds:maven.mag.calibrated:data.pc:mvn_mag_l2_2025024pc_20250124::1.2
P,urn:nasa:pds:maven.mag.calibrated:data.pc:mvn_mag_l2_2025025pc_20250125::1.2
P,urn:nasa:pds:maven.mag.calibrated:data.pc:mvn_mag_l2_2025026pc_20250126::1.2
P,urn:nasa:pds:maven.mag.calibrated:data.pc:mvn_mag_l2_2025027pc_20250127::1.2
P,urn:nasa:pds:maven.mag.calibrated:data.pc:mvn_mag_l2_2025028pc_20250128::1.2
P,urn:nasa:pds:maven.mag.calibrated:data.pc:mvn_mag_l2_2025029pc_20250129::1.2
P,urn:nasa:pds:maven.mag.calibrated:data.pc:mvn_mag_l2_2025030pc_20250130::1.2
P,urn:nasa:pds:maven.mag.calibrated:data.pc:mvn_mag_l2_2025031pc_20250131::1.2
P,urn:nasa:pds:maven.mag.calibrated:data.pc:mvn_mag_l2_2025032pc_20250201::1.2
P,urn:nasa:pds:maven.mag.calibrated:data.pc:mvn_mag_l2_2025033pc_20250202::1.2
P,urn:nasa:pds:maven.mag.calibrated:data.pc:mvn_mag_l2_2025034pc_20250203::1.2
P,urn:nasa:pds:maven.mag.calibrated:data.pc:mvn_mag_l2_2025035pc_20250204::1.2
P,urn:nasa:pds:maven.mag.calibrated:data.pc:mvn_mag_l2_2025036pc_20250205::1.2
P,urn:nasa:pds:maven.mag.calibrated:data.pc:mvn_mag_l2_2025037pc_20250206::1.2
P,urn:nasa:pds:maven.mag.calibrated:data.pc:mvn_mag_l2_2025038pc_20250207::1.2
P,urn:nasa:pds:maven.mag.calibrated:data.pc:mvn_mag_l2_2025039pc_20250208::1.2
P,urn:nasa:pds:maven.mag.calibrated:data.pc:mvn_mag_l2_2025040pc_20250209::1.2
P,urn:nasa:pds:maven.mag.calibrated:data.pc:mvn_mag_l2_2025041pc_20250210::1.2
P,urn:nasa:pds:maven.mag.calibrated:data.pc:mvn_mag_l2_2025042pc_20250211::1.2
P,urn:nasa:pds:maven.mag.calibrated:data.pc:mvn_mag_l2_2025043pc_20250212::1.2
P,urn:nasa:pds:maven.mag.calibrated:data.pc:mvn_mag_l2_2025044pc_20250213::1.2
P,urn:nasa:pds:maven.mag.calibrated:data.pc:mvn_mag_l2_2025045pc_20250214::1.2
P,urn:nasa:pds:maven.mag.calibrated:data.pc:mvn_mag_l2_2025046pc_20250215::1.2
P,urn:nasa:pds:maven.mag.calibrated:data.pc:mvn_mag_l2_2025047pc_20250216::1.2
P,urn:nasa:pds:maven.mag.calibrated:data.pc:mvn_mag_l2_2025048pc_20250217::1.2
P,urn:nasa:pds:maven.mag.calibrated:data.pc:mvn_mag_l2_2025049pc_20250218::1.2
P,urn:nasa:pds:maven.mag.calibrated:data.pc:mvn_mag_l2_2025050pc_20250219::1.2
P,urn:nasa:pds:maven.mag.calibrated:data.pc:mvn_mag_l2_2025051pc_20250220::1.2
P,urn:nasa:pds:maven.mag.calibrated:data.pc:mvn_mag_l2_2025052pc_20250221::1.2
P,urn:nasa:pds:maven.mag.calibrated:data.pc:mvn_mag_l2_2025053pc_20250222::1.2
P,urn:nasa:pds:maven.mag.calibrated:data.pc:mvn_mag_l2_2025054pc_20250223::1.2
P,urn:nasa:pds:maven.mag.calibrated:data.pc:mvn_mag_l2_2025055pc_20250224::1.2
P,urn:nasa:pds:maven.mag.calibrated:data.pc:mvn_mag_l2_2025056pc_20250225::1.2
P,urn:nasa:pds:maven.mag.calibrated:data.pc:mvn_mag_l2_2025057pc_20250226::1.2
P,urn:nasa:pds:maven.mag.calibrated:data.pc:mvn_mag_l2_2025058pc_20250227::1.2
P,urn:nasa:pds:maven.mag.calibrated:data.pc:mvn_mag_l2_2025059pc_20250228::1.2
P,urn:nasa:pds:maven.mag.calibrated:data.pc:mvn_mag_l2_2025060pc_20250301::1.2
P,urn:nasa:pds:maven.mag.calibrated:data.pc:mvn_mag_l2_2025061pc_20250302::1.2
P,urn:nasa:pds:maven.mag.calibrated:data.pc:mvn_mag_l2_2025062pc_20250303::1.2
P,urn:nasa:pds:maven.mag.calibrated:data.pc:mvn_mag_l2_2025063pc_20250304::1.2
P,urn:nasa:pds:maven.mag.calibrated:data.pc:mvn_mag_l2_2025064pc_20250305::1.2
P,urn:nasa:pds:maven.mag.calibrated:data.pc:mvn_mag_l2_2025065pc_20250306::1.2
P,urn:nasa:pds:maven.mag.calibrated:data.pc:mvn_mag_l2_2025066pc_20250307::1.2
P,urn:nasa:pds:maven.mag.calibrated:data.pc:mvn_mag_l2_2025067pc_20250308::1.2
P,urn:nasa:pds:maven.mag.calibrated:data.pc:mvn_mag_l2_2025068pc_20250309::1.2
P,urn:nasa:pds:maven.mag.calibrated:data.pc:mvn_mag_l2_2025069pc_20250310::1.2
P,urn:nasa:pds:maven.mag.calibrated:data.pc:mvn_mag_l2_2025070pc_20250311::1.2
P,urn:nasa:pds:maven.mag.calibrated:data.pc:mvn_mag_l2_2025071pc_20250312::1.2
P,urn:nasa:pds:maven.mag.calibrated:data.pc:mvn_mag_l2_2025072pc_20250313::1.2
P,urn:nasa:pds:maven.mag.calibrated:data.pc:mvn_mag_l2_2025073pc_20250314::1.2
P,urn:nasa:pds:maven.mag.calibrated:data.pc:mvn_mag_l2_2025074pc_20250315::1.2
P,urn:nasa:pds:maven.mag.calibrated:data.pc:mvn_mag_l2_2025075pc_20250316::1.2
P,urn:nasa:pds:maven.mag.calibrated:data.pc:mvn_mag_l2_2025076pc_20250317::1.2
P,urn:nasa:pds:maven.mag.calibrated:data.pc:mvn_mag_l2_2025077pc_20250318::1.2
P,urn:nasa:pds:maven.mag.calibrated:data.pc:mvn_mag_l2_2025078pc_20250319::1.2
P,urn:nasa:pds:maven.mag.calibrated:data.pc:mvn_mag_l2_2025079pc_20250320::1.2
P,urn:nasa:pds:maven.mag.calibrated:data.pc:mvn_mag_l2_2025080pc_20250321::1.2
P,urn:nasa:pds:maven.mag.calibrated:data.pc:mvn_mag_l2_2025081pc_20250322::1.2
P,urn:nasa:pds:maven.mag.calibrated:data.pc:mvn_mag_l2_2025082pc_20250323::1.2
P,urn:nasa:pds:maven.mag.calibrated:data.pc:mvn_mag_l2_2025083pc_20250324::1.2
P,urn:nasa:pds:maven.mag.calibrated:data.pc:mvn_mag_l2_2025084pc_20250325::1.2
P,urn:nasa:pds:maven.mag.calibrated:data.pc:mvn_mag_l2_2025085pc_20250326::1.2
P,urn:nasa:pds:maven.mag.calibrated:data.pc:mvn_mag_l2_2025086pc_20250327::1.2
P,urn:nasa:pds:maven.mag.calibrated:data.pc:mvn_mag_l2_2025087pc_20250328::1.2
P,urn:nasa:pds:maven.mag.calibrated:data.pc:mvn_mag_l2_2025088pc_20250329::1.2
P,urn:nasa:pds:maven.mag.calibrated:data.pc:mvn_mag_l2_2025089pc_20250330::1.2
P,urn:nasa:pds:maven.mag.calibrated:data.pc:mvn_mag_l2_2025090pc_20250331::1.2
P,urn:nasa:pds:maven.mag.calibrated:data.pc:mvn_mag_l2_2025091pc_20250401::1.2
P,urn:nasa:pds:maven.mag.calibrated:data.pc:mvn_mag_l2_2025092pc_20250402::1.2
P,urn:nasa:pds:maven.mag.calibrated:data.pc:mvn_mag_l2_2025093pc_20250403::1.2
P,urn:nasa:pds:maven.mag.calibrated:data.pc:mvn_mag_l2_2025094pc_20250404::1.2
P,urn:nasa:pds:maven.mag.calibrated:data.pc:mvn_mag_l2_2025095pc_20250405::1.2
P,urn:nasa:pds:maven.mag.calibrated:data.pc:mvn_mag_l2_2025096pc_20250406::1.2
P,urn:nasa:pds:maven.mag.calibrated:data.pc:mvn_mag_l2_2025097pc_20250407::1.2
P,urn:nasa:pds:maven.mag.calibrated:data.pc:mvn_mag_l2_2025098pc_20250408::1.2
P,urn:nasa:pds:maven.mag.calibrated:data.pc:mvn_mag_l2_2025099pc_20250409::1.2
P,urn:nasa:pds:maven.mag.calibrated:data.pc:mvn_mag_l2_2025100pc_20250410::1.2
P,urn:nasa:pds:maven.mag.calibrated:data.pc:mvn_mag_l2_2025101pc_20250411::1.2
P,urn:nasa:pds:maven.mag.calibrated:data.pc:mvn_mag_l2_2025102pc_20250412::1.2
P,urn:nasa:pds:maven.mag.calibrated:data.pc:mvn_mag_l2_2025103pc_20250413::1.2
P,urn:nasa:pds:maven.mag.calibrated:data.pc:mvn_mag_l2_2025104pc_20250414::1.2
P,urn:nasa:pds:maven.mag.calibrated:data.pc:mvn_mag_l2_2025105pc_20250415::1.2
P,urn:nasa:pds:maven.mag.calibrated:data.pc:mvn_mag_l2_2025106pc_20250416::1.2
P,urn:nasa:pds:maven.mag.calibrated:data.pc:mvn_mag_l2_2025107pc_20250417::1.2
P,urn:nasa:pds:maven.mag.calibrated:data.pc:mvn_mag_l2_2025108pc_20250418::1.2
P,urn:nasa:pds:maven.mag.calibrated:data.pc:mvn_mag_l2_2025109pc_20250419::1.2
P,urn:nasa:pds:maven.mag.calibrated:data.pc:mvn_mag_l2_2025110pc_20250420::1.2
P,urn:nasa:pds:maven.mag.calibrated:data.pc:mvn_mag_l2_2025111pc_20250421::1.2
P,urn:nasa:pds:maven.mag.calibrated:data.pc:mvn_mag_l2_2025112pc_20250422::1.2
P,urn:nasa:pds:maven.mag.calibrated:data.pc:mvn_mag_l2_2025113pc_20250423::1.2
P,urn:nasa:pds:maven.mag.calibrated:data.pc:mvn_mag_l2_2025114pc_20250424::1.2
P,urn:nasa:pds:maven.mag.calibrated:data.pc:mvn_mag_l2_2025115pc_20250425::1.2
P,urn:nasa:pds:maven.mag.calibrated:data.pc:mvn_mag_l2_2025116pc_20250426::1.2
P,urn:nasa:pds:maven.mag.calibrated:data.pc:mvn_mag_l2_2025117pc_20250427::1.2
P,urn:nasa:pds:maven.mag.calibrated:data.pc:mvn_mag_l2_2025118pc_20250428::1.2
P,urn:nasa:pds:maven.mag.calibrated:data.pc:mvn_mag_l2_2025119pc_20250429::1.2
P,urn:nasa:pds:maven.mag.calibrated:data.pc:mvn_mag_l2_2025120pc_20250430::1.2
P,urn:nasa:pds:maven.mag.calibrated:data.pc:mvn_mag_l2_2025121pc_20250501::1.2
P,urn:nasa:pds:maven.mag.calibrated:data.pc:mvn_mag_l2_2025122pc_20250502::1.2
P,urn:nasa:pds:maven.mag.calibrated:data.pc:mvn_mag_l2_2025123pc_20250503::1.2
P,urn:nasa:pds:maven.mag.calibrated:data.pc:mvn_mag_l2_2025124pc_20250504::1.2
P,urn:nasa:pds:maven.mag.calibrated:data.pc:mvn_mag_l2_2025125pc_20250505::1.2
P,urn:nasa:pds:maven.mag.calibrated:data.pc:mvn_mag_l2_2025126pc_20250506::1.2
P,urn:nasa:pds:maven.mag.calibrated:data.pc:mvn_mag_l2_2025127pc_20250507::1.2
P,urn:nasa:pds:maven.mag.calibrated:data.pc:mvn_mag_l2_2025128pc_20250508::1.2
P,urn:nasa:pds:maven.mag.calibrated:data.pc:mvn_mag_l2_2025129pc_20250509::1.2
P,urn:nasa:pds:maven.mag.calibrated:data.pc:mvn_mag_l2_2025130pc_20250510::1.2
P,urn:nasa:pds:maven.mag.calibrated:data.pc:mvn_mag_l2_2025131pc_20250511::1.2
P,urn:nasa:pds:maven.mag.calibrated:data.pc:mvn_mag_l2_2025132pc_20250512::1.2
P,urn:nasa:pds:maven.mag.calibrated:data.pc:mvn_mag_l2_2025133pc_20250513::1.2
P,urn:nasa:pds:maven.mag.calibrated:data.pc:mvn_mag_l2_2025134pc_20250514::1.2
P,urn:nasa:pds:maven.mag.calibrated:data.pc:mvn_mag_l2_2025135pc_20250515::1.2
P,urn:nasa:pds:maven.mag.calibrated:data.pc:mvn_mag_l2_2025136pc_20250516::1.2
P,urn:nasa:pds:maven.mag.calibrated:data.pc:mvn_mag_l2_2025137pc_20250517::1.2
P,urn:nasa:pds:maven.mag.calibrated:data.pc:mvn_mag_l2_2025138pc_20250518::1.2
P,urn:nasa:pds:maven.mag.calibrated:data.pc:mvn_mag_l2_2025139pc_20250519::1.2
P,urn:nasa:pds:maven.mag.calibrated:data.pc:mvn_mag_l2_2025140pc_20250520::1.2
P,urn:nasa:pds:maven.mag.calibrated:data.pc:mvn_mag_l2_2025141pc_20250521::1.2
P,urn:nasa:pds:maven.mag.calibrated:data.pc:mvn_mag_l2_2025142pc_20250522::1.2
P,urn:nasa:pds:maven.mag.calibrated:data.pc:mvn_mag_l2_2025143pc_20250523::1.2
P,urn:nasa:pds:maven.mag.calibrated:data.pc:mvn_mag_l2_2025144pc_20250524::1.2
P,urn:nasa:pds:maven.mag.calibrated:data.pc:mvn_mag_l2_2025145pc_20250525::1.2
P,urn:nasa:pds:maven.mag.calibrated:data.pc:mvn_mag_l2_2025146pc_20250526::1.2
P,urn:nasa:pds:maven.mag.calibrated:data.pc:mvn_mag_l2_2025147pc_20250527::1.2
P,urn:nasa:pds:maven.mag.calibrated:data.pc:mvn_mag_l2_2025148pc_20250528::1.2
P,urn:nasa:pds:maven.mag.calibrated:data.pc:mvn_mag_l2_2025149pc_20250529::1.2
P,urn:nasa:pds:maven.mag.calibrated:data.pc:mvn_mag_l2_2025150pc_20250530::1.2
P,urn:nasa:pds:maven.mag.calibrated:data.pc:mvn_mag_l2_2025151pc_20250531::1.2
P,urn:nasa:pds:maven.mag.calibrated:data.pc:mvn_mag_l2_2025152pc_20250601::1.2
P,urn:nasa:pds:maven.mag.calibrated:data.pc:mvn_mag_l2_2025153pc_20250602::1.2
P,urn:nasa:pds:maven.mag.calibrated:data.pc:mvn_mag_l2_2025154pc_20250603::1.2
P,urn:nasa:pds:maven.mag.calibrated:data.pc:mvn_mag_l2_2025155pc_20250604::1.2
P,urn:nasa:pds:maven.mag.calibrated:data.pc:mvn_mag_l2_2025156pc_20250605::1.2
P,urn:nasa:pds:maven.mag.calibrated:data.pc:mvn_mag_l2_2025157pc_20250606::1.2
P,urn:nasa:pds:maven.mag.calibrated:data.pc:mvn_mag_l2_2025158pc_20250607::1.2
P,urn:nasa:pds:maven.mag.calibrated:data.pc:mvn_mag_l2_2025159pc_20250608::1.2
P,urn:nasa:pds:maven.mag.calibrated:data.pc:mvn_mag_l2_2025160pc_20250609::1.2
P,urn:nasa:pds:maven.mag.calibrated:data.pc:mvn_mag_l2_2025161pc_20250610::1.2
P,urn:nasa:pds:maven.mag.calibrated:data.pc:mvn_mag_l2_2025162pc_20250611::1.2
P,urn:nasa:pds:maven.mag.calibrated:data.pc:mvn_mag_l2_2025163pc_20250612::1.2
P,urn:nasa:pds:maven.mag.calibrated:data.pc:mvn_mag_l2_2025164pc_20250613::1.2
P,urn:nasa:pds:maven.mag.calibrated:data.pc:mvn_mag_l2_2025165pc_20250614::1.2
P,urn:nasa:pds:maven.mag.calibrated:data.pc:mvn_mag_l2_2025166pc_20250615::1.2
P,urn:nasa:pds:maven.mag.calibrated:data.pc:mvn_mag_l2_2025167pc_20250616::1.2
P,urn:nasa:pds:maven.mag.calibrated:data.pc:mvn_mag_l2_2025168pc_20250617::1.2
P,urn:nasa:pds:maven.mag.calibrated:data.pc:mvn_mag_l2_2025169pc_20250618::1.2
P,urn:nasa:pds:maven.mag.calibrated:data.pc:mvn_mag_l2_2025170pc_20250619::1.2
P,urn:nasa:pds:maven.mag.calibrated:data.pc:mvn_mag_l2_2025171pc_20250620::1.2
P,urn:nasa:pds:maven.mag.calibrated:data.pc:mvn_mag_l2_2025172pc_20250621::1.2
P,urn:nasa:pds:maven.mag.calibrated:data.pc:mvn_mag_l2_2025173pc_20250622::1.2
P,urn:nasa:pds:maven.mag.calibrated:data.pc:mvn_mag_l2_2025174pc_20250623::1.2
P,urn:nasa:pds:maven.mag.calibrated:data.pc:mvn_mag_l2_2025175pc_20250624::1.2
P,urn:nasa:pds:maven.mag.calibrated:data.pc:mvn_mag_l2_2025176pc_20250625::1.2
P,urn:nasa:pds:maven.mag.calibrated:data.pc:mvn_mag_l2_2025177pc_20250626::1.2
P,urn:nasa:pds:maven.mag.calibrated:data.pc:mvn_mag_l2_2025178pc_20250627::1.2
P,urn:nasa:pds:maven.mag.calibrated:data.pc:mvn_mag_l2_2025179pc_20250628::1.2
P,urn:nasa:pds:maven.mag.calibrated:data.pc:mvn_mag_l2_2025180pc_20250629::1.2
P,urn:nasa:pds:maven.mag.calibrated:data.pc:mvn_mag_l2_2025181pc_20250630::1.2
P,urn:nasa:pds:maven.mag.calibrated:data.pc:mvn_mag_l2_2025182pc_20250701::1.2
P,urn:nasa:pds:maven.mag.calibrated:data.pc:mvn_mag_l2_2025183pc_20250702::1.2
P,urn:nasa:pds:maven.mag.calibrated:data.pc:mvn_mag_l2_2025184pc_20250703::1.2
P,urn:nasa:pds:maven.mag.calibrated:data.pc:mvn_mag_l2_2025185pc_20250704::1.2
P,urn:nasa:pds:maven.mag.calibrated:data.pc:mvn_mag_l2_2025186pc_20250705::1.2
P,urn:nasa:pds:maven.mag.calibrated:data.pc:mvn_mag_l2_2025187pc_20250706::1.2
P,urn:nasa:pds:maven.mag.calibrated:data.pc:mvn_mag_l2_2025188pc_20250707::1.2
P,urn:nasa:pds:maven.mag.calibrated:data.pc:mvn_mag_l2_2025189pc_20250708::1.2
P,urn:nasa:pds:maven.mag.calibrated:data.pc:mvn_mag_l2_2025190pc_20250709::1.2
P,urn:nasa:pds:maven.mag.calibrated:data.pc:mvn_mag_l2_2025191pc_20250710::1.2
P,urn:nasa:pds:maven.mag.calibrated:data.pc:mvn_mag_l2_2025192pc_20250711::1.2
P,urn:nasa:pds:maven.mag.calibrated:data.pc:mvn_mag_l2_2025193pc_20250712::1.2
P,urn:nasa:pds:maven.mag.calibrated:data.pc:mvn_mag_l2_2025194pc_20250713::1.2
P,urn:nasa:pds:maven.mag.calibrated:data.pc:mvn_mag_l2_2025195pc_20250714::1.2
P,urn:nasa:pds:maven.mag.calibrated:data.pc:mvn_mag_l2_2025196pc_20250715::1.2
P,urn:nasa:pds:maven.mag.calibrated:data.pc:mvn_mag_l2_2025197pc_20250716::1.2
P,urn:nasa:pds:maven.mag.calibrated:data.pc:mvn_mag_l2_2025198pc_20250717::1.2
P,urn:nasa:pds:maven.mag.calibrated:data.pc:mvn_mag_l2_2025199pc_20250718::1.2
P,urn:nasa:pds:maven.mag.calibrated:data.pc:mvn_mag_l2_2025200pc_20250719::1.2
P,urn:nasa:pds:maven.mag.calibrated:data.pc:mvn_mag_l2_2025201pc_20250720::1.2
P,urn:nasa:pds:maven.mag.calibrated:data.pc:mvn_mag_l2_2025202pc_20250721::1.2
P,urn:nasa:pds:maven.mag.calibrated:data.pc:mvn_mag_l2_2025203pc_20250722::1.2
P,urn:nasa:pds:maven.mag.calibrated:data.pc:mvn_mag_l2_2025204pc_20250723::1.2
P,urn:nasa:pds:maven.mag.calibrated:data.pc:mvn_mag_l2_2025205pc_20250724::1.2
P,urn:nasa:pds:maven.mag.calibrated:data.pc:mvn_mag_l2_2025206pc_20250725::1.2
P,urn:nasa:pds:maven.mag.calibrated:data.pc:mvn_mag_l2_2025207pc_20250726::1.2
P,urn:nasa:pds:maven.mag.calibrated:data.pc:mvn_mag_l2_2025208pc_20250727::1.2
P,urn:nasa:pds:maven.mag.calibrated:data.pc:mvn_mag_l2_2025209pc_20250728::1.2
P,urn:nasa:pds:maven.mag.calibrated:data.pc:mvn_mag_l2_2025210pc_20250729::1.2
P,urn:nasa:pds:maven.mag.calibrated:data.pc:mvn_mag_l2_2025211pc_20250730::1.2
P,urn:nasa:pds:maven.mag.calibrated:data.pc:mvn_mag_l2_2025212pc_20250731::1.2
P,urn:nasa:pds:maven.mag.calibrated:data.pc:mvn_mag_l2_2025213pc_20250801::1.2
P,urn:nasa:pds:maven.mag.calibrated:data.pc:mvn_mag_l2_2025214pc_20250802::1.2
P,urn:nasa:pds:maven.mag.calibrated:data.pc:mvn_mag_l2_2025215pc_20250803::1.2
P,urn:nasa:pds:maven.mag.calibrated:data.pc:mvn_mag_l2_2025216pc_20250804::1.2
P,urn:nasa:pds:maven.mag.calibrated:data.pc:mvn_mag_l2_2025217pc_20250805::1.2
P,urn:nasa:pds:maven.mag.calibrated:data.pc:mvn_mag_l2_2025218pc_20250806::1.2
P,urn:nasa:pds:maven.mag.calibrated:data.pc:mvn_mag_l2_2025219pc_20250807::1.2
P,urn:nasa:pds:maven.mag.calibrated:data.pc:mvn_mag_l2_2025220pc_20250808::1.2
P,urn:nasa:pds:maven.mag.calibrated:data.pc:mvn_mag_l2_2025221pc_20250809::1.2
P,urn:nasa:pds:maven.mag.calibrated:data.pc:mvn_mag_l2_2025222pc_20250810::1.2
P,urn:nasa:pds:maven.mag.calibrated:data.pc:mvn_mag_l2_2025223pc_20250811::1.2
P,urn:nasa:pds:maven.mag.calibrated:data.pc:mvn_mag_l2_2025224pc_20250812::1.2
P,urn:nasa:pds:maven.mag.calibrated:data.pc:mvn_mag_l2_2025225pc_20250813::1.2
P,urn:nasa:pds:maven.mag.calibrated:data.pc:mvn_mag_l2_2025226pc_20250814::1.2
P,urn:nasa:pds:maven.mag.calibrated:data.pc:mvn_mag_l2_2025227pc_20250815::1.1
P,urn:nasa:pds:maven.mag.calibrated:data.pc:mvn_mag_l2_2025228pc_20250816::1.1
P,urn:nasa:pds:maven.mag.calibrated:data.pc:mvn_mag_l2_2025229pc_20250817::1.1
P,urn:nasa:pds:maven.mag.calibrated:data.pc:mvn_mag_l2_2025230pc_20250818::1.1
P,urn:nasa:pds:maven.mag.calibrated:data.pc:mvn_mag_l2_2025231pc_20250819::1.1
P,urn:nasa:pds:maven.mag.calibrated:data.pc:mvn_mag_l2_2025232pc_20250820::1.1
P,urn:nasa:pds:maven.mag.calibrated:data.pc:mvn_mag_l2_2025233pc_20250821::1.1
P,urn:nasa:pds:maven.mag.calibrated:data.pc:mvn_mag_l2_2025234pc_20250822::1.1
P,urn:nasa:pds:maven.mag.calibrated:data.pc:mvn_mag_l2_2025235pc_20250823::1.1
P,urn:nasa:pds:maven.mag.calibrated:data.pc:mvn_mag_l2_2025236pc_20250824::1.1
P,urn:nasa:pds:maven.mag.calibrated:data.pc:mvn_mag_l2_2025237pc_20250825::1.1
P,urn:nasa:pds:maven.mag.calibrated:data.pc:mvn_mag_l2_2025238pc_20250826::1.1
P,urn:nasa:pds:maven.mag.calibrated:data.pc:mvn_mag_l2_2025239pc_20250827::1.1
P,urn:nasa:pds:maven.mag.calibrated:data.pc:mvn_mag_l2_2025240pc_20250828::1.1
P,urn:nasa:pds:maven.mag.calibrated:data.pc:mvn_mag_l2_2025241pc_20250829::1.1
P,urn:nasa:pds:maven.mag.calibrated:data.pc:mvn_mag_l2_2025242pc_20250830::1.1
P,urn:nasa:pds:maven.mag.calibrated:data.pc:mvn_mag_l2_2025243pc_20250831::1.1
P,urn:nasa:pds:maven.mag.calibrated:data.pc:mvn_mag_l2_2025244pc_20250901::1.1
P,urn:nasa:pds:maven.mag.calibrated:data.pc:mvn_mag_l2_2025245pc_20250902::1.1
P,urn:nasa:pds:maven.mag.calibrated:data.pc:mvn_mag_l2_2025246pc_20250903::1.1
P,urn:nasa:pds:maven.mag.calibrated:data.pc:mvn_mag_l2_2025247pc_20250904::1.1
P,urn:nasa:pds:maven.mag.calibrated:data.pc:mvn_mag_l2_2025248pc_20250905::1.1
P,urn:nasa:pds:maven.mag.calibrated:data.pc:mvn_mag_l2_2025249pc_20250906::1.1
P,urn:nasa:pds:maven.mag.calibrated:data.pc:mvn_mag_l2_2025250pc_20250907::1.1
P,urn:nasa:pds:maven.mag.calibrated:data.pc:mvn_mag_l2_2025251pc_20250908::1.1
P,urn:nasa:pds:maven.mag.calibrated:data.pc:mvn_mag_l2_2025252pc_20250909::1.1
P,urn:nasa:pds:maven.mag.calibrated:data.pc:mvn_mag_l2_2025253pc_20250910::1.1
P,urn:nasa:pds:maven.mag.calibrated:data.pc:mvn_mag_l2_2025254pc_20250911::1.1
P,urn:nasa:pds:maven.mag.calibrated:data.pc:mvn_mag_l2_2025255pc_20250912::1.1
P,urn:nasa:pds:maven.mag.calibrated:data.pc:mvn_mag_l2_2025256pc_20250913::1.1
P,urn:nasa:pds:maven.mag.calibrated:data.pc:mvn_mag_l2_2025257pc_20250914::1.1
P,urn:nasa:pds:maven.mag.calibrated:data.pc:mvn_mag_l2_2025258pc_20250915::1.1
P,urn:nasa:pds:maven.mag.calibrated:data.pc:mvn_mag_l2_2025259pc_20250916::1.1
P,urn:nasa:pds:maven.mag.calibrated:data.pc:mvn_mag_l2_2025260pc_20250917::1.1
P,urn:nasa:pds:maven.mag.calibrated:data.pc:mvn_mag_l2_2025261pc_20250918::1.1
P,urn:nasa:pds:maven.mag.calibrated:data.pc:mvn_mag_l2_2025262pc_20250919::1.1
P,urn:nasa:pds:maven.mag.calibrated:data.pc:mvn_mag_l2_2025263pc_20250920::1.1
P,urn:nasa:pds:maven.mag.calibrated:data.pc:mvn_mag_l2_2025264pc_20250921::1.1
P,urn:nasa:pds:maven.mag.calibrated:data.pc:mvn_mag_l2_2025265pc_20250922::1.1
P,urn:nasa:pds:maven.mag.calibrated:data.pc:mvn_mag_l2_2025266pc_20250923::1.1
P,urn:nasa:pds:maven.mag.calibrated:data.pc:mvn_mag_l2_2025267pc_20250924::1.1
P,urn:nasa:pds:maven.mag.calibrated:data.pc:mvn_mag_l2_2025268pc_20250925::1.1
P,urn:nasa:pds:maven.mag.calibrated:data.pc:mvn_mag_l2_2025269pc_20250926::1.1
P,urn:nasa:pds:maven.mag.calibrated:data.pc:mvn_mag_l2_2025270pc_20250927::1.1
P,urn:nasa:pds:maven.mag.calibrated:data.pc:mvn_mag_l2_2025271pc_20250928::1.1
P,urn:nasa:pds:maven.mag.calibrated:data.pc:mvn_mag_l2_2025272pc_20250929::1.1
P,urn:nasa:pds:maven.mag.calibrated:data.pc:mvn_mag_l2_2025273pc_20250930::1.1
P,urn:nasa:pds:maven.mag.calibrated:data.pc:mvn_mag_l2_2025274pc_20251001::1.1
P,urn:nasa:pds:maven.mag.calibrated:data.pc:mvn_mag_l2_2025275pc_20251002::1.1
P,urn:nasa:pds:maven.mag.calibrated:data.pc:mvn_mag_l2_2025276pc_20251003::1.1
P,urn:nasa:pds:maven.mag.calibrated:data.pc:mvn_mag_l2_2025277pc_20251004::1.1
P,urn:nasa:pds:maven.mag.calibrated:data.pc:mvn_mag_l2_2025278pc_20251005::1.1
P,urn:nasa:pds:maven.mag.calibrated:data.pc:mvn_mag_l2_2025279pc_20251006::1.1
P,urn:nasa:pds:maven.mag.calibrated:data.pc:mvn_mag_l2_2025280pc_20251007::1.1
P,urn:nasa:pds:maven.mag.calibrated:data.pc:mvn_mag_l2_2025281pc_20251008::1.1
P,urn:nasa:pds:maven.mag.calibrated:data.pc:mvn_mag_l2_2025282pc_20251009::1.1
P,urn:nasa:pds:maven.mag.calibrated:data.pc:mvn_mag_l2_2025283pc_20251010::1.1
P,urn:nasa:pds:maven.mag.calibrated:data.pc:mvn_mag_l2_2025284pc_20251011::1.1
P,urn:nasa:pds:maven.mag.calibrated:data.pc:mvn_mag_l2_2025285pc_20251012::1.1
P,urn:nasa:pds:maven.mag.calibrated:data.pc:mvn_mag_l2_2025286pc_20251013::1.1
P,urn:nasa:pds:maven.mag.calibrated:data.pc:mvn_mag_l2_2025287pc_20251014::1.1
P,urn:nasa:pds:maven.mag.calibrated:data.pc:mvn_mag_l2_2025288pc_20251015::1.1
P,urn:nasa:pds:maven.mag.calibrated:data.pc:mvn_mag_l2_2025289pc_20251016::1.1
P,urn:nasa:pds:maven.mag.calibrated:data.pc:mvn_mag_l2_2025290pc_20251017::1.1
P,urn:nasa:pds:maven.mag.calibrated:data.pc:mvn_mag_l2_2025291pc_20251018::1.1
P,urn:nasa:pds:maven.mag.calibrated:data.pc:mvn_mag_l2_2025292pc_20251019::1.1
P,urn:nasa:pds:maven.mag.calibrated:data.pc:mvn_mag_l2_2025293pc_20251020::1.1
P,urn:nasa:pds:maven.mag.calibrated:data.pc:mvn_mag_l2_2025294pc_20251021::1.1
P,urn:nasa:pds:maven.mag.calibrated:data.pc:mvn_mag_l2_2025295pc_20251022::1.1
P,urn:nasa:pds:maven.mag.calibrated:data.pc:mvn_mag_l2_2025296pc_20251023::1.1
P,urn:nasa:pds:maven.mag.calibrated:data.pc:mvn_mag_l2_2025297pc_20251024::1.1
P,urn:nasa:pds:maven.mag.calibrated:data.pc:mvn_mag_l2_2025298pc_20251025::1.1
P,urn:nasa:pds:maven.mag.calibrated:data.pc:mvn_mag_l2_2025299pc_20251026::1.1
P,urn:nasa:pds:maven.mag.calibrated:data.pc:mvn_mag_l2_2025300pc_20251027::1.1
P,urn:nasa:pds:maven.mag.calibrated:data.pc:mvn_mag_l2_2025301pc_20251028::1.1
P,urn:nasa:pds:maven.mag.calibrated:data.pc:mvn_mag_l2_2025302pc_20251029::1.1
P,urn:nasa:pds:maven.mag.calibrated:data.pc:mvn_mag_l2_2025303pc_20251030::1.1
P,urn:nasa:pds:maven.mag.calibrated:data.pc:mvn_mag_l2_2025304pc_20251031::1.1
P,urn:nasa:pds:maven.mag.calibrated:data.pc:mvn_mag_l2_2025305pc_20251101::1.1
P,urn:nasa:pds:maven.mag.calibrated:data.pc:mvn_mag_l2_2025306pc_20251102::1.1
P,urn:nasa:pds:maven.mag.calibrated:data.pc:mvn_mag_l2_2025307pc_20251103::1.1
P,urn:nasa:pds:maven.mag.calibrated:data.pc:mvn_mag_l2_2025308pc_20251104::1.1
P,urn:nasa:pds:maven.mag.calibrated:data.pc:mvn_mag_l2_2025309pc_20251105::1.1
P,urn:nasa:pds:maven.mag.calibrated:data.pc:mvn_mag_l2_2025310pc_20251106::1.1
P,urn:nasa:pds:maven.mag.calibrated:data.pc:mvn_mag_l2_2025311pc_20251107::1.1
P,urn:nasa:pds:maven.mag.calibrated:data.pc:mvn_mag_l2_2025312pc_20251108::1.1
P,urn:nasa:pds:maven.mag.calibrated:data.pc:mvn_mag_l2_2025313pc_20251109::1.1
P,urn:nasa:pds:maven.mag.calibrated:data.pc:mvn_mag_l2_2025314pc_20251110::1.1
P,urn:nasa:pds:maven.mag.calibrated:data.pc:mvn_mag_l2_2025315pc_20251111::1.1
P,urn:nasa:pds:maven.mag.calibrated:data.pc:mvn_mag_l2_2025316pc_20251112::1.1
P,urn:nasa:pds:maven.mag.calibrated:data.pc:mvn_mag_l2_2025317pc_20251113::1.1
P,urn:nasa:pds:maven.mag.calibrated:data.pc:mvn_mag_l2_2025318pc_20251114::1.1
P,urn:nasa:pds:maven.mag.calibrated:data.pc:mvn_mag_l2_2025319pc_20251115::1.0
P,urn:nasa:pds:maven.mag.calibrated:data.pc:mvn_mag_l2_2025320pc_20251116::1.0
P,urn:nasa:pds:maven.mag.calibrated:data.pc:mvn_mag_l2_2025321pc_20251117::1.0
P,urn:nasa:pds:maven.mag.calibrated:data.pc:mvn_mag_l2_2025322pc_20251118::1.0
P,urn:nasa:pds:maven.mag.calibrated:data.pc:mvn_mag_l2_2025323pc_20251119::1.0
P,urn:nasa:pds:maven.mag.calibrated:data.pc:mvn_mag_l2_2025324pc_20251120::1.0
P,urn:nasa:pds:maven.mag.calibrated:data.pc:mvn_mag_l2_2025325pc_20251121::1.0
P,urn:nasa:pds:maven.mag.calibrated:data.pc:mvn_mag_l2_2025326pc_20251122::1.0
P,urn:nasa:pds:maven.mag.calibrated:data.pc:mvn_mag_l2_2025327pc_20251123::1.0
P,urn:nasa:pds:maven.mag.calibrated:data.pc:mvn_mag_l2_2025328pc_20251124::1.0
P,urn:nasa:pds:maven.mag.calibrated:data.pc:mvn_mag_l2_2025329pc_20251125::1.0
P,urn:nasa:pds:maven.mag.calibrated:data.pc:mvn_mag_l2_2025330pc_20251126::1.0
P,urn:nasa:pds:maven.mag.calibrated:data.pc:mvn_mag_l2_2025331pc_20251127::1.0
P,urn:nasa:pds:maven.mag.calibrated:data.pc:mvn_mag_l2_2025332pc_20251128::1.0
P,urn:nasa:pds:maven.mag.calibrated:data.pc:mvn_mag_l2_2025333pc_20251129::1.0
P,urn:nasa:pds:maven.mag.calibrated:data.pc:mvn_mag_l2_2025334pc_20251130::1.0
P,urn:nasa:pds:maven.mag.calibrated:data.pc:mvn_mag_l2_2025335pc_20251201::1.0
P,urn:nasa:pds:maven.mag.calibrated:data.pc:mvn_mag_l2_2025336pc_20251202::1.0
P,urn:nasa:pds:maven.mag.calibrated:data.pc:mvn_mag_l2_2025337pc_20251203::1.0
P,urn:nasa:pds:maven.mag.calibrated:data.pc:mvn_mag_l2_2025338pc_20251204::1.0
P,urn:nasa:pds:maven.mag.calibrated:data.pc:mvn_mag_l2_2025339pc_20251205::1.0
