P,urn:nasa:pds:maven.lpw.derived:data.lp.nt:mvn_lpw_l2_lpnt_20141011::5.1
P,urn:nasa:pds:maven.lpw.derived:data.lp.nt:mvn_lpw_l2_lpnt_20141012::5.1
P,urn:nasa:pds:maven.lpw.derived:data.lp.nt:mvn_lpw_l2_lpnt_20141013::5.1
P,urn:nasa:pds:maven.lpw.derived:data.lp.nt:mvn_lpw_l2_lpnt_20141014::5.1
P,urn:nasa:pds:maven.lpw.derived:data.lp.nt:mvn_lpw_l2_lpnt_20141015::5.1
P,urn:nasa:pds:maven.lpw.derived:data.lp.nt:mvn_lpw_l2_lpnt_20141016::5.1
P,urn:nasa:pds:maven.lpw.derived:data.lp.nt:mvn_lpw_l2_lpnt_20141017::5.1
P,urn:nasa:pds:maven.lpw.derived:data.lp.nt:mvn_lpw_l2_lpnt_20141018::5.1
P,urn:nasa:pds:maven.lpw.derived:data.lp.nt:mvn_lpw_l2_lpnt_20141019::5.1
P,urn:nasa:pds:maven.lpw.derived:data.lp.nt:mvn_lpw_l2_lpnt_20141020::5.1
P,urn:nasa:pds:maven.lpw.derived:data.lp.nt:mvn_lpw_l2_lpnt_20141021::5.1
P,urn:nasa:pds:maven.lpw.derived:data.lp.nt:mvn_lpw_l2_lpnt_20141022::5.1
P,urn:nasa:pds:maven.lpw.derived:data.lp.nt:mvn_lpw_l2_lpnt_20141023::5.1
P,urn:nasa:pds:maven.lpw.derived:data.lp.nt:mvn_lpw_l2_lpnt_20141024::5.1
P,urn:nasa:pds:maven.lpw.derived:data.lp.nt:mvn_lpw_l2_lpnt_20141025::5.1
P,urn:nasa:pds:maven.lpw.derived:data.lp.nt:mvn_lpw_l2_lpnt_20141029::5.1
P,urn:nasa:pds:maven.lpw.derived:data.lp.nt:mvn_lpw_l2_lpnt_20141030::5.1
P,urn:nasa:pds:maven.lpw.derived:data.lp.nt:mvn_lpw_l2_lpnt_20141031::5.1
P,urn:nasa:pds:maven.lpw.derived:data.lp.nt:mvn_lpw_l2_lpnt_20141101::5.1
P,urn:nasa:pds:maven.lpw.derived:data.lp.nt:mvn_lpw_l2_lpnt_20141102::5.1
P,urn:nasa:pds:maven.lpw.derived:data.lp.nt:mvn_lpw_l2_lpnt_20141103::5.1
P,urn:nasa:pds:maven.lpw.derived:data.lp.nt:mvn_lpw_l2_lpnt_20141104::5.1
P,urn:nasa:pds:maven.lpw.derived:data.lp.nt:mvn_lpw_l2_lpnt_20141105::5.1
P,urn:nasa:pds:maven.lpw.derived:data.lp.nt:mvn_lpw_l2_lpnt_20141106::5.1
P,urn:nasa:pds:maven.lpw.derived:data.lp.nt:mvn_lpw_l2_lpnt_20141107::5.1
P,urn:nasa:pds:maven.lpw.derived:data.lp.nt:mvn_lpw_l2_lpnt_20141108::5.1
P,urn:nasa:pds:maven.lpw.derived:data.lp.nt:mvn_lpw_l2_lpnt_20141109::5.1
P,urn:nasa:pds:maven.lpw.derived:data.lp.nt:mvn_lpw_l2_lpnt_20141110::5.1
P,urn:nasa:pds:maven.lpw.derived:data.lp.nt:mvn_lpw_l2_lpnt_20141111::5.1
P,urn:nasa:pds:maven.lpw.derived:data.lp.nt:mvn_lpw_l2_lpnt_20141112::5.1
P,urn:nasa:pds:maven.lpw.derived:data.lp.nt:mvn_lpw_l2_lpnt_20141113::5.1
P,urn:nasa:pds:maven.lpw.derived:data.lp.nt:mvn_lpw_l2_lpnt_20141114::5.1
P,urn:nasa:pds:maven.lpw.derived:data.lp.nt:mvn_lpw_l2_lpnt_20141115::6.0
P,urn:nasa:pds:maven.lpw.derived:data.lp.nt:mvn_lpw_l2_lpnt_20141116::6.0
P,urn:nasa:pds:maven.lpw.derived:data.lp.nt:mvn_lpw_l2_lpnt_20141117::6.0
P,urn:nasa:pds:maven.lpw.derived:data.lp.nt:mvn_lpw_l2_lpnt_20141118::6.0
P,urn:nasa:pds:maven.lpw.derived:data.lp.nt:mvn_lpw_l2_lpnt_20141119::6.0
P,urn:nasa:pds:maven.lpw.derived:data.lp.nt:mvn_lpw_l2_lpnt_20141127::6.0
P,urn:nasa:pds:maven.lpw.derived:data.lp.nt:mvn_lpw_l2_lpnt_20141128::6.0
P,urn:nasa:pds:maven.lpw.derived:data.lp.nt:mvn_lpw_l2_lpnt_20141129::6.0
P,urn:nasa:pds:maven.lpw.derived:data.lp.nt:mvn_lpw_l2_lpnt_20141130::6.0
P,urn:nasa:pds:maven.lpw.derived:data.lp.nt:mvn_lpw_l2_lpnt_20141201::6.0
P,urn:nasa:pds:maven.lpw.derived:data.lp.nt:mvn_lpw_l2_lpnt_20141202::6.0
P,urn:nasa:pds:maven.lpw.derived:data.lp.nt:mvn_lpw_l2_lpnt_20141203::6.0
P,urn:nasa:pds:maven.lpw.derived:data.lp.nt:mvn_lpw_l2_lpnt_20141204::6.0
P,urn:nasa:pds:maven.lpw.derived:data.lp.nt:mvn_lpw_l2_lpnt_20141205::6.0
P,urn:nasa:pds:maven.lpw.derived:data.lp.nt:mvn_lpw_l2_lpnt_20141206::6.0
P,urn:nasa:pds:maven.lpw.derived:data.lp.nt:mvn_lpw_l2_lpnt_20141207::6.0
P,urn:nasa:pds:maven.lpw.derived:data.lp.nt:mvn_lpw_l2_lpnt_20141208::6.0
P,urn:nasa:pds:maven.lpw.derived:data.lp.nt:mvn_lpw_l2_lpnt_20141209::6.0
P,urn:nasa:pds:maven.lpw.derived:data.lp.nt:mvn_lpw_l2_lpnt_20141210::6.0
P,urn:nasa:pds:maven.lpw.derived:data.lp.nt:mvn_lpw_l2_lpnt_20141211::6.0
P,urn:nasa:pds:maven.lpw.derived:data.lp.nt:mvn_lpw_l2_lpnt_20141212::6.0
P,urn:nasa:pds:maven.lpw.derived:data.lp.nt:mvn_lpw_l2_lpnt_20141213::6.0
P,urn:nasa:pds:maven.lpw.derived:data.lp.nt:mvn_lpw_l2_lpnt_20141214::6.0
P,urn:nasa:pds:maven.lpw.derived:data.lp.nt:mvn_lpw_l2_lpnt_20141215::6.0
P,urn:nasa:pds:maven.lpw.derived:data.lp.nt:mvn_lpw_l2_lpnt_20141216::6.0
P,urn:nasa:pds:maven.lpw.derived:data.lp.nt:mvn_lpw_l2_lpnt_20141217::6.0
P,urn:nasa:pds:maven.lpw.derived:data.lp.nt:mvn_lpw_l2_lpnt_20141218::6.0
P,urn:nasa:pds:maven.lpw.derived:data.lp.nt:mvn_lpw_l2_lpnt_20141219::6.0
P,urn:nasa:pds:maven.lpw.derived:data.lp.nt:mvn_lpw_l2_lpnt_20141220::6.0
P,urn:nasa:pds:maven.lpw.derived:data.lp.nt:mvn_lpw_l2_lpnt_20141221::6.0
P,urn:nasa:pds:maven.lpw.derived:data.lp.nt:mvn_lpw_l2_lpnt_20141222::6.0
P,urn:nasa:pds:maven.lpw.derived:data.lp.nt:mvn_lpw_l2_lpnt_20141223::6.0
P,urn:nasa:pds:maven.lpw.derived:data.lp.nt:mvn_lpw_l2_lpnt_20141224::6.0
P,urn:nasa:pds:maven.lpw.derived:data.lp.nt:mvn_lpw_l2_lpnt_20141225::6.0
P,urn:nasa:pds:maven.lpw.derived:data.lp.nt:mvn_lpw_l2_lpnt_20141226::6.0
P,urn:nasa:pds:maven.lpw.derived:data.lp.nt:mvn_lpw_l2_lpnt_20141227::6.0
P,urn:nasa:pds:maven.lpw.derived:data.lp.nt:mvn_lpw_l2_lpnt_20141228::6.0
P,urn:nasa:pds:maven.lpw.derived:data.lp.nt:mvn_lpw_l2_lpnt_20141229::6.0
P,urn:nasa:pds:maven.lpw.derived:data.lp.nt:mvn_lpw_l2_lpnt_20141230::6.0
P,urn:nasa:pds:maven.lpw.derived:data.lp.nt:mvn_lpw_l2_lpnt_20141231::6.0
P,urn:nasa:pds:maven.lpw.derived:data.lp.nt:mvn_lpw_l2_lpnt_20150101::7.0
P,urn:nasa:pds:maven.lpw.derived:data.lp.nt:mvn_lpw_l2_lpnt_20150102::7.0
P,urn:nasa:pds:maven.lpw.derived:data.lp.nt:mvn_lpw_l2_lpnt_20150103::7.0
P,urn:nasa:pds:maven.lpw.derived:data.lp.nt:mvn_lpw_l2_lpnt_20150104::7.0
P,urn:nasa:pds:maven.lpw.derived:data.lp.nt:mvn_lpw_l2_lpnt_20150105::7.0
P,urn:nasa:pds:maven.lpw.derived:data.lp.nt:mvn_lpw_l2_lpnt_20150106::7.0
P,urn:nasa:pds:maven.lpw.derived:data.lp.nt:mvn_lpw_l2_lpnt_20150107::7.0
P,urn:nasa:pds:maven.lpw.derived:data.lp.nt:mvn_lpw_l2_lpnt_20150108::7.0
P,urn:nasa:pds:maven.lpw.derived:data.lp.nt:mvn_lpw_l2_lpnt_20150109::7.0
P,urn:nasa:pds:maven.lpw.derived:data.lp.nt:mvn_lpw_l2_lpnt_20150110::7.0
P,urn:nasa:pds:maven.lpw.derived:data.lp.nt:mvn_lpw_l2_lpnt_20150111::7.0
P,urn:nasa:pds:maven.lpw.derived:data.lp.nt:mvn_lpw_l2_lpnt_20150112::7.0
P,urn:nasa:pds:maven.lpw.derived:data.lp.nt:mvn_lpw_l2_lpnt_20150113::7.0
P,urn:nasa:pds:maven.lpw.derived:data.lp.nt:mvn_lpw_l2_lpnt_20150114::7.0
P,urn:nasa:pds:maven.lpw.derived:data.lp.nt:mvn_lpw_l2_lpnt_20150115::7.0
P,urn:nasa:pds:maven.lpw.derived:data.lp.nt:mvn_lpw_l2_lpnt_20150116::7.0
P,urn:nasa:pds:maven.lpw.derived:data.lp.nt:mvn_lpw_l2_lpnt_20150117::7.0
P,urn:nasa:pds:maven.lpw.derived:data.lp.nt:mvn_lpw_l2_lpnt_20150118::7.0
P,urn:nasa:pds:maven.lpw.derived:data.lp.nt:mvn_lpw_l2_lpnt_20150119::7.0
P,urn:nasa:pds:maven.lpw.derived:data.lp.nt:mvn_lpw_l2_lpnt_20150120::7.0
P,urn:nasa:pds:maven.lpw.derived:data.lp.nt:mvn_lpw_l2_lpnt_20150121::7.0
P,urn:nasa:pds:maven.lpw.derived:data.lp.nt:mvn_lpw_l2_lpnt_20150122::7.0
P,urn:nasa:pds:maven.lpw.derived:data.lp.nt:mvn_lpw_l2_lpnt_20150123::7.0
P,urn:nasa:pds:maven.lpw.derived:data.lp.nt:mvn_lpw_l2_lpnt_20150124::7.0
P,urn:nasa:pds:maven.lpw.derived:data.lp.nt:mvn_lpw_l2_lpnt_20150125::7.0
P,urn:nasa:pds:maven.lpw.derived:data.lp.nt:mvn_lpw_l2_lpnt_20150126::7.0
P,urn:nasa:pds:maven.lpw.derived:data.lp.nt:mvn_lpw_l2_lpnt_20150127::7.0
P,urn:nasa:pds:maven.lpw.derived:data.lp.nt:mvn_lpw_l2_lpnt_20150128::7.0
P,urn:nasa:pds:maven.lpw.derived:data.lp.nt:mvn_lpw_l2_lpnt_20150129::7.0
P,urn:nasa:pds:maven.lpw.derived:data.lp.nt:mvn_lpw_l2_lpnt_20150130::7.0
P,urn:nasa:pds:maven.lpw.derived:data.lp.nt:mvn_lpw_l2_lpnt_20150131::7.0
P,urn:nasa:pds:maven.lpw.derived:data.lp.nt:mvn_lpw_l2_lpnt_20150201::7.0
P,urn:nasa:pds:maven.lpw.derived:data.lp.nt:mvn_lpw_l2_lpnt_20150202::7.0
P,urn:nasa:pds:maven.lpw.derived:data.lp.nt:mvn_lpw_l2_lpnt_20150203::7.0
P,urn:nasa:pds:maven.lpw.derived:data.lp.nt:mvn_lpw_l2_lpnt_20150204::7.0
P,urn:nasa:pds:maven.lpw.derived:data.lp.nt:mvn_lpw_l2_lpnt_20150205::7.0
P,urn:nasa:pds:maven.lpw.derived:data.lp.nt:mvn_lpw_l2_lpnt_20150206::7.0
P,urn:nasa:pds:maven.lpw.derived:data.lp.nt:mvn_lpw_l2_lpnt_20150207::7.0
P,urn:nasa:pds:maven.lpw.derived:data.lp.nt:mvn_lpw_l2_lpnt_20150208::7.0
P,urn:nasa:pds:maven.lpw.derived:data.lp.nt:mvn_lpw_l2_lpnt_20150209::7.0
P,urn:nasa:pds:maven.lpw.derived:data.lp.nt:mvn_lpw_l2_lpnt_20150210::7.0
P,urn:nasa:pds:maven.lpw.derived:data.lp.nt:mvn_lpw_l2_lpnt_20150211::7.0
P,urn:nasa:pds:maven.lpw.derived:data.lp.nt:mvn_lpw_l2_lpnt_20150212::7.0
P,urn:nasa:pds:maven.lpw.derived:data.lp.nt:mvn_lpw_l2_lpnt_20150213::7.0
P,urn:nasa:pds:maven.lpw.derived:data.lp.nt:mvn_lpw_l2_lpnt_20150214::7.0
P,urn:nasa:pds:maven.lpw.derived:data.lp.nt:mvn_lpw_l2_lpnt_20150215::7.0
P,urn:nasa:pds:maven.lpw.derived:data.lp.nt:mvn_lpw_l2_lpnt_20150216::7.0
P,urn:nasa:pds:maven.lpw.derived:data.lp.nt:mvn_lpw_l2_lpnt_20150217::7.0
P,urn:nasa:pds:maven.lpw.derived:data.lp.nt:mvn_lpw_l2_lpnt_20150218::7.0
P,urn:nasa:pds:maven.lpw.derived:data.lp.nt:mvn_lpw_l2_lpnt_20150219::7.0
P,urn:nasa:pds:maven.lpw.derived:data.lp.nt:mvn_lpw_l2_lpnt_20150220::7.0
P,urn:nasa:pds:maven.lpw.derived:data.lp.nt:mvn_lpw_l2_lpnt_20150221::7.0
P,urn:nasa:pds:maven.lpw.derived:data.lp.nt:mvn_lpw_l2_lpnt_20150222::7.0
P,urn:nasa:pds:maven.lpw.derived:data.lp.nt:mvn_lpw_l2_lpnt_20150223::7.0
P,urn:nasa:pds:maven.lpw.derived:data.lp.nt:mvn_lpw_l2_lpnt_20150224::7.0
P,urn:nasa:pds:maven.lpw.derived:data.lp.nt:mvn_lpw_l2_lpnt_20150225::7.0
P,urn:nasa:pds:maven.lpw.derived:data.lp.nt:mvn_lpw_l2_lpnt_20150226::7.0
P,urn:nasa:pds:maven.lpw.derived:data.lp.nt:mvn_lpw_l2_lpnt_20150227::7.0
P,urn:nasa:pds:maven.lpw.derived:data.lp.nt:mvn_lpw_l2_lpnt_20150228::7.0
P,urn:nasa:pds:maven.lpw.derived:data.lp.nt:mvn_lpw_l2_lpnt_20150301::7.0
P,urn:nasa:pds:maven.lpw.derived:data.lp.nt:mvn_lpw_l2_lpnt_20150302::7.0
P,urn:nasa:pds:maven.lpw.derived:data.lp.nt:mvn_lpw_l2_lpnt_20150303::7.0
P,urn:nasa:pds:maven.lpw.derived:data.lp.nt:mvn_lpw_l2_lpnt_20150304::7.0
P,urn:nasa:pds:maven.lpw.derived:data.lp.nt:mvn_lpw_l2_lpnt_20150305::7.0
P,urn:nasa:pds:maven.lpw.derived:data.lp.nt:mvn_lpw_l2_lpnt_20150306::7.0
P,urn:nasa:pds:maven.lpw.derived:data.lp.nt:mvn_lpw_l2_lpnt_20150307::7.0
P,urn:nasa:pds:maven.lpw.derived:data.lp.nt:mvn_lpw_l2_lpnt_20150308::7.0
P,urn:nasa:pds:maven.lpw.derived:data.lp.nt:mvn_lpw_l2_lpnt_20150309::7.0
P,urn:nasa:pds:maven.lpw.derived:data.lp.nt:mvn_lpw_l2_lpnt_20150310::7.0
P,urn:nasa:pds:maven.lpw.derived:data.lp.nt:mvn_lpw_l2_lpnt_20150311::7.0
P,urn:nasa:pds:maven.lpw.derived:data.lp.nt:mvn_lpw_l2_lpnt_20150312::7.0
P,urn:nasa:pds:maven.lpw.derived:data.lp.nt:mvn_lpw_l2_lpnt_20150313::7.0
P,urn:nasa:pds:maven.lpw.derived:data.lp.nt:mvn_lpw_l2_lpnt_20150314::7.0
P,urn:nasa:pds:maven.lpw.derived:data.lp.nt:mvn_lpw_l2_lpnt_20150315::7.0
P,urn:nasa:pds:maven.lpw.derived:data.lp.nt:mvn_lpw_l2_lpnt_20150316::7.0
P,urn:nasa:pds:maven.lpw.derived:data.lp.nt:mvn_lpw_l2_lpnt_20150317::7.0
P,urn:nasa:pds:maven.lpw.derived:data.lp.nt:mvn_lpw_l2_lpnt_20150318::7.0
P,urn:nasa:pds:maven.lpw.derived:data.lp.nt:mvn_lpw_l2_lpnt_20150319::7.0
P,urn:nasa:pds:maven.lpw.derived:data.lp.nt:mvn_lpw_l2_lpnt_20150320::7.0
P,urn:nasa:pds:maven.lpw.derived:data.lp.nt:mvn_lpw_l2_lpnt_20150321::7.0
P,urn:nasa:pds:maven.lpw.derived:data.lp.nt:mvn_lpw_l2_lpnt_20150322::7.0
P,urn:nasa:pds:maven.lpw.derived:data.lp.nt:mvn_lpw_l2_lpnt_20150323::7.0
P,urn:nasa:pds:maven.lpw.derived:data.lp.nt:mvn_lpw_l2_lpnt_20150324::7.0
P,urn:nasa:pds:maven.lpw.derived:data.lp.nt:mvn_lpw_l2_lpnt_20150325::7.0
P,urn:nasa:pds:maven.lpw.derived:data.lp.nt:mvn_lpw_l2_lpnt_20150326::7.0
P,urn:nasa:pds:maven.lpw.derived:data.lp.nt:mvn_lpw_l2_lpnt_20150327::7.0
P,urn:nasa:pds:maven.lpw.derived:data.lp.nt:mvn_lpw_l2_lpnt_20150328::7.0
P,urn:nasa:pds:maven.lpw.derived:data.lp.nt:mvn_lpw_l2_lpnt_20150329::7.0
P,urn:nasa:pds:maven.lpw.derived:data.lp.nt:mvn_lpw_l2_lpnt_20150330::7.0
P,urn:nasa:pds:maven.lpw.derived:data.lp.nt:mvn_lpw_l2_lpnt_20150331::7.0
P,urn:nasa:pds:maven.lpw.derived:data.lp.nt:mvn_lpw_l2_lpnt_20150401::7.0
P,urn:nasa:pds:maven.lpw.derived:data.lp.nt:mvn_lpw_l2_lpnt_20150402::7.0
P,urn:nasa:pds:maven.lpw.derived:data.lp.nt:mvn_lpw_l2_lpnt_20150403::7.0
P,urn:nasa:pds:maven.lpw.derived:data.lp.nt:mvn_lpw_l2_lpnt_20150414::7.0
P,urn:nasa:pds:maven.lpw.derived:data.lp.nt:mvn_lpw_l2_lpnt_20150415::7.0
P,urn:nasa:pds:maven.lpw.derived:data.lp.nt:mvn_lpw_l2_lpnt_20150416::7.0
P,urn:nasa:pds:maven.lpw.derived:data.lp.nt:mvn_lpw_l2_lpnt_20150417::7.0
P,urn:nasa:pds:maven.lpw.derived:data.lp.nt:mvn_lpw_l2_lpnt_20150418::7.0
P,urn:nasa:pds:maven.lpw.derived:data.lp.nt:mvn_lpw_l2_lpnt_20150419::7.0
P,urn:nasa:pds:maven.lpw.derived:data.lp.nt:mvn_lpw_l2_lpnt_20150420::7.0
P,urn:nasa:pds:maven.lpw.derived:data.lp.nt:mvn_lpw_l2_lpnt_20150421::7.0
P,urn:nasa:pds:maven.lpw.derived:data.lp.nt:mvn_lpw_l2_lpnt_20150422::7.0
P,urn:nasa:pds:maven.lpw.derived:data.lp.nt:mvn_lpw_l2_lpnt_20150423::7.0
P,urn:nasa:pds:maven.lpw.derived:data.lp.nt:mvn_lpw_l2_lpnt_20150424::7.0
P,urn:nasa:pds:maven.lpw.derived:data.lp.nt:mvn_lpw_l2_lpnt_20150425::7.0
P,urn:nasa:pds:maven.lpw.derived:data.lp.nt:mvn_lpw_l2_lpnt_20150426::7.0
P,urn:nasa:pds:maven.lpw.derived:data.lp.nt:mvn_lpw_l2_lpnt_20150427::7.0
P,urn:nasa:pds:maven.lpw.derived:data.lp.nt:mvn_lpw_l2_lpnt_20150428::7.0
P,urn:nasa:pds:maven.lpw.derived:data.lp.nt:mvn_lpw_l2_lpnt_20150429::7.0
P,urn:nasa:pds:maven.lpw.derived:data.lp.nt:mvn_lpw_l2_lpnt_20150430::7.0
P,urn:nasa:pds:maven.lpw.derived:data.lp.nt:mvn_lpw_l2_lpnt_20150501::7.0
P,urn:nasa:pds:maven.lpw.derived:data.lp.nt:mvn_lpw_l2_lpnt_20150502::7.0
P,urn:nasa:pds:maven.lpw.derived:data.lp.nt:mvn_lpw_l2_lpnt_20150503::7.0
P,urn:nasa:pds:maven.lpw.derived:data.lp.nt:mvn_lpw_l2_lpnt_20150504::7.0
P,urn:nasa:pds:maven.lpw.derived:data.lp.nt:mvn_lpw_l2_lpnt_20150505::7.0
P,urn:nasa:pds:maven.lpw.derived:data.lp.nt:mvn_lpw_l2_lpnt_20150506::7.0
P,urn:nasa:pds:maven.lpw.derived:data.lp.nt:mvn_lpw_l2_lpnt_20150507::7.0
P,urn:nasa:pds:maven.lpw.derived:data.lp.nt:mvn_lpw_l2_lpnt_20150508::7.0
P,urn:nasa:pds:maven.lpw.derived:data.lp.nt:mvn_lpw_l2_lpnt_20150509::7.0
P,urn:nasa:pds:maven.lpw.derived:data.lp.nt:mvn_lpw_l2_lpnt_20150510::7.0
P,urn:nasa:pds:maven.lpw.derived:data.lp.nt:mvn_lpw_l2_lpnt_20150511::7.0
P,urn:nasa:pds:maven.lpw.derived:data.lp.nt:mvn_lpw_l2_lpnt_20150512::7.0
P,urn:nasa:pds:maven.lpw.derived:data.lp.nt:mvn_lpw_l2_lpnt_20150513::7.0
P,urn:nasa:pds:maven.lpw.derived:data.lp.nt:mvn_lpw_l2_lpnt_20150514::7.0
P,urn:nasa:pds:maven.lpw.derived:data.lp.nt:mvn_lpw_l2_lpnt_20150515::5.0
P,urn:nasa:pds:maven.lpw.derived:data.lp.nt:mvn_lpw_l2_lpnt_20150516::5.0
P,urn:nasa:pds:maven.lpw.derived:data.lp.nt:mvn_lpw_l2_lpnt_20150517::5.0
P,urn:nasa:pds:maven.lpw.derived:data.lp.nt:mvn_lpw_l2_lpnt_20150518::5.0
P,urn:nasa:pds:maven.lpw.derived:data.lp.nt:mvn_lpw_l2_lpnt_20150519::5.0
P,urn:nasa:pds:maven.lpw.derived:data.lp.nt:mvn_lpw_l2_lpnt_20150520::5.0
P,urn:nasa:pds:maven.lpw.derived:data.lp.nt:mvn_lpw_l2_lpnt_20150521::5.0
P,urn:nasa:pds:maven.lpw.derived:data.lp.nt:mvn_lpw_l2_lpnt_20150522::5.0
P,urn:nasa:pds:maven.lpw.derived:data.lp.nt:mvn_lpw_l2_lpnt_20150523::5.0
P,urn:nasa:pds:maven.lpw.derived:data.lp.nt:mvn_lpw_l2_lpnt_20150524::5.0
P,urn:nasa:pds:maven.lpw.derived:data.lp.nt:mvn_lpw_l2_lpnt_20150525::5.0
P,urn:nasa:pds:maven.lpw.derived:data.lp.nt:mvn_lpw_l2_lpnt_20150526::5.0
P,urn:nasa:pds:maven.lpw.derived:data.lp.nt:mvn_lpw_l2_lpnt_20150527::5.0
P,urn:nasa:pds:maven.lpw.derived:data.lp.nt:mvn_lpw_l2_lpnt_20150528::5.0
P,urn:nasa:pds:maven.lpw.derived:data.lp.nt:mvn_lpw_l2_lpnt_20150529::5.0
P,urn:nasa:pds:maven.lpw.derived:data.lp.nt:mvn_lpw_l2_lpnt_20150530::5.0
P,urn:nasa:pds:maven.lpw.derived:data.lp.nt:mvn_lpw_l2_lpnt_20150531::5.0
P,urn:nasa:pds:maven.lpw.derived:data.lp.nt:mvn_lpw_l2_lpnt_20150601::5.0
P,urn:nasa:pds:maven.lpw.derived:data.lp.nt:mvn_lpw_l2_lpnt_20150602::5.0
P,urn:nasa:pds:maven.lpw.derived:data.lp.nt:mvn_lpw_l2_lpnt_20150603::5.0
P,urn:nasa:pds:maven.lpw.derived:data.lp.nt:mvn_lpw_l2_lpnt_20150604::5.0
P,urn:nasa:pds:maven.lpw.derived:data.lp.nt:mvn_lpw_l2_lpnt_20150605::5.0
P,urn:nasa:pds:maven.lpw.derived:data.lp.nt:mvn_lpw_l2_lpnt_20150606::5.0
P,urn:nasa:pds:maven.lpw.derived:data.lp.nt:mvn_lpw_l2_lpnt_20150607::5.0
P,urn:nasa:pds:maven.lpw.derived:data.lp.nt:mvn_lpw_l2_lpnt_20150608::5.0
P,urn:nasa:pds:maven.lpw.derived:data.lp.nt:mvn_lpw_l2_lpnt_20150609::5.0
P,urn:nasa:pds:maven.lpw.derived:data.lp.nt:mvn_lpw_l2_lpnt_20150610::5.0
P,urn:nasa:pds:maven.lpw.derived:data.lp.nt:mvn_lpw_l2_lpnt_20150611::5.0
P,urn:nasa:pds:maven.lpw.derived:data.lp.nt:mvn_lpw_l2_lpnt_20150612::5.0
P,urn:nasa:pds:maven.lpw.derived:data.lp.nt:mvn_lpw_l2_lpnt_20150613::5.0
P,urn:nasa:pds:maven.lpw.derived:data.lp.nt:mvn_lpw_l2_lpnt_20150614::5.0
P,urn:nasa:pds:maven.lpw.derived:data.lp.nt:mvn_lpw_l2_lpnt_20150615::5.0
P,urn:nasa:pds:maven.lpw.derived:data.lp.nt:mvn_lpw_l2_lpnt_20150616::5.0
P,urn:nasa:pds:maven.lpw.derived:data.lp.nt:mvn_lpw_l2_lpnt_20150617::5.0
P,urn:nasa:pds:maven.lpw.derived:data.lp.nt:mvn_lpw_l2_lpnt_20150618::5.0
P,urn:nasa:pds:maven.lpw.derived:data.lp.nt:mvn_lpw_l2_lpnt_20150619::5.0
P,urn:nasa:pds:maven.lpw.derived:data.lp.nt:mvn_lpw_l2_lpnt_20150620::5.0
P,urn:nasa:pds:maven.lpw.derived:data.lp.nt:mvn_lpw_l2_lpnt_20150621::5.0
P,urn:nasa:pds:maven.lpw.derived:data.lp.nt:mvn_lpw_l2_lpnt_20150622::5.0
P,urn:nasa:pds:maven.lpw.derived:data.lp.nt:mvn_lpw_l2_lpnt_20150623::5.0
P,urn:nasa:pds:maven.lpw.derived:data.lp.nt:mvn_lpw_l2_lpnt_20150624::5.0
P,urn:nasa:pds:maven.lpw.derived:data.lp.nt:mvn_lpw_l2_lpnt_20150625::5.0
P,urn:nasa:pds:maven.lpw.derived:data.lp.nt:mvn_lpw_l2_lpnt_20150626::5.0
P,urn:nasa:pds:maven.lpw.derived:data.lp.nt:mvn_lpw_l2_lpnt_20150627::5.0
P,urn:nasa:pds:maven.lpw.derived:data.lp.nt:mvn_lpw_l2_lpnt_20150628::5.0
P,urn:nasa:pds:maven.lpw.derived:data.lp.nt:mvn_lpw_l2_lpnt_20150629::5.0
P,urn:nasa:pds:maven.lpw.derived:data.lp.nt:mvn_lpw_l2_lpnt_20150701::5.0
P,urn:nasa:pds:maven.lpw.derived:data.lp.nt:mvn_lpw_l2_lpnt_20150702::5.0
P,urn:nasa:pds:maven.lpw.derived:data.lp.nt:mvn_lpw_l2_lpnt_20150703::5.0
P,urn:nasa:pds:maven.lpw.derived:data.lp.nt:mvn_lpw_l2_lpnt_20150704::5.0
P,urn:nasa:pds:maven.lpw.derived:data.lp.nt:mvn_lpw_l2_lpnt_20150705::5.0
P,urn:nasa:pds:maven.lpw.derived:data.lp.nt:mvn_lpw_l2_lpnt_20150706::5.0
P,urn:nasa:pds:maven.lpw.derived:data.lp.nt:mvn_lpw_l2_lpnt_20150707::5.0
P,urn:nasa:pds:maven.lpw.derived:data.lp.nt:mvn_lpw_l2_lpnt_20150708::5.0
P,urn:nasa:pds:maven.lpw.derived:data.lp.nt:mvn_lpw_l2_lpnt_20150709::5.0
P,urn:nasa:pds:maven.lpw.derived:data.lp.nt:mvn_lpw_l2_lpnt_20150710::5.0
P,urn:nasa:pds:maven.lpw.derived:data.lp.nt:mvn_lpw_l2_lpnt_20150711::5.0
P,urn:nasa:pds:maven.lpw.derived:data.lp.nt:mvn_lpw_l2_lpnt_20150712::5.0
P,urn:nasa:pds:maven.lpw.derived:data.lp.nt:mvn_lpw_l2_lpnt_20150713::5.0
P,urn:nasa:pds:maven.lpw.derived:data.lp.nt:mvn_lpw_l2_lpnt_20150714::5.0
P,urn:nasa:pds:maven.lpw.derived:data.lp.nt:mvn_lpw_l2_lpnt_20150715::5.0
P,urn:nasa:pds:maven.lpw.derived:data.lp.nt:mvn_lpw_l2_lpnt_20150716::5.0
P,urn:nasa:pds:maven.lpw.derived:data.lp.nt:mvn_lpw_l2_lpnt_20150717::5.0
P,urn:nasa:pds:maven.lpw.derived:data.lp.nt:mvn_lpw_l2_lpnt_20150718::5.0
P,urn:nasa:pds:maven.lpw.derived:data.lp.nt:mvn_lpw_l2_lpnt_20150719::5.0
P,urn:nasa:pds:maven.lpw.derived:data.lp.nt:mvn_lpw_l2_lpnt_20150720::5.0
P,urn:nasa:pds:maven.lpw.derived:data.lp.nt:mvn_lpw_l2_lpnt_20150721::5.0
P,urn:nasa:pds:maven.lpw.derived:data.lp.nt:mvn_lpw_l2_lpnt_20150722::5.0
P,urn:nasa:pds:maven.lpw.derived:data.lp.nt:mvn_lpw_l2_lpnt_20150723::5.0
P,urn:nasa:pds:maven.lpw.derived:data.lp.nt:mvn_lpw_l2_lpnt_20150724::5.0
P,urn:nasa:pds:maven.lpw.derived:data.lp.nt:mvn_lpw_l2_lpnt_20150725::5.0
P,urn:nasa:pds:maven.lpw.derived:data.lp.nt:mvn_lpw_l2_lpnt_20150726::5.0
P,urn:nasa:pds:maven.lpw.derived:data.lp.nt:mvn_lpw_l2_lpnt_20150727::5.0
P,urn:nasa:pds:maven.lpw.derived:data.lp.nt:mvn_lpw_l2_lpnt_20150728::5.0
P,urn:nasa:pds:maven.lpw.derived:data.lp.nt:mvn_lpw_l2_lpnt_20150729::5.0
P,urn:nasa:pds:maven.lpw.derived:data.lp.nt:mvn_lpw_l2_lpnt_20150730::5.0
P,urn:nasa:pds:maven.lpw.derived:data.lp.nt:mvn_lpw_l2_lpnt_20150731::5.0
P,urn:nasa:pds:maven.lpw.derived:data.lp.nt:mvn_lpw_l2_lpnt_20150801::5.0
P,urn:nasa:pds:maven.lpw.derived:data.lp.nt:mvn_lpw_l2_lpnt_20150802::5.0
P,urn:nasa:pds:maven.lpw.derived:data.lp.nt:mvn_lpw_l2_lpnt_20150803::5.0
P,urn:nasa:pds:maven.lpw.derived:data.lp.nt:mvn_lpw_l2_lpnt_20150804::5.0
P,urn:nasa:pds:maven.lpw.derived:data.lp.nt:mvn_lpw_l2_lpnt_20150805::5.0
P,urn:nasa:pds:maven.lpw.derived:data.lp.nt:mvn_lpw_l2_lpnt_20150806::5.0
P,urn:nasa:pds:maven.lpw.derived:data.lp.nt:mvn_lpw_l2_lpnt_20150807::5.0
P,urn:nasa:pds:maven.lpw.derived:data.lp.nt:mvn_lpw_l2_lpnt_20150808::5.0
P,urn:nasa:pds:maven.lpw.derived:data.lp.nt:mvn_lpw_l2_lpnt_20150809::5.0
P,urn:nasa:pds:maven.lpw.derived:data.lp.nt:mvn_lpw_l2_lpnt_20150810::5.0
P,urn:nasa:pds:maven.lpw.derived:data.lp.nt:mvn_lpw_l2_lpnt_20150811::5.0
P,urn:nasa:pds:maven.lpw.derived:data.lp.nt:mvn_lpw_l2_lpnt_20150812::5.0
P,urn:nasa:pds:maven.lpw.derived:data.lp.nt:mvn_lpw_l2_lpnt_20150813::5.0
P,urn:nasa:pds:maven.lpw.derived:data.lp.nt:mvn_lpw_l2_lpnt_20150814::5.0
P,urn:nasa:pds:maven.lpw.derived:data.lp.nt:mvn_lpw_l2_lpnt_20150815::5.0
P,urn:nasa:pds:maven.lpw.derived:data.lp.nt:mvn_lpw_l2_lpnt_20150816::5.0
P,urn:nasa:pds:maven.lpw.derived:data.lp.nt:mvn_lpw_l2_lpnt_20150817::5.0
P,urn:nasa:pds:maven.lpw.derived:data.lp.nt:mvn_lpw_l2_lpnt_20150818::5.0
P,urn:nasa:pds:maven.lpw.derived:data.lp.nt:mvn_lpw_l2_lpnt_20150819::5.0
P,urn:nasa:pds:maven.lpw.derived:data.lp.nt:mvn_lpw_l2_lpnt_20150820::5.0
P,urn:nasa:pds:maven.lpw.derived:data.lp.nt:mvn_lpw_l2_lpnt_20150821::5.0
P,urn:nasa:pds:maven.lpw.derived:data.lp.nt:mvn_lpw_l2_lpnt_20150822::5.0
P,urn:nasa:pds:maven.lpw.derived:data.lp.nt:mvn_lpw_l2_lpnt_20150823::5.0
P,urn:nasa:pds:maven.lpw.derived:data.lp.nt:mvn_lpw_l2_lpnt_20150824::5.0
P,urn:nasa:pds:maven.lpw.derived:data.lp.nt:mvn_lpw_l2_lpnt_20150825::5.0
P,urn:nasa:pds:maven.lpw.derived:data.lp.nt:mvn_lpw_l2_lpnt_20150826::5.0
P,urn:nasa:pds:maven.lpw.derived:data.lp.nt:mvn_lpw_l2_lpnt_20150827::5.0
P,urn:nasa:pds:maven.lpw.derived:data.lp.nt:mvn_lpw_l2_lpnt_20150828::5.0
P,urn:nasa:pds:maven.lpw.derived:data.lp.nt:mvn_lpw_l2_lpnt_20150829::5.0
P,urn:nasa:pds:maven.lpw.derived:data.lp.nt:mvn_lpw_l2_lpnt_20150830::5.0
P,urn:nasa:pds:maven.lpw.derived:data.lp.nt:mvn_lpw_l2_lpnt_20150831::5.0
P,urn:nasa:pds:maven.lpw.derived:data.lp.nt:mvn_lpw_l2_lpnt_20150901::5.0
P,urn:nasa:pds:maven.lpw.derived:data.lp.nt:mvn_lpw_l2_lpnt_20150902::5.0
P,urn:nasa:pds:maven.lpw.derived:data.lp.nt:mvn_lpw_l2_lpnt_20150903::5.0
P,urn:nasa:pds:maven.lpw.derived:data.lp.nt:mvn_lpw_l2_lpnt_20150904::5.0
P,urn:nasa:pds:maven.lpw.derived:data.lp.nt:mvn_lpw_l2_lpnt_20150905::5.0
P,urn:nasa:pds:maven.lpw.derived:data.lp.nt:mvn_lpw_l2_lpnt_20150906::5.0
P,urn:nasa:pds:maven.lpw.derived:data.lp.nt:mvn_lpw_l2_lpnt_20150907::5.0
P,urn:nasa:pds:maven.lpw.derived:data.lp.nt:mvn_lpw_l2_lpnt_20150908::5.0
P,urn:nasa:pds:maven.lpw.derived:data.lp.nt:mvn_lpw_l2_lpnt_20150909::5.0
P,urn:nasa:pds:maven.lpw.derived:data.lp.nt:mvn_lpw_l2_lpnt_20150910::5.0
P,urn:nasa:pds:maven.lpw.derived:data.lp.nt:mvn_lpw_l2_lpnt_20150911::5.0
P,urn:nasa:pds:maven.lpw.derived:data.lp.nt:mvn_lpw_l2_lpnt_20150912::5.0
P,urn:nasa:pds:maven.lpw.derived:data.lp.nt:mvn_lpw_l2_lpnt_20150913::5.0
P,urn:nasa:pds:maven.lpw.derived:data.lp.nt:mvn_lpw_l2_lpnt_20150914::5.0
P,urn:nasa:pds:maven.lpw.derived:data.lp.nt:mvn_lpw_l2_lpnt_20150915::5.0
P,urn:nasa:pds:maven.lpw.derived:data.lp.nt:mvn_lpw_l2_lpnt_20150916::5.0
P,urn:nasa:pds:maven.lpw.derived:data.lp.nt:mvn_lpw_l2_lpnt_20150917::5.0
P,urn:nasa:pds:maven.lpw.derived:data.lp.nt:mvn_lpw_l2_lpnt_20150918::5.0
P,urn:nasa:pds:maven.lpw.derived:data.lp.nt:mvn_lpw_l2_lpnt_20150919::5.0
P,urn:nasa:pds:maven.lpw.derived:data.lp.nt:mvn_lpw_l2_lpnt_20150920::5.0
P,urn:nasa:pds:maven.lpw.derived:data.lp.nt:mvn_lpw_l2_lpnt_20150921::5.0
P,urn:nasa:pds:maven.lpw.derived:data.lp.nt:mvn_lpw_l2_lpnt_20150922::5.0
P,urn:nasa:pds:maven.lpw.derived:data.lp.nt:mvn_lpw_l2_lpnt_20150923::5.0
P,urn:nasa:pds:maven.lpw.derived:data.lp.nt:mvn_lpw_l2_lpnt_20150924::5.0
P,urn:nasa:pds:maven.lpw.derived:data.lp.nt:mvn_lpw_l2_lpnt_20150925::5.0
P,urn:nasa:pds:maven.lpw.derived:data.lp.nt:mvn_lpw_l2_lpnt_20150926::5.0
P,urn:nasa:pds:maven.lpw.derived:data.lp.nt:mvn_lpw_l2_lpnt_20150927::5.0
P,urn:nasa:pds:maven.lpw.derived:data.lp.nt:mvn_lpw_l2_lpnt_20150928::5.0
P,urn:nasa:pds:maven.lpw.derived:data.lp.nt:mvn_lpw_l2_lpnt_20150929::5.0
P,urn:nasa:pds:maven.lpw.derived:data.lp.nt:mvn_lpw_l2_lpnt_20150930::5.0
P,urn:nasa:pds:maven.lpw.derived:data.lp.nt:mvn_lpw_l2_lpnt_20151001::5.0
P,urn:nasa:pds:maven.lpw.derived:data.lp.nt:mvn_lpw_l2_lpnt_20151002::5.0
P,urn:nasa:pds:maven.lpw.derived:data.lp.nt:mvn_lpw_l2_lpnt_20151003::5.0
P,urn:nasa:pds:maven.lpw.derived:data.lp.nt:mvn_lpw_l2_lpnt_20151004::5.0
P,urn:nasa:pds:maven.lpw.derived:data.lp.nt:mvn_lpw_l2_lpnt_20151005::5.0
P,urn:nasa:pds:maven.lpw.derived:data.lp.nt:mvn_lpw_l2_lpnt_20151006::5.0
P,urn:nasa:pds:maven.lpw.derived:data.lp.nt:mvn_lpw_l2_lpnt_20151007::5.0
P,urn:nasa:pds:maven.lpw.derived:data.lp.nt:mvn_lpw_l2_lpnt_20151008::5.0
P,urn:nasa:pds:maven.lpw.derived:data.lp.nt:mvn_lpw_l2_lpnt_20151009::5.0
P,urn:nasa:pds:maven.lpw.derived:data.lp.nt:mvn_lpw_l2_lpnt_20151010::5.0
P,urn:nasa:pds:maven.lpw.derived:data.lp.nt:mvn_lpw_l2_lpnt_20151011::5.0
P,urn:nasa:pds:maven.lpw.derived:data.lp.nt:mvn_lpw_l2_lpnt_20151012::5.0
P,urn:nasa:pds:maven.lpw.derived:data.lp.nt:mvn_lpw_l2_lpnt_20151013::5.0
P,urn:nasa:pds:maven.lpw.derived:data.lp.nt:mvn_lpw_l2_lpnt_20151014::5.0
P,urn:nasa:pds:maven.lpw.derived:data.lp.nt:mvn_lpw_l2_lpnt_20151015::5.0
P,urn:nasa:pds:maven.lpw.derived:data.lp.nt:mvn_lpw_l2_lpnt_20151016::5.0
P,urn:nasa:pds:maven.lpw.derived:data.lp.nt:mvn_lpw_l2_lpnt_20151017::5.0
P,urn:nasa:pds:maven.lpw.derived:data.lp.nt:mvn_lpw_l2_lpnt_20151018::5.0
P,urn:nasa:pds:maven.lpw.derived:data.lp.nt:mvn_lpw_l2_lpnt_20151019::5.0
P,urn:nasa:pds:maven.lpw.derived:data.lp.nt:mvn_lpw_l2_lpnt_20151020::5.0
P,urn:nasa:pds:maven.lpw.derived:data.lp.nt:mvn_lpw_l2_lpnt_20151021::5.0
P,urn:nasa:pds:maven.lpw.derived:data.lp.nt:mvn_lpw_l2_lpnt_20151022::5.0
P,urn:nasa:pds:maven.lpw.derived:data.lp.nt:mvn_lpw_l2_lpnt_20151023::5.0
P,urn:nasa:pds:maven.lpw.derived:data.lp.nt:mvn_lpw_l2_lpnt_20151024::5.0
P,urn:nasa:pds:maven.lpw.derived:data.lp.nt:mvn_lpw_l2_lpnt_20151025::5.0
P,urn:nasa:pds:maven.lpw.derived:data.lp.nt:mvn_lpw_l2_lpnt_20151026::5.0
P,urn:nasa:pds:maven.lpw.derived:data.lp.nt:mvn_lpw_l2_lpnt_20151027::5.0
P,urn:nasa:pds:maven.lpw.derived:data.lp.nt:mvn_lpw_l2_lpnt_20151028::5.0
P,urn:nasa:pds:maven.lpw.derived:data.lp.nt:mvn_lpw_l2_lpnt_20151029::5.0
P,urn:nasa:pds:maven.lpw.derived:data.lp.nt:mvn_lpw_l2_lpnt_20151030::5.0
P,urn:nasa:pds:maven.lpw.derived:data.lp.nt:mvn_lpw_l2_lpnt_20151031::5.0
P,urn:nasa:pds:maven.lpw.derived:data.lp.nt:mvn_lpw_l2_lpnt_20151101::5.0
P,urn:nasa:pds:maven.lpw.derived:data.lp.nt:mvn_lpw_l2_lpnt_20151102::5.0
P,urn:nasa:pds:maven.lpw.derived:data.lp.nt:mvn_lpw_l2_lpnt_20151103::5.0
P,urn:nasa:pds:maven.lpw.derived:data.lp.nt:mvn_lpw_l2_lpnt_20151104::5.0
P,urn:nasa:pds:maven.lpw.derived:data.lp.nt:mvn_lpw_l2_lpnt_20151105::5.0
P,urn:nasa:pds:maven.lpw.derived:data.lp.nt:mvn_lpw_l2_lpnt_20151106::5.0
P,urn:nasa:pds:maven.lpw.derived:data.lp.nt:mvn_lpw_l2_lpnt_20151107::5.0
P,urn:nasa:pds:maven.lpw.derived:data.lp.nt:mvn_lpw_l2_lpnt_20151108::5.0
P,urn:nasa:pds:maven.lpw.derived:data.lp.nt:mvn_lpw_l2_lpnt_20151109::5.0
P,urn:nasa:pds:maven.lpw.derived:data.lp.nt:mvn_lpw_l2_lpnt_20151110::5.0
P,urn:nasa:pds:maven.lpw.derived:data.lp.nt:mvn_lpw_l2_lpnt_20151111::5.0
P,urn:nasa:pds:maven.lpw.derived:data.lp.nt:mvn_lpw_l2_lpnt_20151112::5.0
P,urn:nasa:pds:maven.lpw.derived:data.lp.nt:mvn_lpw_l2_lpnt_20151113::5.0
P,urn:nasa:pds:maven.lpw.derived:data.lp.nt:mvn_lpw_l2_lpnt_20151114::5.0
P,urn:nasa:pds:maven.lpw.derived:data.lp.nt:mvn_lpw_l2_lpnt_20151115::5.0
P,urn:nasa:pds:maven.lpw.derived:data.lp.nt:mvn_lpw_l2_lpnt_20151116::5.0
P,urn:nasa:pds:maven.lpw.derived:data.lp.nt:mvn_lpw_l2_lpnt_20151117::5.0
P,urn:nasa:pds:maven.lpw.derived:data.lp.nt:mvn_lpw_l2_lpnt_20151118::5.0
P,urn:nasa:pds:maven.lpw.derived:data.lp.nt:mvn_lpw_l2_lpnt_20151119::5.0
P,urn:nasa:pds:maven.lpw.derived:data.lp.nt:mvn_lpw_l2_lpnt_20151120::5.0
P,urn:nasa:pds:maven.lpw.derived:data.lp.nt:mvn_lpw_l2_lpnt_20151121::5.0
P,urn:nasa:pds:maven.lpw.derived:data.lp.nt:mvn_lpw_l2_lpnt_20151122::5.0
P,urn:nasa:pds:maven.lpw.derived:data.lp.nt:mvn_lpw_l2_lpnt_20151123::5.0
P,urn:nasa:pds:maven.lpw.derived:data.lp.nt:mvn_lpw_l2_lpnt_20151124::5.0
P,urn:nasa:pds:maven.lpw.derived:data.lp.nt:mvn_lpw_l2_lpnt_20151125::5.0
P,urn:nasa:pds:maven.lpw.derived:data.lp.nt:mvn_lpw_l2_lpnt_20151126::5.0
P,urn:nasa:pds:maven.lpw.derived:data.lp.nt:mvn_lpw_l2_lpnt_20151127::5.0
P,urn:nasa:pds:maven.lpw.derived:data.lp.nt:mvn_lpw_l2_lpnt_20151128::5.0
P,urn:nasa:pds:maven.lpw.derived:data.lp.nt:mvn_lpw_l2_lpnt_20151129::5.0
P,urn:nasa:pds:maven.lpw.derived:data.lp.nt:mvn_lpw_l2_lpnt_20151130::5.0
P,urn:nasa:pds:maven.lpw.derived:data.lp.nt:mvn_lpw_l2_lpnt_20151201::5.0
P,urn:nasa:pds:maven.lpw.derived:data.lp.nt:mvn_lpw_l2_lpnt_20151202::5.0
P,urn:nasa:pds:maven.lpw.derived:data.lp.nt:mvn_lpw_l2_lpnt_20151203::5.0
P,urn:nasa:pds:maven.lpw.derived:data.lp.nt:mvn_lpw_l2_lpnt_20151204::5.0
P,urn:nasa:pds:maven.lpw.derived:data.lp.nt:mvn_lpw_l2_lpnt_20151205::5.0
P,urn:nasa:pds:maven.lpw.derived:data.lp.nt:mvn_lpw_l2_lpnt_20151206::5.0
P,urn:nasa:pds:maven.lpw.derived:data.lp.nt:mvn_lpw_l2_lpnt_20151207::5.0
P,urn:nasa:pds:maven.lpw.derived:data.lp.nt:mvn_lpw_l2_lpnt_20151208::5.0
P,urn:nasa:pds:maven.lpw.derived:data.lp.nt:mvn_lpw_l2_lpnt_20151209::5.0
P,urn:nasa:pds:maven.lpw.derived:data.lp.nt:mvn_lpw_l2_lpnt_20151210::5.0
P,urn:nasa:pds:maven.lpw.derived:data.lp.nt:mvn_lpw_l2_lpnt_20151211::5.0
P,urn:nasa:pds:maven.lpw.derived:data.lp.nt:mvn_lpw_l2_lpnt_20151212::5.0
P,urn:nasa:pds:maven.lpw.derived:data.lp.nt:mvn_lpw_l2_lpnt_20151213::5.0
P,urn:nasa:pds:maven.lpw.derived:data.lp.nt:mvn_lpw_l2_lpnt_20151214::5.0
P,urn:nasa:pds:maven.lpw.derived:data.lp.nt:mvn_lpw_l2_lpnt_20151215::5.0
P,urn:nasa:pds:maven.lpw.derived:data.lp.nt:mvn_lpw_l2_lpnt_20151216::5.0
P,urn:nasa:pds:maven.lpw.derived:data.lp.nt:mvn_lpw_l2_lpnt_20151217::5.0
P,urn:nasa:pds:maven.lpw.derived:data.lp.nt:mvn_lpw_l2_lpnt_20151218::5.0
P,urn:nasa:pds:maven.lpw.derived:data.lp.nt:mvn_lpw_l2_lpnt_20151219::5.0
P,urn:nasa:pds:maven.lpw.derived:data.lp.nt:mvn_lpw_l2_lpnt_20151220::5.0
P,urn:nasa:pds:maven.lpw.derived:data.lp.nt:mvn_lpw_l2_lpnt_20151221::5.0
P,urn:nasa:pds:maven.lpw.derived:data.lp.nt:mvn_lpw_l2_lpnt_20151222::5.0
P,urn:nasa:pds:maven.lpw.derived:data.lp.nt:mvn_lpw_l2_lpnt_20151223::4.0
P,urn:nasa:pds:maven.lpw.derived:data.lp.nt:mvn_lpw_l2_lpnt_20151224::5.0
P,urn:nasa:pds:maven.lpw.derived:data.lp.nt:mvn_lpw_l2_lpnt_20151225::5.0
P,urn:nasa:pds:maven.lpw.derived:data.lp.nt:mvn_lpw_l2_lpnt_20151226::5.0
P,urn:nasa:pds:maven.lpw.derived:data.lp.nt:mvn_lpw_l2_lpnt_20151227::5.0
P,urn:nasa:pds:maven.lpw.derived:data.lp.nt:mvn_lpw_l2_lpnt_20151228::5.0
P,urn:nasa:pds:maven.lpw.derived:data.lp.nt:mvn_lpw_l2_lpnt_20151229::5.0
P,urn:nasa:pds:maven.lpw.derived:data.lp.nt:mvn_lpw_l2_lpnt_20151230::5.0
P,urn:nasa:pds:maven.lpw.derived:data.lp.nt:mvn_lpw_l2_lpnt_20151231::5.0
P,urn:nasa:pds:maven.lpw.derived:data.lp.nt:mvn_lpw_l2_lpnt_20160101::5.0
P,urn:nasa:pds:maven.lpw.derived:data.lp.nt:mvn_lpw_l2_lpnt_20160102::5.0
P,urn:nasa:pds:maven.lpw.derived:data.lp.nt:mvn_lpw_l2_lpnt_20160103::5.0
P,urn:nasa:pds:maven.lpw.derived:data.lp.nt:mvn_lpw_l2_lpnt_20160104::5.0
P,urn:nasa:pds:maven.lpw.derived:data.lp.nt:mvn_lpw_l2_lpnt_20160105::5.0
P,urn:nasa:pds:maven.lpw.derived:data.lp.nt:mvn_lpw_l2_lpnt_20160106::5.0
P,urn:nasa:pds:maven.lpw.derived:data.lp.nt:mvn_lpw_l2_lpnt_20160107::5.0
P,urn:nasa:pds:maven.lpw.derived:data.lp.nt:mvn_lpw_l2_lpnt_20160108::5.0
P,urn:nasa:pds:maven.lpw.derived:data.lp.nt:mvn_lpw_l2_lpnt_20160109::5.0
P,urn:nasa:pds:maven.lpw.derived:data.lp.nt:mvn_lpw_l2_lpnt_20160110::5.0
P,urn:nasa:pds:maven.lpw.derived:data.lp.nt:mvn_lpw_l2_lpnt_20160111::5.0
P,urn:nasa:pds:maven.lpw.derived:data.lp.nt:mvn_lpw_l2_lpnt_20160112::5.0
P,urn:nasa:pds:maven.lpw.derived:data.lp.nt:mvn_lpw_l2_lpnt_20160113::5.0
P,urn:nasa:pds:maven.lpw.derived:data.lp.nt:mvn_lpw_l2_lpnt_20160114::5.0
P,urn:nasa:pds:maven.lpw.derived:data.lp.nt:mvn_lpw_l2_lpnt_20160115::5.0
P,urn:nasa:pds:maven.lpw.derived:data.lp.nt:mvn_lpw_l2_lpnt_20160116::5.0
P,urn:nasa:pds:maven.lpw.derived:data.lp.nt:mvn_lpw_l2_lpnt_20160117::5.0
P,urn:nasa:pds:maven.lpw.derived:data.lp.nt:mvn_lpw_l2_lpnt_20160118::5.0
P,urn:nasa:pds:maven.lpw.derived:data.lp.nt:mvn_lpw_l2_lpnt_20160119::5.0
P,urn:nasa:pds:maven.lpw.derived:data.lp.nt:mvn_lpw_l2_lpnt_20160120::5.0
P,urn:nasa:pds:maven.lpw.derived:data.lp.nt:mvn_lpw_l2_lpnt_20160121::5.0
P,urn:nasa:pds:maven.lpw.derived:data.lp.nt:mvn_lpw_l2_lpnt_20160122::5.0
P,urn:nasa:pds:maven.lpw.derived:data.lp.nt:mvn_lpw_l2_lpnt_20160123::5.0
P,urn:nasa:pds:maven.lpw.derived:data.lp.nt:mvn_lpw_l2_lpnt_20160124::5.0
P,urn:nasa:pds:maven.lpw.derived:data.lp.nt:mvn_lpw_l2_lpnt_20160125::5.0
P,urn:nasa:pds:maven.lpw.derived:data.lp.nt:mvn_lpw_l2_lpnt_20160126::5.0
P,urn:nasa:pds:maven.lpw.derived:data.lp.nt:mvn_lpw_l2_lpnt_20160127::5.0
P,urn:nasa:pds:maven.lpw.derived:data.lp.nt:mvn_lpw_l2_lpnt_20160128::5.0
P,urn:nasa:pds:maven.lpw.derived:data.lp.nt:mvn_lpw_l2_lpnt_20160129::5.0
P,urn:nasa:pds:maven.lpw.derived:data.lp.nt:mvn_lpw_l2_lpnt_20160130::5.0
P,urn:nasa:pds:maven.lpw.derived:data.lp.nt:mvn_lpw_l2_lpnt_20160131::5.0
P,urn:nasa:pds:maven.lpw.derived:data.lp.nt:mvn_lpw_l2_lpnt_20160201::5.0
P,urn:nasa:pds:maven.lpw.derived:data.lp.nt:mvn_lpw_l2_lpnt_20160202::5.0
P,urn:nasa:pds:maven.lpw.derived:data.lp.nt:mvn_lpw_l2_lpnt_20160203::5.0
P,urn:nasa:pds:maven.lpw.derived:data.lp.nt:mvn_lpw_l2_lpnt_20160204::5.0
P,urn:nasa:pds:maven.lpw.derived:data.lp.nt:mvn_lpw_l2_lpnt_20160205::5.0
P,urn:nasa:pds:maven.lpw.derived:data.lp.nt:mvn_lpw_l2_lpnt_20160206::5.0
P,urn:nasa:pds:maven.lpw.derived:data.lp.nt:mvn_lpw_l2_lpnt_20160207::5.0
P,urn:nasa:pds:maven.lpw.derived:data.lp.nt:mvn_lpw_l2_lpnt_20160208::5.0
P,urn:nasa:pds:maven.lpw.derived:data.lp.nt:mvn_lpw_l2_lpnt_20160209::5.0
P,urn:nasa:pds:maven.lpw.derived:data.lp.nt:mvn_lpw_l2_lpnt_20160210::5.0
P,urn:nasa:pds:maven.lpw.derived:data.lp.nt:mvn_lpw_l2_lpnt_20160211::5.0
P,urn:nasa:pds:maven.lpw.derived:data.lp.nt:mvn_lpw_l2_lpnt_20160212::5.0
P,urn:nasa:pds:maven.lpw.derived:data.lp.nt:mvn_lpw_l2_lpnt_20160213::5.0
P,urn:nasa:pds:maven.lpw.derived:data.lp.nt:mvn_lpw_l2_lpnt_20160214::5.0
P,urn:nasa:pds:maven.lpw.derived:data.lp.nt:mvn_lpw_l2_lpnt_20160215::5.0
P,urn:nasa:pds:maven.lpw.derived:data.lp.nt:mvn_lpw_l2_lpnt_20160216::5.0
P,urn:nasa:pds:maven.lpw.derived:data.lp.nt:mvn_lpw_l2_lpnt_20160217::5.0
P,urn:nasa:pds:maven.lpw.derived:data.lp.nt:mvn_lpw_l2_lpnt_20160218::5.0
P,urn:nasa:pds:maven.lpw.derived:data.lp.nt:mvn_lpw_l2_lpnt_20160219::5.0
P,urn:nasa:pds:maven.lpw.derived:data.lp.nt:mvn_lpw_l2_lpnt_20160220::5.0
P,urn:nasa:pds:maven.lpw.derived:data.lp.nt:mvn_lpw_l2_lpnt_20160221::5.0
P,urn:nasa:pds:maven.lpw.derived:data.lp.nt:mvn_lpw_l2_lpnt_20160222::5.0
P,urn:nasa:pds:maven.lpw.derived:data.lp.nt:mvn_lpw_l2_lpnt_20160223::5.0
P,urn:nasa:pds:maven.lpw.derived:data.lp.nt:mvn_lpw_l2_lpnt_20160224::5.0
P,urn:nasa:pds:maven.lpw.derived:data.lp.nt:mvn_lpw_l2_lpnt_20160225::5.0
P,urn:nasa:pds:maven.lpw.derived:data.lp.nt:mvn_lpw_l2_lpnt_20160226::5.0
P,urn:nasa:pds:maven.lpw.derived:data.lp.nt:mvn_lpw_l2_lpnt_20160227::5.0
P,urn:nasa:pds:maven.lpw.derived:data.lp.nt:mvn_lpw_l2_lpnt_20160228::5.0
P,urn:nasa:pds:maven.lpw.derived:data.lp.nt:mvn_lpw_l2_lpnt_20160229::5.0
P,urn:nasa:pds:maven.lpw.derived:data.lp.nt:mvn_lpw_l2_lpnt_20160301::5.0
P,urn:nasa:pds:maven.lpw.derived:data.lp.nt:mvn_lpw_l2_lpnt_20160302::5.0
P,urn:nasa:pds:maven.lpw.derived:data.lp.nt:mvn_lpw_l2_lpnt_20160303::5.0
P,urn:nasa:pds:maven.lpw.derived:data.lp.nt:mvn_lpw_l2_lpnt_20160304::5.0
P,urn:nasa:pds:maven.lpw.derived:data.lp.nt:mvn_lpw_l2_lpnt_20160305::5.0
P,urn:nasa:pds:maven.lpw.derived:data.lp.nt:mvn_lpw_l2_lpnt_20160306::5.0
P,urn:nasa:pds:maven.lpw.derived:data.lp.nt:mvn_lpw_l2_lpnt_20160307::5.0
P,urn:nasa:pds:maven.lpw.derived:data.lp.nt:mvn_lpw_l2_lpnt_20160308::5.0
P,urn:nasa:pds:maven.lpw.derived:data.lp.nt:mvn_lpw_l2_lpnt_20160309::5.0
P,urn:nasa:pds:maven.lpw.derived:data.lp.nt:mvn_lpw_l2_lpnt_20160310::5.0
P,urn:nasa:pds:maven.lpw.derived:data.lp.nt:mvn_lpw_l2_lpnt_20160311::5.0
P,urn:nasa:pds:maven.lpw.derived:data.lp.nt:mvn_lpw_l2_lpnt_20160312::5.0
P,urn:nasa:pds:maven.lpw.derived:data.lp.nt:mvn_lpw_l2_lpnt_20160313::5.0
P,urn:nasa:pds:maven.lpw.derived:data.lp.nt:mvn_lpw_l2_lpnt_20160314::5.0
P,urn:nasa:pds:maven.lpw.derived:data.lp.nt:mvn_lpw_l2_lpnt_20160315::5.0
P,urn:nasa:pds:maven.lpw.derived:data.lp.nt:mvn_lpw_l2_lpnt_20160316::5.0
P,urn:nasa:pds:maven.lpw.derived:data.lp.nt:mvn_lpw_l2_lpnt_20160317::5.0
P,urn:nasa:pds:maven.lpw.derived:data.lp.nt:mvn_lpw_l2_lpnt_20160318::5.0
P,urn:nasa:pds:maven.lpw.derived:data.lp.nt:mvn_lpw_l2_lpnt_20160319::5.0
P,urn:nasa:pds:maven.lpw.derived:data.lp.nt:mvn_lpw_l2_lpnt_20160320::5.0
P,urn:nasa:pds:maven.lpw.derived:data.lp.nt:mvn_lpw_l2_lpnt_20160321::5.0
P,urn:nasa:pds:maven.lpw.derived:data.lp.nt:mvn_lpw_l2_lpnt_20160322::5.0
P,urn:nasa:pds:maven.lpw.derived:data.lp.nt:mvn_lpw_l2_lpnt_20160323::5.0
P,urn:nasa:pds:maven.lpw.derived:data.lp.nt:mvn_lpw_l2_lpnt_20160324::5.0
P,urn:nasa:pds:maven.lpw.derived:data.lp.nt:mvn_lpw_l2_lpnt_20160325::5.0
P,urn:nasa:pds:maven.lpw.derived:data.lp.nt:mvn_lpw_l2_lpnt_20160326::5.0
P,urn:nasa:pds:maven.lpw.derived:data.lp.nt:mvn_lpw_l2_lpnt_20160327::5.0
P,urn:nasa:pds:maven.lpw.derived:data.lp.nt:mvn_lpw_l2_lpnt_20160328::5.0
P,urn:nasa:pds:maven.lpw.derived:data.lp.nt:mvn_lpw_l2_lpnt_20160329::5.0
P,urn:nasa:pds:maven.lpw.derived:data.lp.nt:mvn_lpw_l2_lpnt_20160330::5.0
P,urn:nasa:pds:maven.lpw.derived:data.lp.nt:mvn_lpw_l2_lpnt_20160331::5.0
P,urn:nasa:pds:maven.lpw.derived:data.lp.nt:mvn_lpw_l2_lpnt_20160401::5.0
P,urn:nasa:pds:maven.lpw.derived:data.lp.nt:mvn_lpw_l2_lpnt_20160402::5.0
P,urn:nasa:pds:maven.lpw.derived:data.lp.nt:mvn_lpw_l2_lpnt_20160403::5.0
P,urn:nasa:pds:maven.lpw.derived:data.lp.nt:mvn_lpw_l2_lpnt_20160404::5.0
P,urn:nasa:pds:maven.lpw.derived:data.lp.nt:mvn_lpw_l2_lpnt_20160405::5.0
P,urn:nasa:pds:maven.lpw.derived:data.lp.nt:mvn_lpw_l2_lpnt_20160406::5.0
P,urn:nasa:pds:maven.lpw.derived:data.lp.nt:mvn_lpw_l2_lpnt_20160407::5.0
P,urn:nasa:pds:maven.lpw.derived:data.lp.nt:mvn_lpw_l2_lpnt_20160408::5.0
P,urn:nasa:pds:maven.lpw.derived:data.lp.nt:mvn_lpw_l2_lpnt_20160409::5.0
P,urn:nasa:pds:maven.lpw.derived:data.lp.nt:mvn_lpw_l2_lpnt_20160410::5.0
P,urn:nasa:pds:maven.lpw.derived:data.lp.nt:mvn_lpw_l2_lpnt_20160411::5.0
P,urn:nasa:pds:maven.lpw.derived:data.lp.nt:mvn_lpw_l2_lpnt_20160412::5.0
P,urn:nasa:pds:maven.lpw.derived:data.lp.nt:mvn_lpw_l2_lpnt_20160413::5.0
P,urn:nasa:pds:maven.lpw.derived:data.lp.nt:mvn_lpw_l2_lpnt_20160414::5.0
P,urn:nasa:pds:maven.lpw.derived:data.lp.nt:mvn_lpw_l2_lpnt_20160415::5.0
P,urn:nasa:pds:maven.lpw.derived:data.lp.nt:mvn_lpw_l2_lpnt_20160416::5.0
P,urn:nasa:pds:maven.lpw.derived:data.lp.nt:mvn_lpw_l2_lpnt_20160417::5.0
P,urn:nasa:pds:maven.lpw.derived:data.lp.nt:mvn_lpw_l2_lpnt_20160418::5.0
P,urn:nasa:pds:maven.lpw.derived:data.lp.nt:mvn_lpw_l2_lpnt_20160419::5.0
P,urn:nasa:pds:maven.lpw.derived:data.lp.nt:mvn_lpw_l2_lpnt_20160420::5.0
P,urn:nasa:pds:maven.lpw.derived:data.lp.nt:mvn_lpw_l2_lpnt_20160421::5.0
P,urn:nasa:pds:maven.lpw.derived:data.lp.nt:mvn_lpw_l2_lpnt_20160422::5.0
P,urn:nasa:pds:maven.lpw.derived:data.lp.nt:mvn_lpw_l2_lpnt_20160423::5.0
P,urn:nasa:pds:maven.lpw.derived:data.lp.nt:mvn_lpw_l2_lpnt_20160424::5.0
P,urn:nasa:pds:maven.lpw.derived:data.lp.nt:mvn_lpw_l2_lpnt_20160425::5.0
P,urn:nasa:pds:maven.lpw.derived:data.lp.nt:mvn_lpw_l2_lpnt_20160426::5.0
P,urn:nasa:pds:maven.lpw.derived:data.lp.nt:mvn_lpw_l2_lpnt_20160427::5.0
P,urn:nasa:pds:maven.lpw.derived:data.lp.nt:mvn_lpw_l2_lpnt_20160428::5.0
P,urn:nasa:pds:maven.lpw.derived:data.lp.nt:mvn_lpw_l2_lpnt_20160429::5.0
P,urn:nasa:pds:maven.lpw.derived:data.lp.nt:mvn_lpw_l2_lpnt_20160430::5.0
P,urn:nasa:pds:maven.lpw.derived:data.lp.nt:mvn_lpw_l2_lpnt_20160501::5.0
P,urn:nasa:pds:maven.lpw.derived:data.lp.nt:mvn_lpw_l2_lpnt_20160502::5.0
P,urn:nasa:pds:maven.lpw.derived:data.lp.nt:mvn_lpw_l2_lpnt_20160503::5.0
P,urn:nasa:pds:maven.lpw.derived:data.lp.nt:mvn_lpw_l2_lpnt_20160504::5.0
P,urn:nasa:pds:maven.lpw.derived:data.lp.nt:mvn_lpw_l2_lpnt_20160505::5.0
P,urn:nasa:pds:maven.lpw.derived:data.lp.nt:mvn_lpw_l2_lpnt_20160506::5.0
P,urn:nasa:pds:maven.lpw.derived:data.lp.nt:mvn_lpw_l2_lpnt_20160507::5.0
P,urn:nasa:pds:maven.lpw.derived:data.lp.nt:mvn_lpw_l2_lpnt_20160508::5.0
P,urn:nasa:pds:maven.lpw.derived:data.lp.nt:mvn_lpw_l2_lpnt_20160509::5.0
P,urn:nasa:pds:maven.lpw.derived:data.lp.nt:mvn_lpw_l2_lpnt_20160510::5.0
P,urn:nasa:pds:maven.lpw.derived:data.lp.nt:mvn_lpw_l2_lpnt_20160511::5.0
P,urn:nasa:pds:maven.lpw.derived:data.lp.nt:mvn_lpw_l2_lpnt_20160512::5.0
P,urn:nasa:pds:maven.lpw.derived:data.lp.nt:mvn_lpw_l2_lpnt_20160513::5.0
P,urn:nasa:pds:maven.lpw.derived:data.lp.nt:mvn_lpw_l2_lpnt_20160514::5.0
P,urn:nasa:pds:maven.lpw.derived:data.lp.nt:mvn_lpw_l2_lpnt_20160515::4.0
P,urn:nasa:pds:maven.lpw.derived:data.lp.nt:mvn_lpw_l2_lpnt_20160516::4.0
P,urn:nasa:pds:maven.lpw.derived:data.lp.nt:mvn_lpw_l2_lpnt_20160517::4.0
P,urn:nasa:pds:maven.lpw.derived:data.lp.nt:mvn_lpw_l2_lpnt_20160518::4.0
P,urn:nasa:pds:maven.lpw.derived:data.lp.nt:mvn_lpw_l2_lpnt_20160519::4.0
P,urn:nasa:pds:maven.lpw.derived:data.lp.nt:mvn_lpw_l2_lpnt_20160520::4.0
P,urn:nasa:pds:maven.lpw.derived:data.lp.nt:mvn_lpw_l2_lpnt_20160521::4.0
P,urn:nasa:pds:maven.lpw.derived:data.lp.nt:mvn_lpw_l2_lpnt_20160522::4.0
P,urn:nasa:pds:maven.lpw.derived:data.lp.nt:mvn_lpw_l2_lpnt_20160523::4.0
P,urn:nasa:pds:maven.lpw.derived:data.lp.nt:mvn_lpw_l2_lpnt_20160524::4.0
P,urn:nasa:pds:maven.lpw.derived:data.lp.nt:mvn_lpw_l2_lpnt_20160525::4.0
P,urn:nasa:pds:maven.lpw.derived:data.lp.nt:mvn_lpw_l2_lpnt_20160526::4.0
P,urn:nasa:pds:maven.lpw.derived:data.lp.nt:mvn_lpw_l2_lpnt_20160527::4.0
P,urn:nasa:pds:maven.lpw.derived:data.lp.nt:mvn_lpw_l2_lpnt_20160528::4.0
P,urn:nasa:pds:maven.lpw.derived:data.lp.nt:mvn_lpw_l2_lpnt_20160529::4.0
P,urn:nasa:pds:maven.lpw.derived:data.lp.nt:mvn_lpw_l2_lpnt_20160530::4.0
P,urn:nasa:pds:maven.lpw.derived:data.lp.nt:mvn_lpw_l2_lpnt_20160531::4.0
P,urn:nasa:pds:maven.lpw.derived:data.lp.nt:mvn_lpw_l2_lpnt_20160601::4.0
P,urn:nasa:pds:maven.lpw.derived:data.lp.nt:mvn_lpw_l2_lpnt_20160602::4.0
P,urn:nasa:pds:maven.lpw.derived:data.lp.nt:mvn_lpw_l2_lpnt_20160603::4.0
P,urn:nasa:pds:maven.lpw.derived:data.lp.nt:mvn_lpw_l2_lpnt_20160604::4.0
P,urn:nasa:pds:maven.lpw.derived:data.lp.nt:mvn_lpw_l2_lpnt_20160605::4.0
P,urn:nasa:pds:maven.lpw.derived:data.lp.nt:mvn_lpw_l2_lpnt_20160606::4.0
P,urn:nasa:pds:maven.lpw.derived:data.lp.nt:mvn_lpw_l2_lpnt_20160607::4.0
P,urn:nasa:pds:maven.lpw.derived:data.lp.nt:mvn_lpw_l2_lpnt_20160608::4.0
P,urn:nasa:pds:maven.lpw.derived:data.lp.nt:mvn_lpw_l2_lpnt_20160609::4.0
P,urn:nasa:pds:maven.lpw.derived:data.lp.nt:mvn_lpw_l2_lpnt_20160610::4.0
P,urn:nasa:pds:maven.lpw.derived:data.lp.nt:mvn_lpw_l2_lpnt_20160611::4.0
P,urn:nasa:pds:maven.lpw.derived:data.lp.nt:mvn_lpw_l2_lpnt_20160612::4.0
P,urn:nasa:pds:maven.lpw.derived:data.lp.nt:mvn_lpw_l2_lpnt_20160613::4.0
P,urn:nasa:pds:maven.lpw.derived:data.lp.nt:mvn_lpw_l2_lpnt_20160614::4.0
P,urn:nasa:pds:maven.lpw.derived:data.lp.nt:mvn_lpw_l2_lpnt_20160615::4.0
P,urn:nasa:pds:maven.lpw.derived:data.lp.nt:mvn_lpw_l2_lpnt_20160616::4.0
P,urn:nasa:pds:maven.lpw.derived:data.lp.nt:mvn_lpw_l2_lpnt_20160617::4.0
P,urn:nasa:pds:maven.lpw.derived:data.lp.nt:mvn_lpw_l2_lpnt_20160618::4.0
P,urn:nasa:pds:maven.lpw.derived:data.lp.nt:mvn_lpw_l2_lpnt_20160619::4.0
P,urn:nasa:pds:maven.lpw.derived:data.lp.nt:mvn_lpw_l2_lpnt_20160620::4.0
P,urn:nasa:pds:maven.lpw.derived:data.lp.nt:mvn_lpw_l2_lpnt_20160621::4.0
P,urn:nasa:pds:maven.lpw.derived:data.lp.nt:mvn_lpw_l2_lpnt_20160622::4.0
P,urn:nasa:pds:maven.lpw.derived:data.lp.nt:mvn_lpw_l2_lpnt_20160623::4.0
P,urn:nasa:pds:maven.lpw.derived:data.lp.nt:mvn_lpw_l2_lpnt_20160624::4.0
P,urn:nasa:pds:maven.lpw.derived:data.lp.nt:mvn_lpw_l2_lpnt_20160625::4.0
P,urn:nasa:pds:maven.lpw.derived:data.lp.nt:mvn_lpw_l2_lpnt_20160626::4.0
P,urn:nasa:pds:maven.lpw.derived:data.lp.nt:mvn_lpw_l2_lpnt_20160627::4.0
P,urn:nasa:pds:maven.lpw.derived:data.lp.nt:mvn_lpw_l2_lpnt_20160628::4.0
P,urn:nasa:pds:maven.lpw.derived:data.lp.nt:mvn_lpw_l2_lpnt_20160629::4.0
P,urn:nasa:pds:maven.lpw.derived:data.lp.nt:mvn_lpw_l2_lpnt_20160630::4.0
P,urn:nasa:pds:maven.lpw.derived:data.lp.nt:mvn_lpw_l2_lpnt_20160701::4.0
P,urn:nasa:pds:maven.lpw.derived:data.lp.nt:mvn_lpw_l2_lpnt_20160702::4.0
P,urn:nasa:pds:maven.lpw.derived:data.lp.nt:mvn_lpw_l2_lpnt_20160703::4.0
P,urn:nasa:pds:maven.lpw.derived:data.lp.nt:mvn_lpw_l2_lpnt_20160704::4.0
P,urn:nasa:pds:maven.lpw.derived:data.lp.nt:mvn_lpw_l2_lpnt_20160705::4.0
P,urn:nasa:pds:maven.lpw.derived:data.lp.nt:mvn_lpw_l2_lpnt_20160706::4.0
P,urn:nasa:pds:maven.lpw.derived:data.lp.nt:mvn_lpw_l2_lpnt_20160707::4.0
P,urn:nasa:pds:maven.lpw.derived:data.lp.nt:mvn_lpw_l2_lpnt_20160708::4.0
P,urn:nasa:pds:maven.lpw.derived:data.lp.nt:mvn_lpw_l2_lpnt_20160709::4.0
P,urn:nasa:pds:maven.lpw.derived:data.lp.nt:mvn_lpw_l2_lpnt_20160710::4.0
P,urn:nasa:pds:maven.lpw.derived:data.lp.nt:mvn_lpw_l2_lpnt_20160711::4.0
P,urn:nasa:pds:maven.lpw.derived:data.lp.nt:mvn_lpw_l2_lpnt_20160712::4.0
P,urn:nasa:pds:maven.lpw.derived:data.lp.nt:mvn_lpw_l2_lpnt_20160713::4.0
P,urn:nasa:pds:maven.lpw.derived:data.lp.nt:mvn_lpw_l2_lpnt_20160714::4.0
P,urn:nasa:pds:maven.lpw.derived:data.lp.nt:mvn_lpw_l2_lpnt_20160715::4.0
P,urn:nasa:pds:maven.lpw.derived:data.lp.nt:mvn_lpw_l2_lpnt_20160716::4.0
P,urn:nasa:pds:maven.lpw.derived:data.lp.nt:mvn_lpw_l2_lpnt_20160717::4.0
P,urn:nasa:pds:maven.lpw.derived:data.lp.nt:mvn_lpw_l2_lpnt_20160718::4.0
P,urn:nasa:pds:maven.lpw.derived:data.lp.nt:mvn_lpw_l2_lpnt_20160719::4.0
P,urn:nasa:pds:maven.lpw.derived:data.lp.nt:mvn_lpw_l2_lpnt_20160720::4.0
P,urn:nasa:pds:maven.lpw.derived:data.lp.nt:mvn_lpw_l2_lpnt_20160721::4.0
P,urn:nasa:pds:maven.lpw.derived:data.lp.nt:mvn_lpw_l2_lpnt_20160722::4.0
P,urn:nasa:pds:maven.lpw.derived:data.lp.nt:mvn_lpw_l2_lpnt_20160723::4.0
P,urn:nasa:pds:maven.lpw.derived:data.lp.nt:mvn_lpw_l2_lpnt_20160724::4.0
P,urn:nasa:pds:maven.lpw.derived:data.lp.nt:mvn_lpw_l2_lpnt_20160725::4.0
P,urn:nasa:pds:maven.lpw.derived:data.lp.nt:mvn_lpw_l2_lpnt_20160726::4.0
P,urn:nasa:pds:maven.lpw.derived:data.lp.nt:mvn_lpw_l2_lpnt_20160727::4.0
P,urn:nasa:pds:maven.lpw.derived:data.lp.nt:mvn_lpw_l2_lpnt_20160728::4.0
P,urn:nasa:pds:maven.lpw.derived:data.lp.nt:mvn_lpw_l2_lpnt_20160729::4.0
P,urn:nasa:pds:maven.lpw.derived:data.lp.nt:mvn_lpw_l2_lpnt_20160730::4.0
P,urn:nasa:pds:maven.lpw.derived:data.lp.nt:mvn_lpw_l2_lpnt_20160731::4.0
P,urn:nasa:pds:maven.lpw.derived:data.lp.nt:mvn_lpw_l2_lpnt_20160801::4.0
P,urn:nasa:pds:maven.lpw.derived:data.lp.nt:mvn_lpw_l2_lpnt_20160802::4.0
P,urn:nasa:pds:maven.lpw.derived:data.lp.nt:mvn_lpw_l2_lpnt_20160803::4.0
P,urn:nasa:pds:maven.lpw.derived:data.lp.nt:mvn_lpw_l2_lpnt_20160804::4.0
P,urn:nasa:pds:maven.lpw.derived:data.lp.nt:mvn_lpw_l2_lpnt_20160805::4.0
P,urn:nasa:pds:maven.lpw.derived:data.lp.nt:mvn_lpw_l2_lpnt_20160806::4.0
P,urn:nasa:pds:maven.lpw.derived:data.lp.nt:mvn_lpw_l2_lpnt_20160807::4.0
P,urn:nasa:pds:maven.lpw.derived:data.lp.nt:mvn_lpw_l2_lpnt_20160808::4.0
P,urn:nasa:pds:maven.lpw.derived:data.lp.nt:mvn_lpw_l2_lpnt_20160809::4.0
P,urn:nasa:pds:maven.lpw.derived:data.lp.nt:mvn_lpw_l2_lpnt_20160810::4.0
P,urn:nasa:pds:maven.lpw.derived:data.lp.nt:mvn_lpw_l2_lpnt_20160811::4.0
P,urn:nasa:pds:maven.lpw.derived:data.lp.nt:mvn_lpw_l2_lpnt_20160812::4.0
P,urn:nasa:pds:maven.lpw.derived:data.lp.nt:mvn_lpw_l2_lpnt_20160813::4.0
P,urn:nasa:pds:maven.lpw.derived:data.lp.nt:mvn_lpw_l2_lpnt_20160814::4.0
P,urn:nasa:pds:maven.lpw.derived:data.lp.nt:mvn_lpw_l2_lpnt_20160815::4.0
P,urn:nasa:pds:maven.lpw.derived:data.lp.nt:mvn_lpw_l2_lpnt_20160816::4.0
P,urn:nasa:pds:maven.lpw.derived:data.lp.nt:mvn_lpw_l2_lpnt_20160817::4.0
P,urn:nasa:pds:maven.lpw.derived:data.lp.nt:mvn_lpw_l2_lpnt_20160818::4.0
P,urn:nasa:pds:maven.lpw.derived:data.lp.nt:mvn_lpw_l2_lpnt_20160819::4.0
P,urn:nasa:pds:maven.lpw.derived:data.lp.nt:mvn_lpw_l2_lpnt_20160820::4.0
P,urn:nasa:pds:maven.lpw.derived:data.lp.nt:mvn_lpw_l2_lpnt_20160821::4.0
P,urn:nasa:pds:maven.lpw.derived:data.lp.nt:mvn_lpw_l2_lpnt_20160822::4.0
P,urn:nasa:pds:maven.lpw.derived:data.lp.nt:mvn_lpw_l2_lpnt_20160823::4.0
P,urn:nasa:pds:maven.lpw.derived:data.lp.nt:mvn_lpw_l2_lpnt_20160824::4.0
P,urn:nasa:pds:maven.lpw.derived:data.lp.nt:mvn_lpw_l2_lpnt_20160825::4.0
P,urn:nasa:pds:maven.lpw.derived:data.lp.nt:mvn_lpw_l2_lpnt_20160826::4.0
P,urn:nasa:pds:maven.lpw.derived:data.lp.nt:mvn_lpw_l2_lpnt_20160827::4.0
P,urn:nasa:pds:maven.lpw.derived:data.lp.nt:mvn_lpw_l2_lpnt_20160828::4.0
P,urn:nasa:pds:maven.lpw.derived:data.lp.nt:mvn_lpw_l2_lpnt_20160829::4.0
P,urn:nasa:pds:maven.lpw.derived:data.lp.nt:mvn_lpw_l2_lpnt_20160830::4.0
P,urn:nasa:pds:maven.lpw.derived:data.lp.nt:mvn_lpw_l2_lpnt_20160831::4.0
P,urn:nasa:pds:maven.lpw.derived:data.lp.nt:mvn_lpw_l2_lpnt_20160901::4.0
P,urn:nasa:pds:maven.lpw.derived:data.lp.nt:mvn_lpw_l2_lpnt_20160902::4.0
P,urn:nasa:pds:maven.lpw.derived:data.lp.nt:mvn_lpw_l2_lpnt_20160903::4.0
P,urn:nasa:pds:maven.lpw.derived:data.lp.nt:mvn_lpw_l2_lpnt_20160904::4.0
P,urn:nasa:pds:maven.lpw.derived:data.lp.nt:mvn_lpw_l2_lpnt_20160905::4.0
P,urn:nasa:pds:maven.lpw.derived:data.lp.nt:mvn_lpw_l2_lpnt_20160906::4.0
P,urn:nasa:pds:maven.lpw.derived:data.lp.nt:mvn_lpw_l2_lpnt_20160907::4.0
P,urn:nasa:pds:maven.lpw.derived:data.lp.nt:mvn_lpw_l2_lpnt_20160908::4.0
P,urn:nasa:pds:maven.lpw.derived:data.lp.nt:mvn_lpw_l2_lpnt_20160909::4.0
P,urn:nasa:pds:maven.lpw.derived:data.lp.nt:mvn_lpw_l2_lpnt_20160910::4.0
P,urn:nasa:pds:maven.lpw.derived:data.lp.nt:mvn_lpw_l2_lpnt_20160911::4.0
P,urn:nasa:pds:maven.lpw.derived:data.lp.nt:mvn_lpw_l2_lpnt_20160912::4.0
P,urn:nasa:pds:maven.lpw.derived:data.lp.nt:mvn_lpw_l2_lpnt_20160913::4.0
P,urn:nasa:pds:maven.lpw.derived:data.lp.nt:mvn_lpw_l2_lpnt_20160914::4.0
P,urn:nasa:pds:maven.lpw.derived:data.lp.nt:mvn_lpw_l2_lpnt_20160915::4.0
P,urn:nasa:pds:maven.lpw.derived:data.lp.nt:mvn_lpw_l2_lpnt_20160916::4.0
P,urn:nasa:pds:maven.lpw.derived:data.lp.nt:mvn_lpw_l2_lpnt_20160917::4.0
P,urn:nasa:pds:maven.lpw.derived:data.lp.nt:mvn_lpw_l2_lpnt_20160918::4.0
P,urn:nasa:pds:maven.lpw.derived:data.lp.nt:mvn_lpw_l2_lpnt_20160919::4.0
P,urn:nasa:pds:maven.lpw.derived:data.lp.nt:mvn_lpw_l2_lpnt_20160920::4.0
P,urn:nasa:pds:maven.lpw.derived:data.lp.nt:mvn_lpw_l2_lpnt_20160921::4.0
P,urn:nasa:pds:maven.lpw.derived:data.lp.nt:mvn_lpw_l2_lpnt_20160922::4.0
P,urn:nasa:pds:maven.lpw.derived:data.lp.nt:mvn_lpw_l2_lpnt_20160923::4.0
P,urn:nasa:pds:maven.lpw.derived:data.lp.nt:mvn_lpw_l2_lpnt_20160924::4.0
P,urn:nasa:pds:maven.lpw.derived:data.lp.nt:mvn_lpw_l2_lpnt_20160925::4.0
P,urn:nasa:pds:maven.lpw.derived:data.lp.nt:mvn_lpw_l2_lpnt_20160926::4.0
P,urn:nasa:pds:maven.lpw.derived:data.lp.nt:mvn_lpw_l2_lpnt_20160927::4.0
P,urn:nasa:pds:maven.lpw.derived:data.lp.nt:mvn_lpw_l2_lpnt_20160928::4.0
P,urn:nasa:pds:maven.lpw.derived:data.lp.nt:mvn_lpw_l2_lpnt_20160929::4.0
P,urn:nasa:pds:maven.lpw.derived:data.lp.nt:mvn_lpw_l2_lpnt_20160930::4.0
P,urn:nasa:pds:maven.lpw.derived:data.lp.nt:mvn_lpw_l2_lpnt_20161001::4.0
P,urn:nasa:pds:maven.lpw.derived:data.lp.nt:mvn_lpw_l2_lpnt_20161002::4.0
P,urn:nasa:pds:maven.lpw.derived:data.lp.nt:mvn_lpw_l2_lpnt_20161003::4.0
P,urn:nasa:pds:maven.lpw.derived:data.lp.nt:mvn_lpw_l2_lpnt_20161004::4.0
P,urn:nasa:pds:maven.lpw.derived:data.lp.nt:mvn_lpw_l2_lpnt_20161005::4.0
P,urn:nasa:pds:maven.lpw.derived:data.lp.nt:mvn_lpw_l2_lpnt_20161006::4.0
P,urn:nasa:pds:maven.lpw.derived:data.lp.nt:mvn_lpw_l2_lpnt_20161007::4.0
P,urn:nasa:pds:maven.lpw.derived:data.lp.nt:mvn_lpw_l2_lpnt_20161008::4.0
P,urn:nasa:pds:maven.lpw.derived:data.lp.nt:mvn_lpw_l2_lpnt_20161009::4.0
P,urn:nasa:pds:maven.lpw.derived:data.lp.nt:mvn_lpw_l2_lpnt_20161010::4.0
P,urn:nasa:pds:maven.lpw.derived:data.lp.nt:mvn_lpw_l2_lpnt_20161011::4.0
P,urn:nasa:pds:maven.lpw.derived:data.lp.nt:mvn_lpw_l2_lpnt_20161012::4.0
P,urn:nasa:pds:maven.lpw.derived:data.lp.nt:mvn_lpw_l2_lpnt_20161013::4.0
P,urn:nasa:pds:maven.lpw.derived:data.lp.nt:mvn_lpw_l2_lpnt_20161014::4.0
P,urn:nasa:pds:maven.lpw.derived:data.lp.nt:mvn_lpw_l2_lpnt_20161015::4.0
P,urn:nasa:pds:maven.lpw.derived:data.lp.nt:mvn_lpw_l2_lpnt_20161016::4.0
P,urn:nasa:pds:maven.lpw.derived:data.lp.nt:mvn_lpw_l2_lpnt_20161017::4.0
P,urn:nasa:pds:maven.lpw.derived:data.lp.nt:mvn_lpw_l2_lpnt_20161018::4.0
P,urn:nasa:pds:maven.lpw.derived:data.lp.nt:mvn_lpw_l2_lpnt_20161019::4.0
P,urn:nasa:pds:maven.lpw.derived:data.lp.nt:mvn_lpw_l2_lpnt_20161020::4.0
P,urn:nasa:pds:maven.lpw.derived:data.lp.nt:mvn_lpw_l2_lpnt_20161021::4.0
P,urn:nasa:pds:maven.lpw.derived:data.lp.nt:mvn_lpw_l2_lpnt_20161022::4.0
P,urn:nasa:pds:maven.lpw.derived:data.lp.nt:mvn_lpw_l2_lpnt_20161023::4.0
P,urn:nasa:pds:maven.lpw.derived:data.lp.nt:mvn_lpw_l2_lpnt_20161024::4.0
P,urn:nasa:pds:maven.lpw.derived:data.lp.nt:mvn_lpw_l2_lpnt_20161025::4.0
P,urn:nasa:pds:maven.lpw.derived:data.lp.nt:mvn_lpw_l2_lpnt_20161026::4.0
P,urn:nasa:pds:maven.lpw.derived:data.lp.nt:mvn_lpw_l2_lpnt_20161027::4.0
P,urn:nasa:pds:maven.lpw.derived:data.lp.nt:mvn_lpw_l2_lpnt_20161028::4.0
P,urn:nasa:pds:maven.lpw.derived:data.lp.nt:mvn_lpw_l2_lpnt_20161029::4.0
P,urn:nasa:pds:maven.lpw.derived:data.lp.nt:mvn_lpw_l2_lpnt_20161030::4.0
P,urn:nasa:pds:maven.lpw.derived:data.lp.nt:mvn_lpw_l2_lpnt_20161031::4.0
P,urn:nasa:pds:maven.lpw.derived:data.lp.nt:mvn_lpw_l2_lpnt_20161101::4.0
P,urn:nasa:pds:maven.lpw.derived:data.lp.nt:mvn_lpw_l2_lpnt_20161102::4.0
P,urn:nasa:pds:maven.lpw.derived:data.lp.nt:mvn_lpw_l2_lpnt_20161103::4.0
P,urn:nasa:pds:maven.lpw.derived:data.lp.nt:mvn_lpw_l2_lpnt_20161104::4.0
P,urn:nasa:pds:maven.lpw.derived:data.lp.nt:mvn_lpw_l2_lpnt_20161105::4.0
P,urn:nasa:pds:maven.lpw.derived:data.lp.nt:mvn_lpw_l2_lpnt_20161106::4.0
P,urn:nasa:pds:maven.lpw.derived:data.lp.nt:mvn_lpw_l2_lpnt_20161107::4.0
P,urn:nasa:pds:maven.lpw.derived:data.lp.nt:mvn_lpw_l2_lpnt_20161108::4.0
P,urn:nasa:pds:maven.lpw.derived:data.lp.nt:mvn_lpw_l2_lpnt_20161109::4.0
P,urn:nasa:pds:maven.lpw.derived:data.lp.nt:mvn_lpw_l2_lpnt_20161110::4.0
P,urn:nasa:pds:maven.lpw.derived:data.lp.nt:mvn_lpw_l2_lpnt_20161111::4.0
P,urn:nasa:pds:maven.lpw.derived:data.lp.nt:mvn_lpw_l2_lpnt_20161112::4.0
P,urn:nasa:pds:maven.lpw.derived:data.lp.nt:mvn_lpw_l2_lpnt_20161113::4.0
P,urn:nasa:pds:maven.lpw.derived:data.lp.nt:mvn_lpw_l2_lpnt_20161114::4.0
P,urn:nasa:pds:maven.lpw.derived:data.lp.nt:mvn_lpw_l2_lpnt_20161115::4.0
P,urn:nasa:pds:maven.lpw.derived:data.lp.nt:mvn_lpw_l2_lpnt_20161116::4.0
P,urn:nasa:pds:maven.lpw.derived:data.lp.nt:mvn_lpw_l2_lpnt_20161117::4.0
P,urn:nasa:pds:maven.lpw.derived:data.lp.nt:mvn_lpw_l2_lpnt_20161118::4.0
P,urn:nasa:pds:maven.lpw.derived:data.lp.nt:mvn_lpw_l2_lpnt_20161119::4.0
P,urn:nasa:pds:maven.lpw.derived:data.lp.nt:mvn_lpw_l2_lpnt_20161120::4.0
P,urn:nasa:pds:maven.lpw.derived:data.lp.nt:mvn_lpw_l2_lpnt_20161121::4.0
P,urn:nasa:pds:maven.lpw.derived:data.lp.nt:mvn_lpw_l2_lpnt_20161122::4.0
P,urn:nasa:pds:maven.lpw.derived:data.lp.nt:mvn_lpw_l2_lpnt_20161123::4.0
P,urn:nasa:pds:maven.lpw.derived:data.lp.nt:mvn_lpw_l2_lpnt_20161124::4.0
P,urn:nasa:pds:maven.lpw.derived:data.lp.nt:mvn_lpw_l2_lpnt_20161125::4.0
P,urn:nasa:pds:maven.lpw.derived:data.lp.nt:mvn_lpw_l2_lpnt_20161126::4.0
P,urn:nasa:pds:maven.lpw.derived:data.lp.nt:mvn_lpw_l2_lpnt_20161127::4.0
P,urn:nasa:pds:maven.lpw.derived:data.lp.nt:mvn_lpw_l2_lpnt_20161128::4.0
P,urn:nasa:pds:maven.lpw.derived:data.lp.nt:mvn_lpw_l2_lpnt_20161129::4.0
P,urn:nasa:pds:maven.lpw.derived:data.lp.nt:mvn_lpw_l2_lpnt_20161130::4.0
P,urn:nasa:pds:maven.lpw.derived:data.lp.nt:mvn_lpw_l2_lpnt_20161201::4.0
P,urn:nasa:pds:maven.lpw.derived:data.lp.nt:mvn_lpw_l2_lpnt_20161202::4.0
P,urn:nasa:pds:maven.lpw.derived:data.lp.nt:mvn_lpw_l2_lpnt_20161203::4.0
P,urn:nasa:pds:maven.lpw.derived:data.lp.nt:mvn_lpw_l2_lpnt_20161204::4.0
P,urn:nasa:pds:maven.lpw.derived:data.lp.nt:mvn_lpw_l2_lpnt_20161205::4.0
P,urn:nasa:pds:maven.lpw.derived:data.lp.nt:mvn_lpw_l2_lpnt_20161206::4.0
P,urn:nasa:pds:maven.lpw.derived:data.lp.nt:mvn_lpw_l2_lpnt_20161207::4.0
P,urn:nasa:pds:maven.lpw.derived:data.lp.nt:mvn_lpw_l2_lpnt_20161208::4.0
P,urn:nasa:pds:maven.lpw.derived:data.lp.nt:mvn_lpw_l2_lpnt_20161209::4.0
P,urn:nasa:pds:maven.lpw.derived:data.lp.nt:mvn_lpw_l2_lpnt_20161210::4.0
P,urn:nasa:pds:maven.lpw.derived:data.lp.nt:mvn_lpw_l2_lpnt_20161211::4.0
P,urn:nasa:pds:maven.lpw.derived:data.lp.nt:mvn_lpw_l2_lpnt_20161212::4.0
P,urn:nasa:pds:maven.lpw.derived:data.lp.nt:mvn_lpw_l2_lpnt_20161213::4.0
P,urn:nasa:pds:maven.lpw.derived:data.lp.nt:mvn_lpw_l2_lpnt_20161214::4.0
P,urn:nasa:pds:maven.lpw.derived:data.lp.nt:mvn_lpw_l2_lpnt_20161215::4.0
P,urn:nasa:pds:maven.lpw.derived:data.lp.nt:mvn_lpw_l2_lpnt_20161216::4.0
P,urn:nasa:pds:maven.lpw.derived:data.lp.nt:mvn_lpw_l2_lpnt_20161217::4.0
P,urn:nasa:pds:maven.lpw.derived:data.lp.nt:mvn_lpw_l2_lpnt_20161218::4.0
P,urn:nasa:pds:maven.lpw.derived:data.lp.nt:mvn_lpw_l2_lpnt_20161219::4.0
P,urn:nasa:pds:maven.lpw.derived:data.lp.nt:mvn_lpw_l2_lpnt_20161220::4.0
P,urn:nasa:pds:maven.lpw.derived:data.lp.nt:mvn_lpw_l2_lpnt_20161221::4.0
P,urn:nasa:pds:maven.lpw.derived:data.lp.nt:mvn_lpw_l2_lpnt_20161222::4.0
P,urn:nasa:pds:maven.lpw.derived:data.lp.nt:mvn_lpw_l2_lpnt_20161223::4.0
P,urn:nasa:pds:maven.lpw.derived:data.lp.nt:mvn_lpw_l2_lpnt_20161224::4.0
P,urn:nasa:pds:maven.lpw.derived:data.lp.nt:mvn_lpw_l2_lpnt_20161225::4.0
P,urn:nasa:pds:maven.lpw.derived:data.lp.nt:mvn_lpw_l2_lpnt_20161226::4.0
P,urn:nasa:pds:maven.lpw.derived:data.lp.nt:mvn_lpw_l2_lpnt_20161227::4.0
P,urn:nasa:pds:maven.lpw.derived:data.lp.nt:mvn_lpw_l2_lpnt_20161228::4.0
P,urn:nasa:pds:maven.lpw.derived:data.lp.nt:mvn_lpw_l2_lpnt_20161229::4.0
P,urn:nasa:pds:maven.lpw.derived:data.lp.nt:mvn_lpw_l2_lpnt_20161230::4.0
P,urn:nasa:pds:maven.lpw.derived:data.lp.nt:mvn_lpw_l2_lpnt_20161231::4.0
P,urn:nasa:pds:maven.lpw.derived:data.lp.nt:mvn_lpw_l2_lpnt_20170101::4.0
P,urn:nasa:pds:maven.lpw.derived:data.lp.nt:mvn_lpw_l2_lpnt_20170102::4.0
P,urn:nasa:pds:maven.lpw.derived:data.lp.nt:mvn_lpw_l2_lpnt_20170103::4.0
P,urn:nasa:pds:maven.lpw.derived:data.lp.nt:mvn_lpw_l2_lpnt_20170104::4.0
P,urn:nasa:pds:maven.lpw.derived:data.lp.nt:mvn_lpw_l2_lpnt_20170105::4.0
P,urn:nasa:pds:maven.lpw.derived:data.lp.nt:mvn_lpw_l2_lpnt_20170106::4.0
P,urn:nasa:pds:maven.lpw.derived:data.lp.nt:mvn_lpw_l2_lpnt_20170107::4.0
P,urn:nasa:pds:maven.lpw.derived:data.lp.nt:mvn_lpw_l2_lpnt_20170108::4.0
P,urn:nasa:pds:maven.lpw.derived:data.lp.nt:mvn_lpw_l2_lpnt_20170109::4.0
P,urn:nasa:pds:maven.lpw.derived:data.lp.nt:mvn_lpw_l2_lpnt_20170110::4.0
P,urn:nasa:pds:maven.lpw.derived:data.lp.nt:mvn_lpw_l2_lpnt_20170111::4.0
P,urn:nasa:pds:maven.lpw.derived:data.lp.nt:mvn_lpw_l2_lpnt_20170112::4.0
P,urn:nasa:pds:maven.lpw.derived:data.lp.nt:mvn_lpw_l2_lpnt_20170113::4.0
P,urn:nasa:pds:maven.lpw.derived:data.lp.nt:mvn_lpw_l2_lpnt_20170114::4.0
P,urn:nasa:pds:maven.lpw.derived:data.lp.nt:mvn_lpw_l2_lpnt_20170115::4.0
P,urn:nasa:pds:maven.lpw.derived:data.lp.nt:mvn_lpw_l2_lpnt_20170116::4.0
P,urn:nasa:pds:maven.lpw.derived:data.lp.nt:mvn_lpw_l2_lpnt_20170117::4.0
P,urn:nasa:pds:maven.lpw.derived:data.lp.nt:mvn_lpw_l2_lpnt_20170118::4.0
P,urn:nasa:pds:maven.lpw.derived:data.lp.nt:mvn_lpw_l2_lpnt_20170119::4.0
P,urn:nasa:pds:maven.lpw.derived:data.lp.nt:mvn_lpw_l2_lpnt_20170120::4.0
P,urn:nasa:pds:maven.lpw.derived:data.lp.nt:mvn_lpw_l2_lpnt_20170121::4.0
P,urn:nasa:pds:maven.lpw.derived:data.lp.nt:mvn_lpw_l2_lpnt_20170122::4.0
P,urn:nasa:pds:maven.lpw.derived:data.lp.nt:mvn_lpw_l2_lpnt_20170123::4.0
P,urn:nasa:pds:maven.lpw.derived:data.lp.nt:mvn_lpw_l2_lpnt_20170124::4.0
P,urn:nasa:pds:maven.lpw.derived:data.lp.nt:mvn_lpw_l2_lpnt_20170125::4.0
P,urn:nasa:pds:maven.lpw.derived:data.lp.nt:mvn_lpw_l2_lpnt_20170126::4.0
P,urn:nasa:pds:maven.lpw.derived:data.lp.nt:mvn_lpw_l2_lpnt_20170127::4.0
P,urn:nasa:pds:maven.lpw.derived:data.lp.nt:mvn_lpw_l2_lpnt_20170128::4.0
P,urn:nasa:pds:maven.lpw.derived:data.lp.nt:mvn_lpw_l2_lpnt_20170129::4.0
P,urn:nasa:pds:maven.lpw.derived:data.lp.nt:mvn_lpw_l2_lpnt_20170130::4.0
P,urn:nasa:pds:maven.lpw.derived:data.lp.nt:mvn_lpw_l2_lpnt_20170131::4.0
P,urn:nasa:pds:maven.lpw.derived:data.lp.nt:mvn_lpw_l2_lpnt_20170201::4.0
P,urn:nasa:pds:maven.lpw.derived:data.lp.nt:mvn_lpw_l2_lpnt_20170202::4.0
P,urn:nasa:pds:maven.lpw.derived:data.lp.nt:mvn_lpw_l2_lpnt_20170203::4.0
P,urn:nasa:pds:maven.lpw.derived:data.lp.nt:mvn_lpw_l2_lpnt_20170204::4.0
P,urn:nasa:pds:maven.lpw.derived:data.lp.nt:mvn_lpw_l2_lpnt_20170205::4.0
P,urn:nasa:pds:maven.lpw.derived:data.lp.nt:mvn_lpw_l2_lpnt_20170206::4.0
P,urn:nasa:pds:maven.lpw.derived:data.lp.nt:mvn_lpw_l2_lpnt_20170207::4.0
P,urn:nasa:pds:maven.lpw.derived:data.lp.nt:mvn_lpw_l2_lpnt_20170208::4.0
P,urn:nasa:pds:maven.lpw.derived:data.lp.nt:mvn_lpw_l2_lpnt_20170209::4.0
P,urn:nasa:pds:maven.lpw.derived:data.lp.nt:mvn_lpw_l2_lpnt_20170210::4.0
P,urn:nasa:pds:maven.lpw.derived:data.lp.nt:mvn_lpw_l2_lpnt_20170211::4.0
P,urn:nasa:pds:maven.lpw.derived:data.lp.nt:mvn_lpw_l2_lpnt_20170212::4.0
P,urn:nasa:pds:maven.lpw.derived:data.lp.nt:mvn_lpw_l2_lpnt_20170213::4.0
P,urn:nasa:pds:maven.lpw.derived:data.lp.nt:mvn_lpw_l2_lpnt_20170214::4.0
P,urn:nasa:pds:maven.lpw.derived:data.lp.nt:mvn_lpw_l2_lpnt_20170215::4.0
P,urn:nasa:pds:maven.lpw.derived:data.lp.nt:mvn_lpw_l2_lpnt_20170216::4.0
P,urn:nasa:pds:maven.lpw.derived:data.lp.nt:mvn_lpw_l2_lpnt_20170217::4.0
P,urn:nasa:pds:maven.lpw.derived:data.lp.nt:mvn_lpw_l2_lpnt_20170218::4.0
P,urn:nasa:pds:maven.lpw.derived:data.lp.nt:mvn_lpw_l2_lpnt_20170219::4.0
P,urn:nasa:pds:maven.lpw.derived:data.lp.nt:mvn_lpw_l2_lpnt_20170220::4.0
P,urn:nasa:pds:maven.lpw.derived:data.lp.nt:mvn_lpw_l2_lpnt_20170221::4.0
P,urn:nasa:pds:maven.lpw.derived:data.lp.nt:mvn_lpw_l2_lpnt_20170222::4.0
P,urn:nasa:pds:maven.lpw.derived:data.lp.nt:mvn_lpw_l2_lpnt_20170223::4.0
P,urn:nasa:pds:maven.lpw.derived:data.lp.nt:mvn_lpw_l2_lpnt_20170224::4.0
P,urn:nasa:pds:maven.lpw.derived:data.lp.nt:mvn_lpw_l2_lpnt_20170225::4.0
P,urn:nasa:pds:maven.lpw.derived:data.lp.nt:mvn_lpw_l2_lpnt_20170226::4.0
P,urn:nasa:pds:maven.lpw.derived:data.lp.nt:mvn_lpw_l2_lpnt_20170227::4.0
P,urn:nasa:pds:maven.lpw.derived:data.lp.nt:mvn_lpw_l2_lpnt_20170228::4.0
P,urn:nasa:pds:maven.lpw.derived:data.lp.nt:mvn_lpw_l2_lpnt_20170301::4.0
P,urn:nasa:pds:maven.lpw.derived:data.lp.nt:mvn_lpw_l2_lpnt_20170302::4.0
P,urn:nasa:pds:maven.lpw.derived:data.lp.nt:mvn_lpw_l2_lpnt_20170303::4.0
P,urn:nasa:pds:maven.lpw.derived:data.lp.nt:mvn_lpw_l2_lpnt_20170304::4.0
P,urn:nasa:pds:maven.lpw.derived:data.lp.nt:mvn_lpw_l2_lpnt_20170305::4.0
P,urn:nasa:pds:maven.lpw.derived:data.lp.nt:mvn_lpw_l2_lpnt_20170306::4.0
P,urn:nasa:pds:maven.lpw.derived:data.lp.nt:mvn_lpw_l2_lpnt_20170307::4.0
P,urn:nasa:pds:maven.lpw.derived:data.lp.nt:mvn_lpw_l2_lpnt_20170308::4.0
P,urn:nasa:pds:maven.lpw.derived:data.lp.nt:mvn_lpw_l2_lpnt_20170309::4.0
P,urn:nasa:pds:maven.lpw.derived:data.lp.nt:mvn_lpw_l2_lpnt_20170310::4.0
P,urn:nasa:pds:maven.lpw.derived:data.lp.nt:mvn_lpw_l2_lpnt_20170311::4.0
P,urn:nasa:pds:maven.lpw.derived:data.lp.nt:mvn_lpw_l2_lpnt_20170312::4.0
P,urn:nasa:pds:maven.lpw.derived:data.lp.nt:mvn_lpw_l2_lpnt_20170313::4.0
P,urn:nasa:pds:maven.lpw.derived:data.lp.nt:mvn_lpw_l2_lpnt_20170314::4.0
P,urn:nasa:pds:maven.lpw.derived:data.lp.nt:mvn_lpw_l2_lpnt_20170315::4.0
P,urn:nasa:pds:maven.lpw.derived:data.lp.nt:mvn_lpw_l2_lpnt_20170316::4.0
P,urn:nasa:pds:maven.lpw.derived:data.lp.nt:mvn_lpw_l2_lpnt_20170317::4.0
P,urn:nasa:pds:maven.lpw.derived:data.lp.nt:mvn_lpw_l2_lpnt_20170318::4.0
P,urn:nasa:pds:maven.lpw.derived:data.lp.nt:mvn_lpw_l2_lpnt_20170319::4.0
P,urn:nasa:pds:maven.lpw.derived:data.lp.nt:mvn_lpw_l2_lpnt_20170320::4.0
P,urn:nasa:pds:maven.lpw.derived:data.lp.nt:mvn_lpw_l2_lpnt_20170321::4.0
P,urn:nasa:pds:maven.lpw.derived:data.lp.nt:mvn_lpw_l2_lpnt_20170322::4.0
P,urn:nasa:pds:maven.lpw.derived:data.lp.nt:mvn_lpw_l2_lpnt_20170323::4.0
P,urn:nasa:pds:maven.lpw.derived:data.lp.nt:mvn_lpw_l2_lpnt_20170324::4.0
P,urn:nasa:pds:maven.lpw.derived:data.lp.nt:mvn_lpw_l2_lpnt_20170325::4.0
P,urn:nasa:pds:maven.lpw.derived:data.lp.nt:mvn_lpw_l2_lpnt_20170326::4.0
P,urn:nasa:pds:maven.lpw.derived:data.lp.nt:mvn_lpw_l2_lpnt_20170327::4.0
P,urn:nasa:pds:maven.lpw.derived:data.lp.nt:mvn_lpw_l2_lpnt_20170328::4.0
P,urn:nasa:pds:maven.lpw.derived:data.lp.nt:mvn_lpw_l2_lpnt_20170329::4.0
P,urn:nasa:pds:maven.lpw.derived:data.lp.nt:mvn_lpw_l2_lpnt_20170330::4.0
P,urn:nasa:pds:maven.lpw.derived:data.lp.nt:mvn_lpw_l2_lpnt_20170331::4.0
P,urn:nasa:pds:maven.lpw.derived:data.lp.nt:mvn_lpw_l2_lpnt_20170401::4.0
P,urn:nasa:pds:maven.lpw.derived:data.lp.nt:mvn_lpw_l2_lpnt_20170402::4.0
P,urn:nasa:pds:maven.lpw.derived:data.lp.nt:mvn_lpw_l2_lpnt_20170403::4.0
P,urn:nasa:pds:maven.lpw.derived:data.lp.nt:mvn_lpw_l2_lpnt_20170404::4.0
P,urn:nasa:pds:maven.lpw.derived:data.lp.nt:mvn_lpw_l2_lpnt_20170405::4.0
P,urn:nasa:pds:maven.lpw.derived:data.lp.nt:mvn_lpw_l2_lpnt_20170406::4.0
P,urn:nasa:pds:maven.lpw.derived:data.lp.nt:mvn_lpw_l2_lpnt_20170407::4.0
P,urn:nasa:pds:maven.lpw.derived:data.lp.nt:mvn_lpw_l2_lpnt_20170408::4.0
P,urn:nasa:pds:maven.lpw.derived:data.lp.nt:mvn_lpw_l2_lpnt_20170409::4.0
P,urn:nasa:pds:maven.lpw.derived:data.lp.nt:mvn_lpw_l2_lpnt_20170410::4.0
P,urn:nasa:pds:maven.lpw.derived:data.lp.nt:mvn_lpw_l2_lpnt_20170411::4.0
P,urn:nasa:pds:maven.lpw.derived:data.lp.nt:mvn_lpw_l2_lpnt_20170412::4.0
P,urn:nasa:pds:maven.lpw.derived:data.lp.nt:mvn_lpw_l2_lpnt_20170413::4.0
P,urn:nasa:pds:maven.lpw.derived:data.lp.nt:mvn_lpw_l2_lpnt_20170414::4.0
P,urn:nasa:pds:maven.lpw.derived:data.lp.nt:mvn_lpw_l2_lpnt_20170415::4.0
P,urn:nasa:pds:maven.lpw.derived:data.lp.nt:mvn_lpw_l2_lpnt_20170416::4.0
P,urn:nasa:pds:maven.lpw.derived:data.lp.nt:mvn_lpw_l2_lpnt_20170417::4.0
P,urn:nasa:pds:maven.lpw.derived:data.lp.nt:mvn_lpw_l2_lpnt_20170418::4.0
P,urn:nasa:pds:maven.lpw.derived:data.lp.nt:mvn_lpw_l2_lpnt_20170419::4.0
P,urn:nasa:pds:maven.lpw.derived:data.lp.nt:mvn_lpw_l2_lpnt_20170420::4.0
P,urn:nasa:pds:maven.lpw.derived:data.lp.nt:mvn_lpw_l2_lpnt_20170421::4.0
P,urn:nasa:pds:maven.lpw.derived:data.lp.nt:mvn_lpw_l2_lpnt_20170422::4.0
P,urn:nasa:pds:maven.lpw.derived:data.lp.nt:mvn_lpw_l2_lpnt_20170423::4.0
P,urn:nasa:pds:maven.lpw.derived:data.lp.nt:mvn_lpw_l2_lpnt_20170424::4.0
P,urn:nasa:pds:maven.lpw.derived:data.lp.nt:mvn_lpw_l2_lpnt_20170425::4.0
P,urn:nasa:pds:maven.lpw.derived:data.lp.nt:mvn_lpw_l2_lpnt_20170426::4.0
P,urn:nasa:pds:maven.lpw.derived:data.lp.nt:mvn_lpw_l2_lpnt_20170427::4.0
P,urn:nasa:pds:maven.lpw.derived:data.lp.nt:mvn_lpw_l2_lpnt_20170428::4.0
P,urn:nasa:pds:maven.lpw.derived:data.lp.nt:mvn_lpw_l2_lpnt_20170429::4.0
P,urn:nasa:pds:maven.lpw.derived:data.lp.nt:mvn_lpw_l2_lpnt_20170430::4.0
P,urn:nasa:pds:maven.lpw.derived:data.lp.nt:mvn_lpw_l2_lpnt_20170501::4.0
P,urn:nasa:pds:maven.lpw.derived:data.lp.nt:mvn_lpw_l2_lpnt_20170502::4.0
P,urn:nasa:pds:maven.lpw.derived:data.lp.nt:mvn_lpw_l2_lpnt_20170503::4.0
P,urn:nasa:pds:maven.lpw.derived:data.lp.nt:mvn_lpw_l2_lpnt_20170504::4.0
P,urn:nasa:pds:maven.lpw.derived:data.lp.nt:mvn_lpw_l2_lpnt_20170505::4.0
P,urn:nasa:pds:maven.lpw.derived:data.lp.nt:mvn_lpw_l2_lpnt_20170506::4.0
P,urn:nasa:pds:maven.lpw.derived:data.lp.nt:mvn_lpw_l2_lpnt_20170507::3.0
P,urn:nasa:pds:maven.lpw.derived:data.lp.nt:mvn_lpw_l2_lpnt_20170508::4.0
P,urn:nasa:pds:maven.lpw.derived:data.lp.nt:mvn_lpw_l2_lpnt_20170509::4.0
P,urn:nasa:pds:maven.lpw.derived:data.lp.nt:mvn_lpw_l2_lpnt_20170510::4.0
P,urn:nasa:pds:maven.lpw.derived:data.lp.nt:mvn_lpw_l2_lpnt_20170511::4.0
P,urn:nasa:pds:maven.lpw.derived:data.lp.nt:mvn_lpw_l2_lpnt_20170512::4.0
P,urn:nasa:pds:maven.lpw.derived:data.lp.nt:mvn_lpw_l2_lpnt_20170513::4.0
P,urn:nasa:pds:maven.lpw.derived:data.lp.nt:mvn_lpw_l2_lpnt_20170514::4.0
P,urn:nasa:pds:maven.lpw.derived:data.lp.nt:mvn_lpw_l2_lpnt_20170515::4.0
P,urn:nasa:pds:maven.lpw.derived:data.lp.nt:mvn_lpw_l2_lpnt_20170516::4.0
P,urn:nasa:pds:maven.lpw.derived:data.lp.nt:mvn_lpw_l2_lpnt_20170517::4.0
P,urn:nasa:pds:maven.lpw.derived:data.lp.nt:mvn_lpw_l2_lpnt_20170518::4.0
P,urn:nasa:pds:maven.lpw.derived:data.lp.nt:mvn_lpw_l2_lpnt_20170519::4.0
P,urn:nasa:pds:maven.lpw.derived:data.lp.nt:mvn_lpw_l2_lpnt_20170520::4.0
P,urn:nasa:pds:maven.lpw.derived:data.lp.nt:mvn_lpw_l2_lpnt_20170521::4.0
P,urn:nasa:pds:maven.lpw.derived:data.lp.nt:mvn_lpw_l2_lpnt_20170522::4.0
P,urn:nasa:pds:maven.lpw.derived:data.lp.nt:mvn_lpw_l2_lpnt_20170523::4.0
P,urn:nasa:pds:maven.lpw.derived:data.lp.nt:mvn_lpw_l2_lpnt_20170524::4.0
P,urn:nasa:pds:maven.lpw.derived:data.lp.nt:mvn_lpw_l2_lpnt_20170525::4.0
P,urn:nasa:pds:maven.lpw.derived:data.lp.nt:mvn_lpw_l2_lpnt_20170526::4.0
P,urn:nasa:pds:maven.lpw.derived:data.lp.nt:mvn_lpw_l2_lpnt_20170527::4.0
P,urn:nasa:pds:maven.lpw.derived:data.lp.nt:mvn_lpw_l2_lpnt_20170528::4.0
P,urn:nasa:pds:maven.lpw.derived:data.lp.nt:mvn_lpw_l2_lpnt_20170529::4.0
P,urn:nasa:pds:maven.lpw.derived:data.lp.nt:mvn_lpw_l2_lpnt_20170530::4.0
P,urn:nasa:pds:maven.lpw.derived:data.lp.nt:mvn_lpw_l2_lpnt_20170531::4.0
P,urn:nasa:pds:maven.lpw.derived:data.lp.nt:mvn_lpw_l2_lpnt_20170601::4.0
P,urn:nasa:pds:maven.lpw.derived:data.lp.nt:mvn_lpw_l2_lpnt_20170602::4.0
P,urn:nasa:pds:maven.lpw.derived:data.lp.nt:mvn_lpw_l2_lpnt_20170603::4.0
P,urn:nasa:pds:maven.lpw.derived:data.lp.nt:mvn_lpw_l2_lpnt_20170604::4.0
P,urn:nasa:pds:maven.lpw.derived:data.lp.nt:mvn_lpw_l2_lpnt_20170605::4.0
P,urn:nasa:pds:maven.lpw.derived:data.lp.nt:mvn_lpw_l2_lpnt_20170606::4.0
P,urn:nasa:pds:maven.lpw.derived:data.lp.nt:mvn_lpw_l2_lpnt_20170607::4.0
P,urn:nasa:pds:maven.lpw.derived:data.lp.nt:mvn_lpw_l2_lpnt_20170608::4.0
P,urn:nasa:pds:maven.lpw.derived:data.lp.nt:mvn_lpw_l2_lpnt_20170609::4.0
P,urn:nasa:pds:maven.lpw.derived:data.lp.nt:mvn_lpw_l2_lpnt_20170610::4.0
P,urn:nasa:pds:maven.lpw.derived:data.lp.nt:mvn_lpw_l2_lpnt_20170611::4.0
P,urn:nasa:pds:maven.lpw.derived:data.lp.nt:mvn_lpw_l2_lpnt_20170612::4.0
P,urn:nasa:pds:maven.lpw.derived:data.lp.nt:mvn_lpw_l2_lpnt_20170613::4.0
P,urn:nasa:pds:maven.lpw.derived:data.lp.nt:mvn_lpw_l2_lpnt_20170614::4.0
P,urn:nasa:pds:maven.lpw.derived:data.lp.nt:mvn_lpw_l2_lpnt_20170615::4.0
P,urn:nasa:pds:maven.lpw.derived:data.lp.nt:mvn_lpw_l2_lpnt_20170616::4.0
P,urn:nasa:pds:maven.lpw.derived:data.lp.nt:mvn_lpw_l2_lpnt_20170617::4.0
P,urn:nasa:pds:maven.lpw.derived:data.lp.nt:mvn_lpw_l2_lpnt_20170618::4.0
P,urn:nasa:pds:maven.lpw.derived:data.lp.nt:mvn_lpw_l2_lpnt_20170619::4.0
P,urn:nasa:pds:maven.lpw.derived:data.lp.nt:mvn_lpw_l2_lpnt_20170620::4.0
P,urn:nasa:pds:maven.lpw.derived:data.lp.nt:mvn_lpw_l2_lpnt_20170621::4.0
P,urn:nasa:pds:maven.lpw.derived:data.lp.nt:mvn_lpw_l2_lpnt_20170622::4.0
P,urn:nasa:pds:maven.lpw.derived:data.lp.nt:mvn_lpw_l2_lpnt_20170623::4.0
P,urn:nasa:pds:maven.lpw.derived:data.lp.nt:mvn_lpw_l2_lpnt_20170624::4.0
P,urn:nasa:pds:maven.lpw.derived:data.lp.nt:mvn_lpw_l2_lpnt_20170625::4.0
P,urn:nasa:pds:maven.lpw.derived:data.lp.nt:mvn_lpw_l2_lpnt_20170626::4.0
P,urn:nasa:pds:maven.lpw.derived:data.lp.nt:mvn_lpw_l2_lpnt_20170627::4.0
P,urn:nasa:pds:maven.lpw.derived:data.lp.nt:mvn_lpw_l2_lpnt_20170628::4.0
P,urn:nasa:pds:maven.lpw.derived:data.lp.nt:mvn_lpw_l2_lpnt_20170629::4.0
P,urn:nasa:pds:maven.lpw.derived:data.lp.nt:mvn_lpw_l2_lpnt_20170630::4.0
P,urn:nasa:pds:maven.lpw.derived:data.lp.nt:mvn_lpw_l2_lpnt_20170701::4.0
P,urn:nasa:pds:maven.lpw.derived:data.lp.nt:mvn_lpw_l2_lpnt_20170702::4.0
P,urn:nasa:pds:maven.lpw.derived:data.lp.nt:mvn_lpw_l2_lpnt_20170703::4.0
P,urn:nasa:pds:maven.lpw.derived:data.lp.nt:mvn_lpw_l2_lpnt_20170704::4.0
P,urn:nasa:pds:maven.lpw.derived:data.lp.nt:mvn_lpw_l2_lpnt_20170705::4.0
P,urn:nasa:pds:maven.lpw.derived:data.lp.nt:mvn_lpw_l2_lpnt_20170706::4.0
P,urn:nasa:pds:maven.lpw.derived:data.lp.nt:mvn_lpw_l2_lpnt_20170707::4.0
P,urn:nasa:pds:maven.lpw.derived:data.lp.nt:mvn_lpw_l2_lpnt_20170708::4.0
P,urn:nasa:pds:maven.lpw.derived:data.lp.nt:mvn_lpw_l2_lpnt_20170709::4.0
P,urn:nasa:pds:maven.lpw.derived:data.lp.nt:mvn_lpw_l2_lpnt_20170710::4.0
P,urn:nasa:pds:maven.lpw.derived:data.lp.nt:mvn_lpw_l2_lpnt_20170711::4.0
P,urn:nasa:pds:maven.lpw.derived:data.lp.nt:mvn_lpw_l2_lpnt_20170712::4.0
P,urn:nasa:pds:maven.lpw.derived:data.lp.nt:mvn_lpw_l2_lpnt_20170713::4.0
P,urn:nasa:pds:maven.lpw.derived:data.lp.nt:mvn_lpw_l2_lpnt_20170714::4.0
P,urn:nasa:pds:maven.lpw.derived:data.lp.nt:mvn_lpw_l2_lpnt_20170715::4.0
P,urn:nasa:pds:maven.lpw.derived:data.lp.nt:mvn_lpw_l2_lpnt_20170716::4.0
P,urn:nasa:pds:maven.lpw.derived:data.lp.nt:mvn_lpw_l2_lpnt_20170717::4.0
P,urn:nasa:pds:maven.lpw.derived:data.lp.nt:mvn_lpw_l2_lpnt_20170718::4.0
P,urn:nasa:pds:maven.lpw.derived:data.lp.nt:mvn_lpw_l2_lpnt_20170719::4.0
P,urn:nasa:pds:maven.lpw.derived:data.lp.nt:mvn_lpw_l2_lpnt_20170720::4.0
P,urn:nasa:pds:maven.lpw.derived:data.lp.nt:mvn_lpw_l2_lpnt_20170721::4.0
P,urn:nasa:pds:maven.lpw.derived:data.lp.nt:mvn_lpw_l2_lpnt_20170722::4.0
P,urn:nasa:pds:maven.lpw.derived:data.lp.nt:mvn_lpw_l2_lpnt_20170723::4.0
P,urn:nasa:pds:maven.lpw.derived:data.lp.nt:mvn_lpw_l2_lpnt_20170724::4.0
P,urn:nasa:pds:maven.lpw.derived:data.lp.nt:mvn_lpw_l2_lpnt_20170725::4.0
P,urn:nasa:pds:maven.lpw.derived:data.lp.nt:mvn_lpw_l2_lpnt_20170726::4.0
P,urn:nasa:pds:maven.lpw.derived:data.lp.nt:mvn_lpw_l2_lpnt_20170727::4.0
P,urn:nasa:pds:maven.lpw.derived:data.lp.nt:mvn_lpw_l2_lpnt_20170728::4.0
P,urn:nasa:pds:maven.lpw.derived:data.lp.nt:mvn_lpw_l2_lpnt_20170729::4.0
P,urn:nasa:pds:maven.lpw.derived:data.lp.nt:mvn_lpw_l2_lpnt_20170730::4.0
P,urn:nasa:pds:maven.lpw.derived:data.lp.nt:mvn_lpw_l2_lpnt_20170731::4.0
P,urn:nasa:pds:maven.lpw.derived:data.lp.nt:mvn_lpw_l2_lpnt_20170801::4.0
P,urn:nasa:pds:maven.lpw.derived:data.lp.nt:mvn_lpw_l2_lpnt_20170802::4.0
P,urn:nasa:pds:maven.lpw.derived:data.lp.nt:mvn_lpw_l2_lpnt_20170803::4.0
P,urn:nasa:pds:maven.lpw.derived:data.lp.nt:mvn_lpw_l2_lpnt_20170804::4.0
P,urn:nasa:pds:maven.lpw.derived:data.lp.nt:mvn_lpw_l2_lpnt_20170805::4.0
P,urn:nasa:pds:maven.lpw.derived:data.lp.nt:mvn_lpw_l2_lpnt_20170806::4.0
P,urn:nasa:pds:maven.lpw.derived:data.lp.nt:mvn_lpw_l2_lpnt_20170807::4.0
P,urn:nasa:pds:maven.lpw.derived:data.lp.nt:mvn_lpw_l2_lpnt_20170808::4.0
P,urn:nasa:pds:maven.lpw.derived:data.lp.nt:mvn_lpw_l2_lpnt_20170809::4.0
P,urn:nasa:pds:maven.lpw.derived:data.lp.nt:mvn_lpw_l2_lpnt_20170810::4.0
P,urn:nasa:pds:maven.lpw.derived:data.lp.nt:mvn_lpw_l2_lpnt_20170811::4.0
P,urn:nasa:pds:maven.lpw.derived:data.lp.nt:mvn_lpw_l2_lpnt_20170812::4.0
P,urn:nasa:pds:maven.lpw.derived:data.lp.nt:mvn_lpw_l2_lpnt_20170813::4.0
P,urn:nasa:pds:maven.lpw.derived:data.lp.nt:mvn_lpw_l2_lpnt_20170814::4.0
P,urn:nasa:pds:maven.lpw.derived:data.lp.nt:mvn_lpw_l2_lpnt_20170815::3.0
P,urn:nasa:pds:maven.lpw.derived:data.lp.nt:mvn_lpw_l2_lpnt_20170816::3.0
P,urn:nasa:pds:maven.lpw.derived:data.lp.nt:mvn_lpw_l2_lpnt_20170817::3.0
P,urn:nasa:pds:maven.lpw.derived:data.lp.nt:mvn_lpw_l2_lpnt_20170818::3.0
P,urn:nasa:pds:maven.lpw.derived:data.lp.nt:mvn_lpw_l2_lpnt_20170819::3.0
P,urn:nasa:pds:maven.lpw.derived:data.lp.nt:mvn_lpw_l2_lpnt_20170820::3.0
P,urn:nasa:pds:maven.lpw.derived:data.lp.nt:mvn_lpw_l2_lpnt_20170821::3.0
P,urn:nasa:pds:maven.lpw.derived:data.lp.nt:mvn_lpw_l2_lpnt_20170822::3.0
P,urn:nasa:pds:maven.lpw.derived:data.lp.nt:mvn_lpw_l2_lpnt_20170823::3.0
P,urn:nasa:pds:maven.lpw.derived:data.lp.nt:mvn_lpw_l2_lpnt_20170824::3.0
P,urn:nasa:pds:maven.lpw.derived:data.lp.nt:mvn_lpw_l2_lpnt_20170825::3.0
P,urn:nasa:pds:maven.lpw.derived:data.lp.nt:mvn_lpw_l2_lpnt_20170826::3.0
P,urn:nasa:pds:maven.lpw.derived:data.lp.nt:mvn_lpw_l2_lpnt_20170827::3.0
P,urn:nasa:pds:maven.lpw.derived:data.lp.nt:mvn_lpw_l2_lpnt_20170828::3.0
P,urn:nasa:pds:maven.lpw.derived:data.lp.nt:mvn_lpw_l2_lpnt_20170829::3.0
P,urn:nasa:pds:maven.lpw.derived:data.lp.nt:mvn_lpw_l2_lpnt_20170830::3.0
P,urn:nasa:pds:maven.lpw.derived:data.lp.nt:mvn_lpw_l2_lpnt_20170831::3.0
P,urn:nasa:pds:maven.lpw.derived:data.lp.nt:mvn_lpw_l2_lpnt_20170901::3.0
P,urn:nasa:pds:maven.lpw.derived:data.lp.nt:mvn_lpw_l2_lpnt_20170902::3.0
P,urn:nasa:pds:maven.lpw.derived:data.lp.nt:mvn_lpw_l2_lpnt_20170903::3.0
P,urn:nasa:pds:maven.lpw.derived:data.lp.nt:mvn_lpw_l2_lpnt_20170904::3.0
P,urn:nasa:pds:maven.lpw.derived:data.lp.nt:mvn_lpw_l2_lpnt_20170905::3.0
P,urn:nasa:pds:maven.lpw.derived:data.lp.nt:mvn_lpw_l2_lpnt_20170906::3.0
P,urn:nasa:pds:maven.lpw.derived:data.lp.nt:mvn_lpw_l2_lpnt_20170907::3.0
P,urn:nasa:pds:maven.lpw.derived:data.lp.nt:mvn_lpw_l2_lpnt_20170908::3.0
P,urn:nasa:pds:maven.lpw.derived:data.lp.nt:mvn_lpw_l2_lpnt_20170909::3.0
P,urn:nasa:pds:maven.lpw.derived:data.lp.nt:mvn_lpw_l2_lpnt_20170910::3.0
P,urn:nasa:pds:maven.lpw.derived:data.lp.nt:mvn_lpw_l2_lpnt_20170911::3.0
P,urn:nasa:pds:maven.lpw.derived:data.lp.nt:mvn_lpw_l2_lpnt_20170912::3.0
P,urn:nasa:pds:maven.lpw.derived:data.lp.nt:mvn_lpw_l2_lpnt_20170913::3.0
P,urn:nasa:pds:maven.lpw.derived:data.lp.nt:mvn_lpw_l2_lpnt_20170914::3.0
P,urn:nasa:pds:maven.lpw.derived:data.lp.nt:mvn_lpw_l2_lpnt_20170915::3.0
P,urn:nasa:pds:maven.lpw.derived:data.lp.nt:mvn_lpw_l2_lpnt_20170916::3.0
P,urn:nasa:pds:maven.lpw.derived:data.lp.nt:mvn_lpw_l2_lpnt_20170917::3.0
P,urn:nasa:pds:maven.lpw.derived:data.lp.nt:mvn_lpw_l2_lpnt_20170918::3.0
P,urn:nasa:pds:maven.lpw.derived:data.lp.nt:mvn_lpw_l2_lpnt_20170919::3.0
P,urn:nasa:pds:maven.lpw.derived:data.lp.nt:mvn_lpw_l2_lpnt_20170920::3.0
P,urn:nasa:pds:maven.lpw.derived:data.lp.nt:mvn_lpw_l2_lpnt_20170921::3.0
P,urn:nasa:pds:maven.lpw.derived:data.lp.nt:mvn_lpw_l2_lpnt_20170922::3.0
P,urn:nasa:pds:maven.lpw.derived:data.lp.nt:mvn_lpw_l2_lpnt_20170923::3.0
P,urn:nasa:pds:maven.lpw.derived:data.lp.nt:mvn_lpw_l2_lpnt_20170924::3.0
P,urn:nasa:pds:maven.lpw.derived:data.lp.nt:mvn_lpw_l2_lpnt_20170925::3.0
P,urn:nasa:pds:maven.lpw.derived:data.lp.nt:mvn_lpw_l2_lpnt_20170926::3.0
P,urn:nasa:pds:maven.lpw.derived:data.lp.nt:mvn_lpw_l2_lpnt_20170927::3.0
P,urn:nasa:pds:maven.lpw.derived:data.lp.nt:mvn_lpw_l2_lpnt_20170928::3.0
P,urn:nasa:pds:maven.lpw.derived:data.lp.nt:mvn_lpw_l2_lpnt_20170929::3.0
P,urn:nasa:pds:maven.lpw.derived:data.lp.nt:mvn_lpw_l2_lpnt_20170930::3.0
P,urn:nasa:pds:maven.lpw.derived:data.lp.nt:mvn_lpw_l2_lpnt_20171001::3.0
P,urn:nasa:pds:maven.lpw.derived:data.lp.nt:mvn_lpw_l2_lpnt_20171002::3.0
P,urn:nasa:pds:maven.lpw.derived:data.lp.nt:mvn_lpw_l2_lpnt_20171003::3.0
P,urn:nasa:pds:maven.lpw.derived:data.lp.nt:mvn_lpw_l2_lpnt_20171004::3.0
P,urn:nasa:pds:maven.lpw.derived:data.lp.nt:mvn_lpw_l2_lpnt_20171005::3.0
P,urn:nasa:pds:maven.lpw.derived:data.lp.nt:mvn_lpw_l2_lpnt_20171006::3.0
P,urn:nasa:pds:maven.lpw.derived:data.lp.nt:mvn_lpw_l2_lpnt_20171007::3.0
P,urn:nasa:pds:maven.lpw.derived:data.lp.nt:mvn_lpw_l2_lpnt_20171008::3.0
P,urn:nasa:pds:maven.lpw.derived:data.lp.nt:mvn_lpw_l2_lpnt_20171009::3.0
P,urn:nasa:pds:maven.lpw.derived:data.lp.nt:mvn_lpw_l2_lpnt_20171010::3.0
P,urn:nasa:pds:maven.lpw.derived:data.lp.nt:mvn_lpw_l2_lpnt_20171011::3.0
P,urn:nasa:pds:maven.lpw.derived:data.lp.nt:mvn_lpw_l2_lpnt_20171012::3.0
P,urn:nasa:pds:maven.lpw.derived:data.lp.nt:mvn_lpw_l2_lpnt_20171013::3.0
P,urn:nasa:pds:maven.lpw.derived:data.lp.nt:mvn_lpw_l2_lpnt_20171014::3.0
P,urn:nasa:pds:maven.lpw.derived:data.lp.nt:mvn_lpw_l2_lpnt_20171015::3.0
P,urn:nasa:pds:maven.lpw.derived:data.lp.nt:mvn_lpw_l2_lpnt_20171016::3.0
P,urn:nasa:pds:maven.lpw.derived:data.lp.nt:mvn_lpw_l2_lpnt_20171017::3.0
P,urn:nasa:pds:maven.lpw.derived:data.lp.nt:mvn_lpw_l2_lpnt_20171018::3.0
P,urn:nasa:pds:maven.lpw.derived:data.lp.nt:mvn_lpw_l2_lpnt_20171019::3.0
P,urn:nasa:pds:maven.lpw.derived:data.lp.nt:mvn_lpw_l2_lpnt_20171020::3.0
P,urn:nasa:pds:maven.lpw.derived:data.lp.nt:mvn_lpw_l2_lpnt_20171021::3.0
P,urn:nasa:pds:maven.lpw.derived:data.lp.nt:mvn_lpw_l2_lpnt_20171022::3.0
P,urn:nasa:pds:maven.lpw.derived:data.lp.nt:mvn_lpw_l2_lpnt_20171023::3.0
P,urn:nasa:pds:maven.lpw.derived:data.lp.nt:mvn_lpw_l2_lpnt_20171024::3.0
P,urn:nasa:pds:maven.lpw.derived:data.lp.nt:mvn_lpw_l2_lpnt_20171025::3.0
P,urn:nasa:pds:maven.lpw.derived:data.lp.nt:mvn_lpw_l2_lpnt_20171026::3.0
P,urn:nasa:pds:maven.lpw.derived:data.lp.nt:mvn_lpw_l2_lpnt_20171027::3.0
P,urn:nasa:pds:maven.lpw.derived:data.lp.nt:mvn_lpw_l2_lpnt_20171028::3.0
P,urn:nasa:pds:maven.lpw.derived:data.lp.nt:mvn_lpw_l2_lpnt_20171029::3.0
P,urn:nasa:pds:maven.lpw.derived:data.lp.nt:mvn_lpw_l2_lpnt_20171030::3.0
P,urn:nasa:pds:maven.lpw.derived:data.lp.nt:mvn_lpw_l2_lpnt_20171031::3.0
P,urn:nasa:pds:maven.lpw.derived:data.lp.nt:mvn_lpw_l2_lpnt_20171101::3.0
P,urn:nasa:pds:maven.lpw.derived:data.lp.nt:mvn_lpw_l2_lpnt_20171102::3.0
P,urn:nasa:pds:maven.lpw.derived:data.lp.nt:mvn_lpw_l2_lpnt_20171103::3.0
P,urn:nasa:pds:maven.lpw.derived:data.lp.nt:mvn_lpw_l2_lpnt_20171104::3.0
P,urn:nasa:pds:maven.lpw.derived:data.lp.nt:mvn_lpw_l2_lpnt_20171105::3.0
P,urn:nasa:pds:maven.lpw.derived:data.lp.nt:mvn_lpw_l2_lpnt_20171106::3.0
P,urn:nasa:pds:maven.lpw.derived:data.lp.nt:mvn_lpw_l2_lpnt_20171107::3.0
P,urn:nasa:pds:maven.lpw.derived:data.lp.nt:mvn_lpw_l2_lpnt_20171108::3.0
P,urn:nasa:pds:maven.lpw.derived:data.lp.nt:mvn_lpw_l2_lpnt_20171109::3.0
P,urn:nasa:pds:maven.lpw.derived:data.lp.nt:mvn_lpw_l2_lpnt_20171110::3.0
P,urn:nasa:pds:maven.lpw.derived:data.lp.nt:mvn_lpw_l2_lpnt_20171111::3.0
P,urn:nasa:pds:maven.lpw.derived:data.lp.nt:mvn_lpw_l2_lpnt_20171112::3.0
P,urn:nasa:pds:maven.lpw.derived:data.lp.nt:mvn_lpw_l2_lpnt_20171113::3.0
P,urn:nasa:pds:maven.lpw.derived:data.lp.nt:mvn_lpw_l2_lpnt_20171114::3.0
P,urn:nasa:pds:maven.lpw.derived:data.lp.nt:mvn_lpw_l2_lpnt_20171115::3.0
P,urn:nasa:pds:maven.lpw.derived:data.lp.nt:mvn_lpw_l2_lpnt_20171116::3.0
P,urn:nasa:pds:maven.lpw.derived:data.lp.nt:mvn_lpw_l2_lpnt_20171117::3.0
P,urn:nasa:pds:maven.lpw.derived:data.lp.nt:mvn_lpw_l2_lpnt_20171118::3.0
P,urn:nasa:pds:maven.lpw.derived:data.lp.nt:mvn_lpw_l2_lpnt_20171119::3.0
P,urn:nasa:pds:maven.lpw.derived:data.lp.nt:mvn_lpw_l2_lpnt_20171120::3.0
P,urn:nasa:pds:maven.lpw.derived:data.lp.nt:mvn_lpw_l2_lpnt_20171121::3.0
P,urn:nasa:pds:maven.lpw.derived:data.lp.nt:mvn_lpw_l2_lpnt_20171122::3.0
P,urn:nasa:pds:maven.lpw.derived:data.lp.nt:mvn_lpw_l2_lpnt_20171123::3.0
P,urn:nasa:pds:maven.lpw.derived:data.lp.nt:mvn_lpw_l2_lpnt_20171124::3.0
P,urn:nasa:pds:maven.lpw.derived:data.lp.nt:mvn_lpw_l2_lpnt_20171125::3.0
P,urn:nasa:pds:maven.lpw.derived:data.lp.nt:mvn_lpw_l2_lpnt_20171126::3.0
P,urn:nasa:pds:maven.lpw.derived:data.lp.nt:mvn_lpw_l2_lpnt_20171127::3.0
P,urn:nasa:pds:maven.lpw.derived:data.lp.nt:mvn_lpw_l2_lpnt_20171128::3.0
P,urn:nasa:pds:maven.lpw.derived:data.lp.nt:mvn_lpw_l2_lpnt_20171129::3.0
P,urn:nasa:pds:maven.lpw.derived:data.lp.nt:mvn_lpw_l2_lpnt_20171130::3.0
P,urn:nasa:pds:maven.lpw.derived:data.lp.nt:mvn_lpw_l2_lpnt_20171201::3.0
P,urn:nasa:pds:maven.lpw.derived:data.lp.nt:mvn_lpw_l2_lpnt_20171202::3.0
P,urn:nasa:pds:maven.lpw.derived:data.lp.nt:mvn_lpw_l2_lpnt_20171203::3.0
P,urn:nasa:pds:maven.lpw.derived:data.lp.nt:mvn_lpw_l2_lpnt_20171204::3.0
P,urn:nasa:pds:maven.lpw.derived:data.lp.nt:mvn_lpw_l2_lpnt_20171205::3.0
P,urn:nasa:pds:maven.lpw.derived:data.lp.nt:mvn_lpw_l2_lpnt_20171206::3.0
P,urn:nasa:pds:maven.lpw.derived:data.lp.nt:mvn_lpw_l2_lpnt_20171207::3.0
P,urn:nasa:pds:maven.lpw.derived:data.lp.nt:mvn_lpw_l2_lpnt_20171208::3.0
P,urn:nasa:pds:maven.lpw.derived:data.lp.nt:mvn_lpw_l2_lpnt_20171209::3.0
P,urn:nasa:pds:maven.lpw.derived:data.lp.nt:mvn_lpw_l2_lpnt_20171210::3.0
P,urn:nasa:pds:maven.lpw.derived:data.lp.nt:mvn_lpw_l2_lpnt_20171211::3.0
P,urn:nasa:pds:maven.lpw.derived:data.lp.nt:mvn_lpw_l2_lpnt_20171212::3.0
P,urn:nasa:pds:maven.lpw.derived:data.lp.nt:mvn_lpw_l2_lpnt_20171213::3.0
P,urn:nasa:pds:maven.lpw.derived:data.lp.nt:mvn_lpw_l2_lpnt_20171214::3.0
P,urn:nasa:pds:maven.lpw.derived:data.lp.nt:mvn_lpw_l2_lpnt_20171215::3.0
P,urn:nasa:pds:maven.lpw.derived:data.lp.nt:mvn_lpw_l2_lpnt_20171216::3.0
P,urn:nasa:pds:maven.lpw.derived:data.lp.nt:mvn_lpw_l2_lpnt_20171217::3.0
P,urn:nasa:pds:maven.lpw.derived:data.lp.nt:mvn_lpw_l2_lpnt_20171218::3.0
P,urn:nasa:pds:maven.lpw.derived:data.lp.nt:mvn_lpw_l2_lpnt_20171219::3.0
P,urn:nasa:pds:maven.lpw.derived:data.lp.nt:mvn_lpw_l2_lpnt_20171220::3.0
P,urn:nasa:pds:maven.lpw.derived:data.lp.nt:mvn_lpw_l2_lpnt_20171221::3.0
P,urn:nasa:pds:maven.lpw.derived:data.lp.nt:mvn_lpw_l2_lpnt_20171222::3.0
P,urn:nasa:pds:maven.lpw.derived:data.lp.nt:mvn_lpw_l2_lpnt_20171223::3.0
P,urn:nasa:pds:maven.lpw.derived:data.lp.nt:mvn_lpw_l2_lpnt_20171224::3.0
P,urn:nasa:pds:maven.lpw.derived:data.lp.nt:mvn_lpw_l2_lpnt_20171225::3.0
P,urn:nasa:pds:maven.lpw.derived:data.lp.nt:mvn_lpw_l2_lpnt_20171226::3.0
P,urn:nasa:pds:maven.lpw.derived:data.lp.nt:mvn_lpw_l2_lpnt_20171227::3.0
P,urn:nasa:pds:maven.lpw.derived:data.lp.nt:mvn_lpw_l2_lpnt_20171228::3.0
P,urn:nasa:pds:maven.lpw.derived:data.lp.nt:mvn_lpw_l2_lpnt_20171229::3.0
P,urn:nasa:pds:maven.lpw.derived:data.lp.nt:mvn_lpw_l2_lpnt_20171230::3.0
P,urn:nasa:pds:maven.lpw.derived:data.lp.nt:mvn_lpw_l2_lpnt_20171231::3.0
P,urn:nasa:pds:maven.lpw.derived:data.lp.nt:mvn_lpw_l2_lpnt_20180101::3.0
P,urn:nasa:pds:maven.lpw.derived:data.lp.nt:mvn_lpw_l2_lpnt_20180102::3.0
P,urn:nasa:pds:maven.lpw.derived:data.lp.nt:mvn_lpw_l2_lpnt_20180103::3.0
P,urn:nasa:pds:maven.lpw.derived:data.lp.nt:mvn_lpw_l2_lpnt_20180104::3.0
P,urn:nasa:pds:maven.lpw.derived:data.lp.nt:mvn_lpw_l2_lpnt_20180105::3.0
P,urn:nasa:pds:maven.lpw.derived:data.lp.nt:mvn_lpw_l2_lpnt_20180106::3.0
P,urn:nasa:pds:maven.lpw.derived:data.lp.nt:mvn_lpw_l2_lpnt_20180107::3.0
P,urn:nasa:pds:maven.lpw.derived:data.lp.nt:mvn_lpw_l2_lpnt_20180108::3.0
P,urn:nasa:pds:maven.lpw.derived:data.lp.nt:mvn_lpw_l2_lpnt_20180109::3.0
P,urn:nasa:pds:maven.lpw.derived:data.lp.nt:mvn_lpw_l2_lpnt_20180110::3.0
P,urn:nasa:pds:maven.lpw.derived:data.lp.nt:mvn_lpw_l2_lpnt_20180111::3.0
P,urn:nasa:pds:maven.lpw.derived:data.lp.nt:mvn_lpw_l2_lpnt_20180112::3.0
P,urn:nasa:pds:maven.lpw.derived:data.lp.nt:mvn_lpw_l2_lpnt_20180113::3.0
P,urn:nasa:pds:maven.lpw.derived:data.lp.nt:mvn_lpw_l2_lpnt_20180114::3.0
P,urn:nasa:pds:maven.lpw.derived:data.lp.nt:mvn_lpw_l2_lpnt_20180115::3.0
P,urn:nasa:pds:maven.lpw.derived:data.lp.nt:mvn_lpw_l2_lpnt_20180116::3.0
P,urn:nasa:pds:maven.lpw.derived:data.lp.nt:mvn_lpw_l2_lpnt_20180117::3.0
P,urn:nasa:pds:maven.lpw.derived:data.lp.nt:mvn_lpw_l2_lpnt_20180118::3.0
P,urn:nasa:pds:maven.lpw.derived:data.lp.nt:mvn_lpw_l2_lpnt_20180119::3.0
P,urn:nasa:pds:maven.lpw.derived:data.lp.nt:mvn_lpw_l2_lpnt_20180120::3.0
P,urn:nasa:pds:maven.lpw.derived:data.lp.nt:mvn_lpw_l2_lpnt_20180121::3.0
P,urn:nasa:pds:maven.lpw.derived:data.lp.nt:mvn_lpw_l2_lpnt_20180122::3.0
P,urn:nasa:pds:maven.lpw.derived:data.lp.nt:mvn_lpw_l2_lpnt_20180123::3.0
P,urn:nasa:pds:maven.lpw.derived:data.lp.nt:mvn_lpw_l2_lpnt_20180124::3.0
P,urn:nasa:pds:maven.lpw.derived:data.lp.nt:mvn_lpw_l2_lpnt_20180125::3.0
P,urn:nasa:pds:maven.lpw.derived:data.lp.nt:mvn_lpw_l2_lpnt_20180126::3.0
P,urn:nasa:pds:maven.lpw.derived:data.lp.nt:mvn_lpw_l2_lpnt_20180127::3.0
P,urn:nasa:pds:maven.lpw.derived:data.lp.nt:mvn_lpw_l2_lpnt_20180128::3.0
P,urn:nasa:pds:maven.lpw.derived:data.lp.nt:mvn_lpw_l2_lpnt_20180129::3.0
P,urn:nasa:pds:maven.lpw.derived:data.lp.nt:mvn_lpw_l2_lpnt_20180131::3.0
P,urn:nasa:pds:maven.lpw.derived:data.lp.nt:mvn_lpw_l2_lpnt_20180201::3.0
P,urn:nasa:pds:maven.lpw.derived:data.lp.nt:mvn_lpw_l2_lpnt_20180202::3.0
P,urn:nasa:pds:maven.lpw.derived:data.lp.nt:mvn_lpw_l2_lpnt_20180203::3.0
P,urn:nasa:pds:maven.lpw.derived:data.lp.nt:mvn_lpw_l2_lpnt_20180204::3.0
P,urn:nasa:pds:maven.lpw.derived:data.lp.nt:mvn_lpw_l2_lpnt_20180205::3.0
P,urn:nasa:pds:maven.lpw.derived:data.lp.nt:mvn_lpw_l2_lpnt_20180206::3.0
P,urn:nasa:pds:maven.lpw.derived:data.lp.nt:mvn_lpw_l2_lpnt_20180207::3.0
P,urn:nasa:pds:maven.lpw.derived:data.lp.nt:mvn_lpw_l2_lpnt_20180208::3.0
P,urn:nasa:pds:maven.lpw.derived:data.lp.nt:mvn_lpw_l2_lpnt_20180209::3.0
P,urn:nasa:pds:maven.lpw.derived:data.lp.nt:mvn_lpw_l2_lpnt_20180210::3.0
P,urn:nasa:pds:maven.lpw.derived:data.lp.nt:mvn_lpw_l2_lpnt_20180211::3.0
P,urn:nasa:pds:maven.lpw.derived:data.lp.nt:mvn_lpw_l2_lpnt_20180212::3.0
P,urn:nasa:pds:maven.lpw.derived:data.lp.nt:mvn_lpw_l2_lpnt_20180213::3.0
P,urn:nasa:pds:maven.lpw.derived:data.lp.nt:mvn_lpw_l2_lpnt_20180214::3.0
P,urn:nasa:pds:maven.lpw.derived:data.lp.nt:mvn_lpw_l2_lpnt_20180215::3.0
P,urn:nasa:pds:maven.lpw.derived:data.lp.nt:mvn_lpw_l2_lpnt_20180216::3.0
P,urn:nasa:pds:maven.lpw.derived:data.lp.nt:mvn_lpw_l2_lpnt_20180217::3.0
P,urn:nasa:pds:maven.lpw.derived:data.lp.nt:mvn_lpw_l2_lpnt_20180218::3.0
P,urn:nasa:pds:maven.lpw.derived:data.lp.nt:mvn_lpw_l2_lpnt_20180219::3.0
P,urn:nasa:pds:maven.lpw.derived:data.lp.nt:mvn_lpw_l2_lpnt_20180220::3.0
P,urn:nasa:pds:maven.lpw.derived:data.lp.nt:mvn_lpw_l2_lpnt_20180221::3.0
P,urn:nasa:pds:maven.lpw.derived:data.lp.nt:mvn_lpw_l2_lpnt_20180222::3.0
P,urn:nasa:pds:maven.lpw.derived:data.lp.nt:mvn_lpw_l2_lpnt_20180223::3.0
P,urn:nasa:pds:maven.lpw.derived:data.lp.nt:mvn_lpw_l2_lpnt_20180224::3.0
P,urn:nasa:pds:maven.lpw.derived:data.lp.nt:mvn_lpw_l2_lpnt_20180225::3.0
P,urn:nasa:pds:maven.lpw.derived:data.lp.nt:mvn_lpw_l2_lpnt_20180226::3.0
P,urn:nasa:pds:maven.lpw.derived:data.lp.nt:mvn_lpw_l2_lpnt_20180227::3.0
P,urn:nasa:pds:maven.lpw.derived:data.lp.nt:mvn_lpw_l2_lpnt_20180228::3.0
P,urn:nasa:pds:maven.lpw.derived:data.lp.nt:mvn_lpw_l2_lpnt_20180301::3.0
P,urn:nasa:pds:maven.lpw.derived:data.lp.nt:mvn_lpw_l2_lpnt_20180302::3.0
P,urn:nasa:pds:maven.lpw.derived:data.lp.nt:mvn_lpw_l2_lpnt_20180303::3.0
P,urn:nasa:pds:maven.lpw.derived:data.lp.nt:mvn_lpw_l2_lpnt_20180304::3.0
P,urn:nasa:pds:maven.lpw.derived:data.lp.nt:mvn_lpw_l2_lpnt_20180305::3.0
P,urn:nasa:pds:maven.lpw.derived:data.lp.nt:mvn_lpw_l2_lpnt_20180306::3.0
P,urn:nasa:pds:maven.lpw.derived:data.lp.nt:mvn_lpw_l2_lpnt_20180307::3.0
P,urn:nasa:pds:maven.lpw.derived:data.lp.nt:mvn_lpw_l2_lpnt_20180308::3.0
P,urn:nasa:pds:maven.lpw.derived:data.lp.nt:mvn_lpw_l2_lpnt_20180309::3.0
P,urn:nasa:pds:maven.lpw.derived:data.lp.nt:mvn_lpw_l2_lpnt_20180310::3.0
P,urn:nasa:pds:maven.lpw.derived:data.lp.nt:mvn_lpw_l2_lpnt_20180311::3.0
P,urn:nasa:pds:maven.lpw.derived:data.lp.nt:mvn_lpw_l2_lpnt_20180312::3.0
P,urn:nasa:pds:maven.lpw.derived:data.lp.nt:mvn_lpw_l2_lpnt_20180313::3.0
P,urn:nasa:pds:maven.lpw.derived:data.lp.nt:mvn_lpw_l2_lpnt_20180314::3.0
P,urn:nasa:pds:maven.lpw.derived:data.lp.nt:mvn_lpw_l2_lpnt_20180315::3.0
P,urn:nasa:pds:maven.lpw.derived:data.lp.nt:mvn_lpw_l2_lpnt_20180316::3.0
P,urn:nasa:pds:maven.lpw.derived:data.lp.nt:mvn_lpw_l2_lpnt_20180317::3.0
P,urn:nasa:pds:maven.lpw.derived:data.lp.nt:mvn_lpw_l2_lpnt_20180318::3.0
P,urn:nasa:pds:maven.lpw.derived:data.lp.nt:mvn_lpw_l2_lpnt_20180319::3.0
P,urn:nasa:pds:maven.lpw.derived:data.lp.nt:mvn_lpw_l2_lpnt_20180320::3.0
P,urn:nasa:pds:maven.lpw.derived:data.lp.nt:mvn_lpw_l2_lpnt_20180321::3.0
P,urn:nasa:pds:maven.lpw.derived:data.lp.nt:mvn_lpw_l2_lpnt_20180322::3.0
P,urn:nasa:pds:maven.lpw.derived:data.lp.nt:mvn_lpw_l2_lpnt_20180323::3.0
P,urn:nasa:pds:maven.lpw.derived:data.lp.nt:mvn_lpw_l2_lpnt_20180324::3.0
P,urn:nasa:pds:maven.lpw.derived:data.lp.nt:mvn_lpw_l2_lpnt_20180325::3.0
P,urn:nasa:pds:maven.lpw.derived:data.lp.nt:mvn_lpw_l2_lpnt_20180326::3.0
P,urn:nasa:pds:maven.lpw.derived:data.lp.nt:mvn_lpw_l2_lpnt_20180327::3.0
P,urn:nasa:pds:maven.lpw.derived:data.lp.nt:mvn_lpw_l2_lpnt_20180328::3.0
P,urn:nasa:pds:maven.lpw.derived:data.lp.nt:mvn_lpw_l2_lpnt_20180329::3.0
P,urn:nasa:pds:maven.lpw.derived:data.lp.nt:mvn_lpw_l2_lpnt_20180330::3.0
P,urn:nasa:pds:maven.lpw.derived:data.lp.nt:mvn_lpw_l2_lpnt_20180331::3.0
P,urn:nasa:pds:maven.lpw.derived:data.lp.nt:mvn_lpw_l2_lpnt_20180401::3.0
P,urn:nasa:pds:maven.lpw.derived:data.lp.nt:mvn_lpw_l2_lpnt_20180402::3.0
P,urn:nasa:pds:maven.lpw.derived:data.lp.nt:mvn_lpw_l2_lpnt_20180403::3.0
P,urn:nasa:pds:maven.lpw.derived:data.lp.nt:mvn_lpw_l2_lpnt_20180404::3.0
P,urn:nasa:pds:maven.lpw.derived:data.lp.nt:mvn_lpw_l2_lpnt_20180405::3.0
P,urn:nasa:pds:maven.lpw.derived:data.lp.nt:mvn_lpw_l2_lpnt_20180406::3.0
P,urn:nasa:pds:maven.lpw.derived:data.lp.nt:mvn_lpw_l2_lpnt_20180407::3.0
P,urn:nasa:pds:maven.lpw.derived:data.lp.nt:mvn_lpw_l2_lpnt_20180408::3.0
P,urn:nasa:pds:maven.lpw.derived:data.lp.nt:mvn_lpw_l2_lpnt_20180409::3.0
P,urn:nasa:pds:maven.lpw.derived:data.lp.nt:mvn_lpw_l2_lpnt_20180410::3.0
P,urn:nasa:pds:maven.lpw.derived:data.lp.nt:mvn_lpw_l2_lpnt_20180411::3.0
P,urn:nasa:pds:maven.lpw.derived:data.lp.nt:mvn_lpw_l2_lpnt_20180412::3.0
P,urn:nasa:pds:maven.lpw.derived:data.lp.nt:mvn_lpw_l2_lpnt_20180413::3.0
P,urn:nasa:pds:maven.lpw.derived:data.lp.nt:mvn_lpw_l2_lpnt_20180414::3.0
P,urn:nasa:pds:maven.lpw.derived:data.lp.nt:mvn_lpw_l2_lpnt_20180415::1.0
P,urn:nasa:pds:maven.lpw.derived:data.lp.nt:mvn_lpw_l2_lpnt_20180416::1.0
P,urn:nasa:pds:maven.lpw.derived:data.lp.nt:mvn_lpw_l2_lpnt_20180417::1.0
P,urn:nasa:pds:maven.lpw.derived:data.lp.nt:mvn_lpw_l2_lpnt_20180418::3.0
P,urn:nasa:pds:maven.lpw.derived:data.lp.nt:mvn_lpw_l2_lpnt_20180419::3.0
P,urn:nasa:pds:maven.lpw.derived:data.lp.nt:mvn_lpw_l2_lpnt_20180420::3.0
P,urn:nasa:pds:maven.lpw.derived:data.lp.nt:mvn_lpw_l2_lpnt_20180421::3.0
P,urn:nasa:pds:maven.lpw.derived:data.lp.nt:mvn_lpw_l2_lpnt_20180422::3.0
P,urn:nasa:pds:maven.lpw.derived:data.lp.nt:mvn_lpw_l2_lpnt_20180423::3.0
P,urn:nasa:pds:maven.lpw.derived:data.lp.nt:mvn_lpw_l2_lpnt_20180424::3.0
P,urn:nasa:pds:maven.lpw.derived:data.lp.nt:mvn_lpw_l2_lpnt_20180425::3.0
P,urn:nasa:pds:maven.lpw.derived:data.lp.nt:mvn_lpw_l2_lpnt_20180426::3.0
P,urn:nasa:pds:maven.lpw.derived:data.lp.nt:mvn_lpw_l2_lpnt_20180427::3.0
P,urn:nasa:pds:maven.lpw.derived:data.lp.nt:mvn_lpw_l2_lpnt_20180428::3.0
P,urn:nasa:pds:maven.lpw.derived:data.lp.nt:mvn_lpw_l2_lpnt_20180429::3.0
P,urn:nasa:pds:maven.lpw.derived:data.lp.nt:mvn_lpw_l2_lpnt_20180430::3.0
P,urn:nasa:pds:maven.lpw.derived:data.lp.nt:mvn_lpw_l2_lpnt_20180501::3.0
P,urn:nasa:pds:maven.lpw.derived:data.lp.nt:mvn_lpw_l2_lpnt_20180502::3.0
P,urn:nasa:pds:maven.lpw.derived:data.lp.nt:mvn_lpw_l2_lpnt_20180503::3.0
P,urn:nasa:pds:maven.lpw.derived:data.lp.nt:mvn_lpw_l2_lpnt_20180504::3.0
P,urn:nasa:pds:maven.lpw.derived:data.lp.nt:mvn_lpw_l2_lpnt_20180505::3.0
P,urn:nasa:pds:maven.lpw.derived:data.lp.nt:mvn_lpw_l2_lpnt_20180506::3.0
P,urn:nasa:pds:maven.lpw.derived:data.lp.nt:mvn_lpw_l2_lpnt_20180507::3.0
P,urn:nasa:pds:maven.lpw.derived:data.lp.nt:mvn_lpw_l2_lpnt_20180508::3.0
P,urn:nasa:pds:maven.lpw.derived:data.lp.nt:mvn_lpw_l2_lpnt_20180509::3.0
P,urn:nasa:pds:maven.lpw.derived:data.lp.nt:mvn_lpw_l2_lpnt_20180510::3.0
P,urn:nasa:pds:maven.lpw.derived:data.lp.nt:mvn_lpw_l2_lpnt_20180511::3.0
P,urn:nasa:pds:maven.lpw.derived:data.lp.nt:mvn_lpw_l2_lpnt_20180512::3.0
P,urn:nasa:pds:maven.lpw.derived:data.lp.nt:mvn_lpw_l2_lpnt_20180513::3.0
P,urn:nasa:pds:maven.lpw.derived:data.lp.nt:mvn_lpw_l2_lpnt_20180514::3.0
P,urn:nasa:pds:maven.lpw.derived:data.lp.nt:mvn_lpw_l2_lpnt_20180515::3.0
P,urn:nasa:pds:maven.lpw.derived:data.lp.nt:mvn_lpw_l2_lpnt_20180516::3.0
P,urn:nasa:pds:maven.lpw.derived:data.lp.nt:mvn_lpw_l2_lpnt_20180517::3.0
P,urn:nasa:pds:maven.lpw.derived:data.lp.nt:mvn_lpw_l2_lpnt_20180518::3.0
P,urn:nasa:pds:maven.lpw.derived:data.lp.nt:mvn_lpw_l2_lpnt_20180519::3.0
P,urn:nasa:pds:maven.lpw.derived:data.lp.nt:mvn_lpw_l2_lpnt_20180520::3.0
P,urn:nasa:pds:maven.lpw.derived:data.lp.nt:mvn_lpw_l2_lpnt_20180521::3.0
P,urn:nasa:pds:maven.lpw.derived:data.lp.nt:mvn_lpw_l2_lpnt_20180522::3.0
P,urn:nasa:pds:maven.lpw.derived:data.lp.nt:mvn_lpw_l2_lpnt_20180523::3.0
P,urn:nasa:pds:maven.lpw.derived:data.lp.nt:mvn_lpw_l2_lpnt_20180524::3.0
P,urn:nasa:pds:maven.lpw.derived:data.lp.nt:mvn_lpw_l2_lpnt_20180525::3.0
P,urn:nasa:pds:maven.lpw.derived:data.lp.nt:mvn_lpw_l2_lpnt_20180526::3.0
P,urn:nasa:pds:maven.lpw.derived:data.lp.nt:mvn_lpw_l2_lpnt_20180527::3.0
P,urn:nasa:pds:maven.lpw.derived:data.lp.nt:mvn_lpw_l2_lpnt_20180528::3.0
P,urn:nasa:pds:maven.lpw.derived:data.lp.nt:mvn_lpw_l2_lpnt_20180529::3.0
P,urn:nasa:pds:maven.lpw.derived:data.lp.nt:mvn_lpw_l2_lpnt_20180530::3.0
P,urn:nasa:pds:maven.lpw.derived:data.lp.nt:mvn_lpw_l2_lpnt_20180531::3.0
P,urn:nasa:pds:maven.lpw.derived:data.lp.nt:mvn_lpw_l2_lpnt_20180601::3.0
P,urn:nasa:pds:maven.lpw.derived:data.lp.nt:mvn_lpw_l2_lpnt_20180602::3.0
P,urn:nasa:pds:maven.lpw.derived:data.lp.nt:mvn_lpw_l2_lpnt_20180603::3.0
P,urn:nasa:pds:maven.lpw.derived:data.lp.nt:mvn_lpw_l2_lpnt_20180604::3.0
P,urn:nasa:pds:maven.lpw.derived:data.lp.nt:mvn_lpw_l2_lpnt_20180605::3.0
P,urn:nasa:pds:maven.lpw.derived:data.lp.nt:mvn_lpw_l2_lpnt_20180606::3.0
P,urn:nasa:pds:maven.lpw.derived:data.lp.nt:mvn_lpw_l2_lpnt_20180607::3.0
P,urn:nasa:pds:maven.lpw.derived:data.lp.nt:mvn_lpw_l2_lpnt_20180608::3.0
P,urn:nasa:pds:maven.lpw.derived:data.lp.nt:mvn_lpw_l2_lpnt_20180609::3.0
P,urn:nasa:pds:maven.lpw.derived:data.lp.nt:mvn_lpw_l2_lpnt_20180610::3.0
P,urn:nasa:pds:maven.lpw.derived:data.lp.nt:mvn_lpw_l2_lpnt_20180611::3.0
P,urn:nasa:pds:maven.lpw.derived:data.lp.nt:mvn_lpw_l2_lpnt_20180612::3.0
P,urn:nasa:pds:maven.lpw.derived:data.lp.nt:mvn_lpw_l2_lpnt_20180613::3.0
P,urn:nasa:pds:maven.lpw.derived:data.lp.nt:mvn_lpw_l2_lpnt_20180614::3.0
P,urn:nasa:pds:maven.lpw.derived:data.lp.nt:mvn_lpw_l2_lpnt_20180615::3.0
P,urn:nasa:pds:maven.lpw.derived:data.lp.nt:mvn_lpw_l2_lpnt_20180616::3.0
P,urn:nasa:pds:maven.lpw.derived:data.lp.nt:mvn_lpw_l2_lpnt_20180617::3.0
P,urn:nasa:pds:maven.lpw.derived:data.lp.nt:mvn_lpw_l2_lpnt_20180618::3.0
P,urn:nasa:pds:maven.lpw.derived:data.lp.nt:mvn_lpw_l2_lpnt_20180619::3.0
P,urn:nasa:pds:maven.lpw.derived:data.lp.nt:mvn_lpw_l2_lpnt_20180620::3.0
P,urn:nasa:pds:maven.lpw.derived:data.lp.nt:mvn_lpw_l2_lpnt_20180621::3.0
P,urn:nasa:pds:maven.lpw.derived:data.lp.nt:mvn_lpw_l2_lpnt_20180622::3.0
P,urn:nasa:pds:maven.lpw.derived:data.lp.nt:mvn_lpw_l2_lpnt_20180623::3.0
P,urn:nasa:pds:maven.lpw.derived:data.lp.nt:mvn_lpw_l2_lpnt_20180624::3.0
P,urn:nasa:pds:maven.lpw.derived:data.lp.nt:mvn_lpw_l2_lpnt_20180625::3.0
P,urn:nasa:pds:maven.lpw.derived:data.lp.nt:mvn_lpw_l2_lpnt_20180626::3.0
P,urn:nasa:pds:maven.lpw.derived:data.lp.nt:mvn_lpw_l2_lpnt_20180627::3.0
P,urn:nasa:pds:maven.lpw.derived:data.lp.nt:mvn_lpw_l2_lpnt_20180628::3.0
P,urn:nasa:pds:maven.lpw.derived:data.lp.nt:mvn_lpw_l2_lpnt_20180629::3.0
P,urn:nasa:pds:maven.lpw.derived:data.lp.nt:mvn_lpw_l2_lpnt_20180630::3.0
P,urn:nasa:pds:maven.lpw.derived:data.lp.nt:mvn_lpw_l2_lpnt_20180701::3.0
P,urn:nasa:pds:maven.lpw.derived:data.lp.nt:mvn_lpw_l2_lpnt_20180702::3.0
P,urn:nasa:pds:maven.lpw.derived:data.lp.nt:mvn_lpw_l2_lpnt_20180703::3.0
P,urn:nasa:pds:maven.lpw.derived:data.lp.nt:mvn_lpw_l2_lpnt_20180704::3.0
P,urn:nasa:pds:maven.lpw.derived:data.lp.nt:mvn_lpw_l2_lpnt_20180705::3.0
P,urn:nasa:pds:maven.lpw.derived:data.lp.nt:mvn_lpw_l2_lpnt_20180706::3.0
P,urn:nasa:pds:maven.lpw.derived:data.lp.nt:mvn_lpw_l2_lpnt_20180707::3.0
P,urn:nasa:pds:maven.lpw.derived:data.lp.nt:mvn_lpw_l2_lpnt_20180708::3.0
P,urn:nasa:pds:maven.lpw.derived:data.lp.nt:mvn_lpw_l2_lpnt_20180709::3.0
P,urn:nasa:pds:maven.lpw.derived:data.lp.nt:mvn_lpw_l2_lpnt_20180710::3.0
P,urn:nasa:pds:maven.lpw.derived:data.lp.nt:mvn_lpw_l2_lpnt_20180711::3.0
P,urn:nasa:pds:maven.lpw.derived:data.lp.nt:mvn_lpw_l2_lpnt_20180712::3.0
P,urn:nasa:pds:maven.lpw.derived:data.lp.nt:mvn_lpw_l2_lpnt_20180713::3.0
P,urn:nasa:pds:maven.lpw.derived:data.lp.nt:mvn_lpw_l2_lpnt_20180714::3.0
P,urn:nasa:pds:maven.lpw.derived:data.lp.nt:mvn_lpw_l2_lpnt_20180715::1.0
P,urn:nasa:pds:maven.lpw.derived:data.lp.nt:mvn_lpw_l2_lpnt_20180716::1.0
P,urn:nasa:pds:maven.lpw.derived:data.lp.nt:mvn_lpw_l2_lpnt_20180717::3.0
P,urn:nasa:pds:maven.lpw.derived:data.lp.nt:mvn_lpw_l2_lpnt_20180718::3.0
P,urn:nasa:pds:maven.lpw.derived:data.lp.nt:mvn_lpw_l2_lpnt_20180719::3.0
P,urn:nasa:pds:maven.lpw.derived:data.lp.nt:mvn_lpw_l2_lpnt_20180720::3.0
P,urn:nasa:pds:maven.lpw.derived:data.lp.nt:mvn_lpw_l2_lpnt_20180721::3.0
P,urn:nasa:pds:maven.lpw.derived:data.lp.nt:mvn_lpw_l2_lpnt_20180722::3.0
P,urn:nasa:pds:maven.lpw.derived:data.lp.nt:mvn_lpw_l2_lpnt_20180723::3.0
P,urn:nasa:pds:maven.lpw.derived:data.lp.nt:mvn_lpw_l2_lpnt_20180724::3.0
P,urn:nasa:pds:maven.lpw.derived:data.lp.nt:mvn_lpw_l2_lpnt_20180725::3.0
P,urn:nasa:pds:maven.lpw.derived:data.lp.nt:mvn_lpw_l2_lpnt_20180726::3.0
P,urn:nasa:pds:maven.lpw.derived:data.lp.nt:mvn_lpw_l2_lpnt_20180727::3.0
P,urn:nasa:pds:maven.lpw.derived:data.lp.nt:mvn_lpw_l2_lpnt_20180728::3.0
P,urn:nasa:pds:maven.lpw.derived:data.lp.nt:mvn_lpw_l2_lpnt_20180729::3.0
P,urn:nasa:pds:maven.lpw.derived:data.lp.nt:mvn_lpw_l2_lpnt_20180730::3.0
P,urn:nasa:pds:maven.lpw.derived:data.lp.nt:mvn_lpw_l2_lpnt_20180731::3.0
P,urn:nasa:pds:maven.lpw.derived:data.lp.nt:mvn_lpw_l2_lpnt_20180801::3.0
P,urn:nasa:pds:maven.lpw.derived:data.lp.nt:mvn_lpw_l2_lpnt_20180802::3.0
P,urn:nasa:pds:maven.lpw.derived:data.lp.nt:mvn_lpw_l2_lpnt_20180803::3.0
P,urn:nasa:pds:maven.lpw.derived:data.lp.nt:mvn_lpw_l2_lpnt_20180804::3.0
P,urn:nasa:pds:maven.lpw.derived:data.lp.nt:mvn_lpw_l2_lpnt_20180805::3.0
P,urn:nasa:pds:maven.lpw.derived:data.lp.nt:mvn_lpw_l2_lpnt_20180806::3.0
P,urn:nasa:pds:maven.lpw.derived:data.lp.nt:mvn_lpw_l2_lpnt_20180807::3.0
P,urn:nasa:pds:maven.lpw.derived:data.lp.nt:mvn_lpw_l2_lpnt_20180808::3.0
P,urn:nasa:pds:maven.lpw.derived:data.lp.nt:mvn_lpw_l2_lpnt_20180809::3.0
P,urn:nasa:pds:maven.lpw.derived:data.lp.nt:mvn_lpw_l2_lpnt_20180810::3.0
P,urn:nasa:pds:maven.lpw.derived:data.lp.nt:mvn_lpw_l2_lpnt_20180811::3.0
P,urn:nasa:pds:maven.lpw.derived:data.lp.nt:mvn_lpw_l2_lpnt_20180812::3.0
P,urn:nasa:pds:maven.lpw.derived:data.lp.nt:mvn_lpw_l2_lpnt_20180813::3.0
P,urn:nasa:pds:maven.lpw.derived:data.lp.nt:mvn_lpw_l2_lpnt_20180814::3.0
P,urn:nasa:pds:maven.lpw.derived:data.lp.nt:mvn_lpw_l2_lpnt_20180815::3.0
P,urn:nasa:pds:maven.lpw.derived:data.lp.nt:mvn_lpw_l2_lpnt_20180816::3.0
P,urn:nasa:pds:maven.lpw.derived:data.lp.nt:mvn_lpw_l2_lpnt_20180817::3.0
P,urn:nasa:pds:maven.lpw.derived:data.lp.nt:mvn_lpw_l2_lpnt_20180818::3.0
P,urn:nasa:pds:maven.lpw.derived:data.lp.nt:mvn_lpw_l2_lpnt_20180819::3.0
P,urn:nasa:pds:maven.lpw.derived:data.lp.nt:mvn_lpw_l2_lpnt_20180820::3.0
P,urn:nasa:pds:maven.lpw.derived:data.lp.nt:mvn_lpw_l2_lpnt_20180821::3.0
P,urn:nasa:pds:maven.lpw.derived:data.lp.nt:mvn_lpw_l2_lpnt_20180822::3.0
P,urn:nasa:pds:maven.lpw.derived:data.lp.nt:mvn_lpw_l2_lpnt_20180823::3.0
P,urn:nasa:pds:maven.lpw.derived:data.lp.nt:mvn_lpw_l2_lpnt_20180824::3.0
P,urn:nasa:pds:maven.lpw.derived:data.lp.nt:mvn_lpw_l2_lpnt_20180825::3.0
P,urn:nasa:pds:maven.lpw.derived:data.lp.nt:mvn_lpw_l2_lpnt_20180826::3.0
P,urn:nasa:pds:maven.lpw.derived:data.lp.nt:mvn_lpw_l2_lpnt_20180827::3.0
P,urn:nasa:pds:maven.lpw.derived:data.lp.nt:mvn_lpw_l2_lpnt_20180828::3.0
P,urn:nasa:pds:maven.lpw.derived:data.lp.nt:mvn_lpw_l2_lpnt_20180829::3.0
P,urn:nasa:pds:maven.lpw.derived:data.lp.nt:mvn_lpw_l2_lpnt_20180830::3.0
P,urn:nasa:pds:maven.lpw.derived:data.lp.nt:mvn_lpw_l2_lpnt_20180831::3.0
P,urn:nasa:pds:maven.lpw.derived:data.lp.nt:mvn_lpw_l2_lpnt_20180901::3.0
P,urn:nasa:pds:maven.lpw.derived:data.lp.nt:mvn_lpw_l2_lpnt_20180902::3.0
P,urn:nasa:pds:maven.lpw.derived:data.lp.nt:mvn_lpw_l2_lpnt_20180903::3.0
P,urn:nasa:pds:maven.lpw.derived:data.lp.nt:mvn_lpw_l2_lpnt_20180904::3.0
P,urn:nasa:pds:maven.lpw.derived:data.lp.nt:mvn_lpw_l2_lpnt_20180905::3.0
P,urn:nasa:pds:maven.lpw.derived:data.lp.nt:mvn_lpw_l2_lpnt_20180906::3.0
P,urn:nasa:pds:maven.lpw.derived:data.lp.nt:mvn_lpw_l2_lpnt_20180907::3.0
P,urn:nasa:pds:maven.lpw.derived:data.lp.nt:mvn_lpw_l2_lpnt_20180908::3.0
P,urn:nasa:pds:maven.lpw.derived:data.lp.nt:mvn_lpw_l2_lpnt_20180909::3.0
P,urn:nasa:pds:maven.lpw.derived:data.lp.nt:mvn_lpw_l2_lpnt_20180910::3.0
P,urn:nasa:pds:maven.lpw.derived:data.lp.nt:mvn_lpw_l2_lpnt_20180911::3.0
P,urn:nasa:pds:maven.lpw.derived:data.lp.nt:mvn_lpw_l2_lpnt_20180912::3.0
P,urn:nasa:pds:maven.lpw.derived:data.lp.nt:mvn_lpw_l2_lpnt_20180913::3.0
P,urn:nasa:pds:maven.lpw.derived:data.lp.nt:mvn_lpw_l2_lpnt_20180914::3.0
P,urn:nasa:pds:maven.lpw.derived:data.lp.nt:mvn_lpw_l2_lpnt_20180915::3.0
P,urn:nasa:pds:maven.lpw.derived:data.lp.nt:mvn_lpw_l2_lpnt_20180916::1.0
P,urn:nasa:pds:maven.lpw.derived:data.lp.nt:mvn_lpw_l2_lpnt_20180917::3.0
P,urn:nasa:pds:maven.lpw.derived:data.lp.nt:mvn_lpw_l2_lpnt_20180918::3.0
P,urn:nasa:pds:maven.lpw.derived:data.lp.nt:mvn_lpw_l2_lpnt_20180919::3.0
P,urn:nasa:pds:maven.lpw.derived:data.lp.nt:mvn_lpw_l2_lpnt_20180920::3.0
P,urn:nasa:pds:maven.lpw.derived:data.lp.nt:mvn_lpw_l2_lpnt_20180921::3.0
P,urn:nasa:pds:maven.lpw.derived:data.lp.nt:mvn_lpw_l2_lpnt_20180922::3.0
P,urn:nasa:pds:maven.lpw.derived:data.lp.nt:mvn_lpw_l2_lpnt_20180923::3.0
P,urn:nasa:pds:maven.lpw.derived:data.lp.nt:mvn_lpw_l2_lpnt_20180924::3.0
P,urn:nasa:pds:maven.lpw.derived:data.lp.nt:mvn_lpw_l2_lpnt_20180925::3.0
P,urn:nasa:pds:maven.lpw.derived:data.lp.nt:mvn_lpw_l2_lpnt_20180926::3.0
P,urn:nasa:pds:maven.lpw.derived:data.lp.nt:mvn_lpw_l2_lpnt_20180927::3.0
P,urn:nasa:pds:maven.lpw.derived:data.lp.nt:mvn_lpw_l2_lpnt_20180928::1.0
P,urn:nasa:pds:maven.lpw.derived:data.lp.nt:mvn_lpw_l2_lpnt_20180929::1.0
P,urn:nasa:pds:maven.lpw.derived:data.lp.nt:mvn_lpw_l2_lpnt_20180930::1.0
P,urn:nasa:pds:maven.lpw.derived:data.lp.nt:mvn_lpw_l2_lpnt_20181001::3.0
P,urn:nasa:pds:maven.lpw.derived:data.lp.nt:mvn_lpw_l2_lpnt_20181002::3.0
P,urn:nasa:pds:maven.lpw.derived:data.lp.nt:mvn_lpw_l2_lpnt_20181003::3.0
P,urn:nasa:pds:maven.lpw.derived:data.lp.nt:mvn_lpw_l2_lpnt_20181004::3.0
P,urn:nasa:pds:maven.lpw.derived:data.lp.nt:mvn_lpw_l2_lpnt_20181005::3.0
P,urn:nasa:pds:maven.lpw.derived:data.lp.nt:mvn_lpw_l2_lpnt_20181006::3.0
P,urn:nasa:pds:maven.lpw.derived:data.lp.nt:mvn_lpw_l2_lpnt_20181007::3.0
P,urn:nasa:pds:maven.lpw.derived:data.lp.nt:mvn_lpw_l2_lpnt_20181008::3.0
P,urn:nasa:pds:maven.lpw.derived:data.lp.nt:mvn_lpw_l2_lpnt_20181009::3.0
P,urn:nasa:pds:maven.lpw.derived:data.lp.nt:mvn_lpw_l2_lpnt_20181010::3.0
P,urn:nasa:pds:maven.lpw.derived:data.lp.nt:mvn_lpw_l2_lpnt_20181011::3.0
P,urn:nasa:pds:maven.lpw.derived:data.lp.nt:mvn_lpw_l2_lpnt_20181012::3.0
P,urn:nasa:pds:maven.lpw.derived:data.lp.nt:mvn_lpw_l2_lpnt_20181013::1.0
P,urn:nasa:pds:maven.lpw.derived:data.lp.nt:mvn_lpw_l2_lpnt_20181014::3.0
P,urn:nasa:pds:maven.lpw.derived:data.lp.nt:mvn_lpw_l2_lpnt_20181015::3.0
P,urn:nasa:pds:maven.lpw.derived:data.lp.nt:mvn_lpw_l2_lpnt_20181016::3.0
P,urn:nasa:pds:maven.lpw.derived:data.lp.nt:mvn_lpw_l2_lpnt_20181017::3.0
P,urn:nasa:pds:maven.lpw.derived:data.lp.nt:mvn_lpw_l2_lpnt_20181018::3.0
P,urn:nasa:pds:maven.lpw.derived:data.lp.nt:mvn_lpw_l2_lpnt_20181019::3.0
P,urn:nasa:pds:maven.lpw.derived:data.lp.nt:mvn_lpw_l2_lpnt_20181020::3.0
P,urn:nasa:pds:maven.lpw.derived:data.lp.nt:mvn_lpw_l2_lpnt_20181021::3.0
P,urn:nasa:pds:maven.lpw.derived:data.lp.nt:mvn_lpw_l2_lpnt_20181022::3.0
P,urn:nasa:pds:maven.lpw.derived:data.lp.nt:mvn_lpw_l2_lpnt_20181023::3.0
P,urn:nasa:pds:maven.lpw.derived:data.lp.nt:mvn_lpw_l2_lpnt_20181024::3.0
P,urn:nasa:pds:maven.lpw.derived:data.lp.nt:mvn_lpw_l2_lpnt_20181025::3.0
P,urn:nasa:pds:maven.lpw.derived:data.lp.nt:mvn_lpw_l2_lpnt_20181026::3.0
P,urn:nasa:pds:maven.lpw.derived:data.lp.nt:mvn_lpw_l2_lpnt_20181027::3.0
P,urn:nasa:pds:maven.lpw.derived:data.lp.nt:mvn_lpw_l2_lpnt_20181028::3.0
P,urn:nasa:pds:maven.lpw.derived:data.lp.nt:mvn_lpw_l2_lpnt_20181029::3.0
P,urn:nasa:pds:maven.lpw.derived:data.lp.nt:mvn_lpw_l2_lpnt_20181030::3.0
P,urn:nasa:pds:maven.lpw.derived:data.lp.nt:mvn_lpw_l2_lpnt_20181031::3.0
P,urn:nasa:pds:maven.lpw.derived:data.lp.nt:mvn_lpw_l2_lpnt_20181101::3.0
P,urn:nasa:pds:maven.lpw.derived:data.lp.nt:mvn_lpw_l2_lpnt_20181102::3.0
P,urn:nasa:pds:maven.lpw.derived:data.lp.nt:mvn_lpw_l2_lpnt_20181103::3.0
P,urn:nasa:pds:maven.lpw.derived:data.lp.nt:mvn_lpw_l2_lpnt_20181104::3.0
P,urn:nasa:pds:maven.lpw.derived:data.lp.nt:mvn_lpw_l2_lpnt_20181105::3.0
P,urn:nasa:pds:maven.lpw.derived:data.lp.nt:mvn_lpw_l2_lpnt_20181106::3.0
P,urn:nasa:pds:maven.lpw.derived:data.lp.nt:mvn_lpw_l2_lpnt_20181107::3.0
P,urn:nasa:pds:maven.lpw.derived:data.lp.nt:mvn_lpw_l2_lpnt_20181108::3.0
P,urn:nasa:pds:maven.lpw.derived:data.lp.nt:mvn_lpw_l2_lpnt_20181109::3.0
P,urn:nasa:pds:maven.lpw.derived:data.lp.nt:mvn_lpw_l2_lpnt_20181110::3.0
P,urn:nasa:pds:maven.lpw.derived:data.lp.nt:mvn_lpw_l2_lpnt_20181111::3.0
P,urn:nasa:pds:maven.lpw.derived:data.lp.nt:mvn_lpw_l2_lpnt_20181112::3.0
P,urn:nasa:pds:maven.lpw.derived:data.lp.nt:mvn_lpw_l2_lpnt_20181113::3.0
P,urn:nasa:pds:maven.lpw.derived:data.lp.nt:mvn_lpw_l2_lpnt_20181114::3.0
P,urn:nasa:pds:maven.lpw.derived:data.lp.nt:mvn_lpw_l2_lpnt_20181115::3.0
P,urn:nasa:pds:maven.lpw.derived:data.lp.nt:mvn_lpw_l2_lpnt_20181116::3.0
P,urn:nasa:pds:maven.lpw.derived:data.lp.nt:mvn_lpw_l2_lpnt_20181117::3.0
P,urn:nasa:pds:maven.lpw.derived:data.lp.nt:mvn_lpw_l2_lpnt_20181118::3.0
P,urn:nasa:pds:maven.lpw.derived:data.lp.nt:mvn_lpw_l2_lpnt_20181119::3.0
P,urn:nasa:pds:maven.lpw.derived:data.lp.nt:mvn_lpw_l2_lpnt_20181120::3.0
P,urn:nasa:pds:maven.lpw.derived:data.lp.nt:mvn_lpw_l2_lpnt_20181121::3.0
P,urn:nasa:pds:maven.lpw.derived:data.lp.nt:mvn_lpw_l2_lpnt_20181122::3.0
P,urn:nasa:pds:maven.lpw.derived:data.lp.nt:mvn_lpw_l2_lpnt_20181123::3.0
P,urn:nasa:pds:maven.lpw.derived:data.lp.nt:mvn_lpw_l2_lpnt_20181124::3.0
P,urn:nasa:pds:maven.lpw.derived:data.lp.nt:mvn_lpw_l2_lpnt_20181125::3.0
P,urn:nasa:pds:maven.lpw.derived:data.lp.nt:mvn_lpw_l2_lpnt_20181126::3.0
P,urn:nasa:pds:maven.lpw.derived:data.lp.nt:mvn_lpw_l2_lpnt_20181127::3.0
P,urn:nasa:pds:maven.lpw.derived:data.lp.nt:mvn_lpw_l2_lpnt_20181128::3.0
P,urn:nasa:pds:maven.lpw.derived:data.lp.nt:mvn_lpw_l2_lpnt_20181129::3.0
P,urn:nasa:pds:maven.lpw.derived:data.lp.nt:mvn_lpw_l2_lpnt_20181130::3.0
P,urn:nasa:pds:maven.lpw.derived:data.lp.nt:mvn_lpw_l2_lpnt_20181201::3.0
P,urn:nasa:pds:maven.lpw.derived:data.lp.nt:mvn_lpw_l2_lpnt_20181202::3.0
P,urn:nasa:pds:maven.lpw.derived:data.lp.nt:mvn_lpw_l2_lpnt_20181203::3.0
P,urn:nasa:pds:maven.lpw.derived:data.lp.nt:mvn_lpw_l2_lpnt_20181204::3.0
P,urn:nasa:pds:maven.lpw.derived:data.lp.nt:mvn_lpw_l2_lpnt_20181205::3.0
P,urn:nasa:pds:maven.lpw.derived:data.lp.nt:mvn_lpw_l2_lpnt_20181206::3.0
P,urn:nasa:pds:maven.lpw.derived:data.lp.nt:mvn_lpw_l2_lpnt_20181207::3.0
P,urn:nasa:pds:maven.lpw.derived:data.lp.nt:mvn_lpw_l2_lpnt_20181208::3.0
P,urn:nasa:pds:maven.lpw.derived:data.lp.nt:mvn_lpw_l2_lpnt_20181209::3.0
P,urn:nasa:pds:maven.lpw.derived:data.lp.nt:mvn_lpw_l2_lpnt_20181210::3.0
P,urn:nasa:pds:maven.lpw.derived:data.lp.nt:mvn_lpw_l2_lpnt_20181211::3.0
P,urn:nasa:pds:maven.lpw.derived:data.lp.nt:mvn_lpw_l2_lpnt_20181212::3.0
P,urn:nasa:pds:maven.lpw.derived:data.lp.nt:mvn_lpw_l2_lpnt_20181213::3.0
P,urn:nasa:pds:maven.lpw.derived:data.lp.nt:mvn_lpw_l2_lpnt_20181214::3.0
P,urn:nasa:pds:maven.lpw.derived:data.lp.nt:mvn_lpw_l2_lpnt_20181215::3.0
P,urn:nasa:pds:maven.lpw.derived:data.lp.nt:mvn_lpw_l2_lpnt_20181216::3.0
P,urn:nasa:pds:maven.lpw.derived:data.lp.nt:mvn_lpw_l2_lpnt_20181217::3.0
P,urn:nasa:pds:maven.lpw.derived:data.lp.nt:mvn_lpw_l2_lpnt_20181218::3.0
P,urn:nasa:pds:maven.lpw.derived:data.lp.nt:mvn_lpw_l2_lpnt_20181219::3.0
P,urn:nasa:pds:maven.lpw.derived:data.lp.nt:mvn_lpw_l2_lpnt_20181220::3.0
P,urn:nasa:pds:maven.lpw.derived:data.lp.nt:mvn_lpw_l2_lpnt_20181221::3.0
P,urn:nasa:pds:maven.lpw.derived:data.lp.nt:mvn_lpw_l2_lpnt_20181222::3.0
P,urn:nasa:pds:maven.lpw.derived:data.lp.nt:mvn_lpw_l2_lpnt_20181223::3.0
P,urn:nasa:pds:maven.lpw.derived:data.lp.nt:mvn_lpw_l2_lpnt_20181224::3.0
P,urn:nasa:pds:maven.lpw.derived:data.lp.nt:mvn_lpw_l2_lpnt_20181225::3.0
P,urn:nasa:pds:maven.lpw.derived:data.lp.nt:mvn_lpw_l2_lpnt_20181226::3.0
P,urn:nasa:pds:maven.lpw.derived:data.lp.nt:mvn_lpw_l2_lpnt_20181227::3.0
P,urn:nasa:pds:maven.lpw.derived:data.lp.nt:mvn_lpw_l2_lpnt_20181228::3.0
P,urn:nasa:pds:maven.lpw.derived:data.lp.nt:mvn_lpw_l2_lpnt_20181229::1.0
P,urn:nasa:pds:maven.lpw.derived:data.lp.nt:mvn_lpw_l2_lpnt_20181230::3.0
P,urn:nasa:pds:maven.lpw.derived:data.lp.nt:mvn_lpw_l2_lpnt_20181231::3.0
P,urn:nasa:pds:maven.lpw.derived:data.lp.nt:mvn_lpw_l2_lpnt_20190101::3.0
P,urn:nasa:pds:maven.lpw.derived:data.lp.nt:mvn_lpw_l2_lpnt_20190102::3.0
P,urn:nasa:pds:maven.lpw.derived:data.lp.nt:mvn_lpw_l2_lpnt_20190103::3.0
P,urn:nasa:pds:maven.lpw.derived:data.lp.nt:mvn_lpw_l2_lpnt_20190104::3.0
P,urn:nasa:pds:maven.lpw.derived:data.lp.nt:mvn_lpw_l2_lpnt_20190105::3.0
P,urn:nasa:pds:maven.lpw.derived:data.lp.nt:mvn_lpw_l2_lpnt_20190106::3.0
P,urn:nasa:pds:maven.lpw.derived:data.lp.nt:mvn_lpw_l2_lpnt_20190107::3.0
P,urn:nasa:pds:maven.lpw.derived:data.lp.nt:mvn_lpw_l2_lpnt_20190108::3.0
P,urn:nasa:pds:maven.lpw.derived:data.lp.nt:mvn_lpw_l2_lpnt_20190109::3.0
P,urn:nasa:pds:maven.lpw.derived:data.lp.nt:mvn_lpw_l2_lpnt_20190110::3.0
P,urn:nasa:pds:maven.lpw.derived:data.lp.nt:mvn_lpw_l2_lpnt_20190111::3.0
P,urn:nasa:pds:maven.lpw.derived:data.lp.nt:mvn_lpw_l2_lpnt_20190112::3.0
P,urn:nasa:pds:maven.lpw.derived:data.lp.nt:mvn_lpw_l2_lpnt_20190113::3.0
P,urn:nasa:pds:maven.lpw.derived:data.lp.nt:mvn_lpw_l2_lpnt_20190114::3.0
P,urn:nasa:pds:maven.lpw.derived:data.lp.nt:mvn_lpw_l2_lpnt_20190115::3.0
P,urn:nasa:pds:maven.lpw.derived:data.lp.nt:mvn_lpw_l2_lpnt_20190116::3.0
P,urn:nasa:pds:maven.lpw.derived:data.lp.nt:mvn_lpw_l2_lpnt_20190117::3.0
P,urn:nasa:pds:maven.lpw.derived:data.lp.nt:mvn_lpw_l2_lpnt_20190118::3.0
P,urn:nasa:pds:maven.lpw.derived:data.lp.nt:mvn_lpw_l2_lpnt_20190119::3.0
P,urn:nasa:pds:maven.lpw.derived:data.lp.nt:mvn_lpw_l2_lpnt_20190120::3.0
P,urn:nasa:pds:maven.lpw.derived:data.lp.nt:mvn_lpw_l2_lpnt_20190121::3.0
P,urn:nasa:pds:maven.lpw.derived:data.lp.nt:mvn_lpw_l2_lpnt_20190122::3.0
P,urn:nasa:pds:maven.lpw.derived:data.lp.nt:mvn_lpw_l2_lpnt_20190123::3.0
P,urn:nasa:pds:maven.lpw.derived:data.lp.nt:mvn_lpw_l2_lpnt_20190124::3.0
P,urn:nasa:pds:maven.lpw.derived:data.lp.nt:mvn_lpw_l2_lpnt_20190125::3.0
P,urn:nasa:pds:maven.lpw.derived:data.lp.nt:mvn_lpw_l2_lpnt_20190126::3.0
P,urn:nasa:pds:maven.lpw.derived:data.lp.nt:mvn_lpw_l2_lpnt_20190127::3.0
P,urn:nasa:pds:maven.lpw.derived:data.lp.nt:mvn_lpw_l2_lpnt_20190128::3.0
P,urn:nasa:pds:maven.lpw.derived:data.lp.nt:mvn_lpw_l2_lpnt_20190129::3.0
P,urn:nasa:pds:maven.lpw.derived:data.lp.nt:mvn_lpw_l2_lpnt_20190130::3.0
P,urn:nasa:pds:maven.lpw.derived:data.lp.nt:mvn_lpw_l2_lpnt_20190131::3.0
P,urn:nasa:pds:maven.lpw.derived:data.lp.nt:mvn_lpw_l2_lpnt_20190201::3.0
P,urn:nasa:pds:maven.lpw.derived:data.lp.nt:mvn_lpw_l2_lpnt_20190202::3.0
P,urn:nasa:pds:maven.lpw.derived:data.lp.nt:mvn_lpw_l2_lpnt_20190203::3.0
P,urn:nasa:pds:maven.lpw.derived:data.lp.nt:mvn_lpw_l2_lpnt_20190204::3.0
P,urn:nasa:pds:maven.lpw.derived:data.lp.nt:mvn_lpw_l2_lpnt_20190205::3.0
P,urn:nasa:pds:maven.lpw.derived:data.lp.nt:mvn_lpw_l2_lpnt_20190206::3.0
P,urn:nasa:pds:maven.lpw.derived:data.lp.nt:mvn_lpw_l2_lpnt_20190207::3.0
P,urn:nasa:pds:maven.lpw.derived:data.lp.nt:mvn_lpw_l2_lpnt_20190208::3.0
P,urn:nasa:pds:maven.lpw.derived:data.lp.nt:mvn_lpw_l2_lpnt_20190209::3.0
P,urn:nasa:pds:maven.lpw.derived:data.lp.nt:mvn_lpw_l2_lpnt_20190210::3.0
P,urn:nasa:pds:maven.lpw.derived:data.lp.nt:mvn_lpw_l2_lpnt_20190211::3.0
P,urn:nasa:pds:maven.lpw.derived:data.lp.nt:mvn_lpw_l2_lpnt_20190212::3.0
P,urn:nasa:pds:maven.lpw.derived:data.lp.nt:mvn_lpw_l2_lpnt_20190213::3.0
P,urn:nasa:pds:maven.lpw.derived:data.lp.nt:mvn_lpw_l2_lpnt_20190214::3.0
P,urn:nasa:pds:maven.lpw.derived:data.lp.nt:mvn_lpw_l2_lpnt_20190215::3.0
P,urn:nasa:pds:maven.lpw.derived:data.lp.nt:mvn_lpw_l2_lpnt_20190216::3.0
P,urn:nasa:pds:maven.lpw.derived:data.lp.nt:mvn_lpw_l2_lpnt_20190217::3.0
P,urn:nasa:pds:maven.lpw.derived:data.lp.nt:mvn_lpw_l2_lpnt_20190218::3.0
P,urn:nasa:pds:maven.lpw.derived:data.lp.nt:mvn_lpw_l2_lpnt_20190219::3.0
P,urn:nasa:pds:maven.lpw.derived:data.lp.nt:mvn_lpw_l2_lpnt_20190220::3.0
P,urn:nasa:pds:maven.lpw.derived:data.lp.nt:mvn_lpw_l2_lpnt_20190221::3.0
P,urn:nasa:pds:maven.lpw.derived:data.lp.nt:mvn_lpw_l2_lpnt_20190222::3.0
P,urn:nasa:pds:maven.lpw.derived:data.lp.nt:mvn_lpw_l2_lpnt_20190223::3.0
P,urn:nasa:pds:maven.lpw.derived:data.lp.nt:mvn_lpw_l2_lpnt_20190224::3.0
P,urn:nasa:pds:maven.lpw.derived:data.lp.nt:mvn_lpw_l2_lpnt_20190225::3.0
P,urn:nasa:pds:maven.lpw.derived:data.lp.nt:mvn_lpw_l2_lpnt_20190226::3.0
P,urn:nasa:pds:maven.lpw.derived:data.lp.nt:mvn_lpw_l2_lpnt_20190227::3.0
P,urn:nasa:pds:maven.lpw.derived:data.lp.nt:mvn_lpw_l2_lpnt_20190228::3.0
P,urn:nasa:pds:maven.lpw.derived:data.lp.nt:mvn_lpw_l2_lpnt_20190301::3.0
P,urn:nasa:pds:maven.lpw.derived:data.lp.nt:mvn_lpw_l2_lpnt_20190302::3.0
P,urn:nasa:pds:maven.lpw.derived:data.lp.nt:mvn_lpw_l2_lpnt_20190303::3.0
P,urn:nasa:pds:maven.lpw.derived:data.lp.nt:mvn_lpw_l2_lpnt_20190304::3.0
P,urn:nasa:pds:maven.lpw.derived:data.lp.nt:mvn_lpw_l2_lpnt_20190305::3.0
P,urn:nasa:pds:maven.lpw.derived:data.lp.nt:mvn_lpw_l2_lpnt_20190306::3.0
P,urn:nasa:pds:maven.lpw.derived:data.lp.nt:mvn_lpw_l2_lpnt_20190307::3.0
P,urn:nasa:pds:maven.lpw.derived:data.lp.nt:mvn_lpw_l2_lpnt_20190308::3.0
P,urn:nasa:pds:maven.lpw.derived:data.lp.nt:mvn_lpw_l2_lpnt_20190309::3.0
P,urn:nasa:pds:maven.lpw.derived:data.lp.nt:mvn_lpw_l2_lpnt_20190310::3.0
P,urn:nasa:pds:maven.lpw.derived:data.lp.nt:mvn_lpw_l2_lpnt_20190311::3.0
P,urn:nasa:pds:maven.lpw.derived:data.lp.nt:mvn_lpw_l2_lpnt_20190312::3.0
P,urn:nasa:pds:maven.lpw.derived:data.lp.nt:mvn_lpw_l2_lpnt_20190313::3.0
P,urn:nasa:pds:maven.lpw.derived:data.lp.nt:mvn_lpw_l2_lpnt_20190314::3.0
P,urn:nasa:pds:maven.lpw.derived:data.lp.nt:mvn_lpw_l2_lpnt_20190315::3.0
P,urn:nasa:pds:maven.lpw.derived:data.lp.nt:mvn_lpw_l2_lpnt_20190316::3.0
P,urn:nasa:pds:maven.lpw.derived:data.lp.nt:mvn_lpw_l2_lpnt_20190317::3.0
P,urn:nasa:pds:maven.lpw.derived:data.lp.nt:mvn_lpw_l2_lpnt_20190318::3.0
P,urn:nasa:pds:maven.lpw.derived:data.lp.nt:mvn_lpw_l2_lpnt_20190319::3.0
P,urn:nasa:pds:maven.lpw.derived:data.lp.nt:mvn_lpw_l2_lpnt_20190320::3.0
P,urn:nasa:pds:maven.lpw.derived:data.lp.nt:mvn_lpw_l2_lpnt_20190321::3.0
P,urn:nasa:pds:maven.lpw.derived:data.lp.nt:mvn_lpw_l2_lpnt_20190322::3.0
P,urn:nasa:pds:maven.lpw.derived:data.lp.nt:mvn_lpw_l2_lpnt_20190323::3.0
P,urn:nasa:pds:maven.lpw.derived:data.lp.nt:mvn_lpw_l2_lpnt_20190324::3.0
P,urn:nasa:pds:maven.lpw.derived:data.lp.nt:mvn_lpw_l2_lpnt_20190325::3.0
P,urn:nasa:pds:maven.lpw.derived:data.lp.nt:mvn_lpw_l2_lpnt_20190326::3.0
P,urn:nasa:pds:maven.lpw.derived:data.lp.nt:mvn_lpw_l2_lpnt_20190327::3.0
P,urn:nasa:pds:maven.lpw.derived:data.lp.nt:mvn_lpw_l2_lpnt_20190328::3.0
P,urn:nasa:pds:maven.lpw.derived:data.lp.nt:mvn_lpw_l2_lpnt_20190329::3.0
P,urn:nasa:pds:maven.lpw.derived:data.lp.nt:mvn_lpw_l2_lpnt_20190330::3.0
P,urn:nasa:pds:maven.lpw.derived:data.lp.nt:mvn_lpw_l2_lpnt_20190331::3.0
P,urn:nasa:pds:maven.lpw.derived:data.lp.nt:mvn_lpw_l2_lpnt_20190401::3.0
P,urn:nasa:pds:maven.lpw.derived:data.lp.nt:mvn_lpw_l2_lpnt_20190402::3.0
P,urn:nasa:pds:maven.lpw.derived:data.lp.nt:mvn_lpw_l2_lpnt_20190403::3.0
P,urn:nasa:pds:maven.lpw.derived:data.lp.nt:mvn_lpw_l2_lpnt_20190404::3.0
P,urn:nasa:pds:maven.lpw.derived:data.lp.nt:mvn_lpw_l2_lpnt_20190405::3.0
P,urn:nasa:pds:maven.lpw.derived:data.lp.nt:mvn_lpw_l2_lpnt_20190406::3.0
P,urn:nasa:pds:maven.lpw.derived:data.lp.nt:mvn_lpw_l2_lpnt_20190407::3.0
P,urn:nasa:pds:maven.lpw.derived:data.lp.nt:mvn_lpw_l2_lpnt_20190408::3.0
P,urn:nasa:pds:maven.lpw.derived:data.lp.nt:mvn_lpw_l2_lpnt_20190409::3.0
P,urn:nasa:pds:maven.lpw.derived:data.lp.nt:mvn_lpw_l2_lpnt_20190410::3.0
P,urn:nasa:pds:maven.lpw.derived:data.lp.nt:mvn_lpw_l2_lpnt_20190411::3.0
P,urn:nasa:pds:maven.lpw.derived:data.lp.nt:mvn_lpw_l2_lpnt_20190412::3.0
P,urn:nasa:pds:maven.lpw.derived:data.lp.nt:mvn_lpw_l2_lpnt_20190413::3.0
P,urn:nasa:pds:maven.lpw.derived:data.lp.nt:mvn_lpw_l2_lpnt_20190414::3.0
P,urn:nasa:pds:maven.lpw.derived:data.lp.nt:mvn_lpw_l2_lpnt_20190415::3.0
P,urn:nasa:pds:maven.lpw.derived:data.lp.nt:mvn_lpw_l2_lpnt_20190416::3.0
P,urn:nasa:pds:maven.lpw.derived:data.lp.nt:mvn_lpw_l2_lpnt_20190417::3.0
P,urn:nasa:pds:maven.lpw.derived:data.lp.nt:mvn_lpw_l2_lpnt_20190418::3.0
P,urn:nasa:pds:maven.lpw.derived:data.lp.nt:mvn_lpw_l2_lpnt_20190419::3.0
P,urn:nasa:pds:maven.lpw.derived:data.lp.nt:mvn_lpw_l2_lpnt_20190420::3.0
P,urn:nasa:pds:maven.lpw.derived:data.lp.nt:mvn_lpw_l2_lpnt_20190421::3.0
P,urn:nasa:pds:maven.lpw.derived:data.lp.nt:mvn_lpw_l2_lpnt_20190422::3.0
P,urn:nasa:pds:maven.lpw.derived:data.lp.nt:mvn_lpw_l2_lpnt_20190423::3.0
P,urn:nasa:pds:maven.lpw.derived:data.lp.nt:mvn_lpw_l2_lpnt_20190424::3.0
P,urn:nasa:pds:maven.lpw.derived:data.lp.nt:mvn_lpw_l2_lpnt_20190425::3.0
P,urn:nasa:pds:maven.lpw.derived:data.lp.nt:mvn_lpw_l2_lpnt_20190426::3.0
P,urn:nasa:pds:maven.lpw.derived:data.lp.nt:mvn_lpw_l2_lpnt_20190427::3.0
P,urn:nasa:pds:maven.lpw.derived:data.lp.nt:mvn_lpw_l2_lpnt_20190428::3.0
P,urn:nasa:pds:maven.lpw.derived:data.lp.nt:mvn_lpw_l2_lpnt_20190429::3.0
P,urn:nasa:pds:maven.lpw.derived:data.lp.nt:mvn_lpw_l2_lpnt_20190430::3.0
P,urn:nasa:pds:maven.lpw.derived:data.lp.nt:mvn_lpw_l2_lpnt_20190501::3.0
P,urn:nasa:pds:maven.lpw.derived:data.lp.nt:mvn_lpw_l2_lpnt_20190502::3.0
P,urn:nasa:pds:maven.lpw.derived:data.lp.nt:mvn_lpw_l2_lpnt_20190503::3.0
P,urn:nasa:pds:maven.lpw.derived:data.lp.nt:mvn_lpw_l2_lpnt_20190504::3.0
P,urn:nasa:pds:maven.lpw.derived:data.lp.nt:mvn_lpw_l2_lpnt_20190505::3.0
P,urn:nasa:pds:maven.lpw.derived:data.lp.nt:mvn_lpw_l2_lpnt_20190506::3.0
P,urn:nasa:pds:maven.lpw.derived:data.lp.nt:mvn_lpw_l2_lpnt_20190507::3.0
P,urn:nasa:pds:maven.lpw.derived:data.lp.nt:mvn_lpw_l2_lpnt_20190508::3.0
P,urn:nasa:pds:maven.lpw.derived:data.lp.nt:mvn_lpw_l2_lpnt_20190509::3.0
P,urn:nasa:pds:maven.lpw.derived:data.lp.nt:mvn_lpw_l2_lpnt_20190510::3.0
P,urn:nasa:pds:maven.lpw.derived:data.lp.nt:mvn_lpw_l2_lpnt_20190511::3.0
P,urn:nasa:pds:maven.lpw.derived:data.lp.nt:mvn_lpw_l2_lpnt_20190512::3.0
P,urn:nasa:pds:maven.lpw.derived:data.lp.nt:mvn_lpw_l2_lpnt_20190513::3.0
P,urn:nasa:pds:maven.lpw.derived:data.lp.nt:mvn_lpw_l2_lpnt_20190514::3.0
P,urn:nasa:pds:maven.lpw.derived:data.lp.nt:mvn_lpw_l2_lpnt_20190515::3.0
P,urn:nasa:pds:maven.lpw.derived:data.lp.nt:mvn_lpw_l2_lpnt_20190516::3.0
P,urn:nasa:pds:maven.lpw.derived:data.lp.nt:mvn_lpw_l2_lpnt_20190517::3.0
P,urn:nasa:pds:maven.lpw.derived:data.lp.nt:mvn_lpw_l2_lpnt_20190518::3.0
P,urn:nasa:pds:maven.lpw.derived:data.lp.nt:mvn_lpw_l2_lpnt_20190519::3.0
P,urn:nasa:pds:maven.lpw.derived:data.lp.nt:mvn_lpw_l2_lpnt_20190520::3.0
P,urn:nasa:pds:maven.lpw.derived:data.lp.nt:mvn_lpw_l2_lpnt_20190521::3.0
P,urn:nasa:pds:maven.lpw.derived:data.lp.nt:mvn_lpw_l2_lpnt_20190522::3.0
P,urn:nasa:pds:maven.lpw.derived:data.lp.nt:mvn_lpw_l2_lpnt_20190523::3.0
P,urn:nasa:pds:maven.lpw.derived:data.lp.nt:mvn_lpw_l2_lpnt_20190524::3.0
P,urn:nasa:pds:maven.lpw.derived:data.lp.nt:mvn_lpw_l2_lpnt_20190525::3.0
P,urn:nasa:pds:maven.lpw.derived:data.lp.nt:mvn_lpw_l2_lpnt_20190526::3.0
P,urn:nasa:pds:maven.lpw.derived:data.lp.nt:mvn_lpw_l2_lpnt_20190527::3.0
P,urn:nasa:pds:maven.lpw.derived:data.lp.nt:mvn_lpw_l2_lpnt_20190528::3.0
P,urn:nasa:pds:maven.lpw.derived:data.lp.nt:mvn_lpw_l2_lpnt_20190529::3.0
P,urn:nasa:pds:maven.lpw.derived:data.lp.nt:mvn_lpw_l2_lpnt_20190530::3.0
P,urn:nasa:pds:maven.lpw.derived:data.lp.nt:mvn_lpw_l2_lpnt_20190531::3.0
P,urn:nasa:pds:maven.lpw.derived:data.lp.nt:mvn_lpw_l2_lpnt_20190601::3.0
P,urn:nasa:pds:maven.lpw.derived:data.lp.nt:mvn_lpw_l2_lpnt_20190602::3.0
P,urn:nasa:pds:maven.lpw.derived:data.lp.nt:mvn_lpw_l2_lpnt_20190603::3.0
P,urn:nasa:pds:maven.lpw.derived:data.lp.nt:mvn_lpw_l2_lpnt_20190604::3.0
P,urn:nasa:pds:maven.lpw.derived:data.lp.nt:mvn_lpw_l2_lpnt_20190605::3.0
P,urn:nasa:pds:maven.lpw.derived:data.lp.nt:mvn_lpw_l2_lpnt_20190606::3.0
P,urn:nasa:pds:maven.lpw.derived:data.lp.nt:mvn_lpw_l2_lpnt_20190607::3.0
P,urn:nasa:pds:maven.lpw.derived:data.lp.nt:mvn_lpw_l2_lpnt_20190608::3.0
P,urn:nasa:pds:maven.lpw.derived:data.lp.nt:mvn_lpw_l2_lpnt_20190609::3.0
P,urn:nasa:pds:maven.lpw.derived:data.lp.nt:mvn_lpw_l2_lpnt_20190610::3.0
P,urn:nasa:pds:maven.lpw.derived:data.lp.nt:mvn_lpw_l2_lpnt_20190611::3.0
P,urn:nasa:pds:maven.lpw.derived:data.lp.nt:mvn_lpw_l2_lpnt_20190612::3.0
P,urn:nasa:pds:maven.lpw.derived:data.lp.nt:mvn_lpw_l2_lpnt_20190613::3.0
P,urn:nasa:pds:maven.lpw.derived:data.lp.nt:mvn_lpw_l2_lpnt_20190614::3.0
P,urn:nasa:pds:maven.lpw.derived:data.lp.nt:mvn_lpw_l2_lpnt_20190615::3.0
P,urn:nasa:pds:maven.lpw.derived:data.lp.nt:mvn_lpw_l2_lpnt_20190616::3.0
P,urn:nasa:pds:maven.lpw.derived:data.lp.nt:mvn_lpw_l2_lpnt_20190617::3.0
P,urn:nasa:pds:maven.lpw.derived:data.lp.nt:mvn_lpw_l2_lpnt_20190618::3.0
P,urn:nasa:pds:maven.lpw.derived:data.lp.nt:mvn_lpw_l2_lpnt_20190619::3.0
P,urn:nasa:pds:maven.lpw.derived:data.lp.nt:mvn_lpw_l2_lpnt_20190620::3.0
P,urn:nasa:pds:maven.lpw.derived:data.lp.nt:mvn_lpw_l2_lpnt_20190621::3.0
P,urn:nasa:pds:maven.lpw.derived:data.lp.nt:mvn_lpw_l2_lpnt_20190622::3.0
P,urn:nasa:pds:maven.lpw.derived:data.lp.nt:mvn_lpw_l2_lpnt_20190623::3.0
P,urn:nasa:pds:maven.lpw.derived:data.lp.nt:mvn_lpw_l2_lpnt_20190624::3.0
P,urn:nasa:pds:maven.lpw.derived:data.lp.nt:mvn_lpw_l2_lpnt_20190625::3.0
P,urn:nasa:pds:maven.lpw.derived:data.lp.nt:mvn_lpw_l2_lpnt_20190626::3.0
P,urn:nasa:pds:maven.lpw.derived:data.lp.nt:mvn_lpw_l2_lpnt_20190627::3.0
P,urn:nasa:pds:maven.lpw.derived:data.lp.nt:mvn_lpw_l2_lpnt_20190628::3.0
P,urn:nasa:pds:maven.lpw.derived:data.lp.nt:mvn_lpw_l2_lpnt_20190629::3.0
P,urn:nasa:pds:maven.lpw.derived:data.lp.nt:mvn_lpw_l2_lpnt_20190630::3.0
P,urn:nasa:pds:maven.lpw.derived:data.lp.nt:mvn_lpw_l2_lpnt_20190701::3.0
P,urn:nasa:pds:maven.lpw.derived:data.lp.nt:mvn_lpw_l2_lpnt_20190702::3.0
P,urn:nasa:pds:maven.lpw.derived:data.lp.nt:mvn_lpw_l2_lpnt_20190703::3.0
P,urn:nasa:pds:maven.lpw.derived:data.lp.nt:mvn_lpw_l2_lpnt_20190704::3.0
P,urn:nasa:pds:maven.lpw.derived:data.lp.nt:mvn_lpw_l2_lpnt_20190705::3.0
P,urn:nasa:pds:maven.lpw.derived:data.lp.nt:mvn_lpw_l2_lpnt_20190706::3.0
P,urn:nasa:pds:maven.lpw.derived:data.lp.nt:mvn_lpw_l2_lpnt_20190707::3.0
P,urn:nasa:pds:maven.lpw.derived:data.lp.nt:mvn_lpw_l2_lpnt_20190708::3.0
P,urn:nasa:pds:maven.lpw.derived:data.lp.nt:mvn_lpw_l2_lpnt_20190709::3.0
P,urn:nasa:pds:maven.lpw.derived:data.lp.nt:mvn_lpw_l2_lpnt_20190710::3.0
P,urn:nasa:pds:maven.lpw.derived:data.lp.nt:mvn_lpw_l2_lpnt_20190711::3.0
P,urn:nasa:pds:maven.lpw.derived:data.lp.nt:mvn_lpw_l2_lpnt_20190712::3.0
P,urn:nasa:pds:maven.lpw.derived:data.lp.nt:mvn_lpw_l2_lpnt_20190713::3.0
P,urn:nasa:pds:maven.lpw.derived:data.lp.nt:mvn_lpw_l2_lpnt_20190714::3.0
P,urn:nasa:pds:maven.lpw.derived:data.lp.nt:mvn_lpw_l2_lpnt_20190715::3.0
P,urn:nasa:pds:maven.lpw.derived:data.lp.nt:mvn_lpw_l2_lpnt_20190716::3.0
P,urn:nasa:pds:maven.lpw.derived:data.lp.nt:mvn_lpw_l2_lpnt_20190717::3.0
P,urn:nasa:pds:maven.lpw.derived:data.lp.nt:mvn_lpw_l2_lpnt_20190718::3.0
P,urn:nasa:pds:maven.lpw.derived:data.lp.nt:mvn_lpw_l2_lpnt_20190719::3.0
P,urn:nasa:pds:maven.lpw.derived:data.lp.nt:mvn_lpw_l2_lpnt_20190720::3.0
P,urn:nasa:pds:maven.lpw.derived:data.lp.nt:mvn_lpw_l2_lpnt_20190721::3.0
P,urn:nasa:pds:maven.lpw.derived:data.lp.nt:mvn_lpw_l2_lpnt_20190722::3.0
P,urn:nasa:pds:maven.lpw.derived:data.lp.nt:mvn_lpw_l2_lpnt_20190723::3.0
P,urn:nasa:pds:maven.lpw.derived:data.lp.nt:mvn_lpw_l2_lpnt_20190724::3.0
P,urn:nasa:pds:maven.lpw.derived:data.lp.nt:mvn_lpw_l2_lpnt_20190725::3.0
P,urn:nasa:pds:maven.lpw.derived:data.lp.nt:mvn_lpw_l2_lpnt_20190726::3.0
P,urn:nasa:pds:maven.lpw.derived:data.lp.nt:mvn_lpw_l2_lpnt_20190727::3.0
P,urn:nasa:pds:maven.lpw.derived:data.lp.nt:mvn_lpw_l2_lpnt_20190728::3.0
P,urn:nasa:pds:maven.lpw.derived:data.lp.nt:mvn_lpw_l2_lpnt_20190729::3.0
P,urn:nasa:pds:maven.lpw.derived:data.lp.nt:mvn_lpw_l2_lpnt_20190730::3.0
P,urn:nasa:pds:maven.lpw.derived:data.lp.nt:mvn_lpw_l2_lpnt_20190731::3.0
P,urn:nasa:pds:maven.lpw.derived:data.lp.nt:mvn_lpw_l2_lpnt_20190801::3.0
P,urn:nasa:pds:maven.lpw.derived:data.lp.nt:mvn_lpw_l2_lpnt_20190802::3.0
P,urn:nasa:pds:maven.lpw.derived:data.lp.nt:mvn_lpw_l2_lpnt_20190803::3.0
P,urn:nasa:pds:maven.lpw.derived:data.lp.nt:mvn_lpw_l2_lpnt_20190804::3.0
P,urn:nasa:pds:maven.lpw.derived:data.lp.nt:mvn_lpw_l2_lpnt_20190805::3.0
P,urn:nasa:pds:maven.lpw.derived:data.lp.nt:mvn_lpw_l2_lpnt_20190806::3.0
P,urn:nasa:pds:maven.lpw.derived:data.lp.nt:mvn_lpw_l2_lpnt_20190807::3.0
P,urn:nasa:pds:maven.lpw.derived:data.lp.nt:mvn_lpw_l2_lpnt_20190808::3.0
P,urn:nasa:pds:maven.lpw.derived:data.lp.nt:mvn_lpw_l2_lpnt_20190809::3.0
P,urn:nasa:pds:maven.lpw.derived:data.lp.nt:mvn_lpw_l2_lpnt_20190810::3.0
P,urn:nasa:pds:maven.lpw.derived:data.lp.nt:mvn_lpw_l2_lpnt_20190811::3.0
P,urn:nasa:pds:maven.lpw.derived:data.lp.nt:mvn_lpw_l2_lpnt_20190812::3.0
P,urn:nasa:pds:maven.lpw.derived:data.lp.nt:mvn_lpw_l2_lpnt_20190813::3.0
P,urn:nasa:pds:maven.lpw.derived:data.lp.nt:mvn_lpw_l2_lpnt_20190814::3.0
P,urn:nasa:pds:maven.lpw.derived:data.lp.nt:mvn_lpw_l2_lpnt_20190815::3.0
P,urn:nasa:pds:maven.lpw.derived:data.lp.nt:mvn_lpw_l2_lpnt_20190816::3.0
P,urn:nasa:pds:maven.lpw.derived:data.lp.nt:mvn_lpw_l2_lpnt_20190817::3.0
P,urn:nasa:pds:maven.lpw.derived:data.lp.nt:mvn_lpw_l2_lpnt_20190818::3.0
P,urn:nasa:pds:maven.lpw.derived:data.lp.nt:mvn_lpw_l2_lpnt_20190819::3.0
P,urn:nasa:pds:maven.lpw.derived:data.lp.nt:mvn_lpw_l2_lpnt_20190820::3.0
P,urn:nasa:pds:maven.lpw.derived:data.lp.nt:mvn_lpw_l2_lpnt_20190821::3.0
P,urn:nasa:pds:maven.lpw.derived:data.lp.nt:mvn_lpw_l2_lpnt_20190822::3.0
P,urn:nasa:pds:maven.lpw.derived:data.lp.nt:mvn_lpw_l2_lpnt_20190823::3.0
P,urn:nasa:pds:maven.lpw.derived:data.lp.nt:mvn_lpw_l2_lpnt_20190824::3.0
P,urn:nasa:pds:maven.lpw.derived:data.lp.nt:mvn_lpw_l2_lpnt_20190825::3.0
P,urn:nasa:pds:maven.lpw.derived:data.lp.nt:mvn_lpw_l2_lpnt_20190826::3.0
P,urn:nasa:pds:maven.lpw.derived:data.lp.nt:mvn_lpw_l2_lpnt_20190827::3.0
P,urn:nasa:pds:maven.lpw.derived:data.lp.nt:mvn_lpw_l2_lpnt_20190828::3.0
P,urn:nasa:pds:maven.lpw.derived:data.lp.nt:mvn_lpw_l2_lpnt_20190829::3.0
P,urn:nasa:pds:maven.lpw.derived:data.lp.nt:mvn_lpw_l2_lpnt_20190830::3.0
P,urn:nasa:pds:maven.lpw.derived:data.lp.nt:mvn_lpw_l2_lpnt_20190831::3.0
P,urn:nasa:pds:maven.lpw.derived:data.lp.nt:mvn_lpw_l2_lpnt_20190901::3.0
P,urn:nasa:pds:maven.lpw.derived:data.lp.nt:mvn_lpw_l2_lpnt_20190902::3.0
P,urn:nasa:pds:maven.lpw.derived:data.lp.nt:mvn_lpw_l2_lpnt_20190903::3.0
P,urn:nasa:pds:maven.lpw.derived:data.lp.nt:mvn_lpw_l2_lpnt_20190904::3.0
P,urn:nasa:pds:maven.lpw.derived:data.lp.nt:mvn_lpw_l2_lpnt_20190912::3.0
P,urn:nasa:pds:maven.lpw.derived:data.lp.nt:mvn_lpw_l2_lpnt_20190913::3.0
P,urn:nasa:pds:maven.lpw.derived:data.lp.nt:mvn_lpw_l2_lpnt_20190914::3.0
P,urn:nasa:pds:maven.lpw.derived:data.lp.nt:mvn_lpw_l2_lpnt_20190915::3.0
P,urn:nasa:pds:maven.lpw.derived:data.lp.nt:mvn_lpw_l2_lpnt_20190916::3.0
P,urn:nasa:pds:maven.lpw.derived:data.lp.nt:mvn_lpw_l2_lpnt_20190917::3.0
P,urn:nasa:pds:maven.lpw.derived:data.lp.nt:mvn_lpw_l2_lpnt_20190918::3.0
P,urn:nasa:pds:maven.lpw.derived:data.lp.nt:mvn_lpw_l2_lpnt_20190919::3.0
P,urn:nasa:pds:maven.lpw.derived:data.lp.nt:mvn_lpw_l2_lpnt_20190920::3.0
P,urn:nasa:pds:maven.lpw.derived:data.lp.nt:mvn_lpw_l2_lpnt_20190921::3.0
P,urn:nasa:pds:maven.lpw.derived:data.lp.nt:mvn_lpw_l2_lpnt_20190922::3.0
P,urn:nasa:pds:maven.lpw.derived:data.lp.nt:mvn_lpw_l2_lpnt_20190923::3.0
P,urn:nasa:pds:maven.lpw.derived:data.lp.nt:mvn_lpw_l2_lpnt_20190924::3.0
P,urn:nasa:pds:maven.lpw.derived:data.lp.nt:mvn_lpw_l2_lpnt_20190925::3.0
P,urn:nasa:pds:maven.lpw.derived:data.lp.nt:mvn_lpw_l2_lpnt_20190926::3.0
P,urn:nasa:pds:maven.lpw.derived:data.lp.nt:mvn_lpw_l2_lpnt_20190927::3.0
P,urn:nasa:pds:maven.lpw.derived:data.lp.nt:mvn_lpw_l2_lpnt_20190928::3.0
P,urn:nasa:pds:maven.lpw.derived:data.lp.nt:mvn_lpw_l2_lpnt_20190929::3.0
P,urn:nasa:pds:maven.lpw.derived:data.lp.nt:mvn_lpw_l2_lpnt_20190930::3.0
P,urn:nasa:pds:maven.lpw.derived:data.lp.nt:mvn_lpw_l2_lpnt_20191001::3.0
P,urn:nasa:pds:maven.lpw.derived:data.lp.nt:mvn_lpw_l2_lpnt_20191002::3.0
P,urn:nasa:pds:maven.lpw.derived:data.lp.nt:mvn_lpw_l2_lpnt_20191003::1.0
P,urn:nasa:pds:maven.lpw.derived:data.lp.nt:mvn_lpw_l2_lpnt_20191004::3.0
P,urn:nasa:pds:maven.lpw.derived:data.lp.nt:mvn_lpw_l2_lpnt_20191005::3.0
P,urn:nasa:pds:maven.lpw.derived:data.lp.nt:mvn_lpw_l2_lpnt_20191006::3.0
P,urn:nasa:pds:maven.lpw.derived:data.lp.nt:mvn_lpw_l2_lpnt_20191007::3.0
P,urn:nasa:pds:maven.lpw.derived:data.lp.nt:mvn_lpw_l2_lpnt_20191008::3.0
P,urn:nasa:pds:maven.lpw.derived:data.lp.nt:mvn_lpw_l2_lpnt_20191009::3.0
P,urn:nasa:pds:maven.lpw.derived:data.lp.nt:mvn_lpw_l2_lpnt_20191010::3.0
P,urn:nasa:pds:maven.lpw.derived:data.lp.nt:mvn_lpw_l2_lpnt_20191011::3.0
P,urn:nasa:pds:maven.lpw.derived:data.lp.nt:mvn_lpw_l2_lpnt_20191012::3.0
P,urn:nasa:pds:maven.lpw.derived:data.lp.nt:mvn_lpw_l2_lpnt_20191013::3.0
P,urn:nasa:pds:maven.lpw.derived:data.lp.nt:mvn_lpw_l2_lpnt_20191014::3.0
P,urn:nasa:pds:maven.lpw.derived:data.lp.nt:mvn_lpw_l2_lpnt_20191015::3.0
P,urn:nasa:pds:maven.lpw.derived:data.lp.nt:mvn_lpw_l2_lpnt_20191016::3.0
P,urn:nasa:pds:maven.lpw.derived:data.lp.nt:mvn_lpw_l2_lpnt_20191017::3.0
P,urn:nasa:pds:maven.lpw.derived:data.lp.nt:mvn_lpw_l2_lpnt_20191018::3.0
P,urn:nasa:pds:maven.lpw.derived:data.lp.nt:mvn_lpw_l2_lpnt_20191019::3.0
P,urn:nasa:pds:maven.lpw.derived:data.lp.nt:mvn_lpw_l2_lpnt_20191020::3.0
P,urn:nasa:pds:maven.lpw.derived:data.lp.nt:mvn_lpw_l2_lpnt_20191021::3.0
P,urn:nasa:pds:maven.lpw.derived:data.lp.nt:mvn_lpw_l2_lpnt_20191022::3.0
P,urn:nasa:pds:maven.lpw.derived:data.lp.nt:mvn_lpw_l2_lpnt_20191023::3.0
P,urn:nasa:pds:maven.lpw.derived:data.lp.nt:mvn_lpw_l2_lpnt_20191024::3.0
P,urn:nasa:pds:maven.lpw.derived:data.lp.nt:mvn_lpw_l2_lpnt_20191025::3.0
P,urn:nasa:pds:maven.lpw.derived:data.lp.nt:mvn_lpw_l2_lpnt_20191026::3.0
P,urn:nasa:pds:maven.lpw.derived:data.lp.nt:mvn_lpw_l2_lpnt_20191027::3.0
P,urn:nasa:pds:maven.lpw.derived:data.lp.nt:mvn_lpw_l2_lpnt_20191028::3.0
P,urn:nasa:pds:maven.lpw.derived:data.lp.nt:mvn_lpw_l2_lpnt_20191029::3.0
P,urn:nasa:pds:maven.lpw.derived:data.lp.nt:mvn_lpw_l2_lpnt_20191030::3.0
P,urn:nasa:pds:maven.lpw.derived:data.lp.nt:mvn_lpw_l2_lpnt_20191031::3.0
P,urn:nasa:pds:maven.lpw.derived:data.lp.nt:mvn_lpw_l2_lpnt_20191101::3.0
P,urn:nasa:pds:maven.lpw.derived:data.lp.nt:mvn_lpw_l2_lpnt_20191102::3.0
P,urn:nasa:pds:maven.lpw.derived:data.lp.nt:mvn_lpw_l2_lpnt_20191103::3.0
P,urn:nasa:pds:maven.lpw.derived:data.lp.nt:mvn_lpw_l2_lpnt_20191104::3.0
P,urn:nasa:pds:maven.lpw.derived:data.lp.nt:mvn_lpw_l2_lpnt_20191105::3.0
P,urn:nasa:pds:maven.lpw.derived:data.lp.nt:mvn_lpw_l2_lpnt_20191106::3.0
P,urn:nasa:pds:maven.lpw.derived:data.lp.nt:mvn_lpw_l2_lpnt_20191107::3.0
P,urn:nasa:pds:maven.lpw.derived:data.lp.nt:mvn_lpw_l2_lpnt_20191108::3.0
P,urn:nasa:pds:maven.lpw.derived:data.lp.nt:mvn_lpw_l2_lpnt_20191109::3.0
P,urn:nasa:pds:maven.lpw.derived:data.lp.nt:mvn_lpw_l2_lpnt_20191110::3.0
P,urn:nasa:pds:maven.lpw.derived:data.lp.nt:mvn_lpw_l2_lpnt_20191111::3.0
P,urn:nasa:pds:maven.lpw.derived:data.lp.nt:mvn_lpw_l2_lpnt_20191112::3.0
P,urn:nasa:pds:maven.lpw.derived:data.lp.nt:mvn_lpw_l2_lpnt_20191113::3.0
P,urn:nasa:pds:maven.lpw.derived:data.lp.nt:mvn_lpw_l2_lpnt_20191114::3.0
P,urn:nasa:pds:maven.lpw.derived:data.lp.nt:mvn_lpw_l2_lpnt_20191115::3.0
P,urn:nasa:pds:maven.lpw.derived:data.lp.nt:mvn_lpw_l2_lpnt_20191116::3.0
P,urn:nasa:pds:maven.lpw.derived:data.lp.nt:mvn_lpw_l2_lpnt_20191117::3.0
P,urn:nasa:pds:maven.lpw.derived:data.lp.nt:mvn_lpw_l2_lpnt_20191118::3.0
P,urn:nasa:pds:maven.lpw.derived:data.lp.nt:mvn_lpw_l2_lpnt_20191119::3.0
P,urn:nasa:pds:maven.lpw.derived:data.lp.nt:mvn_lpw_l2_lpnt_20191120::3.0
P,urn:nasa:pds:maven.lpw.derived:data.lp.nt:mvn_lpw_l2_lpnt_20191121::3.0
P,urn:nasa:pds:maven.lpw.derived:data.lp.nt:mvn_lpw_l2_lpnt_20191122::3.0
P,urn:nasa:pds:maven.lpw.derived:data.lp.nt:mvn_lpw_l2_lpnt_20191123::3.0
P,urn:nasa:pds:maven.lpw.derived:data.lp.nt:mvn_lpw_l2_lpnt_20191124::3.0
P,urn:nasa:pds:maven.lpw.derived:data.lp.nt:mvn_lpw_l2_lpnt_20191125::3.0
P,urn:nasa:pds:maven.lpw.derived:data.lp.nt:mvn_lpw_l2_lpnt_20191126::3.0
P,urn:nasa:pds:maven.lpw.derived:data.lp.nt:mvn_lpw_l2_lpnt_20191127::3.0
P,urn:nasa:pds:maven.lpw.derived:data.lp.nt:mvn_lpw_l2_lpnt_20191128::3.0
P,urn:nasa:pds:maven.lpw.derived:data.lp.nt:mvn_lpw_l2_lpnt_20191129::3.0
P,urn:nasa:pds:maven.lpw.derived:data.lp.nt:mvn_lpw_l2_lpnt_20191130::3.0
P,urn:nasa:pds:maven.lpw.derived:data.lp.nt:mvn_lpw_l2_lpnt_20191201::3.0
P,urn:nasa:pds:maven.lpw.derived:data.lp.nt:mvn_lpw_l2_lpnt_20191202::3.0
P,urn:nasa:pds:maven.lpw.derived:data.lp.nt:mvn_lpw_l2_lpnt_20191203::3.0
P,urn:nasa:pds:maven.lpw.derived:data.lp.nt:mvn_lpw_l2_lpnt_20191204::3.0
P,urn:nasa:pds:maven.lpw.derived:data.lp.nt:mvn_lpw_l2_lpnt_20191205::3.0
P,urn:nasa:pds:maven.lpw.derived:data.lp.nt:mvn_lpw_l2_lpnt_20191206::3.0
P,urn:nasa:pds:maven.lpw.derived:data.lp.nt:mvn_lpw_l2_lpnt_20191207::3.0
P,urn:nasa:pds:maven.lpw.derived:data.lp.nt:mvn_lpw_l2_lpnt_20191208::3.0
P,urn:nasa:pds:maven.lpw.derived:data.lp.nt:mvn_lpw_l2_lpnt_20191209::3.0
P,urn:nasa:pds:maven.lpw.derived:data.lp.nt:mvn_lpw_l2_lpnt_20191210::3.0
P,urn:nasa:pds:maven.lpw.derived:data.lp.nt:mvn_lpw_l2_lpnt_20191211::3.0
P,urn:nasa:pds:maven.lpw.derived:data.lp.nt:mvn_lpw_l2_lpnt_20191212::3.0
P,urn:nasa:pds:maven.lpw.derived:data.lp.nt:mvn_lpw_l2_lpnt_20191213::3.0
P,urn:nasa:pds:maven.lpw.derived:data.lp.nt:mvn_lpw_l2_lpnt_20191214::3.0
P,urn:nasa:pds:maven.lpw.derived:data.lp.nt:mvn_lpw_l2_lpnt_20191215::3.0
P,urn:nasa:pds:maven.lpw.derived:data.lp.nt:mvn_lpw_l2_lpnt_20191216::3.0
P,urn:nasa:pds:maven.lpw.derived:data.lp.nt:mvn_lpw_l2_lpnt_20191217::3.0
P,urn:nasa:pds:maven.lpw.derived:data.lp.nt:mvn_lpw_l2_lpnt_20191218::3.0
P,urn:nasa:pds:maven.lpw.derived:data.lp.nt:mvn_lpw_l2_lpnt_20191219::3.0
P,urn:nasa:pds:maven.lpw.derived:data.lp.nt:mvn_lpw_l2_lpnt_20191220::3.0
P,urn:nasa:pds:maven.lpw.derived:data.lp.nt:mvn_lpw_l2_lpnt_20191221::3.0
P,urn:nasa:pds:maven.lpw.derived:data.lp.nt:mvn_lpw_l2_lpnt_20191222::3.0
P,urn:nasa:pds:maven.lpw.derived:data.lp.nt:mvn_lpw_l2_lpnt_20191223::3.0
P,urn:nasa:pds:maven.lpw.derived:data.lp.nt:mvn_lpw_l2_lpnt_20191224::3.0
P,urn:nasa:pds:maven.lpw.derived:data.lp.nt:mvn_lpw_l2_lpnt_20191225::3.0
P,urn:nasa:pds:maven.lpw.derived:data.lp.nt:mvn_lpw_l2_lpnt_20191226::3.0
P,urn:nasa:pds:maven.lpw.derived:data.lp.nt:mvn_lpw_l2_lpnt_20191227::3.0
P,urn:nasa:pds:maven.lpw.derived:data.lp.nt:mvn_lpw_l2_lpnt_20191228::3.0
P,urn:nasa:pds:maven.lpw.derived:data.lp.nt:mvn_lpw_l2_lpnt_20191229::3.0
P,urn:nasa:pds:maven.lpw.derived:data.lp.nt:mvn_lpw_l2_lpnt_20191230::3.0
P,urn:nasa:pds:maven.lpw.derived:data.lp.nt:mvn_lpw_l2_lpnt_20191231::3.0
P,urn:nasa:pds:maven.lpw.derived:data.lp.nt:mvn_lpw_l2_lpnt_20200101::3.0
P,urn:nasa:pds:maven.lpw.derived:data.lp.nt:mvn_lpw_l2_lpnt_20200102::3.0
P,urn:nasa:pds:maven.lpw.derived:data.lp.nt:mvn_lpw_l2_lpnt_20200103::3.0
P,urn:nasa:pds:maven.lpw.derived:data.lp.nt:mvn_lpw_l2_lpnt_20200104::3.0
P,urn:nasa:pds:maven.lpw.derived:data.lp.nt:mvn_lpw_l2_lpnt_20200105::3.0
P,urn:nasa:pds:maven.lpw.derived:data.lp.nt:mvn_lpw_l2_lpnt_20200106::3.0
P,urn:nasa:pds:maven.lpw.derived:data.lp.nt:mvn_lpw_l2_lpnt_20200107::3.0
P,urn:nasa:pds:maven.lpw.derived:data.lp.nt:mvn_lpw_l2_lpnt_20200108::3.0
P,urn:nasa:pds:maven.lpw.derived:data.lp.nt:mvn_lpw_l2_lpnt_20200109::3.0
P,urn:nasa:pds:maven.lpw.derived:data.lp.nt:mvn_lpw_l2_lpnt_20200110::3.0
P,urn:nasa:pds:maven.lpw.derived:data.lp.nt:mvn_lpw_l2_lpnt_20200111::3.0
P,urn:nasa:pds:maven.lpw.derived:data.lp.nt:mvn_lpw_l2_lpnt_20200112::3.0
P,urn:nasa:pds:maven.lpw.derived:data.lp.nt:mvn_lpw_l2_lpnt_20200113::3.0
P,urn:nasa:pds:maven.lpw.derived:data.lp.nt:mvn_lpw_l2_lpnt_20200114::3.0
P,urn:nasa:pds:maven.lpw.derived:data.lp.nt:mvn_lpw_l2_lpnt_20200115::3.0
P,urn:nasa:pds:maven.lpw.derived:data.lp.nt:mvn_lpw_l2_lpnt_20200116::3.0
P,urn:nasa:pds:maven.lpw.derived:data.lp.nt:mvn_lpw_l2_lpnt_20200117::3.0
P,urn:nasa:pds:maven.lpw.derived:data.lp.nt:mvn_lpw_l2_lpnt_20200118::3.0
P,urn:nasa:pds:maven.lpw.derived:data.lp.nt:mvn_lpw_l2_lpnt_20200119::3.0
P,urn:nasa:pds:maven.lpw.derived:data.lp.nt:mvn_lpw_l2_lpnt_20200120::3.0
P,urn:nasa:pds:maven.lpw.derived:data.lp.nt:mvn_lpw_l2_lpnt_20200121::3.0
P,urn:nasa:pds:maven.lpw.derived:data.lp.nt:mvn_lpw_l2_lpnt_20200122::3.0
P,urn:nasa:pds:maven.lpw.derived:data.lp.nt:mvn_lpw_l2_lpnt_20200123::3.0
P,urn:nasa:pds:maven.lpw.derived:data.lp.nt:mvn_lpw_l2_lpnt_20200124::3.0
P,urn:nasa:pds:maven.lpw.derived:data.lp.nt:mvn_lpw_l2_lpnt_20200125::3.0
P,urn:nasa:pds:maven.lpw.derived:data.lp.nt:mvn_lpw_l2_lpnt_20200126::3.0
P,urn:nasa:pds:maven.lpw.derived:data.lp.nt:mvn_lpw_l2_lpnt_20200127::3.0
P,urn:nasa:pds:maven.lpw.derived:data.lp.nt:mvn_lpw_l2_lpnt_20200128::3.0
P,urn:nasa:pds:maven.lpw.derived:data.lp.nt:mvn_lpw_l2_lpnt_20200129::3.0
P,urn:nasa:pds:maven.lpw.derived:data.lp.nt:mvn_lpw_l2_lpnt_20200130::3.0
P,urn:nasa:pds:maven.lpw.derived:data.lp.nt:mvn_lpw_l2_lpnt_20200131::3.0
P,urn:nasa:pds:maven.lpw.derived:data.lp.nt:mvn_lpw_l2_lpnt_20200201::3.0
P,urn:nasa:pds:maven.lpw.derived:data.lp.nt:mvn_lpw_l2_lpnt_20200202::3.0
P,urn:nasa:pds:maven.lpw.derived:data.lp.nt:mvn_lpw_l2_lpnt_20200203::3.0
P,urn:nasa:pds:maven.lpw.derived:data.lp.nt:mvn_lpw_l2_lpnt_20200204::3.0
P,urn:nasa:pds:maven.lpw.derived:data.lp.nt:mvn_lpw_l2_lpnt_20200205::3.0
P,urn:nasa:pds:maven.lpw.derived:data.lp.nt:mvn_lpw_l2_lpnt_20200206::3.0
P,urn:nasa:pds:maven.lpw.derived:data.lp.nt:mvn_lpw_l2_lpnt_20200207::3.0
P,urn:nasa:pds:maven.lpw.derived:data.lp.nt:mvn_lpw_l2_lpnt_20200208::3.0
P,urn:nasa:pds:maven.lpw.derived:data.lp.nt:mvn_lpw_l2_lpnt_20200209::3.0
P,urn:nasa:pds:maven.lpw.derived:data.lp.nt:mvn_lpw_l2_lpnt_20200210::3.0
P,urn:nasa:pds:maven.lpw.derived:data.lp.nt:mvn_lpw_l2_lpnt_20200211::3.0
P,urn:nasa:pds:maven.lpw.derived:data.lp.nt:mvn_lpw_l2_lpnt_20200212::3.0
P,urn:nasa:pds:maven.lpw.derived:data.lp.nt:mvn_lpw_l2_lpnt_20200213::3.0
P,urn:nasa:pds:maven.lpw.derived:data.lp.nt:mvn_lpw_l2_lpnt_20200214::3.0
P,urn:nasa:pds:maven.lpw.derived:data.lp.nt:mvn_lpw_l2_lpnt_20200215::3.0
P,urn:nasa:pds:maven.lpw.derived:data.lp.nt:mvn_lpw_l2_lpnt_20200216::3.0
P,urn:nasa:pds:maven.lpw.derived:data.lp.nt:mvn_lpw_l2_lpnt_20200217::3.0
P,urn:nasa:pds:maven.lpw.derived:data.lp.nt:mvn_lpw_l2_lpnt_20200218::3.0
P,urn:nasa:pds:maven.lpw.derived:data.lp.nt:mvn_lpw_l2_lpnt_20200219::3.0
P,urn:nasa:pds:maven.lpw.derived:data.lp.nt:mvn_lpw_l2_lpnt_20200220::3.0
P,urn:nasa:pds:maven.lpw.derived:data.lp.nt:mvn_lpw_l2_lpnt_20200221::3.0
P,urn:nasa:pds:maven.lpw.derived:data.lp.nt:mvn_lpw_l2_lpnt_20200222::3.0
P,urn:nasa:pds:maven.lpw.derived:data.lp.nt:mvn_lpw_l2_lpnt_20200223::3.0
P,urn:nasa:pds:maven.lpw.derived:data.lp.nt:mvn_lpw_l2_lpnt_20200224::3.0
P,urn:nasa:pds:maven.lpw.derived:data.lp.nt:mvn_lpw_l2_lpnt_20200225::3.0
P,urn:nasa:pds:maven.lpw.derived:data.lp.nt:mvn_lpw_l2_lpnt_20200226::3.0
P,urn:nasa:pds:maven.lpw.derived:data.lp.nt:mvn_lpw_l2_lpnt_20200227::3.0
P,urn:nasa:pds:maven.lpw.derived:data.lp.nt:mvn_lpw_l2_lpnt_20200228::3.0
P,urn:nasa:pds:maven.lpw.derived:data.lp.nt:mvn_lpw_l2_lpnt_20200229::3.0
P,urn:nasa:pds:maven.lpw.derived:data.lp.nt:mvn_lpw_l2_lpnt_20200301::3.0
P,urn:nasa:pds:maven.lpw.derived:data.lp.nt:mvn_lpw_l2_lpnt_20200302::3.0
P,urn:nasa:pds:maven.lpw.derived:data.lp.nt:mvn_lpw_l2_lpnt_20200303::3.0
P,urn:nasa:pds:maven.lpw.derived:data.lp.nt:mvn_lpw_l2_lpnt_20200304::3.0
P,urn:nasa:pds:maven.lpw.derived:data.lp.nt:mvn_lpw_l2_lpnt_20200305::3.0
P,urn:nasa:pds:maven.lpw.derived:data.lp.nt:mvn_lpw_l2_lpnt_20200306::3.0
P,urn:nasa:pds:maven.lpw.derived:data.lp.nt:mvn_lpw_l2_lpnt_20200307::3.0
P,urn:nasa:pds:maven.lpw.derived:data.lp.nt:mvn_lpw_l2_lpnt_20200308::3.0
P,urn:nasa:pds:maven.lpw.derived:data.lp.nt:mvn_lpw_l2_lpnt_20200309::3.0
P,urn:nasa:pds:maven.lpw.derived:data.lp.nt:mvn_lpw_l2_lpnt_20200310::3.0
P,urn:nasa:pds:maven.lpw.derived:data.lp.nt:mvn_lpw_l2_lpnt_20200311::3.0
P,urn:nasa:pds:maven.lpw.derived:data.lp.nt:mvn_lpw_l2_lpnt_20200312::3.0
P,urn:nasa:pds:maven.lpw.derived:data.lp.nt:mvn_lpw_l2_lpnt_20200313::3.0
P,urn:nasa:pds:maven.lpw.derived:data.lp.nt:mvn_lpw_l2_lpnt_20200314::3.0
P,urn:nasa:pds:maven.lpw.derived:data.lp.nt:mvn_lpw_l2_lpnt_20200315::3.0
P,urn:nasa:pds:maven.lpw.derived:data.lp.nt:mvn_lpw_l2_lpnt_20200316::3.0
P,urn:nasa:pds:maven.lpw.derived:data.lp.nt:mvn_lpw_l2_lpnt_20200317::3.0
P,urn:nasa:pds:maven.lpw.derived:data.lp.nt:mvn_lpw_l2_lpnt_20200318::3.0
P,urn:nasa:pds:maven.lpw.derived:data.lp.nt:mvn_lpw_l2_lpnt_20200319::3.0
P,urn:nasa:pds:maven.lpw.derived:data.lp.nt:mvn_lpw_l2_lpnt_20200320::3.0
P,urn:nasa:pds:maven.lpw.derived:data.lp.nt:mvn_lpw_l2_lpnt_20200321::3.0
P,urn:nasa:pds:maven.lpw.derived:data.lp.nt:mvn_lpw_l2_lpnt_20200322::3.0
P,urn:nasa:pds:maven.lpw.derived:data.lp.nt:mvn_lpw_l2_lpnt_20200323::3.0
P,urn:nasa:pds:maven.lpw.derived:data.lp.nt:mvn_lpw_l2_lpnt_20200324::3.0
P,urn:nasa:pds:maven.lpw.derived:data.lp.nt:mvn_lpw_l2_lpnt_20200325::3.0
P,urn:nasa:pds:maven.lpw.derived:data.lp.nt:mvn_lpw_l2_lpnt_20200326::3.0
P,urn:nasa:pds:maven.lpw.derived:data.lp.nt:mvn_lpw_l2_lpnt_20200327::3.0
P,urn:nasa:pds:maven.lpw.derived:data.lp.nt:mvn_lpw_l2_lpnt_20200328::3.0
P,urn:nasa:pds:maven.lpw.derived:data.lp.nt:mvn_lpw_l2_lpnt_20200329::3.0
P,urn:nasa:pds:maven.lpw.derived:data.lp.nt:mvn_lpw_l2_lpnt_20200330::3.0
P,urn:nasa:pds:maven.lpw.derived:data.lp.nt:mvn_lpw_l2_lpnt_20200331::3.0
P,urn:nasa:pds:maven.lpw.derived:data.lp.nt:mvn_lpw_l2_lpnt_20200401::3.0
P,urn:nasa:pds:maven.lpw.derived:data.lp.nt:mvn_lpw_l2_lpnt_20200402::3.0
P,urn:nasa:pds:maven.lpw.derived:data.lp.nt:mvn_lpw_l2_lpnt_20200403::3.0
P,urn:nasa:pds:maven.lpw.derived:data.lp.nt:mvn_lpw_l2_lpnt_20200404::3.0
P,urn:nasa:pds:maven.lpw.derived:data.lp.nt:mvn_lpw_l2_lpnt_20200405::3.0
P,urn:nasa:pds:maven.lpw.derived:data.lp.nt:mvn_lpw_l2_lpnt_20200406::3.0
P,urn:nasa:pds:maven.lpw.derived:data.lp.nt:mvn_lpw_l2_lpnt_20200407::3.0
P,urn:nasa:pds:maven.lpw.derived:data.lp.nt:mvn_lpw_l2_lpnt_20200408::3.0
P,urn:nasa:pds:maven.lpw.derived:data.lp.nt:mvn_lpw_l2_lpnt_20200409::3.0
P,urn:nasa:pds:maven.lpw.derived:data.lp.nt:mvn_lpw_l2_lpnt_20200410::3.0
P,urn:nasa:pds:maven.lpw.derived:data.lp.nt:mvn_lpw_l2_lpnt_20200411::3.0
P,urn:nasa:pds:maven.lpw.derived:data.lp.nt:mvn_lpw_l2_lpnt_20200412::3.0
P,urn:nasa:pds:maven.lpw.derived:data.lp.nt:mvn_lpw_l2_lpnt_20200413::3.0
P,urn:nasa:pds:maven.lpw.derived:data.lp.nt:mvn_lpw_l2_lpnt_20200414::3.0
P,urn:nasa:pds:maven.lpw.derived:data.lp.nt:mvn_lpw_l2_lpnt_20200415::3.0
P,urn:nasa:pds:maven.lpw.derived:data.lp.nt:mvn_lpw_l2_lpnt_20200416::3.0
P,urn:nasa:pds:maven.lpw.derived:data.lp.nt:mvn_lpw_l2_lpnt_20200417::3.0
P,urn:nasa:pds:maven.lpw.derived:data.lp.nt:mvn_lpw_l2_lpnt_20200418::3.0
P,urn:nasa:pds:maven.lpw.derived:data.lp.nt:mvn_lpw_l2_lpnt_20200419::3.0
P,urn:nasa:pds:maven.lpw.derived:data.lp.nt:mvn_lpw_l2_lpnt_20200420::3.0
P,urn:nasa:pds:maven.lpw.derived:data.lp.nt:mvn_lpw_l2_lpnt_20200421::3.0
P,urn:nasa:pds:maven.lpw.derived:data.lp.nt:mvn_lpw_l2_lpnt_20200422::3.0
P,urn:nasa:pds:maven.lpw.derived:data.lp.nt:mvn_lpw_l2_lpnt_20200423::3.0
P,urn:nasa:pds:maven.lpw.derived:data.lp.nt:mvn_lpw_l2_lpnt_20200424::3.0
P,urn:nasa:pds:maven.lpw.derived:data.lp.nt:mvn_lpw_l2_lpnt_20200425::3.0
P,urn:nasa:pds:maven.lpw.derived:data.lp.nt:mvn_lpw_l2_lpnt_20200426::3.0
P,urn:nasa:pds:maven.lpw.derived:data.lp.nt:mvn_lpw_l2_lpnt_20200427::3.0
P,urn:nasa:pds:maven.lpw.derived:data.lp.nt:mvn_lpw_l2_lpnt_20200428::3.0
P,urn:nasa:pds:maven.lpw.derived:data.lp.nt:mvn_lpw_l2_lpnt_20200429::3.0
P,urn:nasa:pds:maven.lpw.derived:data.lp.nt:mvn_lpw_l2_lpnt_20200430::3.0
P,urn:nasa:pds:maven.lpw.derived:data.lp.nt:mvn_lpw_l2_lpnt_20200501::3.0
P,urn:nasa:pds:maven.lpw.derived:data.lp.nt:mvn_lpw_l2_lpnt_20200502::3.0
P,urn:nasa:pds:maven.lpw.derived:data.lp.nt:mvn_lpw_l2_lpnt_20200503::3.0
P,urn:nasa:pds:maven.lpw.derived:data.lp.nt:mvn_lpw_l2_lpnt_20200504::3.0
P,urn:nasa:pds:maven.lpw.derived:data.lp.nt:mvn_lpw_l2_lpnt_20200505::3.0
P,urn:nasa:pds:maven.lpw.derived:data.lp.nt:mvn_lpw_l2_lpnt_20200506::3.0
P,urn:nasa:pds:maven.lpw.derived:data.lp.nt:mvn_lpw_l2_lpnt_20200507::2.0
P,urn:nasa:pds:maven.lpw.derived:data.lp.nt:mvn_lpw_l2_lpnt_20200508::3.0
P,urn:nasa:pds:maven.lpw.derived:data.lp.nt:mvn_lpw_l2_lpnt_20200509::3.0
P,urn:nasa:pds:maven.lpw.derived:data.lp.nt:mvn_lpw_l2_lpnt_20200510::3.0
P,urn:nasa:pds:maven.lpw.derived:data.lp.nt:mvn_lpw_l2_lpnt_20200511::3.0
P,urn:nasa:pds:maven.lpw.derived:data.lp.nt:mvn_lpw_l2_lpnt_20200512::3.0
P,urn:nasa:pds:maven.lpw.derived:data.lp.nt:mvn_lpw_l2_lpnt_20200513::3.0
P,urn:nasa:pds:maven.lpw.derived:data.lp.nt:mvn_lpw_l2_lpnt_20200514::3.0
P,urn:nasa:pds:maven.lpw.derived:data.lp.nt:mvn_lpw_l2_lpnt_20200515::3.0
P,urn:nasa:pds:maven.lpw.derived:data.lp.nt:mvn_lpw_l2_lpnt_20200516::3.0
P,urn:nasa:pds:maven.lpw.derived:data.lp.nt:mvn_lpw_l2_lpnt_20200517::3.0
P,urn:nasa:pds:maven.lpw.derived:data.lp.nt:mvn_lpw_l2_lpnt_20200518::3.0
P,urn:nasa:pds:maven.lpw.derived:data.lp.nt:mvn_lpw_l2_lpnt_20200519::3.0
P,urn:nasa:pds:maven.lpw.derived:data.lp.nt:mvn_lpw_l2_lpnt_20200520::3.0
P,urn:nasa:pds:maven.lpw.derived:data.lp.nt:mvn_lpw_l2_lpnt_20200521::3.0
P,urn:nasa:pds:maven.lpw.derived:data.lp.nt:mvn_lpw_l2_lpnt_20200522::3.0
P,urn:nasa:pds:maven.lpw.derived:data.lp.nt:mvn_lpw_l2_lpnt_20200523::3.0
P,urn:nasa:pds:maven.lpw.derived:data.lp.nt:mvn_lpw_l2_lpnt_20200524::3.0
P,urn:nasa:pds:maven.lpw.derived:data.lp.nt:mvn_lpw_l2_lpnt_20200525::3.0
P,urn:nasa:pds:maven.lpw.derived:data.lp.nt:mvn_lpw_l2_lpnt_20200526::3.0
P,urn:nasa:pds:maven.lpw.derived:data.lp.nt:mvn_lpw_l2_lpnt_20200527::3.0
P,urn:nasa:pds:maven.lpw.derived:data.lp.nt:mvn_lpw_l2_lpnt_20200528::3.0
P,urn:nasa:pds:maven.lpw.derived:data.lp.nt:mvn_lpw_l2_lpnt_20200529::3.0
P,urn:nasa:pds:maven.lpw.derived:data.lp.nt:mvn_lpw_l2_lpnt_20200530::3.0
P,urn:nasa:pds:maven.lpw.derived:data.lp.nt:mvn_lpw_l2_lpnt_20200531::3.0
P,urn:nasa:pds:maven.lpw.derived:data.lp.nt:mvn_lpw_l2_lpnt_20200601::3.0
P,urn:nasa:pds:maven.lpw.derived:data.lp.nt:mvn_lpw_l2_lpnt_20200602::3.0
P,urn:nasa:pds:maven.lpw.derived:data.lp.nt:mvn_lpw_l2_lpnt_20200603::3.0
P,urn:nasa:pds:maven.lpw.derived:data.lp.nt:mvn_lpw_l2_lpnt_20200604::3.0
P,urn:nasa:pds:maven.lpw.derived:data.lp.nt:mvn_lpw_l2_lpnt_20200605::3.0
P,urn:nasa:pds:maven.lpw.derived:data.lp.nt:mvn_lpw_l2_lpnt_20200606::3.0
P,urn:nasa:pds:maven.lpw.derived:data.lp.nt:mvn_lpw_l2_lpnt_20200607::3.0
P,urn:nasa:pds:maven.lpw.derived:data.lp.nt:mvn_lpw_l2_lpnt_20200609::3.0
P,urn:nasa:pds:maven.lpw.derived:data.lp.nt:mvn_lpw_l2_lpnt_20200610::3.0
P,urn:nasa:pds:maven.lpw.derived:data.lp.nt:mvn_lpw_l2_lpnt_20200611::3.0
P,urn:nasa:pds:maven.lpw.derived:data.lp.nt:mvn_lpw_l2_lpnt_20200612::3.0
P,urn:nasa:pds:maven.lpw.derived:data.lp.nt:mvn_lpw_l2_lpnt_20200613::3.0
P,urn:nasa:pds:maven.lpw.derived:data.lp.nt:mvn_lpw_l2_lpnt_20200614::3.0
P,urn:nasa:pds:maven.lpw.derived:data.lp.nt:mvn_lpw_l2_lpnt_20200615::3.0
P,urn:nasa:pds:maven.lpw.derived:data.lp.nt:mvn_lpw_l2_lpnt_20200616::3.0
P,urn:nasa:pds:maven.lpw.derived:data.lp.nt:mvn_lpw_l2_lpnt_20200617::3.0
P,urn:nasa:pds:maven.lpw.derived:data.lp.nt:mvn_lpw_l2_lpnt_20200618::3.0
P,urn:nasa:pds:maven.lpw.derived:data.lp.nt:mvn_lpw_l2_lpnt_20200619::3.0
P,urn:nasa:pds:maven.lpw.derived:data.lp.nt:mvn_lpw_l2_lpnt_20200620::3.0
P,urn:nasa:pds:maven.lpw.derived:data.lp.nt:mvn_lpw_l2_lpnt_20200621::3.0
P,urn:nasa:pds:maven.lpw.derived:data.lp.nt:mvn_lpw_l2_lpnt_20200622::3.0
P,urn:nasa:pds:maven.lpw.derived:data.lp.nt:mvn_lpw_l2_lpnt_20200623::3.0
P,urn:nasa:pds:maven.lpw.derived:data.lp.nt:mvn_lpw_l2_lpnt_20200624::3.0
P,urn:nasa:pds:maven.lpw.derived:data.lp.nt:mvn_lpw_l2_lpnt_20200625::3.0
P,urn:nasa:pds:maven.lpw.derived:data.lp.nt:mvn_lpw_l2_lpnt_20200626::3.0
P,urn:nasa:pds:maven.lpw.derived:data.lp.nt:mvn_lpw_l2_lpnt_20200627::3.0
P,urn:nasa:pds:maven.lpw.derived:data.lp.nt:mvn_lpw_l2_lpnt_20200628::3.0
P,urn:nasa:pds:maven.lpw.derived:data.lp.nt:mvn_lpw_l2_lpnt_20200629::3.0
P,urn:nasa:pds:maven.lpw.derived:data.lp.nt:mvn_lpw_l2_lpnt_20200630::3.0
P,urn:nasa:pds:maven.lpw.derived:data.lp.nt:mvn_lpw_l2_lpnt_20200701::3.0
P,urn:nasa:pds:maven.lpw.derived:data.lp.nt:mvn_lpw_l2_lpnt_20200702::3.0
P,urn:nasa:pds:maven.lpw.derived:data.lp.nt:mvn_lpw_l2_lpnt_20200703::3.0
P,urn:nasa:pds:maven.lpw.derived:data.lp.nt:mvn_lpw_l2_lpnt_20200704::3.0
P,urn:nasa:pds:maven.lpw.derived:data.lp.nt:mvn_lpw_l2_lpnt_20200705::3.0
P,urn:nasa:pds:maven.lpw.derived:data.lp.nt:mvn_lpw_l2_lpnt_20200706::3.0
P,urn:nasa:pds:maven.lpw.derived:data.lp.nt:mvn_lpw_l2_lpnt_20200707::3.0
P,urn:nasa:pds:maven.lpw.derived:data.lp.nt:mvn_lpw_l2_lpnt_20200708::3.0
P,urn:nasa:pds:maven.lpw.derived:data.lp.nt:mvn_lpw_l2_lpnt_20200709::3.0
P,urn:nasa:pds:maven.lpw.derived:data.lp.nt:mvn_lpw_l2_lpnt_20200710::3.0
P,urn:nasa:pds:maven.lpw.derived:data.lp.nt:mvn_lpw_l2_lpnt_20200711::3.0
P,urn:nasa:pds:maven.lpw.derived:data.lp.nt:mvn_lpw_l2_lpnt_20200712::3.0
P,urn:nasa:pds:maven.lpw.derived:data.lp.nt:mvn_lpw_l2_lpnt_20200713::3.0
P,urn:nasa:pds:maven.lpw.derived:data.lp.nt:mvn_lpw_l2_lpnt_20200714::3.0
P,urn:nasa:pds:maven.lpw.derived:data.lp.nt:mvn_lpw_l2_lpnt_20200715::3.0
P,urn:nasa:pds:maven.lpw.derived:data.lp.nt:mvn_lpw_l2_lpnt_20200716::3.0
P,urn:nasa:pds:maven.lpw.derived:data.lp.nt:mvn_lpw_l2_lpnt_20200717::3.0
P,urn:nasa:pds:maven.lpw.derived:data.lp.nt:mvn_lpw_l2_lpnt_20200718::3.0
P,urn:nasa:pds:maven.lpw.derived:data.lp.nt:mvn_lpw_l2_lpnt_20200719::3.0
P,urn:nasa:pds:maven.lpw.derived:data.lp.nt:mvn_lpw_l2_lpnt_20200720::3.0
P,urn:nasa:pds:maven.lpw.derived:data.lp.nt:mvn_lpw_l2_lpnt_20200721::3.0
P,urn:nasa:pds:maven.lpw.derived:data.lp.nt:mvn_lpw_l2_lpnt_20200722::3.0
P,urn:nasa:pds:maven.lpw.derived:data.lp.nt:mvn_lpw_l2_lpnt_20200723::3.0
P,urn:nasa:pds:maven.lpw.derived:data.lp.nt:mvn_lpw_l2_lpnt_20200724::3.0
P,urn:nasa:pds:maven.lpw.derived:data.lp.nt:mvn_lpw_l2_lpnt_20200725::3.0
P,urn:nasa:pds:maven.lpw.derived:data.lp.nt:mvn_lpw_l2_lpnt_20200726::3.0
P,urn:nasa:pds:maven.lpw.derived:data.lp.nt:mvn_lpw_l2_lpnt_20200727::3.0
P,urn:nasa:pds:maven.lpw.derived:data.lp.nt:mvn_lpw_l2_lpnt_20200728::3.0
P,urn:nasa:pds:maven.lpw.derived:data.lp.nt:mvn_lpw_l2_lpnt_20200729::3.0
P,urn:nasa:pds:maven.lpw.derived:data.lp.nt:mvn_lpw_l2_lpnt_20200730::3.0
P,urn:nasa:pds:maven.lpw.derived:data.lp.nt:mvn_lpw_l2_lpnt_20200731::1.0
P,urn:nasa:pds:maven.lpw.derived:data.lp.nt:mvn_lpw_l2_lpnt_20200801::3.0
P,urn:nasa:pds:maven.lpw.derived:data.lp.nt:mvn_lpw_l2_lpnt_20200802::3.0
P,urn:nasa:pds:maven.lpw.derived:data.lp.nt:mvn_lpw_l2_lpnt_20200803::3.0
P,urn:nasa:pds:maven.lpw.derived:data.lp.nt:mvn_lpw_l2_lpnt_20200804::3.0
P,urn:nasa:pds:maven.lpw.derived:data.lp.nt:mvn_lpw_l2_lpnt_20200805::3.0
P,urn:nasa:pds:maven.lpw.derived:data.lp.nt:mvn_lpw_l2_lpnt_20200806::3.0
P,urn:nasa:pds:maven.lpw.derived:data.lp.nt:mvn_lpw_l2_lpnt_20200807::3.0
P,urn:nasa:pds:maven.lpw.derived:data.lp.nt:mvn_lpw_l2_lpnt_20200808::3.0
P,urn:nasa:pds:maven.lpw.derived:data.lp.nt:mvn_lpw_l2_lpnt_20200809::3.0
P,urn:nasa:pds:maven.lpw.derived:data.lp.nt:mvn_lpw_l2_lpnt_20200810::3.0
P,urn:nasa:pds:maven.lpw.derived:data.lp.nt:mvn_lpw_l2_lpnt_20200811::3.0
P,urn:nasa:pds:maven.lpw.derived:data.lp.nt:mvn_lpw_l2_lpnt_20200812::3.0
P,urn:nasa:pds:maven.lpw.derived:data.lp.nt:mvn_lpw_l2_lpnt_20200813::3.0
P,urn:nasa:pds:maven.lpw.derived:data.lp.nt:mvn_lpw_l2_lpnt_20200814::3.0
P,urn:nasa:pds:maven.lpw.derived:data.lp.nt:mvn_lpw_l2_lpnt_20200815::3.0
P,urn:nasa:pds:maven.lpw.derived:data.lp.nt:mvn_lpw_l2_lpnt_20200816::3.0
P,urn:nasa:pds:maven.lpw.derived:data.lp.nt:mvn_lpw_l2_lpnt_20200817::3.0
P,urn:nasa:pds:maven.lpw.derived:data.lp.nt:mvn_lpw_l2_lpnt_20200818::3.0
P,urn:nasa:pds:maven.lpw.derived:data.lp.nt:mvn_lpw_l2_lpnt_20200819::3.0
P,urn:nasa:pds:maven.lpw.derived:data.lp.nt:mvn_lpw_l2_lpnt_20200820::3.0
P,urn:nasa:pds:maven.lpw.derived:data.lp.nt:mvn_lpw_l2_lpnt_20200821::3.0
P,urn:nasa:pds:maven.lpw.derived:data.lp.nt:mvn_lpw_l2_lpnt_20200822::3.0
P,urn:nasa:pds:maven.lpw.derived:data.lp.nt:mvn_lpw_l2_lpnt_20200823::3.0
P,urn:nasa:pds:maven.lpw.derived:data.lp.nt:mvn_lpw_l2_lpnt_20200824::3.0
P,urn:nasa:pds:maven.lpw.derived:data.lp.nt:mvn_lpw_l2_lpnt_20200825::3.0
P,urn:nasa:pds:maven.lpw.derived:data.lp.nt:mvn_lpw_l2_lpnt_20200826::3.0
P,urn:nasa:pds:maven.lpw.derived:data.lp.nt:mvn_lpw_l2_lpnt_20200827::3.0
P,urn:nasa:pds:maven.lpw.derived:data.lp.nt:mvn_lpw_l2_lpnt_20200828::3.0
P,urn:nasa:pds:maven.lpw.derived:data.lp.nt:mvn_lpw_l2_lpnt_20200829::3.0
P,urn:nasa:pds:maven.lpw.derived:data.lp.nt:mvn_lpw_l2_lpnt_20200830::3.0
P,urn:nasa:pds:maven.lpw.derived:data.lp.nt:mvn_lpw_l2_lpnt_20200831::3.0
P,urn:nasa:pds:maven.lpw.derived:data.lp.nt:mvn_lpw_l2_lpnt_20200901::3.0
P,urn:nasa:pds:maven.lpw.derived:data.lp.nt:mvn_lpw_l2_lpnt_20200902::3.0
P,urn:nasa:pds:maven.lpw.derived:data.lp.nt:mvn_lpw_l2_lpnt_20200903::3.0
P,urn:nasa:pds:maven.lpw.derived:data.lp.nt:mvn_lpw_l2_lpnt_20200904::3.0
P,urn:nasa:pds:maven.lpw.derived:data.lp.nt:mvn_lpw_l2_lpnt_20200905::3.0
P,urn:nasa:pds:maven.lpw.derived:data.lp.nt:mvn_lpw_l2_lpnt_20200906::3.0
P,urn:nasa:pds:maven.lpw.derived:data.lp.nt:mvn_lpw_l2_lpnt_20200907::3.0
P,urn:nasa:pds:maven.lpw.derived:data.lp.nt:mvn_lpw_l2_lpnt_20200908::3.0
P,urn:nasa:pds:maven.lpw.derived:data.lp.nt:mvn_lpw_l2_lpnt_20200909::3.0
P,urn:nasa:pds:maven.lpw.derived:data.lp.nt:mvn_lpw_l2_lpnt_20200910::3.0
P,urn:nasa:pds:maven.lpw.derived:data.lp.nt:mvn_lpw_l2_lpnt_20200911::3.0
P,urn:nasa:pds:maven.lpw.derived:data.lp.nt:mvn_lpw_l2_lpnt_20200912::3.0
P,urn:nasa:pds:maven.lpw.derived:data.lp.nt:mvn_lpw_l2_lpnt_20200913::3.0
P,urn:nasa:pds:maven.lpw.derived:data.lp.nt:mvn_lpw_l2_lpnt_20200914::3.0
P,urn:nasa:pds:maven.lpw.derived:data.lp.nt:mvn_lpw_l2_lpnt_20200915::3.0
P,urn:nasa:pds:maven.lpw.derived:data.lp.nt:mvn_lpw_l2_lpnt_20200916::3.0
P,urn:nasa:pds:maven.lpw.derived:data.lp.nt:mvn_lpw_l2_lpnt_20200917::3.0
P,urn:nasa:pds:maven.lpw.derived:data.lp.nt:mvn_lpw_l2_lpnt_20200918::3.0
P,urn:nasa:pds:maven.lpw.derived:data.lp.nt:mvn_lpw_l2_lpnt_20200919::3.0
P,urn:nasa:pds:maven.lpw.derived:data.lp.nt:mvn_lpw_l2_lpnt_20200920::3.0
P,urn:nasa:pds:maven.lpw.derived:data.lp.nt:mvn_lpw_l2_lpnt_20200921::3.0
P,urn:nasa:pds:maven.lpw.derived:data.lp.nt:mvn_lpw_l2_lpnt_20200922::3.0
P,urn:nasa:pds:maven.lpw.derived:data.lp.nt:mvn_lpw_l2_lpnt_20200923::3.0
P,urn:nasa:pds:maven.lpw.derived:data.lp.nt:mvn_lpw_l2_lpnt_20200924::3.0
P,urn:nasa:pds:maven.lpw.derived:data.lp.nt:mvn_lpw_l2_lpnt_20200925::3.0
P,urn:nasa:pds:maven.lpw.derived:data.lp.nt:mvn_lpw_l2_lpnt_20200926::3.0
P,urn:nasa:pds:maven.lpw.derived:data.lp.nt:mvn_lpw_l2_lpnt_20200927::3.0
P,urn:nasa:pds:maven.lpw.derived:data.lp.nt:mvn_lpw_l2_lpnt_20200928::3.0
P,urn:nasa:pds:maven.lpw.derived:data.lp.nt:mvn_lpw_l2_lpnt_20200929::3.0
P,urn:nasa:pds:maven.lpw.derived:data.lp.nt:mvn_lpw_l2_lpnt_20200930::3.0
P,urn:nasa:pds:maven.lpw.derived:data.lp.nt:mvn_lpw_l2_lpnt_20201001::3.0
P,urn:nasa:pds:maven.lpw.derived:data.lp.nt:mvn_lpw_l2_lpnt_20201002::3.0
P,urn:nasa:pds:maven.lpw.derived:data.lp.nt:mvn_lpw_l2_lpnt_20201003::3.0
P,urn:nasa:pds:maven.lpw.derived:data.lp.nt:mvn_lpw_l2_lpnt_20201004::3.0
P,urn:nasa:pds:maven.lpw.derived:data.lp.nt:mvn_lpw_l2_lpnt_20201005::3.0
P,urn:nasa:pds:maven.lpw.derived:data.lp.nt:mvn_lpw_l2_lpnt_20201006::3.0
P,urn:nasa:pds:maven.lpw.derived:data.lp.nt:mvn_lpw_l2_lpnt_20201007::3.0
P,urn:nasa:pds:maven.lpw.derived:data.lp.nt:mvn_lpw_l2_lpnt_20201008::3.0
P,urn:nasa:pds:maven.lpw.derived:data.lp.nt:mvn_lpw_l2_lpnt_20201009::3.0
P,urn:nasa:pds:maven.lpw.derived:data.lp.nt:mvn_lpw_l2_lpnt_20201010::3.0
P,urn:nasa:pds:maven.lpw.derived:data.lp.nt:mvn_lpw_l2_lpnt_20201011::3.0
P,urn:nasa:pds:maven.lpw.derived:data.lp.nt:mvn_lpw_l2_lpnt_20201012::3.0
P,urn:nasa:pds:maven.lpw.derived:data.lp.nt:mvn_lpw_l2_lpnt_20201013::3.0
P,urn:nasa:pds:maven.lpw.derived:data.lp.nt:mvn_lpw_l2_lpnt_20201014::3.0
P,urn:nasa:pds:maven.lpw.derived:data.lp.nt:mvn_lpw_l2_lpnt_20201015::3.0
P,urn:nasa:pds:maven.lpw.derived:data.lp.nt:mvn_lpw_l2_lpnt_20201016::3.0
P,urn:nasa:pds:maven.lpw.derived:data.lp.nt:mvn_lpw_l2_lpnt_20201017::3.0
P,urn:nasa:pds:maven.lpw.derived:data.lp.nt:mvn_lpw_l2_lpnt_20201018::3.0
P,urn:nasa:pds:maven.lpw.derived:data.lp.nt:mvn_lpw_l2_lpnt_20201019::3.0
P,urn:nasa:pds:maven.lpw.derived:data.lp.nt:mvn_lpw_l2_lpnt_20201020::3.0
P,urn:nasa:pds:maven.lpw.derived:data.lp.nt:mvn_lpw_l2_lpnt_20201021::3.0
P,urn:nasa:pds:maven.lpw.derived:data.lp.nt:mvn_lpw_l2_lpnt_20201022::3.0
P,urn:nasa:pds:maven.lpw.derived:data.lp.nt:mvn_lpw_l2_lpnt_20201023::3.0
P,urn:nasa:pds:maven.lpw.derived:data.lp.nt:mvn_lpw_l2_lpnt_20201024::3.0
P,urn:nasa:pds:maven.lpw.derived:data.lp.nt:mvn_lpw_l2_lpnt_20201025::3.0
P,urn:nasa:pds:maven.lpw.derived:data.lp.nt:mvn_lpw_l2_lpnt_20201026::3.0
P,urn:nasa:pds:maven.lpw.derived:data.lp.nt:mvn_lpw_l2_lpnt_20201027::3.0
P,urn:nasa:pds:maven.lpw.derived:data.lp.nt:mvn_lpw_l2_lpnt_20201028::3.0
P,urn:nasa:pds:maven.lpw.derived:data.lp.nt:mvn_lpw_l2_lpnt_20201029::3.0
P,urn:nasa:pds:maven.lpw.derived:data.lp.nt:mvn_lpw_l2_lpnt_20201030::3.0
P,urn:nasa:pds:maven.lpw.derived:data.lp.nt:mvn_lpw_l2_lpnt_20201031::3.0
P,urn:nasa:pds:maven.lpw.derived:data.lp.nt:mvn_lpw_l2_lpnt_20201101::3.0
P,urn:nasa:pds:maven.lpw.derived:data.lp.nt:mvn_lpw_l2_lpnt_20201102::3.0
P,urn:nasa:pds:maven.lpw.derived:data.lp.nt:mvn_lpw_l2_lpnt_20201103::3.0
P,urn:nasa:pds:maven.lpw.derived:data.lp.nt:mvn_lpw_l2_lpnt_20201104::3.0
P,urn:nasa:pds:maven.lpw.derived:data.lp.nt:mvn_lpw_l2_lpnt_20201105::3.0
P,urn:nasa:pds:maven.lpw.derived:data.lp.nt:mvn_lpw_l2_lpnt_20201106::3.0
P,urn:nasa:pds:maven.lpw.derived:data.lp.nt:mvn_lpw_l2_lpnt_20201107::3.0
P,urn:nasa:pds:maven.lpw.derived:data.lp.nt:mvn_lpw_l2_lpnt_20201108::3.0
P,urn:nasa:pds:maven.lpw.derived:data.lp.nt:mvn_lpw_l2_lpnt_20201109::3.0
P,urn:nasa:pds:maven.lpw.derived:data.lp.nt:mvn_lpw_l2_lpnt_20201110::3.0
P,urn:nasa:pds:maven.lpw.derived:data.lp.nt:mvn_lpw_l2_lpnt_20201111::3.0
P,urn:nasa:pds:maven.lpw.derived:data.lp.nt:mvn_lpw_l2_lpnt_20201112::3.0
P,urn:nasa:pds:maven.lpw.derived:data.lp.nt:mvn_lpw_l2_lpnt_20201113::3.0
P,urn:nasa:pds:maven.lpw.derived:data.lp.nt:mvn_lpw_l2_lpnt_20201114::3.0
P,urn:nasa:pds:maven.lpw.derived:data.lp.nt:mvn_lpw_l2_lpnt_20201115::3.0
P,urn:nasa:pds:maven.lpw.derived:data.lp.nt:mvn_lpw_l2_lpnt_20201116::3.0
P,urn:nasa:pds:maven.lpw.derived:data.lp.nt:mvn_lpw_l2_lpnt_20201117::3.0
P,urn:nasa:pds:maven.lpw.derived:data.lp.nt:mvn_lpw_l2_lpnt_20201118::3.0
P,urn:nasa:pds:maven.lpw.derived:data.lp.nt:mvn_lpw_l2_lpnt_20201119::3.0
P,urn:nasa:pds:maven.lpw.derived:data.lp.nt:mvn_lpw_l2_lpnt_20201120::3.0
P,urn:nasa:pds:maven.lpw.derived:data.lp.nt:mvn_lpw_l2_lpnt_20201121::3.0
P,urn:nasa:pds:maven.lpw.derived:data.lp.nt:mvn_lpw_l2_lpnt_20201122::3.0
P,urn:nasa:pds:maven.lpw.derived:data.lp.nt:mvn_lpw_l2_lpnt_20201123::3.0
P,urn:nasa:pds:maven.lpw.derived:data.lp.nt:mvn_lpw_l2_lpnt_20201124::3.0
P,urn:nasa:pds:maven.lpw.derived:data.lp.nt:mvn_lpw_l2_lpnt_20201125::3.0
P,urn:nasa:pds:maven.lpw.derived:data.lp.nt:mvn_lpw_l2_lpnt_20201126::3.0
P,urn:nasa:pds:maven.lpw.derived:data.lp.nt:mvn_lpw_l2_lpnt_20201127::3.0
P,urn:nasa:pds:maven.lpw.derived:data.lp.nt:mvn_lpw_l2_lpnt_20201128::3.0
P,urn:nasa:pds:maven.lpw.derived:data.lp.nt:mvn_lpw_l2_lpnt_20201129::3.0
P,urn:nasa:pds:maven.lpw.derived:data.lp.nt:mvn_lpw_l2_lpnt_20201130::3.0
P,urn:nasa:pds:maven.lpw.derived:data.lp.nt:mvn_lpw_l2_lpnt_20201201::3.0
P,urn:nasa:pds:maven.lpw.derived:data.lp.nt:mvn_lpw_l2_lpnt_20201202::3.0
P,urn:nasa:pds:maven.lpw.derived:data.lp.nt:mvn_lpw_l2_lpnt_20201203::3.0
P,urn:nasa:pds:maven.lpw.derived:data.lp.nt:mvn_lpw_l2_lpnt_20201204::3.0
P,urn:nasa:pds:maven.lpw.derived:data.lp.nt:mvn_lpw_l2_lpnt_20201205::3.0
P,urn:nasa:pds:maven.lpw.derived:data.lp.nt:mvn_lpw_l2_lpnt_20201206::3.0
P,urn:nasa:pds:maven.lpw.derived:data.lp.nt:mvn_lpw_l2_lpnt_20201207::3.0
P,urn:nasa:pds:maven.lpw.derived:data.lp.nt:mvn_lpw_l2_lpnt_20201208::3.0
P,urn:nasa:pds:maven.lpw.derived:data.lp.nt:mvn_lpw_l2_lpnt_20201209::3.0
P,urn:nasa:pds:maven.lpw.derived:data.lp.nt:mvn_lpw_l2_lpnt_20201210::3.0
P,urn:nasa:pds:maven.lpw.derived:data.lp.nt:mvn_lpw_l2_lpnt_20201211::3.0
P,urn:nasa:pds:maven.lpw.derived:data.lp.nt:mvn_lpw_l2_lpnt_20201212::3.0
P,urn:nasa:pds:maven.lpw.derived:data.lp.nt:mvn_lpw_l2_lpnt_20201213::3.0
P,urn:nasa:pds:maven.lpw.derived:data.lp.nt:mvn_lpw_l2_lpnt_20201214::3.0
P,urn:nasa:pds:maven.lpw.derived:data.lp.nt:mvn_lpw_l2_lpnt_20201215::3.0
P,urn:nasa:pds:maven.lpw.derived:data.lp.nt:mvn_lpw_l2_lpnt_20201216::3.0
P,urn:nasa:pds:maven.lpw.derived:data.lp.nt:mvn_lpw_l2_lpnt_20201217::3.0
P,urn:nasa:pds:maven.lpw.derived:data.lp.nt:mvn_lpw_l2_lpnt_20201218::3.0
P,urn:nasa:pds:maven.lpw.derived:data.lp.nt:mvn_lpw_l2_lpnt_20201219::3.0
P,urn:nasa:pds:maven.lpw.derived:data.lp.nt:mvn_lpw_l2_lpnt_20201220::3.0
P,urn:nasa:pds:maven.lpw.derived:data.lp.nt:mvn_lpw_l2_lpnt_20201221::3.0
P,urn:nasa:pds:maven.lpw.derived:data.lp.nt:mvn_lpw_l2_lpnt_20201222::3.0
P,urn:nasa:pds:maven.lpw.derived:data.lp.nt:mvn_lpw_l2_lpnt_20201223::3.0
P,urn:nasa:pds:maven.lpw.derived:data.lp.nt:mvn_lpw_l2_lpnt_20201224::3.0
P,urn:nasa:pds:maven.lpw.derived:data.lp.nt:mvn_lpw_l2_lpnt_20201225::3.0
P,urn:nasa:pds:maven.lpw.derived:data.lp.nt:mvn_lpw_l2_lpnt_20201226::3.0
P,urn:nasa:pds:maven.lpw.derived:data.lp.nt:mvn_lpw_l2_lpnt_20201227::3.0
P,urn:nasa:pds:maven.lpw.derived:data.lp.nt:mvn_lpw_l2_lpnt_20201228::3.0
P,urn:nasa:pds:maven.lpw.derived:data.lp.nt:mvn_lpw_l2_lpnt_20201229::3.0
P,urn:nasa:pds:maven.lpw.derived:data.lp.nt:mvn_lpw_l2_lpnt_20201230::3.0
P,urn:nasa:pds:maven.lpw.derived:data.lp.nt:mvn_lpw_l2_lpnt_20201231::3.0
P,urn:nasa:pds:maven.lpw.derived:data.lp.nt:mvn_lpw_l2_lpnt_20210101::3.0
P,urn:nasa:pds:maven.lpw.derived:data.lp.nt:mvn_lpw_l2_lpnt_20210102::3.0
P,urn:nasa:pds:maven.lpw.derived:data.lp.nt:mvn_lpw_l2_lpnt_20210103::3.0
P,urn:nasa:pds:maven.lpw.derived:data.lp.nt:mvn_lpw_l2_lpnt_20210104::3.0
P,urn:nasa:pds:maven.lpw.derived:data.lp.nt:mvn_lpw_l2_lpnt_20210105::3.0
P,urn:nasa:pds:maven.lpw.derived:data.lp.nt:mvn_lpw_l2_lpnt_20210106::3.0
P,urn:nasa:pds:maven.lpw.derived:data.lp.nt:mvn_lpw_l2_lpnt_20210107::3.0
P,urn:nasa:pds:maven.lpw.derived:data.lp.nt:mvn_lpw_l2_lpnt_20210108::3.0
P,urn:nasa:pds:maven.lpw.derived:data.lp.nt:mvn_lpw_l2_lpnt_20210109::3.0
P,urn:nasa:pds:maven.lpw.derived:data.lp.nt:mvn_lpw_l2_lpnt_20210110::3.0
P,urn:nasa:pds:maven.lpw.derived:data.lp.nt:mvn_lpw_l2_lpnt_20210111::3.0
P,urn:nasa:pds:maven.lpw.derived:data.lp.nt:mvn_lpw_l2_lpnt_20210113::3.0
P,urn:nasa:pds:maven.lpw.derived:data.lp.nt:mvn_lpw_l2_lpnt_20210114::3.0
P,urn:nasa:pds:maven.lpw.derived:data.lp.nt:mvn_lpw_l2_lpnt_20210115::3.0
P,urn:nasa:pds:maven.lpw.derived:data.lp.nt:mvn_lpw_l2_lpnt_20210116::3.0
P,urn:nasa:pds:maven.lpw.derived:data.lp.nt:mvn_lpw_l2_lpnt_20210117::3.0
P,urn:nasa:pds:maven.lpw.derived:data.lp.nt:mvn_lpw_l2_lpnt_20210118::3.0
P,urn:nasa:pds:maven.lpw.derived:data.lp.nt:mvn_lpw_l2_lpnt_20210119::3.0
P,urn:nasa:pds:maven.lpw.derived:data.lp.nt:mvn_lpw_l2_lpnt_20210120::3.0
P,urn:nasa:pds:maven.lpw.derived:data.lp.nt:mvn_lpw_l2_lpnt_20210121::3.0
P,urn:nasa:pds:maven.lpw.derived:data.lp.nt:mvn_lpw_l2_lpnt_20210122::3.0
P,urn:nasa:pds:maven.lpw.derived:data.lp.nt:mvn_lpw_l2_lpnt_20210123::3.0
P,urn:nasa:pds:maven.lpw.derived:data.lp.nt:mvn_lpw_l2_lpnt_20210124::3.0
P,urn:nasa:pds:maven.lpw.derived:data.lp.nt:mvn_lpw_l2_lpnt_20210125::3.0
P,urn:nasa:pds:maven.lpw.derived:data.lp.nt:mvn_lpw_l2_lpnt_20210126::3.0
P,urn:nasa:pds:maven.lpw.derived:data.lp.nt:mvn_lpw_l2_lpnt_20210127::3.0
P,urn:nasa:pds:maven.lpw.derived:data.lp.nt:mvn_lpw_l2_lpnt_20210128::3.0
P,urn:nasa:pds:maven.lpw.derived:data.lp.nt:mvn_lpw_l2_lpnt_20210129::3.0
P,urn:nasa:pds:maven.lpw.derived:data.lp.nt:mvn_lpw_l2_lpnt_20210130::3.0
P,urn:nasa:pds:maven.lpw.derived:data.lp.nt:mvn_lpw_l2_lpnt_20210131::3.0
P,urn:nasa:pds:maven.lpw.derived:data.lp.nt:mvn_lpw_l2_lpnt_20210201::3.0
P,urn:nasa:pds:maven.lpw.derived:data.lp.nt:mvn_lpw_l2_lpnt_20210202::3.0
P,urn:nasa:pds:maven.lpw.derived:data.lp.nt:mvn_lpw_l2_lpnt_20210203::3.0
P,urn:nasa:pds:maven.lpw.derived:data.lp.nt:mvn_lpw_l2_lpnt_20210204::3.0
P,urn:nasa:pds:maven.lpw.derived:data.lp.nt:mvn_lpw_l2_lpnt_20210205::3.0
P,urn:nasa:pds:maven.lpw.derived:data.lp.nt:mvn_lpw_l2_lpnt_20210206::3.0
P,urn:nasa:pds:maven.lpw.derived:data.lp.nt:mvn_lpw_l2_lpnt_20210207::3.0
P,urn:nasa:pds:maven.lpw.derived:data.lp.nt:mvn_lpw_l2_lpnt_20210208::3.0
P,urn:nasa:pds:maven.lpw.derived:data.lp.nt:mvn_lpw_l2_lpnt_20210209::3.0
P,urn:nasa:pds:maven.lpw.derived:data.lp.nt:mvn_lpw_l2_lpnt_20210210::3.0
P,urn:nasa:pds:maven.lpw.derived:data.lp.nt:mvn_lpw_l2_lpnt_20210211::3.0
P,urn:nasa:pds:maven.lpw.derived:data.lp.nt:mvn_lpw_l2_lpnt_20210212::3.0
P,urn:nasa:pds:maven.lpw.derived:data.lp.nt:mvn_lpw_l2_lpnt_20210213::3.0
P,urn:nasa:pds:maven.lpw.derived:data.lp.nt:mvn_lpw_l2_lpnt_20210214::3.0
P,urn:nasa:pds:maven.lpw.derived:data.lp.nt:mvn_lpw_l2_lpnt_20210215::3.0
P,urn:nasa:pds:maven.lpw.derived:data.lp.nt:mvn_lpw_l2_lpnt_20210216::3.0
P,urn:nasa:pds:maven.lpw.derived:data.lp.nt:mvn_lpw_l2_lpnt_20210217::3.0
P,urn:nasa:pds:maven.lpw.derived:data.lp.nt:mvn_lpw_l2_lpnt_20210218::3.0
P,urn:nasa:pds:maven.lpw.derived:data.lp.nt:mvn_lpw_l2_lpnt_20210219::3.0
P,urn:nasa:pds:maven.lpw.derived:data.lp.nt:mvn_lpw_l2_lpnt_20210220::3.0
P,urn:nasa:pds:maven.lpw.derived:data.lp.nt:mvn_lpw_l2_lpnt_20210221::3.0
P,urn:nasa:pds:maven.lpw.derived:data.lp.nt:mvn_lpw_l2_lpnt_20210222::3.0
P,urn:nasa:pds:maven.lpw.derived:data.lp.nt:mvn_lpw_l2_lpnt_20210223::3.0
P,urn:nasa:pds:maven.lpw.derived:data.lp.nt:mvn_lpw_l2_lpnt_20210224::3.0
P,urn:nasa:pds:maven.lpw.derived:data.lp.nt:mvn_lpw_l2_lpnt_20210225::3.0
P,urn:nasa:pds:maven.lpw.derived:data.lp.nt:mvn_lpw_l2_lpnt_20210226::3.0
P,urn:nasa:pds:maven.lpw.derived:data.lp.nt:mvn_lpw_l2_lpnt_20210227::3.0
P,urn:nasa:pds:maven.lpw.derived:data.lp.nt:mvn_lpw_l2_lpnt_20210228::3.0
P,urn:nasa:pds:maven.lpw.derived:data.lp.nt:mvn_lpw_l2_lpnt_20210301::3.0
P,urn:nasa:pds:maven.lpw.derived:data.lp.nt:mvn_lpw_l2_lpnt_20210302::3.0
P,urn:nasa:pds:maven.lpw.derived:data.lp.nt:mvn_lpw_l2_lpnt_20210303::3.0
P,urn:nasa:pds:maven.lpw.derived:data.lp.nt:mvn_lpw_l2_lpnt_20210304::3.0
P,urn:nasa:pds:maven.lpw.derived:data.lp.nt:mvn_lpw_l2_lpnt_20210305::3.0
P,urn:nasa:pds:maven.lpw.derived:data.lp.nt:mvn_lpw_l2_lpnt_20210306::3.0
P,urn:nasa:pds:maven.lpw.derived:data.lp.nt:mvn_lpw_l2_lpnt_20210307::3.0
P,urn:nasa:pds:maven.lpw.derived:data.lp.nt:mvn_lpw_l2_lpnt_20210308::3.0
P,urn:nasa:pds:maven.lpw.derived:data.lp.nt:mvn_lpw_l2_lpnt_20210309::3.0
P,urn:nasa:pds:maven.lpw.derived:data.lp.nt:mvn_lpw_l2_lpnt_20210310::3.0
P,urn:nasa:pds:maven.lpw.derived:data.lp.nt:mvn_lpw_l2_lpnt_20210311::3.0
P,urn:nasa:pds:maven.lpw.derived:data.lp.nt:mvn_lpw_l2_lpnt_20210312::3.0
P,urn:nasa:pds:maven.lpw.derived:data.lp.nt:mvn_lpw_l2_lpnt_20210313::3.0
P,urn:nasa:pds:maven.lpw.derived:data.lp.nt:mvn_lpw_l2_lpnt_20210314::3.0
P,urn:nasa:pds:maven.lpw.derived:data.lp.nt:mvn_lpw_l2_lpnt_20210315::3.0
P,urn:nasa:pds:maven.lpw.derived:data.lp.nt:mvn_lpw_l2_lpnt_20210316::3.0
P,urn:nasa:pds:maven.lpw.derived:data.lp.nt:mvn_lpw_l2_lpnt_20210317::3.0
P,urn:nasa:pds:maven.lpw.derived:data.lp.nt:mvn_lpw_l2_lpnt_20210318::3.0
P,urn:nasa:pds:maven.lpw.derived:data.lp.nt:mvn_lpw_l2_lpnt_20210319::1.0
P,urn:nasa:pds:maven.lpw.derived:data.lp.nt:mvn_lpw_l2_lpnt_20210320::3.0
P,urn:nasa:pds:maven.lpw.derived:data.lp.nt:mvn_lpw_l2_lpnt_20210321::3.0
P,urn:nasa:pds:maven.lpw.derived:data.lp.nt:mvn_lpw_l2_lpnt_20210322::3.0
P,urn:nasa:pds:maven.lpw.derived:data.lp.nt:mvn_lpw_l2_lpnt_20210323::3.0
P,urn:nasa:pds:maven.lpw.derived:data.lp.nt:mvn_lpw_l2_lpnt_20210324::3.0
P,urn:nasa:pds:maven.lpw.derived:data.lp.nt:mvn_lpw_l2_lpnt_20210325::3.0
P,urn:nasa:pds:maven.lpw.derived:data.lp.nt:mvn_lpw_l2_lpnt_20210326::3.0
P,urn:nasa:pds:maven.lpw.derived:data.lp.nt:mvn_lpw_l2_lpnt_20210327::3.0
P,urn:nasa:pds:maven.lpw.derived:data.lp.nt:mvn_lpw_l2_lpnt_20210328::3.0
P,urn:nasa:pds:maven.lpw.derived:data.lp.nt:mvn_lpw_l2_lpnt_20210329::3.0
P,urn:nasa:pds:maven.lpw.derived:data.lp.nt:mvn_lpw_l2_lpnt_20210330::3.0
P,urn:nasa:pds:maven.lpw.derived:data.lp.nt:mvn_lpw_l2_lpnt_20210331::3.0
P,urn:nasa:pds:maven.lpw.derived:data.lp.nt:mvn_lpw_l2_lpnt_20210401::3.0
P,urn:nasa:pds:maven.lpw.derived:data.lp.nt:mvn_lpw_l2_lpnt_20210402::3.0
P,urn:nasa:pds:maven.lpw.derived:data.lp.nt:mvn_lpw_l2_lpnt_20210403::3.0
P,urn:nasa:pds:maven.lpw.derived:data.lp.nt:mvn_lpw_l2_lpnt_20210404::3.0
P,urn:nasa:pds:maven.lpw.derived:data.lp.nt:mvn_lpw_l2_lpnt_20210405::3.0
P,urn:nasa:pds:maven.lpw.derived:data.lp.nt:mvn_lpw_l2_lpnt_20210406::3.0
P,urn:nasa:pds:maven.lpw.derived:data.lp.nt:mvn_lpw_l2_lpnt_20210407::3.0
P,urn:nasa:pds:maven.lpw.derived:data.lp.nt:mvn_lpw_l2_lpnt_20210408::3.0
P,urn:nasa:pds:maven.lpw.derived:data.lp.nt:mvn_lpw_l2_lpnt_20210409::3.0
P,urn:nasa:pds:maven.lpw.derived:data.lp.nt:mvn_lpw_l2_lpnt_20210410::3.0
P,urn:nasa:pds:maven.lpw.derived:data.lp.nt:mvn_lpw_l2_lpnt_20210411::3.0
P,urn:nasa:pds:maven.lpw.derived:data.lp.nt:mvn_lpw_l2_lpnt_20210412::3.0
P,urn:nasa:pds:maven.lpw.derived:data.lp.nt:mvn_lpw_l2_lpnt_20210413::3.0
P,urn:nasa:pds:maven.lpw.derived:data.lp.nt:mvn_lpw_l2_lpnt_20210414::3.0
P,urn:nasa:pds:maven.lpw.derived:data.lp.nt:mvn_lpw_l2_lpnt_20210415::3.0
P,urn:nasa:pds:maven.lpw.derived:data.lp.nt:mvn_lpw_l2_lpnt_20210416::3.0
P,urn:nasa:pds:maven.lpw.derived:data.lp.nt:mvn_lpw_l2_lpnt_20210417::3.0
P,urn:nasa:pds:maven.lpw.derived:data.lp.nt:mvn_lpw_l2_lpnt_20210418::3.0
P,urn:nasa:pds:maven.lpw.derived:data.lp.nt:mvn_lpw_l2_lpnt_20210419::3.0
P,urn:nasa:pds:maven.lpw.derived:data.lp.nt:mvn_lpw_l2_lpnt_20210420::3.0
P,urn:nasa:pds:maven.lpw.derived:data.lp.nt:mvn_lpw_l2_lpnt_20210421::3.0
P,urn:nasa:pds:maven.lpw.derived:data.lp.nt:mvn_lpw_l2_lpnt_20210422::3.0
P,urn:nasa:pds:maven.lpw.derived:data.lp.nt:mvn_lpw_l2_lpnt_20210423::3.0
P,urn:nasa:pds:maven.lpw.derived:data.lp.nt:mvn_lpw_l2_lpnt_20210424::3.0
P,urn:nasa:pds:maven.lpw.derived:data.lp.nt:mvn_lpw_l2_lpnt_20210425::3.0
P,urn:nasa:pds:maven.lpw.derived:data.lp.nt:mvn_lpw_l2_lpnt_20210426::3.0
P,urn:nasa:pds:maven.lpw.derived:data.lp.nt:mvn_lpw_l2_lpnt_20210427::3.0
P,urn:nasa:pds:maven.lpw.derived:data.lp.nt:mvn_lpw_l2_lpnt_20210428::3.0
P,urn:nasa:pds:maven.lpw.derived:data.lp.nt:mvn_lpw_l2_lpnt_20210429::3.0
P,urn:nasa:pds:maven.lpw.derived:data.lp.nt:mvn_lpw_l2_lpnt_20210430::3.0
P,urn:nasa:pds:maven.lpw.derived:data.lp.nt:mvn_lpw_l2_lpnt_20210501::3.0
P,urn:nasa:pds:maven.lpw.derived:data.lp.nt:mvn_lpw_l2_lpnt_20210502::3.0
P,urn:nasa:pds:maven.lpw.derived:data.lp.nt:mvn_lpw_l2_lpnt_20210503::3.0
P,urn:nasa:pds:maven.lpw.derived:data.lp.nt:mvn_lpw_l2_lpnt_20210504::3.0
P,urn:nasa:pds:maven.lpw.derived:data.lp.nt:mvn_lpw_l2_lpnt_20210505::3.0
P,urn:nasa:pds:maven.lpw.derived:data.lp.nt:mvn_lpw_l2_lpnt_20210506::3.0
P,urn:nasa:pds:maven.lpw.derived:data.lp.nt:mvn_lpw_l2_lpnt_20210507::3.0
P,urn:nasa:pds:maven.lpw.derived:data.lp.nt:mvn_lpw_l2_lpnt_20210508::3.0
P,urn:nasa:pds:maven.lpw.derived:data.lp.nt:mvn_lpw_l2_lpnt_20210509::3.0
P,urn:nasa:pds:maven.lpw.derived:data.lp.nt:mvn_lpw_l2_lpnt_20210510::3.0
P,urn:nasa:pds:maven.lpw.derived:data.lp.nt:mvn_lpw_l2_lpnt_20210511::3.0
P,urn:nasa:pds:maven.lpw.derived:data.lp.nt:mvn_lpw_l2_lpnt_20210512::3.0
P,urn:nasa:pds:maven.lpw.derived:data.lp.nt:mvn_lpw_l2_lpnt_20210513::3.0
P,urn:nasa:pds:maven.lpw.derived:data.lp.nt:mvn_lpw_l2_lpnt_20210514::3.0
P,urn:nasa:pds:maven.lpw.derived:data.lp.nt:mvn_lpw_l2_lpnt_20210515::3.0
P,urn:nasa:pds:maven.lpw.derived:data.lp.nt:mvn_lpw_l2_lpnt_20210516::3.0
P,urn:nasa:pds:maven.lpw.derived:data.lp.nt:mvn_lpw_l2_lpnt_20210517::3.0
P,urn:nasa:pds:maven.lpw.derived:data.lp.nt:mvn_lpw_l2_lpnt_20210518::3.0
P,urn:nasa:pds:maven.lpw.derived:data.lp.nt:mvn_lpw_l2_lpnt_20210519::3.0
P,urn:nasa:pds:maven.lpw.derived:data.lp.nt:mvn_lpw_l2_lpnt_20210520::3.0
P,urn:nasa:pds:maven.lpw.derived:data.lp.nt:mvn_lpw_l2_lpnt_20210521::3.0
P,urn:nasa:pds:maven.lpw.derived:data.lp.nt:mvn_lpw_l2_lpnt_20210522::3.0
P,urn:nasa:pds:maven.lpw.derived:data.lp.nt:mvn_lpw_l2_lpnt_20210523::3.0
P,urn:nasa:pds:maven.lpw.derived:data.lp.nt:mvn_lpw_l2_lpnt_20210524::3.0
P,urn:nasa:pds:maven.lpw.derived:data.lp.nt:mvn_lpw_l2_lpnt_20210525::3.0
P,urn:nasa:pds:maven.lpw.derived:data.lp.nt:mvn_lpw_l2_lpnt_20210526::3.0
P,urn:nasa:pds:maven.lpw.derived:data.lp.nt:mvn_lpw_l2_lpnt_20210527::3.0
P,urn:nasa:pds:maven.lpw.derived:data.lp.nt:mvn_lpw_l2_lpnt_20210528::3.0
P,urn:nasa:pds:maven.lpw.derived:data.lp.nt:mvn_lpw_l2_lpnt_20210529::3.0
P,urn:nasa:pds:maven.lpw.derived:data.lp.nt:mvn_lpw_l2_lpnt_20210530::3.0
P,urn:nasa:pds:maven.lpw.derived:data.lp.nt:mvn_lpw_l2_lpnt_20210531::3.0
P,urn:nasa:pds:maven.lpw.derived:data.lp.nt:mvn_lpw_l2_lpnt_20210601::3.0
P,urn:nasa:pds:maven.lpw.derived:data.lp.nt:mvn_lpw_l2_lpnt_20210602::3.0
P,urn:nasa:pds:maven.lpw.derived:data.lp.nt:mvn_lpw_l2_lpnt_20210603::3.0
P,urn:nasa:pds:maven.lpw.derived:data.lp.nt:mvn_lpw_l2_lpnt_20210604::3.0
P,urn:nasa:pds:maven.lpw.derived:data.lp.nt:mvn_lpw_l2_lpnt_20210605::3.0
P,urn:nasa:pds:maven.lpw.derived:data.lp.nt:mvn_lpw_l2_lpnt_20210606::3.0
P,urn:nasa:pds:maven.lpw.derived:data.lp.nt:mvn_lpw_l2_lpnt_20210607::3.0
P,urn:nasa:pds:maven.lpw.derived:data.lp.nt:mvn_lpw_l2_lpnt_20210608::3.0
P,urn:nasa:pds:maven.lpw.derived:data.lp.nt:mvn_lpw_l2_lpnt_20210609::3.0
P,urn:nasa:pds:maven.lpw.derived:data.lp.nt:mvn_lpw_l2_lpnt_20210610::3.0
P,urn:nasa:pds:maven.lpw.derived:data.lp.nt:mvn_lpw_l2_lpnt_20210611::3.0
P,urn:nasa:pds:maven.lpw.derived:data.lp.nt:mvn_lpw_l2_lpnt_20210612::3.0
P,urn:nasa:pds:maven.lpw.derived:data.lp.nt:mvn_lpw_l2_lpnt_20210613::3.0
P,urn:nasa:pds:maven.lpw.derived:data.lp.nt:mvn_lpw_l2_lpnt_20210614::3.0
P,urn:nasa:pds:maven.lpw.derived:data.lp.nt:mvn_lpw_l2_lpnt_20210615::3.0
P,urn:nasa:pds:maven.lpw.derived:data.lp.nt:mvn_lpw_l2_lpnt_20210616::3.0
P,urn:nasa:pds:maven.lpw.derived:data.lp.nt:mvn_lpw_l2_lpnt_20210617::3.0
P,urn:nasa:pds:maven.lpw.derived:data.lp.nt:mvn_lpw_l2_lpnt_20210618::3.0
P,urn:nasa:pds:maven.lpw.derived:data.lp.nt:mvn_lpw_l2_lpnt_20210619::3.0
P,urn:nasa:pds:maven.lpw.derived:data.lp.nt:mvn_lpw_l2_lpnt_20210620::3.0
P,urn:nasa:pds:maven.lpw.derived:data.lp.nt:mvn_lpw_l2_lpnt_20210621::3.0
P,urn:nasa:pds:maven.lpw.derived:data.lp.nt:mvn_lpw_l2_lpnt_20210622::3.0
P,urn:nasa:pds:maven.lpw.derived:data.lp.nt:mvn_lpw_l2_lpnt_20210623::3.0
P,urn:nasa:pds:maven.lpw.derived:data.lp.nt:mvn_lpw_l2_lpnt_20210624::3.0
P,urn:nasa:pds:maven.lpw.derived:data.lp.nt:mvn_lpw_l2_lpnt_20210625::3.0
P,urn:nasa:pds:maven.lpw.derived:data.lp.nt:mvn_lpw_l2_lpnt_20210626::3.0
P,urn:nasa:pds:maven.lpw.derived:data.lp.nt:mvn_lpw_l2_lpnt_20210627::3.0
P,urn:nasa:pds:maven.lpw.derived:data.lp.nt:mvn_lpw_l2_lpnt_20210628::3.0
P,urn:nasa:pds:maven.lpw.derived:data.lp.nt:mvn_lpw_l2_lpnt_20210629::3.0
P,urn:nasa:pds:maven.lpw.derived:data.lp.nt:mvn_lpw_l2_lpnt_20210630::3.0
P,urn:nasa:pds:maven.lpw.derived:data.lp.nt:mvn_lpw_l2_lpnt_20210701::3.0
P,urn:nasa:pds:maven.lpw.derived:data.lp.nt:mvn_lpw_l2_lpnt_20210702::3.0
P,urn:nasa:pds:maven.lpw.derived:data.lp.nt:mvn_lpw_l2_lpnt_20210703::3.0
P,urn:nasa:pds:maven.lpw.derived:data.lp.nt:mvn_lpw_l2_lpnt_20210704::3.0
P,urn:nasa:pds:maven.lpw.derived:data.lp.nt:mvn_lpw_l2_lpnt_20210705::3.0
P,urn:nasa:pds:maven.lpw.derived:data.lp.nt:mvn_lpw_l2_lpnt_20210706::3.0
P,urn:nasa:pds:maven.lpw.derived:data.lp.nt:mvn_lpw_l2_lpnt_20210707::3.0
P,urn:nasa:pds:maven.lpw.derived:data.lp.nt:mvn_lpw_l2_lpnt_20210708::3.0
P,urn:nasa:pds:maven.lpw.derived:data.lp.nt:mvn_lpw_l2_lpnt_20210709::3.0
P,urn:nasa:pds:maven.lpw.derived:data.lp.nt:mvn_lpw_l2_lpnt_20210710::3.0
P,urn:nasa:pds:maven.lpw.derived:data.lp.nt:mvn_lpw_l2_lpnt_20210711::3.0
P,urn:nasa:pds:maven.lpw.derived:data.lp.nt:mvn_lpw_l2_lpnt_20210712::3.0
P,urn:nasa:pds:maven.lpw.derived:data.lp.nt:mvn_lpw_l2_lpnt_20210713::3.0
P,urn:nasa:pds:maven.lpw.derived:data.lp.nt:mvn_lpw_l2_lpnt_20210714::3.0
P,urn:nasa:pds:maven.lpw.derived:data.lp.nt:mvn_lpw_l2_lpnt_20210715::3.0
P,urn:nasa:pds:maven.lpw.derived:data.lp.nt:mvn_lpw_l2_lpnt_20210716::3.0
P,urn:nasa:pds:maven.lpw.derived:data.lp.nt:mvn_lpw_l2_lpnt_20210717::3.0
P,urn:nasa:pds:maven.lpw.derived:data.lp.nt:mvn_lpw_l2_lpnt_20210718::3.0
P,urn:nasa:pds:maven.lpw.derived:data.lp.nt:mvn_lpw_l2_lpnt_20210719::3.0
P,urn:nasa:pds:maven.lpw.derived:data.lp.nt:mvn_lpw_l2_lpnt_20210720::3.0
P,urn:nasa:pds:maven.lpw.derived:data.lp.nt:mvn_lpw_l2_lpnt_20210721::3.0
P,urn:nasa:pds:maven.lpw.derived:data.lp.nt:mvn_lpw_l2_lpnt_20210722::3.0
P,urn:nasa:pds:maven.lpw.derived:data.lp.nt:mvn_lpw_l2_lpnt_20210723::3.0
P,urn:nasa:pds:maven.lpw.derived:data.lp.nt:mvn_lpw_l2_lpnt_20210724::3.0
P,urn:nasa:pds:maven.lpw.derived:data.lp.nt:mvn_lpw_l2_lpnt_20210725::3.0
P,urn:nasa:pds:maven.lpw.derived:data.lp.nt:mvn_lpw_l2_lpnt_20210726::3.0
P,urn:nasa:pds:maven.lpw.derived:data.lp.nt:mvn_lpw_l2_lpnt_20210727::3.0
P,urn:nasa:pds:maven.lpw.derived:data.lp.nt:mvn_lpw_l2_lpnt_20210728::3.0
P,urn:nasa:pds:maven.lpw.derived:data.lp.nt:mvn_lpw_l2_lpnt_20210729::3.0
P,urn:nasa:pds:maven.lpw.derived:data.lp.nt:mvn_lpw_l2_lpnt_20210730::3.0
P,urn:nasa:pds:maven.lpw.derived:data.lp.nt:mvn_lpw_l2_lpnt_20210731::3.0
P,urn:nasa:pds:maven.lpw.derived:data.lp.nt:mvn_lpw_l2_lpnt_20210801::3.0
P,urn:nasa:pds:maven.lpw.derived:data.lp.nt:mvn_lpw_l2_lpnt_20210802::3.0
P,urn:nasa:pds:maven.lpw.derived:data.lp.nt:mvn_lpw_l2_lpnt_20210803::3.0
P,urn:nasa:pds:maven.lpw.derived:data.lp.nt:mvn_lpw_l2_lpnt_20210804::3.0
P,urn:nasa:pds:maven.lpw.derived:data.lp.nt:mvn_lpw_l2_lpnt_20210805::3.0
P,urn:nasa:pds:maven.lpw.derived:data.lp.nt:mvn_lpw_l2_lpnt_20210806::3.0
P,urn:nasa:pds:maven.lpw.derived:data.lp.nt:mvn_lpw_l2_lpnt_20210807::3.0
P,urn:nasa:pds:maven.lpw.derived:data.lp.nt:mvn_lpw_l2_lpnt_20210808::3.0
P,urn:nasa:pds:maven.lpw.derived:data.lp.nt:mvn_lpw_l2_lpnt_20210809::3.0
P,urn:nasa:pds:maven.lpw.derived:data.lp.nt:mvn_lpw_l2_lpnt_20210810::3.0
P,urn:nasa:pds:maven.lpw.derived:data.lp.nt:mvn_lpw_l2_lpnt_20210811::3.0
P,urn:nasa:pds:maven.lpw.derived:data.lp.nt:mvn_lpw_l2_lpnt_20210812::3.0
P,urn:nasa:pds:maven.lpw.derived:data.lp.nt:mvn_lpw_l2_lpnt_20210813::3.0
P,urn:nasa:pds:maven.lpw.derived:data.lp.nt:mvn_lpw_l2_lpnt_20210814::3.0
P,urn:nasa:pds:maven.lpw.derived:data.lp.nt:mvn_lpw_l2_lpnt_20210815::3.0
P,urn:nasa:pds:maven.lpw.derived:data.lp.nt:mvn_lpw_l2_lpnt_20210816::3.0
P,urn:nasa:pds:maven.lpw.derived:data.lp.nt:mvn_lpw_l2_lpnt_20210817::3.0
P,urn:nasa:pds:maven.lpw.derived:data.lp.nt:mvn_lpw_l2_lpnt_20210818::3.0
P,urn:nasa:pds:maven.lpw.derived:data.lp.nt:mvn_lpw_l2_lpnt_20210819::3.0
P,urn:nasa:pds:maven.lpw.derived:data.lp.nt:mvn_lpw_l2_lpnt_20210820::3.0
P,urn:nasa:pds:maven.lpw.derived:data.lp.nt:mvn_lpw_l2_lpnt_20210821::3.0
P,urn:nasa:pds:maven.lpw.derived:data.lp.nt:mvn_lpw_l2_lpnt_20210822::3.0
P,urn:nasa:pds:maven.lpw.derived:data.lp.nt:mvn_lpw_l2_lpnt_20210823::3.0
P,urn:nasa:pds:maven.lpw.derived:data.lp.nt:mvn_lpw_l2_lpnt_20210824::3.0
P,urn:nasa:pds:maven.lpw.derived:data.lp.nt:mvn_lpw_l2_lpnt_20210825::3.0
P,urn:nasa:pds:maven.lpw.derived:data.lp.nt:mvn_lpw_l2_lpnt_20210826::3.0
P,urn:nasa:pds:maven.lpw.derived:data.lp.nt:mvn_lpw_l2_lpnt_20210827::3.0
P,urn:nasa:pds:maven.lpw.derived:data.lp.nt:mvn_lpw_l2_lpnt_20210828::3.0
P,urn:nasa:pds:maven.lpw.derived:data.lp.nt:mvn_lpw_l2_lpnt_20210829::3.0
P,urn:nasa:pds:maven.lpw.derived:data.lp.nt:mvn_lpw_l2_lpnt_20210830::3.0
P,urn:nasa:pds:maven.lpw.derived:data.lp.nt:mvn_lpw_l2_lpnt_20210831::3.0
P,urn:nasa:pds:maven.lpw.derived:data.lp.nt:mvn_lpw_l2_lpnt_20210901::3.0
P,urn:nasa:pds:maven.lpw.derived:data.lp.nt:mvn_lpw_l2_lpnt_20210902::3.0
P,urn:nasa:pds:maven.lpw.derived:data.lp.nt:mvn_lpw_l2_lpnt_20210903::3.0
P,urn:nasa:pds:maven.lpw.derived:data.lp.nt:mvn_lpw_l2_lpnt_20210904::3.0
P,urn:nasa:pds:maven.lpw.derived:data.lp.nt:mvn_lpw_l2_lpnt_20210905::3.0
P,urn:nasa:pds:maven.lpw.derived:data.lp.nt:mvn_lpw_l2_lpnt_20210906::3.0
P,urn:nasa:pds:maven.lpw.derived:data.lp.nt:mvn_lpw_l2_lpnt_20210907::3.0
P,urn:nasa:pds:maven.lpw.derived:data.lp.nt:mvn_lpw_l2_lpnt_20210908::3.0
P,urn:nasa:pds:maven.lpw.derived:data.lp.nt:mvn_lpw_l2_lpnt_20210909::3.0
P,urn:nasa:pds:maven.lpw.derived:data.lp.nt:mvn_lpw_l2_lpnt_20210910::3.0
P,urn:nasa:pds:maven.lpw.derived:data.lp.nt:mvn_lpw_l2_lpnt_20210911::3.0
P,urn:nasa:pds:maven.lpw.derived:data.lp.nt:mvn_lpw_l2_lpnt_20210912::3.0
P,urn:nasa:pds:maven.lpw.derived:data.lp.nt:mvn_lpw_l2_lpnt_20210913::3.0
P,urn:nasa:pds:maven.lpw.derived:data.lp.nt:mvn_lpw_l2_lpnt_20210914::3.0
P,urn:nasa:pds:maven.lpw.derived:data.lp.nt:mvn_lpw_l2_lpnt_20210915::3.0
P,urn:nasa:pds:maven.lpw.derived:data.lp.nt:mvn_lpw_l2_lpnt_20210916::3.0
P,urn:nasa:pds:maven.lpw.derived:data.lp.nt:mvn_lpw_l2_lpnt_20210917::3.0
P,urn:nasa:pds:maven.lpw.derived:data.lp.nt:mvn_lpw_l2_lpnt_20210918::3.0
P,urn:nasa:pds:maven.lpw.derived:data.lp.nt:mvn_lpw_l2_lpnt_20210919::3.0
P,urn:nasa:pds:maven.lpw.derived:data.lp.nt:mvn_lpw_l2_lpnt_20210920::3.0
P,urn:nasa:pds:maven.lpw.derived:data.lp.nt:mvn_lpw_l2_lpnt_20210921::3.0
P,urn:nasa:pds:maven.lpw.derived:data.lp.nt:mvn_lpw_l2_lpnt_20210922::3.0
P,urn:nasa:pds:maven.lpw.derived:data.lp.nt:mvn_lpw_l2_lpnt_20210923::3.0
P,urn:nasa:pds:maven.lpw.derived:data.lp.nt:mvn_lpw_l2_lpnt_20210924::3.0
P,urn:nasa:pds:maven.lpw.derived:data.lp.nt:mvn_lpw_l2_lpnt_20210925::3.0
P,urn:nasa:pds:maven.lpw.derived:data.lp.nt:mvn_lpw_l2_lpnt_20210926::3.0
P,urn:nasa:pds:maven.lpw.derived:data.lp.nt:mvn_lpw_l2_lpnt_20210927::3.0
P,urn:nasa:pds:maven.lpw.derived:data.lp.nt:mvn_lpw_l2_lpnt_20210928::3.0
P,urn:nasa:pds:maven.lpw.derived:data.lp.nt:mvn_lpw_l2_lpnt_20210929::3.0
P,urn:nasa:pds:maven.lpw.derived:data.lp.nt:mvn_lpw_l2_lpnt_20210930::3.0
P,urn:nasa:pds:maven.lpw.derived:data.lp.nt:mvn_lpw_l2_lpnt_20211001::3.0
P,urn:nasa:pds:maven.lpw.derived:data.lp.nt:mvn_lpw_l2_lpnt_20211002::3.0
P,urn:nasa:pds:maven.lpw.derived:data.lp.nt:mvn_lpw_l2_lpnt_20211003::3.0
P,urn:nasa:pds:maven.lpw.derived:data.lp.nt:mvn_lpw_l2_lpnt_20211004::3.0
P,urn:nasa:pds:maven.lpw.derived:data.lp.nt:mvn_lpw_l2_lpnt_20211005::3.0
P,urn:nasa:pds:maven.lpw.derived:data.lp.nt:mvn_lpw_l2_lpnt_20211006::3.0
P,urn:nasa:pds:maven.lpw.derived:data.lp.nt:mvn_lpw_l2_lpnt_20211007::3.0
P,urn:nasa:pds:maven.lpw.derived:data.lp.nt:mvn_lpw_l2_lpnt_20211008::3.0
P,urn:nasa:pds:maven.lpw.derived:data.lp.nt:mvn_lpw_l2_lpnt_20211009::3.0
P,urn:nasa:pds:maven.lpw.derived:data.lp.nt:mvn_lpw_l2_lpnt_20211010::3.0
P,urn:nasa:pds:maven.lpw.derived:data.lp.nt:mvn_lpw_l2_lpnt_20211011::3.0
P,urn:nasa:pds:maven.lpw.derived:data.lp.nt:mvn_lpw_l2_lpnt_20211012::3.0
P,urn:nasa:pds:maven.lpw.derived:data.lp.nt:mvn_lpw_l2_lpnt_20211013::3.0
P,urn:nasa:pds:maven.lpw.derived:data.lp.nt:mvn_lpw_l2_lpnt_20211014::3.0
P,urn:nasa:pds:maven.lpw.derived:data.lp.nt:mvn_lpw_l2_lpnt_20211015::3.0
P,urn:nasa:pds:maven.lpw.derived:data.lp.nt:mvn_lpw_l2_lpnt_20211016::3.0
P,urn:nasa:pds:maven.lpw.derived:data.lp.nt:mvn_lpw_l2_lpnt_20211017::3.0
P,urn:nasa:pds:maven.lpw.derived:data.lp.nt:mvn_lpw_l2_lpnt_20211018::3.0
P,urn:nasa:pds:maven.lpw.derived:data.lp.nt:mvn_lpw_l2_lpnt_20211019::3.0
P,urn:nasa:pds:maven.lpw.derived:data.lp.nt:mvn_lpw_l2_lpnt_20211020::3.0
P,urn:nasa:pds:maven.lpw.derived:data.lp.nt:mvn_lpw_l2_lpnt_20211021::3.0
P,urn:nasa:pds:maven.lpw.derived:data.lp.nt:mvn_lpw_l2_lpnt_20211022::3.0
P,urn:nasa:pds:maven.lpw.derived:data.lp.nt:mvn_lpw_l2_lpnt_20211023::3.0
P,urn:nasa:pds:maven.lpw.derived:data.lp.nt:mvn_lpw_l2_lpnt_20211024::3.0
P,urn:nasa:pds:maven.lpw.derived:data.lp.nt:mvn_lpw_l2_lpnt_20211025::3.0
P,urn:nasa:pds:maven.lpw.derived:data.lp.nt:mvn_lpw_l2_lpnt_20211026::3.0
P,urn:nasa:pds:maven.lpw.derived:data.lp.nt:mvn_lpw_l2_lpnt_20211027::3.0
P,urn:nasa:pds:maven.lpw.derived:data.lp.nt:mvn_lpw_l2_lpnt_20211028::3.0
P,urn:nasa:pds:maven.lpw.derived:data.lp.nt:mvn_lpw_l2_lpnt_20211029::3.0
P,urn:nasa:pds:maven.lpw.derived:data.lp.nt:mvn_lpw_l2_lpnt_20211030::3.0
P,urn:nasa:pds:maven.lpw.derived:data.lp.nt:mvn_lpw_l2_lpnt_20211031::3.0
P,urn:nasa:pds:maven.lpw.derived:data.lp.nt:mvn_lpw_l2_lpnt_20211101::3.0
P,urn:nasa:pds:maven.lpw.derived:data.lp.nt:mvn_lpw_l2_lpnt_20211102::3.0
P,urn:nasa:pds:maven.lpw.derived:data.lp.nt:mvn_lpw_l2_lpnt_20211103::3.0
P,urn:nasa:pds:maven.lpw.derived:data.lp.nt:mvn_lpw_l2_lpnt_20211104::3.0
P,urn:nasa:pds:maven.lpw.derived:data.lp.nt:mvn_lpw_l2_lpnt_20211105::3.0
P,urn:nasa:pds:maven.lpw.derived:data.lp.nt:mvn_lpw_l2_lpnt_20211106::3.0
P,urn:nasa:pds:maven.lpw.derived:data.lp.nt:mvn_lpw_l2_lpnt_20211107::3.0
P,urn:nasa:pds:maven.lpw.derived:data.lp.nt:mvn_lpw_l2_lpnt_20211108::3.0
P,urn:nasa:pds:maven.lpw.derived:data.lp.nt:mvn_lpw_l2_lpnt_20211109::3.0
P,urn:nasa:pds:maven.lpw.derived:data.lp.nt:mvn_lpw_l2_lpnt_20211110::3.0
P,urn:nasa:pds:maven.lpw.derived:data.lp.nt:mvn_lpw_l2_lpnt_20211111::3.0
P,urn:nasa:pds:maven.lpw.derived:data.lp.nt:mvn_lpw_l2_lpnt_20211112::3.0
P,urn:nasa:pds:maven.lpw.derived:data.lp.nt:mvn_lpw_l2_lpnt_20211113::3.0
P,urn:nasa:pds:maven.lpw.derived:data.lp.nt:mvn_lpw_l2_lpnt_20211114::3.0
P,urn:nasa:pds:maven.lpw.derived:data.lp.nt:mvn_lpw_l2_lpnt_20211115::3.0
P,urn:nasa:pds:maven.lpw.derived:data.lp.nt:mvn_lpw_l2_lpnt_20211116::3.0
P,urn:nasa:pds:maven.lpw.derived:data.lp.nt:mvn_lpw_l2_lpnt_20211117::3.0
P,urn:nasa:pds:maven.lpw.derived:data.lp.nt:mvn_lpw_l2_lpnt_20211118::3.0
P,urn:nasa:pds:maven.lpw.derived:data.lp.nt:mvn_lpw_l2_lpnt_20211119::3.0
P,urn:nasa:pds:maven.lpw.derived:data.lp.nt:mvn_lpw_l2_lpnt_20211120::3.0
P,urn:nasa:pds:maven.lpw.derived:data.lp.nt:mvn_lpw_l2_lpnt_20211121::3.0
P,urn:nasa:pds:maven.lpw.derived:data.lp.nt:mvn_lpw_l2_lpnt_20211122::3.0
P,urn:nasa:pds:maven.lpw.derived:data.lp.nt:mvn_lpw_l2_lpnt_20211123::3.0
P,urn:nasa:pds:maven.lpw.derived:data.lp.nt:mvn_lpw_l2_lpnt_20211124::3.0
P,urn:nasa:pds:maven.lpw.derived:data.lp.nt:mvn_lpw_l2_lpnt_20211125::3.0
P,urn:nasa:pds:maven.lpw.derived:data.lp.nt:mvn_lpw_l2_lpnt_20211126::3.0
P,urn:nasa:pds:maven.lpw.derived:data.lp.nt:mvn_lpw_l2_lpnt_20211127::3.0
P,urn:nasa:pds:maven.lpw.derived:data.lp.nt:mvn_lpw_l2_lpnt_20211128::3.0
P,urn:nasa:pds:maven.lpw.derived:data.lp.nt:mvn_lpw_l2_lpnt_20211129::3.0
P,urn:nasa:pds:maven.lpw.derived:data.lp.nt:mvn_lpw_l2_lpnt_20211130::3.0
P,urn:nasa:pds:maven.lpw.derived:data.lp.nt:mvn_lpw_l2_lpnt_20211201::3.0
P,urn:nasa:pds:maven.lpw.derived:data.lp.nt:mvn_lpw_l2_lpnt_20211202::3.0
P,urn:nasa:pds:maven.lpw.derived:data.lp.nt:mvn_lpw_l2_lpnt_20211203::3.0
P,urn:nasa:pds:maven.lpw.derived:data.lp.nt:mvn_lpw_l2_lpnt_20211204::3.0
P,urn:nasa:pds:maven.lpw.derived:data.lp.nt:mvn_lpw_l2_lpnt_20211205::3.0
P,urn:nasa:pds:maven.lpw.derived:data.lp.nt:mvn_lpw_l2_lpnt_20211206::3.0
P,urn:nasa:pds:maven.lpw.derived:data.lp.nt:mvn_lpw_l2_lpnt_20211207::3.0
P,urn:nasa:pds:maven.lpw.derived:data.lp.nt:mvn_lpw_l2_lpnt_20211208::3.0
P,urn:nasa:pds:maven.lpw.derived:data.lp.nt:mvn_lpw_l2_lpnt_20211209::3.0
P,urn:nasa:pds:maven.lpw.derived:data.lp.nt:mvn_lpw_l2_lpnt_20211210::3.0
P,urn:nasa:pds:maven.lpw.derived:data.lp.nt:mvn_lpw_l2_lpnt_20211211::3.0
P,urn:nasa:pds:maven.lpw.derived:data.lp.nt:mvn_lpw_l2_lpnt_20211212::3.0
P,urn:nasa:pds:maven.lpw.derived:data.lp.nt:mvn_lpw_l2_lpnt_20211213::3.0
P,urn:nasa:pds:maven.lpw.derived:data.lp.nt:mvn_lpw_l2_lpnt_20211214::3.0
P,urn:nasa:pds:maven.lpw.derived:data.lp.nt:mvn_lpw_l2_lpnt_20211215::3.0
P,urn:nasa:pds:maven.lpw.derived:data.lp.nt:mvn_lpw_l2_lpnt_20211216::3.0
P,urn:nasa:pds:maven.lpw.derived:data.lp.nt:mvn_lpw_l2_lpnt_20211217::3.0
P,urn:nasa:pds:maven.lpw.derived:data.lp.nt:mvn_lpw_l2_lpnt_20211218::3.0
P,urn:nasa:pds:maven.lpw.derived:data.lp.nt:mvn_lpw_l2_lpnt_20211219::3.0
P,urn:nasa:pds:maven.lpw.derived:data.lp.nt:mvn_lpw_l2_lpnt_20211220::3.0
P,urn:nasa:pds:maven.lpw.derived:data.lp.nt:mvn_lpw_l2_lpnt_20211221::3.0
P,urn:nasa:pds:maven.lpw.derived:data.lp.nt:mvn_lpw_l2_lpnt_20211222::3.0
P,urn:nasa:pds:maven.lpw.derived:data.lp.nt:mvn_lpw_l2_lpnt_20211223::3.0
P,urn:nasa:pds:maven.lpw.derived:data.lp.nt:mvn_lpw_l2_lpnt_20211224::3.0
P,urn:nasa:pds:maven.lpw.derived:data.lp.nt:mvn_lpw_l2_lpnt_20211225::3.0
P,urn:nasa:pds:maven.lpw.derived:data.lp.nt:mvn_lpw_l2_lpnt_20211226::3.0
P,urn:nasa:pds:maven.lpw.derived:data.lp.nt:mvn_lpw_l2_lpnt_20211227::3.0
P,urn:nasa:pds:maven.lpw.derived:data.lp.nt:mvn_lpw_l2_lpnt_20211228::3.0
P,urn:nasa:pds:maven.lpw.derived:data.lp.nt:mvn_lpw_l2_lpnt_20211229::3.0
P,urn:nasa:pds:maven.lpw.derived:data.lp.nt:mvn_lpw_l2_lpnt_20211230::3.0
P,urn:nasa:pds:maven.lpw.derived:data.lp.nt:mvn_lpw_l2_lpnt_20211231::3.0
P,urn:nasa:pds:maven.lpw.derived:data.lp.nt:mvn_lpw_l2_lpnt_20220101::3.0
P,urn:nasa:pds:maven.lpw.derived:data.lp.nt:mvn_lpw_l2_lpnt_20220102::3.0
P,urn:nasa:pds:maven.lpw.derived:data.lp.nt:mvn_lpw_l2_lpnt_20220103::3.0
P,urn:nasa:pds:maven.lpw.derived:data.lp.nt:mvn_lpw_l2_lpnt_20220104::3.0
P,urn:nasa:pds:maven.lpw.derived:data.lp.nt:mvn_lpw_l2_lpnt_20220105::3.0
P,urn:nasa:pds:maven.lpw.derived:data.lp.nt:mvn_lpw_l2_lpnt_20220106::3.0
P,urn:nasa:pds:maven.lpw.derived:data.lp.nt:mvn_lpw_l2_lpnt_20220107::3.0
P,urn:nasa:pds:maven.lpw.derived:data.lp.nt:mvn_lpw_l2_lpnt_20220108::3.0
P,urn:nasa:pds:maven.lpw.derived:data.lp.nt:mvn_lpw_l2_lpnt_20220109::3.0
P,urn:nasa:pds:maven.lpw.derived:data.lp.nt:mvn_lpw_l2_lpnt_20220110::3.0
P,urn:nasa:pds:maven.lpw.derived:data.lp.nt:mvn_lpw_l2_lpnt_20220111::3.0
P,urn:nasa:pds:maven.lpw.derived:data.lp.nt:mvn_lpw_l2_lpnt_20220112::3.0
P,urn:nasa:pds:maven.lpw.derived:data.lp.nt:mvn_lpw_l2_lpnt_20220113::3.0
P,urn:nasa:pds:maven.lpw.derived:data.lp.nt:mvn_lpw_l2_lpnt_20220114::3.0
P,urn:nasa:pds:maven.lpw.derived:data.lp.nt:mvn_lpw_l2_lpnt_20220115::3.0
P,urn:nasa:pds:maven.lpw.derived:data.lp.nt:mvn_lpw_l2_lpnt_20220116::3.0
P,urn:nasa:pds:maven.lpw.derived:data.lp.nt:mvn_lpw_l2_lpnt_20220117::3.0
P,urn:nasa:pds:maven.lpw.derived:data.lp.nt:mvn_lpw_l2_lpnt_20220118::3.0
P,urn:nasa:pds:maven.lpw.derived:data.lp.nt:mvn_lpw_l2_lpnt_20220119::3.0
P,urn:nasa:pds:maven.lpw.derived:data.lp.nt:mvn_lpw_l2_lpnt_20220120::3.0
P,urn:nasa:pds:maven.lpw.derived:data.lp.nt:mvn_lpw_l2_lpnt_20220121::3.0
P,urn:nasa:pds:maven.lpw.derived:data.lp.nt:mvn_lpw_l2_lpnt_20220122::3.0
P,urn:nasa:pds:maven.lpw.derived:data.lp.nt:mvn_lpw_l2_lpnt_20220123::3.0
P,urn:nasa:pds:maven.lpw.derived:data.lp.nt:mvn_lpw_l2_lpnt_20220124::3.0
P,urn:nasa:pds:maven.lpw.derived:data.lp.nt:mvn_lpw_l2_lpnt_20220125::3.0
P,urn:nasa:pds:maven.lpw.derived:data.lp.nt:mvn_lpw_l2_lpnt_20220126::3.0
P,urn:nasa:pds:maven.lpw.derived:data.lp.nt:mvn_lpw_l2_lpnt_20220127::3.0
P,urn:nasa:pds:maven.lpw.derived:data.lp.nt:mvn_lpw_l2_lpnt_20220128::3.0
P,urn:nasa:pds:maven.lpw.derived:data.lp.nt:mvn_lpw_l2_lpnt_20220129::3.0
P,urn:nasa:pds:maven.lpw.derived:data.lp.nt:mvn_lpw_l2_lpnt_20220130::3.0
P,urn:nasa:pds:maven.lpw.derived:data.lp.nt:mvn_lpw_l2_lpnt_20220131::3.0
P,urn:nasa:pds:maven.lpw.derived:data.lp.nt:mvn_lpw_l2_lpnt_20220201::3.0
P,urn:nasa:pds:maven.lpw.derived:data.lp.nt:mvn_lpw_l2_lpnt_20220202::3.0
P,urn:nasa:pds:maven.lpw.derived:data.lp.nt:mvn_lpw_l2_lpnt_20220203::3.0
P,urn:nasa:pds:maven.lpw.derived:data.lp.nt:mvn_lpw_l2_lpnt_20220204::3.0
P,urn:nasa:pds:maven.lpw.derived:data.lp.nt:mvn_lpw_l2_lpnt_20220205::3.0
P,urn:nasa:pds:maven.lpw.derived:data.lp.nt:mvn_lpw_l2_lpnt_20220206::3.0
P,urn:nasa:pds:maven.lpw.derived:data.lp.nt:mvn_lpw_l2_lpnt_20220207::3.0
P,urn:nasa:pds:maven.lpw.derived:data.lp.nt:mvn_lpw_l2_lpnt_20220208::3.0
P,urn:nasa:pds:maven.lpw.derived:data.lp.nt:mvn_lpw_l2_lpnt_20220209::3.0
P,urn:nasa:pds:maven.lpw.derived:data.lp.nt:mvn_lpw_l2_lpnt_20220210::3.0
P,urn:nasa:pds:maven.lpw.derived:data.lp.nt:mvn_lpw_l2_lpnt_20220211::3.0
P,urn:nasa:pds:maven.lpw.derived:data.lp.nt:mvn_lpw_l2_lpnt_20220212::3.0
P,urn:nasa:pds:maven.lpw.derived:data.lp.nt:mvn_lpw_l2_lpnt_20220213::3.0
P,urn:nasa:pds:maven.lpw.derived:data.lp.nt:mvn_lpw_l2_lpnt_20220214::3.0
P,urn:nasa:pds:maven.lpw.derived:data.lp.nt:mvn_lpw_l2_lpnt_20220215::3.0
P,urn:nasa:pds:maven.lpw.derived:data.lp.nt:mvn_lpw_l2_lpnt_20220216::3.0
P,urn:nasa:pds:maven.lpw.derived:data.lp.nt:mvn_lpw_l2_lpnt_20220217::3.0
P,urn:nasa:pds:maven.lpw.derived:data.lp.nt:mvn_lpw_l2_lpnt_20220218::3.0
P,urn:nasa:pds:maven.lpw.derived:data.lp.nt:mvn_lpw_l2_lpnt_20220219::3.0
P,urn:nasa:pds:maven.lpw.derived:data.lp.nt:mvn_lpw_l2_lpnt_20220220::3.0
P,urn:nasa:pds:maven.lpw.derived:data.lp.nt:mvn_lpw_l2_lpnt_20220221::3.0
P,urn:nasa:pds:maven.lpw.derived:data.lp.nt:mvn_lpw_l2_lpnt_20220222::3.0
P,urn:nasa:pds:maven.lpw.derived:data.lp.nt:mvn_lpw_l2_lpnt_20220422::3.0
P,urn:nasa:pds:maven.lpw.derived:data.lp.nt:mvn_lpw_l2_lpnt_20220423::3.0
P,urn:nasa:pds:maven.lpw.derived:data.lp.nt:mvn_lpw_l2_lpnt_20220424::3.0
P,urn:nasa:pds:maven.lpw.derived:data.lp.nt:mvn_lpw_l2_lpnt_20220425::3.0
P,urn:nasa:pds:maven.lpw.derived:data.lp.nt:mvn_lpw_l2_lpnt_20220426::1.0
P,urn:nasa:pds:maven.lpw.derived:data.lp.nt:mvn_lpw_l2_lpnt_20220427::1.0
P,urn:nasa:pds:maven.lpw.derived:data.lp.nt:mvn_lpw_l2_lpnt_20220428::1.0
P,urn:nasa:pds:maven.lpw.derived:data.lp.nt:mvn_lpw_l2_lpnt_20220429::1.0
P,urn:nasa:pds:maven.lpw.derived:data.lp.nt:mvn_lpw_l2_lpnt_20220430::1.0
P,urn:nasa:pds:maven.lpw.derived:data.lp.nt:mvn_lpw_l2_lpnt_20220501::3.0
P,urn:nasa:pds:maven.lpw.derived:data.lp.nt:mvn_lpw_l2_lpnt_20220502::1.0
P,urn:nasa:pds:maven.lpw.derived:data.lp.nt:mvn_lpw_l2_lpnt_20220503::1.0
P,urn:nasa:pds:maven.lpw.derived:data.lp.nt:mvn_lpw_l2_lpnt_20220504::1.0
P,urn:nasa:pds:maven.lpw.derived:data.lp.nt:mvn_lpw_l2_lpnt_20220505::1.0
P,urn:nasa:pds:maven.lpw.derived:data.lp.nt:mvn_lpw_l2_lpnt_20220506::1.0
P,urn:nasa:pds:maven.lpw.derived:data.lp.nt:mvn_lpw_l2_lpnt_20220507::1.0
P,urn:nasa:pds:maven.lpw.derived:data.lp.nt:mvn_lpw_l2_lpnt_20220508::1.0
P,urn:nasa:pds:maven.lpw.derived:data.lp.nt:mvn_lpw_l2_lpnt_20220509::1.0
P,urn:nasa:pds:maven.lpw.derived:data.lp.nt:mvn_lpw_l2_lpnt_20220510::1.0
P,urn:nasa:pds:maven.lpw.derived:data.lp.nt:mvn_lpw_l2_lpnt_20220511::1.0
P,urn:nasa:pds:maven.lpw.derived:data.lp.nt:mvn_lpw_l2_lpnt_20220512::1.0
P,urn:nasa:pds:maven.lpw.derived:data.lp.nt:mvn_lpw_l2_lpnt_20220513::1.0
P,urn:nasa:pds:maven.lpw.derived:data.lp.nt:mvn_lpw_l2_lpnt_20220514::1.0
P,urn:nasa:pds:maven.lpw.derived:data.lp.nt:mvn_lpw_l2_lpnt_20220515::1.0
P,urn:nasa:pds:maven.lpw.derived:data.lp.nt:mvn_lpw_l2_lpnt_20220516::1.0
P,urn:nasa:pds:maven.lpw.derived:data.lp.nt:mvn_lpw_l2_lpnt_20220517::1.0
P,urn:nasa:pds:maven.lpw.derived:data.lp.nt:mvn_lpw_l2_lpnt_20220518::1.0
P,urn:nasa:pds:maven.lpw.derived:data.lp.nt:mvn_lpw_l2_lpnt_20220519::1.0
P,urn:nasa:pds:maven.lpw.derived:data.lp.nt:mvn_lpw_l2_lpnt_20220520::1.0
P,urn:nasa:pds:maven.lpw.derived:data.lp.nt:mvn_lpw_l2_lpnt_20220521::1.0
P,urn:nasa:pds:maven.lpw.derived:data.lp.nt:mvn_lpw_l2_lpnt_20220522::1.0
P,urn:nasa:pds:maven.lpw.derived:data.lp.nt:mvn_lpw_l2_lpnt_20220523::1.0
P,urn:nasa:pds:maven.lpw.derived:data.lp.nt:mvn_lpw_l2_lpnt_20220524::1.0
P,urn:nasa:pds:maven.lpw.derived:data.lp.nt:mvn_lpw_l2_lpnt_20220525::1.0
P,urn:nasa:pds:maven.lpw.derived:data.lp.nt:mvn_lpw_l2_lpnt_20220526::1.0
P,urn:nasa:pds:maven.lpw.derived:data.lp.nt:mvn_lpw_l2_lpnt_20220527::1.0
P,urn:nasa:pds:maven.lpw.derived:data.lp.nt:mvn_lpw_l2_lpnt_20220528::1.0
P,urn:nasa:pds:maven.lpw.derived:data.lp.nt:mvn_lpw_l2_lpnt_20220529::1.0
P,urn:nasa:pds:maven.lpw.derived:data.lp.nt:mvn_lpw_l2_lpnt_20220530::1.0
P,urn:nasa:pds:maven.lpw.derived:data.lp.nt:mvn_lpw_l2_lpnt_20220531::1.0
P,urn:nasa:pds:maven.lpw.derived:data.lp.nt:mvn_lpw_l2_lpnt_20220601::3.0
P,urn:nasa:pds:maven.lpw.derived:data.lp.nt:mvn_lpw_l2_lpnt_20220602::3.0
P,urn:nasa:pds:maven.lpw.derived:data.lp.nt:mvn_lpw_l2_lpnt_20220603::3.0
P,urn:nasa:pds:maven.lpw.derived:data.lp.nt:mvn_lpw_l2_lpnt_20220604::3.0
P,urn:nasa:pds:maven.lpw.derived:data.lp.nt:mvn_lpw_l2_lpnt_20220605::3.0
P,urn:nasa:pds:maven.lpw.derived:data.lp.nt:mvn_lpw_l2_lpnt_20220606::3.0
P,urn:nasa:pds:maven.lpw.derived:data.lp.nt:mvn_lpw_l2_lpnt_20220607::3.0
P,urn:nasa:pds:maven.lpw.derived:data.lp.nt:mvn_lpw_l2_lpnt_20220608::3.0
P,urn:nasa:pds:maven.lpw.derived:data.lp.nt:mvn_lpw_l2_lpnt_20220609::3.0
P,urn:nasa:pds:maven.lpw.derived:data.lp.nt:mvn_lpw_l2_lpnt_20220610::3.0
P,urn:nasa:pds:maven.lpw.derived:data.lp.nt:mvn_lpw_l2_lpnt_20220611::3.0
P,urn:nasa:pds:maven.lpw.derived:data.lp.nt:mvn_lpw_l2_lpnt_20220612::3.0
P,urn:nasa:pds:maven.lpw.derived:data.lp.nt:mvn_lpw_l2_lpnt_20220613::3.0
P,urn:nasa:pds:maven.lpw.derived:data.lp.nt:mvn_lpw_l2_lpnt_20220614::3.0
P,urn:nasa:pds:maven.lpw.derived:data.lp.nt:mvn_lpw_l2_lpnt_20220615::3.0
P,urn:nasa:pds:maven.lpw.derived:data.lp.nt:mvn_lpw_l2_lpnt_20220616::3.0
P,urn:nasa:pds:maven.lpw.derived:data.lp.nt:mvn_lpw_l2_lpnt_20220617::3.0
P,urn:nasa:pds:maven.lpw.derived:data.lp.nt:mvn_lpw_l2_lpnt_20220618::3.0
P,urn:nasa:pds:maven.lpw.derived:data.lp.nt:mvn_lpw_l2_lpnt_20220619::1.0
P,urn:nasa:pds:maven.lpw.derived:data.lp.nt:mvn_lpw_l2_lpnt_20220620::3.0
P,urn:nasa:pds:maven.lpw.derived:data.lp.nt:mvn_lpw_l2_lpnt_20220621::3.0
P,urn:nasa:pds:maven.lpw.derived:data.lp.nt:mvn_lpw_l2_lpnt_20220622::3.0
P,urn:nasa:pds:maven.lpw.derived:data.lp.nt:mvn_lpw_l2_lpnt_20220623::3.0
P,urn:nasa:pds:maven.lpw.derived:data.lp.nt:mvn_lpw_l2_lpnt_20220624::3.0
P,urn:nasa:pds:maven.lpw.derived:data.lp.nt:mvn_lpw_l2_lpnt_20220625::3.0
P,urn:nasa:pds:maven.lpw.derived:data.lp.nt:mvn_lpw_l2_lpnt_20220626::3.0
P,urn:nasa:pds:maven.lpw.derived:data.lp.nt:mvn_lpw_l2_lpnt_20220627::3.0
P,urn:nasa:pds:maven.lpw.derived:data.lp.nt:mvn_lpw_l2_lpnt_20220628::3.0
P,urn:nasa:pds:maven.lpw.derived:data.lp.nt:mvn_lpw_l2_lpnt_20220629::3.0
P,urn:nasa:pds:maven.lpw.derived:data.lp.nt:mvn_lpw_l2_lpnt_20220630::3.0
P,urn:nasa:pds:maven.lpw.derived:data.lp.nt:mvn_lpw_l2_lpnt_20220701::3.0
P,urn:nasa:pds:maven.lpw.derived:data.lp.nt:mvn_lpw_l2_lpnt_20220702::3.0
P,urn:nasa:pds:maven.lpw.derived:data.lp.nt:mvn_lpw_l2_lpnt_20220703::3.0
P,urn:nasa:pds:maven.lpw.derived:data.lp.nt:mvn_lpw_l2_lpnt_20220704::3.0
P,urn:nasa:pds:maven.lpw.derived:data.lp.nt:mvn_lpw_l2_lpnt_20220705::3.0
P,urn:nasa:pds:maven.lpw.derived:data.lp.nt:mvn_lpw_l2_lpnt_20220706::3.0
P,urn:nasa:pds:maven.lpw.derived:data.lp.nt:mvn_lpw_l2_lpnt_20220707::3.0
P,urn:nasa:pds:maven.lpw.derived:data.lp.nt:mvn_lpw_l2_lpnt_20220708::3.0
P,urn:nasa:pds:maven.lpw.derived:data.lp.nt:mvn_lpw_l2_lpnt_20220709::3.0
P,urn:nasa:pds:maven.lpw.derived:data.lp.nt:mvn_lpw_l2_lpnt_20220710::3.0
P,urn:nasa:pds:maven.lpw.derived:data.lp.nt:mvn_lpw_l2_lpnt_20220711::3.0
P,urn:nasa:pds:maven.lpw.derived:data.lp.nt:mvn_lpw_l2_lpnt_20220712::3.0
P,urn:nasa:pds:maven.lpw.derived:data.lp.nt:mvn_lpw_l2_lpnt_20220713::3.0
P,urn:nasa:pds:maven.lpw.derived:data.lp.nt:mvn_lpw_l2_lpnt_20220714::1.0
P,urn:nasa:pds:maven.lpw.derived:data.lp.nt:mvn_lpw_l2_lpnt_20220715::1.0
P,urn:nasa:pds:maven.lpw.derived:data.lp.nt:mvn_lpw_l2_lpnt_20220716::3.0
P,urn:nasa:pds:maven.lpw.derived:data.lp.nt:mvn_lpw_l2_lpnt_20220717::3.0
P,urn:nasa:pds:maven.lpw.derived:data.lp.nt:mvn_lpw_l2_lpnt_20220718::3.0
P,urn:nasa:pds:maven.lpw.derived:data.lp.nt:mvn_lpw_l2_lpnt_20220719::3.0
P,urn:nasa:pds:maven.lpw.derived:data.lp.nt:mvn_lpw_l2_lpnt_20220720::3.0
P,urn:nasa:pds:maven.lpw.derived:data.lp.nt:mvn_lpw_l2_lpnt_20220721::3.0
P,urn:nasa:pds:maven.lpw.derived:data.lp.nt:mvn_lpw_l2_lpnt_20220722::3.0
P,urn:nasa:pds:maven.lpw.derived:data.lp.nt:mvn_lpw_l2_lpnt_20220723::3.0
P,urn:nasa:pds:maven.lpw.derived:data.lp.nt:mvn_lpw_l2_lpnt_20220724::3.0
P,urn:nasa:pds:maven.lpw.derived:data.lp.nt:mvn_lpw_l2_lpnt_20220725::3.0
P,urn:nasa:pds:maven.lpw.derived:data.lp.nt:mvn_lpw_l2_lpnt_20220726::3.0
P,urn:nasa:pds:maven.lpw.derived:data.lp.nt:mvn_lpw_l2_lpnt_20220727::3.0
P,urn:nasa:pds:maven.lpw.derived:data.lp.nt:mvn_lpw_l2_lpnt_20220728::3.0
P,urn:nasa:pds:maven.lpw.derived:data.lp.nt:mvn_lpw_l2_lpnt_20220729::3.0
P,urn:nasa:pds:maven.lpw.derived:data.lp.nt:mvn_lpw_l2_lpnt_20220730::3.0
P,urn:nasa:pds:maven.lpw.derived:data.lp.nt:mvn_lpw_l2_lpnt_20220731::1.0
P,urn:nasa:pds:maven.lpw.derived:data.lp.nt:mvn_lpw_l2_lpnt_20220801::3.0
P,urn:nasa:pds:maven.lpw.derived:data.lp.nt:mvn_lpw_l2_lpnt_20220802::3.0
P,urn:nasa:pds:maven.lpw.derived:data.lp.nt:mvn_lpw_l2_lpnt_20220803::3.0
P,urn:nasa:pds:maven.lpw.derived:data.lp.nt:mvn_lpw_l2_lpnt_20220804::3.0
P,urn:nasa:pds:maven.lpw.derived:data.lp.nt:mvn_lpw_l2_lpnt_20220805::3.0
P,urn:nasa:pds:maven.lpw.derived:data.lp.nt:mvn_lpw_l2_lpnt_20220806::3.0
P,urn:nasa:pds:maven.lpw.derived:data.lp.nt:mvn_lpw_l2_lpnt_20220807::3.0
P,urn:nasa:pds:maven.lpw.derived:data.lp.nt:mvn_lpw_l2_lpnt_20220808::3.0
P,urn:nasa:pds:maven.lpw.derived:data.lp.nt:mvn_lpw_l2_lpnt_20220809::3.0
P,urn:nasa:pds:maven.lpw.derived:data.lp.nt:mvn_lpw_l2_lpnt_20220810::3.0
P,urn:nasa:pds:maven.lpw.derived:data.lp.nt:mvn_lpw_l2_lpnt_20220811::3.0
P,urn:nasa:pds:maven.lpw.derived:data.lp.nt:mvn_lpw_l2_lpnt_20220812::3.0
P,urn:nasa:pds:maven.lpw.derived:data.lp.nt:mvn_lpw_l2_lpnt_20220813::3.0
P,urn:nasa:pds:maven.lpw.derived:data.lp.nt:mvn_lpw_l2_lpnt_20220814::3.0
P,urn:nasa:pds:maven.lpw.derived:data.lp.nt:mvn_lpw_l2_lpnt_20220815::3.0
P,urn:nasa:pds:maven.lpw.derived:data.lp.nt:mvn_lpw_l2_lpnt_20220816::3.0
P,urn:nasa:pds:maven.lpw.derived:data.lp.nt:mvn_lpw_l2_lpnt_20220817::3.0
P,urn:nasa:pds:maven.lpw.derived:data.lp.nt:mvn_lpw_l2_lpnt_20220818::3.0
P,urn:nasa:pds:maven.lpw.derived:data.lp.nt:mvn_lpw_l2_lpnt_20220819::3.0
P,urn:nasa:pds:maven.lpw.derived:data.lp.nt:mvn_lpw_l2_lpnt_20220820::3.0
P,urn:nasa:pds:maven.lpw.derived:data.lp.nt:mvn_lpw_l2_lpnt_20220821::3.0
P,urn:nasa:pds:maven.lpw.derived:data.lp.nt:mvn_lpw_l2_lpnt_20220822::3.0
P,urn:nasa:pds:maven.lpw.derived:data.lp.nt:mvn_lpw_l2_lpnt_20220823::3.0
P,urn:nasa:pds:maven.lpw.derived:data.lp.nt:mvn_lpw_l2_lpnt_20220824::3.0
P,urn:nasa:pds:maven.lpw.derived:data.lp.nt:mvn_lpw_l2_lpnt_20220825::3.0
P,urn:nasa:pds:maven.lpw.derived:data.lp.nt:mvn_lpw_l2_lpnt_20220826::3.0
P,urn:nasa:pds:maven.lpw.derived:data.lp.nt:mvn_lpw_l2_lpnt_20220827::3.0
P,urn:nasa:pds:maven.lpw.derived:data.lp.nt:mvn_lpw_l2_lpnt_20220828::3.0
P,urn:nasa:pds:maven.lpw.derived:data.lp.nt:mvn_lpw_l2_lpnt_20220829::3.0
P,urn:nasa:pds:maven.lpw.derived:data.lp.nt:mvn_lpw_l2_lpnt_20220830::3.0
P,urn:nasa:pds:maven.lpw.derived:data.lp.nt:mvn_lpw_l2_lpnt_20220831::3.0
P,urn:nasa:pds:maven.lpw.derived:data.lp.nt:mvn_lpw_l2_lpnt_20220901::2.0
P,urn:nasa:pds:maven.lpw.derived:data.lp.nt:mvn_lpw_l2_lpnt_20220902::2.0
P,urn:nasa:pds:maven.lpw.derived:data.lp.nt:mvn_lpw_l2_lpnt_20220903::2.0
P,urn:nasa:pds:maven.lpw.derived:data.lp.nt:mvn_lpw_l2_lpnt_20220904::2.0
P,urn:nasa:pds:maven.lpw.derived:data.lp.nt:mvn_lpw_l2_lpnt_20220905::2.0
P,urn:nasa:pds:maven.lpw.derived:data.lp.nt:mvn_lpw_l2_lpnt_20220906::2.0
P,urn:nasa:pds:maven.lpw.derived:data.lp.nt:mvn_lpw_l2_lpnt_20220907::2.0
P,urn:nasa:pds:maven.lpw.derived:data.lp.nt:mvn_lpw_l2_lpnt_20220908::2.0
P,urn:nasa:pds:maven.lpw.derived:data.lp.nt:mvn_lpw_l2_lpnt_20220909::2.0
P,urn:nasa:pds:maven.lpw.derived:data.lp.nt:mvn_lpw_l2_lpnt_20220910::3.0
P,urn:nasa:pds:maven.lpw.derived:data.lp.nt:mvn_lpw_l2_lpnt_20220911::3.0
P,urn:nasa:pds:maven.lpw.derived:data.lp.nt:mvn_lpw_l2_lpnt_20220912::3.0
P,urn:nasa:pds:maven.lpw.derived:data.lp.nt:mvn_lpw_l2_lpnt_20220913::3.0
P,urn:nasa:pds:maven.lpw.derived:data.lp.nt:mvn_lpw_l2_lpnt_20220914::3.0
P,urn:nasa:pds:maven.lpw.derived:data.lp.nt:mvn_lpw_l2_lpnt_20220915::3.0
P,urn:nasa:pds:maven.lpw.derived:data.lp.nt:mvn_lpw_l2_lpnt_20220916::3.0
P,urn:nasa:pds:maven.lpw.derived:data.lp.nt:mvn_lpw_l2_lpnt_20220917::3.0
P,urn:nasa:pds:maven.lpw.derived:data.lp.nt:mvn_lpw_l2_lpnt_20220918::3.0
P,urn:nasa:pds:maven.lpw.derived:data.lp.nt:mvn_lpw_l2_lpnt_20220919::3.0
P,urn:nasa:pds:maven.lpw.derived:data.lp.nt:mvn_lpw_l2_lpnt_20220920::3.0
P,urn:nasa:pds:maven.lpw.derived:data.lp.nt:mvn_lpw_l2_lpnt_20220921::3.0
P,urn:nasa:pds:maven.lpw.derived:data.lp.nt:mvn_lpw_l2_lpnt_20220922::3.0
P,urn:nasa:pds:maven.lpw.derived:data.lp.nt:mvn_lpw_l2_lpnt_20220923::3.0
P,urn:nasa:pds:maven.lpw.derived:data.lp.nt:mvn_lpw_l2_lpnt_20220924::3.0
P,urn:nasa:pds:maven.lpw.derived:data.lp.nt:mvn_lpw_l2_lpnt_20220925::3.0
P,urn:nasa:pds:maven.lpw.derived:data.lp.nt:mvn_lpw_l2_lpnt_20220926::3.0
P,urn:nasa:pds:maven.lpw.derived:data.lp.nt:mvn_lpw_l2_lpnt_20220927::3.0
P,urn:nasa:pds:maven.lpw.derived:data.lp.nt:mvn_lpw_l2_lpnt_20220928::3.0
P,urn:nasa:pds:maven.lpw.derived:data.lp.nt:mvn_lpw_l2_lpnt_20220929::3.0
P,urn:nasa:pds:maven.lpw.derived:data.lp.nt:mvn_lpw_l2_lpnt_20220930::3.0
P,urn:nasa:pds:maven.lpw.derived:data.lp.nt:mvn_lpw_l2_lpnt_20221001::3.0
P,urn:nasa:pds:maven.lpw.derived:data.lp.nt:mvn_lpw_l2_lpnt_20221002::3.0
P,urn:nasa:pds:maven.lpw.derived:data.lp.nt:mvn_lpw_l2_lpnt_20221003::3.0
P,urn:nasa:pds:maven.lpw.derived:data.lp.nt:mvn_lpw_l2_lpnt_20221004::3.0
P,urn:nasa:pds:maven.lpw.derived:data.lp.nt:mvn_lpw_l2_lpnt_20221005::3.0
P,urn:nasa:pds:maven.lpw.derived:data.lp.nt:mvn_lpw_l2_lpnt_20221006::3.0
P,urn:nasa:pds:maven.lpw.derived:data.lp.nt:mvn_lpw_l2_lpnt_20221007::3.0
P,urn:nasa:pds:maven.lpw.derived:data.lp.nt:mvn_lpw_l2_lpnt_20221008::3.0
P,urn:nasa:pds:maven.lpw.derived:data.lp.nt:mvn_lpw_l2_lpnt_20221009::3.0
P,urn:nasa:pds:maven.lpw.derived:data.lp.nt:mvn_lpw_l2_lpnt_20221010::3.0
P,urn:nasa:pds:maven.lpw.derived:data.lp.nt:mvn_lpw_l2_lpnt_20221011::3.0
P,urn:nasa:pds:maven.lpw.derived:data.lp.nt:mvn_lpw_l2_lpnt_20221012::1.0
P,urn:nasa:pds:maven.lpw.derived:data.lp.nt:mvn_lpw_l2_lpnt_20221013::1.0
P,urn:nasa:pds:maven.lpw.derived:data.lp.nt:mvn_lpw_l2_lpnt_20221014::1.0
P,urn:nasa:pds:maven.lpw.derived:data.lp.nt:mvn_lpw_l2_lpnt_20221015::1.0
P,urn:nasa:pds:maven.lpw.derived:data.lp.nt:mvn_lpw_l2_lpnt_20221016::1.0
P,urn:nasa:pds:maven.lpw.derived:data.lp.nt:mvn_lpw_l2_lpnt_20221017::3.0
P,urn:nasa:pds:maven.lpw.derived:data.lp.nt:mvn_lpw_l2_lpnt_20221018::3.0
P,urn:nasa:pds:maven.lpw.derived:data.lp.nt:mvn_lpw_l2_lpnt_20221019::3.0
P,urn:nasa:pds:maven.lpw.derived:data.lp.nt:mvn_lpw_l2_lpnt_20221020::3.0
P,urn:nasa:pds:maven.lpw.derived:data.lp.nt:mvn_lpw_l2_lpnt_20221021::3.0
P,urn:nasa:pds:maven.lpw.derived:data.lp.nt:mvn_lpw_l2_lpnt_20221022::3.0
P,urn:nasa:pds:maven.lpw.derived:data.lp.nt:mvn_lpw_l2_lpnt_20221023::3.0
P,urn:nasa:pds:maven.lpw.derived:data.lp.nt:mvn_lpw_l2_lpnt_20221024::3.0
P,urn:nasa:pds:maven.lpw.derived:data.lp.nt:mvn_lpw_l2_lpnt_20221025::3.0
P,urn:nasa:pds:maven.lpw.derived:data.lp.nt:mvn_lpw_l2_lpnt_20221026::3.0
P,urn:nasa:pds:maven.lpw.derived:data.lp.nt:mvn_lpw_l2_lpnt_20221027::3.0
P,urn:nasa:pds:maven.lpw.derived:data.lp.nt:mvn_lpw_l2_lpnt_20221028::3.0
P,urn:nasa:pds:maven.lpw.derived:data.lp.nt:mvn_lpw_l2_lpnt_20221029::3.0
P,urn:nasa:pds:maven.lpw.derived:data.lp.nt:mvn_lpw_l2_lpnt_20221030::3.0
P,urn:nasa:pds:maven.lpw.derived:data.lp.nt:mvn_lpw_l2_lpnt_20221031::1.0
P,urn:nasa:pds:maven.lpw.derived:data.lp.nt:mvn_lpw_l2_lpnt_20221101::3.0
P,urn:nasa:pds:maven.lpw.derived:data.lp.nt:mvn_lpw_l2_lpnt_20221102::3.0
P,urn:nasa:pds:maven.lpw.derived:data.lp.nt:mvn_lpw_l2_lpnt_20221103::3.0
P,urn:nasa:pds:maven.lpw.derived:data.lp.nt:mvn_lpw_l2_lpnt_20221104::3.0
P,urn:nasa:pds:maven.lpw.derived:data.lp.nt:mvn_lpw_l2_lpnt_20221105::3.0
P,urn:nasa:pds:maven.lpw.derived:data.lp.nt:mvn_lpw_l2_lpnt_20221106::3.0
P,urn:nasa:pds:maven.lpw.derived:data.lp.nt:mvn_lpw_l2_lpnt_20221107::3.0
P,urn:nasa:pds:maven.lpw.derived:data.lp.nt:mvn_lpw_l2_lpnt_20221108::3.0
P,urn:nasa:pds:maven.lpw.derived:data.lp.nt:mvn_lpw_l2_lpnt_20221109::3.0
P,urn:nasa:pds:maven.lpw.derived:data.lp.nt:mvn_lpw_l2_lpnt_20221110::3.0
P,urn:nasa:pds:maven.lpw.derived:data.lp.nt:mvn_lpw_l2_lpnt_20221111::3.0
P,urn:nasa:pds:maven.lpw.derived:data.lp.nt:mvn_lpw_l2_lpnt_20221112::3.0
P,urn:nasa:pds:maven.lpw.derived:data.lp.nt:mvn_lpw_l2_lpnt_20221113::3.0
P,urn:nasa:pds:maven.lpw.derived:data.lp.nt:mvn_lpw_l2_lpnt_20221114::3.0
P,urn:nasa:pds:maven.lpw.derived:data.lp.nt:mvn_lpw_l2_lpnt_20221115::3.0
P,urn:nasa:pds:maven.lpw.derived:data.lp.nt:mvn_lpw_l2_lpnt_20221116::3.0
P,urn:nasa:pds:maven.lpw.derived:data.lp.nt:mvn_lpw_l2_lpnt_20221117::3.0
P,urn:nasa:pds:maven.lpw.derived:data.lp.nt:mvn_lpw_l2_lpnt_20221118::3.0
P,urn:nasa:pds:maven.lpw.derived:data.lp.nt:mvn_lpw_l2_lpnt_20221119::3.0
P,urn:nasa:pds:maven.lpw.derived:data.lp.nt:mvn_lpw_l2_lpnt_20221120::3.0
P,urn:nasa:pds:maven.lpw.derived:data.lp.nt:mvn_lpw_l2_lpnt_20221121::3.0
P,urn:nasa:pds:maven.lpw.derived:data.lp.nt:mvn_lpw_l2_lpnt_20221122::3.0
P,urn:nasa:pds:maven.lpw.derived:data.lp.nt:mvn_lpw_l2_lpnt_20221123::3.0
P,urn:nasa:pds:maven.lpw.derived:data.lp.nt:mvn_lpw_l2_lpnt_20221124::3.0
P,urn:nasa:pds:maven.lpw.derived:data.lp.nt:mvn_lpw_l2_lpnt_20221125::3.0
P,urn:nasa:pds:maven.lpw.derived:data.lp.nt:mvn_lpw_l2_lpnt_20221126::3.0
P,urn:nasa:pds:maven.lpw.derived:data.lp.nt:mvn_lpw_l2_lpnt_20221127::3.0
P,urn:nasa:pds:maven.lpw.derived:data.lp.nt:mvn_lpw_l2_lpnt_20221128::3.0
P,urn:nasa:pds:maven.lpw.derived:data.lp.nt:mvn_lpw_l2_lpnt_20221129::3.0
P,urn:nasa:pds:maven.lpw.derived:data.lp.nt:mvn_lpw_l2_lpnt_20221130::3.0
P,urn:nasa:pds:maven.lpw.derived:data.lp.nt:mvn_lpw_l2_lpnt_20221201::3.0
P,urn:nasa:pds:maven.lpw.derived:data.lp.nt:mvn_lpw_l2_lpnt_20221202::3.0
P,urn:nasa:pds:maven.lpw.derived:data.lp.nt:mvn_lpw_l2_lpnt_20221203::3.0
P,urn:nasa:pds:maven.lpw.derived:data.lp.nt:mvn_lpw_l2_lpnt_20221204::3.0
P,urn:nasa:pds:maven.lpw.derived:data.lp.nt:mvn_lpw_l2_lpnt_20221205::3.0
P,urn:nasa:pds:maven.lpw.derived:data.lp.nt:mvn_lpw_l2_lpnt_20221206::3.0
P,urn:nasa:pds:maven.lpw.derived:data.lp.nt:mvn_lpw_l2_lpnt_20221207::3.0
P,urn:nasa:pds:maven.lpw.derived:data.lp.nt:mvn_lpw_l2_lpnt_20221208::3.0
P,urn:nasa:pds:maven.lpw.derived:data.lp.nt:mvn_lpw_l2_lpnt_20221209::3.0
P,urn:nasa:pds:maven.lpw.derived:data.lp.nt:mvn_lpw_l2_lpnt_20221210::3.0
P,urn:nasa:pds:maven.lpw.derived:data.lp.nt:mvn_lpw_l2_lpnt_20221211::3.0
P,urn:nasa:pds:maven.lpw.derived:data.lp.nt:mvn_lpw_l2_lpnt_20221212::3.0
P,urn:nasa:pds:maven.lpw.derived:data.lp.nt:mvn_lpw_l2_lpnt_20221213::3.0
P,urn:nasa:pds:maven.lpw.derived:data.lp.nt:mvn_lpw_l2_lpnt_20221214::3.0
P,urn:nasa:pds:maven.lpw.derived:data.lp.nt:mvn_lpw_l2_lpnt_20221215::3.0
P,urn:nasa:pds:maven.lpw.derived:data.lp.nt:mvn_lpw_l2_lpnt_20221216::3.0
P,urn:nasa:pds:maven.lpw.derived:data.lp.nt:mvn_lpw_l2_lpnt_20221217::3.0
P,urn:nasa:pds:maven.lpw.derived:data.lp.nt:mvn_lpw_l2_lpnt_20221218::3.0
P,urn:nasa:pds:maven.lpw.derived:data.lp.nt:mvn_lpw_l2_lpnt_20221219::3.0
P,urn:nasa:pds:maven.lpw.derived:data.lp.nt:mvn_lpw_l2_lpnt_20221220::3.0
P,urn:nasa:pds:maven.lpw.derived:data.lp.nt:mvn_lpw_l2_lpnt_20221221::3.0
P,urn:nasa:pds:maven.lpw.derived:data.lp.nt:mvn_lpw_l2_lpnt_20221222::3.0
P,urn:nasa:pds:maven.lpw.derived:data.lp.nt:mvn_lpw_l2_lpnt_20221223::3.0
P,urn:nasa:pds:maven.lpw.derived:data.lp.nt:mvn_lpw_l2_lpnt_20221224::3.0
P,urn:nasa:pds:maven.lpw.derived:data.lp.nt:mvn_lpw_l2_lpnt_20221225::3.0
P,urn:nasa:pds:maven.lpw.derived:data.lp.nt:mvn_lpw_l2_lpnt_20221226::3.0
P,urn:nasa:pds:maven.lpw.derived:data.lp.nt:mvn_lpw_l2_lpnt_20221227::3.0
P,urn:nasa:pds:maven.lpw.derived:data.lp.nt:mvn_lpw_l2_lpnt_20221228::3.0
P,urn:nasa:pds:maven.lpw.derived:data.lp.nt:mvn_lpw_l2_lpnt_20221229::3.0
P,urn:nasa:pds:maven.lpw.derived:data.lp.nt:mvn_lpw_l2_lpnt_20221230::3.0
P,urn:nasa:pds:maven.lpw.derived:data.lp.nt:mvn_lpw_l2_lpnt_20221231::3.0
P,urn:nasa:pds:maven.lpw.derived:data.lp.nt:mvn_lpw_l2_lpnt_20230101::3.0
P,urn:nasa:pds:maven.lpw.derived:data.lp.nt:mvn_lpw_l2_lpnt_20230102::3.0
P,urn:nasa:pds:maven.lpw.derived:data.lp.nt:mvn_lpw_l2_lpnt_20230103::3.0
P,urn:nasa:pds:maven.lpw.derived:data.lp.nt:mvn_lpw_l2_lpnt_20230104::3.0
P,urn:nasa:pds:maven.lpw.derived:data.lp.nt:mvn_lpw_l2_lpnt_20230105::3.0
P,urn:nasa:pds:maven.lpw.derived:data.lp.nt:mvn_lpw_l2_lpnt_20230106::3.0
P,urn:nasa:pds:maven.lpw.derived:data.lp.nt:mvn_lpw_l2_lpnt_20230107::3.0
P,urn:nasa:pds:maven.lpw.derived:data.lp.nt:mvn_lpw_l2_lpnt_20230108::3.0
P,urn:nasa:pds:maven.lpw.derived:data.lp.nt:mvn_lpw_l2_lpnt_20230109::3.0
P,urn:nasa:pds:maven.lpw.derived:data.lp.nt:mvn_lpw_l2_lpnt_20230110::3.0
P,urn:nasa:pds:maven.lpw.derived:data.lp.nt:mvn_lpw_l2_lpnt_20230111::3.0
P,urn:nasa:pds:maven.lpw.derived:data.lp.nt:mvn_lpw_l2_lpnt_20230112::3.0
P,urn:nasa:pds:maven.lpw.derived:data.lp.nt:mvn_lpw_l2_lpnt_20230113::3.0
P,urn:nasa:pds:maven.lpw.derived:data.lp.nt:mvn_lpw_l2_lpnt_20230114::3.0
P,urn:nasa:pds:maven.lpw.derived:data.lp.nt:mvn_lpw_l2_lpnt_20230115::3.0
P,urn:nasa:pds:maven.lpw.derived:data.lp.nt:mvn_lpw_l2_lpnt_20230116::3.0
P,urn:nasa:pds:maven.lpw.derived:data.lp.nt:mvn_lpw_l2_lpnt_20230117::3.0
P,urn:nasa:pds:maven.lpw.derived:data.lp.nt:mvn_lpw_l2_lpnt_20230118::3.0
P,urn:nasa:pds:maven.lpw.derived:data.lp.nt:mvn_lpw_l2_lpnt_20230119::3.0
P,urn:nasa:pds:maven.lpw.derived:data.lp.nt:mvn_lpw_l2_lpnt_20230120::3.0
P,urn:nasa:pds:maven.lpw.derived:data.lp.nt:mvn_lpw_l2_lpnt_20230121::3.0
P,urn:nasa:pds:maven.lpw.derived:data.lp.nt:mvn_lpw_l2_lpnt_20230122::3.0
P,urn:nasa:pds:maven.lpw.derived:data.lp.nt:mvn_lpw_l2_lpnt_20230123::3.0
P,urn:nasa:pds:maven.lpw.derived:data.lp.nt:mvn_lpw_l2_lpnt_20230124::3.0
P,urn:nasa:pds:maven.lpw.derived:data.lp.nt:mvn_lpw_l2_lpnt_20230125::3.0
P,urn:nasa:pds:maven.lpw.derived:data.lp.nt:mvn_lpw_l2_lpnt_20230126::3.0
P,urn:nasa:pds:maven.lpw.derived:data.lp.nt:mvn_lpw_l2_lpnt_20230127::3.0
P,urn:nasa:pds:maven.lpw.derived:data.lp.nt:mvn_lpw_l2_lpnt_20230128::3.0
P,urn:nasa:pds:maven.lpw.derived:data.lp.nt:mvn_lpw_l2_lpnt_20230129::3.0
P,urn:nasa:pds:maven.lpw.derived:data.lp.nt:mvn_lpw_l2_lpnt_20230130::3.0
P,urn:nasa:pds:maven.lpw.derived:data.lp.nt:mvn_lpw_l2_lpnt_20230131::3.0
P,urn:nasa:pds:maven.lpw.derived:data.lp.nt:mvn_lpw_l2_lpnt_20230201::3.0
P,urn:nasa:pds:maven.lpw.derived:data.lp.nt:mvn_lpw_l2_lpnt_20230202::3.0
P,urn:nasa:pds:maven.lpw.derived:data.lp.nt:mvn_lpw_l2_lpnt_20230203::3.0
P,urn:nasa:pds:maven.lpw.derived:data.lp.nt:mvn_lpw_l2_lpnt_20230204::3.0
P,urn:nasa:pds:maven.lpw.derived:data.lp.nt:mvn_lpw_l2_lpnt_20230205::3.0
P,urn:nasa:pds:maven.lpw.derived:data.lp.nt:mvn_lpw_l2_lpnt_20230206::3.0
P,urn:nasa:pds:maven.lpw.derived:data.lp.nt:mvn_lpw_l2_lpnt_20230207::3.0
P,urn:nasa:pds:maven.lpw.derived:data.lp.nt:mvn_lpw_l2_lpnt_20230208::3.0
P,urn:nasa:pds:maven.lpw.derived:data.lp.nt:mvn_lpw_l2_lpnt_20230209::3.0
P,urn:nasa:pds:maven.lpw.derived:data.lp.nt:mvn_lpw_l2_lpnt_20230210::3.0
P,urn:nasa:pds:maven.lpw.derived:data.lp.nt:mvn_lpw_l2_lpnt_20230211::3.0
P,urn:nasa:pds:maven.lpw.derived:data.lp.nt:mvn_lpw_l2_lpnt_20230212::3.0
P,urn:nasa:pds:maven.lpw.derived:data.lp.nt:mvn_lpw_l2_lpnt_20230213::3.0
P,urn:nasa:pds:maven.lpw.derived:data.lp.nt:mvn_lpw_l2_lpnt_20230214::3.0
P,urn:nasa:pds:maven.lpw.derived:data.lp.nt:mvn_lpw_l2_lpnt_20230215::3.0
P,urn:nasa:pds:maven.lpw.derived:data.lp.nt:mvn_lpw_l2_lpnt_20230221::3.0
P,urn:nasa:pds:maven.lpw.derived:data.lp.nt:mvn_lpw_l2_lpnt_20230222::3.0
P,urn:nasa:pds:maven.lpw.derived:data.lp.nt:mvn_lpw_l2_lpnt_20230223::3.0
P,urn:nasa:pds:maven.lpw.derived:data.lp.nt:mvn_lpw_l2_lpnt_20230224::3.0
P,urn:nasa:pds:maven.lpw.derived:data.lp.nt:mvn_lpw_l2_lpnt_20230225::3.0
P,urn:nasa:pds:maven.lpw.derived:data.lp.nt:mvn_lpw_l2_lpnt_20230226::3.0
P,urn:nasa:pds:maven.lpw.derived:data.lp.nt:mvn_lpw_l2_lpnt_20230227::3.0
P,urn:nasa:pds:maven.lpw.derived:data.lp.nt:mvn_lpw_l2_lpnt_20230228::3.0
P,urn:nasa:pds:maven.lpw.derived:data.lp.nt:mvn_lpw_l2_lpnt_20230301::3.0
P,urn:nasa:pds:maven.lpw.derived:data.lp.nt:mvn_lpw_l2_lpnt_20230302::3.0
P,urn:nasa:pds:maven.lpw.derived:data.lp.nt:mvn_lpw_l2_lpnt_20230303::3.0
P,urn:nasa:pds:maven.lpw.derived:data.lp.nt:mvn_lpw_l2_lpnt_20230304::3.0
P,urn:nasa:pds:maven.lpw.derived:data.lp.nt:mvn_lpw_l2_lpnt_20230305::3.0
P,urn:nasa:pds:maven.lpw.derived:data.lp.nt:mvn_lpw_l2_lpnt_20230306::3.0
P,urn:nasa:pds:maven.lpw.derived:data.lp.nt:mvn_lpw_l2_lpnt_20230307::3.0
P,urn:nasa:pds:maven.lpw.derived:data.lp.nt:mvn_lpw_l2_lpnt_20230308::3.0
P,urn:nasa:pds:maven.lpw.derived:data.lp.nt:mvn_lpw_l2_lpnt_20230309::3.0
P,urn:nasa:pds:maven.lpw.derived:data.lp.nt:mvn_lpw_l2_lpnt_20230310::3.0
P,urn:nasa:pds:maven.lpw.derived:data.lp.nt:mvn_lpw_l2_lpnt_20230311::3.0
P,urn:nasa:pds:maven.lpw.derived:data.lp.nt:mvn_lpw_l2_lpnt_20230312::3.0
P,urn:nasa:pds:maven.lpw.derived:data.lp.nt:mvn_lpw_l2_lpnt_20230313::3.0
P,urn:nasa:pds:maven.lpw.derived:data.lp.nt:mvn_lpw_l2_lpnt_20230314::3.0
P,urn:nasa:pds:maven.lpw.derived:data.lp.nt:mvn_lpw_l2_lpnt_20230315::3.0
P,urn:nasa:pds:maven.lpw.derived:data.lp.nt:mvn_lpw_l2_lpnt_20230316::3.0
P,urn:nasa:pds:maven.lpw.derived:data.lp.nt:mvn_lpw_l2_lpnt_20230317::3.0
P,urn:nasa:pds:maven.lpw.derived:data.lp.nt:mvn_lpw_l2_lpnt_20230318::3.0
P,urn:nasa:pds:maven.lpw.derived:data.lp.nt:mvn_lpw_l2_lpnt_20230319::3.0
P,urn:nasa:pds:maven.lpw.derived:data.lp.nt:mvn_lpw_l2_lpnt_20230320::3.0
P,urn:nasa:pds:maven.lpw.derived:data.lp.nt:mvn_lpw_l2_lpnt_20230321::3.0
P,urn:nasa:pds:maven.lpw.derived:data.lp.nt:mvn_lpw_l2_lpnt_20230322::3.0
P,urn:nasa:pds:maven.lpw.derived:data.lp.nt:mvn_lpw_l2_lpnt_20230323::3.0
P,urn:nasa:pds:maven.lpw.derived:data.lp.nt:mvn_lpw_l2_lpnt_20230324::3.0
P,urn:nasa:pds:maven.lpw.derived:data.lp.nt:mvn_lpw_l2_lpnt_20230325::3.0
P,urn:nasa:pds:maven.lpw.derived:data.lp.nt:mvn_lpw_l2_lpnt_20230326::3.0
P,urn:nasa:pds:maven.lpw.derived:data.lp.nt:mvn_lpw_l2_lpnt_20230327::3.0
P,urn:nasa:pds:maven.lpw.derived:data.lp.nt:mvn_lpw_l2_lpnt_20230328::3.0
P,urn:nasa:pds:maven.lpw.derived:data.lp.nt:mvn_lpw_l2_lpnt_20230329::3.0
P,urn:nasa:pds:maven.lpw.derived:data.lp.nt:mvn_lpw_l2_lpnt_20230330::3.0
P,urn:nasa:pds:maven.lpw.derived:data.lp.nt:mvn_lpw_l2_lpnt_20230331::3.0
P,urn:nasa:pds:maven.lpw.derived:data.lp.nt:mvn_lpw_l2_lpnt_20230401::3.0
P,urn:nasa:pds:maven.lpw.derived:data.lp.nt:mvn_lpw_l2_lpnt_20230402::3.0
P,urn:nasa:pds:maven.lpw.derived:data.lp.nt:mvn_lpw_l2_lpnt_20230403::3.0
P,urn:nasa:pds:maven.lpw.derived:data.lp.nt:mvn_lpw_l2_lpnt_20230404::3.0
P,urn:nasa:pds:maven.lpw.derived:data.lp.nt:mvn_lpw_l2_lpnt_20230405::3.0
P,urn:nasa:pds:maven.lpw.derived:data.lp.nt:mvn_lpw_l2_lpnt_20230406::3.0
P,urn:nasa:pds:maven.lpw.derived:data.lp.nt:mvn_lpw_l2_lpnt_20230407::3.0
P,urn:nasa:pds:maven.lpw.derived:data.lp.nt:mvn_lpw_l2_lpnt_20230408::3.0
P,urn:nasa:pds:maven.lpw.derived:data.lp.nt:mvn_lpw_l2_lpnt_20230409::3.0
P,urn:nasa:pds:maven.lpw.derived:data.lp.nt:mvn_lpw_l2_lpnt_20230410::3.0
P,urn:nasa:pds:maven.lpw.derived:data.lp.nt:mvn_lpw_l2_lpnt_20230411::3.0
P,urn:nasa:pds:maven.lpw.derived:data.lp.nt:mvn_lpw_l2_lpnt_20230412::3.0
P,urn:nasa:pds:maven.lpw.derived:data.lp.nt:mvn_lpw_l2_lpnt_20230413::3.0
P,urn:nasa:pds:maven.lpw.derived:data.lp.nt:mvn_lpw_l2_lpnt_20230414::3.0
P,urn:nasa:pds:maven.lpw.derived:data.lp.nt:mvn_lpw_l2_lpnt_20230415::3.0
P,urn:nasa:pds:maven.lpw.derived:data.lp.nt:mvn_lpw_l2_lpnt_20230416::3.0
P,urn:nasa:pds:maven.lpw.derived:data.lp.nt:mvn_lpw_l2_lpnt_20230417::3.0
P,urn:nasa:pds:maven.lpw.derived:data.lp.nt:mvn_lpw_l2_lpnt_20230418::3.0
P,urn:nasa:pds:maven.lpw.derived:data.lp.nt:mvn_lpw_l2_lpnt_20230419::3.0
P,urn:nasa:pds:maven.lpw.derived:data.lp.nt:mvn_lpw_l2_lpnt_20230420::3.0
P,urn:nasa:pds:maven.lpw.derived:data.lp.nt:mvn_lpw_l2_lpnt_20230421::3.0
P,urn:nasa:pds:maven.lpw.derived:data.lp.nt:mvn_lpw_l2_lpnt_20230422::3.0
P,urn:nasa:pds:maven.lpw.derived:data.lp.nt:mvn_lpw_l2_lpnt_20230423::3.0
P,urn:nasa:pds:maven.lpw.derived:data.lp.nt:mvn_lpw_l2_lpnt_20230424::3.0
P,urn:nasa:pds:maven.lpw.derived:data.lp.nt:mvn_lpw_l2_lpnt_20230425::3.0
P,urn:nasa:pds:maven.lpw.derived:data.lp.nt:mvn_lpw_l2_lpnt_20230426::3.0
P,urn:nasa:pds:maven.lpw.derived:data.lp.nt:mvn_lpw_l2_lpnt_20230427::3.0
P,urn:nasa:pds:maven.lpw.derived:data.lp.nt:mvn_lpw_l2_lpnt_20230428::3.0
P,urn:nasa:pds:maven.lpw.derived:data.lp.nt:mvn_lpw_l2_lpnt_20230429::3.0
P,urn:nasa:pds:maven.lpw.derived:data.lp.nt:mvn_lpw_l2_lpnt_20230430::3.0
P,urn:nasa:pds:maven.lpw.derived:data.lp.nt:mvn_lpw_l2_lpnt_20230501::3.0
P,urn:nasa:pds:maven.lpw.derived:data.lp.nt:mvn_lpw_l2_lpnt_20230502::3.0
P,urn:nasa:pds:maven.lpw.derived:data.lp.nt:mvn_lpw_l2_lpnt_20230503::3.0
P,urn:nasa:pds:maven.lpw.derived:data.lp.nt:mvn_lpw_l2_lpnt_20230504::3.0
P,urn:nasa:pds:maven.lpw.derived:data.lp.nt:mvn_lpw_l2_lpnt_20230505::3.0
P,urn:nasa:pds:maven.lpw.derived:data.lp.nt:mvn_lpw_l2_lpnt_20230506::3.0
P,urn:nasa:pds:maven.lpw.derived:data.lp.nt:mvn_lpw_l2_lpnt_20230507::3.0
P,urn:nasa:pds:maven.lpw.derived:data.lp.nt:mvn_lpw_l2_lpnt_20230508::3.0
P,urn:nasa:pds:maven.lpw.derived:data.lp.nt:mvn_lpw_l2_lpnt_20230509::3.0
P,urn:nasa:pds:maven.lpw.derived:data.lp.nt:mvn_lpw_l2_lpnt_20230510::3.0
P,urn:nasa:pds:maven.lpw.derived:data.lp.nt:mvn_lpw_l2_lpnt_20230511::3.0
P,urn:nasa:pds:maven.lpw.derived:data.lp.nt:mvn_lpw_l2_lpnt_20230512::3.0
P,urn:nasa:pds:maven.lpw.derived:data.lp.nt:mvn_lpw_l2_lpnt_20230513::3.0
P,urn:nasa:pds:maven.lpw.derived:data.lp.nt:mvn_lpw_l2_lpnt_20230514::3.0
P,urn:nasa:pds:maven.lpw.derived:data.lp.nt:mvn_lpw_l2_lpnt_20230515::3.0
P,urn:nasa:pds:maven.lpw.derived:data.lp.nt:mvn_lpw_l2_lpnt_20230516::3.0
P,urn:nasa:pds:maven.lpw.derived:data.lp.nt:mvn_lpw_l2_lpnt_20230517::3.0
P,urn:nasa:pds:maven.lpw.derived:data.lp.nt:mvn_lpw_l2_lpnt_20230518::3.0
P,urn:nasa:pds:maven.lpw.derived:data.lp.nt:mvn_lpw_l2_lpnt_20230519::3.0
P,urn:nasa:pds:maven.lpw.derived:data.lp.nt:mvn_lpw_l2_lpnt_20230520::3.0
P,urn:nasa:pds:maven.lpw.derived:data.lp.nt:mvn_lpw_l2_lpnt_20230521::3.0
P,urn:nasa:pds:maven.lpw.derived:data.lp.nt:mvn_lpw_l2_lpnt_20230522::3.0
P,urn:nasa:pds:maven.lpw.derived:data.lp.nt:mvn_lpw_l2_lpnt_20230523::3.0
P,urn:nasa:pds:maven.lpw.derived:data.lp.nt:mvn_lpw_l2_lpnt_20230524::3.0
P,urn:nasa:pds:maven.lpw.derived:data.lp.nt:mvn_lpw_l2_lpnt_20230525::3.0
P,urn:nasa:pds:maven.lpw.derived:data.lp.nt:mvn_lpw_l2_lpnt_20230526::3.0
P,urn:nasa:pds:maven.lpw.derived:data.lp.nt:mvn_lpw_l2_lpnt_20230527::3.0
P,urn:nasa:pds:maven.lpw.derived:data.lp.nt:mvn_lpw_l2_lpnt_20230528::3.0
P,urn:nasa:pds:maven.lpw.derived:data.lp.nt:mvn_lpw_l2_lpnt_20230529::3.0
P,urn:nasa:pds:maven.lpw.derived:data.lp.nt:mvn_lpw_l2_lpnt_20230530::3.0
P,urn:nasa:pds:maven.lpw.derived:data.lp.nt:mvn_lpw_l2_lpnt_20230531::3.0
P,urn:nasa:pds:maven.lpw.derived:data.lp.nt:mvn_lpw_l2_lpnt_20230601::3.0
P,urn:nasa:pds:maven.lpw.derived:data.lp.nt:mvn_lpw_l2_lpnt_20230602::3.0
P,urn:nasa:pds:maven.lpw.derived:data.lp.nt:mvn_lpw_l2_lpnt_20230603::3.0
P,urn:nasa:pds:maven.lpw.derived:data.lp.nt:mvn_lpw_l2_lpnt_20230604::3.0
P,urn:nasa:pds:maven.lpw.derived:data.lp.nt:mvn_lpw_l2_lpnt_20230605::3.0
P,urn:nasa:pds:maven.lpw.derived:data.lp.nt:mvn_lpw_l2_lpnt_20230606::3.0
P,urn:nasa:pds:maven.lpw.derived:data.lp.nt:mvn_lpw_l2_lpnt_20230607::3.0
P,urn:nasa:pds:maven.lpw.derived:data.lp.nt:mvn_lpw_l2_lpnt_20230608::3.0
P,urn:nasa:pds:maven.lpw.derived:data.lp.nt:mvn_lpw_l2_lpnt_20230609::3.0
P,urn:nasa:pds:maven.lpw.derived:data.lp.nt:mvn_lpw_l2_lpnt_20230610::3.0
P,urn:nasa:pds:maven.lpw.derived:data.lp.nt:mvn_lpw_l2_lpnt_20230611::3.0
P,urn:nasa:pds:maven.lpw.derived:data.lp.nt:mvn_lpw_l2_lpnt_20230612::3.0
P,urn:nasa:pds:maven.lpw.derived:data.lp.nt:mvn_lpw_l2_lpnt_20230613::3.0
P,urn:nasa:pds:maven.lpw.derived:data.lp.nt:mvn_lpw_l2_lpnt_20230614::3.0
P,urn:nasa:pds:maven.lpw.derived:data.lp.nt:mvn_lpw_l2_lpnt_20230615::3.0
P,urn:nasa:pds:maven.lpw.derived:data.lp.nt:mvn_lpw_l2_lpnt_20230616::3.0
P,urn:nasa:pds:maven.lpw.derived:data.lp.nt:mvn_lpw_l2_lpnt_20230617::3.0
P,urn:nasa:pds:maven.lpw.derived:data.lp.nt:mvn_lpw_l2_lpnt_20230618::3.0
P,urn:nasa:pds:maven.lpw.derived:data.lp.nt:mvn_lpw_l2_lpnt_20230619::3.0
P,urn:nasa:pds:maven.lpw.derived:data.lp.nt:mvn_lpw_l2_lpnt_20230620::3.0
P,urn:nasa:pds:maven.lpw.derived:data.lp.nt:mvn_lpw_l2_lpnt_20230621::3.0
P,urn:nasa:pds:maven.lpw.derived:data.lp.nt:mvn_lpw_l2_lpnt_20230622::3.0
P,urn:nasa:pds:maven.lpw.derived:data.lp.nt:mvn_lpw_l2_lpnt_20230623::3.0
P,urn:nasa:pds:maven.lpw.derived:data.lp.nt:mvn_lpw_l2_lpnt_20230624::3.0
P,urn:nasa:pds:maven.lpw.derived:data.lp.nt:mvn_lpw_l2_lpnt_20230625::3.0
P,urn:nasa:pds:maven.lpw.derived:data.lp.nt:mvn_lpw_l2_lpnt_20230626::3.0
P,urn:nasa:pds:maven.lpw.derived:data.lp.nt:mvn_lpw_l2_lpnt_20230627::3.0
P,urn:nasa:pds:maven.lpw.derived:data.lp.nt:mvn_lpw_l2_lpnt_20230628::3.0
P,urn:nasa:pds:maven.lpw.derived:data.lp.nt:mvn_lpw_l2_lpnt_20230629::3.0
P,urn:nasa:pds:maven.lpw.derived:data.lp.nt:mvn_lpw_l2_lpnt_20230630::3.0
P,urn:nasa:pds:maven.lpw.derived:data.lp.nt:mvn_lpw_l2_lpnt_20230701::3.0
P,urn:nasa:pds:maven.lpw.derived:data.lp.nt:mvn_lpw_l2_lpnt_20230702::3.0
P,urn:nasa:pds:maven.lpw.derived:data.lp.nt:mvn_lpw_l2_lpnt_20230703::3.0
P,urn:nasa:pds:maven.lpw.derived:data.lp.nt:mvn_lpw_l2_lpnt_20230704::3.0
P,urn:nasa:pds:maven.lpw.derived:data.lp.nt:mvn_lpw_l2_lpnt_20230705::3.0
P,urn:nasa:pds:maven.lpw.derived:data.lp.nt:mvn_lpw_l2_lpnt_20230706::3.0
P,urn:nasa:pds:maven.lpw.derived:data.lp.nt:mvn_lpw_l2_lpnt_20230707::3.0
P,urn:nasa:pds:maven.lpw.derived:data.lp.nt:mvn_lpw_l2_lpnt_20230708::3.0
P,urn:nasa:pds:maven.lpw.derived:data.lp.nt:mvn_lpw_l2_lpnt_20230709::3.0
P,urn:nasa:pds:maven.lpw.derived:data.lp.nt:mvn_lpw_l2_lpnt_20230710::3.0
P,urn:nasa:pds:maven.lpw.derived:data.lp.nt:mvn_lpw_l2_lpnt_20230711::3.0
P,urn:nasa:pds:maven.lpw.derived:data.lp.nt:mvn_lpw_l2_lpnt_20230712::3.0
P,urn:nasa:pds:maven.lpw.derived:data.lp.nt:mvn_lpw_l2_lpnt_20230713::3.0
P,urn:nasa:pds:maven.lpw.derived:data.lp.nt:mvn_lpw_l2_lpnt_20230714::3.0
P,urn:nasa:pds:maven.lpw.derived:data.lp.nt:mvn_lpw_l2_lpnt_20230715::3.0
P,urn:nasa:pds:maven.lpw.derived:data.lp.nt:mvn_lpw_l2_lpnt_20230716::3.0
P,urn:nasa:pds:maven.lpw.derived:data.lp.nt:mvn_lpw_l2_lpnt_20230717::3.0
P,urn:nasa:pds:maven.lpw.derived:data.lp.nt:mvn_lpw_l2_lpnt_20230718::3.0
P,urn:nasa:pds:maven.lpw.derived:data.lp.nt:mvn_lpw_l2_lpnt_20230719::3.0
P,urn:nasa:pds:maven.lpw.derived:data.lp.nt:mvn_lpw_l2_lpnt_20230720::3.0
P,urn:nasa:pds:maven.lpw.derived:data.lp.nt:mvn_lpw_l2_lpnt_20230721::3.0
P,urn:nasa:pds:maven.lpw.derived:data.lp.nt:mvn_lpw_l2_lpnt_20230722::3.0
P,urn:nasa:pds:maven.lpw.derived:data.lp.nt:mvn_lpw_l2_lpnt_20230723::3.0
P,urn:nasa:pds:maven.lpw.derived:data.lp.nt:mvn_lpw_l2_lpnt_20230724::3.0
P,urn:nasa:pds:maven.lpw.derived:data.lp.nt:mvn_lpw_l2_lpnt_20230725::3.0
P,urn:nasa:pds:maven.lpw.derived:data.lp.nt:mvn_lpw_l2_lpnt_20230726::3.0
P,urn:nasa:pds:maven.lpw.derived:data.lp.nt:mvn_lpw_l2_lpnt_20230727::3.0
P,urn:nasa:pds:maven.lpw.derived:data.lp.nt:mvn_lpw_l2_lpnt_20230728::3.0
P,urn:nasa:pds:maven.lpw.derived:data.lp.nt:mvn_lpw_l2_lpnt_20230729::3.0
P,urn:nasa:pds:maven.lpw.derived:data.lp.nt:mvn_lpw_l2_lpnt_20230730::3.0
P,urn:nasa:pds:maven.lpw.derived:data.lp.nt:mvn_lpw_l2_lpnt_20230731::3.0
P,urn:nasa:pds:maven.lpw.derived:data.lp.nt:mvn_lpw_l2_lpnt_20230801::3.0
P,urn:nasa:pds:maven.lpw.derived:data.lp.nt:mvn_lpw_l2_lpnt_20230802::3.0
P,urn:nasa:pds:maven.lpw.derived:data.lp.nt:mvn_lpw_l2_lpnt_20230803::3.0
P,urn:nasa:pds:maven.lpw.derived:data.lp.nt:mvn_lpw_l2_lpnt_20230804::3.0
P,urn:nasa:pds:maven.lpw.derived:data.lp.nt:mvn_lpw_l2_lpnt_20230805::3.0
P,urn:nasa:pds:maven.lpw.derived:data.lp.nt:mvn_lpw_l2_lpnt_20230806::3.0
P,urn:nasa:pds:maven.lpw.derived:data.lp.nt:mvn_lpw_l2_lpnt_20230807::3.0
P,urn:nasa:pds:maven.lpw.derived:data.lp.nt:mvn_lpw_l2_lpnt_20230808::3.0
P,urn:nasa:pds:maven.lpw.derived:data.lp.nt:mvn_lpw_l2_lpnt_20230809::3.0
P,urn:nasa:pds:maven.lpw.derived:data.lp.nt:mvn_lpw_l2_lpnt_20230810::3.0
P,urn:nasa:pds:maven.lpw.derived:data.lp.nt:mvn_lpw_l2_lpnt_20230811::3.0
P,urn:nasa:pds:maven.lpw.derived:data.lp.nt:mvn_lpw_l2_lpnt_20230812::3.0
P,urn:nasa:pds:maven.lpw.derived:data.lp.nt:mvn_lpw_l2_lpnt_20230813::3.0
P,urn:nasa:pds:maven.lpw.derived:data.lp.nt:mvn_lpw_l2_lpnt_20230814::3.0
P,urn:nasa:pds:maven.lpw.derived:data.lp.nt:mvn_lpw_l2_lpnt_20230815::3.0
P,urn:nasa:pds:maven.lpw.derived:data.lp.nt:mvn_lpw_l2_lpnt_20230816::3.0
P,urn:nasa:pds:maven.lpw.derived:data.lp.nt:mvn_lpw_l2_lpnt_20230817::3.0
P,urn:nasa:pds:maven.lpw.derived:data.lp.nt:mvn_lpw_l2_lpnt_20230818::3.0
P,urn:nasa:pds:maven.lpw.derived:data.lp.nt:mvn_lpw_l2_lpnt_20230819::3.0
P,urn:nasa:pds:maven.lpw.derived:data.lp.nt:mvn_lpw_l2_lpnt_20230820::3.0
P,urn:nasa:pds:maven.lpw.derived:data.lp.nt:mvn_lpw_l2_lpnt_20230821::3.0
P,urn:nasa:pds:maven.lpw.derived:data.lp.nt:mvn_lpw_l2_lpnt_20230822::3.0
P,urn:nasa:pds:maven.lpw.derived:data.lp.nt:mvn_lpw_l2_lpnt_20230823::3.0
P,urn:nasa:pds:maven.lpw.derived:data.lp.nt:mvn_lpw_l2_lpnt_20230824::3.0
P,urn:nasa:pds:maven.lpw.derived:data.lp.nt:mvn_lpw_l2_lpnt_20230825::3.0
P,urn:nasa:pds:maven.lpw.derived:data.lp.nt:mvn_lpw_l2_lpnt_20230826::3.0
P,urn:nasa:pds:maven.lpw.derived:data.lp.nt:mvn_lpw_l2_lpnt_20230827::3.0
P,urn:nasa:pds:maven.lpw.derived:data.lp.nt:mvn_lpw_l2_lpnt_20230828::3.0
P,urn:nasa:pds:maven.lpw.derived:data.lp.nt:mvn_lpw_l2_lpnt_20230829::3.0
P,urn:nasa:pds:maven.lpw.derived:data.lp.nt:mvn_lpw_l2_lpnt_20230830::3.0
P,urn:nasa:pds:maven.lpw.derived:data.lp.nt:mvn_lpw_l2_lpnt_20230831::3.0
P,urn:nasa:pds:maven.lpw.derived:data.lp.nt:mvn_lpw_l2_lpnt_20230901::3.0
P,urn:nasa:pds:maven.lpw.derived:data.lp.nt:mvn_lpw_l2_lpnt_20230902::3.0
P,urn:nasa:pds:maven.lpw.derived:data.lp.nt:mvn_lpw_l2_lpnt_20230903::3.0
P,urn:nasa:pds:maven.lpw.derived:data.lp.nt:mvn_lpw_l2_lpnt_20230904::3.0
P,urn:nasa:pds:maven.lpw.derived:data.lp.nt:mvn_lpw_l2_lpnt_20230905::3.0
P,urn:nasa:pds:maven.lpw.derived:data.lp.nt:mvn_lpw_l2_lpnt_20230906::3.0
P,urn:nasa:pds:maven.lpw.derived:data.lp.nt:mvn_lpw_l2_lpnt_20230907::3.0
P,urn:nasa:pds:maven.lpw.derived:data.lp.nt:mvn_lpw_l2_lpnt_20230908::3.0
P,urn:nasa:pds:maven.lpw.derived:data.lp.nt:mvn_lpw_l2_lpnt_20230909::3.0
P,urn:nasa:pds:maven.lpw.derived:data.lp.nt:mvn_lpw_l2_lpnt_20230910::3.0
P,urn:nasa:pds:maven.lpw.derived:data.lp.nt:mvn_lpw_l2_lpnt_20230911::3.0
P,urn:nasa:pds:maven.lpw.derived:data.lp.nt:mvn_lpw_l2_lpnt_20230912::3.0
P,urn:nasa:pds:maven.lpw.derived:data.lp.nt:mvn_lpw_l2_lpnt_20230913::3.0
P,urn:nasa:pds:maven.lpw.derived:data.lp.nt:mvn_lpw_l2_lpnt_20230914::3.0
P,urn:nasa:pds:maven.lpw.derived:data.lp.nt:mvn_lpw_l2_lpnt_20230915::3.0
P,urn:nasa:pds:maven.lpw.derived:data.lp.nt:mvn_lpw_l2_lpnt_20230916::3.0
P,urn:nasa:pds:maven.lpw.derived:data.lp.nt:mvn_lpw_l2_lpnt_20230917::3.0
P,urn:nasa:pds:maven.lpw.derived:data.lp.nt:mvn_lpw_l2_lpnt_20230918::3.0
P,urn:nasa:pds:maven.lpw.derived:data.lp.nt:mvn_lpw_l2_lpnt_20230919::3.0
P,urn:nasa:pds:maven.lpw.derived:data.lp.nt:mvn_lpw_l2_lpnt_20230920::3.0
P,urn:nasa:pds:maven.lpw.derived:data.lp.nt:mvn_lpw_l2_lpnt_20230921::3.0
P,urn:nasa:pds:maven.lpw.derived:data.lp.nt:mvn_lpw_l2_lpnt_20230922::3.0
P,urn:nasa:pds:maven.lpw.derived:data.lp.nt:mvn_lpw_l2_lpnt_20230923::3.0
P,urn:nasa:pds:maven.lpw.derived:data.lp.nt:mvn_lpw_l2_lpnt_20230924::3.0
P,urn:nasa:pds:maven.lpw.derived:data.lp.nt:mvn_lpw_l2_lpnt_20230925::3.0
P,urn:nasa:pds:maven.lpw.derived:data.lp.nt:mvn_lpw_l2_lpnt_20230926::3.0
P,urn:nasa:pds:maven.lpw.derived:data.lp.nt:mvn_lpw_l2_lpnt_20230927::3.0
P,urn:nasa:pds:maven.lpw.derived:data.lp.nt:mvn_lpw_l2_lpnt_20230928::3.0
P,urn:nasa:pds:maven.lpw.derived:data.lp.nt:mvn_lpw_l2_lpnt_20230929::3.0
P,urn:nasa:pds:maven.lpw.derived:data.lp.nt:mvn_lpw_l2_lpnt_20230930::3.0
P,urn:nasa:pds:maven.lpw.derived:data.lp.nt:mvn_lpw_l2_lpnt_20231001::3.0
P,urn:nasa:pds:maven.lpw.derived:data.lp.nt:mvn_lpw_l2_lpnt_20231002::3.0
P,urn:nasa:pds:maven.lpw.derived:data.lp.nt:mvn_lpw_l2_lpnt_20231003::3.0
P,urn:nasa:pds:maven.lpw.derived:data.lp.nt:mvn_lpw_l2_lpnt_20231004::3.0
P,urn:nasa:pds:maven.lpw.derived:data.lp.nt:mvn_lpw_l2_lpnt_20231005::3.0
P,urn:nasa:pds:maven.lpw.derived:data.lp.nt:mvn_lpw_l2_lpnt_20231006::3.0
P,urn:nasa:pds:maven.lpw.derived:data.lp.nt:mvn_lpw_l2_lpnt_20231007::3.0
P,urn:nasa:pds:maven.lpw.derived:data.lp.nt:mvn_lpw_l2_lpnt_20231008::3.0
P,urn:nasa:pds:maven.lpw.derived:data.lp.nt:mvn_lpw_l2_lpnt_20231009::3.0
P,urn:nasa:pds:maven.lpw.derived:data.lp.nt:mvn_lpw_l2_lpnt_20231010::3.0
P,urn:nasa:pds:maven.lpw.derived:data.lp.nt:mvn_lpw_l2_lpnt_20231011::3.0
P,urn:nasa:pds:maven.lpw.derived:data.lp.nt:mvn_lpw_l2_lpnt_20231012::3.0
P,urn:nasa:pds:maven.lpw.derived:data.lp.nt:mvn_lpw_l2_lpnt_20231013::3.0
P,urn:nasa:pds:maven.lpw.derived:data.lp.nt:mvn_lpw_l2_lpnt_20231014::3.0
P,urn:nasa:pds:maven.lpw.derived:data.lp.nt:mvn_lpw_l2_lpnt_20231015::3.0
P,urn:nasa:pds:maven.lpw.derived:data.lp.nt:mvn_lpw_l2_lpnt_20231016::3.0
P,urn:nasa:pds:maven.lpw.derived:data.lp.nt:mvn_lpw_l2_lpnt_20231017::3.0
P,urn:nasa:pds:maven.lpw.derived:data.lp.nt:mvn_lpw_l2_lpnt_20231018::3.0
P,urn:nasa:pds:maven.lpw.derived:data.lp.nt:mvn_lpw_l2_lpnt_20231019::3.0
P,urn:nasa:pds:maven.lpw.derived:data.lp.nt:mvn_lpw_l2_lpnt_20231020::3.0
P,urn:nasa:pds:maven.lpw.derived:data.lp.nt:mvn_lpw_l2_lpnt_20231021::3.0
P,urn:nasa:pds:maven.lpw.derived:data.lp.nt:mvn_lpw_l2_lpnt_20231022::3.0
P,urn:nasa:pds:maven.lpw.derived:data.lp.nt:mvn_lpw_l2_lpnt_20231023::3.0
P,urn:nasa:pds:maven.lpw.derived:data.lp.nt:mvn_lpw_l2_lpnt_20231024::3.0
P,urn:nasa:pds:maven.lpw.derived:data.lp.nt:mvn_lpw_l2_lpnt_20231025::3.0
P,urn:nasa:pds:maven.lpw.derived:data.lp.nt:mvn_lpw_l2_lpnt_20231026::3.0
P,urn:nasa:pds:maven.lpw.derived:data.lp.nt:mvn_lpw_l2_lpnt_20231027::3.0
P,urn:nasa:pds:maven.lpw.derived:data.lp.nt:mvn_lpw_l2_lpnt_20231028::3.0
P,urn:nasa:pds:maven.lpw.derived:data.lp.nt:mvn_lpw_l2_lpnt_20231029::3.0
P,urn:nasa:pds:maven.lpw.derived:data.lp.nt:mvn_lpw_l2_lpnt_20231030::3.0
P,urn:nasa:pds:maven.lpw.derived:data.lp.nt:mvn_lpw_l2_lpnt_20231031::3.0
P,urn:nasa:pds:maven.lpw.derived:data.lp.nt:mvn_lpw_l2_lpnt_20231101::3.0
P,urn:nasa:pds:maven.lpw.derived:data.lp.nt:mvn_lpw_l2_lpnt_20231102::3.0
P,urn:nasa:pds:maven.lpw.derived:data.lp.nt:mvn_lpw_l2_lpnt_20231103::3.0
P,urn:nasa:pds:maven.lpw.derived:data.lp.nt:mvn_lpw_l2_lpnt_20231104::3.0
P,urn:nasa:pds:maven.lpw.derived:data.lp.nt:mvn_lpw_l2_lpnt_20231105::3.0
P,urn:nasa:pds:maven.lpw.derived:data.lp.nt:mvn_lpw_l2_lpnt_20231106::3.0
P,urn:nasa:pds:maven.lpw.derived:data.lp.nt:mvn_lpw_l2_lpnt_20231107::3.0
P,urn:nasa:pds:maven.lpw.derived:data.lp.nt:mvn_lpw_l2_lpnt_20231108::3.0
P,urn:nasa:pds:maven.lpw.derived:data.lp.nt:mvn_lpw_l2_lpnt_20231109::3.0
P,urn:nasa:pds:maven.lpw.derived:data.lp.nt:mvn_lpw_l2_lpnt_20231110::3.0
P,urn:nasa:pds:maven.lpw.derived:data.lp.nt:mvn_lpw_l2_lpnt_20231111::3.0
P,urn:nasa:pds:maven.lpw.derived:data.lp.nt:mvn_lpw_l2_lpnt_20231112::3.0
P,urn:nasa:pds:maven.lpw.derived:data.lp.nt:mvn_lpw_l2_lpnt_20231113::3.0
P,urn:nasa:pds:maven.lpw.derived:data.lp.nt:mvn_lpw_l2_lpnt_20231114::3.0
P,urn:nasa:pds:maven.lpw.derived:data.lp.nt:mvn_lpw_l2_lpnt_20231115::3.0
P,urn:nasa:pds:maven.lpw.derived:data.lp.nt:mvn_lpw_l2_lpnt_20231116::3.0
P,urn:nasa:pds:maven.lpw.derived:data.lp.nt:mvn_lpw_l2_lpnt_20231117::3.0
P,urn:nasa:pds:maven.lpw.derived:data.lp.nt:mvn_lpw_l2_lpnt_20231118::3.0
P,urn:nasa:pds:maven.lpw.derived:data.lp.nt:mvn_lpw_l2_lpnt_20231119::3.0
P,urn:nasa:pds:maven.lpw.derived:data.lp.nt:mvn_lpw_l2_lpnt_20231120::3.0
P,urn:nasa:pds:maven.lpw.derived:data.lp.nt:mvn_lpw_l2_lpnt_20231121::3.0
P,urn:nasa:pds:maven.lpw.derived:data.lp.nt:mvn_lpw_l2_lpnt_20231122::3.0
P,urn:nasa:pds:maven.lpw.derived:data.lp.nt:mvn_lpw_l2_lpnt_20231123::3.0
P,urn:nasa:pds:maven.lpw.derived:data.lp.nt:mvn_lpw_l2_lpnt_20231124::3.0
P,urn:nasa:pds:maven.lpw.derived:data.lp.nt:mvn_lpw_l2_lpnt_20231125::3.0
P,urn:nasa:pds:maven.lpw.derived:data.lp.nt:mvn_lpw_l2_lpnt_20231126::3.0
P,urn:nasa:pds:maven.lpw.derived:data.lp.nt:mvn_lpw_l2_lpnt_20231127::3.0
P,urn:nasa:pds:maven.lpw.derived:data.lp.nt:mvn_lpw_l2_lpnt_20231128::3.0
P,urn:nasa:pds:maven.lpw.derived:data.lp.nt:mvn_lpw_l2_lpnt_20231129::3.0
P,urn:nasa:pds:maven.lpw.derived:data.lp.nt:mvn_lpw_l2_lpnt_20231130::3.0
P,urn:nasa:pds:maven.lpw.derived:data.lp.nt:mvn_lpw_l2_lpnt_20231201::3.0
P,urn:nasa:pds:maven.lpw.derived:data.lp.nt:mvn_lpw_l2_lpnt_20231202::3.0
P,urn:nasa:pds:maven.lpw.derived:data.lp.nt:mvn_lpw_l2_lpnt_20231203::3.0
P,urn:nasa:pds:maven.lpw.derived:data.lp.nt:mvn_lpw_l2_lpnt_20231204::3.0
P,urn:nasa:pds:maven.lpw.derived:data.lp.nt:mvn_lpw_l2_lpnt_20231205::3.0
P,urn:nasa:pds:maven.lpw.derived:data.lp.nt:mvn_lpw_l2_lpnt_20231206::3.0
P,urn:nasa:pds:maven.lpw.derived:data.lp.nt:mvn_lpw_l2_lpnt_20231207::3.0
P,urn:nasa:pds:maven.lpw.derived:data.lp.nt:mvn_lpw_l2_lpnt_20231208::3.0
P,urn:nasa:pds:maven.lpw.derived:data.lp.nt:mvn_lpw_l2_lpnt_20231209::3.0
P,urn:nasa:pds:maven.lpw.derived:data.lp.nt:mvn_lpw_l2_lpnt_20231210::3.0
P,urn:nasa:pds:maven.lpw.derived:data.lp.nt:mvn_lpw_l2_lpnt_20231211::3.0
P,urn:nasa:pds:maven.lpw.derived:data.lp.nt:mvn_lpw_l2_lpnt_20231212::3.0
P,urn:nasa:pds:maven.lpw.derived:data.lp.nt:mvn_lpw_l2_lpnt_20231213::3.0
P,urn:nasa:pds:maven.lpw.derived:data.lp.nt:mvn_lpw_l2_lpnt_20231214::3.0
P,urn:nasa:pds:maven.lpw.derived:data.lp.nt:mvn_lpw_l2_lpnt_20231215::3.0
P,urn:nasa:pds:maven.lpw.derived:data.lp.nt:mvn_lpw_l2_lpnt_20231216::3.0
P,urn:nasa:pds:maven.lpw.derived:data.lp.nt:mvn_lpw_l2_lpnt_20231217::3.0
P,urn:nasa:pds:maven.lpw.derived:data.lp.nt:mvn_lpw_l2_lpnt_20231218::3.0
P,urn:nasa:pds:maven.lpw.derived:data.lp.nt:mvn_lpw_l2_lpnt_20231219::3.0
P,urn:nasa:pds:maven.lpw.derived:data.lp.nt:mvn_lpw_l2_lpnt_20231220::3.0
P,urn:nasa:pds:maven.lpw.derived:data.lp.nt:mvn_lpw_l2_lpnt_20231221::3.0
P,urn:nasa:pds:maven.lpw.derived:data.lp.nt:mvn_lpw_l2_lpnt_20231222::3.0
P,urn:nasa:pds:maven.lpw.derived:data.lp.nt:mvn_lpw_l2_lpnt_20231223::3.0
P,urn:nasa:pds:maven.lpw.derived:data.lp.nt:mvn_lpw_l2_lpnt_20231224::3.0
P,urn:nasa:pds:maven.lpw.derived:data.lp.nt:mvn_lpw_l2_lpnt_20231225::3.0
P,urn:nasa:pds:maven.lpw.derived:data.lp.nt:mvn_lpw_l2_lpnt_20231226::3.0
P,urn:nasa:pds:maven.lpw.derived:data.lp.nt:mvn_lpw_l2_lpnt_20231227::3.0
P,urn:nasa:pds:maven.lpw.derived:data.lp.nt:mvn_lpw_l2_lpnt_20231228::3.0
P,urn:nasa:pds:maven.lpw.derived:data.lp.nt:mvn_lpw_l2_lpnt_20231229::3.0
P,urn:nasa:pds:maven.lpw.derived:data.lp.nt:mvn_lpw_l2_lpnt_20231230::3.0
P,urn:nasa:pds:maven.lpw.derived:data.lp.nt:mvn_lpw_l2_lpnt_20231231::3.0
P,urn:nasa:pds:maven.lpw.derived:data.lp.nt:mvn_lpw_l2_lpnt_20240101::3.0
P,urn:nasa:pds:maven.lpw.derived:data.lp.nt:mvn_lpw_l2_lpnt_20240102::3.0
P,urn:nasa:pds:maven.lpw.derived:data.lp.nt:mvn_lpw_l2_lpnt_20240103::3.0
P,urn:nasa:pds:maven.lpw.derived:data.lp.nt:mvn_lpw_l2_lpnt_20240104::3.0
P,urn:nasa:pds:maven.lpw.derived:data.lp.nt:mvn_lpw_l2_lpnt_20240105::3.0
P,urn:nasa:pds:maven.lpw.derived:data.lp.nt:mvn_lpw_l2_lpnt_20240106::3.0
P,urn:nasa:pds:maven.lpw.derived:data.lp.nt:mvn_lpw_l2_lpnt_20240107::3.0
P,urn:nasa:pds:maven.lpw.derived:data.lp.nt:mvn_lpw_l2_lpnt_20240108::3.0
P,urn:nasa:pds:maven.lpw.derived:data.lp.nt:mvn_lpw_l2_lpnt_20240109::3.0
P,urn:nasa:pds:maven.lpw.derived:data.lp.nt:mvn_lpw_l2_lpnt_20240110::3.0
P,urn:nasa:pds:maven.lpw.derived:data.lp.nt:mvn_lpw_l2_lpnt_20240111::3.0
P,urn:nasa:pds:maven.lpw.derived:data.lp.nt:mvn_lpw_l2_lpnt_20240112::3.0
P,urn:nasa:pds:maven.lpw.derived:data.lp.nt:mvn_lpw_l2_lpnt_20240113::3.0
P,urn:nasa:pds:maven.lpw.derived:data.lp.nt:mvn_lpw_l2_lpnt_20240114::3.0
P,urn:nasa:pds:maven.lpw.derived:data.lp.nt:mvn_lpw_l2_lpnt_20240115::3.0
P,urn:nasa:pds:maven.lpw.derived:data.lp.nt:mvn_lpw_l2_lpnt_20240116::3.0
P,urn:nasa:pds:maven.lpw.derived:data.lp.nt:mvn_lpw_l2_lpnt_20240117::3.0
P,urn:nasa:pds:maven.lpw.derived:data.lp.nt:mvn_lpw_l2_lpnt_20240118::3.0
P,urn:nasa:pds:maven.lpw.derived:data.lp.nt:mvn_lpw_l2_lpnt_20240119::3.0
P,urn:nasa:pds:maven.lpw.derived:data.lp.nt:mvn_lpw_l2_lpnt_20240120::3.0
P,urn:nasa:pds:maven.lpw.derived:data.lp.nt:mvn_lpw_l2_lpnt_20240121::3.0
P,urn:nasa:pds:maven.lpw.derived:data.lp.nt:mvn_lpw_l2_lpnt_20240122::3.0
P,urn:nasa:pds:maven.lpw.derived:data.lp.nt:mvn_lpw_l2_lpnt_20240123::3.0
P,urn:nasa:pds:maven.lpw.derived:data.lp.nt:mvn_lpw_l2_lpnt_20240124::3.0
P,urn:nasa:pds:maven.lpw.derived:data.lp.nt:mvn_lpw_l2_lpnt_20240125::3.0
P,urn:nasa:pds:maven.lpw.derived:data.lp.nt:mvn_lpw_l2_lpnt_20240126::3.0
P,urn:nasa:pds:maven.lpw.derived:data.lp.nt:mvn_lpw_l2_lpnt_20240127::3.0
P,urn:nasa:pds:maven.lpw.derived:data.lp.nt:mvn_lpw_l2_lpnt_20240128::3.0
P,urn:nasa:pds:maven.lpw.derived:data.lp.nt:mvn_lpw_l2_lpnt_20240129::3.0
P,urn:nasa:pds:maven.lpw.derived:data.lp.nt:mvn_lpw_l2_lpnt_20240130::3.0
P,urn:nasa:pds:maven.lpw.derived:data.lp.nt:mvn_lpw_l2_lpnt_20240131::3.0
P,urn:nasa:pds:maven.lpw.derived:data.lp.nt:mvn_lpw_l2_lpnt_20240201::3.0
P,urn:nasa:pds:maven.lpw.derived:data.lp.nt:mvn_lpw_l2_lpnt_20240202::3.0
P,urn:nasa:pds:maven.lpw.derived:data.lp.nt:mvn_lpw_l2_lpnt_20240203::3.0
P,urn:nasa:pds:maven.lpw.derived:data.lp.nt:mvn_lpw_l2_lpnt_20240204::3.0
P,urn:nasa:pds:maven.lpw.derived:data.lp.nt:mvn_lpw_l2_lpnt_20240205::3.0
P,urn:nasa:pds:maven.lpw.derived:data.lp.nt:mvn_lpw_l2_lpnt_20240206::3.0
P,urn:nasa:pds:maven.lpw.derived:data.lp.nt:mvn_lpw_l2_lpnt_20240207::3.0
P,urn:nasa:pds:maven.lpw.derived:data.lp.nt:mvn_lpw_l2_lpnt_20240208::3.0
P,urn:nasa:pds:maven.lpw.derived:data.lp.nt:mvn_lpw_l2_lpnt_20240209::3.0
P,urn:nasa:pds:maven.lpw.derived:data.lp.nt:mvn_lpw_l2_lpnt_20240210::3.0
P,urn:nasa:pds:maven.lpw.derived:data.lp.nt:mvn_lpw_l2_lpnt_20240211::3.0
P,urn:nasa:pds:maven.lpw.derived:data.lp.nt:mvn_lpw_l2_lpnt_20240212::3.0
P,urn:nasa:pds:maven.lpw.derived:data.lp.nt:mvn_lpw_l2_lpnt_20240213::3.0
P,urn:nasa:pds:maven.lpw.derived:data.lp.nt:mvn_lpw_l2_lpnt_20240214::3.0
P,urn:nasa:pds:maven.lpw.derived:data.lp.nt:mvn_lpw_l2_lpnt_20240215::2.0
P,urn:nasa:pds:maven.lpw.derived:data.lp.nt:mvn_lpw_l2_lpnt_20240216::2.0
P,urn:nasa:pds:maven.lpw.derived:data.lp.nt:mvn_lpw_l2_lpnt_20240217::2.0
P,urn:nasa:pds:maven.lpw.derived:data.lp.nt:mvn_lpw_l2_lpnt_20240218::2.0
P,urn:nasa:pds:maven.lpw.derived:data.lp.nt:mvn_lpw_l2_lpnt_20240219::2.0
P,urn:nasa:pds:maven.lpw.derived:data.lp.nt:mvn_lpw_l2_lpnt_20240220::2.0
P,urn:nasa:pds:maven.lpw.derived:data.lp.nt:mvn_lpw_l2_lpnt_20240221::2.0
P,urn:nasa:pds:maven.lpw.derived:data.lp.nt:mvn_lpw_l2_lpnt_20240222::2.0
P,urn:nasa:pds:maven.lpw.derived:data.lp.nt:mvn_lpw_l2_lpnt_20240223::2.0
P,urn:nasa:pds:maven.lpw.derived:data.lp.nt:mvn_lpw_l2_lpnt_20240224::2.0
P,urn:nasa:pds:maven.lpw.derived:data.lp.nt:mvn_lpw_l2_lpnt_20240225::2.0
P,urn:nasa:pds:maven.lpw.derived:data.lp.nt:mvn_lpw_l2_lpnt_20240226::2.0
P,urn:nasa:pds:maven.lpw.derived:data.lp.nt:mvn_lpw_l2_lpnt_20240227::2.0
P,urn:nasa:pds:maven.lpw.derived:data.lp.nt:mvn_lpw_l2_lpnt_20240228::2.0
P,urn:nasa:pds:maven.lpw.derived:data.lp.nt:mvn_lpw_l2_lpnt_20240229::2.0
P,urn:nasa:pds:maven.lpw.derived:data.lp.nt:mvn_lpw_l2_lpnt_20240301::2.0
P,urn:nasa:pds:maven.lpw.derived:data.lp.nt:mvn_lpw_l2_lpnt_20240302::2.0
P,urn:nasa:pds:maven.lpw.derived:data.lp.nt:mvn_lpw_l2_lpnt_20240303::2.0
P,urn:nasa:pds:maven.lpw.derived:data.lp.nt:mvn_lpw_l2_lpnt_20240304::2.0
P,urn:nasa:pds:maven.lpw.derived:data.lp.nt:mvn_lpw_l2_lpnt_20240305::2.0
P,urn:nasa:pds:maven.lpw.derived:data.lp.nt:mvn_lpw_l2_lpnt_20240306::2.0
P,urn:nasa:pds:maven.lpw.derived:data.lp.nt:mvn_lpw_l2_lpnt_20240307::2.0
P,urn:nasa:pds:maven.lpw.derived:data.lp.nt:mvn_lpw_l2_lpnt_20240308::2.0
P,urn:nasa:pds:maven.lpw.derived:data.lp.nt:mvn_lpw_l2_lpnt_20240309::2.0
P,urn:nasa:pds:maven.lpw.derived:data.lp.nt:mvn_lpw_l2_lpnt_20240310::2.0
P,urn:nasa:pds:maven.lpw.derived:data.lp.nt:mvn_lpw_l2_lpnt_20240311::2.0
P,urn:nasa:pds:maven.lpw.derived:data.lp.nt:mvn_lpw_l2_lpnt_20240312::2.0
P,urn:nasa:pds:maven.lpw.derived:data.lp.nt:mvn_lpw_l2_lpnt_20240313::2.0
P,urn:nasa:pds:maven.lpw.derived:data.lp.nt:mvn_lpw_l2_lpnt_20240314::2.0
P,urn:nasa:pds:maven.lpw.derived:data.lp.nt:mvn_lpw_l2_lpnt_20240315::2.0
P,urn:nasa:pds:maven.lpw.derived:data.lp.nt:mvn_lpw_l2_lpnt_20240316::2.0
P,urn:nasa:pds:maven.lpw.derived:data.lp.nt:mvn_lpw_l2_lpnt_20240317::2.0
P,urn:nasa:pds:maven.lpw.derived:data.lp.nt:mvn_lpw_l2_lpnt_20240318::2.0
P,urn:nasa:pds:maven.lpw.derived:data.lp.nt:mvn_lpw_l2_lpnt_20240319::2.0
P,urn:nasa:pds:maven.lpw.derived:data.lp.nt:mvn_lpw_l2_lpnt_20240320::2.0
P,urn:nasa:pds:maven.lpw.derived:data.lp.nt:mvn_lpw_l2_lpnt_20240321::2.0
P,urn:nasa:pds:maven.lpw.derived:data.lp.nt:mvn_lpw_l2_lpnt_20240322::2.0
P,urn:nasa:pds:maven.lpw.derived:data.lp.nt:mvn_lpw_l2_lpnt_20240323::2.0
P,urn:nasa:pds:maven.lpw.derived:data.lp.nt:mvn_lpw_l2_lpnt_20240324::2.0
P,urn:nasa:pds:maven.lpw.derived:data.lp.nt:mvn_lpw_l2_lpnt_20240325::2.0
P,urn:nasa:pds:maven.lpw.derived:data.lp.nt:mvn_lpw_l2_lpnt_20240326::2.0
P,urn:nasa:pds:maven.lpw.derived:data.lp.nt:mvn_lpw_l2_lpnt_20240327::2.0
P,urn:nasa:pds:maven.lpw.derived:data.lp.nt:mvn_lpw_l2_lpnt_20240328::2.0
P,urn:nasa:pds:maven.lpw.derived:data.lp.nt:mvn_lpw_l2_lpnt_20240329::2.0
P,urn:nasa:pds:maven.lpw.derived:data.lp.nt:mvn_lpw_l2_lpnt_20240330::2.0
P,urn:nasa:pds:maven.lpw.derived:data.lp.nt:mvn_lpw_l2_lpnt_20240331::2.0
P,urn:nasa:pds:maven.lpw.derived:data.lp.nt:mvn_lpw_l2_lpnt_20240401::2.0
P,urn:nasa:pds:maven.lpw.derived:data.lp.nt:mvn_lpw_l2_lpnt_20240402::2.0
P,urn:nasa:pds:maven.lpw.derived:data.lp.nt:mvn_lpw_l2_lpnt_20240403::2.0
P,urn:nasa:pds:maven.lpw.derived:data.lp.nt:mvn_lpw_l2_lpnt_20240404::2.0
P,urn:nasa:pds:maven.lpw.derived:data.lp.nt:mvn_lpw_l2_lpnt_20240405::2.0
P,urn:nasa:pds:maven.lpw.derived:data.lp.nt:mvn_lpw_l2_lpnt_20240406::2.0
P,urn:nasa:pds:maven.lpw.derived:data.lp.nt:mvn_lpw_l2_lpnt_20240407::2.0
P,urn:nasa:pds:maven.lpw.derived:data.lp.nt:mvn_lpw_l2_lpnt_20240408::2.0
P,urn:nasa:pds:maven.lpw.derived:data.lp.nt:mvn_lpw_l2_lpnt_20240409::2.0
P,urn:nasa:pds:maven.lpw.derived:data.lp.nt:mvn_lpw_l2_lpnt_20240410::2.0
P,urn:nasa:pds:maven.lpw.derived:data.lp.nt:mvn_lpw_l2_lpnt_20240411::2.0
P,urn:nasa:pds:maven.lpw.derived:data.lp.nt:mvn_lpw_l2_lpnt_20240412::2.0
P,urn:nasa:pds:maven.lpw.derived:data.lp.nt:mvn_lpw_l2_lpnt_20240413::2.0
P,urn:nasa:pds:maven.lpw.derived:data.lp.nt:mvn_lpw_l2_lpnt_20240414::2.0
P,urn:nasa:pds:maven.lpw.derived:data.lp.nt:mvn_lpw_l2_lpnt_20240415::2.0
P,urn:nasa:pds:maven.lpw.derived:data.lp.nt:mvn_lpw_l2_lpnt_20240416::2.0
P,urn:nasa:pds:maven.lpw.derived:data.lp.nt:mvn_lpw_l2_lpnt_20240417::2.0
P,urn:nasa:pds:maven.lpw.derived:data.lp.nt:mvn_lpw_l2_lpnt_20240418::2.0
P,urn:nasa:pds:maven.lpw.derived:data.lp.nt:mvn_lpw_l2_lpnt_20240419::2.0
P,urn:nasa:pds:maven.lpw.derived:data.lp.nt:mvn_lpw_l2_lpnt_20240420::2.0
P,urn:nasa:pds:maven.lpw.derived:data.lp.nt:mvn_lpw_l2_lpnt_20240421::2.0
P,urn:nasa:pds:maven.lpw.derived:data.lp.nt:mvn_lpw_l2_lpnt_20240422::2.0
P,urn:nasa:pds:maven.lpw.derived:data.lp.nt:mvn_lpw_l2_lpnt_20240423::2.0
P,urn:nasa:pds:maven.lpw.derived:data.lp.nt:mvn_lpw_l2_lpnt_20240424::2.0
P,urn:nasa:pds:maven.lpw.derived:data.lp.nt:mvn_lpw_l2_lpnt_20240425::2.0
P,urn:nasa:pds:maven.lpw.derived:data.lp.nt:mvn_lpw_l2_lpnt_20240426::2.0
P,urn:nasa:pds:maven.lpw.derived:data.lp.nt:mvn_lpw_l2_lpnt_20240427::2.0
P,urn:nasa:pds:maven.lpw.derived:data.lp.nt:mvn_lpw_l2_lpnt_20240428::2.0
P,urn:nasa:pds:maven.lpw.derived:data.lp.nt:mvn_lpw_l2_lpnt_20240429::2.0
P,urn:nasa:pds:maven.lpw.derived:data.lp.nt:mvn_lpw_l2_lpnt_20240430::2.0
P,urn:nasa:pds:maven.lpw.derived:data.lp.nt:mvn_lpw_l2_lpnt_20240501::2.0
P,urn:nasa:pds:maven.lpw.derived:data.lp.nt:mvn_lpw_l2_lpnt_20240502::2.0
P,urn:nasa:pds:maven.lpw.derived:data.lp.nt:mvn_lpw_l2_lpnt_20240503::2.0
P,urn:nasa:pds:maven.lpw.derived:data.lp.nt:mvn_lpw_l2_lpnt_20240504::2.0
P,urn:nasa:pds:maven.lpw.derived:data.lp.nt:mvn_lpw_l2_lpnt_20240505::2.0
P,urn:nasa:pds:maven.lpw.derived:data.lp.nt:mvn_lpw_l2_lpnt_20240506::2.0
P,urn:nasa:pds:maven.lpw.derived:data.lp.nt:mvn_lpw_l2_lpnt_20240507::2.0
P,urn:nasa:pds:maven.lpw.derived:data.lp.nt:mvn_lpw_l2_lpnt_20240508::2.0
P,urn:nasa:pds:maven.lpw.derived:data.lp.nt:mvn_lpw_l2_lpnt_20240509::2.0
P,urn:nasa:pds:maven.lpw.derived:data.lp.nt:mvn_lpw_l2_lpnt_20240510::2.0
P,urn:nasa:pds:maven.lpw.derived:data.lp.nt:mvn_lpw_l2_lpnt_20240511::2.0
P,urn:nasa:pds:maven.lpw.derived:data.lp.nt:mvn_lpw_l2_lpnt_20240512::2.0
P,urn:nasa:pds:maven.lpw.derived:data.lp.nt:mvn_lpw_l2_lpnt_20240513::2.0
P,urn:nasa:pds:maven.lpw.derived:data.lp.nt:mvn_lpw_l2_lpnt_20240514::2.0
P,urn:nasa:pds:maven.lpw.derived:data.lp.nt:mvn_lpw_l2_lpnt_20240515::2.0
P,urn:nasa:pds:maven.lpw.derived:data.lp.nt:mvn_lpw_l2_lpnt_20240516::2.0
P,urn:nasa:pds:maven.lpw.derived:data.lp.nt:mvn_lpw_l2_lpnt_20240517::2.0
P,urn:nasa:pds:maven.lpw.derived:data.lp.nt:mvn_lpw_l2_lpnt_20240518::2.0
P,urn:nasa:pds:maven.lpw.derived:data.lp.nt:mvn_lpw_l2_lpnt_20240519::2.0
P,urn:nasa:pds:maven.lpw.derived:data.lp.nt:mvn_lpw_l2_lpnt_20240520::2.0
P,urn:nasa:pds:maven.lpw.derived:data.lp.nt:mvn_lpw_l2_lpnt_20240521::2.0
P,urn:nasa:pds:maven.lpw.derived:data.lp.nt:mvn_lpw_l2_lpnt_20240522::2.0
P,urn:nasa:pds:maven.lpw.derived:data.lp.nt:mvn_lpw_l2_lpnt_20240523::2.0
P,urn:nasa:pds:maven.lpw.derived:data.lp.nt:mvn_lpw_l2_lpnt_20240524::2.0
P,urn:nasa:pds:maven.lpw.derived:data.lp.nt:mvn_lpw_l2_lpnt_20240525::2.0
P,urn:nasa:pds:maven.lpw.derived:data.lp.nt:mvn_lpw_l2_lpnt_20240526::2.0
P,urn:nasa:pds:maven.lpw.derived:data.lp.nt:mvn_lpw_l2_lpnt_20240527::2.0
P,urn:nasa:pds:maven.lpw.derived:data.lp.nt:mvn_lpw_l2_lpnt_20240528::2.0
P,urn:nasa:pds:maven.lpw.derived:data.lp.nt:mvn_lpw_l2_lpnt_20240529::2.0
P,urn:nasa:pds:maven.lpw.derived:data.lp.nt:mvn_lpw_l2_lpnt_20240530::2.0
P,urn:nasa:pds:maven.lpw.derived:data.lp.nt:mvn_lpw_l2_lpnt_20240531::2.0
P,urn:nasa:pds:maven.lpw.derived:data.lp.nt:mvn_lpw_l2_lpnt_20240601::2.0
P,urn:nasa:pds:maven.lpw.derived:data.lp.nt:mvn_lpw_l2_lpnt_20240602::2.0
P,urn:nasa:pds:maven.lpw.derived:data.lp.nt:mvn_lpw_l2_lpnt_20240603::2.0
P,urn:nasa:pds:maven.lpw.derived:data.lp.nt:mvn_lpw_l2_lpnt_20240604::2.0
P,urn:nasa:pds:maven.lpw.derived:data.lp.nt:mvn_lpw_l2_lpnt_20240605::2.0
P,urn:nasa:pds:maven.lpw.derived:data.lp.nt:mvn_lpw_l2_lpnt_20240606::2.0
P,urn:nasa:pds:maven.lpw.derived:data.lp.nt:mvn_lpw_l2_lpnt_20240607::2.0
P,urn:nasa:pds:maven.lpw.derived:data.lp.nt:mvn_lpw_l2_lpnt_20240608::2.0
P,urn:nasa:pds:maven.lpw.derived:data.lp.nt:mvn_lpw_l2_lpnt_20240609::2.0
P,urn:nasa:pds:maven.lpw.derived:data.lp.nt:mvn_lpw_l2_lpnt_20240610::2.0
P,urn:nasa:pds:maven.lpw.derived:data.lp.nt:mvn_lpw_l2_lpnt_20240611::2.0
P,urn:nasa:pds:maven.lpw.derived:data.lp.nt:mvn_lpw_l2_lpnt_20240612::2.0
P,urn:nasa:pds:maven.lpw.derived:data.lp.nt:mvn_lpw_l2_lpnt_20240613::2.0
P,urn:nasa:pds:maven.lpw.derived:data.lp.nt:mvn_lpw_l2_lpnt_20240614::2.0
P,urn:nasa:pds:maven.lpw.derived:data.lp.nt:mvn_lpw_l2_lpnt_20240615::2.0
P,urn:nasa:pds:maven.lpw.derived:data.lp.nt:mvn_lpw_l2_lpnt_20240616::2.0
P,urn:nasa:pds:maven.lpw.derived:data.lp.nt:mvn_lpw_l2_lpnt_20240617::2.0
P,urn:nasa:pds:maven.lpw.derived:data.lp.nt:mvn_lpw_l2_lpnt_20240618::2.0
P,urn:nasa:pds:maven.lpw.derived:data.lp.nt:mvn_lpw_l2_lpnt_20240619::2.0
P,urn:nasa:pds:maven.lpw.derived:data.lp.nt:mvn_lpw_l2_lpnt_20240620::2.0
P,urn:nasa:pds:maven.lpw.derived:data.lp.nt:mvn_lpw_l2_lpnt_20240621::2.0
P,urn:nasa:pds:maven.lpw.derived:data.lp.nt:mvn_lpw_l2_lpnt_20240622::2.0
P,urn:nasa:pds:maven.lpw.derived:data.lp.nt:mvn_lpw_l2_lpnt_20240623::2.0
P,urn:nasa:pds:maven.lpw.derived:data.lp.nt:mvn_lpw_l2_lpnt_20240624::2.0
P,urn:nasa:pds:maven.lpw.derived:data.lp.nt:mvn_lpw_l2_lpnt_20240625::2.0
P,urn:nasa:pds:maven.lpw.derived:data.lp.nt:mvn_lpw_l2_lpnt_20240626::2.0
P,urn:nasa:pds:maven.lpw.derived:data.lp.nt:mvn_lpw_l2_lpnt_20240627::2.0
P,urn:nasa:pds:maven.lpw.derived:data.lp.nt:mvn_lpw_l2_lpnt_20240628::2.0
P,urn:nasa:pds:maven.lpw.derived:data.lp.nt:mvn_lpw_l2_lpnt_20240629::2.0
P,urn:nasa:pds:maven.lpw.derived:data.lp.nt:mvn_lpw_l2_lpnt_20240630::2.0
P,urn:nasa:pds:maven.lpw.derived:data.lp.nt:mvn_lpw_l2_lpnt_20240701::2.0
P,urn:nasa:pds:maven.lpw.derived:data.lp.nt:mvn_lpw_l2_lpnt_20240702::2.0
P,urn:nasa:pds:maven.lpw.derived:data.lp.nt:mvn_lpw_l2_lpnt_20240703::2.0
P,urn:nasa:pds:maven.lpw.derived:data.lp.nt:mvn_lpw_l2_lpnt_20240704::2.0
P,urn:nasa:pds:maven.lpw.derived:data.lp.nt:mvn_lpw_l2_lpnt_20240705::2.0
P,urn:nasa:pds:maven.lpw.derived:data.lp.nt:mvn_lpw_l2_lpnt_20240706::2.0
P,urn:nasa:pds:maven.lpw.derived:data.lp.nt:mvn_lpw_l2_lpnt_20240707::2.0
P,urn:nasa:pds:maven.lpw.derived:data.lp.nt:mvn_lpw_l2_lpnt_20240708::2.0
P,urn:nasa:pds:maven.lpw.derived:data.lp.nt:mvn_lpw_l2_lpnt_20240709::2.0
P,urn:nasa:pds:maven.lpw.derived:data.lp.nt:mvn_lpw_l2_lpnt_20240710::2.0
P,urn:nasa:pds:maven.lpw.derived:data.lp.nt:mvn_lpw_l2_lpnt_20240711::2.0
P,urn:nasa:pds:maven.lpw.derived:data.lp.nt:mvn_lpw_l2_lpnt_20240712::2.0
P,urn:nasa:pds:maven.lpw.derived:data.lp.nt:mvn_lpw_l2_lpnt_20240713::2.0
P,urn:nasa:pds:maven.lpw.derived:data.lp.nt:mvn_lpw_l2_lpnt_20240714::2.0
P,urn:nasa:pds:maven.lpw.derived:data.lp.nt:mvn_lpw_l2_lpnt_20240715::2.0
P,urn:nasa:pds:maven.lpw.derived:data.lp.nt:mvn_lpw_l2_lpnt_20240716::2.0
P,urn:nasa:pds:maven.lpw.derived:data.lp.nt:mvn_lpw_l2_lpnt_20240717::2.0
P,urn:nasa:pds:maven.lpw.derived:data.lp.nt:mvn_lpw_l2_lpnt_20240718::2.0
P,urn:nasa:pds:maven.lpw.derived:data.lp.nt:mvn_lpw_l2_lpnt_20240719::2.0
P,urn:nasa:pds:maven.lpw.derived:data.lp.nt:mvn_lpw_l2_lpnt_20240720::2.0
P,urn:nasa:pds:maven.lpw.derived:data.lp.nt:mvn_lpw_l2_lpnt_20240721::2.0
P,urn:nasa:pds:maven.lpw.derived:data.lp.nt:mvn_lpw_l2_lpnt_20240722::2.0
P,urn:nasa:pds:maven.lpw.derived:data.lp.nt:mvn_lpw_l2_lpnt_20240723::2.0
P,urn:nasa:pds:maven.lpw.derived:data.lp.nt:mvn_lpw_l2_lpnt_20240724::2.0
P,urn:nasa:pds:maven.lpw.derived:data.lp.nt:mvn_lpw_l2_lpnt_20240725::2.0
P,urn:nasa:pds:maven.lpw.derived:data.lp.nt:mvn_lpw_l2_lpnt_20240726::2.0
P,urn:nasa:pds:maven.lpw.derived:data.lp.nt:mvn_lpw_l2_lpnt_20240727::2.0
P,urn:nasa:pds:maven.lpw.derived:data.lp.nt:mvn_lpw_l2_lpnt_20240728::2.0
P,urn:nasa:pds:maven.lpw.derived:data.lp.nt:mvn_lpw_l2_lpnt_20240729::2.0
P,urn:nasa:pds:maven.lpw.derived:data.lp.nt:mvn_lpw_l2_lpnt_20240730::2.0
P,urn:nasa:pds:maven.lpw.derived:data.lp.nt:mvn_lpw_l2_lpnt_20240731::2.0
P,urn:nasa:pds:maven.lpw.derived:data.lp.nt:mvn_lpw_l2_lpnt_20240801::2.0
P,urn:nasa:pds:maven.lpw.derived:data.lp.nt:mvn_lpw_l2_lpnt_20240802::2.0
P,urn:nasa:pds:maven.lpw.derived:data.lp.nt:mvn_lpw_l2_lpnt_20240803::2.0
P,urn:nasa:pds:maven.lpw.derived:data.lp.nt:mvn_lpw_l2_lpnt_20240804::2.0
P,urn:nasa:pds:maven.lpw.derived:data.lp.nt:mvn_lpw_l2_lpnt_20240805::2.0
P,urn:nasa:pds:maven.lpw.derived:data.lp.nt:mvn_lpw_l2_lpnt_20240806::2.0
P,urn:nasa:pds:maven.lpw.derived:data.lp.nt:mvn_lpw_l2_lpnt_20240807::2.0
P,urn:nasa:pds:maven.lpw.derived:data.lp.nt:mvn_lpw_l2_lpnt_20240808::2.0
P,urn:nasa:pds:maven.lpw.derived:data.lp.nt:mvn_lpw_l2_lpnt_20240809::2.0
P,urn:nasa:pds:maven.lpw.derived:data.lp.nt:mvn_lpw_l2_lpnt_20240810::2.0
P,urn:nasa:pds:maven.lpw.derived:data.lp.nt:mvn_lpw_l2_lpnt_20240811::2.0
P,urn:nasa:pds:maven.lpw.derived:data.lp.nt:mvn_lpw_l2_lpnt_20240812::2.0
P,urn:nasa:pds:maven.lpw.derived:data.lp.nt:mvn_lpw_l2_lpnt_20240813::2.0
P,urn:nasa:pds:maven.lpw.derived:data.lp.nt:mvn_lpw_l2_lpnt_20240814::2.0
P,urn:nasa:pds:maven.lpw.derived:data.lp.nt:mvn_lpw_l2_lpnt_20240815::3.0
P,urn:nasa:pds:maven.lpw.derived:data.lp.nt:mvn_lpw_l2_lpnt_20240816::3.0
P,urn:nasa:pds:maven.lpw.derived:data.lp.nt:mvn_lpw_l2_lpnt_20240817::3.0
P,urn:nasa:pds:maven.lpw.derived:data.lp.nt:mvn_lpw_l2_lpnt_20240818::3.0
P,urn:nasa:pds:maven.lpw.derived:data.lp.nt:mvn_lpw_l2_lpnt_20240819::3.0
P,urn:nasa:pds:maven.lpw.derived:data.lp.nt:mvn_lpw_l2_lpnt_20240820::3.0
P,urn:nasa:pds:maven.lpw.derived:data.lp.nt:mvn_lpw_l2_lpnt_20240821::3.0
P,urn:nasa:pds:maven.lpw.derived:data.lp.nt:mvn_lpw_l2_lpnt_20240822::3.0
P,urn:nasa:pds:maven.lpw.derived:data.lp.nt:mvn_lpw_l2_lpnt_20240823::3.0
P,urn:nasa:pds:maven.lpw.derived:data.lp.nt:mvn_lpw_l2_lpnt_20240824::3.0
P,urn:nasa:pds:maven.lpw.derived:data.lp.nt:mvn_lpw_l2_lpnt_20240825::3.0
P,urn:nasa:pds:maven.lpw.derived:data.lp.nt:mvn_lpw_l2_lpnt_20240826::3.0
P,urn:nasa:pds:maven.lpw.derived:data.lp.nt:mvn_lpw_l2_lpnt_20240827::3.0
P,urn:nasa:pds:maven.lpw.derived:data.lp.nt:mvn_lpw_l2_lpnt_20240828::3.0
P,urn:nasa:pds:maven.lpw.derived:data.lp.nt:mvn_lpw_l2_lpnt_20240829::3.0
P,urn:nasa:pds:maven.lpw.derived:data.lp.nt:mvn_lpw_l2_lpnt_20240830::3.0
P,urn:nasa:pds:maven.lpw.derived:data.lp.nt:mvn_lpw_l2_lpnt_20240831::3.0
P,urn:nasa:pds:maven.lpw.derived:data.lp.nt:mvn_lpw_l2_lpnt_20240901::3.0
P,urn:nasa:pds:maven.lpw.derived:data.lp.nt:mvn_lpw_l2_lpnt_20240902::3.0
P,urn:nasa:pds:maven.lpw.derived:data.lp.nt:mvn_lpw_l2_lpnt_20240903::3.0
P,urn:nasa:pds:maven.lpw.derived:data.lp.nt:mvn_lpw_l2_lpnt_20240904::3.0
P,urn:nasa:pds:maven.lpw.derived:data.lp.nt:mvn_lpw_l2_lpnt_20240905::3.0
P,urn:nasa:pds:maven.lpw.derived:data.lp.nt:mvn_lpw_l2_lpnt_20240906::3.0
P,urn:nasa:pds:maven.lpw.derived:data.lp.nt:mvn_lpw_l2_lpnt_20240907::3.0
P,urn:nasa:pds:maven.lpw.derived:data.lp.nt:mvn_lpw_l2_lpnt_20240908::3.0
P,urn:nasa:pds:maven.lpw.derived:data.lp.nt:mvn_lpw_l2_lpnt_20240909::3.0
P,urn:nasa:pds:maven.lpw.derived:data.lp.nt:mvn_lpw_l2_lpnt_20240910::3.0
P,urn:nasa:pds:maven.lpw.derived:data.lp.nt:mvn_lpw_l2_lpnt_20240911::3.0
P,urn:nasa:pds:maven.lpw.derived:data.lp.nt:mvn_lpw_l2_lpnt_20240912::3.0
P,urn:nasa:pds:maven.lpw.derived:data.lp.nt:mvn_lpw_l2_lpnt_20240913::3.0
P,urn:nasa:pds:maven.lpw.derived:data.lp.nt:mvn_lpw_l2_lpnt_20240914::3.0
P,urn:nasa:pds:maven.lpw.derived:data.lp.nt:mvn_lpw_l2_lpnt_20240915::3.0
P,urn:nasa:pds:maven.lpw.derived:data.lp.nt:mvn_lpw_l2_lpnt_20240916::3.0
P,urn:nasa:pds:maven.lpw.derived:data.lp.nt:mvn_lpw_l2_lpnt_20240917::3.0
P,urn:nasa:pds:maven.lpw.derived:data.lp.nt:mvn_lpw_l2_lpnt_20240918::3.0
P,urn:nasa:pds:maven.lpw.derived:data.lp.nt:mvn_lpw_l2_lpnt_20240919::3.0
P,urn:nasa:pds:maven.lpw.derived:data.lp.nt:mvn_lpw_l2_lpnt_20240920::3.0
P,urn:nasa:pds:maven.lpw.derived:data.lp.nt:mvn_lpw_l2_lpnt_20240921::3.0
P,urn:nasa:pds:maven.lpw.derived:data.lp.nt:mvn_lpw_l2_lpnt_20240922::3.0
P,urn:nasa:pds:maven.lpw.derived:data.lp.nt:mvn_lpw_l2_lpnt_20240923::3.0
P,urn:nasa:pds:maven.lpw.derived:data.lp.nt:mvn_lpw_l2_lpnt_20240924::3.0
P,urn:nasa:pds:maven.lpw.derived:data.lp.nt:mvn_lpw_l2_lpnt_20240925::3.0
P,urn:nasa:pds:maven.lpw.derived:data.lp.nt:mvn_lpw_l2_lpnt_20240926::3.0
P,urn:nasa:pds:maven.lpw.derived:data.lp.nt:mvn_lpw_l2_lpnt_20240927::3.0
P,urn:nasa:pds:maven.lpw.derived:data.lp.nt:mvn_lpw_l2_lpnt_20240928::3.0
P,urn:nasa:pds:maven.lpw.derived:data.lp.nt:mvn_lpw_l2_lpnt_20240929::3.0
P,urn:nasa:pds:maven.lpw.derived:data.lp.nt:mvn_lpw_l2_lpnt_20240930::3.0
P,urn:nasa:pds:maven.lpw.derived:data.lp.nt:mvn_lpw_l2_lpnt_20241001::3.0
P,urn:nasa:pds:maven.lpw.derived:data.lp.nt:mvn_lpw_l2_lpnt_20241002::3.0
P,urn:nasa:pds:maven.lpw.derived:data.lp.nt:mvn_lpw_l2_lpnt_20241003::3.0
P,urn:nasa:pds:maven.lpw.derived:data.lp.nt:mvn_lpw_l2_lpnt_20241004::3.0
P,urn:nasa:pds:maven.lpw.derived:data.lp.nt:mvn_lpw_l2_lpnt_20241005::3.0
P,urn:nasa:pds:maven.lpw.derived:data.lp.nt:mvn_lpw_l2_lpnt_20241006::3.0
P,urn:nasa:pds:maven.lpw.derived:data.lp.nt:mvn_lpw_l2_lpnt_20241007::3.0
P,urn:nasa:pds:maven.lpw.derived:data.lp.nt:mvn_lpw_l2_lpnt_20241008::3.0
P,urn:nasa:pds:maven.lpw.derived:data.lp.nt:mvn_lpw_l2_lpnt_20241009::3.0
P,urn:nasa:pds:maven.lpw.derived:data.lp.nt:mvn_lpw_l2_lpnt_20241010::3.0
P,urn:nasa:pds:maven.lpw.derived:data.lp.nt:mvn_lpw_l2_lpnt_20241011::3.0
P,urn:nasa:pds:maven.lpw.derived:data.lp.nt:mvn_lpw_l2_lpnt_20241012::3.0
P,urn:nasa:pds:maven.lpw.derived:data.lp.nt:mvn_lpw_l2_lpnt_20241013::3.0
P,urn:nasa:pds:maven.lpw.derived:data.lp.nt:mvn_lpw_l2_lpnt_20241014::3.0
P,urn:nasa:pds:maven.lpw.derived:data.lp.nt:mvn_lpw_l2_lpnt_20241015::3.0
P,urn:nasa:pds:maven.lpw.derived:data.lp.nt:mvn_lpw_l2_lpnt_20241016::3.0
P,urn:nasa:pds:maven.lpw.derived:data.lp.nt:mvn_lpw_l2_lpnt_20241017::3.0
P,urn:nasa:pds:maven.lpw.derived:data.lp.nt:mvn_lpw_l2_lpnt_20241018::3.0
P,urn:nasa:pds:maven.lpw.derived:data.lp.nt:mvn_lpw_l2_lpnt_20241019::3.0
P,urn:nasa:pds:maven.lpw.derived:data.lp.nt:mvn_lpw_l2_lpnt_20241020::3.0
P,urn:nasa:pds:maven.lpw.derived:data.lp.nt:mvn_lpw_l2_lpnt_20241021::3.0
P,urn:nasa:pds:maven.lpw.derived:data.lp.nt:mvn_lpw_l2_lpnt_20241022::3.0
P,urn:nasa:pds:maven.lpw.derived:data.lp.nt:mvn_lpw_l2_lpnt_20241023::3.0
P,urn:nasa:pds:maven.lpw.derived:data.lp.nt:mvn_lpw_l2_lpnt_20241024::3.0
P,urn:nasa:pds:maven.lpw.derived:data.lp.nt:mvn_lpw_l2_lpnt_20241025::3.0
P,urn:nasa:pds:maven.lpw.derived:data.lp.nt:mvn_lpw_l2_lpnt_20241026::3.0
P,urn:nasa:pds:maven.lpw.derived:data.lp.nt:mvn_lpw_l2_lpnt_20241027::3.0
P,urn:nasa:pds:maven.lpw.derived:data.lp.nt:mvn_lpw_l2_lpnt_20241028::3.0
P,urn:nasa:pds:maven.lpw.derived:data.lp.nt:mvn_lpw_l2_lpnt_20241029::3.0
P,urn:nasa:pds:maven.lpw.derived:data.lp.nt:mvn_lpw_l2_lpnt_20241030::3.0
P,urn:nasa:pds:maven.lpw.derived:data.lp.nt:mvn_lpw_l2_lpnt_20241031::3.0
P,urn:nasa:pds:maven.lpw.derived:data.lp.nt:mvn_lpw_l2_lpnt_20241101::3.0
P,urn:nasa:pds:maven.lpw.derived:data.lp.nt:mvn_lpw_l2_lpnt_20241102::3.0
P,urn:nasa:pds:maven.lpw.derived:data.lp.nt:mvn_lpw_l2_lpnt_20241103::3.0
P,urn:nasa:pds:maven.lpw.derived:data.lp.nt:mvn_lpw_l2_lpnt_20241104::3.0
P,urn:nasa:pds:maven.lpw.derived:data.lp.nt:mvn_lpw_l2_lpnt_20241105::3.0
P,urn:nasa:pds:maven.lpw.derived:data.lp.nt:mvn_lpw_l2_lpnt_20241106::3.0
P,urn:nasa:pds:maven.lpw.derived:data.lp.nt:mvn_lpw_l2_lpnt_20241107::3.0
P,urn:nasa:pds:maven.lpw.derived:data.lp.nt:mvn_lpw_l2_lpnt_20241108::3.0
P,urn:nasa:pds:maven.lpw.derived:data.lp.nt:mvn_lpw_l2_lpnt_20241109::3.0
P,urn:nasa:pds:maven.lpw.derived:data.lp.nt:mvn_lpw_l2_lpnt_20241110::3.0
P,urn:nasa:pds:maven.lpw.derived:data.lp.nt:mvn_lpw_l2_lpnt_20241111::3.0
P,urn:nasa:pds:maven.lpw.derived:data.lp.nt:mvn_lpw_l2_lpnt_20241112::3.0
P,urn:nasa:pds:maven.lpw.derived:data.lp.nt:mvn_lpw_l2_lpnt_20241113::3.0
P,urn:nasa:pds:maven.lpw.derived:data.lp.nt:mvn_lpw_l2_lpnt_20241114::3.0
P,urn:nasa:pds:maven.lpw.derived:data.lp.nt:mvn_lpw_l2_lpnt_20241115::2.0
P,urn:nasa:pds:maven.lpw.derived:data.lp.nt:mvn_lpw_l2_lpnt_20241116::2.0
P,urn:nasa:pds:maven.lpw.derived:data.lp.nt:mvn_lpw_l2_lpnt_20241117::2.0
P,urn:nasa:pds:maven.lpw.derived:data.lp.nt:mvn_lpw_l2_lpnt_20241118::2.0
P,urn:nasa:pds:maven.lpw.derived:data.lp.nt:mvn_lpw_l2_lpnt_20241119::2.0
P,urn:nasa:pds:maven.lpw.derived:data.lp.nt:mvn_lpw_l2_lpnt_20241120::2.0
P,urn:nasa:pds:maven.lpw.derived:data.lp.nt:mvn_lpw_l2_lpnt_20241121::2.0
P,urn:nasa:pds:maven.lpw.derived:data.lp.nt:mvn_lpw_l2_lpnt_20241122::2.0
P,urn:nasa:pds:maven.lpw.derived:data.lp.nt:mvn_lpw_l2_lpnt_20241123::2.0
P,urn:nasa:pds:maven.lpw.derived:data.lp.nt:mvn_lpw_l2_lpnt_20241124::2.0
P,urn:nasa:pds:maven.lpw.derived:data.lp.nt:mvn_lpw_l2_lpnt_20241125::2.0
P,urn:nasa:pds:maven.lpw.derived:data.lp.nt:mvn_lpw_l2_lpnt_20241126::2.0
P,urn:nasa:pds:maven.lpw.derived:data.lp.nt:mvn_lpw_l2_lpnt_20241127::2.0
P,urn:nasa:pds:maven.lpw.derived:data.lp.nt:mvn_lpw_l2_lpnt_20241128::2.0
P,urn:nasa:pds:maven.lpw.derived:data.lp.nt:mvn_lpw_l2_lpnt_20241129::2.0
P,urn:nasa:pds:maven.lpw.derived:data.lp.nt:mvn_lpw_l2_lpnt_20241130::2.0
P,urn:nasa:pds:maven.lpw.derived:data.lp.nt:mvn_lpw_l2_lpnt_20241201::2.0
P,urn:nasa:pds:maven.lpw.derived:data.lp.nt:mvn_lpw_l2_lpnt_20241202::2.0
P,urn:nasa:pds:maven.lpw.derived:data.lp.nt:mvn_lpw_l2_lpnt_20241203::2.0
P,urn:nasa:pds:maven.lpw.derived:data.lp.nt:mvn_lpw_l2_lpnt_20241204::2.0
P,urn:nasa:pds:maven.lpw.derived:data.lp.nt:mvn_lpw_l2_lpnt_20241205::2.0
P,urn:nasa:pds:maven.lpw.derived:data.lp.nt:mvn_lpw_l2_lpnt_20241206::2.0
P,urn:nasa:pds:maven.lpw.derived:data.lp.nt:mvn_lpw_l2_lpnt_20241207::2.0
P,urn:nasa:pds:maven.lpw.derived:data.lp.nt:mvn_lpw_l2_lpnt_20241208::2.0
P,urn:nasa:pds:maven.lpw.derived:data.lp.nt:mvn_lpw_l2_lpnt_20241209::2.0
P,urn:nasa:pds:maven.lpw.derived:data.lp.nt:mvn_lpw_l2_lpnt_20241210::2.0
P,urn:nasa:pds:maven.lpw.derived:data.lp.nt:mvn_lpw_l2_lpnt_20241211::2.0
P,urn:nasa:pds:maven.lpw.derived:data.lp.nt:mvn_lpw_l2_lpnt_20241212::2.0
P,urn:nasa:pds:maven.lpw.derived:data.lp.nt:mvn_lpw_l2_lpnt_20241213::2.0
P,urn:nasa:pds:maven.lpw.derived:data.lp.nt:mvn_lpw_l2_lpnt_20241214::2.0
P,urn:nasa:pds:maven.lpw.derived:data.lp.nt:mvn_lpw_l2_lpnt_20241215::2.0
P,urn:nasa:pds:maven.lpw.derived:data.lp.nt:mvn_lpw_l2_lpnt_20241216::2.0
P,urn:nasa:pds:maven.lpw.derived:data.lp.nt:mvn_lpw_l2_lpnt_20241217::2.0
P,urn:nasa:pds:maven.lpw.derived:data.lp.nt:mvn_lpw_l2_lpnt_20241218::2.0
P,urn:nasa:pds:maven.lpw.derived:data.lp.nt:mvn_lpw_l2_lpnt_20241219::2.0
P,urn:nasa:pds:maven.lpw.derived:data.lp.nt:mvn_lpw_l2_lpnt_20241220::2.0
P,urn:nasa:pds:maven.lpw.derived:data.lp.nt:mvn_lpw_l2_lpnt_20241221::2.0
P,urn:nasa:pds:maven.lpw.derived:data.lp.nt:mvn_lpw_l2_lpnt_20241222::2.0
P,urn:nasa:pds:maven.lpw.derived:data.lp.nt:mvn_lpw_l2_lpnt_20241223::2.0
P,urn:nasa:pds:maven.lpw.derived:data.lp.nt:mvn_lpw_l2_lpnt_20241224::2.0
P,urn:nasa:pds:maven.lpw.derived:data.lp.nt:mvn_lpw_l2_lpnt_20241225::2.0
P,urn:nasa:pds:maven.lpw.derived:data.lp.nt:mvn_lpw_l2_lpnt_20241226::2.0
P,urn:nasa:pds:maven.lpw.derived:data.lp.nt:mvn_lpw_l2_lpnt_20241227::2.0
P,urn:nasa:pds:maven.lpw.derived:data.lp.nt:mvn_lpw_l2_lpnt_20241228::2.0
P,urn:nasa:pds:maven.lpw.derived:data.lp.nt:mvn_lpw_l2_lpnt_20241229::2.0
P,urn:nasa:pds:maven.lpw.derived:data.lp.nt:mvn_lpw_l2_lpnt_20241230::2.0
P,urn:nasa:pds:maven.lpw.derived:data.lp.nt:mvn_lpw_l2_lpnt_20241231::2.0
P,urn:nasa:pds:maven.lpw.derived:data.lp.nt:mvn_lpw_l2_lpnt_20250101::2.0
P,urn:nasa:pds:maven.lpw.derived:data.lp.nt:mvn_lpw_l2_lpnt_20250102::2.0
P,urn:nasa:pds:maven.lpw.derived:data.lp.nt:mvn_lpw_l2_lpnt_20250103::2.0
P,urn:nasa:pds:maven.lpw.derived:data.lp.nt:mvn_lpw_l2_lpnt_20250104::2.0
P,urn:nasa:pds:maven.lpw.derived:data.lp.nt:mvn_lpw_l2_lpnt_20250105::2.0
P,urn:nasa:pds:maven.lpw.derived:data.lp.nt:mvn_lpw_l2_lpnt_20250106::2.0
P,urn:nasa:pds:maven.lpw.derived:data.lp.nt:mvn_lpw_l2_lpnt_20250107::2.0
P,urn:nasa:pds:maven.lpw.derived:data.lp.nt:mvn_lpw_l2_lpnt_20250108::2.0
P,urn:nasa:pds:maven.lpw.derived:data.lp.nt:mvn_lpw_l2_lpnt_20250109::2.0
P,urn:nasa:pds:maven.lpw.derived:data.lp.nt:mvn_lpw_l2_lpnt_20250110::2.0
P,urn:nasa:pds:maven.lpw.derived:data.lp.nt:mvn_lpw_l2_lpnt_20250111::2.0
P,urn:nasa:pds:maven.lpw.derived:data.lp.nt:mvn_lpw_l2_lpnt_20250112::1.0
P,urn:nasa:pds:maven.lpw.derived:data.lp.nt:mvn_lpw_l2_lpnt_20250113::1.0
P,urn:nasa:pds:maven.lpw.derived:data.lp.nt:mvn_lpw_l2_lpnt_20250114::1.0
P,urn:nasa:pds:maven.lpw.derived:data.lp.nt:mvn_lpw_l2_lpnt_20250115::1.0
P,urn:nasa:pds:maven.lpw.derived:data.lp.nt:mvn_lpw_l2_lpnt_20250116::1.0
P,urn:nasa:pds:maven.lpw.derived:data.lp.nt:mvn_lpw_l2_lpnt_20250117::1.0
P,urn:nasa:pds:maven.lpw.derived:data.lp.nt:mvn_lpw_l2_lpnt_20250118::1.0
P,urn:nasa:pds:maven.lpw.derived:data.lp.nt:mvn_lpw_l2_lpnt_20250119::2.0
P,urn:nasa:pds:maven.lpw.derived:data.lp.nt:mvn_lpw_l2_lpnt_20250120::2.0
P,urn:nasa:pds:maven.lpw.derived:data.lp.nt:mvn_lpw_l2_lpnt_20250121::2.0
P,urn:nasa:pds:maven.lpw.derived:data.lp.nt:mvn_lpw_l2_lpnt_20250122::2.0
P,urn:nasa:pds:maven.lpw.derived:data.lp.nt:mvn_lpw_l2_lpnt_20250123::2.0
P,urn:nasa:pds:maven.lpw.derived:data.lp.nt:mvn_lpw_l2_lpnt_20250124::2.0
P,urn:nasa:pds:maven.lpw.derived:data.lp.nt:mvn_lpw_l2_lpnt_20250125::2.0
P,urn:nasa:pds:maven.lpw.derived:data.lp.nt:mvn_lpw_l2_lpnt_20250126::2.0
P,urn:nasa:pds:maven.lpw.derived:data.lp.nt:mvn_lpw_l2_lpnt_20250127::2.0
P,urn:nasa:pds:maven.lpw.derived:data.lp.nt:mvn_lpw_l2_lpnt_20250128::2.0
P,urn:nasa:pds:maven.lpw.derived:data.lp.nt:mvn_lpw_l2_lpnt_20250129::2.0
P,urn:nasa:pds:maven.lpw.derived:data.lp.nt:mvn_lpw_l2_lpnt_20250130::2.0
P,urn:nasa:pds:maven.lpw.derived:data.lp.nt:mvn_lpw_l2_lpnt_20250131::2.0
P,urn:nasa:pds:maven.lpw.derived:data.lp.nt:mvn_lpw_l2_lpnt_20250201::2.0
P,urn:nasa:pds:maven.lpw.derived:data.lp.nt:mvn_lpw_l2_lpnt_20250202::2.0
P,urn:nasa:pds:maven.lpw.derived:data.lp.nt:mvn_lpw_l2_lpnt_20250203::2.0
P,urn:nasa:pds:maven.lpw.derived:data.lp.nt:mvn_lpw_l2_lpnt_20250204::2.0
P,urn:nasa:pds:maven.lpw.derived:data.lp.nt:mvn_lpw_l2_lpnt_20250205::2.0
P,urn:nasa:pds:maven.lpw.derived:data.lp.nt:mvn_lpw_l2_lpnt_20250206::2.0
P,urn:nasa:pds:maven.lpw.derived:data.lp.nt:mvn_lpw_l2_lpnt_20250207::2.0
P,urn:nasa:pds:maven.lpw.derived:data.lp.nt:mvn_lpw_l2_lpnt_20250208::2.0
P,urn:nasa:pds:maven.lpw.derived:data.lp.nt:mvn_lpw_l2_lpnt_20250209::2.0
P,urn:nasa:pds:maven.lpw.derived:data.lp.nt:mvn_lpw_l2_lpnt_20250210::2.0
P,urn:nasa:pds:maven.lpw.derived:data.lp.nt:mvn_lpw_l2_lpnt_20250211::2.0
P,urn:nasa:pds:maven.lpw.derived:data.lp.nt:mvn_lpw_l2_lpnt_20250212::2.0
P,urn:nasa:pds:maven.lpw.derived:data.lp.nt:mvn_lpw_l2_lpnt_20250213::2.0
P,urn:nasa:pds:maven.lpw.derived:data.lp.nt:mvn_lpw_l2_lpnt_20250214::2.0
P,urn:nasa:pds:maven.lpw.derived:data.lp.nt:mvn_lpw_l2_lpnt_20250215::1.0
P,urn:nasa:pds:maven.lpw.derived:data.lp.nt:mvn_lpw_l2_lpnt_20250216::1.0
P,urn:nasa:pds:maven.lpw.derived:data.lp.nt:mvn_lpw_l2_lpnt_20250217::1.0
P,urn:nasa:pds:maven.lpw.derived:data.lp.nt:mvn_lpw_l2_lpnt_20250218::1.0
P,urn:nasa:pds:maven.lpw.derived:data.lp.nt:mvn_lpw_l2_lpnt_20250219::1.0
P,urn:nasa:pds:maven.lpw.derived:data.lp.nt:mvn_lpw_l2_lpnt_20250220::1.0
P,urn:nasa:pds:maven.lpw.derived:data.lp.nt:mvn_lpw_l2_lpnt_20250221::1.0
P,urn:nasa:pds:maven.lpw.derived:data.lp.nt:mvn_lpw_l2_lpnt_20250222::1.0
P,urn:nasa:pds:maven.lpw.derived:data.lp.nt:mvn_lpw_l2_lpnt_20250223::1.0
P,urn:nasa:pds:maven.lpw.derived:data.lp.nt:mvn_lpw_l2_lpnt_20250224::1.0
P,urn:nasa:pds:maven.lpw.derived:data.lp.nt:mvn_lpw_l2_lpnt_20250225::1.0
P,urn:nasa:pds:maven.lpw.derived:data.lp.nt:mvn_lpw_l2_lpnt_20250226::1.0
P,urn:nasa:pds:maven.lpw.derived:data.lp.nt:mvn_lpw_l2_lpnt_20250227::1.0
P,urn:nasa:pds:maven.lpw.derived:data.lp.nt:mvn_lpw_l2_lpnt_20250228::1.0
P,urn:nasa:pds:maven.lpw.derived:data.lp.nt:mvn_lpw_l2_lpnt_20250301::1.0
P,urn:nasa:pds:maven.lpw.derived:data.lp.nt:mvn_lpw_l2_lpnt_20250302::1.0
P,urn:nasa:pds:maven.lpw.derived:data.lp.nt:mvn_lpw_l2_lpnt_20250303::1.0
P,urn:nasa:pds:maven.lpw.derived:data.lp.nt:mvn_lpw_l2_lpnt_20250304::1.0
P,urn:nasa:pds:maven.lpw.derived:data.lp.nt:mvn_lpw_l2_lpnt_20250305::1.0
P,urn:nasa:pds:maven.lpw.derived:data.lp.nt:mvn_lpw_l2_lpnt_20250306::1.0
P,urn:nasa:pds:maven.lpw.derived:data.lp.nt:mvn_lpw_l2_lpnt_20250307::1.0
P,urn:nasa:pds:maven.lpw.derived:data.lp.nt:mvn_lpw_l2_lpnt_20250308::1.0
P,urn:nasa:pds:maven.lpw.derived:data.lp.nt:mvn_lpw_l2_lpnt_20250309::1.0
P,urn:nasa:pds:maven.lpw.derived:data.lp.nt:mvn_lpw_l2_lpnt_20250310::1.0
P,urn:nasa:pds:maven.lpw.derived:data.lp.nt:mvn_lpw_l2_lpnt_20250311::1.0
P,urn:nasa:pds:maven.lpw.derived:data.lp.nt:mvn_lpw_l2_lpnt_20250312::1.0
P,urn:nasa:pds:maven.lpw.derived:data.lp.nt:mvn_lpw_l2_lpnt_20250313::1.0
P,urn:nasa:pds:maven.lpw.derived:data.lp.nt:mvn_lpw_l2_lpnt_20250314::1.0
P,urn:nasa:pds:maven.lpw.derived:data.lp.nt:mvn_lpw_l2_lpnt_20250315::1.0
P,urn:nasa:pds:maven.lpw.derived:data.lp.nt:mvn_lpw_l2_lpnt_20250316::1.0
P,urn:nasa:pds:maven.lpw.derived:data.lp.nt:mvn_lpw_l2_lpnt_20250317::1.0
P,urn:nasa:pds:maven.lpw.derived:data.lp.nt:mvn_lpw_l2_lpnt_20250318::1.0
P,urn:nasa:pds:maven.lpw.derived:data.lp.nt:mvn_lpw_l2_lpnt_20250319::1.0
P,urn:nasa:pds:maven.lpw.derived:data.lp.nt:mvn_lpw_l2_lpnt_20250320::1.0
P,urn:nasa:pds:maven.lpw.derived:data.lp.nt:mvn_lpw_l2_lpnt_20250321::1.0
P,urn:nasa:pds:maven.lpw.derived:data.lp.nt:mvn_lpw_l2_lpnt_20250322::1.0
P,urn:nasa:pds:maven.lpw.derived:data.lp.nt:mvn_lpw_l2_lpnt_20250323::1.0
P,urn:nasa:pds:maven.lpw.derived:data.lp.nt:mvn_lpw_l2_lpnt_20250324::1.0
P,urn:nasa:pds:maven.lpw.derived:data.lp.nt:mvn_lpw_l2_lpnt_20250325::1.0
P,urn:nasa:pds:maven.lpw.derived:data.lp.nt:mvn_lpw_l2_lpnt_20250326::1.0
P,urn:nasa:pds:maven.lpw.derived:data.lp.nt:mvn_lpw_l2_lpnt_20250327::1.0
P,urn:nasa:pds:maven.lpw.derived:data.lp.nt:mvn_lpw_l2_lpnt_20250328::1.0
P,urn:nasa:pds:maven.lpw.derived:data.lp.nt:mvn_lpw_l2_lpnt_20250329::1.0
P,urn:nasa:pds:maven.lpw.derived:data.lp.nt:mvn_lpw_l2_lpnt_20250330::1.0
P,urn:nasa:pds:maven.lpw.derived:data.lp.nt:mvn_lpw_l2_lpnt_20250331::1.0
P,urn:nasa:pds:maven.lpw.derived:data.lp.nt:mvn_lpw_l2_lpnt_20250401::1.0
P,urn:nasa:pds:maven.lpw.derived:data.lp.nt:mvn_lpw_l2_lpnt_20250402::1.0
P,urn:nasa:pds:maven.lpw.derived:data.lp.nt:mvn_lpw_l2_lpnt_20250403::1.0
P,urn:nasa:pds:maven.lpw.derived:data.lp.nt:mvn_lpw_l2_lpnt_20250404::1.0
P,urn:nasa:pds:maven.lpw.derived:data.lp.nt:mvn_lpw_l2_lpnt_20250405::1.0
P,urn:nasa:pds:maven.lpw.derived:data.lp.nt:mvn_lpw_l2_lpnt_20250406::1.0
P,urn:nasa:pds:maven.lpw.derived:data.lp.nt:mvn_lpw_l2_lpnt_20250407::1.0
P,urn:nasa:pds:maven.lpw.derived:data.lp.nt:mvn_lpw_l2_lpnt_20250408::1.0
P,urn:nasa:pds:maven.lpw.derived:data.lp.nt:mvn_lpw_l2_lpnt_20250409::1.0
P,urn:nasa:pds:maven.lpw.derived:data.lp.nt:mvn_lpw_l2_lpnt_20250410::1.0
P,urn:nasa:pds:maven.lpw.derived:data.lp.nt:mvn_lpw_l2_lpnt_20250411::1.0
P,urn:nasa:pds:maven.lpw.derived:data.lp.nt:mvn_lpw_l2_lpnt_20250412::1.0
P,urn:nasa:pds:maven.lpw.derived:data.lp.nt:mvn_lpw_l2_lpnt_20250413::1.0
P,urn:nasa:pds:maven.lpw.derived:data.lp.nt:mvn_lpw_l2_lpnt_20250414::1.0
P,urn:nasa:pds:maven.lpw.derived:data.lp.nt:mvn_lpw_l2_lpnt_20250415::1.0
P,urn:nasa:pds:maven.lpw.derived:data.lp.nt:mvn_lpw_l2_lpnt_20250416::1.0
P,urn:nasa:pds:maven.lpw.derived:data.lp.nt:mvn_lpw_l2_lpnt_20250417::1.0
P,urn:nasa:pds:maven.lpw.derived:data.lp.nt:mvn_lpw_l2_lpnt_20250418::1.0
P,urn:nasa:pds:maven.lpw.derived:data.lp.nt:mvn_lpw_l2_lpnt_20250419::1.0
P,urn:nasa:pds:maven.lpw.derived:data.lp.nt:mvn_lpw_l2_lpnt_20250420::1.0
P,urn:nasa:pds:maven.lpw.derived:data.lp.nt:mvn_lpw_l2_lpnt_20250421::1.0
P,urn:nasa:pds:maven.lpw.derived:data.lp.nt:mvn_lpw_l2_lpnt_20250422::1.0
P,urn:nasa:pds:maven.lpw.derived:data.lp.nt:mvn_lpw_l2_lpnt_20250423::1.0
P,urn:nasa:pds:maven.lpw.derived:data.lp.nt:mvn_lpw_l2_lpnt_20250424::1.0
P,urn:nasa:pds:maven.lpw.derived:data.lp.nt:mvn_lpw_l2_lpnt_20250425::1.0
P,urn:nasa:pds:maven.lpw.derived:data.lp.nt:mvn_lpw_l2_lpnt_20250426::1.0
P,urn:nasa:pds:maven.lpw.derived:data.lp.nt:mvn_lpw_l2_lpnt_20250427::1.0
P,urn:nasa:pds:maven.lpw.derived:data.lp.nt:mvn_lpw_l2_lpnt_20250428::1.0
P,urn:nasa:pds:maven.lpw.derived:data.lp.nt:mvn_lpw_l2_lpnt_20250429::1.0
P,urn:nasa:pds:maven.lpw.derived:data.lp.nt:mvn_lpw_l2_lpnt_20250430::1.0
P,urn:nasa:pds:maven.lpw.derived:data.lp.nt:mvn_lpw_l2_lpnt_20250501::1.0
P,urn:nasa:pds:maven.lpw.derived:data.lp.nt:mvn_lpw_l2_lpnt_20250502::1.0
P,urn:nasa:pds:maven.lpw.derived:data.lp.nt:mvn_lpw_l2_lpnt_20250503::1.0
P,urn:nasa:pds:maven.lpw.derived:data.lp.nt:mvn_lpw_l2_lpnt_20250504::1.0
P,urn:nasa:pds:maven.lpw.derived:data.lp.nt:mvn_lpw_l2_lpnt_20250505::1.0
P,urn:nasa:pds:maven.lpw.derived:data.lp.nt:mvn_lpw_l2_lpnt_20250506::1.0
P,urn:nasa:pds:maven.lpw.derived:data.lp.nt:mvn_lpw_l2_lpnt_20250508::1.0
P,urn:nasa:pds:maven.lpw.derived:data.lp.nt:mvn_lpw_l2_lpnt_20250509::1.0
P,urn:nasa:pds:maven.lpw.derived:data.lp.nt:mvn_lpw_l2_lpnt_20250510::1.0
P,urn:nasa:pds:maven.lpw.derived:data.lp.nt:mvn_lpw_l2_lpnt_20250511::1.0
P,urn:nasa:pds:maven.lpw.derived:data.lp.nt:mvn_lpw_l2_lpnt_20250512::1.0
P,urn:nasa:pds:maven.lpw.derived:data.lp.nt:mvn_lpw_l2_lpnt_20250513::1.0
P,urn:nasa:pds:maven.lpw.derived:data.lp.nt:mvn_lpw_l2_lpnt_20250514::1.0
P,urn:nasa:pds:maven.lpw.derived:data.lp.nt:mvn_lpw_l2_lpnt_20250515::1.0
P,urn:nasa:pds:maven.lpw.derived:data.lp.nt:mvn_lpw_l2_lpnt_20250516::1.0
P,urn:nasa:pds:maven.lpw.derived:data.lp.nt:mvn_lpw_l2_lpnt_20250517::1.0
P,urn:nasa:pds:maven.lpw.derived:data.lp.nt:mvn_lpw_l2_lpnt_20250518::1.0
P,urn:nasa:pds:maven.lpw.derived:data.lp.nt:mvn_lpw_l2_lpnt_20250519::1.0
P,urn:nasa:pds:maven.lpw.derived:data.lp.nt:mvn_lpw_l2_lpnt_20250520::1.0
P,urn:nasa:pds:maven.lpw.derived:data.lp.nt:mvn_lpw_l2_lpnt_20250521::1.0
P,urn:nasa:pds:maven.lpw.derived:data.lp.nt:mvn_lpw_l2_lpnt_20250522::1.0
P,urn:nasa:pds:maven.lpw.derived:data.lp.nt:mvn_lpw_l2_lpnt_20250523::1.0
P,urn:nasa:pds:maven.lpw.derived:data.lp.nt:mvn_lpw_l2_lpnt_20250524::1.0
P,urn:nasa:pds:maven.lpw.derived:data.lp.nt:mvn_lpw_l2_lpnt_20250525::1.0
P,urn:nasa:pds:maven.lpw.derived:data.lp.nt:mvn_lpw_l2_lpnt_20250526::1.0
P,urn:nasa:pds:maven.lpw.derived:data.lp.nt:mvn_lpw_l2_lpnt_20250527::1.0
P,urn:nasa:pds:maven.lpw.derived:data.lp.nt:mvn_lpw_l2_lpnt_20250528::1.0
P,urn:nasa:pds:maven.lpw.derived:data.lp.nt:mvn_lpw_l2_lpnt_20250529::1.0
P,urn:nasa:pds:maven.lpw.derived:data.lp.nt:mvn_lpw_l2_lpnt_20250530::1.0
P,urn:nasa:pds:maven.lpw.derived:data.lp.nt:mvn_lpw_l2_lpnt_20250531::1.0
P,urn:nasa:pds:maven.lpw.derived:data.lp.nt:mvn_lpw_l2_lpnt_20250601::1.0
P,urn:nasa:pds:maven.lpw.derived:data.lp.nt:mvn_lpw_l2_lpnt_20250602::1.0
P,urn:nasa:pds:maven.lpw.derived:data.lp.nt:mvn_lpw_l2_lpnt_20250603::1.0
P,urn:nasa:pds:maven.lpw.derived:data.lp.nt:mvn_lpw_l2_lpnt_20250604::1.0
P,urn:nasa:pds:maven.lpw.derived:data.lp.nt:mvn_lpw_l2_lpnt_20250605::1.0
P,urn:nasa:pds:maven.lpw.derived:data.lp.nt:mvn_lpw_l2_lpnt_20250606::1.0
P,urn:nasa:pds:maven.lpw.derived:data.lp.nt:mvn_lpw_l2_lpnt_20250607::1.0
P,urn:nasa:pds:maven.lpw.derived:data.lp.nt:mvn_lpw_l2_lpnt_20250608::1.0
P,urn:nasa:pds:maven.lpw.derived:data.lp.nt:mvn_lpw_l2_lpnt_20250609::1.0
P,urn:nasa:pds:maven.lpw.derived:data.lp.nt:mvn_lpw_l2_lpnt_20250610::1.0
P,urn:nasa:pds:maven.lpw.derived:data.lp.nt:mvn_lpw_l2_lpnt_20250611::1.0
P,urn:nasa:pds:maven.lpw.derived:data.lp.nt:mvn_lpw_l2_lpnt_20250612::1.0
P,urn:nasa:pds:maven.lpw.derived:data.lp.nt:mvn_lpw_l2_lpnt_20250613::1.0
P,urn:nasa:pds:maven.lpw.derived:data.lp.nt:mvn_lpw_l2_lpnt_20250614::1.0
P,urn:nasa:pds:maven.lpw.derived:data.lp.nt:mvn_lpw_l2_lpnt_20250615::1.0
P,urn:nasa:pds:maven.lpw.derived:data.lp.nt:mvn_lpw_l2_lpnt_20250616::1.0
P,urn:nasa:pds:maven.lpw.derived:data.lp.nt:mvn_lpw_l2_lpnt_20250617::1.0
P,urn:nasa:pds:maven.lpw.derived:data.lp.nt:mvn_lpw_l2_lpnt_20250618::1.0
P,urn:nasa:pds:maven.lpw.derived:data.lp.nt:mvn_lpw_l2_lpnt_20250619::1.0
P,urn:nasa:pds:maven.lpw.derived:data.lp.nt:mvn_lpw_l2_lpnt_20250620::1.0
P,urn:nasa:pds:maven.lpw.derived:data.lp.nt:mvn_lpw_l2_lpnt_20250621::1.0
P,urn:nasa:pds:maven.lpw.derived:data.lp.nt:mvn_lpw_l2_lpnt_20250622::1.0
P,urn:nasa:pds:maven.lpw.derived:data.lp.nt:mvn_lpw_l2_lpnt_20250623::1.0
P,urn:nasa:pds:maven.lpw.derived:data.lp.nt:mvn_lpw_l2_lpnt_20250624::1.0
P,urn:nasa:pds:maven.lpw.derived:data.lp.nt:mvn_lpw_l2_lpnt_20250625::1.0
P,urn:nasa:pds:maven.lpw.derived:data.lp.nt:mvn_lpw_l2_lpnt_20250626::1.0
P,urn:nasa:pds:maven.lpw.derived:data.lp.nt:mvn_lpw_l2_lpnt_20250627::1.0
P,urn:nasa:pds:maven.lpw.derived:data.lp.nt:mvn_lpw_l2_lpnt_20250628::1.0
P,urn:nasa:pds:maven.lpw.derived:data.lp.nt:mvn_lpw_l2_lpnt_20250629::1.0
P,urn:nasa:pds:maven.lpw.derived:data.lp.nt:mvn_lpw_l2_lpnt_20250630::1.0
P,urn:nasa:pds:maven.lpw.derived:data.lp.nt:mvn_lpw_l2_lpnt_20250701::1.0
P,urn:nasa:pds:maven.lpw.derived:data.lp.nt:mvn_lpw_l2_lpnt_20250702::1.0
P,urn:nasa:pds:maven.lpw.derived:data.lp.nt:mvn_lpw_l2_lpnt_20250703::1.0
P,urn:nasa:pds:maven.lpw.derived:data.lp.nt:mvn_lpw_l2_lpnt_20250704::1.0
P,urn:nasa:pds:maven.lpw.derived:data.lp.nt:mvn_lpw_l2_lpnt_20250705::1.0
P,urn:nasa:pds:maven.lpw.derived:data.lp.nt:mvn_lpw_l2_lpnt_20250706::1.0
P,urn:nasa:pds:maven.lpw.derived:data.lp.nt:mvn_lpw_l2_lpnt_20250707::1.0
P,urn:nasa:pds:maven.lpw.derived:data.lp.nt:mvn_lpw_l2_lpnt_20250708::1.0
P,urn:nasa:pds:maven.lpw.derived:data.lp.nt:mvn_lpw_l2_lpnt_20250709::1.0
P,urn:nasa:pds:maven.lpw.derived:data.lp.nt:mvn_lpw_l2_lpnt_20250710::1.0
P,urn:nasa:pds:maven.lpw.derived:data.lp.nt:mvn_lpw_l2_lpnt_20250711::1.0
P,urn:nasa:pds:maven.lpw.derived:data.lp.nt:mvn_lpw_l2_lpnt_20250712::1.0
P,urn:nasa:pds:maven.lpw.derived:data.lp.nt:mvn_lpw_l2_lpnt_20250713::1.0
P,urn:nasa:pds:maven.lpw.derived:data.lp.nt:mvn_lpw_l2_lpnt_20250714::1.0
P,urn:nasa:pds:maven.lpw.derived:data.lp.nt:mvn_lpw_l2_lpnt_20250715::1.0
P,urn:nasa:pds:maven.lpw.derived:data.lp.nt:mvn_lpw_l2_lpnt_20250716::1.0
P,urn:nasa:pds:maven.lpw.derived:data.lp.nt:mvn_lpw_l2_lpnt_20250717::1.0
P,urn:nasa:pds:maven.lpw.derived:data.lp.nt:mvn_lpw_l2_lpnt_20250718::1.0
P,urn:nasa:pds:maven.lpw.derived:data.lp.nt:mvn_lpw_l2_lpnt_20250719::1.0
P,urn:nasa:pds:maven.lpw.derived:data.lp.nt:mvn_lpw_l2_lpnt_20250720::1.0
P,urn:nasa:pds:maven.lpw.derived:data.lp.nt:mvn_lpw_l2_lpnt_20250721::1.0
P,urn:nasa:pds:maven.lpw.derived:data.lp.nt:mvn_lpw_l2_lpnt_20250722::1.0
P,urn:nasa:pds:maven.lpw.derived:data.lp.nt:mvn_lpw_l2_lpnt_20250723::1.0
P,urn:nasa:pds:maven.lpw.derived:data.lp.nt:mvn_lpw_l2_lpnt_20250724::1.0
P,urn:nasa:pds:maven.lpw.derived:data.lp.nt:mvn_lpw_l2_lpnt_20250725::1.0
P,urn:nasa:pds:maven.lpw.derived:data.lp.nt:mvn_lpw_l2_lpnt_20250726::1.0
P,urn:nasa:pds:maven.lpw.derived:data.lp.nt:mvn_lpw_l2_lpnt_20250727::1.0
P,urn:nasa:pds:maven.lpw.derived:data.lp.nt:mvn_lpw_l2_lpnt_20250728::1.0
P,urn:nasa:pds:maven.lpw.derived:data.lp.nt:mvn_lpw_l2_lpnt_20250729::1.0
P,urn:nasa:pds:maven.lpw.derived:data.lp.nt:mvn_lpw_l2_lpnt_20250730::1.0
P,urn:nasa:pds:maven.lpw.derived:data.lp.nt:mvn_lpw_l2_lpnt_20250731::1.0
P,urn:nasa:pds:maven.lpw.derived:data.lp.nt:mvn_lpw_l2_lpnt_20250801::1.0
P,urn:nasa:pds:maven.lpw.derived:data.lp.nt:mvn_lpw_l2_lpnt_20250802::1.0
P,urn:nasa:pds:maven.lpw.derived:data.lp.nt:mvn_lpw_l2_lpnt_20250803::1.0
P,urn:nasa:pds:maven.lpw.derived:data.lp.nt:mvn_lpw_l2_lpnt_20250804::1.0
P,urn:nasa:pds:maven.lpw.derived:data.lp.nt:mvn_lpw_l2_lpnt_20250805::1.0
P,urn:nasa:pds:maven.lpw.derived:data.lp.nt:mvn_lpw_l2_lpnt_20250806::1.0
P,urn:nasa:pds:maven.lpw.derived:data.lp.nt:mvn_lpw_l2_lpnt_20250807::1.0
P,urn:nasa:pds:maven.lpw.derived:data.lp.nt:mvn_lpw_l2_lpnt_20250808::1.0
P,urn:nasa:pds:maven.lpw.derived:data.lp.nt:mvn_lpw_l2_lpnt_20250809::1.0
P,urn:nasa:pds:maven.lpw.derived:data.lp.nt:mvn_lpw_l2_lpnt_20250810::1.0
P,urn:nasa:pds:maven.lpw.derived:data.lp.nt:mvn_lpw_l2_lpnt_20250811::1.0
P,urn:nasa:pds:maven.lpw.derived:data.lp.nt:mvn_lpw_l2_lpnt_20250812::1.0
P,urn:nasa:pds:maven.lpw.derived:data.lp.nt:mvn_lpw_l2_lpnt_20250813::1.0
P,urn:nasa:pds:maven.lpw.derived:data.lp.nt:mvn_lpw_l2_lpnt_20250814::1.0
P,urn:nasa:pds:maven.lpw.derived:data.lp.nt:mvn_lpw_l2_lpnt_20250815::1.0
P,urn:nasa:pds:maven.lpw.derived:data.lp.nt:mvn_lpw_l2_lpnt_20250816::1.0
P,urn:nasa:pds:maven.lpw.derived:data.lp.nt:mvn_lpw_l2_lpnt_20250817::1.0
P,urn:nasa:pds:maven.lpw.derived:data.lp.nt:mvn_lpw_l2_lpnt_20250818::1.0
P,urn:nasa:pds:maven.lpw.derived:data.lp.nt:mvn_lpw_l2_lpnt_20250819::1.0
P,urn:nasa:pds:maven.lpw.derived:data.lp.nt:mvn_lpw_l2_lpnt_20250820::1.0
P,urn:nasa:pds:maven.lpw.derived:data.lp.nt:mvn_lpw_l2_lpnt_20250821::1.0
P,urn:nasa:pds:maven.lpw.derived:data.lp.nt:mvn_lpw_l2_lpnt_20250822::1.0
P,urn:nasa:pds:maven.lpw.derived:data.lp.nt:mvn_lpw_l2_lpnt_20250823::1.0
P,urn:nasa:pds:maven.lpw.derived:data.lp.nt:mvn_lpw_l2_lpnt_20250824::1.0
P,urn:nasa:pds:maven.lpw.derived:data.lp.nt:mvn_lpw_l2_lpnt_20250825::1.0
P,urn:nasa:pds:maven.lpw.derived:data.lp.nt:mvn_lpw_l2_lpnt_20250826::1.0
P,urn:nasa:pds:maven.lpw.derived:data.lp.nt:mvn_lpw_l2_lpnt_20250827::1.0
P,urn:nasa:pds:maven.lpw.derived:data.lp.nt:mvn_lpw_l2_lpnt_20250828::1.0
P,urn:nasa:pds:maven.lpw.derived:data.lp.nt:mvn_lpw_l2_lpnt_20250829::1.0
P,urn:nasa:pds:maven.lpw.derived:data.lp.nt:mvn_lpw_l2_lpnt_20250830::1.0
P,urn:nasa:pds:maven.lpw.derived:data.lp.nt:mvn_lpw_l2_lpnt_20250831::1.0
P,urn:nasa:pds:maven.lpw.derived:data.lp.nt:mvn_lpw_l2_lpnt_20250901::1.0
P,urn:nasa:pds:maven.lpw.derived:data.lp.nt:mvn_lpw_l2_lpnt_20250902::1.0
P,urn:nasa:pds:maven.lpw.derived:data.lp.nt:mvn_lpw_l2_lpnt_20250903::1.0
P,urn:nasa:pds:maven.lpw.derived:data.lp.nt:mvn_lpw_l2_lpnt_20250904::1.0
P,urn:nasa:pds:maven.lpw.derived:data.lp.nt:mvn_lpw_l2_lpnt_20250905::1.0
P,urn:nasa:pds:maven.lpw.derived:data.lp.nt:mvn_lpw_l2_lpnt_20250906::1.0
P,urn:nasa:pds:maven.lpw.derived:data.lp.nt:mvn_lpw_l2_lpnt_20250907::1.0
P,urn:nasa:pds:maven.lpw.derived:data.lp.nt:mvn_lpw_l2_lpnt_20250908::1.0
P,urn:nasa:pds:maven.lpw.derived:data.lp.nt:mvn_lpw_l2_lpnt_20250909::1.0
P,urn:nasa:pds:maven.lpw.derived:data.lp.nt:mvn_lpw_l2_lpnt_20250910::1.0
P,urn:nasa:pds:maven.lpw.derived:data.lp.nt:mvn_lpw_l2_lpnt_20250911::1.0
P,urn:nasa:pds:maven.lpw.derived:data.lp.nt:mvn_lpw_l2_lpnt_20250912::1.0
P,urn:nasa:pds:maven.lpw.derived:data.lp.nt:mvn_lpw_l2_lpnt_20250913::1.0
P,urn:nasa:pds:maven.lpw.derived:data.lp.nt:mvn_lpw_l2_lpnt_20250914::1.0
P,urn:nasa:pds:maven.lpw.derived:data.lp.nt:mvn_lpw_l2_lpnt_20250915::1.0
P,urn:nasa:pds:maven.lpw.derived:data.lp.nt:mvn_lpw_l2_lpnt_20250916::1.0
P,urn:nasa:pds:maven.lpw.derived:data.lp.nt:mvn_lpw_l2_lpnt_20250917::1.0
P,urn:nasa:pds:maven.lpw.derived:data.lp.nt:mvn_lpw_l2_lpnt_20250918::1.0
P,urn:nasa:pds:maven.lpw.derived:data.lp.nt:mvn_lpw_l2_lpnt_20250919::1.0
P,urn:nasa:pds:maven.lpw.derived:data.lp.nt:mvn_lpw_l2_lpnt_20250920::1.0
P,urn:nasa:pds:maven.lpw.derived:data.lp.nt:mvn_lpw_l2_lpnt_20250921::1.0
P,urn:nasa:pds:maven.lpw.derived:data.lp.nt:mvn_lpw_l2_lpnt_20250922::1.0
P,urn:nasa:pds:maven.lpw.derived:data.lp.nt:mvn_lpw_l2_lpnt_20250923::1.0
P,urn:nasa:pds:maven.lpw.derived:data.lp.nt:mvn_lpw_l2_lpnt_20250924::1.0
P,urn:nasa:pds:maven.lpw.derived:data.lp.nt:mvn_lpw_l2_lpnt_20250925::1.0
P,urn:nasa:pds:maven.lpw.derived:data.lp.nt:mvn_lpw_l2_lpnt_20250926::1.0
P,urn:nasa:pds:maven.lpw.derived:data.lp.nt:mvn_lpw_l2_lpnt_20250927::1.0
P,urn:nasa:pds:maven.lpw.derived:data.lp.nt:mvn_lpw_l2_lpnt_20250928::1.0
P,urn:nasa:pds:maven.lpw.derived:data.lp.nt:mvn_lpw_l2_lpnt_20250929::1.0
P,urn:nasa:pds:maven.lpw.derived:data.lp.nt:mvn_lpw_l2_lpnt_20250930::1.0
P,urn:nasa:pds:maven.lpw.derived:data.lp.nt:mvn_lpw_l2_lpnt_20251001::1.0
P,urn:nasa:pds:maven.lpw.derived:data.lp.nt:mvn_lpw_l2_lpnt_20251002::1.0
P,urn:nasa:pds:maven.lpw.derived:data.lp.nt:mvn_lpw_l2_lpnt_20251003::1.0
P,urn:nasa:pds:maven.lpw.derived:data.lp.nt:mvn_lpw_l2_lpnt_20251004::1.0
P,urn:nasa:pds:maven.lpw.derived:data.lp.nt:mvn_lpw_l2_lpnt_20251005::1.0
P,urn:nasa:pds:maven.lpw.derived:data.lp.nt:mvn_lpw_l2_lpnt_20251006::1.0
P,urn:nasa:pds:maven.lpw.derived:data.lp.nt:mvn_lpw_l2_lpnt_20251007::1.0
P,urn:nasa:pds:maven.lpw.derived:data.lp.nt:mvn_lpw_l2_lpnt_20251008::1.0
P,urn:nasa:pds:maven.lpw.derived:data.lp.nt:mvn_lpw_l2_lpnt_20251009::1.0
P,urn:nasa:pds:maven.lpw.derived:data.lp.nt:mvn_lpw_l2_lpnt_20251010::1.0
P,urn:nasa:pds:maven.lpw.derived:data.lp.nt:mvn_lpw_l2_lpnt_20251011::1.0
P,urn:nasa:pds:maven.lpw.derived:data.lp.nt:mvn_lpw_l2_lpnt_20251012::1.0
P,urn:nasa:pds:maven.lpw.derived:data.lp.nt:mvn_lpw_l2_lpnt_20251013::1.0
P,urn:nasa:pds:maven.lpw.derived:data.lp.nt:mvn_lpw_l2_lpnt_20251014::1.0
P,urn:nasa:pds:maven.lpw.derived:data.lp.nt:mvn_lpw_l2_lpnt_20251016::1.0
P,urn:nasa:pds:maven.lpw.derived:data.lp.nt:mvn_lpw_l2_lpnt_20251017::1.0
P,urn:nasa:pds:maven.lpw.derived:data.lp.nt:mvn_lpw_l2_lpnt_20251018::1.0
P,urn:nasa:pds:maven.lpw.derived:data.lp.nt:mvn_lpw_l2_lpnt_20251019::1.0
P,urn:nasa:pds:maven.lpw.derived:data.lp.nt:mvn_lpw_l2_lpnt_20251020::1.0
P,urn:nasa:pds:maven.lpw.derived:data.lp.nt:mvn_lpw_l2_lpnt_20251021::1.0
P,urn:nasa:pds:maven.lpw.derived:data.lp.nt:mvn_lpw_l2_lpnt_20251022::1.0
P,urn:nasa:pds:maven.lpw.derived:data.lp.nt:mvn_lpw_l2_lpnt_20251023::1.0
P,urn:nasa:pds:maven.lpw.derived:data.lp.nt:mvn_lpw_l2_lpnt_20251025::1.0
P,urn:nasa:pds:maven.lpw.derived:data.lp.nt:mvn_lpw_l2_lpnt_20251026::1.0
P,urn:nasa:pds:maven.lpw.derived:data.lp.nt:mvn_lpw_l2_lpnt_20251027::1.0
P,urn:nasa:pds:maven.lpw.derived:data.lp.nt:mvn_lpw_l2_lpnt_20251028::1.0
P,urn:nasa:pds:maven.lpw.derived:data.lp.nt:mvn_lpw_l2_lpnt_20251029::1.0
P,urn:nasa:pds:maven.lpw.derived:data.lp.nt:mvn_lpw_l2_lpnt_20251030::1.0
P,urn:nasa:pds:maven.lpw.derived:data.lp.nt:mvn_lpw_l2_lpnt_20251031::1.0
P,urn:nasa:pds:maven.lpw.derived:data.lp.nt:mvn_lpw_l2_lpnt_20251101::1.0
P,urn:nasa:pds:maven.lpw.derived:data.lp.nt:mvn_lpw_l2_lpnt_20251102::1.0
P,urn:nasa:pds:maven.lpw.derived:data.lp.nt:mvn_lpw_l2_lpnt_20251103::1.0
P,urn:nasa:pds:maven.lpw.derived:data.lp.nt:mvn_lpw_l2_lpnt_20251104::1.0
P,urn:nasa:pds:maven.lpw.derived:data.lp.nt:mvn_lpw_l2_lpnt_20251105::1.0
P,urn:nasa:pds:maven.lpw.derived:data.lp.nt:mvn_lpw_l2_lpnt_20251106::1.0
P,urn:nasa:pds:maven.lpw.derived:data.lp.nt:mvn_lpw_l2_lpnt_20251107::1.0
P,urn:nasa:pds:maven.lpw.derived:data.lp.nt:mvn_lpw_l2_lpnt_20251108::1.0
P,urn:nasa:pds:maven.lpw.derived:data.lp.nt:mvn_lpw_l2_lpnt_20251109::1.0
P,urn:nasa:pds:maven.lpw.derived:data.lp.nt:mvn_lpw_l2_lpnt_20251110::1.0
P,urn:nasa:pds:maven.lpw.derived:data.lp.nt:mvn_lpw_l2_lpnt_20251111::1.0
P,urn:nasa:pds:maven.lpw.derived:data.lp.nt:mvn_lpw_l2_lpnt_20251112::1.0
P,urn:nasa:pds:maven.lpw.derived:data.lp.nt:mvn_lpw_l2_lpnt_20251113::1.0
P,urn:nasa:pds:maven.lpw.derived:data.lp.nt:mvn_lpw_l2_lpnt_20251114::1.0
P,urn:nasa:pds:maven.lpw.derived:data.lp.nt:mvn_lpw_l2_lpnt_20251115::1.0
P,urn:nasa:pds:maven.lpw.derived:data.lp.nt:mvn_lpw_l2_lpnt_20251116::1.0
P,urn:nasa:pds:maven.lpw.derived:data.lp.nt:mvn_lpw_l2_lpnt_20251117::1.0
P,urn:nasa:pds:maven.lpw.derived:data.lp.nt:mvn_lpw_l2_lpnt_20251118::1.0
P,urn:nasa:pds:maven.lpw.derived:data.lp.nt:mvn_lpw_l2_lpnt_20251119::1.0
P,urn:nasa:pds:maven.lpw.derived:data.lp.nt:mvn_lpw_l2_lpnt_20251120::1.0
P,urn:nasa:pds:maven.lpw.derived:data.lp.nt:mvn_lpw_l2_lpnt_20251121::1.0
P,urn:nasa:pds:maven.lpw.derived:data.lp.nt:mvn_lpw_l2_lpnt_20251122::1.0
P,urn:nasa:pds:maven.lpw.derived:data.lp.nt:mvn_lpw_l2_lpnt_20251123::1.0
P,urn:nasa:pds:maven.lpw.derived:data.lp.nt:mvn_lpw_l2_lpnt_20251124::1.0
P,urn:nasa:pds:maven.lpw.derived:data.lp.nt:mvn_lpw_l2_lpnt_20251125::1.0
P,urn:nasa:pds:maven.lpw.derived:data.lp.nt:mvn_lpw_l2_lpnt_20251126::1.0
P,urn:nasa:pds:maven.lpw.derived:data.lp.nt:mvn_lpw_l2_lpnt_20251127::1.0
P,urn:nasa:pds:maven.lpw.derived:data.lp.nt:mvn_lpw_l2_lpnt_20251128::1.0
P,urn:nasa:pds:maven.lpw.derived:data.lp.nt:mvn_lpw_l2_lpnt_20251129::1.0
P,urn:nasa:pds:maven.lpw.derived:data.lp.nt:mvn_lpw_l2_lpnt_20251130::1.0
P,urn:nasa:pds:maven.lpw.derived:data.lp.nt:mvn_lpw_l2_lpnt_20251201::1.0
P,urn:nasa:pds:maven.lpw.derived:data.lp.nt:mvn_lpw_l2_lpnt_20251202::1.0
P,urn:nasa:pds:maven.lpw.derived:data.lp.nt:mvn_lpw_l2_lpnt_20251203::1.0
P,urn:nasa:pds:maven.lpw.derived:data.lp.nt:mvn_lpw_l2_lpnt_20251204::1.0
P,urn:nasa:pds:maven.lpw.derived:data.lp.nt:mvn_lpw_l2_lpnt_20251205::1.0
