   -178.0000000,      -88.0000010,      0.176937
   -178.0000000,      -84.0000010,      0.171758
   -178.0000000,      -80.0000010,      0.190148
   -178.0000000,      -76.0000010,      0.215788
   -178.0000000,      -72.0000010,      0.227691
   -178.0000000,      -68.0000010,      0.261947
   -178.0000000,      -64.0000010,      0.328452
   -178.0000000,      -60.0000010,      0.451248
   -178.0000000,      -56.0000010,      0.589124
   -178.0000000,      -52.0000010,      0.685475
   -178.0000000,      -48.0000010,      0.767186
   -178.0000000,      -44.0000010,      0.753344
   -178.0000000,      -40.0000000,      0.724804
   -178.0000000,      -36.0000000,      0.639261
   -178.0000000,      -32.0000000,      0.600495
   -178.0000000,      -28.0000000,      0.584259
   -178.0000000,      -24.0000000,      0.570841
   -178.0000000,      -20.0000000,      0.524036
   -178.0000000,      -16.0000000,      0.504943
   -178.0000000,      -12.0000000,      0.516990
   -178.0000000,       -8.0000001,      0.519179
   -178.0000000,       -4.0000000,      0.515286
   -178.0000000,        0.0000000,      0.544429
   -178.0000000,        4.0000000,      0.608380
   -178.0000000,        8.0000001,      0.647459
   -178.0000000,       12.0000000,      0.645128
   -178.0000000,       16.0000000,      0.635965
   -178.0000000,       20.0000000,      0.638034
   -178.0000000,       24.0000000,      0.624722
   -178.0000000,       28.0000000,      0.614496
   -178.0000000,       32.0000000,      0.596013
   -178.0000000,       36.0000000,      0.581807
   -178.0000000,       40.0000000,      0.573094
   -178.0000000,       44.0000010,      0.562716
   -178.0000000,       48.0000010,      0.548689
   -178.0000000,       52.0000010,      0.491781
   -178.0000000,       56.0000010,      0.446549
   -178.0000000,       60.0000010,      0.435985
   -178.0000000,       64.0000010,      0.430670
   -178.0000000,       68.0000010,      0.443947
   -178.0000000,       72.0000010,      0.453994
   -178.0000000,       76.0000010,      0.498377
   -178.0000000,       80.0000010,      0.540411
   -178.0000000,       84.0000010,      0.550912
   -178.0000000,       88.0000010,      0.559168
   -174.0000000,      -88.0000010,      0.184300
   -174.0000000,      -84.0000010,      0.175948
   -174.0000000,      -80.0000010,      0.186142
   -174.0000000,      -76.0000010,      0.208493
   -174.0000000,      -72.0000010,      0.226674
   -174.0000000,      -68.0000010,      0.261643
   -174.0000000,      -64.0000010,      0.333686
   -174.0000000,      -60.0000010,      0.476211
   -174.0000000,      -56.0000010,      0.626489
   -174.0000000,      -52.0000010,      0.736834
   -174.0000000,      -48.0000010,      0.778527
   -174.0000000,      -44.0000010,      0.759284
   -174.0000000,      -40.0000000,      0.725584
   -174.0000000,      -36.0000000,      0.653912
   -174.0000000,      -32.0000000,      0.615118
   -174.0000000,      -28.0000000,      0.592436
   -174.0000000,      -24.0000000,      0.582655
   -174.0000000,      -20.0000000,      0.531715
   -174.0000000,      -16.0000000,      0.501550
   -174.0000000,      -12.0000000,      0.492054
   -174.0000000,       -8.0000001,      0.499876
   -174.0000000,       -4.0000000,      0.503102
   -174.0000000,        0.0000000,      0.547026
   -174.0000000,        4.0000000,      0.592968
   -174.0000000,        8.0000001,      0.629963
   -174.0000000,       12.0000000,      0.634877
   -174.0000000,       16.0000000,      0.644624
   -174.0000000,       20.0000000,      0.659257
   -174.0000000,       24.0000000,      0.647349
   -174.0000000,       28.0000000,      0.630176
   -174.0000000,       32.0000000,      0.604728
   -174.0000000,       36.0000000,      0.583491
   -174.0000000,       40.0000000,      0.576114
   -174.0000000,       44.0000010,      0.561501
   -174.0000000,       48.0000010,      0.550394
   -174.0000000,       52.0000010,      0.490168
   -174.0000000,       56.0000010,      0.441275
   -174.0000000,       60.0000010,      0.420084
   -174.0000000,       64.0000010,      0.414062
   -174.0000000,       68.0000010,      0.422237
   -174.0000000,       72.0000010,      0.442539
   -174.0000000,       76.0000010,      0.488751
   -174.0000000,       80.0000010,      0.533522
   -174.0000000,       84.0000010,      0.546684
   -174.0000000,       88.0000010,      0.561255
   -170.0000000,      -88.0000010,      0.187058
   -170.0000000,      -84.0000010,      0.176999
   -170.0000000,      -80.0000010,      0.179553
   -170.0000000,      -76.0000010,      0.197395
   -170.0000000,      -72.0000010,      0.219968
   -170.0000000,      -68.0000010,      0.272289
   -170.0000000,      -64.0000010,      0.348534
   -170.0000000,      -60.0000010,      0.491179
   -170.0000000,      -56.0000010,      0.628294
   -170.0000000,      -52.0000010,      0.750902
   -170.0000000,      -48.0000010,      0.782571
   -170.0000000,      -44.0000010,      0.773973
   -170.0000000,      -40.0000000,      0.732280
   -170.0000000,      -36.0000000,      0.665747
   -170.0000000,      -32.0000000,      0.619390
   -170.0000000,      -28.0000000,      0.601661
   -170.0000000,      -24.0000000,      0.592763
   -170.0000000,      -20.0000000,      0.545460
   -170.0000000,      -16.0000000,      0.502510
   -170.0000000,      -12.0000000,      0.472651
   -170.0000000,       -8.0000001,      0.475108
   -170.0000000,       -4.0000000,      0.486608
   -170.0000000,        0.0000000,      0.542456
   -170.0000000,        4.0000000,      0.576067
   -170.0000000,        8.0000001,      0.611401
   -170.0000000,       12.0000000,      0.623879
   -170.0000000,       16.0000000,      0.660808
   -170.0000000,       20.0000000,      0.673400
   -170.0000000,       24.0000000,      0.676982
   -170.0000000,       28.0000000,      0.640180
   -170.0000000,       32.0000000,      0.612722
   -170.0000000,       36.0000000,      0.579414
   -170.0000000,       40.0000000,      0.564979
   -170.0000000,       44.0000010,      0.535179
   -170.0000000,       48.0000010,      0.513463
   -170.0000000,       52.0000010,      0.467000
   -170.0000000,       56.0000010,      0.423727
   -170.0000000,       60.0000010,      0.398302
   -170.0000000,       64.0000010,      0.395757
   -170.0000000,       68.0000010,      0.409625
   -170.0000000,       72.0000010,      0.446868
   -170.0000000,       76.0000010,      0.487519
   -170.0000000,       80.0000010,      0.532262
   -170.0000000,       84.0000010,      0.548271
   -170.0000000,       88.0000010,      0.571383
   -166.0000000,      -88.0000010,      0.188404
   -166.0000000,      -84.0000010,      0.177554
   -166.0000000,      -80.0000010,      0.170724
   -166.0000000,      -76.0000010,      0.180796
   -166.0000000,      -72.0000010,      0.209617
   -166.0000000,      -68.0000010,      0.266882
   -166.0000000,      -64.0000010,      0.348939
   -166.0000000,      -60.0000010,      0.490602
   -166.0000000,      -56.0000010,      0.637912
   -166.0000000,      -52.0000010,      0.768253
   -166.0000000,      -48.0000010,      0.790602
   -166.0000000,      -44.0000010,      0.754748
   -166.0000000,      -40.0000000,      0.705308
   -166.0000000,      -36.0000000,      0.654145
   -166.0000000,      -32.0000000,      0.636505
   -166.0000000,      -28.0000000,      0.607674
   -166.0000000,      -24.0000000,      0.596352
   -166.0000000,      -20.0000000,      0.545674
   -166.0000000,      -16.0000000,      0.505826
   -166.0000000,      -12.0000000,      0.476147
   -166.0000000,       -8.0000001,      0.481067
   -166.0000000,       -4.0000000,      0.496332
   -166.0000000,        0.0000000,      0.536276
   -166.0000000,        4.0000000,      0.549819
   -166.0000000,        8.0000001,      0.578149
   -166.0000000,       12.0000000,      0.585900
   -166.0000000,       16.0000000,      0.628756
   -166.0000000,       20.0000000,      0.648310
   -166.0000000,       24.0000000,      0.666103
   -166.0000000,       28.0000000,      0.633308
   -166.0000000,       32.0000000,      0.597222
   -166.0000000,       36.0000000,      0.550002
   -166.0000000,       40.0000000,      0.525034
   -166.0000000,       44.0000010,      0.494064
   -166.0000000,       48.0000010,      0.474004
   -166.0000000,       52.0000010,      0.447640
   -166.0000000,       56.0000010,      0.414671
   -166.0000000,       60.0000010,      0.394820
   -166.0000000,       64.0000010,      0.388237
   -166.0000000,       68.0000010,      0.411526
   -166.0000000,       72.0000010,      0.452141
   -166.0000000,       76.0000010,      0.501660
   -166.0000000,       80.0000010,      0.538183
   -166.0000000,       84.0000010,      0.564095
   -166.0000000,       88.0000010,      0.585097
   -162.0000000,      -88.0000010,      0.182898
   -162.0000000,      -84.0000010,      0.176756
   -162.0000000,      -80.0000010,      0.170514
   -162.0000000,      -76.0000010,      0.179191
   -162.0000000,      -72.0000010,      0.198723
   -162.0000000,      -68.0000010,      0.262330
   -162.0000000,      -64.0000010,      0.341737
   -162.0000000,      -60.0000010,      0.464691
   -162.0000000,      -56.0000010,      0.599571
   -162.0000000,      -52.0000010,      0.711833
   -162.0000000,      -48.0000010,      0.759325
   -162.0000000,      -44.0000010,      0.744170
   -162.0000000,      -40.0000000,      0.702281
   -162.0000000,      -36.0000000,      0.652916
   -162.0000000,      -32.0000000,      0.628740
   -162.0000000,      -28.0000000,      0.603609
   -162.0000000,      -24.0000000,      0.580084
   -162.0000000,      -20.0000000,      0.523843
   -162.0000000,      -16.0000000,      0.506114
   -162.0000000,      -12.0000000,      0.509570
   -162.0000000,       -8.0000001,      0.528251
   -162.0000000,       -4.0000000,      0.535223
   -162.0000000,        0.0000000,      0.544452
   -162.0000000,        4.0000000,      0.534336
   -162.0000000,        8.0000001,      0.556541
   -162.0000000,       12.0000000,      0.568302
   -162.0000000,       16.0000000,      0.617992
   -162.0000000,       20.0000000,      0.628396
   -162.0000000,       24.0000000,      0.639996
   -162.0000000,       28.0000000,      0.608483
   -162.0000000,       32.0000000,      0.574290
   -162.0000000,       36.0000000,      0.530918
   -162.0000000,       40.0000000,      0.496012
   -162.0000000,       44.0000010,      0.462866
   -162.0000000,       48.0000010,      0.432177
   -162.0000000,       52.0000010,      0.412338
   -162.0000000,       56.0000010,      0.380946
   -162.0000000,       60.0000010,      0.385198
   -162.0000000,       64.0000010,      0.394232
   -162.0000000,       68.0000010,      0.436027
   -162.0000000,       72.0000010,      0.461471
   -162.0000000,       76.0000010,      0.506753
   -162.0000000,       80.0000010,      0.529965
   -162.0000000,       84.0000010,      0.573873
   -162.0000000,       88.0000010,      0.597421
   -158.0000000,      -88.0000010,      0.184041
   -158.0000000,      -84.0000010,      0.180295
   -158.0000000,      -80.0000010,      0.179762
   -158.0000000,      -76.0000010,      0.188572
   -158.0000000,      -72.0000010,      0.208469
   -158.0000000,      -68.0000010,      0.257864
   -158.0000000,      -64.0000010,      0.342797
   -158.0000000,      -60.0000010,      0.478612
   -158.0000000,      -56.0000010,      0.627234
   -158.0000000,      -52.0000010,      0.752914
   -158.0000000,      -48.0000010,      0.787826
   -158.0000000,      -44.0000010,      0.767144
   -158.0000000,      -40.0000000,      0.709527
   -158.0000000,      -36.0000000,      0.668221
   -158.0000000,      -32.0000000,      0.641133
   -158.0000000,      -28.0000000,      0.597313
   -158.0000000,      -24.0000000,      0.557207
   -158.0000000,      -20.0000000,      0.496314
   -158.0000000,      -16.0000000,      0.495005
   -158.0000000,      -12.0000000,      0.524601
   -158.0000000,       -8.0000001,      0.570196
   -158.0000000,       -4.0000000,      0.574747
   -158.0000000,        0.0000000,      0.551409
   -158.0000000,        4.0000000,      0.514619
   -158.0000000,        8.0000001,      0.530817
   -158.0000000,       12.0000000,      0.547453
   -158.0000000,       16.0000000,      0.600891
   -158.0000000,       20.0000000,      0.614472
   -158.0000000,       24.0000000,      0.610674
   -158.0000000,       28.0000000,      0.576506
   -158.0000000,       32.0000000,      0.543429
   -158.0000000,       36.0000000,      0.513826
   -158.0000000,       40.0000000,      0.481678
   -158.0000000,       44.0000010,      0.457029
   -158.0000000,       48.0000010,      0.426060
   -158.0000000,       52.0000010,      0.401521
   -158.0000000,       56.0000010,      0.366036
   -158.0000000,       60.0000010,      0.380721
   -158.0000000,       64.0000010,      0.391530
   -158.0000000,       68.0000010,      0.429965
   -158.0000000,       72.0000010,      0.442750
   -158.0000000,       76.0000010,      0.496648
   -158.0000000,       80.0000010,      0.525015
   -158.0000000,       84.0000010,      0.583114
   -158.0000000,       88.0000010,      0.607755
   -154.0000000,      -88.0000010,      0.189672
   -154.0000000,      -84.0000010,      0.182650
   -154.0000000,      -80.0000010,      0.184182
   -154.0000000,      -76.0000010,      0.188045
   -154.0000000,      -72.0000010,      0.210354
   -154.0000000,      -68.0000010,      0.257669
   -154.0000000,      -64.0000010,      0.338856
   -154.0000000,      -60.0000010,      0.477429
   -154.0000000,      -56.0000010,      0.617562
   -154.0000000,      -52.0000010,      0.740572
   -154.0000000,      -48.0000010,      0.771067
   -154.0000000,      -44.0000010,      0.755817
   -154.0000000,      -40.0000000,      0.706970
   -154.0000000,      -36.0000000,      0.654117
   -154.0000000,      -32.0000000,      0.621665
   -154.0000000,      -28.0000000,      0.574302
   -154.0000000,      -24.0000000,      0.559344
   -154.0000000,      -20.0000000,      0.511423
   -154.0000000,      -16.0000000,      0.514199
   -154.0000000,      -12.0000000,      0.518357
   -154.0000000,       -8.0000001,      0.550146
   -154.0000000,       -4.0000000,      0.558525
   -154.0000000,        0.0000000,      0.548746
   -154.0000000,        4.0000000,      0.531845
   -154.0000000,        8.0000001,      0.551378
   -154.0000000,       12.0000000,      0.577173
   -154.0000000,       16.0000000,      0.615167
   -154.0000000,       20.0000000,      0.618998
   -154.0000000,       24.0000000,      0.607326
   -154.0000000,       28.0000000,      0.568812
   -154.0000000,       32.0000000,      0.537137
   -154.0000000,       36.0000000,      0.499607
   -154.0000000,       40.0000000,      0.471185
   -154.0000000,       44.0000010,      0.441138
   -154.0000000,       48.0000010,      0.415277
   -154.0000000,       52.0000010,      0.388986
   -154.0000000,       56.0000010,      0.355041
   -154.0000000,       60.0000010,      0.356468
   -154.0000000,       64.0000010,      0.376777
   -154.0000000,       68.0000010,      0.409726
   -154.0000000,       72.0000010,      0.428206
   -154.0000000,       76.0000010,      0.470893
   -154.0000000,       80.0000010,      0.506977
   -154.0000000,       84.0000010,      0.573941
   -154.0000000,       88.0000010,      0.606457
   -150.0000000,      -88.0000010,      0.193465
   -150.0000000,      -84.0000010,      0.180570
   -150.0000000,      -80.0000010,      0.184848
   -150.0000000,      -76.0000010,      0.188569
   -150.0000000,      -72.0000010,      0.218161
   -150.0000000,      -68.0000010,      0.257923
   -150.0000000,      -64.0000010,      0.348427
   -150.0000000,      -60.0000010,      0.489089
   -150.0000000,      -56.0000010,      0.635368
   -150.0000000,      -52.0000010,      0.765142
   -150.0000000,      -48.0000010,      0.800073
   -150.0000000,      -44.0000010,      0.777004
   -150.0000000,      -40.0000000,      0.728540
   -150.0000000,      -36.0000000,      0.683976
   -150.0000000,      -32.0000000,      0.647119
   -150.0000000,      -28.0000000,      0.592081
   -150.0000000,      -24.0000000,      0.560758
   -150.0000000,      -20.0000000,      0.526911
   -150.0000000,      -16.0000000,      0.517616
   -150.0000000,      -12.0000000,      0.516823
   -150.0000000,       -8.0000001,      0.537078
   -150.0000000,       -4.0000000,      0.551624
   -150.0000000,        0.0000000,      0.551819
   -150.0000000,        4.0000000,      0.542373
   -150.0000000,        8.0000001,      0.553970
   -150.0000000,       12.0000000,      0.558136
   -150.0000000,       16.0000000,      0.586433
   -150.0000000,       20.0000000,      0.582217
   -150.0000000,       24.0000000,      0.586182
   -150.0000000,       28.0000000,      0.556216
   -150.0000000,       32.0000000,      0.530958
   -150.0000000,       36.0000000,      0.488446
   -150.0000000,       40.0000000,      0.468109
   -150.0000000,       44.0000010,      0.441661
   -150.0000000,       48.0000010,      0.416417
   -150.0000000,       52.0000010,      0.383602
   -150.0000000,       56.0000010,      0.359404
   -150.0000000,       60.0000010,      0.348361
   -150.0000000,       64.0000010,      0.363353
   -150.0000000,       68.0000010,      0.389592
   -150.0000000,       72.0000010,      0.428279
   -150.0000000,       76.0000010,      0.478119
   -150.0000000,       80.0000010,      0.524086
   -150.0000000,       84.0000010,      0.578606
   -150.0000000,       88.0000010,      0.599584
   -146.0000000,      -88.0000010,      0.196124
   -146.0000000,      -84.0000010,      0.174395
   -146.0000000,      -80.0000010,      0.173192
   -146.0000000,      -76.0000010,      0.181800
   -146.0000000,      -72.0000010,      0.218448
   -146.0000000,      -68.0000010,      0.264188
   -146.0000000,      -64.0000010,      0.364773
   -146.0000000,      -60.0000010,      0.479725
   -146.0000000,      -56.0000010,      0.619930
   -146.0000000,      -52.0000010,      0.712893
   -146.0000000,      -48.0000010,      0.779966
   -146.0000000,      -44.0000010,      0.758981
   -146.0000000,      -40.0000000,      0.725619
   -146.0000000,      -36.0000000,      0.662757
   -146.0000000,      -32.0000000,      0.635480
   -146.0000000,      -28.0000000,      0.600671
   -146.0000000,      -24.0000000,      0.576358
   -146.0000000,      -20.0000000,      0.544280
   -146.0000000,      -16.0000000,      0.520064
   -146.0000000,      -12.0000000,      0.514263
   -146.0000000,       -8.0000001,      0.513254
   -146.0000000,       -4.0000000,      0.535493
   -146.0000000,        0.0000000,      0.555414
   -146.0000000,        4.0000000,      0.569628
   -146.0000000,        8.0000001,      0.570104
   -146.0000000,       12.0000000,      0.555687
   -146.0000000,       16.0000000,      0.563605
   -146.0000000,       20.0000000,      0.560283
   -146.0000000,       24.0000000,      0.566371
   -146.0000000,       28.0000000,      0.541862
   -146.0000000,       32.0000000,      0.522631
   -146.0000000,       36.0000000,      0.479372
   -146.0000000,       40.0000000,      0.460144
   -146.0000000,       44.0000010,      0.432886
   -146.0000000,       48.0000010,      0.405998
   -146.0000000,       52.0000010,      0.364802
   -146.0000000,       56.0000010,      0.329764
   -146.0000000,       60.0000010,      0.321623
   -146.0000000,       64.0000010,      0.340846
   -146.0000000,       68.0000010,      0.379800
   -146.0000000,       72.0000010,      0.429208
   -146.0000000,       76.0000010,      0.486695
   -146.0000000,       80.0000010,      0.529774
   -146.0000000,       84.0000010,      0.567730
   -146.0000000,       88.0000010,      0.575062
   -142.0000000,      -88.0000010,      0.198769
   -142.0000000,      -84.0000010,      0.175340
   -142.0000000,      -80.0000010,      0.172776
   -142.0000000,      -76.0000010,      0.181989
   -142.0000000,      -72.0000010,      0.215435
   -142.0000000,      -68.0000010,      0.263573
   -142.0000000,      -64.0000010,      0.374360
   -142.0000000,      -60.0000010,      0.503818
   -142.0000000,      -56.0000010,      0.651102
   -142.0000000,      -52.0000010,      0.739267
   -142.0000000,      -48.0000010,      0.810467
   -142.0000000,      -44.0000010,      0.783312
   -142.0000000,      -40.0000000,      0.744111
   -142.0000000,      -36.0000000,      0.691918
   -142.0000000,      -32.0000000,      0.664565
   -142.0000000,      -28.0000000,      0.637984
   -142.0000000,      -24.0000000,      0.581363
   -142.0000000,      -20.0000000,      0.540705
   -142.0000000,      -16.0000000,      0.521742
   -142.0000000,      -12.0000000,      0.531466
   -142.0000000,       -8.0000001,      0.553959
   -142.0000000,       -4.0000000,      0.567780
   -142.0000000,        0.0000000,      0.574126
   -142.0000000,        4.0000000,      0.572097
   -142.0000000,        8.0000001,      0.565901
   -142.0000000,       12.0000000,      0.557940
   -142.0000000,       16.0000000,      0.561228
   -142.0000000,       20.0000000,      0.558887
   -142.0000000,       24.0000000,      0.547389
   -142.0000000,       28.0000000,      0.531379
   -142.0000000,       32.0000000,      0.524524
   -142.0000000,       36.0000000,      0.510568
   -142.0000000,       40.0000000,      0.494584
   -142.0000000,       44.0000010,      0.457025
   -142.0000000,       48.0000010,      0.410335
   -142.0000000,       52.0000010,      0.359418
   -142.0000000,       56.0000010,      0.314447
   -142.0000000,       60.0000010,      0.304609
   -142.0000000,       64.0000010,      0.312248
   -142.0000000,       68.0000010,      0.360698
   -142.0000000,       72.0000010,      0.424036
   -142.0000000,       76.0000010,      0.492920
   -142.0000000,       80.0000010,      0.538466
   -142.0000000,       84.0000010,      0.560832
   -142.0000000,       88.0000010,      0.559471
   -138.0000000,      -88.0000010,      0.206549
   -138.0000000,      -84.0000010,      0.178739
   -138.0000000,      -80.0000010,      0.172377
   -138.0000000,      -76.0000010,      0.176837
   -138.0000000,      -72.0000010,      0.214814
   -138.0000000,      -68.0000010,      0.268573
   -138.0000000,      -64.0000010,      0.383477
   -138.0000000,      -60.0000010,      0.509461
   -138.0000000,      -56.0000010,      0.653276
   -138.0000000,      -52.0000010,      0.742173
   -138.0000000,      -48.0000010,      0.825101
   -138.0000000,      -44.0000010,      0.800156
   -138.0000000,      -40.0000000,      0.755681
   -138.0000000,      -36.0000000,      0.693334
   -138.0000000,      -32.0000000,      0.675555
   -138.0000000,      -28.0000000,      0.671943
   -138.0000000,      -24.0000000,      0.639939
   -138.0000000,      -20.0000000,      0.604082
   -138.0000000,      -16.0000000,      0.575602
   -138.0000000,      -12.0000000,      0.567835
   -138.0000000,       -8.0000001,      0.573911
   -138.0000000,       -4.0000000,      0.573978
   -138.0000000,        0.0000000,      0.566228
   -138.0000000,        4.0000000,      0.581806
   -138.0000000,        8.0000001,      0.595900
   -138.0000000,       12.0000000,      0.602356
   -138.0000000,       16.0000000,      0.607165
   -138.0000000,       20.0000000,      0.594309
   -138.0000000,       24.0000000,      0.587688
   -138.0000000,       28.0000000,      0.547524
   -138.0000000,       32.0000000,      0.544874
   -138.0000000,       36.0000000,      0.532039
   -138.0000000,       40.0000000,      0.517873
   -138.0000000,       44.0000010,      0.476095
   -138.0000000,       48.0000010,      0.422934
   -138.0000000,       52.0000010,      0.368694
   -138.0000000,       56.0000010,      0.308722
   -138.0000000,       60.0000010,      0.288726
   -138.0000000,       64.0000010,      0.302407
   -138.0000000,       68.0000010,      0.347512
   -138.0000000,       72.0000010,      0.416630
   -138.0000000,       76.0000010,      0.485136
   -138.0000000,       80.0000010,      0.542096
   -138.0000000,       84.0000010,      0.557336
   -138.0000000,       88.0000010,      0.552037
   -134.0000000,      -88.0000010,      0.211884
   -134.0000000,      -84.0000010,      0.188533
   -134.0000000,      -80.0000010,      0.177669
   -134.0000000,      -76.0000010,      0.164870
   -134.0000000,      -72.0000010,      0.201048
   -134.0000000,      -68.0000010,      0.253818
   -134.0000000,      -64.0000010,      0.359927
   -134.0000000,      -60.0000010,      0.502938
   -134.0000000,      -56.0000010,      0.655564
   -134.0000000,      -52.0000010,      0.769048
   -134.0000000,      -48.0000010,      0.829682
   -134.0000000,      -44.0000010,      0.804440
   -134.0000000,      -40.0000000,      0.772428
   -134.0000000,      -36.0000000,      0.736492
   -134.0000000,      -32.0000000,      0.717225
   -134.0000000,      -28.0000000,      0.712227
   -134.0000000,      -24.0000000,      0.681054
   -134.0000000,      -20.0000000,      0.665551
   -134.0000000,      -16.0000000,      0.633247
   -134.0000000,      -12.0000000,      0.614584
   -134.0000000,       -8.0000001,      0.618718
   -134.0000000,       -4.0000000,      0.607846
   -134.0000000,        0.0000000,      0.590107
   -134.0000000,        4.0000000,      0.584545
   -134.0000000,        8.0000001,      0.609357
   -134.0000000,       12.0000000,      0.630693
   -134.0000000,       16.0000000,      0.641469
   -134.0000000,       20.0000000,      0.620444
   -134.0000000,       24.0000000,      0.604532
   -134.0000000,       28.0000000,      0.574668
   -134.0000000,       32.0000000,      0.563520
   -134.0000000,       36.0000000,      0.552548
   -134.0000000,       40.0000000,      0.544865
   -134.0000000,       44.0000010,      0.513668
   -134.0000000,       48.0000010,      0.466264
   -134.0000000,       52.0000010,      0.394752
   -134.0000000,       56.0000010,      0.335138
   -134.0000000,       60.0000010,      0.309862
   -134.0000000,       64.0000010,      0.322744
   -134.0000000,       68.0000010,      0.352382
   -134.0000000,       72.0000010,      0.414563
   -134.0000000,       76.0000010,      0.475109
   -134.0000000,       80.0000010,      0.540471
   -134.0000000,       84.0000010,      0.556814
   -134.0000000,       88.0000010,      0.561836
   -130.0000000,      -88.0000010,      0.210681
   -130.0000000,      -84.0000010,      0.195656
   -130.0000000,      -80.0000010,      0.183847
   -130.0000000,      -76.0000010,      0.176245
   -130.0000000,      -72.0000010,      0.217785
   -130.0000000,      -68.0000010,      0.270917
   -130.0000000,      -64.0000010,      0.362184
   -130.0000000,      -60.0000010,      0.486635
   -130.0000000,      -56.0000010,      0.637570
   -130.0000000,      -52.0000010,      0.762192
   -130.0000000,      -48.0000010,      0.809591
   -130.0000000,      -44.0000010,      0.802868
   -130.0000000,      -40.0000000,      0.767492
   -130.0000000,      -36.0000000,      0.742104
   -130.0000000,      -32.0000000,      0.713967
   -130.0000000,      -28.0000000,      0.728454
   -130.0000000,      -24.0000000,      0.728162
   -130.0000000,      -20.0000000,      0.725096
   -130.0000000,      -16.0000000,      0.673050
   -130.0000000,      -12.0000000,      0.646475
   -130.0000000,       -8.0000001,      0.619708
   -130.0000000,       -4.0000000,      0.610930
   -130.0000000,        0.0000000,      0.597754
   -130.0000000,        4.0000000,      0.595564
   -130.0000000,        8.0000001,      0.634740
   -130.0000000,       12.0000000,      0.652698
   -130.0000000,       16.0000000,      0.694268
   -130.0000000,       20.0000000,      0.671451
   -130.0000000,       24.0000000,      0.653649
   -130.0000000,       28.0000000,      0.612831
   -130.0000000,       32.0000000,      0.596497
   -130.0000000,       36.0000000,      0.579179
   -130.0000000,       40.0000000,      0.570404
   -130.0000000,       44.0000010,      0.537551
   -130.0000000,       48.0000010,      0.484711
   -130.0000000,       52.0000010,      0.393760
   -130.0000000,       56.0000010,      0.334109
   -130.0000000,       60.0000010,      0.308967
   -130.0000000,       64.0000010,      0.333439
   -130.0000000,       68.0000010,      0.358943
   -130.0000000,       72.0000010,      0.416057
   -130.0000000,       76.0000010,      0.480382
   -130.0000000,       80.0000010,      0.541716
   -130.0000000,       84.0000010,      0.566454
   -130.0000000,       88.0000010,      0.570903
   -126.0000000,      -88.0000010,      0.202769
   -126.0000000,      -84.0000010,      0.194752
   -126.0000000,      -80.0000010,      0.183025
   -126.0000000,      -76.0000010,      0.190549
   -126.0000000,      -72.0000010,      0.235949
   -126.0000000,      -68.0000010,      0.297198
   -126.0000000,      -64.0000010,      0.390333
   -126.0000000,      -60.0000010,      0.510473
   -126.0000000,      -56.0000010,      0.655027
   -126.0000000,      -52.0000010,      0.780869
   -126.0000000,      -48.0000010,      0.830937
   -126.0000000,      -44.0000010,      0.822396
   -126.0000000,      -40.0000000,      0.773737
   -126.0000000,      -36.0000000,      0.742938
   -126.0000000,      -32.0000000,      0.712457
   -126.0000000,      -28.0000000,      0.726454
   -126.0000000,      -24.0000000,      0.726201
   -126.0000000,      -20.0000000,      0.752674
   -126.0000000,      -16.0000000,      0.714522
   -126.0000000,      -12.0000000,      0.689513
   -126.0000000,       -8.0000001,      0.661212
   -126.0000000,       -4.0000000,      0.658846
   -126.0000000,        0.0000000,      0.645909
   -126.0000000,        4.0000000,      0.609113
   -126.0000000,        8.0000001,      0.623218
   -126.0000000,       12.0000000,      0.664341
   -126.0000000,       16.0000000,      0.717710
   -126.0000000,       20.0000000,      0.706593
   -126.0000000,       24.0000000,      0.651740
   -126.0000000,       28.0000000,      0.616694
   -126.0000000,       32.0000000,      0.599905
   -126.0000000,       36.0000000,      0.596291
   -126.0000000,       40.0000000,      0.579567
   -126.0000000,       44.0000010,      0.547462
   -126.0000000,       48.0000010,      0.492070
   -126.0000000,       52.0000010,      0.398632
   -126.0000000,       56.0000010,      0.336063
   -126.0000000,       60.0000010,      0.314504
   -126.0000000,       64.0000010,      0.341520
   -126.0000000,       68.0000010,      0.379492
   -126.0000000,       72.0000010,      0.423291
   -126.0000000,       76.0000010,      0.478016
   -126.0000000,       80.0000010,      0.526255
   -126.0000000,       84.0000010,      0.562087
   -126.0000000,       88.0000010,      0.579686
   -122.0000000,      -88.0000010,      0.191883
   -122.0000000,      -84.0000010,      0.189121
   -122.0000000,      -80.0000010,      0.183308
   -122.0000000,      -76.0000010,      0.206844
   -122.0000000,      -72.0000010,      0.251123
   -122.0000000,      -68.0000010,      0.306882
   -122.0000000,      -64.0000010,      0.402262
   -122.0000000,      -60.0000010,      0.519348
   -122.0000000,      -56.0000010,      0.683614
   -122.0000000,      -52.0000010,      0.806764
   -122.0000000,      -48.0000010,      0.856930
   -122.0000000,      -44.0000010,      0.837391
   -122.0000000,      -40.0000000,      0.781776
   -122.0000000,      -36.0000000,      0.751073
   -122.0000000,      -32.0000000,      0.727174
   -122.0000000,      -28.0000000,      0.742740
   -122.0000000,      -24.0000000,      0.744349
   -122.0000000,      -20.0000000,      0.760042
   -122.0000000,      -16.0000000,      0.739326
   -122.0000000,      -12.0000000,      0.736697
   -122.0000000,       -8.0000001,      0.700996
   -122.0000000,       -4.0000000,      0.688809
   -122.0000000,        0.0000000,      0.657073
   -122.0000000,        4.0000000,      0.631795
   -122.0000000,        8.0000001,      0.634087
   -122.0000000,       12.0000000,      0.675151
   -122.0000000,       16.0000000,      0.721219
   -122.0000000,       20.0000000,      0.712312
   -122.0000000,       24.0000000,      0.663551
   -122.0000000,       28.0000000,      0.626165
   -122.0000000,       32.0000000,      0.611087
   -122.0000000,       36.0000000,      0.596010
   -122.0000000,       40.0000000,      0.570335
   -122.0000000,       44.0000010,      0.536853
   -122.0000000,       48.0000010,      0.478087
   -122.0000000,       52.0000010,      0.402390
   -122.0000000,       56.0000010,      0.338279
   -122.0000000,       60.0000010,      0.308089
   -122.0000000,       64.0000010,      0.336632
   -122.0000000,       68.0000010,      0.386053
   -122.0000000,       72.0000010,      0.434842
   -122.0000000,       76.0000010,      0.482029
   -122.0000000,       80.0000010,      0.516609
   -122.0000000,       84.0000010,      0.562171
   -122.0000000,       88.0000010,      0.581571
   -118.0000000,      -88.0000010,      0.178531
   -118.0000000,      -84.0000010,      0.177020
   -118.0000000,      -80.0000010,      0.179737
   -118.0000000,      -76.0000010,      0.208255
   -118.0000000,      -72.0000010,      0.242980
   -118.0000000,      -68.0000010,      0.300704
   -118.0000000,      -64.0000010,      0.416526
   -118.0000000,      -60.0000010,      0.548429
   -118.0000000,      -56.0000010,      0.703982
   -118.0000000,      -52.0000010,      0.821265
   -118.0000000,      -48.0000010,      0.875239
   -118.0000000,      -44.0000010,      0.855219
   -118.0000000,      -40.0000000,      0.786889
   -118.0000000,      -36.0000000,      0.756403
   -118.0000000,      -32.0000000,      0.744547
   -118.0000000,      -28.0000000,      0.753292
   -118.0000000,      -24.0000000,      0.750876
   -118.0000000,      -20.0000000,      0.759419
   -118.0000000,      -16.0000000,      0.762194
   -118.0000000,      -12.0000000,      0.761212
   -118.0000000,       -8.0000001,      0.740924
   -118.0000000,       -4.0000000,      0.719059
   -118.0000000,        0.0000000,      0.672808
   -118.0000000,        4.0000000,      0.648401
   -118.0000000,        8.0000001,      0.648749
   -118.0000000,       12.0000000,      0.701526
   -118.0000000,       16.0000000,      0.721014
   -118.0000000,       20.0000000,      0.703749
   -118.0000000,       24.0000000,      0.657935
   -118.0000000,       28.0000000,      0.627237
   -118.0000000,       32.0000000,      0.599131
   -118.0000000,       36.0000000,      0.582266
   -118.0000000,       40.0000000,      0.560005
   -118.0000000,       44.0000010,      0.544512
   -118.0000000,       48.0000010,      0.488157
   -118.0000000,       52.0000010,      0.415402
   -118.0000000,       56.0000010,      0.345867
   -118.0000000,       60.0000010,      0.307713
   -118.0000000,       64.0000010,      0.320081
   -118.0000000,       68.0000010,      0.373301
   -118.0000000,       72.0000010,      0.423077
   -118.0000000,       76.0000010,      0.467021
   -118.0000000,       80.0000010,      0.497635
   -118.0000000,       84.0000010,      0.546391
   -118.0000000,       88.0000010,      0.581414
   -114.0000000,      -88.0000010,      0.170951
   -114.0000000,      -84.0000010,      0.174631
   -114.0000000,      -80.0000010,      0.180959
   -114.0000000,      -76.0000010,      0.205001
   -114.0000000,      -72.0000010,      0.222402
   -114.0000000,      -68.0000010,      0.281034
   -114.0000000,      -64.0000010,      0.404184
   -114.0000000,      -60.0000010,      0.567952
   -114.0000000,      -56.0000010,      0.728711
   -114.0000000,      -52.0000010,      0.836914
   -114.0000000,      -48.0000010,      0.871056
   -114.0000000,      -44.0000010,      0.854574
   -114.0000000,      -40.0000000,      0.793720
   -114.0000000,      -36.0000000,      0.763013
   -114.0000000,      -32.0000000,      0.737189
   -114.0000000,      -28.0000000,      0.743950
   -114.0000000,      -24.0000000,      0.737797
   -114.0000000,      -20.0000000,      0.738907
   -114.0000000,      -16.0000000,      0.736208
   -114.0000000,      -12.0000000,      0.738060
   -114.0000000,       -8.0000001,      0.720244
   -114.0000000,       -4.0000000,      0.710900
   -114.0000000,        0.0000000,      0.685788
   -114.0000000,        4.0000000,      0.696935
   -114.0000000,        8.0000001,      0.704908
   -114.0000000,       12.0000000,      0.731486
   -114.0000000,       16.0000000,      0.719799
   -114.0000000,       20.0000000,      0.706416
   -114.0000000,       24.0000000,      0.687982
   -114.0000000,       28.0000000,      0.669862
   -114.0000000,       32.0000000,      0.630080
   -114.0000000,       36.0000000,      0.590879
   -114.0000000,       40.0000000,      0.567456
   -114.0000000,       44.0000010,      0.536892
   -114.0000000,       48.0000010,      0.487011
   -114.0000000,       52.0000010,      0.407875
   -114.0000000,       56.0000010,      0.349166
   -114.0000000,       60.0000010,      0.304441
   -114.0000000,       64.0000010,      0.314141
   -114.0000000,       68.0000010,      0.364767
   -114.0000000,       72.0000010,      0.422404
   -114.0000000,       76.0000010,      0.469464
   -114.0000000,       80.0000010,      0.497990
   -114.0000000,       84.0000010,      0.541128
   -114.0000000,       88.0000010,      0.572863
   -110.0000000,      -88.0000010,      0.180560
   -110.0000000,      -84.0000010,      0.178714
   -110.0000000,      -80.0000010,      0.175283
   -110.0000000,      -76.0000010,      0.198319
   -110.0000000,      -72.0000010,      0.219569
   -110.0000000,      -68.0000010,      0.297575
   -110.0000000,      -64.0000010,      0.416658
   -110.0000000,      -60.0000010,      0.582142
   -110.0000000,      -56.0000010,      0.712470
   -110.0000000,      -52.0000010,      0.812615
   -110.0000000,      -48.0000010,      0.848606
   -110.0000000,      -44.0000010,      0.858737
   -110.0000000,      -40.0000000,      0.804842
   -110.0000000,      -36.0000000,      0.771220
   -110.0000000,      -32.0000000,      0.737903
   -110.0000000,      -28.0000000,      0.749006
   -110.0000000,      -24.0000000,      0.749353
   -110.0000000,      -20.0000000,      0.748006
   -110.0000000,      -16.0000000,      0.744330
   -110.0000000,      -12.0000000,      0.728827
   -110.0000000,       -8.0000001,      0.728543
   -110.0000000,       -4.0000000,      0.716629
   -110.0000000,        0.0000000,      0.715313
   -110.0000000,        4.0000000,      0.712754
   -110.0000000,        8.0000001,      0.726190
   -110.0000000,       12.0000000,      0.750747
   -110.0000000,       16.0000000,      0.744877
   -110.0000000,       20.0000000,      0.735068
   -110.0000000,       24.0000000,      0.704320
   -110.0000000,       28.0000000,      0.677250
   -110.0000000,       32.0000000,      0.634221
   -110.0000000,       36.0000000,      0.599430
   -110.0000000,       40.0000000,      0.580242
   -110.0000000,       44.0000010,      0.543655
   -110.0000000,       48.0000010,      0.476512
   -110.0000000,       52.0000010,      0.384183
   -110.0000000,       56.0000010,      0.323220
   -110.0000000,       60.0000010,      0.296018
   -110.0000000,       64.0000010,      0.313278
   -110.0000000,       68.0000010,      0.371031
   -110.0000000,       72.0000010,      0.425020
   -110.0000000,       76.0000010,      0.474776
   -110.0000000,       80.0000010,      0.503386
   -110.0000000,       84.0000010,      0.547936
   -110.0000000,       88.0000010,      0.581850
   -106.0000000,      -88.0000010,      0.192551
   -106.0000000,      -84.0000010,      0.189557
   -106.0000000,      -80.0000010,      0.184739
   -106.0000000,      -76.0000010,      0.198503
   -106.0000000,      -72.0000010,      0.221990
   -106.0000000,      -68.0000010,      0.295752
   -106.0000000,      -64.0000010,      0.410745
   -106.0000000,      -60.0000010,      0.574009
   -106.0000000,      -56.0000010,      0.707997
   -106.0000000,      -52.0000010,      0.815703
   -106.0000000,      -48.0000010,      0.870394
   -106.0000000,      -44.0000010,      0.880140
   -106.0000000,      -40.0000000,      0.835831
   -106.0000000,      -36.0000000,      0.783664
   -106.0000000,      -32.0000000,      0.763531
   -106.0000000,      -28.0000000,      0.800617
   -106.0000000,      -24.0000000,      0.815284
   -106.0000000,      -20.0000000,      0.820525
   -106.0000000,      -16.0000000,      0.796248
   -106.0000000,      -12.0000000,      0.766165
   -106.0000000,       -8.0000001,      0.751295
   -106.0000000,       -4.0000000,      0.730365
   -106.0000000,        0.0000000,      0.743362
   -106.0000000,        4.0000000,      0.747842
   -106.0000000,        8.0000001,      0.752201
   -106.0000000,       12.0000000,      0.753546
   -106.0000000,       16.0000000,      0.742576
   -106.0000000,       20.0000000,      0.735407
   -106.0000000,       24.0000000,      0.719050
   -106.0000000,       28.0000000,      0.692721
   -106.0000000,       32.0000000,      0.661446
   -106.0000000,       36.0000000,      0.606524
   -106.0000000,       40.0000000,      0.573674
   -106.0000000,       44.0000010,      0.528928
   -106.0000000,       48.0000010,      0.470264
   -106.0000000,       52.0000010,      0.390806
   -106.0000000,       56.0000010,      0.325284
   -106.0000000,       60.0000010,      0.326268
   -106.0000000,       64.0000010,      0.347265
   -106.0000000,       68.0000010,      0.404045
   -106.0000000,       72.0000010,      0.436092
   -106.0000000,       76.0000010,      0.494159
   -106.0000000,       80.0000010,      0.525901
   -106.0000000,       84.0000010,      0.570587
   -106.0000000,       88.0000010,      0.586715
   -102.0000000,      -88.0000010,      0.202019
   -102.0000000,      -84.0000010,      0.193062
   -102.0000000,      -80.0000010,      0.183255
   -102.0000000,      -76.0000010,      0.191851
   -102.0000000,      -72.0000010,      0.228496
   -102.0000000,      -68.0000010,      0.299338
   -102.0000000,      -64.0000010,      0.403877
   -102.0000000,      -60.0000010,      0.552658
   -102.0000000,      -56.0000010,      0.686442
   -102.0000000,      -52.0000010,      0.806515
   -102.0000000,      -48.0000010,      0.861249
   -102.0000000,      -44.0000010,      0.877094
   -102.0000000,      -40.0000000,      0.833744
   -102.0000000,      -36.0000000,      0.807427
   -102.0000000,      -32.0000000,      0.826813
   -102.0000000,      -28.0000000,      0.886265
   -102.0000000,      -24.0000000,      0.906438
   -102.0000000,      -20.0000000,      0.872922
   -102.0000000,      -16.0000000,      0.825513
   -102.0000000,      -12.0000000,      0.766997
   -102.0000000,       -8.0000001,      0.752241
   -102.0000000,       -4.0000000,      0.720481
   -102.0000000,        0.0000000,      0.745393
   -102.0000000,        4.0000000,      0.741813
   -102.0000000,        8.0000001,      0.763357
   -102.0000000,       12.0000000,      0.770111
   -102.0000000,       16.0000000,      0.773414
   -102.0000000,       20.0000000,      0.747195
   -102.0000000,       24.0000000,      0.710629
   -102.0000000,       28.0000000,      0.675670
   -102.0000000,       32.0000000,      0.657548
   -102.0000000,       36.0000000,      0.600951
   -102.0000000,       40.0000000,      0.571978
   -102.0000000,       44.0000010,      0.539505
   -102.0000000,       48.0000010,      0.482809
   -102.0000000,       52.0000010,      0.403470
   -102.0000000,       56.0000010,      0.322037
   -102.0000000,       60.0000010,      0.337992
   -102.0000000,       64.0000010,      0.350958
   -102.0000000,       68.0000010,      0.412207
   -102.0000000,       72.0000010,      0.438567
   -102.0000000,       76.0000010,      0.502991
   -102.0000000,       80.0000010,      0.535209
   -102.0000000,       84.0000010,      0.581268
   -102.0000000,       88.0000010,      0.602369
    -98.0000010,      -88.0000010,      0.188879
    -98.0000010,      -84.0000010,      0.187790
    -98.0000010,      -80.0000010,      0.189797
    -98.0000010,      -76.0000010,      0.198194
    -98.0000010,      -72.0000010,      0.225034
    -98.0000010,      -68.0000010,      0.280694
    -98.0000010,      -64.0000010,      0.385208
    -98.0000010,      -60.0000010,      0.533294
    -98.0000010,      -56.0000010,      0.671443
    -98.0000010,      -52.0000010,      0.797339
    -98.0000010,      -48.0000010,      0.850660
    -98.0000010,      -44.0000010,      0.871376
    -98.0000010,      -40.0000000,      0.831758
    -98.0000010,      -36.0000000,      0.824628
    -98.0000010,      -32.0000000,      0.868617
    -98.0000010,      -28.0000000,      0.957702
    -98.0000010,      -24.0000000,      0.981793
    -98.0000010,      -20.0000000,      0.937535
    -98.0000010,      -16.0000000,      0.856594
    -98.0000010,      -12.0000000,      0.787311
    -98.0000010,       -8.0000001,      0.764444
    -98.0000010,       -4.0000000,      0.744319
    -98.0000010,        0.0000000,      0.773212
    -98.0000010,        4.0000000,      0.768584
    -98.0000010,        8.0000001,      0.787770
    -98.0000010,       12.0000000,      0.783525
    -98.0000010,       16.0000000,      0.784450
    -98.0000010,       20.0000000,      0.751074
    -98.0000010,       24.0000000,      0.714271
    -98.0000010,       28.0000000,      0.690738
    -98.0000010,       32.0000000,      0.669940
    -98.0000010,       36.0000000,      0.616916
    -98.0000010,       40.0000000,      0.578917
    -98.0000010,       44.0000010,      0.543128
    -98.0000010,       48.0000010,      0.505790
    -98.0000010,       52.0000010,      0.435497
    -98.0000010,       56.0000010,      0.360486
    -98.0000010,       60.0000010,      0.363313
    -98.0000010,       64.0000010,      0.366702
    -98.0000010,       68.0000010,      0.416615
    -98.0000010,       72.0000010,      0.436074
    -98.0000010,       76.0000010,      0.505396
    -98.0000010,       80.0000010,      0.545098
    -98.0000010,       84.0000010,      0.589299
    -98.0000010,       88.0000010,      0.597529
    -94.0000010,      -88.0000010,      0.180040
    -94.0000010,      -84.0000010,      0.178257
    -94.0000010,      -80.0000010,      0.173732
    -94.0000010,      -76.0000010,      0.191454
    -94.0000010,      -72.0000010,      0.224493
    -94.0000010,      -68.0000010,      0.283528
    -94.0000010,      -64.0000010,      0.382072
    -94.0000010,      -60.0000010,      0.522946
    -94.0000010,      -56.0000010,      0.664286
    -94.0000010,      -52.0000010,      0.783970
    -94.0000010,      -48.0000010,      0.819480
    -94.0000010,      -44.0000010,      0.855719
    -94.0000010,      -40.0000000,      0.841692
    -94.0000010,      -36.0000000,      0.878307
    -94.0000010,      -32.0000000,      0.910234
    -94.0000010,      -28.0000000,      0.989621
    -94.0000010,      -24.0000000,      1.000000
    -94.0000010,      -20.0000000,      0.942429
    -94.0000010,      -16.0000000,      0.850447
    -94.0000010,      -12.0000000,      0.772653
    -94.0000010,       -8.0000001,      0.746929
    -94.0000010,       -4.0000000,      0.733536
    -94.0000010,        0.0000000,      0.762207
    -94.0000010,        4.0000000,      0.772418
    -94.0000010,        8.0000001,      0.788225
    -94.0000010,       12.0000000,      0.791197
    -94.0000010,       16.0000000,      0.786711
    -94.0000010,       20.0000000,      0.759567
    -94.0000010,       24.0000000,      0.706062
    -94.0000010,       28.0000000,      0.671857
    -94.0000010,       32.0000000,      0.636119
    -94.0000010,       36.0000000,      0.590273
    -94.0000010,       40.0000000,      0.560210
    -94.0000010,       44.0000010,      0.532973
    -94.0000010,       48.0000010,      0.507073
    -94.0000010,       52.0000010,      0.449435
    -94.0000010,       56.0000010,      0.388542
    -94.0000010,       60.0000010,      0.373434
    -94.0000010,       64.0000010,      0.381410
    -94.0000010,       68.0000010,      0.413193
    -94.0000010,       72.0000010,      0.440636
    -94.0000010,       76.0000010,      0.495028
    -94.0000010,       80.0000010,      0.538549
    -94.0000010,       84.0000010,      0.578147
    -94.0000010,       88.0000010,      0.586404
    -90.0000010,      -88.0000010,      0.177310
    -90.0000010,      -84.0000010,      0.170943
    -90.0000010,      -80.0000010,      0.164287
    -90.0000010,      -76.0000010,      0.186319
    -90.0000010,      -72.0000010,      0.222019
    -90.0000010,      -68.0000010,      0.284828
    -90.0000010,      -64.0000010,      0.371582
    -90.0000010,      -60.0000010,      0.502242
    -90.0000010,      -56.0000010,      0.653905
    -90.0000010,      -52.0000010,      0.777264
    -90.0000010,      -48.0000010,      0.829892
    -90.0000010,      -44.0000010,      0.859484
    -90.0000010,      -40.0000000,      0.869199
    -90.0000010,      -36.0000000,      0.894905
    -90.0000010,      -32.0000000,      0.914449
    -90.0000010,      -28.0000000,      0.967000
    -90.0000010,      -24.0000000,      0.980473
    -90.0000010,      -20.0000000,      0.941949
    -90.0000010,      -16.0000000,      0.858124
    -90.0000010,      -12.0000000,      0.791453
    -90.0000010,       -8.0000001,      0.760259
    -90.0000010,       -4.0000000,      0.735484
    -90.0000010,        0.0000000,      0.748554
    -90.0000010,        4.0000000,      0.753379
    -90.0000010,        8.0000001,      0.777826
    -90.0000010,       12.0000000,      0.777535
    -90.0000010,       16.0000000,      0.774605
    -90.0000010,       20.0000000,      0.765547
    -90.0000010,       24.0000000,      0.716481
    -90.0000010,       28.0000000,      0.669501
    -90.0000010,       32.0000000,      0.615627
    -90.0000010,       36.0000000,      0.582547
    -90.0000010,       40.0000000,      0.564673
    -90.0000010,       44.0000010,      0.533540
    -90.0000010,       48.0000010,      0.511800
    -90.0000010,       52.0000010,      0.468256
    -90.0000010,       56.0000010,      0.415902
    -90.0000010,       60.0000010,      0.389143
    -90.0000010,       64.0000010,      0.385582
    -90.0000010,       68.0000010,      0.406230
    -90.0000010,       72.0000010,      0.446306
    -90.0000010,       76.0000010,      0.496426
    -90.0000010,       80.0000010,      0.552665
    -90.0000010,       84.0000010,      0.581411
    -90.0000010,       88.0000010,      0.590208
    -86.0000010,      -88.0000010,      0.183851
    -86.0000010,      -84.0000010,      0.176821
    -86.0000010,      -80.0000010,      0.170495
    -86.0000010,      -76.0000010,      0.191094
    -86.0000010,      -72.0000010,      0.226817
    -86.0000010,      -68.0000010,      0.286999
    -86.0000010,      -64.0000010,      0.382649
    -86.0000010,      -60.0000010,      0.522714
    -86.0000010,      -56.0000010,      0.684188
    -86.0000010,      -52.0000010,      0.801668
    -86.0000010,      -48.0000010,      0.855507
    -86.0000010,      -44.0000010,      0.881081
    -86.0000010,      -40.0000000,      0.886704
    -86.0000010,      -36.0000000,      0.896577
    -86.0000010,      -32.0000000,      0.900797
    -86.0000010,      -28.0000000,      0.922512
    -86.0000010,      -24.0000000,      0.935493
    -86.0000010,      -20.0000000,      0.903763
    -86.0000010,      -16.0000000,      0.835094
    -86.0000010,      -12.0000000,      0.766550
    -86.0000010,       -8.0000001,      0.722983
    -86.0000010,       -4.0000000,      0.702310
    -86.0000010,        0.0000000,      0.719490
    -86.0000010,        4.0000000,      0.753263
    -86.0000010,        8.0000001,      0.800093
    -86.0000010,       12.0000000,      0.809604
    -86.0000010,       16.0000000,      0.807324
    -86.0000010,       20.0000000,      0.799344
    -86.0000010,       24.0000000,      0.743394
    -86.0000010,       28.0000000,      0.678242
    -86.0000010,       32.0000000,      0.610695
    -86.0000010,       36.0000000,      0.582963
    -86.0000010,       40.0000000,      0.566980
    -86.0000010,       44.0000010,      0.542102
    -86.0000010,       48.0000010,      0.531331
    -86.0000010,       52.0000010,      0.495782
    -86.0000010,       56.0000010,      0.445898
    -86.0000010,       60.0000010,      0.394327
    -86.0000010,       64.0000010,      0.391369
    -86.0000010,       68.0000010,      0.412471
    -86.0000010,       72.0000010,      0.478878
    -86.0000010,       76.0000010,      0.513296
    -86.0000010,       80.0000010,      0.568123
    -86.0000010,       84.0000010,      0.581796
    -86.0000010,       88.0000010,      0.603349
    -82.0000010,      -88.0000010,      0.189451
    -82.0000010,      -84.0000010,      0.182368
    -82.0000010,      -80.0000010,      0.184944
    -82.0000010,      -76.0000010,      0.195907
    -82.0000010,      -72.0000010,      0.229762
    -82.0000010,      -68.0000010,      0.288617
    -82.0000010,      -64.0000010,      0.386656
    -82.0000010,      -60.0000010,      0.529399
    -82.0000010,      -56.0000010,      0.683702
    -82.0000010,      -52.0000010,      0.794767
    -82.0000010,      -48.0000010,      0.859660
    -82.0000010,      -44.0000010,      0.885039
    -82.0000010,      -40.0000000,      0.882828
    -82.0000010,      -36.0000000,      0.865725
    -82.0000010,      -32.0000000,      0.861487
    -82.0000010,      -28.0000000,      0.871976
    -82.0000010,      -24.0000000,      0.892130
    -82.0000010,      -20.0000000,      0.861539
    -82.0000010,      -16.0000000,      0.805066
    -82.0000010,      -12.0000000,      0.742533
    -82.0000010,       -8.0000001,      0.704770
    -82.0000010,       -4.0000000,      0.695406
    -82.0000010,        0.0000000,      0.716703
    -82.0000010,        4.0000000,      0.767048
    -82.0000010,        8.0000001,      0.836606
    -82.0000010,       12.0000000,      0.852927
    -82.0000010,       16.0000000,      0.845709
    -82.0000010,       20.0000000,      0.827412
    -82.0000010,       24.0000000,      0.766869
    -82.0000010,       28.0000000,      0.702601
    -82.0000010,       32.0000000,      0.631251
    -82.0000010,       36.0000000,      0.616357
    -82.0000010,       40.0000000,      0.601593
    -82.0000010,       44.0000010,      0.576689
    -82.0000010,       48.0000010,      0.561549
    -82.0000010,       52.0000010,      0.519287
    -82.0000010,       56.0000010,      0.478706
    -82.0000010,       60.0000010,      0.421633
    -82.0000010,       64.0000010,      0.415444
    -82.0000010,       68.0000010,      0.434942
    -82.0000010,       72.0000010,      0.500982
    -82.0000010,       76.0000010,      0.528149
    -82.0000010,       80.0000010,      0.565832
    -82.0000010,       84.0000010,      0.574925
    -82.0000010,       88.0000010,      0.603618
    -78.0000010,      -88.0000010,      0.194193
    -78.0000010,      -84.0000010,      0.198439
    -78.0000010,      -80.0000010,      0.209188
    -78.0000010,      -76.0000010,      0.208810
    -78.0000010,      -72.0000010,      0.229519
    -78.0000010,      -68.0000010,      0.271084
    -78.0000010,      -64.0000010,      0.383312
    -78.0000010,      -60.0000010,      0.524927
    -78.0000010,      -56.0000010,      0.680690
    -78.0000010,      -52.0000010,      0.780432
    -78.0000010,      -48.0000010,      0.850568
    -78.0000010,      -44.0000010,      0.876903
    -78.0000010,      -40.0000000,      0.861031
    -78.0000010,      -36.0000000,      0.832194
    -78.0000010,      -32.0000000,      0.810222
    -78.0000010,      -28.0000000,      0.834912
    -78.0000010,      -24.0000000,      0.859670
    -78.0000010,      -20.0000000,      0.843825
    -78.0000010,      -16.0000000,      0.798342
    -78.0000010,      -12.0000000,      0.737676
    -78.0000010,       -8.0000001,      0.692236
    -78.0000010,       -4.0000000,      0.685654
    -78.0000010,        0.0000000,      0.707169
    -78.0000010,        4.0000000,      0.794149
    -78.0000010,        8.0000001,      0.849354
    -78.0000010,       12.0000000,      0.873691
    -78.0000010,       16.0000000,      0.845250
    -78.0000010,       20.0000000,      0.821511
    -78.0000010,       24.0000000,      0.754986
    -78.0000010,       28.0000000,      0.706646
    -78.0000010,       32.0000000,      0.642223
    -78.0000010,       36.0000000,      0.631483
    -78.0000010,       40.0000000,      0.597624
    -78.0000010,       44.0000010,      0.595160
    -78.0000010,       48.0000010,      0.585574
    -78.0000010,       52.0000010,      0.560945
    -78.0000010,       56.0000010,      0.512065
    -78.0000010,       60.0000010,      0.456226
    -78.0000010,       64.0000010,      0.443367
    -78.0000010,       68.0000010,      0.459060
    -78.0000010,       72.0000010,      0.515387
    -78.0000010,       76.0000010,      0.548379
    -78.0000010,       80.0000010,      0.569542
    -78.0000010,       84.0000010,      0.572421
    -78.0000010,       88.0000010,      0.583750
    -74.0000010,      -88.0000010,      0.197971
    -74.0000010,      -84.0000010,      0.198127
    -74.0000010,      -80.0000010,      0.199646
    -74.0000010,      -76.0000010,      0.198220
    -74.0000010,      -72.0000010,      0.219652
    -74.0000010,      -68.0000010,      0.263457
    -74.0000010,      -64.0000010,      0.365721
    -74.0000010,      -60.0000010,      0.492956
    -74.0000010,      -56.0000010,      0.661242
    -74.0000010,      -52.0000010,      0.782103
    -74.0000010,      -48.0000010,      0.867282
    -74.0000010,      -44.0000010,      0.871882
    -74.0000010,      -40.0000000,      0.850267
    -74.0000010,      -36.0000000,      0.812317
    -74.0000010,      -32.0000000,      0.777158
    -74.0000010,      -28.0000000,      0.786207
    -74.0000010,      -24.0000000,      0.814339
    -74.0000010,      -20.0000000,      0.825927
    -74.0000010,      -16.0000000,      0.801440
    -74.0000010,      -12.0000000,      0.740687
    -74.0000010,       -8.0000001,      0.697672
    -74.0000010,       -4.0000000,      0.671918
    -74.0000010,        0.0000000,      0.683249
    -74.0000010,        4.0000000,      0.767139
    -74.0000010,        8.0000001,      0.828348
    -74.0000010,       12.0000000,      0.864236
    -74.0000010,       16.0000000,      0.831469
    -74.0000010,       20.0000000,      0.814708
    -74.0000010,       24.0000000,      0.757262
    -74.0000010,       28.0000000,      0.704026
    -74.0000010,       32.0000000,      0.652439
    -74.0000010,       36.0000000,      0.648964
    -74.0000010,       40.0000000,      0.645080
    -74.0000010,       44.0000010,      0.642944
    -74.0000010,       48.0000010,      0.619371
    -74.0000010,       52.0000010,      0.587652
    -74.0000010,       56.0000010,      0.534795
    -74.0000010,       60.0000010,      0.502517
    -74.0000010,       64.0000010,      0.483758
    -74.0000010,       68.0000010,      0.497342
    -74.0000010,       72.0000010,      0.531282
    -74.0000010,       76.0000010,      0.550594
    -74.0000010,       80.0000010,      0.556376
    -74.0000010,       84.0000010,      0.550627
    -74.0000010,       88.0000010,      0.558233
    -70.0000010,      -88.0000010,      0.198104
    -70.0000010,      -84.0000010,      0.197238
    -70.0000010,      -80.0000010,      0.191065
    -70.0000010,      -76.0000010,      0.194073
    -70.0000010,      -72.0000010,      0.215195
    -70.0000010,      -68.0000010,      0.259857
    -70.0000010,      -64.0000010,      0.362563
    -70.0000010,      -60.0000010,      0.478088
    -70.0000010,      -56.0000010,      0.643159
    -70.0000010,      -52.0000010,      0.773012
    -70.0000010,      -48.0000010,      0.876504
    -70.0000010,      -44.0000010,      0.874669
    -70.0000010,      -40.0000000,      0.852125
    -70.0000010,      -36.0000000,      0.813751
    -70.0000010,      -32.0000000,      0.796042
    -70.0000010,      -28.0000000,      0.790655
    -70.0000010,      -24.0000000,      0.815547
    -70.0000010,      -20.0000000,      0.841810
    -70.0000010,      -16.0000000,      0.824902
    -70.0000010,      -12.0000000,      0.770149
    -70.0000010,       -8.0000001,      0.718869
    -70.0000010,       -4.0000000,      0.692153
    -70.0000010,        0.0000000,      0.698521
    -70.0000010,        4.0000000,      0.747230
    -70.0000010,        8.0000001,      0.784071
    -70.0000010,       12.0000000,      0.812504
    -70.0000010,       16.0000000,      0.808958
    -70.0000010,       20.0000000,      0.812989
    -70.0000010,       24.0000000,      0.777036
    -70.0000010,       28.0000000,      0.731715
    -70.0000010,       32.0000000,      0.707394
    -70.0000010,       36.0000000,      0.702285
    -70.0000010,       40.0000000,      0.708249
    -70.0000010,       44.0000010,      0.694086
    -70.0000010,       48.0000010,      0.660394
    -70.0000010,       52.0000010,      0.628582
    -70.0000010,       56.0000010,      0.558954
    -70.0000010,       60.0000010,      0.527192
    -70.0000010,       64.0000010,      0.488053
    -70.0000010,       68.0000010,      0.515298
    -70.0000010,       72.0000010,      0.560179
    -70.0000010,       76.0000010,      0.580647
    -70.0000010,       80.0000010,      0.579373
    -70.0000010,       84.0000010,      0.551351
    -70.0000010,       88.0000010,      0.553215
    -66.0000010,      -88.0000010,      0.204161
    -66.0000010,      -84.0000010,      0.195517
    -66.0000010,      -80.0000010,      0.181720
    -66.0000010,      -76.0000010,      0.188058
    -66.0000010,      -72.0000010,      0.222655
    -66.0000010,      -68.0000010,      0.283381
    -66.0000010,      -64.0000010,      0.374056
    -66.0000010,      -60.0000010,      0.478391
    -66.0000010,      -56.0000010,      0.619773
    -66.0000010,      -52.0000010,      0.747884
    -66.0000010,      -48.0000010,      0.847465
    -66.0000010,      -44.0000010,      0.864826
    -66.0000010,      -40.0000000,      0.874160
    -66.0000010,      -36.0000000,      0.849922
    -66.0000010,      -32.0000000,      0.838680
    -66.0000010,      -28.0000000,      0.810314
    -66.0000010,      -24.0000000,      0.821790
    -66.0000010,      -20.0000000,      0.846482
    -66.0000010,      -16.0000000,      0.837209
    -66.0000010,      -12.0000000,      0.801851
    -66.0000010,       -8.0000001,      0.754568
    -66.0000010,       -4.0000000,      0.732314
    -66.0000010,        0.0000000,      0.739335
    -66.0000010,        4.0000000,      0.764251
    -66.0000010,        8.0000001,      0.801176
    -66.0000010,       12.0000000,      0.811541
    -66.0000010,       16.0000000,      0.810453
    -66.0000010,       20.0000000,      0.795025
    -66.0000010,       24.0000000,      0.775578
    -66.0000010,       28.0000000,      0.746103
    -66.0000010,       32.0000000,      0.736043
    -66.0000010,       36.0000000,      0.742561
    -66.0000010,       40.0000000,      0.756383
    -66.0000010,       44.0000010,      0.733520
    -66.0000010,       48.0000010,      0.689675
    -66.0000010,       52.0000010,      0.641750
    -66.0000010,       56.0000010,      0.582865
    -66.0000010,       60.0000010,      0.554822
    -66.0000010,       64.0000010,      0.537458
    -66.0000010,       68.0000010,      0.562729
    -66.0000010,       72.0000010,      0.589273
    -66.0000010,       76.0000010,      0.575547
    -66.0000010,       80.0000010,      0.568000
    -66.0000010,       84.0000010,      0.544485
    -66.0000010,       88.0000010,      0.560833
    -62.0000010,      -88.0000010,      0.214804
    -62.0000010,      -84.0000010,      0.201349
    -62.0000010,      -80.0000010,      0.192545
    -62.0000010,      -76.0000010,      0.198728
    -62.0000010,      -72.0000010,      0.234967
    -62.0000010,      -68.0000010,      0.294702
    -62.0000010,      -64.0000010,      0.386146
    -62.0000010,      -60.0000010,      0.500431
    -62.0000010,      -56.0000010,      0.624655
    -62.0000010,      -52.0000010,      0.742403
    -62.0000010,      -48.0000010,      0.832285
    -62.0000010,      -44.0000010,      0.881125
    -62.0000010,      -40.0000000,      0.901181
    -62.0000010,      -36.0000000,      0.897061
    -62.0000010,      -32.0000000,      0.880810
    -62.0000010,      -28.0000000,      0.862396
    -62.0000010,      -24.0000000,      0.857918
    -62.0000010,      -20.0000000,      0.862948
    -62.0000010,      -16.0000000,      0.837066
    -62.0000010,      -12.0000000,      0.809952
    -62.0000010,       -8.0000001,      0.769166
    -62.0000010,       -4.0000000,      0.766238
    -62.0000010,        0.0000000,      0.771124
    -62.0000010,        4.0000000,      0.783036
    -62.0000010,        8.0000001,      0.789681
    -62.0000010,       12.0000000,      0.777814
    -62.0000010,       16.0000000,      0.785292
    -62.0000010,       20.0000000,      0.770097
    -62.0000010,       24.0000000,      0.768929
    -62.0000010,       28.0000000,      0.762388
    -62.0000010,       32.0000000,      0.781457
    -62.0000010,       36.0000000,      0.793561
    -62.0000010,       40.0000000,      0.803127
    -62.0000010,       44.0000010,      0.784187
    -62.0000010,       48.0000010,      0.744879
    -62.0000010,       52.0000010,      0.680277
    -62.0000010,       56.0000010,      0.615226
    -62.0000010,       60.0000010,      0.582537
    -62.0000010,       64.0000010,      0.566244
    -62.0000010,       68.0000010,      0.572470
    -62.0000010,       72.0000010,      0.582116
    -62.0000010,       76.0000010,      0.572782
    -62.0000010,       80.0000010,      0.564706
    -62.0000010,       84.0000010,      0.548823
    -62.0000010,       88.0000010,      0.561610
    -58.0000010,      -88.0000010,      0.219791
    -58.0000010,      -84.0000010,      0.197546
    -58.0000010,      -80.0000010,      0.191725
    -58.0000010,      -76.0000010,      0.203094
    -58.0000010,      -72.0000010,      0.250576
    -58.0000010,      -68.0000010,      0.301221
    -58.0000010,      -64.0000010,      0.389268
    -58.0000010,      -60.0000010,      0.505820
    -58.0000010,      -56.0000010,      0.645664
    -58.0000010,      -52.0000010,      0.779293
    -58.0000010,      -48.0000010,      0.863184
    -58.0000010,      -44.0000010,      0.907479
    -58.0000010,      -40.0000000,      0.911393
    -58.0000010,      -36.0000000,      0.905346
    -58.0000010,      -32.0000000,      0.883860
    -58.0000010,      -28.0000000,      0.867153
    -58.0000010,      -24.0000000,      0.853561
    -58.0000010,      -20.0000000,      0.843802
    -58.0000010,      -16.0000000,      0.820259
    -58.0000010,      -12.0000000,      0.793523
    -58.0000010,       -8.0000001,      0.771969
    -58.0000010,       -4.0000000,      0.762651
    -58.0000010,        0.0000000,      0.761276
    -58.0000010,        4.0000000,      0.766374
    -58.0000010,        8.0000001,      0.768554
    -58.0000010,       12.0000000,      0.753300
    -58.0000010,       16.0000000,      0.738024
    -58.0000010,       20.0000000,      0.720358
    -58.0000010,       24.0000000,      0.725875
    -58.0000010,       28.0000000,      0.737689
    -58.0000010,       32.0000000,      0.765529
    -58.0000010,       36.0000000,      0.793409
    -58.0000010,       40.0000000,      0.801204
    -58.0000010,       44.0000010,      0.800928
    -58.0000010,       48.0000010,      0.771842
    -58.0000010,       52.0000010,      0.718752
    -58.0000010,       56.0000010,      0.638097
    -58.0000010,       60.0000010,      0.586442
    -58.0000010,       64.0000010,      0.576358
    -58.0000010,       68.0000010,      0.586498
    -58.0000010,       72.0000010,      0.596051
    -58.0000010,       76.0000010,      0.577498
    -58.0000010,       80.0000010,      0.565935
    -58.0000010,       84.0000010,      0.556919
    -58.0000010,       88.0000010,      0.568920
    -54.0000010,      -88.0000010,      0.211914
    -54.0000010,      -84.0000010,      0.188071
    -54.0000010,      -80.0000010,      0.178500
    -54.0000010,      -76.0000010,      0.196850
    -54.0000010,      -72.0000010,      0.234448
    -54.0000010,      -68.0000010,      0.276444
    -54.0000010,      -64.0000010,      0.369888
    -54.0000010,      -60.0000010,      0.515925
    -54.0000010,      -56.0000010,      0.675305
    -54.0000010,      -52.0000010,      0.833142
    -54.0000010,      -48.0000010,      0.907769
    -54.0000010,      -44.0000010,      0.948974
    -54.0000010,      -40.0000000,      0.923334
    -54.0000010,      -36.0000000,      0.922576
    -54.0000010,      -32.0000000,      0.905461
    -54.0000010,      -28.0000000,      0.888199
    -54.0000010,      -24.0000000,      0.853231
    -54.0000010,      -20.0000000,      0.809516
    -54.0000010,      -16.0000000,      0.769780
    -54.0000010,      -12.0000000,      0.730531
    -54.0000010,       -8.0000001,      0.736378
    -54.0000010,       -4.0000000,      0.727816
    -54.0000010,        0.0000000,      0.716862
    -54.0000010,        4.0000000,      0.696800
    -54.0000010,        8.0000001,      0.695571
    -54.0000010,       12.0000000,      0.708718
    -54.0000010,       16.0000000,      0.724449
    -54.0000010,       20.0000000,      0.737440
    -54.0000010,       24.0000000,      0.748256
    -54.0000010,       28.0000000,      0.751040
    -54.0000010,       32.0000000,      0.775679
    -54.0000010,       36.0000000,      0.807235
    -54.0000010,       40.0000000,      0.829455
    -54.0000010,       44.0000010,      0.835243
    -54.0000010,       48.0000010,      0.805148
    -54.0000010,       52.0000010,      0.756196
    -54.0000010,       56.0000010,      0.680003
    -54.0000010,       60.0000010,      0.625408
    -54.0000010,       64.0000010,      0.600320
    -54.0000010,       68.0000010,      0.592913
    -54.0000010,       72.0000010,      0.599155
    -54.0000010,       76.0000010,      0.579259
    -54.0000010,       80.0000010,      0.566999
    -54.0000010,       84.0000010,      0.553073
    -54.0000010,       88.0000010,      0.559943
    -50.0000010,      -88.0000010,      0.196742
    -50.0000010,      -84.0000010,      0.172458
    -50.0000010,      -80.0000010,      0.163325
    -50.0000010,      -76.0000010,      0.193408
    -50.0000010,      -72.0000010,      0.234567
    -50.0000010,      -68.0000010,      0.271135
    -50.0000010,      -64.0000010,      0.359204
    -50.0000010,      -60.0000010,      0.501085
    -50.0000010,      -56.0000010,      0.663653
    -50.0000010,      -52.0000010,      0.842439
    -50.0000010,      -48.0000010,      0.937265
    -50.0000010,      -44.0000010,      0.967662
    -50.0000010,      -40.0000000,      0.932153
    -50.0000010,      -36.0000000,      0.935982
    -50.0000010,      -32.0000000,      0.949737
    -50.0000010,      -28.0000000,      0.929392
    -50.0000010,      -24.0000000,      0.864090
    -50.0000010,      -20.0000000,      0.808204
    -50.0000010,      -16.0000000,      0.781683
    -50.0000010,      -12.0000000,      0.744975
    -50.0000010,       -8.0000001,      0.747481
    -50.0000010,       -4.0000000,      0.704991
    -50.0000010,        0.0000000,      0.684207
    -50.0000010,        4.0000000,      0.650389
    -50.0000010,        8.0000001,      0.662464
    -50.0000010,       12.0000000,      0.685783
    -50.0000010,       16.0000000,      0.709692
    -50.0000010,       20.0000000,      0.730172
    -50.0000010,       24.0000000,      0.742543
    -50.0000010,       28.0000000,      0.740381
    -50.0000010,       32.0000000,      0.735312
    -50.0000010,       36.0000000,      0.760473
    -50.0000010,       40.0000000,      0.793396
    -50.0000010,       44.0000010,      0.819438
    -50.0000010,       48.0000010,      0.797307
    -50.0000010,       52.0000010,      0.754252
    -50.0000010,       56.0000010,      0.679598
    -50.0000010,       60.0000010,      0.631690
    -50.0000010,       64.0000010,      0.605520
    -50.0000010,       68.0000010,      0.602275
    -50.0000010,       72.0000010,      0.611192
    -50.0000010,       76.0000010,      0.584729
    -50.0000010,       80.0000010,      0.577197
    -50.0000010,       84.0000010,      0.558936
    -50.0000010,       88.0000010,      0.569083
    -46.0000010,      -88.0000010,      0.188581
    -46.0000010,      -84.0000010,      0.173753
    -46.0000010,      -80.0000010,      0.159290
    -46.0000010,      -76.0000010,      0.187070
    -46.0000010,      -72.0000010,      0.212175
    -46.0000010,      -68.0000010,      0.265120
    -46.0000010,      -64.0000010,      0.353531
    -46.0000010,      -60.0000010,      0.509309
    -46.0000010,      -56.0000010,      0.666306
    -46.0000010,      -52.0000010,      0.835560
    -46.0000010,      -48.0000010,      0.933429
    -46.0000010,      -44.0000010,      0.972518
    -46.0000010,      -40.0000000,      0.962038
    -46.0000010,      -36.0000000,      0.976259
    -46.0000010,      -32.0000000,      0.998626
    -46.0000010,      -28.0000000,      0.981095
    -46.0000010,      -24.0000000,      0.900564
    -46.0000010,      -20.0000000,      0.821134
    -46.0000010,      -16.0000000,      0.781041
    -46.0000010,      -12.0000000,      0.745614
    -46.0000010,       -8.0000001,      0.735221
    -46.0000010,       -4.0000000,      0.682564
    -46.0000010,        0.0000000,      0.657617
    -46.0000010,        4.0000000,      0.629694
    -46.0000010,        8.0000001,      0.665605
    -46.0000010,       12.0000000,      0.701736
    -46.0000010,       16.0000000,      0.753226
    -46.0000010,       20.0000000,      0.765825
    -46.0000010,       24.0000000,      0.769316
    -46.0000010,       28.0000000,      0.746159
    -46.0000010,       32.0000000,      0.737373
    -46.0000010,       36.0000000,      0.755861
    -46.0000010,       40.0000000,      0.809531
    -46.0000010,       44.0000010,      0.832767
    -46.0000010,       48.0000010,      0.799087
    -46.0000010,       52.0000010,      0.735057
    -46.0000010,       56.0000010,      0.671439
    -46.0000010,       60.0000010,      0.645247
    -46.0000010,       64.0000010,      0.622796
    -46.0000010,       68.0000010,      0.605882
    -46.0000010,       72.0000010,      0.607843
    -46.0000010,       76.0000010,      0.576365
    -46.0000010,       80.0000010,      0.578637
    -46.0000010,       84.0000010,      0.561038
    -46.0000010,       88.0000010,      0.577646
    -42.0000000,      -88.0000010,      0.185425
    -42.0000000,      -84.0000010,      0.172239
    -42.0000000,      -80.0000010,      0.158555
    -42.0000000,      -76.0000010,      0.179811
    -42.0000000,      -72.0000010,      0.204106
    -42.0000000,      -68.0000010,      0.265980
    -42.0000000,      -64.0000010,      0.348441
    -42.0000000,      -60.0000010,      0.488380
    -42.0000000,      -56.0000010,      0.639978
    -42.0000000,      -52.0000010,      0.805494
    -42.0000000,      -48.0000010,      0.915416
    -42.0000000,      -44.0000010,      0.964189
    -42.0000000,      -40.0000000,      0.958143
    -42.0000000,      -36.0000000,      0.973051
    -42.0000000,      -32.0000000,      0.994858
    -42.0000000,      -28.0000000,      0.988079
    -42.0000000,      -24.0000000,      0.926445
    -42.0000000,      -20.0000000,      0.843753
    -42.0000000,      -16.0000000,      0.800443
    -42.0000000,      -12.0000000,      0.759818
    -42.0000000,       -8.0000001,      0.736520
    -42.0000000,       -4.0000000,      0.691005
    -42.0000000,        0.0000000,      0.680433
    -42.0000000,        4.0000000,      0.669776
    -42.0000000,        8.0000001,      0.700497
    -42.0000000,       12.0000000,      0.721948
    -42.0000000,       16.0000000,      0.770190
    -42.0000000,       20.0000000,      0.790068
    -42.0000000,       24.0000000,      0.782338
    -42.0000000,       28.0000000,      0.747300
    -42.0000000,       32.0000000,      0.720859
    -42.0000000,       36.0000000,      0.730900
    -42.0000000,       40.0000000,      0.789119
    -42.0000000,       44.0000010,      0.816550
    -42.0000000,       48.0000010,      0.793196
    -42.0000000,       52.0000010,      0.724303
    -42.0000000,       56.0000010,      0.656840
    -42.0000000,       60.0000010,      0.628993
    -42.0000000,       64.0000010,      0.601467
    -42.0000000,       68.0000010,      0.598181
    -42.0000000,       72.0000010,      0.619131
    -42.0000000,       76.0000010,      0.602136
    -42.0000000,       80.0000010,      0.604433
    -42.0000000,       84.0000010,      0.573247
    -42.0000000,       88.0000010,      0.586893
    -38.0000000,      -88.0000010,      0.188696
    -38.0000000,      -84.0000010,      0.176114
    -38.0000000,      -80.0000010,      0.160680
    -38.0000000,      -76.0000010,      0.172113
    -38.0000000,      -72.0000010,      0.187643
    -38.0000000,      -68.0000010,      0.255849
    -38.0000000,      -64.0000010,      0.338715
    -38.0000000,      -60.0000010,      0.477407
    -38.0000000,      -56.0000010,      0.625678
    -38.0000000,      -52.0000010,      0.784295
    -38.0000000,      -48.0000010,      0.891940
    -38.0000000,      -44.0000010,      0.942592
    -38.0000000,      -40.0000000,      0.940471
    -38.0000000,      -36.0000000,      0.943155
    -38.0000000,      -32.0000000,      0.953095
    -38.0000000,      -28.0000000,      0.962386
    -38.0000000,      -24.0000000,      0.929524
    -38.0000000,      -20.0000000,      0.858439
    -38.0000000,      -16.0000000,      0.790299
    -38.0000000,      -12.0000000,      0.745313
    -38.0000000,       -8.0000001,      0.717292
    -38.0000000,       -4.0000000,      0.698084
    -38.0000000,        0.0000000,      0.688414
    -38.0000000,        4.0000000,      0.689523
    -38.0000000,        8.0000001,      0.721646
    -38.0000000,       12.0000000,      0.752230
    -38.0000000,       16.0000000,      0.789235
    -38.0000000,       20.0000000,      0.806597
    -38.0000000,       24.0000000,      0.795840
    -38.0000000,       28.0000000,      0.775953
    -38.0000000,       32.0000000,      0.744751
    -38.0000000,       36.0000000,      0.743440
    -38.0000000,       40.0000000,      0.753624
    -38.0000000,       44.0000010,      0.757503
    -38.0000000,       48.0000010,      0.731593
    -38.0000000,       52.0000010,      0.697331
    -38.0000000,       56.0000010,      0.657910
    -38.0000000,       60.0000010,      0.633531
    -38.0000000,       64.0000010,      0.598205
    -38.0000000,       68.0000010,      0.591095
    -38.0000000,       72.0000010,      0.615545
    -38.0000000,       76.0000010,      0.614088
    -38.0000000,       80.0000010,      0.613579
    -38.0000000,       84.0000010,      0.585330
    -38.0000000,       88.0000010,      0.594310
    -34.0000000,      -88.0000010,      0.198606
    -34.0000000,      -84.0000010,      0.179906
    -34.0000000,      -80.0000010,      0.161459
    -34.0000000,      -76.0000010,      0.167772
    -34.0000000,      -72.0000010,      0.181539
    -34.0000000,      -68.0000010,      0.240238
    -34.0000000,      -64.0000010,      0.317486
    -34.0000000,      -60.0000010,      0.453983
    -34.0000000,      -56.0000010,      0.603214
    -34.0000000,      -52.0000010,      0.764464
    -34.0000000,      -48.0000010,      0.861521
    -34.0000000,      -44.0000010,      0.901038
    -34.0000000,      -40.0000000,      0.885112
    -34.0000000,      -36.0000000,      0.887984
    -34.0000000,      -32.0000000,      0.900307
    -34.0000000,      -28.0000000,      0.917779
    -34.0000000,      -24.0000000,      0.897708
    -34.0000000,      -20.0000000,      0.832612
    -34.0000000,      -16.0000000,      0.770482
    -34.0000000,      -12.0000000,      0.715302
    -34.0000000,       -8.0000001,      0.693539
    -34.0000000,       -4.0000000,      0.687571
    -34.0000000,        0.0000000,      0.694989
    -34.0000000,        4.0000000,      0.717873
    -34.0000000,        8.0000001,      0.729793
    -34.0000000,       12.0000000,      0.759054
    -34.0000000,       16.0000000,      0.763982
    -34.0000000,       20.0000000,      0.788116
    -34.0000000,       24.0000000,      0.777709
    -34.0000000,       28.0000000,      0.764911
    -34.0000000,       32.0000000,      0.716443
    -34.0000000,       36.0000000,      0.703741
    -34.0000000,       40.0000000,      0.702465
    -34.0000000,       44.0000010,      0.706036
    -34.0000000,       48.0000010,      0.698312
    -34.0000000,       52.0000010,      0.689388
    -34.0000000,       56.0000010,      0.673810
    -34.0000000,       60.0000010,      0.654071
    -34.0000000,       64.0000010,      0.614638
    -34.0000000,       68.0000010,      0.605752
    -34.0000000,       72.0000010,      0.612608
    -34.0000000,       76.0000010,      0.611686
    -34.0000000,       80.0000010,      0.608283
    -34.0000000,       84.0000010,      0.586889
    -34.0000000,       88.0000010,      0.595777
    -30.0000000,      -88.0000010,      0.204877
    -30.0000000,      -84.0000010,      0.190032
    -30.0000000,      -80.0000010,      0.174441
    -30.0000000,      -76.0000010,      0.182693
    -30.0000000,      -72.0000010,      0.197519
    -30.0000000,      -68.0000010,      0.247808
    -30.0000000,      -64.0000010,      0.329563
    -30.0000000,      -60.0000010,      0.458347
    -30.0000000,      -56.0000010,      0.603050
    -30.0000000,      -52.0000010,      0.747197
    -30.0000000,      -48.0000010,      0.838905
    -30.0000000,      -44.0000010,      0.856587
    -30.0000000,      -40.0000000,      0.839833
    -30.0000000,      -36.0000000,      0.840970
    -30.0000000,      -32.0000000,      0.849210
    -30.0000000,      -28.0000000,      0.860116
    -30.0000000,      -24.0000000,      0.833295
    -30.0000000,      -20.0000000,      0.797703
    -30.0000000,      -16.0000000,      0.743414
    -30.0000000,      -12.0000000,      0.712528
    -30.0000000,       -8.0000001,      0.692236
    -30.0000000,       -4.0000000,      0.701132
    -30.0000000,        0.0000000,      0.688634
    -30.0000000,        4.0000000,      0.730614
    -30.0000000,        8.0000001,      0.735472
    -30.0000000,       12.0000000,      0.770520
    -30.0000000,       16.0000000,      0.743154
    -30.0000000,       20.0000000,      0.756721
    -30.0000000,       24.0000000,      0.743524
    -30.0000000,       28.0000000,      0.741490
    -30.0000000,       32.0000000,      0.701727
    -30.0000000,       36.0000000,      0.682461
    -30.0000000,       40.0000000,      0.670024
    -30.0000000,       44.0000010,      0.672265
    -30.0000000,       48.0000010,      0.665792
    -30.0000000,       52.0000010,      0.666460
    -30.0000000,       56.0000010,      0.650663
    -30.0000000,       60.0000010,      0.636223
    -30.0000000,       64.0000010,      0.604810
    -30.0000000,       68.0000010,      0.597836
    -30.0000000,       72.0000010,      0.591901
    -30.0000000,       76.0000010,      0.581140
    -30.0000000,       80.0000010,      0.583977
    -30.0000000,       84.0000010,      0.584116
    -30.0000000,       88.0000010,      0.603323
    -26.0000000,      -88.0000010,      0.207474
    -26.0000000,      -84.0000010,      0.195064
    -26.0000000,      -80.0000010,      0.180368
    -26.0000000,      -76.0000010,      0.189236
    -26.0000000,      -72.0000010,      0.214388
    -26.0000000,      -68.0000010,      0.267090
    -26.0000000,      -64.0000010,      0.356074
    -26.0000000,      -60.0000010,      0.472255
    -26.0000000,      -56.0000010,      0.604863
    -26.0000000,      -52.0000010,      0.713373
    -26.0000000,      -48.0000010,      0.790670
    -26.0000000,      -44.0000010,      0.805073
    -26.0000000,      -40.0000000,      0.790011
    -26.0000000,      -36.0000000,      0.772434
    -26.0000000,      -32.0000000,      0.761989
    -26.0000000,      -28.0000000,      0.766330
    -26.0000000,      -24.0000000,      0.750106
    -26.0000000,      -20.0000000,      0.735767
    -26.0000000,      -16.0000000,      0.710855
    -26.0000000,      -12.0000000,      0.693369
    -26.0000000,       -8.0000001,      0.676105
    -26.0000000,       -4.0000000,      0.671318
    -26.0000000,        0.0000000,      0.668820
    -26.0000000,        4.0000000,      0.716905
    -26.0000000,        8.0000001,      0.723670
    -26.0000000,       12.0000000,      0.743020
    -26.0000000,       16.0000000,      0.704692
    -26.0000000,       20.0000000,      0.704643
    -26.0000000,       24.0000000,      0.688650
    -26.0000000,       28.0000000,      0.670341
    -26.0000000,       32.0000000,      0.653201
    -26.0000000,       36.0000000,      0.640560
    -26.0000000,       40.0000000,      0.657862
    -26.0000000,       44.0000010,      0.664260
    -26.0000000,       48.0000010,      0.663429
    -26.0000000,       52.0000010,      0.658195
    -26.0000000,       56.0000010,      0.634763
    -26.0000000,       60.0000010,      0.619673
    -26.0000000,       64.0000010,      0.591930
    -26.0000000,       68.0000010,      0.590274
    -26.0000000,       72.0000010,      0.591802
    -26.0000000,       76.0000010,      0.578241
    -26.0000000,       80.0000010,      0.576143
    -26.0000000,       84.0000010,      0.570350
    -26.0000000,       88.0000010,      0.588132
    -22.0000000,      -88.0000010,      0.202404
    -22.0000000,      -84.0000010,      0.195922
    -22.0000000,      -80.0000010,      0.186989
    -22.0000000,      -76.0000010,      0.202924
    -22.0000000,      -72.0000010,      0.230722
    -22.0000000,      -68.0000010,      0.287302
    -22.0000000,      -64.0000010,      0.375470
    -22.0000000,      -60.0000010,      0.468141
    -22.0000000,      -56.0000010,      0.577918
    -22.0000000,      -52.0000010,      0.676775
    -22.0000000,      -48.0000010,      0.756984
    -22.0000000,      -44.0000010,      0.775062
    -22.0000000,      -40.0000000,      0.745815
    -22.0000000,      -36.0000000,      0.719091
    -22.0000000,      -32.0000000,      0.700352
    -22.0000000,      -28.0000000,      0.690996
    -22.0000000,      -24.0000000,      0.679278
    -22.0000000,      -20.0000000,      0.689869
    -22.0000000,      -16.0000000,      0.694150
    -22.0000000,      -12.0000000,      0.704625
    -22.0000000,       -8.0000001,      0.684688
    -22.0000000,       -4.0000000,      0.682279
    -22.0000000,        0.0000000,      0.673826
    -22.0000000,        4.0000000,      0.711447
    -22.0000000,        8.0000001,      0.710544
    -22.0000000,       12.0000000,      0.709220
    -22.0000000,       16.0000000,      0.674808
    -22.0000000,       20.0000000,      0.661756
    -22.0000000,       24.0000000,      0.641770
    -22.0000000,       28.0000000,      0.618517
    -22.0000000,       32.0000000,      0.613803
    -22.0000000,       36.0000000,      0.613335
    -22.0000000,       40.0000000,      0.631682
    -22.0000000,       44.0000010,      0.642429
    -22.0000000,       48.0000010,      0.637775
    -22.0000000,       52.0000010,      0.620374
    -22.0000000,       56.0000010,      0.596973
    -22.0000000,       60.0000010,      0.575238
    -22.0000000,       64.0000010,      0.562092
    -22.0000000,       68.0000010,      0.563321
    -22.0000000,       72.0000010,      0.583188
    -22.0000000,       76.0000010,      0.574267
    -22.0000000,       80.0000010,      0.567581
    -22.0000000,       84.0000010,      0.559412
    -22.0000000,       88.0000010,      0.574467
    -18.0000000,      -88.0000010,      0.191575
    -18.0000000,      -84.0000010,      0.186525
    -18.0000000,      -80.0000010,      0.186943
    -18.0000000,      -76.0000010,      0.207504
    -18.0000000,      -72.0000010,      0.244526
    -18.0000000,      -68.0000010,      0.317062
    -18.0000000,      -64.0000010,      0.408363
    -18.0000000,      -60.0000010,      0.498780
    -18.0000000,      -56.0000010,      0.586830
    -18.0000000,      -52.0000010,      0.670532
    -18.0000000,      -48.0000010,      0.747025
    -18.0000000,      -44.0000010,      0.772062
    -18.0000000,      -40.0000000,      0.745876
    -18.0000000,      -36.0000000,      0.695586
    -18.0000000,      -32.0000000,      0.664979
    -18.0000000,      -28.0000000,      0.647525
    -18.0000000,      -24.0000000,      0.644315
    -18.0000000,      -20.0000000,      0.650998
    -18.0000000,      -16.0000000,      0.669988
    -18.0000000,      -12.0000000,      0.679802
    -18.0000000,       -8.0000001,      0.668874
    -18.0000000,       -4.0000000,      0.645773
    -18.0000000,        0.0000000,      0.642111
    -18.0000000,        4.0000000,      0.651173
    -18.0000000,        8.0000001,      0.659699
    -18.0000000,       12.0000000,      0.634766
    -18.0000000,       16.0000000,      0.623127
    -18.0000000,       20.0000000,      0.610822
    -18.0000000,       24.0000000,      0.614030
    -18.0000000,       28.0000000,      0.581377
    -18.0000000,       32.0000000,      0.589746
    -18.0000000,       36.0000000,      0.599380
    -18.0000000,       40.0000000,      0.627855
    -18.0000000,       44.0000010,      0.628531
    -18.0000000,       48.0000010,      0.626641
    -18.0000000,       52.0000010,      0.605489
    -18.0000000,       56.0000010,      0.586839
    -18.0000000,       60.0000010,      0.559457
    -18.0000000,       64.0000010,      0.557800
    -18.0000000,       68.0000010,      0.558401
    -18.0000000,       72.0000010,      0.584303
    -18.0000000,       76.0000010,      0.580195
    -18.0000000,       80.0000010,      0.570283
    -18.0000000,       84.0000010,      0.557146
    -18.0000000,       88.0000010,      0.562567
    -14.0000000,      -88.0000010,      0.183796
    -14.0000000,      -84.0000010,      0.185959
    -14.0000000,      -80.0000010,      0.191925
    -14.0000000,      -76.0000010,      0.204420
    -14.0000000,      -72.0000010,      0.238886
    -14.0000000,      -68.0000010,      0.311597
    -14.0000000,      -64.0000010,      0.414524
    -14.0000000,      -60.0000010,      0.512027
    -14.0000000,      -56.0000010,      0.600753
    -14.0000000,      -52.0000010,      0.675520
    -14.0000000,      -48.0000010,      0.738169
    -14.0000000,      -44.0000010,      0.746220
    -14.0000000,      -40.0000000,      0.717214
    -14.0000000,      -36.0000000,      0.672472
    -14.0000000,      -32.0000000,      0.646614
    -14.0000000,      -28.0000000,      0.626888
    -14.0000000,      -24.0000000,      0.617016
    -14.0000000,      -20.0000000,      0.619936
    -14.0000000,      -16.0000000,      0.629195
    -14.0000000,      -12.0000000,      0.641901
    -14.0000000,       -8.0000001,      0.633991
    -14.0000000,       -4.0000000,      0.623216
    -14.0000000,        0.0000000,      0.626071
    -14.0000000,        4.0000000,      0.639484
    -14.0000000,        8.0000001,      0.647838
    -14.0000000,       12.0000000,      0.624130
    -14.0000000,       16.0000000,      0.612544
    -14.0000000,       20.0000000,      0.604128
    -14.0000000,       24.0000000,      0.598871
    -14.0000000,       28.0000000,      0.574049
    -14.0000000,       32.0000000,      0.581688
    -14.0000000,       36.0000000,      0.591189
    -14.0000000,       40.0000000,      0.615792
    -14.0000000,       44.0000010,      0.620825
    -14.0000000,       48.0000010,      0.626271
    -14.0000000,       52.0000010,      0.600960
    -14.0000000,       56.0000010,      0.569527
    -14.0000000,       60.0000010,      0.532690
    -14.0000000,       64.0000010,      0.531820
    -14.0000000,       68.0000010,      0.552377
    -14.0000000,       72.0000010,      0.584997
    -14.0000000,       76.0000010,      0.585530
    -14.0000000,       80.0000010,      0.568921
    -14.0000000,       84.0000010,      0.556794
    -14.0000000,       88.0000010,      0.563590
    -10.0000000,      -88.0000010,      0.175021
    -10.0000000,      -84.0000010,      0.178888
    -10.0000000,      -80.0000010,      0.188330
    -10.0000000,      -76.0000010,      0.205316
    -10.0000000,      -72.0000010,      0.248063
    -10.0000000,      -68.0000010,      0.329382
    -10.0000000,      -64.0000010,      0.431309
    -10.0000000,      -60.0000010,      0.538920
    -10.0000000,      -56.0000010,      0.632676
    -10.0000000,      -52.0000010,      0.698050
    -10.0000000,      -48.0000010,      0.744920
    -10.0000000,      -44.0000010,      0.734770
    -10.0000000,      -40.0000000,      0.700513
    -10.0000000,      -36.0000000,      0.643537
    -10.0000000,      -32.0000000,      0.611651
    -10.0000000,      -28.0000000,      0.607097
    -10.0000000,      -24.0000000,      0.601761
    -10.0000000,      -20.0000000,      0.601569
    -10.0000000,      -16.0000000,      0.599188
    -10.0000000,      -12.0000000,      0.606202
    -10.0000000,       -8.0000001,      0.597749
    -10.0000000,       -4.0000000,      0.575108
    -10.0000000,        0.0000000,      0.565142
    -10.0000000,        4.0000000,      0.577112
    -10.0000000,        8.0000001,      0.593120
    -10.0000000,       12.0000000,      0.588479
    -10.0000000,       16.0000000,      0.581616
    -10.0000000,       20.0000000,      0.577924
    -10.0000000,       24.0000000,      0.580297
    -10.0000000,       28.0000000,      0.560492
    -10.0000000,       32.0000000,      0.573173
    -10.0000000,       36.0000000,      0.585284
    -10.0000000,       40.0000000,      0.614488
    -10.0000000,       44.0000010,      0.619847
    -10.0000000,       48.0000010,      0.622502
    -10.0000000,       52.0000010,      0.595859
    -10.0000000,       56.0000010,      0.556440
    -10.0000000,       60.0000010,      0.517739
    -10.0000000,       64.0000010,      0.514751
    -10.0000000,       68.0000010,      0.542903
    -10.0000000,       72.0000010,      0.575228
    -10.0000000,       76.0000010,      0.586961
    -10.0000000,       80.0000010,      0.577408
    -10.0000000,       84.0000010,      0.569277
    -10.0000000,       88.0000010,      0.572656
     -6.0000001,      -88.0000010,      0.177304
     -6.0000001,      -84.0000010,      0.177662
     -6.0000001,      -80.0000010,      0.185783
     -6.0000001,      -76.0000010,      0.209967
     -6.0000001,      -72.0000010,      0.249629
     -6.0000001,      -68.0000010,      0.327190
     -6.0000001,      -64.0000010,      0.421744
     -6.0000001,      -60.0000010,      0.550809
     -6.0000001,      -56.0000010,      0.654422
     -6.0000001,      -52.0000010,      0.732797
     -6.0000001,      -48.0000010,      0.760502
     -6.0000001,      -44.0000010,      0.741498
     -6.0000001,      -40.0000000,      0.692976
     -6.0000001,      -36.0000000,      0.631660
     -6.0000001,      -32.0000000,      0.607491
     -6.0000001,      -28.0000000,      0.609515
     -6.0000001,      -24.0000000,      0.610161
     -6.0000001,      -20.0000000,      0.606457
     -6.0000001,      -16.0000000,      0.586734
     -6.0000001,      -12.0000000,      0.576050
     -6.0000001,       -8.0000001,      0.559605
     -6.0000001,       -4.0000000,      0.540160
     -6.0000001,        0.0000000,      0.533525
     -6.0000001,        4.0000000,      0.540605
     -6.0000001,        8.0000001,      0.554674
     -6.0000001,       12.0000000,      0.562198
     -6.0000001,       16.0000000,      0.546925
     -6.0000001,       20.0000000,      0.534464
     -6.0000001,       24.0000000,      0.525945
     -6.0000001,       28.0000000,      0.529708
     -6.0000001,       32.0000000,      0.543080
     -6.0000001,       36.0000000,      0.566602
     -6.0000001,       40.0000000,      0.583946
     -6.0000001,       44.0000010,      0.607684
     -6.0000001,       48.0000010,      0.605829
     -6.0000001,       52.0000010,      0.591960
     -6.0000001,       56.0000010,      0.557522
     -6.0000001,       60.0000010,      0.531119
     -6.0000001,       64.0000010,      0.521327
     -6.0000001,       68.0000010,      0.540874
     -6.0000001,       72.0000010,      0.569230
     -6.0000001,       76.0000010,      0.582556
     -6.0000001,       80.0000010,      0.577688
     -6.0000001,       84.0000010,      0.569626
     -6.0000001,       88.0000010,      0.574436
     -2.0000000,      -88.0000010,      0.178327
     -2.0000000,      -84.0000010,      0.178050
     -2.0000000,      -80.0000010,      0.190546
     -2.0000000,      -76.0000010,      0.224550
     -2.0000000,      -72.0000010,      0.256705
     -2.0000000,      -68.0000010,      0.333538
     -2.0000000,      -64.0000010,      0.418363
     -2.0000000,      -60.0000010,      0.569924
     -2.0000000,      -56.0000010,      0.681440
     -2.0000000,      -52.0000010,      0.773544
     -2.0000000,      -48.0000010,      0.784524
     -2.0000000,      -44.0000010,      0.767546
     -2.0000000,      -40.0000000,      0.710235
     -2.0000000,      -36.0000000,      0.647577
     -2.0000000,      -32.0000000,      0.607623
     -2.0000000,      -28.0000000,      0.605274
     -2.0000000,      -24.0000000,      0.608578
     -2.0000000,      -20.0000000,      0.584111
     -2.0000000,      -16.0000000,      0.563312
     -2.0000000,      -12.0000000,      0.545881
     -2.0000000,       -8.0000001,      0.550631
     -2.0000000,       -4.0000000,      0.524707
     -2.0000000,        0.0000000,      0.507462
     -2.0000000,        4.0000000,      0.503385
     -2.0000000,        8.0000001,      0.511573
     -2.0000000,       12.0000000,      0.520536
     -2.0000000,       16.0000000,      0.497639
     -2.0000000,       20.0000000,      0.490275
     -2.0000000,       24.0000000,      0.494713
     -2.0000000,       28.0000000,      0.513835
     -2.0000000,       32.0000000,      0.531139
     -2.0000000,       36.0000000,      0.564738
     -2.0000000,       40.0000000,      0.575629
     -2.0000000,       44.0000010,      0.594618
     -2.0000000,       48.0000010,      0.583651
     -2.0000000,       52.0000010,      0.570703
     -2.0000000,       56.0000010,      0.547064
     -2.0000000,       60.0000010,      0.522879
     -2.0000000,       64.0000010,      0.524046
     -2.0000000,       68.0000010,      0.534868
     -2.0000000,       72.0000010,      0.562092
     -2.0000000,       76.0000010,      0.577568
     -2.0000000,       80.0000010,      0.581758
     -2.0000000,       84.0000010,      0.572883
     -2.0000000,       88.0000010,      0.572538
      2.0000000,      -88.0000010,      0.181230
      2.0000000,      -84.0000010,      0.178881
      2.0000000,      -80.0000010,      0.187551
      2.0000000,      -76.0000010,      0.217634
      2.0000000,      -72.0000010,      0.246349
      2.0000000,      -68.0000010,      0.320403
      2.0000000,      -64.0000010,      0.429397
      2.0000000,      -60.0000010,      0.593944
      2.0000000,      -56.0000010,      0.721353
      2.0000000,      -52.0000010,      0.807122
      2.0000000,      -48.0000010,      0.808190
      2.0000000,      -44.0000010,      0.783214
      2.0000000,      -40.0000000,      0.721796
      2.0000000,      -36.0000000,      0.664867
      2.0000000,      -32.0000000,      0.616142
      2.0000000,      -28.0000000,      0.598297
      2.0000000,      -24.0000000,      0.590225
      2.0000000,      -20.0000000,      0.566090
      2.0000000,      -16.0000000,      0.537032
      2.0000000,      -12.0000000,      0.521568
      2.0000000,       -8.0000001,      0.527852
      2.0000000,       -4.0000000,      0.519432
      2.0000000,        0.0000000,      0.500796
      2.0000000,        4.0000000,      0.498868
      2.0000000,        8.0000001,      0.512300
      2.0000000,       12.0000000,      0.523939
      2.0000000,       16.0000000,      0.502314
      2.0000000,       20.0000000,      0.499290
      2.0000000,       24.0000000,      0.509591
      2.0000000,       28.0000000,      0.540298
      2.0000000,       32.0000000,      0.545825
      2.0000000,       36.0000000,      0.571366
      2.0000000,       40.0000000,      0.572497
      2.0000000,       44.0000010,      0.585625
      2.0000000,       48.0000010,      0.574358
      2.0000000,       52.0000010,      0.563457
      2.0000000,       56.0000010,      0.540563
      2.0000000,       60.0000010,      0.523192
      2.0000000,       64.0000010,      0.526959
      2.0000000,       68.0000010,      0.547205
      2.0000000,       72.0000010,      0.569075
      2.0000000,       76.0000010,      0.575601
      2.0000000,       80.0000010,      0.576356
      2.0000000,       84.0000010,      0.565751
      2.0000000,       88.0000010,      0.562474
      6.0000001,      -88.0000010,      0.181008
      6.0000001,      -84.0000010,      0.178151
      6.0000001,      -80.0000010,      0.194051
      6.0000001,      -76.0000010,      0.211668
      6.0000001,      -72.0000010,      0.243761
      6.0000001,      -68.0000010,      0.309079
      6.0000001,      -64.0000010,      0.440788
      6.0000001,      -60.0000010,      0.608030
      6.0000001,      -56.0000010,      0.747812
      6.0000001,      -52.0000010,      0.833895
      6.0000001,      -48.0000010,      0.815746
      6.0000001,      -44.0000010,      0.794466
      6.0000001,      -40.0000000,      0.714925
      6.0000001,      -36.0000000,      0.680334
      6.0000001,      -32.0000000,      0.606831
      6.0000001,      -28.0000000,      0.581746
      6.0000001,      -24.0000000,      0.555041
      6.0000001,      -20.0000000,      0.526797
      6.0000001,      -16.0000000,      0.507727
      6.0000001,      -12.0000000,      0.502702
      6.0000001,       -8.0000001,      0.512350
      6.0000001,       -4.0000000,      0.503110
      6.0000001,        0.0000000,      0.493009
      6.0000001,        4.0000000,      0.484473
      6.0000001,        8.0000001,      0.497027
      6.0000001,       12.0000000,      0.503357
      6.0000001,       16.0000000,      0.501589
      6.0000001,       20.0000000,      0.506853
      6.0000001,       24.0000000,      0.502288
      6.0000001,       28.0000000,      0.531190
      6.0000001,       32.0000000,      0.547894
      6.0000001,       36.0000000,      0.582964
      6.0000001,       40.0000000,      0.584537
      6.0000001,       44.0000010,      0.571768
      6.0000001,       48.0000010,      0.563140
      6.0000001,       52.0000010,      0.544594
      6.0000001,       56.0000010,      0.523620
      6.0000001,       60.0000010,      0.499333
      6.0000001,       64.0000010,      0.504352
      6.0000001,       68.0000010,      0.536130
      6.0000001,       72.0000010,      0.565641
      6.0000001,       76.0000010,      0.586261
      6.0000001,       80.0000010,      0.593789
      6.0000001,       84.0000010,      0.576112
      6.0000001,       88.0000010,      0.558893
     10.0000000,      -88.0000010,      0.182756
     10.0000000,      -84.0000010,      0.171510
     10.0000000,      -80.0000010,      0.178970
     10.0000000,      -76.0000010,      0.196689
     10.0000000,      -72.0000010,      0.244924
     10.0000000,      -68.0000010,      0.323280
     10.0000000,      -64.0000010,      0.460408
     10.0000000,      -60.0000010,      0.615053
     10.0000000,      -56.0000010,      0.759833
     10.0000000,      -52.0000010,      0.846234
     10.0000000,      -48.0000010,      0.844656
     10.0000000,      -44.0000010,      0.814104
     10.0000000,      -40.0000000,      0.732410
     10.0000000,      -36.0000000,      0.692743
     10.0000000,      -32.0000000,      0.625550
     10.0000000,      -28.0000000,      0.589704
     10.0000000,      -24.0000000,      0.551641
     10.0000000,      -20.0000000,      0.529419
     10.0000000,      -16.0000000,      0.515547
     10.0000000,      -12.0000000,      0.502111
     10.0000000,       -8.0000001,      0.491073
     10.0000000,       -4.0000000,      0.493593
     10.0000000,        0.0000000,      0.495969
     10.0000000,        4.0000000,      0.491910
     10.0000000,        8.0000001,      0.483945
     10.0000000,       12.0000000,      0.487543
     10.0000000,       16.0000000,      0.479788
     10.0000000,       20.0000000,      0.490896
     10.0000000,       24.0000000,      0.485571
     10.0000000,       28.0000000,      0.515943
     10.0000000,       32.0000000,      0.533722
     10.0000000,       36.0000000,      0.573494
     10.0000000,       40.0000000,      0.585697
     10.0000000,       44.0000010,      0.577247
     10.0000000,       48.0000010,      0.564136
     10.0000000,       52.0000010,      0.544128
     10.0000000,       56.0000010,      0.517239
     10.0000000,       60.0000010,      0.497280
     10.0000000,       64.0000010,      0.498070
     10.0000000,       68.0000010,      0.533987
     10.0000000,       72.0000010,      0.545531
     10.0000000,       76.0000010,      0.565333
     10.0000000,       80.0000010,      0.580257
     10.0000000,       84.0000010,      0.579524
     10.0000000,       88.0000010,      0.565638
     14.0000000,      -88.0000010,      0.181257
     14.0000000,      -84.0000010,      0.168810
     14.0000000,      -80.0000010,      0.182414
     14.0000000,      -76.0000010,      0.193269
     14.0000000,      -72.0000010,      0.252489
     14.0000000,      -68.0000010,      0.320204
     14.0000000,      -64.0000010,      0.462688
     14.0000000,      -60.0000010,      0.620059
     14.0000000,      -56.0000010,      0.769004
     14.0000000,      -52.0000010,      0.858397
     14.0000000,      -48.0000010,      0.854618
     14.0000000,      -44.0000010,      0.831683
     14.0000000,      -40.0000000,      0.746287
     14.0000000,      -36.0000000,      0.691107
     14.0000000,      -32.0000000,      0.614857
     14.0000000,      -28.0000000,      0.573625
     14.0000000,      -24.0000000,      0.532480
     14.0000000,      -20.0000000,      0.517713
     14.0000000,      -16.0000000,      0.512400
     14.0000000,      -12.0000000,      0.506379
     14.0000000,       -8.0000001,      0.494291
     14.0000000,       -4.0000000,      0.486987
     14.0000000,        0.0000000,      0.492615
     14.0000000,        4.0000000,      0.472117
     14.0000000,        8.0000001,      0.453625
     14.0000000,       12.0000000,      0.448928
     14.0000000,       16.0000000,      0.457473
     14.0000000,       20.0000000,      0.470870
     14.0000000,       24.0000000,      0.448287
     14.0000000,       28.0000000,      0.465040
     14.0000000,       32.0000000,      0.494020
     14.0000000,       36.0000000,      0.545028
     14.0000000,       40.0000000,      0.562340
     14.0000000,       44.0000010,      0.558938
     14.0000000,       48.0000010,      0.562902
     14.0000000,       52.0000010,      0.541560
     14.0000000,       56.0000010,      0.522226
     14.0000000,       60.0000010,      0.495446
     14.0000000,       64.0000010,      0.495454
     14.0000000,       68.0000010,      0.512088
     14.0000000,       72.0000010,      0.526735
     14.0000000,       76.0000010,      0.552657
     14.0000000,       80.0000010,      0.575947
     14.0000000,       84.0000010,      0.581766
     14.0000000,       88.0000010,      0.575867
     18.0000000,      -88.0000010,      0.179666
     18.0000000,      -84.0000010,      0.169940
     18.0000000,      -80.0000010,      0.167676
     18.0000000,      -76.0000010,      0.191347
     18.0000000,      -72.0000010,      0.245060
     18.0000000,      -68.0000010,      0.319153
     18.0000000,      -64.0000010,      0.456139
     18.0000000,      -60.0000010,      0.609756
     18.0000000,      -56.0000010,      0.761007
     18.0000000,      -52.0000010,      0.841260
     18.0000000,      -48.0000010,      0.847929
     18.0000000,      -44.0000010,      0.813965
     18.0000000,      -40.0000000,      0.730083
     18.0000000,      -36.0000000,      0.660747
     18.0000000,      -32.0000000,      0.607580
     18.0000000,      -28.0000000,      0.584066
     18.0000000,      -24.0000000,      0.557438
     18.0000000,      -20.0000000,      0.538717
     18.0000000,      -16.0000000,      0.515927
     18.0000000,      -12.0000000,      0.503230
     18.0000000,       -8.0000001,      0.492664
     18.0000000,       -4.0000000,      0.485888
     18.0000000,        0.0000000,      0.484873
     18.0000000,        4.0000000,      0.478493
     18.0000000,        8.0000001,      0.458932
     18.0000000,       12.0000000,      0.462128
     18.0000000,       16.0000000,      0.464062
     18.0000000,       20.0000000,      0.477202
     18.0000000,       24.0000000,      0.474206
     18.0000000,       28.0000000,      0.470971
     18.0000000,       32.0000000,      0.500683
     18.0000000,       36.0000000,      0.531565
     18.0000000,       40.0000000,      0.550148
     18.0000000,       44.0000010,      0.549420
     18.0000000,       48.0000010,      0.558142
     18.0000000,       52.0000010,      0.544126
     18.0000000,       56.0000010,      0.522292
     18.0000000,       60.0000010,      0.486425
     18.0000000,       64.0000010,      0.488150
     18.0000000,       68.0000010,      0.518295
     18.0000000,       72.0000010,      0.529598
     18.0000000,       76.0000010,      0.537982
     18.0000000,       80.0000010,      0.542323
     18.0000000,       84.0000010,      0.566171
     18.0000000,       88.0000010,      0.586203
     22.0000000,      -88.0000010,      0.171157
     22.0000000,      -84.0000010,      0.165780
     22.0000000,      -80.0000010,      0.169388
     22.0000000,      -76.0000010,      0.196228
     22.0000000,      -72.0000010,      0.241040
     22.0000000,      -68.0000010,      0.298210
     22.0000000,      -64.0000010,      0.426765
     22.0000000,      -60.0000010,      0.580422
     22.0000000,      -56.0000010,      0.725242
     22.0000000,      -52.0000010,      0.811685
     22.0000000,      -48.0000010,      0.826202
     22.0000000,      -44.0000010,      0.820829
     22.0000000,      -40.0000000,      0.733186
     22.0000000,      -36.0000000,      0.667991
     22.0000000,      -32.0000000,      0.616982
     22.0000000,      -28.0000000,      0.606785
     22.0000000,      -24.0000000,      0.585559
     22.0000000,      -20.0000000,      0.559643
     22.0000000,      -16.0000000,      0.519131
     22.0000000,      -12.0000000,      0.498734
     22.0000000,       -8.0000001,      0.484849
     22.0000000,       -4.0000000,      0.482098
     22.0000000,        0.0000000,      0.478461
     22.0000000,        4.0000000,      0.459585
     22.0000000,        8.0000001,      0.447714
     22.0000000,       12.0000000,      0.452492
     22.0000000,       16.0000000,      0.481053
     22.0000000,       20.0000000,      0.495208
     22.0000000,       24.0000000,      0.489782
     22.0000000,       28.0000000,      0.481322
     22.0000000,       32.0000000,      0.515801
     22.0000000,       36.0000000,      0.544971
     22.0000000,       40.0000000,      0.554717
     22.0000000,       44.0000010,      0.552737
     22.0000000,       48.0000010,      0.580275
     22.0000000,       52.0000010,      0.572378
     22.0000000,       56.0000010,      0.553134
     22.0000000,       60.0000010,      0.503350
     22.0000000,       64.0000010,      0.495919
     22.0000000,       68.0000010,      0.498495
     22.0000000,       72.0000010,      0.516340
     22.0000000,       76.0000010,      0.531843
     22.0000000,       80.0000010,      0.551768
     22.0000000,       84.0000010,      0.571831
     22.0000000,       88.0000010,      0.592610
     26.0000000,      -88.0000010,      0.168248
     26.0000000,      -84.0000010,      0.166565
     26.0000000,      -80.0000010,      0.171579
     26.0000000,      -76.0000010,      0.204618
     26.0000000,      -72.0000010,      0.236334
     26.0000000,      -68.0000010,      0.291046
     26.0000000,      -64.0000010,      0.398233
     26.0000000,      -60.0000010,      0.551891
     26.0000000,      -56.0000010,      0.696315
     26.0000000,      -52.0000010,      0.788953
     26.0000000,      -48.0000010,      0.811223
     26.0000000,      -44.0000010,      0.814305
     26.0000000,      -40.0000000,      0.749086
     26.0000000,      -36.0000000,      0.702072
     26.0000000,      -32.0000000,      0.655171
     26.0000000,      -28.0000000,      0.649753
     26.0000000,      -24.0000000,      0.616573
     26.0000000,      -20.0000000,      0.577477
     26.0000000,      -16.0000000,      0.504996
     26.0000000,      -12.0000000,      0.471250
     26.0000000,       -8.0000001,      0.466985
     26.0000000,       -4.0000000,      0.478088
     26.0000000,        0.0000000,      0.474493
     26.0000000,        4.0000000,      0.453083
     26.0000000,        8.0000001,      0.446190
     26.0000000,       12.0000000,      0.463607
     26.0000000,       16.0000000,      0.489774
     26.0000000,       20.0000000,      0.506103
     26.0000000,       24.0000000,      0.507758
     26.0000000,       28.0000000,      0.508671
     26.0000000,       32.0000000,      0.537603
     26.0000000,       36.0000000,      0.570609
     26.0000000,       40.0000000,      0.573702
     26.0000000,       44.0000010,      0.581966
     26.0000000,       48.0000010,      0.604122
     26.0000000,       52.0000010,      0.601768
     26.0000000,       56.0000010,      0.573457
     26.0000000,       60.0000010,      0.520445
     26.0000000,       64.0000010,      0.512448
     26.0000000,       68.0000010,      0.504234
     26.0000000,       72.0000010,      0.516577
     26.0000000,       76.0000010,      0.524289
     26.0000000,       80.0000010,      0.551291
     26.0000000,       84.0000010,      0.574556
     26.0000000,       88.0000010,      0.596719
     30.0000000,      -88.0000010,      0.165257
     30.0000000,      -84.0000010,      0.165772
     30.0000000,      -80.0000010,      0.176463
     30.0000000,      -76.0000010,      0.205697
     30.0000000,      -72.0000010,      0.235067
     30.0000000,      -68.0000010,      0.286865
     30.0000000,      -64.0000010,      0.377107
     30.0000000,      -60.0000010,      0.520497
     30.0000000,      -56.0000010,      0.664965
     30.0000000,      -52.0000010,      0.765926
     30.0000000,      -48.0000010,      0.809647
     30.0000000,      -44.0000010,      0.803598
     30.0000000,      -40.0000000,      0.758239
     30.0000000,      -36.0000000,      0.710958
     30.0000000,      -32.0000000,      0.666928
     30.0000000,      -28.0000000,      0.655782
     30.0000000,      -24.0000000,      0.613779
     30.0000000,      -20.0000000,      0.581523
     30.0000000,      -16.0000000,      0.517250
     30.0000000,      -12.0000000,      0.484961
     30.0000000,       -8.0000001,      0.474049
     30.0000000,       -4.0000000,      0.476926
     30.0000000,        0.0000000,      0.477307
     30.0000000,        4.0000000,      0.460332
     30.0000000,        8.0000001,      0.458681
     30.0000000,       12.0000000,      0.474290
     30.0000000,       16.0000000,      0.498423
     30.0000000,       20.0000000,      0.514778
     30.0000000,       24.0000000,      0.528202
     30.0000000,       28.0000000,      0.548942
     30.0000000,       32.0000000,      0.565080
     30.0000000,       36.0000000,      0.576813
     30.0000000,       40.0000000,      0.578135
     30.0000000,       44.0000010,      0.601477
     30.0000000,       48.0000010,      0.626220
     30.0000000,       52.0000010,      0.617419
     30.0000000,       56.0000010,      0.584196
     30.0000000,       60.0000010,      0.543118
     30.0000000,       64.0000010,      0.517621
     30.0000000,       68.0000010,      0.497816
     30.0000000,       72.0000010,      0.506460
     30.0000000,       76.0000010,      0.540658
     30.0000000,       80.0000010,      0.572967
     30.0000000,       84.0000010,      0.591416
     30.0000000,       88.0000010,      0.595919
     34.0000000,      -88.0000010,      0.171076
     34.0000000,      -84.0000010,      0.177745
     34.0000000,      -80.0000010,      0.182477
     34.0000000,      -76.0000010,      0.207660
     34.0000000,      -72.0000010,      0.230730
     34.0000000,      -68.0000010,      0.286782
     34.0000000,      -64.0000010,      0.369832
     34.0000000,      -60.0000010,      0.506133
     34.0000000,      -56.0000010,      0.643363
     34.0000000,      -52.0000010,      0.744352
     34.0000000,      -48.0000010,      0.789733
     34.0000000,      -44.0000010,      0.774536
     34.0000000,      -40.0000000,      0.755306
     34.0000000,      -36.0000000,      0.720409
     34.0000000,      -32.0000000,      0.695513
     34.0000000,      -28.0000000,      0.660446
     34.0000000,      -24.0000000,      0.602754
     34.0000000,      -20.0000000,      0.561257
     34.0000000,      -16.0000000,      0.513556
     34.0000000,      -12.0000000,      0.486421
     34.0000000,       -8.0000001,      0.482675
     34.0000000,       -4.0000000,      0.481169
     34.0000000,        0.0000000,      0.482393
     34.0000000,        4.0000000,      0.472174
     34.0000000,        8.0000001,      0.466109
     34.0000000,       12.0000000,      0.484173
     34.0000000,       16.0000000,      0.504954
     34.0000000,       20.0000000,      0.520954
     34.0000000,       24.0000000,      0.534864
     34.0000000,       28.0000000,      0.548102
     34.0000000,       32.0000000,      0.570180
     34.0000000,       36.0000000,      0.567625
     34.0000000,       40.0000000,      0.578410
     34.0000000,       44.0000010,      0.593821
     34.0000000,       48.0000010,      0.628144
     34.0000000,       52.0000010,      0.626392
     34.0000000,       56.0000010,      0.599743
     34.0000000,       60.0000010,      0.560611
     34.0000000,       64.0000010,      0.523664
     34.0000000,       68.0000010,      0.519733
     34.0000000,       72.0000010,      0.538069
     34.0000000,       76.0000010,      0.567800
     34.0000000,       80.0000010,      0.575082
     34.0000000,       84.0000010,      0.584240
     34.0000000,       88.0000010,      0.590976
     38.0000000,      -88.0000010,      0.177991
     38.0000000,      -84.0000010,      0.183449
     38.0000000,      -80.0000010,      0.186880
     38.0000000,      -76.0000010,      0.210632
     38.0000000,      -72.0000010,      0.230622
     38.0000000,      -68.0000010,      0.285936
     38.0000000,      -64.0000010,      0.353725
     38.0000000,      -60.0000010,      0.469463
     38.0000000,      -56.0000010,      0.594317
     38.0000000,      -52.0000010,      0.704698
     38.0000000,      -48.0000010,      0.764682
     38.0000000,      -44.0000010,      0.767507
     38.0000000,      -40.0000000,      0.756629
     38.0000000,      -36.0000000,      0.734124
     38.0000000,      -32.0000000,      0.712355
     38.0000000,      -28.0000000,      0.679271
     38.0000000,      -24.0000000,      0.627791
     38.0000000,      -20.0000000,      0.582895
     38.0000000,      -16.0000000,      0.555905
     38.0000000,      -12.0000000,      0.530010
     38.0000000,       -8.0000001,      0.517309
     38.0000000,       -4.0000000,      0.504625
     38.0000000,        0.0000000,      0.505281
     38.0000000,        4.0000000,      0.495466
     38.0000000,        8.0000001,      0.482095
     38.0000000,       12.0000000,      0.487533
     38.0000000,       16.0000000,      0.508085
     38.0000000,       20.0000000,      0.518787
     38.0000000,       24.0000000,      0.546107
     38.0000000,       28.0000000,      0.556653
     38.0000000,       32.0000000,      0.590746
     38.0000000,       36.0000000,      0.577695
     38.0000000,       40.0000000,      0.599159
     38.0000000,       44.0000010,      0.597986
     38.0000000,       48.0000010,      0.633405
     38.0000000,       52.0000010,      0.633668
     38.0000000,       56.0000010,      0.613130
     38.0000000,       60.0000010,      0.559765
     38.0000000,       64.0000010,      0.506591
     38.0000000,       68.0000010,      0.506318
     38.0000000,       72.0000010,      0.541217
     38.0000000,       76.0000010,      0.583695
     38.0000000,       80.0000010,      0.581552
     38.0000000,       84.0000010,      0.585256
     38.0000000,       88.0000010,      0.588197
     42.0000000,      -88.0000010,      0.188076
     42.0000000,      -84.0000010,      0.191293
     42.0000000,      -80.0000010,      0.196768
     42.0000000,      -76.0000010,      0.211272
     42.0000000,      -72.0000010,      0.236174
     42.0000000,      -68.0000010,      0.285704
     42.0000000,      -64.0000010,      0.351984
     42.0000000,      -60.0000010,      0.442271
     42.0000000,      -56.0000010,      0.549445
     42.0000000,      -52.0000010,      0.666045
     42.0000000,      -48.0000010,      0.750848
     42.0000000,      -44.0000010,      0.776759
     42.0000000,      -40.0000000,      0.760279
     42.0000000,      -36.0000000,      0.727730
     42.0000000,      -32.0000000,      0.705412
     42.0000000,      -28.0000000,      0.665237
     42.0000000,      -24.0000000,      0.622895
     42.0000000,      -20.0000000,      0.585546
     42.0000000,      -16.0000000,      0.569598
     42.0000000,      -12.0000000,      0.551580
     42.0000000,       -8.0000001,      0.542527
     42.0000000,       -4.0000000,      0.545408
     42.0000000,        0.0000000,      0.532397
     42.0000000,        4.0000000,      0.507984
     42.0000000,        8.0000001,      0.477296
     42.0000000,       12.0000000,      0.494893
     42.0000000,       16.0000000,      0.503718
     42.0000000,       20.0000000,      0.520922
     42.0000000,       24.0000000,      0.539384
     42.0000000,       28.0000000,      0.565117
     42.0000000,       32.0000000,      0.606943
     42.0000000,       36.0000000,      0.601026
     42.0000000,       40.0000000,      0.615585
     42.0000000,       44.0000010,      0.614031
     42.0000000,       48.0000010,      0.649027
     42.0000000,       52.0000010,      0.645985
     42.0000000,       56.0000010,      0.619739
     42.0000000,       60.0000010,      0.546731
     42.0000000,       64.0000010,      0.501398
     42.0000000,       68.0000010,      0.496569
     42.0000000,       72.0000010,      0.542114
     42.0000000,       76.0000010,      0.577339
     42.0000000,       80.0000010,      0.579918
     42.0000000,       84.0000010,      0.586447
     42.0000000,       88.0000010,      0.597017
     46.0000010,      -88.0000010,      0.198611
     46.0000010,      -84.0000010,      0.194626
     46.0000010,      -80.0000010,      0.195933
     46.0000010,      -76.0000010,      0.208261
     46.0000010,      -72.0000010,      0.237015
     46.0000010,      -68.0000010,      0.290736
     46.0000010,      -64.0000010,      0.355155
     46.0000010,      -60.0000010,      0.433932
     46.0000010,      -56.0000010,      0.523392
     46.0000010,      -52.0000010,      0.624803
     46.0000010,      -48.0000010,      0.705472
     46.0000010,      -44.0000010,      0.736959
     46.0000010,      -40.0000000,      0.724704
     46.0000010,      -36.0000000,      0.698156
     46.0000010,      -32.0000000,      0.669988
     46.0000010,      -28.0000000,      0.671414
     46.0000010,      -24.0000000,      0.646866
     46.0000010,      -20.0000000,      0.637569
     46.0000010,      -16.0000000,      0.599435
     46.0000010,      -12.0000000,      0.574370
     46.0000010,       -8.0000001,      0.549648
     46.0000010,       -4.0000000,      0.542638
     46.0000010,        0.0000000,      0.534765
     46.0000010,        4.0000000,      0.515019
     46.0000010,        8.0000001,      0.495934
     46.0000010,       12.0000000,      0.525513
     46.0000010,       16.0000000,      0.532112
     46.0000010,       20.0000000,      0.552714
     46.0000010,       24.0000000,      0.562977
     46.0000010,       28.0000000,      0.593391
     46.0000010,       32.0000000,      0.613853
     46.0000010,       36.0000000,      0.620574
     46.0000010,       40.0000000,      0.639444
     46.0000010,       44.0000010,      0.657733
     46.0000010,       48.0000010,      0.657738
     46.0000010,       52.0000010,      0.640701
     46.0000010,       56.0000010,      0.603114
     46.0000010,       60.0000010,      0.538415
     46.0000010,       64.0000010,      0.495779
     46.0000010,       68.0000010,      0.477745
     46.0000010,       72.0000010,      0.505524
     46.0000010,       76.0000010,      0.544950
     46.0000010,       80.0000010,      0.561366
     46.0000010,       84.0000010,      0.589739
     46.0000010,       88.0000010,      0.598263
     50.0000010,      -88.0000010,      0.203909
     50.0000010,      -84.0000010,      0.200406
     50.0000010,      -80.0000010,      0.198556
     50.0000010,      -76.0000010,      0.201896
     50.0000010,      -72.0000010,      0.229273
     50.0000010,      -68.0000010,      0.287836
     50.0000010,      -64.0000010,      0.353397
     50.0000010,      -60.0000010,      0.418303
     50.0000010,      -56.0000010,      0.479753
     50.0000010,      -52.0000010,      0.565602
     50.0000010,      -48.0000010,      0.651779
     50.0000010,      -44.0000010,      0.675005
     50.0000010,      -40.0000000,      0.664218
     50.0000010,      -36.0000000,      0.637735
     50.0000010,      -32.0000000,      0.644555
     50.0000010,      -28.0000000,      0.672200
     50.0000010,      -24.0000000,      0.671504
     50.0000010,      -20.0000000,      0.679399
     50.0000010,      -16.0000000,      0.639715
     50.0000010,      -12.0000000,      0.608787
     50.0000010,       -8.0000001,      0.571568
     50.0000010,       -4.0000000,      0.555410
     50.0000010,        0.0000000,      0.550872
     50.0000010,        4.0000000,      0.540287
     50.0000010,        8.0000001,      0.531560
     50.0000010,       12.0000000,      0.558433
     50.0000010,       16.0000000,      0.551089
     50.0000010,       20.0000000,      0.567522
     50.0000010,       24.0000000,      0.583726
     50.0000010,       28.0000000,      0.627379
     50.0000010,       32.0000000,      0.651185
     50.0000010,       36.0000000,      0.654952
     50.0000010,       40.0000000,      0.653457
     50.0000010,       44.0000010,      0.674849
     50.0000010,       48.0000010,      0.664017
     50.0000010,       52.0000010,      0.644665
     50.0000010,       56.0000010,      0.597052
     50.0000010,       60.0000010,      0.539922
     50.0000010,       64.0000010,      0.510264
     50.0000010,       68.0000010,      0.492870
     50.0000010,       72.0000010,      0.504925
     50.0000010,       76.0000010,      0.529348
     50.0000010,       80.0000010,      0.544678
     50.0000010,       84.0000010,      0.579926
     50.0000010,       88.0000010,      0.599897
     54.0000010,      -88.0000010,      0.204926
     54.0000010,      -84.0000010,      0.203111
     54.0000010,      -80.0000010,      0.205592
     54.0000010,      -76.0000010,      0.213110
     54.0000010,      -72.0000010,      0.232579
     54.0000010,      -68.0000010,      0.284547
     54.0000010,      -64.0000010,      0.335870
     54.0000010,      -60.0000010,      0.398019
     54.0000010,      -56.0000010,      0.438582
     54.0000010,      -52.0000010,      0.512209
     54.0000010,      -48.0000010,      0.582433
     54.0000010,      -44.0000010,      0.617126
     54.0000010,      -40.0000000,      0.632813
     54.0000010,      -36.0000000,      0.636279
     54.0000010,      -32.0000000,      0.655398
     54.0000010,      -28.0000000,      0.676491
     54.0000010,      -24.0000000,      0.683671
     54.0000010,      -20.0000000,      0.687210
     54.0000010,      -16.0000000,      0.673040
     54.0000010,      -12.0000000,      0.631651
     54.0000010,       -8.0000001,      0.603703
     54.0000010,       -4.0000000,      0.569612
     54.0000010,        0.0000000,      0.576122
     54.0000010,        4.0000000,      0.568511
     54.0000010,        8.0000001,      0.574900
     54.0000010,       12.0000000,      0.587054
     54.0000010,       16.0000000,      0.598567
     54.0000010,       20.0000000,      0.607666
     54.0000010,       24.0000000,      0.614553
     54.0000010,       28.0000000,      0.629624
     54.0000010,       32.0000000,      0.657299
     54.0000010,       36.0000000,      0.685866
     54.0000010,       40.0000000,      0.706266
     54.0000010,       44.0000010,      0.722546
     54.0000010,       48.0000010,      0.693827
     54.0000010,       52.0000010,      0.661102
     54.0000010,       56.0000010,      0.598505
     54.0000010,       60.0000010,      0.555020
     54.0000010,       64.0000010,      0.520544
     54.0000010,       68.0000010,      0.494690
     54.0000010,       72.0000010,      0.498661
     54.0000010,       76.0000010,      0.514812
     54.0000010,       80.0000010,      0.535194
     54.0000010,       84.0000010,      0.566896
     54.0000010,       88.0000010,      0.591028
     58.0000010,      -88.0000010,      0.201041
     58.0000010,      -84.0000010,      0.197151
     58.0000010,      -80.0000010,      0.201644
     58.0000010,      -76.0000010,      0.206734
     58.0000010,      -72.0000010,      0.224293
     58.0000010,      -68.0000010,      0.264426
     58.0000010,      -64.0000010,      0.307209
     58.0000010,      -60.0000010,      0.357243
     58.0000010,      -56.0000010,      0.391785
     58.0000010,      -52.0000010,      0.463962
     58.0000010,      -48.0000010,      0.544966
     58.0000010,      -44.0000010,      0.594417
     58.0000010,      -40.0000000,      0.626333
     58.0000010,      -36.0000000,      0.644074
     58.0000010,      -32.0000000,      0.687209
     58.0000010,      -28.0000000,      0.692088
     58.0000010,      -24.0000000,      0.692332
     58.0000010,      -20.0000000,      0.682405
     58.0000010,      -16.0000000,      0.690175
     58.0000010,      -12.0000000,      0.664751
     58.0000010,       -8.0000001,      0.645571
     58.0000010,       -4.0000000,      0.619387
     58.0000010,        0.0000000,      0.616530
     58.0000010,        4.0000000,      0.606462
     58.0000010,        8.0000001,      0.614070
     58.0000010,       12.0000000,      0.608333
     58.0000010,       16.0000000,      0.632640
     58.0000010,       20.0000000,      0.636356
     58.0000010,       24.0000000,      0.665389
     58.0000010,       28.0000000,      0.669699
     58.0000010,       32.0000000,      0.704197
     58.0000010,       36.0000000,      0.737737
     58.0000010,       40.0000000,      0.748596
     58.0000010,       44.0000010,      0.751167
     58.0000010,       48.0000010,      0.711948
     58.0000010,       52.0000010,      0.666443
     58.0000010,       56.0000010,      0.600869
     58.0000010,       60.0000010,      0.546371
     58.0000010,       64.0000010,      0.533355
     58.0000010,       68.0000010,      0.515059
     58.0000010,       72.0000010,      0.543202
     58.0000010,       76.0000010,      0.535715
     58.0000010,       80.0000010,      0.551181
     58.0000010,       84.0000010,      0.564001
     58.0000010,       88.0000010,      0.596447
     62.0000010,      -88.0000010,      0.198412
     62.0000010,      -84.0000010,      0.196025
     62.0000010,      -80.0000010,      0.203309
     62.0000010,      -76.0000010,      0.214691
     62.0000010,      -72.0000010,      0.233048
     62.0000010,      -68.0000010,      0.256331
     62.0000010,      -64.0000010,      0.289765
     62.0000010,      -60.0000010,      0.338126
     62.0000010,      -56.0000010,      0.385177
     62.0000010,      -52.0000010,      0.452284
     62.0000010,      -48.0000010,      0.523557
     62.0000010,      -44.0000010,      0.589509
     62.0000010,      -40.0000000,      0.645408
     62.0000010,      -36.0000000,      0.684098
     62.0000010,      -32.0000000,      0.725170
     62.0000010,      -28.0000000,      0.714380
     62.0000010,      -24.0000000,      0.697597
     62.0000010,      -20.0000000,      0.658836
     62.0000010,      -16.0000000,      0.659287
     62.0000010,      -12.0000000,      0.631584
     62.0000010,       -8.0000001,      0.640673
     62.0000010,       -4.0000000,      0.632393
     62.0000010,        0.0000000,      0.642642
     62.0000010,        4.0000000,      0.632078
     62.0000010,        8.0000001,      0.634526
     62.0000010,       12.0000000,      0.635756
     62.0000010,       16.0000000,      0.663592
     62.0000010,       20.0000000,      0.676713
     62.0000010,       24.0000000,      0.688704
     62.0000010,       28.0000000,      0.681143
     62.0000010,       32.0000000,      0.707553
     62.0000010,       36.0000000,      0.761236
     62.0000010,       40.0000000,      0.785760
     62.0000010,       44.0000010,      0.779220
     62.0000010,       48.0000010,      0.722140
     62.0000010,       52.0000010,      0.662657
     62.0000010,       56.0000010,      0.589098
     62.0000010,       60.0000010,      0.539180
     62.0000010,       64.0000010,      0.524138
     62.0000010,       68.0000010,      0.519097
     62.0000010,       72.0000010,      0.559587
     62.0000010,       76.0000010,      0.568675
     62.0000010,       80.0000010,      0.582599
     62.0000010,       84.0000010,      0.578089
     62.0000010,       88.0000010,      0.590266
     66.0000010,      -88.0000010,      0.189179
     66.0000010,      -84.0000010,      0.191133
     66.0000010,      -80.0000010,      0.197221
     66.0000010,      -76.0000010,      0.203907
     66.0000010,      -72.0000010,      0.216751
     66.0000010,      -68.0000010,      0.236605
     66.0000010,      -64.0000010,      0.266515
     66.0000010,      -60.0000010,      0.313443
     66.0000010,      -56.0000010,      0.368483
     66.0000010,      -52.0000010,      0.439681
     66.0000010,      -48.0000010,      0.515556
     66.0000010,      -44.0000010,      0.593158
     66.0000010,      -40.0000000,      0.678016
     66.0000010,      -36.0000000,      0.736228
     66.0000010,      -32.0000000,      0.788133
     66.0000010,      -28.0000000,      0.775803
     66.0000010,      -24.0000000,      0.744296
     66.0000010,      -20.0000000,      0.697859
     66.0000010,      -16.0000000,      0.680593
     66.0000010,      -12.0000000,      0.660408
     66.0000010,       -8.0000001,      0.656454
     66.0000010,       -4.0000000,      0.654456
     66.0000010,        0.0000000,      0.649082
     66.0000010,        4.0000000,      0.645468
     66.0000010,        8.0000001,      0.629708
     66.0000010,       12.0000000,      0.631331
     66.0000010,       16.0000000,      0.647934
     66.0000010,       20.0000000,      0.660639
     66.0000010,       24.0000000,      0.681468
     66.0000010,       28.0000000,      0.690934
     66.0000010,       32.0000000,      0.721859
     66.0000010,       36.0000000,      0.777934
     66.0000010,       40.0000000,      0.795919
     66.0000010,       44.0000010,      0.799793
     66.0000010,       48.0000010,      0.746590
     66.0000010,       52.0000010,      0.674200
     66.0000010,       56.0000010,      0.604292
     66.0000010,       60.0000010,      0.555279
     66.0000010,       64.0000010,      0.549546
     66.0000010,       68.0000010,      0.537937
     66.0000010,       72.0000010,      0.557948
     66.0000010,       76.0000010,      0.579037
     66.0000010,       80.0000010,      0.593615
     66.0000010,       84.0000010,      0.589856
     66.0000010,       88.0000010,      0.577667
     70.0000010,      -88.0000010,      0.180322
     70.0000010,      -84.0000010,      0.191451
     70.0000010,      -80.0000010,      0.205372
     70.0000010,      -76.0000010,      0.204860
     70.0000010,      -72.0000010,      0.210094
     70.0000010,      -68.0000010,      0.219466
     70.0000010,      -64.0000010,      0.253712
     70.0000010,      -60.0000010,      0.300463
     70.0000010,      -56.0000010,      0.372123
     70.0000010,      -52.0000010,      0.456775
     70.0000010,      -48.0000010,      0.537203
     70.0000010,      -44.0000010,      0.615097
     70.0000010,      -40.0000000,      0.711011
     70.0000010,      -36.0000000,      0.770092
     70.0000010,      -32.0000000,      0.809432
     70.0000010,      -28.0000000,      0.771953
     70.0000010,      -24.0000000,      0.739074
     70.0000010,      -20.0000000,      0.699042
     70.0000010,      -16.0000000,      0.682436
     70.0000010,      -12.0000000,      0.658215
     70.0000010,       -8.0000001,      0.653960
     70.0000010,       -4.0000000,      0.649850
     70.0000010,        0.0000000,      0.636523
     70.0000010,        4.0000000,      0.629848
     70.0000010,        8.0000001,      0.622299
     70.0000010,       12.0000000,      0.648139
     70.0000010,       16.0000000,      0.656747
     70.0000010,       20.0000000,      0.664592
     70.0000010,       24.0000000,      0.667049
     70.0000010,       28.0000000,      0.681938
     70.0000010,       32.0000000,      0.727449
     70.0000010,       36.0000000,      0.778508
     70.0000010,       40.0000000,      0.814480
     70.0000010,       44.0000010,      0.816360
     70.0000010,       48.0000010,      0.770117
     70.0000010,       52.0000010,      0.682382
     70.0000010,       56.0000010,      0.597041
     70.0000010,       60.0000010,      0.566275
     70.0000010,       64.0000010,      0.544946
     70.0000010,       68.0000010,      0.538866
     70.0000010,       72.0000010,      0.530993
     70.0000010,       76.0000010,      0.566568
     70.0000010,       80.0000010,      0.579622
     70.0000010,       84.0000010,      0.580940
     70.0000010,       88.0000010,      0.561723
     74.0000010,      -88.0000010,      0.177946
     74.0000010,      -84.0000010,      0.187082
     74.0000010,      -80.0000010,      0.202996
     74.0000010,      -76.0000010,      0.197138
     74.0000010,      -72.0000010,      0.198548
     74.0000010,      -68.0000010,      0.203304
     74.0000010,      -64.0000010,      0.237989
     74.0000010,      -60.0000010,      0.287580
     74.0000010,      -56.0000010,      0.367034
     74.0000010,      -52.0000010,      0.477272
     74.0000010,      -48.0000010,      0.576510
     74.0000010,      -44.0000010,      0.653705
     74.0000010,      -40.0000000,      0.731420
     74.0000010,      -36.0000000,      0.765083
     74.0000010,      -32.0000000,      0.778663
     74.0000010,      -28.0000000,      0.735585
     74.0000010,      -24.0000000,      0.713049
     74.0000010,      -20.0000000,      0.700056
     74.0000010,      -16.0000000,      0.697562
     74.0000010,      -12.0000000,      0.696165
     74.0000010,       -8.0000001,      0.676828
     74.0000010,       -4.0000000,      0.675631
     74.0000010,        0.0000000,      0.642274
     74.0000010,        4.0000000,      0.638533
     74.0000010,        8.0000001,      0.628679
     74.0000010,       12.0000000,      0.652935
     74.0000010,       16.0000000,      0.681662
     74.0000010,       20.0000000,      0.698710
     74.0000010,       24.0000000,      0.695928
     74.0000010,       28.0000000,      0.694210
     74.0000010,       32.0000000,      0.737594
     74.0000010,       36.0000000,      0.781611
     74.0000010,       40.0000000,      0.836577
     74.0000010,       44.0000010,      0.834523
     74.0000010,       48.0000010,      0.812838
     74.0000010,       52.0000010,      0.713194
     74.0000010,       56.0000010,      0.622968
     74.0000010,       60.0000010,      0.578591
     74.0000010,       64.0000010,      0.549471
     74.0000010,       68.0000010,      0.531504
     74.0000010,       72.0000010,      0.507814
     74.0000010,       76.0000010,      0.533413
     74.0000010,       80.0000010,      0.552406
     74.0000010,       84.0000010,      0.564178
     74.0000010,       88.0000010,      0.553801
     78.0000010,      -88.0000010,      0.186111
     78.0000010,      -84.0000010,      0.192107
     78.0000010,      -80.0000010,      0.203631
     78.0000010,      -76.0000010,      0.198370
     78.0000010,      -72.0000010,      0.197725
     78.0000010,      -68.0000010,      0.196662
     78.0000010,      -64.0000010,      0.232136
     78.0000010,      -60.0000010,      0.283476
     78.0000010,      -56.0000010,      0.371738
     78.0000010,      -52.0000010,      0.494989
     78.0000010,      -48.0000010,      0.605323
     78.0000010,      -44.0000010,      0.695587
     78.0000010,      -40.0000000,      0.742014
     78.0000010,      -36.0000000,      0.753781
     78.0000010,      -32.0000000,      0.740468
     78.0000010,      -28.0000000,      0.707853
     78.0000010,      -24.0000000,      0.690005
     78.0000010,      -20.0000000,      0.675098
     78.0000010,      -16.0000000,      0.662801
     78.0000010,      -12.0000000,      0.667257
     78.0000010,       -8.0000001,      0.666067
     78.0000010,       -4.0000000,      0.676833
     78.0000010,        0.0000000,      0.647404
     78.0000010,        4.0000000,      0.647286
     78.0000010,        8.0000001,      0.656303
     78.0000010,       12.0000000,      0.694745
     78.0000010,       16.0000000,      0.712640
     78.0000010,       20.0000000,      0.732978
     78.0000010,       24.0000000,      0.722153
     78.0000010,       28.0000000,      0.720111
     78.0000010,       32.0000000,      0.742322
     78.0000010,       36.0000000,      0.786630
     78.0000010,       40.0000000,      0.838942
     78.0000010,       44.0000010,      0.826259
     78.0000010,       48.0000010,      0.800149
     78.0000010,       52.0000010,      0.719878
     78.0000010,       56.0000010,      0.632808
     78.0000010,       60.0000010,      0.571414
     78.0000010,       64.0000010,      0.524854
     78.0000010,       68.0000010,      0.517348
     78.0000010,       72.0000010,      0.513779
     78.0000010,       76.0000010,      0.531164
     78.0000010,       80.0000010,      0.549728
     78.0000010,       84.0000010,      0.555631
     78.0000010,       88.0000010,      0.560179
     82.0000010,      -88.0000010,      0.193303
     82.0000010,      -84.0000010,      0.196879
     82.0000010,      -80.0000010,      0.200936
     82.0000010,      -76.0000010,      0.201058
     82.0000010,      -72.0000010,      0.195812
     82.0000010,      -68.0000010,      0.204194
     82.0000010,      -64.0000010,      0.226833
     82.0000010,      -60.0000010,      0.277636
     82.0000010,      -56.0000010,      0.359115
     82.0000010,      -52.0000010,      0.489789
     82.0000010,      -48.0000010,      0.612861
     82.0000010,      -44.0000010,      0.717033
     82.0000010,      -40.0000000,      0.741946
     82.0000010,      -36.0000000,      0.742965
     82.0000010,      -32.0000000,      0.708458
     82.0000010,      -28.0000000,      0.685746
     82.0000010,      -24.0000000,      0.666325
     82.0000010,      -20.0000000,      0.649373
     82.0000010,      -16.0000000,      0.649497
     82.0000010,      -12.0000000,      0.669476
     82.0000010,       -8.0000001,      0.685850
     82.0000010,       -4.0000000,      0.705272
     82.0000010,        0.0000000,      0.689726
     82.0000010,        4.0000000,      0.696880
     82.0000010,        8.0000001,      0.706960
     82.0000010,       12.0000000,      0.723373
     82.0000010,       16.0000000,      0.724241
     82.0000010,       20.0000000,      0.732244
     82.0000010,       24.0000000,      0.716944
     82.0000010,       28.0000000,      0.720781
     82.0000010,       32.0000000,      0.723932
     82.0000010,       36.0000000,      0.777146
     82.0000010,       40.0000000,      0.819821
     82.0000010,       44.0000010,      0.816143
     82.0000010,       48.0000010,      0.799824
     82.0000010,       52.0000010,      0.741144
     82.0000010,       56.0000010,      0.664037
     82.0000010,       60.0000010,      0.576083
     82.0000010,       64.0000010,      0.518752
     82.0000010,       68.0000010,      0.511010
     82.0000010,       72.0000010,      0.519147
     82.0000010,       76.0000010,      0.532486
     82.0000010,       80.0000010,      0.553164
     82.0000010,       84.0000010,      0.561509
     82.0000010,       88.0000010,      0.571414
     86.0000010,      -88.0000010,      0.196536
     86.0000010,      -84.0000010,      0.201118
     86.0000010,      -80.0000010,      0.196936
     86.0000010,      -76.0000010,      0.195217
     86.0000010,      -72.0000010,      0.192388
     86.0000010,      -68.0000010,      0.208564
     86.0000010,      -64.0000010,      0.227021
     86.0000010,      -60.0000010,      0.268699
     86.0000010,      -56.0000010,      0.343522
     86.0000010,      -52.0000010,      0.468325
     86.0000010,      -48.0000010,      0.591266
     86.0000010,      -44.0000010,      0.705443
     86.0000010,      -40.0000000,      0.736395
     86.0000010,      -36.0000000,      0.739327
     86.0000010,      -32.0000000,      0.707815
     86.0000010,      -28.0000000,      0.679844
     86.0000010,      -24.0000000,      0.659975
     86.0000010,      -20.0000000,      0.641499
     86.0000010,      -16.0000000,      0.644100
     86.0000010,      -12.0000000,      0.664252
     86.0000010,       -8.0000001,      0.681575
     86.0000010,       -4.0000000,      0.695349
     86.0000010,        0.0000000,      0.689237
     86.0000010,        4.0000000,      0.700701
     86.0000010,        8.0000001,      0.739847
     86.0000010,       12.0000000,      0.763955
     86.0000010,       16.0000000,      0.747164
     86.0000010,       20.0000000,      0.728214
     86.0000010,       24.0000000,      0.710465
     86.0000010,       28.0000000,      0.724726
     86.0000010,       32.0000000,      0.713336
     86.0000010,       36.0000000,      0.747139
     86.0000010,       40.0000000,      0.778893
     86.0000010,       44.0000010,      0.794174
     86.0000010,       48.0000010,      0.778813
     86.0000010,       52.0000010,      0.729697
     86.0000010,       56.0000010,      0.655437
     86.0000010,       60.0000010,      0.561191
     86.0000010,       64.0000010,      0.506858
     86.0000010,       68.0000010,      0.509599
     86.0000010,       72.0000010,      0.534526
     86.0000010,       76.0000010,      0.546919
     86.0000010,       80.0000010,      0.562057
     86.0000010,       84.0000010,      0.573330
     86.0000010,       88.0000010,      0.585601
     90.0000010,      -88.0000010,      0.189663
     90.0000010,      -84.0000010,      0.192707
     90.0000010,      -80.0000010,      0.190396
     90.0000010,      -76.0000010,      0.191997
     90.0000010,      -72.0000010,      0.187800
     90.0000010,      -68.0000010,      0.201711
     90.0000010,      -64.0000010,      0.207321
     90.0000010,      -60.0000010,      0.252826
     90.0000010,      -56.0000010,      0.325854
     90.0000010,      -52.0000010,      0.437750
     90.0000010,      -48.0000010,      0.549742
     90.0000010,      -44.0000010,      0.642069
     90.0000010,      -40.0000000,      0.688946
     90.0000010,      -36.0000000,      0.697325
     90.0000010,      -32.0000000,      0.685275
     90.0000010,      -28.0000000,      0.653775
     90.0000010,      -24.0000000,      0.638180
     90.0000010,      -20.0000000,      0.632632
     90.0000010,      -16.0000000,      0.657690
     90.0000010,      -12.0000000,      0.675271
     90.0000010,       -8.0000001,      0.683672
     90.0000010,       -4.0000000,      0.682341
     90.0000010,        0.0000000,      0.698556
     90.0000010,        4.0000000,      0.718132
     90.0000010,        8.0000001,      0.771964
     90.0000010,       12.0000000,      0.782779
     90.0000010,       16.0000000,      0.762104
     90.0000010,       20.0000000,      0.713770
     90.0000010,       24.0000000,      0.689059
     90.0000010,       28.0000000,      0.679034
     90.0000010,       32.0000000,      0.688954
     90.0000010,       36.0000000,      0.715621
     90.0000010,       40.0000000,      0.762671
     90.0000010,       44.0000010,      0.768891
     90.0000010,       48.0000010,      0.761751
     90.0000010,       52.0000010,      0.713781
     90.0000010,       56.0000010,      0.646274
     90.0000010,       60.0000010,      0.545825
     90.0000010,       64.0000010,      0.491199
     90.0000010,       68.0000010,      0.496269
     90.0000010,       72.0000010,      0.521222
     90.0000010,       76.0000010,      0.540080
     90.0000010,       80.0000010,      0.547939
     90.0000010,       84.0000010,      0.571781
     90.0000010,       88.0000010,      0.588734
     94.0000010,      -88.0000010,      0.180177
     94.0000010,      -84.0000010,      0.184722
     94.0000010,      -80.0000010,      0.189996
     94.0000010,      -76.0000010,      0.185834
     94.0000010,      -72.0000010,      0.185697
     94.0000010,      -68.0000010,      0.186139
     94.0000010,      -64.0000010,      0.202661
     94.0000010,      -60.0000010,      0.237898
     94.0000010,      -56.0000010,      0.304581
     94.0000010,      -52.0000010,      0.405104
     94.0000010,      -48.0000010,      0.519433
     94.0000010,      -44.0000010,      0.607962
     94.0000010,      -40.0000000,      0.659320
     94.0000010,      -36.0000000,      0.662405
     94.0000010,      -32.0000000,      0.666487
     94.0000010,      -28.0000000,      0.646713
     94.0000010,      -24.0000000,      0.648954
     94.0000010,      -20.0000000,      0.637447
     94.0000010,      -16.0000000,      0.650019
     94.0000010,      -12.0000000,      0.663147
     94.0000010,       -8.0000001,      0.673218
     94.0000010,       -4.0000000,      0.669059
     94.0000010,        0.0000000,      0.688235
     94.0000010,        4.0000000,      0.720055
     94.0000010,        8.0000001,      0.779863
     94.0000010,       12.0000000,      0.785391
     94.0000010,       16.0000000,      0.765988
     94.0000010,       20.0000000,      0.710872
     94.0000010,       24.0000000,      0.673346
     94.0000010,       28.0000000,      0.651411
     94.0000010,       32.0000000,      0.669653
     94.0000010,       36.0000000,      0.699189
     94.0000010,       40.0000000,      0.737091
     94.0000010,       44.0000010,      0.743318
     94.0000010,       48.0000010,      0.749068
     94.0000010,       52.0000010,      0.696376
     94.0000010,       56.0000010,      0.618905
     94.0000010,       60.0000010,      0.505270
     94.0000010,       64.0000010,      0.466484
     94.0000010,       68.0000010,      0.470408
     94.0000010,       72.0000010,      0.503874
     94.0000010,       76.0000010,      0.528820
     94.0000010,       80.0000010,      0.538147
     94.0000010,       84.0000010,      0.567328
     94.0000010,       88.0000010,      0.585803
     98.0000010,      -88.0000010,      0.179939
     98.0000010,      -84.0000010,      0.188809
     98.0000010,      -80.0000010,      0.199581
     98.0000010,      -76.0000010,      0.196900
     98.0000010,      -72.0000010,      0.192706
     98.0000010,      -68.0000010,      0.182006
     98.0000010,      -64.0000010,      0.198808
     98.0000010,      -60.0000010,      0.230087
     98.0000010,      -56.0000010,      0.297866
     98.0000010,      -52.0000010,      0.386902
     98.0000010,      -48.0000010,      0.497912
     98.0000010,      -44.0000010,      0.581579
     98.0000010,      -40.0000000,      0.633943
     98.0000010,      -36.0000000,      0.646805
     98.0000010,      -32.0000000,      0.652710
     98.0000010,      -28.0000000,      0.657593
     98.0000010,      -24.0000000,      0.667505
     98.0000010,      -20.0000000,      0.670302
     98.0000010,      -16.0000000,      0.662754
     98.0000010,      -12.0000000,      0.654778
     98.0000010,       -8.0000001,      0.653876
     98.0000010,       -4.0000000,      0.647954
     98.0000010,        0.0000000,      0.683259
     98.0000010,        4.0000000,      0.732615
     98.0000010,        8.0000001,      0.784305
     98.0000010,       12.0000000,      0.776613
     98.0000010,       16.0000000,      0.741377
     98.0000010,       20.0000000,      0.675526
     98.0000010,       24.0000000,      0.642173
     98.0000010,       28.0000000,      0.624015
     98.0000010,       32.0000000,      0.657512
     98.0000010,       36.0000000,      0.696253
     98.0000010,       40.0000000,      0.727071
     98.0000010,       44.0000010,      0.728214
     98.0000010,       48.0000010,      0.715564
     98.0000010,       52.0000010,      0.671818
     98.0000010,       56.0000010,      0.606185
     98.0000010,       60.0000010,      0.511961
     98.0000010,       64.0000010,      0.465568
     98.0000010,       68.0000010,      0.455827
     98.0000010,       72.0000010,      0.487612
     98.0000010,       76.0000010,      0.508844
     98.0000010,       80.0000010,      0.532410
     98.0000010,       84.0000010,      0.556686
     98.0000010,       88.0000010,      0.583444
    102.0000000,      -88.0000010,      0.181612
    102.0000000,      -84.0000010,      0.188612
    102.0000000,      -80.0000010,      0.200249
    102.0000000,      -76.0000010,      0.193880
    102.0000000,      -72.0000010,      0.195718
    102.0000000,      -68.0000010,      0.180141
    102.0000000,      -64.0000010,      0.210324
    102.0000000,      -60.0000010,      0.230772
    102.0000000,      -56.0000010,      0.295149
    102.0000000,      -52.0000010,      0.376485
    102.0000000,      -48.0000010,      0.484554
    102.0000000,      -44.0000010,      0.576253
    102.0000000,      -40.0000000,      0.633550
    102.0000000,      -36.0000000,      0.654080
    102.0000000,      -32.0000000,      0.653441
    102.0000000,      -28.0000000,      0.661052
    102.0000000,      -24.0000000,      0.669825
    102.0000000,      -20.0000000,      0.673771
    102.0000000,      -16.0000000,      0.650082
    102.0000000,      -12.0000000,      0.637832
    102.0000000,       -8.0000001,      0.627311
    102.0000000,       -4.0000000,      0.646999
    102.0000000,        0.0000000,      0.688677
    102.0000000,        4.0000000,      0.737677
    102.0000000,        8.0000001,      0.760111
    102.0000000,       12.0000000,      0.753276
    102.0000000,       16.0000000,      0.733107
    102.0000000,       20.0000000,      0.687724
    102.0000000,       24.0000000,      0.648855
    102.0000000,       28.0000000,      0.636006
    102.0000000,       32.0000000,      0.640155
    102.0000000,       36.0000000,      0.673910
    102.0000000,       40.0000000,      0.698807
    102.0000000,       44.0000010,      0.717741
    102.0000000,       48.0000010,      0.699859
    102.0000000,       52.0000010,      0.648992
    102.0000000,       56.0000010,      0.576294
    102.0000000,       60.0000010,      0.497830
    102.0000000,       64.0000010,      0.457535
    102.0000000,       68.0000010,      0.449850
    102.0000000,       72.0000010,      0.487232
    102.0000000,       76.0000010,      0.501456
    102.0000000,       80.0000010,      0.536408
    102.0000000,       84.0000010,      0.554098
    102.0000000,       88.0000010,      0.588097
    106.0000000,      -88.0000010,      0.185529
    106.0000000,      -84.0000010,      0.193578
    106.0000000,      -80.0000010,      0.206916
    106.0000000,      -76.0000010,      0.207093
    106.0000000,      -72.0000010,      0.210522
    106.0000000,      -68.0000010,      0.197495
    106.0000000,      -64.0000010,      0.212739
    106.0000000,      -60.0000010,      0.233840
    106.0000000,      -56.0000010,      0.292859
    106.0000000,      -52.0000010,      0.373625
    106.0000000,      -48.0000010,      0.459156
    106.0000000,      -44.0000010,      0.559664
    106.0000000,      -40.0000000,      0.620736
    106.0000000,      -36.0000000,      0.663262
    106.0000000,      -32.0000000,      0.661679
    106.0000000,      -28.0000000,      0.669617
    106.0000000,      -24.0000000,      0.672140
    106.0000000,      -20.0000000,      0.674804
    106.0000000,      -16.0000000,      0.658453
    106.0000000,      -12.0000000,      0.645776
    106.0000000,       -8.0000001,      0.630977
    106.0000000,       -4.0000000,      0.650451
    106.0000000,        0.0000000,      0.683492
    106.0000000,        4.0000000,      0.725167
    106.0000000,        8.0000001,      0.735755
    106.0000000,       12.0000000,      0.729506
    106.0000000,       16.0000000,      0.703523
    106.0000000,       20.0000000,      0.664919
    106.0000000,       24.0000000,      0.649425
    106.0000000,       28.0000000,      0.642456
    106.0000000,       32.0000000,      0.639305
    106.0000000,       36.0000000,      0.655404
    106.0000000,       40.0000000,      0.693349
    106.0000000,       44.0000010,      0.703475
    106.0000000,       48.0000010,      0.667593
    106.0000000,       52.0000010,      0.616470
    106.0000000,       56.0000010,      0.561464
    106.0000000,       60.0000010,      0.516534
    106.0000000,       64.0000010,      0.464552
    106.0000000,       68.0000010,      0.463983
    106.0000000,       72.0000010,      0.489622
    106.0000000,       76.0000010,      0.512707
    106.0000000,       80.0000010,      0.548879
    106.0000000,       84.0000010,      0.569523
    106.0000000,       88.0000010,      0.600102
    110.0000000,      -88.0000010,      0.177378
    110.0000000,      -84.0000010,      0.187418
    110.0000000,      -80.0000010,      0.199663
    110.0000000,      -76.0000010,      0.205282
    110.0000000,      -72.0000010,      0.200987
    110.0000000,      -68.0000010,      0.202156
    110.0000000,      -64.0000010,      0.210166
    110.0000000,      -60.0000010,      0.241782
    110.0000000,      -56.0000010,      0.291090
    110.0000000,      -52.0000010,      0.374113
    110.0000000,      -48.0000010,      0.456763
    110.0000000,      -44.0000010,      0.560231
    110.0000000,      -40.0000000,      0.624962
    110.0000000,      -36.0000000,      0.682890
    110.0000000,      -32.0000000,      0.680897
    110.0000000,      -28.0000000,      0.683233
    110.0000000,      -24.0000000,      0.663839
    110.0000000,      -20.0000000,      0.656941
    110.0000000,      -16.0000000,      0.643445
    110.0000000,      -12.0000000,      0.638697
    110.0000000,       -8.0000001,      0.631370
    110.0000000,       -4.0000000,      0.654798
    110.0000000,        0.0000000,      0.681389
    110.0000000,        4.0000000,      0.699070
    110.0000000,        8.0000001,      0.691484
    110.0000000,       12.0000000,      0.680089
    110.0000000,       16.0000000,      0.668751
    110.0000000,       20.0000000,      0.645185
    110.0000000,       24.0000000,      0.625047
    110.0000000,       28.0000000,      0.614015
    110.0000000,       32.0000000,      0.613161
    110.0000000,       36.0000000,      0.620007
    110.0000000,       40.0000000,      0.656476
    110.0000000,       44.0000010,      0.668898
    110.0000000,       48.0000010,      0.648149
    110.0000000,       52.0000010,      0.603379
    110.0000000,       56.0000010,      0.542464
    110.0000000,       60.0000010,      0.505217
    110.0000000,       64.0000010,      0.459808
    110.0000000,       68.0000010,      0.467241
    110.0000000,       72.0000010,      0.491077
    110.0000000,       76.0000010,      0.519852
    110.0000000,       80.0000010,      0.545198
    110.0000000,       84.0000010,      0.574035
    110.0000000,       88.0000010,      0.604066
    114.0000000,      -88.0000010,      0.176791
    114.0000000,      -84.0000010,      0.186361
    114.0000000,      -80.0000010,      0.194374
    114.0000000,      -76.0000010,      0.196235
    114.0000000,      -72.0000010,      0.200581
    114.0000000,      -68.0000010,      0.220980
    114.0000000,      -64.0000010,      0.229000
    114.0000000,      -60.0000010,      0.255927
    114.0000000,      -56.0000010,      0.293775
    114.0000000,      -52.0000010,      0.379584
    114.0000000,      -48.0000010,      0.474741
    114.0000000,      -44.0000010,      0.586957
    114.0000000,      -40.0000000,      0.644124
    114.0000000,      -36.0000000,      0.690138
    114.0000000,      -32.0000000,      0.685567
    114.0000000,      -28.0000000,      0.686054
    114.0000000,      -24.0000000,      0.662018
    114.0000000,      -20.0000000,      0.653937
    114.0000000,      -16.0000000,      0.648504
    114.0000000,      -12.0000000,      0.659343
    114.0000000,       -8.0000001,      0.653801
    114.0000000,       -4.0000000,      0.662914
    114.0000000,        0.0000000,      0.656660
    114.0000000,        4.0000000,      0.657806
    114.0000000,        8.0000001,      0.653601
    114.0000000,       12.0000000,      0.638381
    114.0000000,       16.0000000,      0.630418
    114.0000000,       20.0000000,      0.607448
    114.0000000,       24.0000000,      0.603421
    114.0000000,       28.0000000,      0.601502
    114.0000000,       32.0000000,      0.615610
    114.0000000,       36.0000000,      0.623092
    114.0000000,       40.0000000,      0.651302
    114.0000000,       44.0000010,      0.650836
    114.0000000,       48.0000010,      0.631337
    114.0000000,       52.0000010,      0.570974
    114.0000000,       56.0000010,      0.511150
    114.0000000,       60.0000010,      0.474372
    114.0000000,       64.0000010,      0.457268
    114.0000000,       68.0000010,      0.483964
    114.0000000,       72.0000010,      0.505967
    114.0000000,       76.0000010,      0.522674
    114.0000000,       80.0000010,      0.532244
    114.0000000,       84.0000010,      0.568048
    114.0000000,       88.0000010,      0.601378
    118.0000000,      -88.0000010,      0.174975
    118.0000000,      -84.0000010,      0.180725
    118.0000000,      -80.0000010,      0.179825
    118.0000000,      -76.0000010,      0.183526
    118.0000000,      -72.0000010,      0.195784
    118.0000000,      -68.0000010,      0.225475
    118.0000000,      -64.0000010,      0.240007
    118.0000000,      -60.0000010,      0.273107
    118.0000000,      -56.0000010,      0.323766
    118.0000000,      -52.0000010,      0.404071
    118.0000000,      -48.0000010,      0.498723
    118.0000000,      -44.0000010,      0.591162
    118.0000000,      -40.0000000,      0.655149
    118.0000000,      -36.0000000,      0.682316
    118.0000000,      -32.0000000,      0.675587
    118.0000000,      -28.0000000,      0.672213
    118.0000000,      -24.0000000,      0.658838
    118.0000000,      -20.0000000,      0.665006
    118.0000000,      -16.0000000,      0.656348
    118.0000000,      -12.0000000,      0.657218
    118.0000000,       -8.0000001,      0.633350
    118.0000000,       -4.0000000,      0.624019
    118.0000000,        0.0000000,      0.618825
    118.0000000,        4.0000000,      0.606694
    118.0000000,        8.0000001,      0.607525
    118.0000000,       12.0000000,      0.596582
    118.0000000,       16.0000000,      0.618805
    118.0000000,       20.0000000,      0.603123
    118.0000000,       24.0000000,      0.601835
    118.0000000,       28.0000000,      0.601225
    118.0000000,       32.0000000,      0.621247
    118.0000000,       36.0000000,      0.620247
    118.0000000,       40.0000000,      0.629284
    118.0000000,       44.0000010,      0.627626
    118.0000000,       48.0000010,      0.603696
    118.0000000,       52.0000010,      0.547769
    118.0000000,       56.0000010,      0.485184
    118.0000000,       60.0000010,      0.452965
    118.0000000,       64.0000010,      0.462220
    118.0000000,       68.0000010,      0.495474
    118.0000000,       72.0000010,      0.524122
    118.0000000,       76.0000010,      0.533763
    118.0000000,       80.0000010,      0.540840
    118.0000000,       84.0000010,      0.575759
    118.0000000,       88.0000010,      0.596222
    122.0000000,      -88.0000010,      0.178376
    122.0000000,      -84.0000010,      0.184622
    122.0000000,      -80.0000010,      0.187804
    122.0000000,      -76.0000010,      0.189609
    122.0000000,      -72.0000010,      0.200339
    122.0000000,      -68.0000010,      0.223438
    122.0000000,      -64.0000010,      0.251930
    122.0000000,      -60.0000010,      0.298077
    122.0000000,      -56.0000010,      0.360368
    122.0000000,      -52.0000010,      0.432625
    122.0000000,      -48.0000010,      0.521385
    122.0000000,      -44.0000010,      0.606440
    122.0000000,      -40.0000000,      0.670162
    122.0000000,      -36.0000000,      0.691801
    122.0000000,      -32.0000000,      0.692053
    122.0000000,      -28.0000000,      0.683258
    122.0000000,      -24.0000000,      0.670064
    122.0000000,      -20.0000000,      0.665186
    122.0000000,      -16.0000000,      0.665033
    122.0000000,      -12.0000000,      0.665650
    122.0000000,       -8.0000001,      0.633881
    122.0000000,       -4.0000000,      0.603091
    122.0000000,        0.0000000,      0.581951
    122.0000000,        4.0000000,      0.571930
    122.0000000,        8.0000001,      0.574793
    122.0000000,       12.0000000,      0.579790
    122.0000000,       16.0000000,      0.605339
    122.0000000,       20.0000000,      0.613111
    122.0000000,       24.0000000,      0.608920
    122.0000000,       28.0000000,      0.613821
    122.0000000,       32.0000000,      0.616980
    122.0000000,       36.0000000,      0.619770
    122.0000000,       40.0000000,      0.620317
    122.0000000,       44.0000010,      0.611722
    122.0000000,       48.0000010,      0.589321
    122.0000000,       52.0000010,      0.534313
    122.0000000,       56.0000010,      0.486049
    122.0000000,       60.0000010,      0.453177
    122.0000000,       64.0000010,      0.468172
    122.0000000,       68.0000010,      0.490967
    122.0000000,       72.0000010,      0.514952
    122.0000000,       76.0000010,      0.524943
    122.0000000,       80.0000010,      0.542903
    122.0000000,       84.0000010,      0.575520
    122.0000000,       88.0000010,      0.592063
    126.0000000,      -88.0000010,      0.174345
    126.0000000,      -84.0000010,      0.188460
    126.0000000,      -80.0000010,      0.197471
    126.0000000,      -76.0000010,      0.205234
    126.0000000,      -72.0000010,      0.199117
    126.0000000,      -68.0000010,      0.214744
    126.0000000,      -64.0000010,      0.241759
    126.0000000,      -60.0000010,      0.307020
    126.0000000,      -56.0000010,      0.386458
    126.0000000,      -52.0000010,      0.461012
    126.0000000,      -48.0000010,      0.543015
    126.0000000,      -44.0000010,      0.608580
    126.0000000,      -40.0000000,      0.667512
    126.0000000,      -36.0000000,      0.700026
    126.0000000,      -32.0000000,      0.716179
    126.0000000,      -28.0000000,      0.716279
    126.0000000,      -24.0000000,      0.692822
    126.0000000,      -20.0000000,      0.674824
    126.0000000,      -16.0000000,      0.661640
    126.0000000,      -12.0000000,      0.650800
    126.0000000,       -8.0000001,      0.615936
    126.0000000,       -4.0000000,      0.582701
    126.0000000,        0.0000000,      0.565879
    126.0000000,        4.0000000,      0.564118
    126.0000000,        8.0000001,      0.571840
    126.0000000,       12.0000000,      0.576118
    126.0000000,       16.0000000,      0.591022
    126.0000000,       20.0000000,      0.615584
    126.0000000,       24.0000000,      0.624902
    126.0000000,       28.0000000,      0.627522
    126.0000000,       32.0000000,      0.607090
    126.0000000,       36.0000000,      0.592822
    126.0000000,       40.0000000,      0.588864
    126.0000000,       44.0000010,      0.575653
    126.0000000,       48.0000010,      0.554971
    126.0000000,       52.0000010,      0.524738
    126.0000000,       56.0000010,      0.506861
    126.0000000,       60.0000010,      0.496316
    126.0000000,       64.0000010,      0.493525
    126.0000000,       68.0000010,      0.483740
    126.0000000,       72.0000010,      0.498549
    126.0000000,       76.0000010,      0.526610
    126.0000000,       80.0000010,      0.556296
    126.0000000,       84.0000010,      0.580043
    126.0000000,       88.0000010,      0.583581
    130.0000000,      -88.0000010,      0.174328
    130.0000000,      -84.0000010,      0.190629
    130.0000000,      -80.0000010,      0.203410
    130.0000000,      -76.0000010,      0.208674
    130.0000000,      -72.0000010,      0.199994
    130.0000000,      -68.0000010,      0.208763
    130.0000000,      -64.0000010,      0.245534
    130.0000000,      -60.0000010,      0.314915
    130.0000000,      -56.0000010,      0.403927
    130.0000000,      -52.0000010,      0.481915
    130.0000000,      -48.0000010,      0.571486
    130.0000000,      -44.0000010,      0.632031
    130.0000000,      -40.0000000,      0.683008
    130.0000000,      -36.0000000,      0.718303
    130.0000000,      -32.0000000,      0.728714
    130.0000000,      -28.0000000,      0.720440
    130.0000000,      -24.0000000,      0.674215
    130.0000000,      -20.0000000,      0.651122
    130.0000000,      -16.0000000,      0.633925
    130.0000000,      -12.0000000,      0.628414
    130.0000000,       -8.0000001,      0.596373
    130.0000000,       -4.0000000,      0.586310
    130.0000000,        0.0000000,      0.573748
    130.0000000,        4.0000000,      0.589156
    130.0000000,        8.0000001,      0.578057
    130.0000000,       12.0000000,      0.582928
    130.0000000,       16.0000000,      0.589290
    130.0000000,       20.0000000,      0.617504
    130.0000000,       24.0000000,      0.640941
    130.0000000,       28.0000000,      0.636163
    130.0000000,       32.0000000,      0.615344
    130.0000000,       36.0000000,      0.575911
    130.0000000,       40.0000000,      0.568382
    130.0000000,       44.0000010,      0.550041
    130.0000000,       48.0000010,      0.543562
    130.0000000,       52.0000010,      0.520538
    130.0000000,       56.0000010,      0.510812
    130.0000000,       60.0000010,      0.494125
    130.0000000,       64.0000010,      0.475888
    130.0000000,       68.0000010,      0.456847
    130.0000000,       72.0000010,      0.481511
    130.0000000,       76.0000010,      0.524762
    130.0000000,       80.0000010,      0.562789
    130.0000000,       84.0000010,      0.575149
    130.0000000,       88.0000010,      0.577618
    134.0000000,      -88.0000010,      0.176166
    134.0000000,      -84.0000010,      0.184569
    134.0000000,      -80.0000010,      0.193343
    134.0000000,      -76.0000010,      0.200922
    134.0000000,      -72.0000010,      0.200588
    134.0000000,      -68.0000010,      0.219483
    134.0000000,      -64.0000010,      0.264834
    134.0000000,      -60.0000010,      0.333595
    134.0000000,      -56.0000010,      0.417252
    134.0000000,      -52.0000010,      0.497400
    134.0000000,      -48.0000010,      0.596047
    134.0000000,      -44.0000010,      0.661573
    134.0000000,      -40.0000000,      0.704891
    134.0000000,      -36.0000000,      0.720903
    134.0000000,      -32.0000000,      0.717146
    134.0000000,      -28.0000000,      0.681568
    134.0000000,      -24.0000000,      0.641435
    134.0000000,      -20.0000000,      0.621440
    134.0000000,      -16.0000000,      0.611394
    134.0000000,      -12.0000000,      0.597356
    134.0000000,       -8.0000001,      0.574093
    134.0000000,       -4.0000000,      0.596244
    134.0000000,        0.0000000,      0.594243
    134.0000000,        4.0000000,      0.616587
    134.0000000,        8.0000001,      0.592912
    134.0000000,       12.0000000,      0.592640
    134.0000000,       16.0000000,      0.581351
    134.0000000,       20.0000000,      0.596008
    134.0000000,       24.0000000,      0.625172
    134.0000000,       28.0000000,      0.619239
    134.0000000,       32.0000000,      0.597214
    134.0000000,       36.0000000,      0.562379
    134.0000000,       40.0000000,      0.550452
    134.0000000,       44.0000010,      0.530433
    134.0000000,       48.0000010,      0.512711
    134.0000000,       52.0000010,      0.491982
    134.0000000,       56.0000010,      0.484504
    134.0000000,       60.0000010,      0.469864
    134.0000000,       64.0000010,      0.458215
    134.0000000,       68.0000010,      0.456850
    134.0000000,       72.0000010,      0.488346
    134.0000000,       76.0000010,      0.538078
    134.0000000,       80.0000010,      0.567779
    134.0000000,       84.0000010,      0.573151
    134.0000000,       88.0000010,      0.566647
    138.0000000,      -88.0000010,      0.185105
    138.0000000,      -84.0000010,      0.187807
    138.0000000,      -80.0000010,      0.190328
    138.0000000,      -76.0000010,      0.198414
    138.0000000,      -72.0000010,      0.207570
    138.0000000,      -68.0000010,      0.230204
    138.0000000,      -64.0000010,      0.274312
    138.0000000,      -60.0000010,      0.341751
    138.0000000,      -56.0000010,      0.427196
    138.0000000,      -52.0000010,      0.522929
    138.0000000,      -48.0000010,      0.614010
    138.0000000,      -44.0000010,      0.690023
    138.0000000,      -40.0000000,      0.722228
    138.0000000,      -36.0000000,      0.731090
    138.0000000,      -32.0000000,      0.704551
    138.0000000,      -28.0000000,      0.658034
    138.0000000,      -24.0000000,      0.624267
    138.0000000,      -20.0000000,      0.601978
    138.0000000,      -16.0000000,      0.580441
    138.0000000,      -12.0000000,      0.564385
    138.0000000,       -8.0000001,      0.545134
    138.0000000,       -4.0000000,      0.592723
    138.0000000,        0.0000000,      0.618824
    138.0000000,        4.0000000,      0.666036
    138.0000000,        8.0000001,      0.634101
    138.0000000,       12.0000000,      0.616091
    138.0000000,       16.0000000,      0.588023
    138.0000000,       20.0000000,      0.571537
    138.0000000,       24.0000000,      0.573711
    138.0000000,       28.0000000,      0.569137
    138.0000000,       32.0000000,      0.568938
    138.0000000,       36.0000000,      0.547119
    138.0000000,       40.0000000,      0.521180
    138.0000000,       44.0000010,      0.512055
    138.0000000,       48.0000010,      0.500311
    138.0000000,       52.0000010,      0.489211
    138.0000000,       56.0000010,      0.462150
    138.0000000,       60.0000010,      0.431953
    138.0000000,       64.0000010,      0.422503
    138.0000000,       68.0000010,      0.432354
    138.0000000,       72.0000010,      0.478118
    138.0000000,       76.0000010,      0.521456
    138.0000000,       80.0000010,      0.563531
    138.0000000,       84.0000010,      0.566157
    138.0000000,       88.0000010,      0.560512
    142.0000000,      -88.0000010,      0.186357
    142.0000000,      -84.0000010,      0.194801
    142.0000000,      -80.0000010,      0.201895
    142.0000000,      -76.0000010,      0.209070
    142.0000000,      -72.0000010,      0.207888
    142.0000000,      -68.0000010,      0.235277
    142.0000000,      -64.0000010,      0.279540
    142.0000000,      -60.0000010,      0.360980
    142.0000000,      -56.0000010,      0.440600
    142.0000000,      -52.0000010,      0.547298
    142.0000000,      -48.0000010,      0.638939
    142.0000000,      -44.0000010,      0.720728
    142.0000000,      -40.0000000,      0.732823
    142.0000000,      -36.0000000,      0.732947
    142.0000000,      -32.0000000,      0.700699
    142.0000000,      -28.0000000,      0.669338
    142.0000000,      -24.0000000,      0.635447
    142.0000000,      -20.0000000,      0.605904
    142.0000000,      -16.0000000,      0.569243
    142.0000000,      -12.0000000,      0.546984
    142.0000000,       -8.0000001,      0.534638
    142.0000000,       -4.0000000,      0.589232
    142.0000000,        0.0000000,      0.632143
    142.0000000,        4.0000000,      0.692215
    142.0000000,        8.0000001,      0.671286
    142.0000000,       12.0000000,      0.633586
    142.0000000,       16.0000000,      0.585658
    142.0000000,       20.0000000,      0.561751
    142.0000000,       24.0000000,      0.557379
    142.0000000,       28.0000000,      0.557476
    142.0000000,       32.0000000,      0.554075
    142.0000000,       36.0000000,      0.541774
    142.0000000,       40.0000000,      0.507406
    142.0000000,       44.0000010,      0.490082
    142.0000000,       48.0000010,      0.483927
    142.0000000,       52.0000010,      0.480141
    142.0000000,       56.0000010,      0.456836
    142.0000000,       60.0000010,      0.423505
    142.0000000,       64.0000010,      0.415399
    142.0000000,       68.0000010,      0.434799
    142.0000000,       72.0000010,      0.480508
    142.0000000,       76.0000010,      0.511747
    142.0000000,       80.0000010,      0.546929
    142.0000000,       84.0000010,      0.547028
    142.0000000,       88.0000010,      0.547232
    146.0000000,      -88.0000010,      0.175648
    146.0000000,      -84.0000010,      0.187908
    146.0000000,      -80.0000010,      0.196114
    146.0000000,      -76.0000010,      0.200844
    146.0000000,      -72.0000010,      0.209414
    146.0000000,      -68.0000010,      0.242062
    146.0000000,      -64.0000010,      0.288701
    146.0000000,      -60.0000010,      0.368635
    146.0000000,      -56.0000010,      0.455090
    146.0000000,      -52.0000010,      0.573543
    146.0000000,      -48.0000010,      0.652811
    146.0000000,      -44.0000010,      0.723157
    146.0000000,      -40.0000000,      0.727326
    146.0000000,      -36.0000000,      0.730333
    146.0000000,      -32.0000000,      0.686278
    146.0000000,      -28.0000000,      0.662697
    146.0000000,      -24.0000000,      0.620371
    146.0000000,      -20.0000000,      0.603505
    146.0000000,      -16.0000000,      0.558911
    146.0000000,      -12.0000000,      0.544585
    146.0000000,       -8.0000001,      0.524629
    146.0000000,       -4.0000000,      0.580942
    146.0000000,        0.0000000,      0.656885
    146.0000000,        4.0000000,      0.756855
    146.0000000,        8.0000001,      0.750945
    146.0000000,       12.0000000,      0.699150
    146.0000000,       16.0000000,      0.630124
    146.0000000,       20.0000000,      0.593379
    146.0000000,       24.0000000,      0.578818
    146.0000000,       28.0000000,      0.569627
    146.0000000,       32.0000000,      0.577761
    146.0000000,       36.0000000,      0.558101
    146.0000000,       40.0000000,      0.519604
    146.0000000,       44.0000010,      0.492472
    146.0000000,       48.0000010,      0.479029
    146.0000000,       52.0000010,      0.478092
    146.0000000,       56.0000010,      0.450985
    146.0000000,       60.0000010,      0.422779
    146.0000000,       64.0000010,      0.404379
    146.0000000,       68.0000010,      0.416309
    146.0000000,       72.0000010,      0.456756
    146.0000000,       76.0000010,      0.499426
    146.0000000,       80.0000010,      0.548057
    146.0000000,       84.0000010,      0.557531
    146.0000000,       88.0000010,      0.558749
    150.0000000,      -88.0000010,      0.162894
    150.0000000,      -84.0000010,      0.178085
    150.0000000,      -80.0000010,      0.201348
    150.0000000,      -76.0000010,      0.209847
    150.0000000,      -72.0000010,      0.221643
    150.0000000,      -68.0000010,      0.252273
    150.0000000,      -64.0000010,      0.304331
    150.0000000,      -60.0000010,      0.385919
    150.0000000,      -56.0000010,      0.472464
    150.0000000,      -52.0000010,      0.590863
    150.0000000,      -48.0000010,      0.683289
    150.0000000,      -44.0000010,      0.739812
    150.0000000,      -40.0000000,      0.742115
    150.0000000,      -36.0000000,      0.739452
    150.0000000,      -32.0000000,      0.701632
    150.0000000,      -28.0000000,      0.681330
    150.0000000,      -24.0000000,      0.633584
    150.0000000,      -20.0000000,      0.611168
    150.0000000,      -16.0000000,      0.576278
    150.0000000,      -12.0000000,      0.577553
    150.0000000,       -8.0000001,      0.564611
    150.0000000,       -4.0000000,      0.600741
    150.0000000,        0.0000000,      0.666855
    150.0000000,        4.0000000,      0.761130
    150.0000000,        8.0000001,      0.766547
    150.0000000,       12.0000000,      0.715037
    150.0000000,       16.0000000,      0.662528
    150.0000000,       20.0000000,      0.629775
    150.0000000,       24.0000000,      0.626658
    150.0000000,       28.0000000,      0.601254
    150.0000000,       32.0000000,      0.611524
    150.0000000,       36.0000000,      0.573547
    150.0000000,       40.0000000,      0.539272
    150.0000000,       44.0000010,      0.500878
    150.0000000,       48.0000010,      0.478897
    150.0000000,       52.0000010,      0.483150
    150.0000000,       56.0000010,      0.453617
    150.0000000,       60.0000010,      0.433247
    150.0000000,       64.0000010,      0.409407
    150.0000000,       68.0000010,      0.429326
    150.0000000,       72.0000010,      0.465577
    150.0000000,       76.0000010,      0.513079
    150.0000000,       80.0000010,      0.547930
    150.0000000,       84.0000010,      0.565372
    150.0000000,       88.0000010,      0.568301
    154.0000000,      -88.0000010,      0.158515
    154.0000000,      -84.0000010,      0.167276
    154.0000000,      -80.0000010,      0.187158
    154.0000000,      -76.0000010,      0.205883
    154.0000000,      -72.0000010,      0.231290
    154.0000000,      -68.0000010,      0.267589
    154.0000000,      -64.0000010,      0.315960
    154.0000000,      -60.0000010,      0.393003
    154.0000000,      -56.0000010,      0.495252
    154.0000000,      -52.0000010,      0.616239
    154.0000000,      -48.0000010,      0.699529
    154.0000000,      -44.0000010,      0.743395
    154.0000000,      -40.0000000,      0.752611
    154.0000000,      -36.0000000,      0.749820
    154.0000000,      -32.0000000,      0.714748
    154.0000000,      -28.0000000,      0.663857
    154.0000000,      -24.0000000,      0.619904
    154.0000000,      -20.0000000,      0.587035
    154.0000000,      -16.0000000,      0.573570
    154.0000000,      -12.0000000,      0.595327
    154.0000000,       -8.0000001,      0.603457
    154.0000000,       -4.0000000,      0.655656
    154.0000000,        0.0000000,      0.722114
    154.0000000,        4.0000000,      0.800219
    154.0000000,        8.0000001,      0.790173
    154.0000000,       12.0000000,      0.740506
    154.0000000,       16.0000000,      0.683484
    154.0000000,       20.0000000,      0.650916
    154.0000000,       24.0000000,      0.628793
    154.0000000,       28.0000000,      0.602129
    154.0000000,       32.0000000,      0.607831
    154.0000000,       36.0000000,      0.579050
    154.0000000,       40.0000000,      0.560736
    154.0000000,       44.0000010,      0.525291
    154.0000000,       48.0000010,      0.490336
    154.0000000,       52.0000010,      0.482975
    154.0000000,       56.0000010,      0.457788
    154.0000000,       60.0000010,      0.449387
    154.0000000,       64.0000010,      0.415872
    154.0000000,       68.0000010,      0.427890
    154.0000000,       72.0000010,      0.453204
    154.0000000,       76.0000010,      0.512240
    154.0000000,       80.0000010,      0.542758
    154.0000000,       84.0000010,      0.570488
    154.0000000,       88.0000010,      0.578828
    158.0000000,      -88.0000010,      0.161454
    158.0000000,      -84.0000010,      0.171464
    158.0000000,      -80.0000010,      0.188514
    158.0000000,      -76.0000010,      0.213259
    158.0000000,      -72.0000010,      0.235611
    158.0000000,      -68.0000010,      0.268436
    158.0000000,      -64.0000010,      0.311952
    158.0000000,      -60.0000010,      0.383869
    158.0000000,      -56.0000010,      0.501293
    158.0000000,      -52.0000010,      0.618733
    158.0000000,      -48.0000010,      0.721253
    158.0000000,      -44.0000010,      0.765862
    158.0000000,      -40.0000000,      0.769121
    158.0000000,      -36.0000000,      0.739226
    158.0000000,      -32.0000000,      0.699592
    158.0000000,      -28.0000000,      0.651660
    158.0000000,      -24.0000000,      0.627535
    158.0000000,      -20.0000000,      0.572525
    158.0000000,      -16.0000000,      0.561279
    158.0000000,      -12.0000000,      0.587846
    158.0000000,       -8.0000001,      0.629468
    158.0000000,       -4.0000000,      0.696431
    158.0000000,        0.0000000,      0.743494
    158.0000000,        4.0000000,      0.792047
    158.0000000,        8.0000001,      0.765836
    158.0000000,       12.0000000,      0.726271
    158.0000000,       16.0000000,      0.690990
    158.0000000,       20.0000000,      0.677245
    158.0000000,       24.0000000,      0.660921
    158.0000000,       28.0000000,      0.624486
    158.0000000,       32.0000000,      0.607644
    158.0000000,       36.0000000,      0.586774
    158.0000000,       40.0000000,      0.582496
    158.0000000,       44.0000010,      0.563371
    158.0000000,       48.0000010,      0.521008
    158.0000000,       52.0000010,      0.506363
    158.0000000,       56.0000010,      0.471715
    158.0000000,       60.0000010,      0.456851
    158.0000000,       64.0000010,      0.427777
    158.0000000,       68.0000010,      0.441116
    158.0000000,       72.0000010,      0.481891
    158.0000000,       76.0000010,      0.532088
    158.0000000,       80.0000010,      0.555891
    158.0000000,       84.0000010,      0.567854
    158.0000000,       88.0000010,      0.575095
    162.0000000,      -88.0000010,      0.165150
    162.0000000,      -84.0000010,      0.170726
    162.0000000,      -80.0000010,      0.174779
    162.0000000,      -76.0000010,      0.202290
    162.0000000,      -72.0000010,      0.228945
    162.0000000,      -68.0000010,      0.265949
    162.0000000,      -64.0000010,      0.323835
    162.0000000,      -60.0000010,      0.407348
    162.0000000,      -56.0000010,      0.531792
    162.0000000,      -52.0000010,      0.642018
    162.0000000,      -48.0000010,      0.720789
    162.0000000,      -44.0000010,      0.762758
    162.0000000,      -40.0000000,      0.746134
    162.0000000,      -36.0000000,      0.704965
    162.0000000,      -32.0000000,      0.648509
    162.0000000,      -28.0000000,      0.596422
    162.0000000,      -24.0000000,      0.581243
    162.0000000,      -20.0000000,      0.551728
    162.0000000,      -16.0000000,      0.548308
    162.0000000,      -12.0000000,      0.564480
    162.0000000,       -8.0000001,      0.616243
    162.0000000,       -4.0000000,      0.701482
    162.0000000,        0.0000000,      0.758710
    162.0000000,        4.0000000,      0.797847
    162.0000000,        8.0000001,      0.776145
    162.0000000,       12.0000000,      0.749440
    162.0000000,       16.0000000,      0.700730
    162.0000000,       20.0000000,      0.682881
    162.0000000,       24.0000000,      0.666613
    162.0000000,       28.0000000,      0.644332
    162.0000000,       32.0000000,      0.622746
    162.0000000,       36.0000000,      0.618364
    162.0000000,       40.0000000,      0.609253
    162.0000000,       44.0000010,      0.589510
    162.0000000,       48.0000010,      0.534058
    162.0000000,       52.0000010,      0.515388
    162.0000000,       56.0000010,      0.489303
    162.0000000,       60.0000010,      0.471380
    162.0000000,       64.0000010,      0.446087
    162.0000000,       68.0000010,      0.449859
    162.0000000,       72.0000010,      0.478622
    162.0000000,       76.0000010,      0.525790
    162.0000000,       80.0000010,      0.542185
    162.0000000,       84.0000010,      0.557214
    162.0000000,       88.0000010,      0.556339
    166.0000000,      -88.0000010,      0.166747
    166.0000000,      -84.0000010,      0.179125
    166.0000000,      -80.0000010,      0.188317
    166.0000000,      -76.0000010,      0.217762
    166.0000000,      -72.0000010,      0.236952
    166.0000000,      -68.0000010,      0.266861
    166.0000000,      -64.0000010,      0.329192
    166.0000000,      -60.0000010,      0.424696
    166.0000000,      -56.0000010,      0.543920
    166.0000000,      -52.0000010,      0.636474
    166.0000000,      -48.0000010,      0.705614
    166.0000000,      -44.0000010,      0.749277
    166.0000000,      -40.0000000,      0.724710
    166.0000000,      -36.0000000,      0.682161
    166.0000000,      -32.0000000,      0.620380
    166.0000000,      -28.0000000,      0.596579
    166.0000000,      -24.0000000,      0.571722
    166.0000000,      -20.0000000,      0.552655
    166.0000000,      -16.0000000,      0.533267
    166.0000000,      -12.0000000,      0.561561
    166.0000000,       -8.0000001,      0.607620
    166.0000000,       -4.0000000,      0.691419
    166.0000000,        0.0000000,      0.728337
    166.0000000,        4.0000000,      0.768445
    166.0000000,        8.0000001,      0.756625
    166.0000000,       12.0000000,      0.739374
    166.0000000,       16.0000000,      0.705001
    166.0000000,       20.0000000,      0.697841
    166.0000000,       24.0000000,      0.697297
    166.0000000,       28.0000000,      0.669671
    166.0000000,       32.0000000,      0.632840
    166.0000000,       36.0000000,      0.625906
    166.0000000,       40.0000000,      0.617618
    166.0000000,       44.0000010,      0.617264
    166.0000000,       48.0000010,      0.553409
    166.0000000,       52.0000010,      0.533659
    166.0000000,       56.0000010,      0.488009
    166.0000000,       60.0000010,      0.475683
    166.0000000,       64.0000010,      0.460719
    166.0000000,       68.0000010,      0.461608
    166.0000000,       72.0000010,      0.483304
    166.0000000,       76.0000010,      0.519357
    166.0000000,       80.0000010,      0.538364
    166.0000000,       84.0000010,      0.552436
    166.0000000,       88.0000010,      0.542953
    170.0000000,      -88.0000010,      0.164759
    170.0000000,      -84.0000010,      0.181279
    170.0000000,      -80.0000010,      0.189957
    170.0000000,      -76.0000010,      0.210709
    170.0000000,      -72.0000010,      0.226618
    170.0000000,      -68.0000010,      0.256919
    170.0000000,      -64.0000010,      0.331653
    170.0000000,      -60.0000010,      0.441448
    170.0000000,      -56.0000010,      0.557688
    170.0000000,      -52.0000010,      0.647080
    170.0000000,      -48.0000010,      0.700366
    170.0000000,      -44.0000010,      0.728080
    170.0000000,      -40.0000000,      0.699511
    170.0000000,      -36.0000000,      0.652429
    170.0000000,      -32.0000000,      0.604074
    170.0000000,      -28.0000000,      0.571044
    170.0000000,      -24.0000000,      0.540958
    170.0000000,      -20.0000000,      0.531154
    170.0000000,      -16.0000000,      0.523282
    170.0000000,      -12.0000000,      0.544826
    170.0000000,       -8.0000001,      0.584001
    170.0000000,       -4.0000000,      0.656975
    170.0000000,        0.0000000,      0.714272
    170.0000000,        4.0000000,      0.744093
    170.0000000,        8.0000001,      0.743336
    170.0000000,       12.0000000,      0.709692
    170.0000000,       16.0000000,      0.682630
    170.0000000,       20.0000000,      0.663654
    170.0000000,       24.0000000,      0.670582
    170.0000000,       28.0000000,      0.656449
    170.0000000,       32.0000000,      0.642496
    170.0000000,       36.0000000,      0.637730
    170.0000000,       40.0000000,      0.624958
    170.0000000,       44.0000010,      0.606735
    170.0000000,       48.0000010,      0.549236
    170.0000000,       52.0000010,      0.523530
    170.0000000,       56.0000010,      0.487517
    170.0000000,       60.0000010,      0.476257
    170.0000000,       64.0000010,      0.464361
    170.0000000,       68.0000010,      0.462988
    170.0000000,       72.0000010,      0.479188
    170.0000000,       76.0000010,      0.518050
    170.0000000,       80.0000010,      0.540631
    170.0000000,       84.0000010,      0.551252
    170.0000000,       88.0000010,      0.533951
    174.0000000,      -88.0000010,      0.163551
    174.0000000,      -84.0000010,      0.186394
    174.0000000,      -80.0000010,      0.195798
    174.0000000,      -76.0000010,      0.218970
    174.0000000,      -72.0000010,      0.232114
    174.0000000,      -68.0000010,      0.274043
    174.0000000,      -64.0000010,      0.344781
    174.0000000,      -60.0000010,      0.455911
    174.0000000,      -56.0000010,      0.577567
    174.0000000,      -52.0000010,      0.659791
    174.0000000,      -48.0000010,      0.719983
    174.0000000,      -44.0000010,      0.737078
    174.0000000,      -40.0000000,      0.716845
    174.0000000,      -36.0000000,      0.658213
    174.0000000,      -32.0000000,      0.610148
    174.0000000,      -28.0000000,      0.575728
    174.0000000,      -24.0000000,      0.533731
    174.0000000,      -20.0000000,      0.502676
    174.0000000,      -16.0000000,      0.498671
    174.0000000,      -12.0000000,      0.520289
    174.0000000,       -8.0000001,      0.551066
    174.0000000,       -4.0000000,      0.598518
    174.0000000,        0.0000000,      0.652745
    174.0000000,        4.0000000,      0.711445
    174.0000000,        8.0000001,      0.719813
    174.0000000,       12.0000000,      0.700604
    174.0000000,       16.0000000,      0.678434
    174.0000000,       20.0000000,      0.659246
    174.0000000,       24.0000000,      0.665143
    174.0000000,       28.0000000,      0.646250
    174.0000000,       32.0000000,      0.637775
    174.0000000,       36.0000000,      0.623697
    174.0000000,       40.0000000,      0.607296
    174.0000000,       44.0000010,      0.589405
    174.0000000,       48.0000010,      0.547007
    174.0000000,       52.0000010,      0.509885
    174.0000000,       56.0000010,      0.466267
    174.0000000,       60.0000010,      0.447696
    174.0000000,       64.0000010,      0.444377
    174.0000000,       68.0000010,      0.447633
    174.0000000,       72.0000010,      0.468482
    174.0000000,       76.0000010,      0.505260
    174.0000000,       80.0000010,      0.544758
    174.0000000,       84.0000010,      0.554419
    174.0000000,       88.0000010,      0.539782
    178.0000000,      -88.0000010,      0.162310
    178.0000000,      -84.0000010,      0.181482
    178.0000000,      -80.0000010,      0.184142
    178.0000000,      -76.0000010,      0.208533
    178.0000000,      -72.0000010,      0.227475
    178.0000000,      -68.0000010,      0.287747
    178.0000000,      -64.0000010,      0.361973
    178.0000000,      -60.0000010,      0.472913
    178.0000000,      -56.0000010,      0.598178
    178.0000000,      -52.0000010,      0.687104
    178.0000000,      -48.0000010,      0.756389
    178.0000000,      -44.0000010,      0.763324
    178.0000000,      -40.0000000,      0.737524
    178.0000000,      -36.0000000,      0.659690
    178.0000000,      -32.0000000,      0.607302
    178.0000000,      -28.0000000,      0.559544
    178.0000000,      -24.0000000,      0.522707
    178.0000000,      -20.0000000,      0.478781
    178.0000000,      -16.0000000,      0.493960
    178.0000000,      -12.0000000,      0.493390
    178.0000000,       -8.0000001,      0.519905
    178.0000000,       -4.0000000,      0.537007
    178.0000000,        0.0000000,      0.604107
    178.0000000,        4.0000000,      0.691244
    178.0000000,        8.0000001,      0.719305
    178.0000000,       12.0000000,      0.716519
    178.0000000,       16.0000000,      0.684969
    178.0000000,       20.0000000,      0.643954
    178.0000000,       24.0000000,      0.640839
    178.0000000,       28.0000000,      0.626641
    178.0000000,       32.0000000,      0.643133
    178.0000000,       36.0000000,      0.632220
    178.0000000,       40.0000000,      0.599887
    178.0000000,       44.0000010,      0.566075
    178.0000000,       48.0000010,      0.534144
    178.0000000,       52.0000010,      0.495660
    178.0000000,       56.0000010,      0.457473
    178.0000000,       60.0000010,      0.419982
    178.0000000,       64.0000010,      0.425618
    178.0000000,       68.0000010,      0.430944
    178.0000000,       72.0000010,      0.458899
    178.0000000,       76.0000010,      0.492070
    178.0000000,       80.0000010,      0.541861
    178.0000000,       84.0000010,      0.551914
    178.0000000,       88.0000010,      0.539174
