 -178.0000000,     -88.0000010,    0.597047
 -178.0000000,     -84.0000010,    0.582353
 -178.0000000,     -80.0000010,    0.620956
 -178.0000000,     -76.0000010,    0.680401
 -178.0000000,     -72.0000010,    0.721875
 -178.0000000,     -68.0000010,    0.658895
 -178.0000000,     -64.0000010,    0.660396
 -178.0000000,     -60.0000010,    0.697988
 -178.0000000,     -56.0000010,    0.807977
 -178.0000000,     -52.0000010,    0.849653
 -178.0000000,     -48.0000010,    0.863144
 -178.0000000,     -44.0000010,    0.833324
 -178.0000000,     -40.0000000,    0.863228
 -178.0000000,     -36.0000000,    0.840791
 -178.0000000,     -32.0000000,    0.850365
 -178.0000000,     -28.0000000,    0.850609
 -178.0000000,     -24.0000000,    0.880690
 -178.0000000,     -20.0000000,    0.786892
 -178.0000000,     -16.0000000,    0.726749
 -178.0000000,     -12.0000000,    0.691232
 -178.0000000,      -8.0000001,    0.737197
 -178.0000000,      -4.0000000,    0.756507
 -178.0000000,       0.0000000,    0.709702
 -178.0000000,       4.0000000,    0.716507
 -178.0000000,       8.0000001,    0.726483
 -178.0000000,      12.0000000,    0.740480
 -178.0000000,      16.0000000,    0.734784
 -178.0000000,      20.0000000,    0.685546
 -178.0000000,      24.0000000,    0.694600
 -178.0000000,      28.0000000,    0.683642
 -178.0000000,      32.0000000,    0.715995
 -178.0000000,      36.0000000,    0.709092
 -178.0000000,      40.0000000,    0.679066
 -178.0000000,      44.0000010,    0.649268
 -178.0000000,      48.0000010,    0.612830
 -178.0000000,      52.0000010,    0.630225
 -178.0000000,      56.0000010,    0.643511
 -178.0000000,      60.0000010,    0.659632
 -178.0000000,      64.0000010,    0.641673
 -178.0000000,      68.0000010,    0.592281
 -178.0000000,      72.0000010,    0.573130
 -178.0000000,      76.0000010,    0.594405
 -178.0000000,      80.0000010,    0.606054
 -178.0000000,      84.0000010,    0.626838
 -178.0000000,      88.0000010,    0.629114
 -174.0000000,     -88.0000010,    0.602269
 -174.0000000,     -84.0000010,    0.611468
 -174.0000000,     -80.0000010,    0.658200
 -174.0000000,     -76.0000010,    0.704877
 -174.0000000,     -72.0000010,    0.722170
 -174.0000000,     -68.0000010,    0.665711
 -174.0000000,     -64.0000010,    0.664047
 -174.0000000,     -60.0000010,    0.681743
 -174.0000000,     -56.0000010,    0.784199
 -174.0000000,     -52.0000010,    0.827261
 -174.0000000,     -48.0000010,    0.829470
 -174.0000000,     -44.0000010,    0.774473
 -174.0000000,     -40.0000000,    0.785995
 -174.0000000,     -36.0000000,    0.799816
 -174.0000000,     -32.0000000,    0.807522
 -174.0000000,     -28.0000000,    0.807087
 -174.0000000,     -24.0000000,    0.820177
 -174.0000000,     -20.0000000,    0.767344
 -174.0000000,     -16.0000000,    0.713806
 -174.0000000,     -12.0000000,    0.685198
 -174.0000000,      -8.0000001,    0.703532
 -174.0000000,      -4.0000000,    0.727719
 -174.0000000,       0.0000000,    0.704585
 -174.0000000,       4.0000000,    0.730115
 -174.0000000,       8.0000001,    0.731263
 -174.0000000,      12.0000000,    0.723894
 -174.0000000,      16.0000000,    0.727007
 -174.0000000,      20.0000000,    0.712009
 -174.0000000,      24.0000000,    0.740595
 -174.0000000,      28.0000000,    0.708461
 -174.0000000,      32.0000000,    0.727724
 -174.0000000,      36.0000000,    0.709031
 -174.0000000,      40.0000000,    0.695181
 -174.0000000,      44.0000010,    0.657160
 -174.0000000,      48.0000010,    0.628516
 -174.0000000,      52.0000010,    0.624420
 -174.0000000,      56.0000010,    0.622652
 -174.0000000,      60.0000010,    0.630745
 -174.0000000,      64.0000010,    0.645237
 -174.0000000,      68.0000010,    0.630643
 -174.0000000,      72.0000010,    0.608376
 -174.0000000,      76.0000010,    0.591308
 -174.0000000,      80.0000010,    0.600227
 -174.0000000,      84.0000010,    0.627058
 -174.0000000,      88.0000010,    0.648234
 -170.0000000,     -88.0000010,    0.608610
 -170.0000000,     -84.0000010,    0.619849
 -170.0000000,     -80.0000010,    0.666313
 -170.0000000,     -76.0000010,    0.689772
 -170.0000000,     -72.0000010,    0.702766
 -170.0000000,     -68.0000010,    0.657534
 -170.0000000,     -64.0000010,    0.679368
 -170.0000000,     -60.0000010,    0.701977
 -170.0000000,     -56.0000010,    0.808508
 -170.0000000,     -52.0000010,    0.835911
 -170.0000000,     -48.0000010,    0.810267
 -170.0000000,     -44.0000010,    0.720137
 -170.0000000,     -40.0000000,    0.715569
 -170.0000000,     -36.0000000,    0.768186
 -170.0000000,     -32.0000000,    0.807061
 -170.0000000,     -28.0000000,    0.808148
 -170.0000000,     -24.0000000,    0.824911
 -170.0000000,     -20.0000000,    0.777102
 -170.0000000,     -16.0000000,    0.733265
 -170.0000000,     -12.0000000,    0.686015
 -170.0000000,      -8.0000001,    0.712352
 -170.0000000,      -4.0000000,    0.711621
 -170.0000000,       0.0000000,    0.719834
 -170.0000000,       4.0000000,    0.717178
 -170.0000000,       8.0000001,    0.731743
 -170.0000000,      12.0000000,    0.695635
 -170.0000000,      16.0000000,    0.736387
 -170.0000000,      20.0000000,    0.766952
 -170.0000000,      24.0000000,    0.803307
 -170.0000000,      28.0000000,    0.739025
 -170.0000000,      32.0000000,    0.726852
 -170.0000000,      36.0000000,    0.721356
 -170.0000000,      40.0000000,    0.725968
 -170.0000000,      44.0000010,    0.679351
 -170.0000000,      48.0000010,    0.637480
 -170.0000000,      52.0000010,    0.619667
 -170.0000000,      56.0000010,    0.618119
 -170.0000000,      60.0000010,    0.607033
 -170.0000000,      64.0000010,    0.632595
 -170.0000000,      68.0000010,    0.632263
 -170.0000000,      72.0000010,    0.629709
 -170.0000000,      76.0000010,    0.600276
 -170.0000000,      80.0000010,    0.609813
 -170.0000000,      84.0000010,    0.633896
 -170.0000000,      88.0000010,    0.656981
 -166.0000000,     -88.0000010,    0.613709
 -166.0000000,     -84.0000010,    0.599572
 -166.0000000,     -80.0000010,    0.609919
 -166.0000000,     -76.0000010,    0.628544
 -166.0000000,     -72.0000010,    0.641051
 -166.0000000,     -68.0000010,    0.635486
 -166.0000000,     -64.0000010,    0.639049
 -166.0000000,     -60.0000010,    0.683019
 -166.0000000,     -56.0000010,    0.767769
 -166.0000000,     -52.0000010,    0.809166
 -166.0000000,     -48.0000010,    0.808924
 -166.0000000,     -44.0000010,    0.748589
 -166.0000000,     -40.0000000,    0.756469
 -166.0000000,     -36.0000000,    0.761089
 -166.0000000,     -32.0000000,    0.790232
 -166.0000000,     -28.0000000,    0.784087
 -166.0000000,     -24.0000000,    0.820223
 -166.0000000,     -20.0000000,    0.789395
 -166.0000000,     -16.0000000,    0.759832
 -166.0000000,     -12.0000000,    0.727377
 -166.0000000,      -8.0000001,    0.718641
 -166.0000000,      -4.0000000,    0.716821
 -166.0000000,       0.0000000,    0.732375
 -166.0000000,       4.0000000,    0.762562
 -166.0000000,       8.0000001,    0.763954
 -166.0000000,      12.0000000,    0.698563
 -166.0000000,      16.0000000,    0.684282
 -166.0000000,      20.0000000,    0.706294
 -166.0000000,      24.0000000,    0.737122
 -166.0000000,      28.0000000,    0.733013
 -166.0000000,      32.0000000,    0.694233
 -166.0000000,      36.0000000,    0.683111
 -166.0000000,      40.0000000,    0.669663
 -166.0000000,      44.0000010,    0.670138
 -166.0000000,      48.0000010,    0.646207
 -166.0000000,      52.0000010,    0.610721
 -166.0000000,      56.0000010,    0.580240
 -166.0000000,      60.0000010,    0.542250
 -166.0000000,      64.0000010,    0.557147
 -166.0000000,      68.0000010,    0.574636
 -166.0000000,      72.0000010,    0.617109
 -166.0000000,      76.0000010,    0.627212
 -166.0000000,      80.0000010,    0.634342
 -166.0000000,      84.0000010,    0.647316
 -166.0000000,      88.0000010,    0.654474
 -162.0000000,     -88.0000010,    0.610033
 -162.0000000,     -84.0000010,    0.581724
 -162.0000000,     -80.0000010,    0.574578
 -162.0000000,     -76.0000010,    0.601226
 -162.0000000,     -72.0000010,    0.624353
 -162.0000000,     -68.0000010,    0.641037
 -162.0000000,     -64.0000010,    0.669231
 -162.0000000,     -60.0000010,    0.729671
 -162.0000000,     -56.0000010,    0.809810
 -162.0000000,     -52.0000010,    0.808730
 -162.0000000,     -48.0000010,    0.835488
 -162.0000000,     -44.0000010,    0.788611
 -162.0000000,     -40.0000000,    0.809230
 -162.0000000,     -36.0000000,    0.783747
 -162.0000000,     -32.0000000,    0.836276
 -162.0000000,     -28.0000000,    0.835368
 -162.0000000,     -24.0000000,    0.891814
 -162.0000000,     -20.0000000,    0.826453
 -162.0000000,     -16.0000000,    0.804281
 -162.0000000,     -12.0000000,    0.740649
 -162.0000000,      -8.0000001,    0.745571
 -162.0000000,      -4.0000000,    0.714672
 -162.0000000,       0.0000000,    0.731270
 -162.0000000,       4.0000000,    0.710470
 -162.0000000,       8.0000001,    0.729492
 -162.0000000,      12.0000000,    0.682327
 -162.0000000,      16.0000000,    0.697410
 -162.0000000,      20.0000000,    0.704469
 -162.0000000,      24.0000000,    0.705073
 -162.0000000,      28.0000000,    0.707784
 -162.0000000,      32.0000000,    0.676272
 -162.0000000,      36.0000000,    0.693679
 -162.0000000,      40.0000000,    0.686513
 -162.0000000,      44.0000010,    0.699358
 -162.0000000,      48.0000010,    0.651810
 -162.0000000,      52.0000010,    0.641801
 -162.0000000,      56.0000010,    0.620401
 -162.0000000,      60.0000010,    0.590295
 -162.0000000,      64.0000010,    0.565799
 -162.0000000,      68.0000010,    0.551917
 -162.0000000,      72.0000010,    0.587897
 -162.0000000,      76.0000010,    0.615322
 -162.0000000,      80.0000010,    0.621742
 -162.0000000,      84.0000010,    0.639526
 -162.0000000,      88.0000010,    0.634785
 -158.0000000,     -88.0000010,    0.604405
 -158.0000000,     -84.0000010,    0.594420
 -158.0000000,     -80.0000010,    0.565938
 -158.0000000,     -76.0000010,    0.601434
 -158.0000000,     -72.0000010,    0.616704
 -158.0000000,     -68.0000010,    0.658700
 -158.0000000,     -64.0000010,    0.684117
 -158.0000000,     -60.0000010,    0.734182
 -158.0000000,     -56.0000010,    0.797352
 -158.0000000,     -52.0000010,    0.781735
 -158.0000000,     -48.0000010,    0.819912
 -158.0000000,     -44.0000010,    0.802522
 -158.0000000,     -40.0000000,    0.849593
 -158.0000000,     -36.0000000,    0.826576
 -158.0000000,     -32.0000000,    0.865652
 -158.0000000,     -28.0000000,    0.857692
 -158.0000000,     -24.0000000,    0.870663
 -158.0000000,     -20.0000000,    0.811843
 -158.0000000,     -16.0000000,    0.772972
 -158.0000000,     -12.0000000,    0.755234
 -158.0000000,      -8.0000001,    0.740836
 -158.0000000,      -4.0000000,    0.739612
 -158.0000000,       0.0000000,    0.731763
 -158.0000000,       4.0000000,    0.724955
 -158.0000000,       8.0000001,    0.724031
 -158.0000000,      12.0000000,    0.698871
 -158.0000000,      16.0000000,    0.711738
 -158.0000000,      20.0000000,    0.723454
 -158.0000000,      24.0000000,    0.710024
 -158.0000000,      28.0000000,    0.720038
 -158.0000000,      32.0000000,    0.679287
 -158.0000000,      36.0000000,    0.683595
 -158.0000000,      40.0000000,    0.640484
 -158.0000000,      44.0000010,    0.651090
 -158.0000000,      48.0000010,    0.613104
 -158.0000000,      52.0000010,    0.623173
 -158.0000000,      56.0000010,    0.598584
 -158.0000000,      60.0000010,    0.595800
 -158.0000000,      64.0000010,    0.575129
 -158.0000000,      68.0000010,    0.602634
 -158.0000000,      72.0000010,    0.601263
 -158.0000000,      76.0000010,    0.633631
 -158.0000000,      80.0000010,    0.607475
 -158.0000000,      84.0000010,    0.633593
 -158.0000000,      88.0000010,    0.621305
 -154.0000000,     -88.0000010,    0.594891
 -154.0000000,     -84.0000010,    0.585615
 -154.0000000,     -80.0000010,    0.557711
 -154.0000000,     -76.0000010,    0.576394
 -154.0000000,     -72.0000010,    0.600871
 -154.0000000,     -68.0000010,    0.650477
 -154.0000000,     -64.0000010,    0.719065
 -154.0000000,     -60.0000010,    0.755886
 -154.0000000,     -56.0000010,    0.826423
 -154.0000000,     -52.0000010,    0.809658
 -154.0000000,     -48.0000010,    0.845035
 -154.0000000,     -44.0000010,    0.803485
 -154.0000000,     -40.0000000,    0.816822
 -154.0000000,     -36.0000000,    0.833082
 -154.0000000,     -32.0000000,    0.869374
 -154.0000000,     -28.0000000,    0.868282
 -154.0000000,     -24.0000000,    0.833612
 -154.0000000,     -20.0000000,    0.814125
 -154.0000000,     -16.0000000,    0.795581
 -154.0000000,     -12.0000000,    0.772788
 -154.0000000,      -8.0000001,    0.752251
 -154.0000000,      -4.0000000,    0.740589
 -154.0000000,       0.0000000,    0.738622
 -154.0000000,       4.0000000,    0.709718
 -154.0000000,       8.0000001,    0.732708
 -154.0000000,      12.0000000,    0.733257
 -154.0000000,      16.0000000,    0.744817
 -154.0000000,      20.0000000,    0.745350
 -154.0000000,      24.0000000,    0.729919
 -154.0000000,      28.0000000,    0.748831
 -154.0000000,      32.0000000,    0.698925
 -154.0000000,      36.0000000,    0.717613
 -154.0000000,      40.0000000,    0.649582
 -154.0000000,      44.0000010,    0.631127
 -154.0000000,      48.0000010,    0.566402
 -154.0000000,      52.0000010,    0.599931
 -154.0000000,      56.0000010,    0.620023
 -154.0000000,      60.0000010,    0.622743
 -154.0000000,      64.0000010,    0.609001
 -154.0000000,      68.0000010,    0.621096
 -154.0000000,      72.0000010,    0.601604
 -154.0000000,      76.0000010,    0.600591
 -154.0000000,      80.0000010,    0.576746
 -154.0000000,      84.0000010,    0.607258
 -154.0000000,      88.0000010,    0.605039
 -150.0000000,     -88.0000010,    0.621111
 -150.0000000,     -84.0000010,    0.608213
 -150.0000000,     -80.0000010,    0.578048
 -150.0000000,     -76.0000010,    0.587896
 -150.0000000,     -72.0000010,    0.597079
 -150.0000000,     -68.0000010,    0.642004
 -150.0000000,     -64.0000010,    0.671869
 -150.0000000,     -60.0000010,    0.725941
 -150.0000000,     -56.0000010,    0.779502
 -150.0000000,     -52.0000010,    0.822123
 -150.0000000,     -48.0000010,    0.843278
 -150.0000000,     -44.0000010,    0.825212
 -150.0000000,     -40.0000000,    0.840107
 -150.0000000,     -36.0000000,    0.874002
 -150.0000000,     -32.0000000,    0.893082
 -150.0000000,     -28.0000000,    0.872448
 -150.0000000,     -24.0000000,    0.808930
 -150.0000000,     -20.0000000,    0.812648
 -150.0000000,     -16.0000000,    0.792679
 -150.0000000,     -12.0000000,    0.804664
 -150.0000000,      -8.0000001,    0.777059
 -150.0000000,      -4.0000000,    0.770751
 -150.0000000,       0.0000000,    0.762141
 -150.0000000,       4.0000000,    0.763673
 -150.0000000,       8.0000001,    0.767844
 -150.0000000,      12.0000000,    0.757639
 -150.0000000,      16.0000000,    0.718607
 -150.0000000,      20.0000000,    0.730895
 -150.0000000,      24.0000000,    0.708665
 -150.0000000,      28.0000000,    0.738254
 -150.0000000,      32.0000000,    0.670517
 -150.0000000,      36.0000000,    0.686106
 -150.0000000,      40.0000000,    0.611566
 -150.0000000,      44.0000010,    0.616525
 -150.0000000,      48.0000010,    0.553924
 -150.0000000,      52.0000010,    0.568055
 -150.0000000,      56.0000010,    0.562962
 -150.0000000,      60.0000010,    0.581845
 -150.0000000,      64.0000010,    0.573679
 -150.0000000,      68.0000010,    0.610376
 -150.0000000,      72.0000010,    0.594834
 -150.0000000,      76.0000010,    0.624007
 -150.0000000,      80.0000010,    0.601743
 -150.0000000,      84.0000010,    0.622853
 -150.0000000,      88.0000010,    0.614988
 -146.0000000,     -88.0000010,    0.640767
 -146.0000000,     -84.0000010,    0.617446
 -146.0000000,     -80.0000010,    0.599849
 -146.0000000,     -76.0000010,    0.599870
 -146.0000000,     -72.0000010,    0.622828
 -146.0000000,     -68.0000010,    0.657612
 -146.0000000,     -64.0000010,    0.672834
 -146.0000000,     -60.0000010,    0.728555
 -146.0000000,     -56.0000010,    0.777226
 -146.0000000,     -52.0000010,    0.876153
 -146.0000000,     -48.0000010,    0.916936
 -146.0000000,     -44.0000010,    0.912186
 -146.0000000,     -40.0000000,    0.901188
 -146.0000000,     -36.0000000,    0.888350
 -146.0000000,     -32.0000000,    0.891500
 -146.0000000,     -28.0000000,    0.869455
 -146.0000000,     -24.0000000,    0.836268
 -146.0000000,     -20.0000000,    0.850543
 -146.0000000,     -16.0000000,    0.836912
 -146.0000000,     -12.0000000,    0.803816
 -146.0000000,      -8.0000001,    0.772665
 -146.0000000,      -4.0000000,    0.749938
 -146.0000000,       0.0000000,    0.783005
 -146.0000000,       4.0000000,    0.766724
 -146.0000000,       8.0000001,    0.756674
 -146.0000000,      12.0000000,    0.714450
 -146.0000000,      16.0000000,    0.665786
 -146.0000000,      20.0000000,    0.650695
 -146.0000000,      24.0000000,    0.652113
 -146.0000000,      28.0000000,    0.697475
 -146.0000000,      32.0000000,    0.686035
 -146.0000000,      36.0000000,    0.705099
 -146.0000000,      40.0000000,    0.645971
 -146.0000000,      44.0000010,    0.651994
 -146.0000000,      48.0000010,    0.576262
 -146.0000000,      52.0000010,    0.587810
 -146.0000000,      56.0000010,    0.579425
 -146.0000000,      60.0000010,    0.588538
 -146.0000000,      64.0000010,    0.578893
 -146.0000000,      68.0000010,    0.564221
 -146.0000000,      72.0000010,    0.577994
 -146.0000000,      76.0000010,    0.599325
 -146.0000000,      80.0000010,    0.617264
 -146.0000000,      84.0000010,    0.632506
 -146.0000000,      88.0000010,    0.631340
 -142.0000000,     -88.0000010,    0.645032
 -142.0000000,     -84.0000010,    0.625936
 -142.0000000,     -80.0000010,    0.605185
 -142.0000000,     -76.0000010,    0.633270
 -142.0000000,     -72.0000010,    0.646953
 -142.0000000,     -68.0000010,    0.695671
 -142.0000000,     -64.0000010,    0.686819
 -142.0000000,     -60.0000010,    0.752113
 -142.0000000,     -56.0000010,    0.777688
 -142.0000000,     -52.0000010,    0.877954
 -142.0000000,     -48.0000010,    0.914395
 -142.0000000,     -44.0000010,    0.951238
 -142.0000000,     -40.0000000,    0.936500
 -142.0000000,     -36.0000000,    0.889023
 -142.0000000,     -32.0000000,    0.865949
 -142.0000000,     -28.0000000,    0.824224
 -142.0000000,     -24.0000000,    0.834899
 -142.0000000,     -20.0000000,    0.824112
 -142.0000000,     -16.0000000,    0.831179
 -142.0000000,     -12.0000000,    0.804356
 -142.0000000,      -8.0000001,    0.786454
 -142.0000000,      -4.0000000,    0.760659
 -142.0000000,       0.0000000,    0.763955
 -142.0000000,       4.0000000,    0.749519
 -142.0000000,       8.0000001,    0.728294
 -142.0000000,      12.0000000,    0.702445
 -142.0000000,      16.0000000,    0.686216
 -142.0000000,      20.0000000,    0.676329
 -142.0000000,      24.0000000,    0.651836
 -142.0000000,      28.0000000,    0.665198
 -142.0000000,      32.0000000,    0.702387
 -142.0000000,      36.0000000,    0.729163
 -142.0000000,      40.0000000,    0.706384
 -142.0000000,      44.0000010,    0.685499
 -142.0000000,      48.0000010,    0.636238
 -142.0000000,      52.0000010,    0.616134
 -142.0000000,      56.0000010,    0.557366
 -142.0000000,      60.0000010,    0.544433
 -142.0000000,      64.0000010,    0.528816
 -142.0000000,      68.0000010,    0.545324
 -142.0000000,      72.0000010,    0.590013
 -142.0000000,      76.0000010,    0.624731
 -142.0000000,      80.0000010,    0.653158
 -142.0000000,      84.0000010,    0.658630
 -142.0000000,      88.0000010,    0.661485
 -138.0000000,     -88.0000010,    0.614566
 -138.0000000,     -84.0000010,    0.611920
 -138.0000000,     -80.0000010,    0.603159
 -138.0000000,     -76.0000010,    0.630578
 -138.0000000,     -72.0000010,    0.658564
 -138.0000000,     -68.0000010,    0.689212
 -138.0000000,     -64.0000010,    0.707230
 -138.0000000,     -60.0000010,    0.757855
 -138.0000000,     -56.0000010,    0.809762
 -138.0000000,     -52.0000010,    0.891609
 -138.0000000,     -48.0000010,    0.907686
 -138.0000000,     -44.0000010,    0.941057
 -138.0000000,     -40.0000000,    0.937681
 -138.0000000,     -36.0000000,    0.894392
 -138.0000000,     -32.0000000,    0.879437
 -138.0000000,     -28.0000000,    0.842704
 -138.0000000,     -24.0000000,    0.842343
 -138.0000000,     -20.0000000,    0.810505
 -138.0000000,     -16.0000000,    0.824314
 -138.0000000,     -12.0000000,    0.842494
 -138.0000000,      -8.0000001,    0.832383
 -138.0000000,      -4.0000000,    0.809459
 -138.0000000,       0.0000000,    0.781120
 -138.0000000,       4.0000000,    0.767065
 -138.0000000,       8.0000001,    0.738664
 -138.0000000,      12.0000000,    0.720096
 -138.0000000,      16.0000000,    0.715365
 -138.0000000,      20.0000000,    0.688106
 -138.0000000,      24.0000000,    0.666159
 -138.0000000,      28.0000000,    0.652488
 -138.0000000,      32.0000000,    0.712347
 -138.0000000,      36.0000000,    0.728380
 -138.0000000,      40.0000000,    0.713998
 -138.0000000,      44.0000010,    0.669429
 -138.0000000,      48.0000010,    0.640487
 -138.0000000,      52.0000010,    0.632044
 -138.0000000,      56.0000010,    0.599757
 -138.0000000,      60.0000010,    0.573182
 -138.0000000,      64.0000010,    0.563134
 -138.0000000,      68.0000010,    0.553838
 -138.0000000,      72.0000010,    0.591174
 -138.0000000,      76.0000010,    0.617336
 -138.0000000,      80.0000010,    0.654150
 -138.0000000,      84.0000010,    0.677615
 -138.0000000,      88.0000010,    0.685561
 -134.0000000,     -88.0000010,    0.606857
 -134.0000000,     -84.0000010,    0.613306
 -134.0000000,     -80.0000010,    0.612970
 -134.0000000,     -76.0000010,    0.640295
 -134.0000000,     -72.0000010,    0.641197
 -134.0000000,     -68.0000010,    0.663210
 -134.0000000,     -64.0000010,    0.711978
 -134.0000000,     -60.0000010,    0.797879
 -134.0000000,     -56.0000010,    0.849600
 -134.0000000,     -52.0000010,    0.879111
 -134.0000000,     -48.0000010,    0.851321
 -134.0000000,     -44.0000010,    0.886463
 -134.0000000,     -40.0000000,    0.878804
 -134.0000000,     -36.0000000,    0.861551
 -134.0000000,     -32.0000000,    0.828013
 -134.0000000,     -28.0000000,    0.810695
 -134.0000000,     -24.0000000,    0.811016
 -134.0000000,     -20.0000000,    0.792085
 -134.0000000,     -16.0000000,    0.819604
 -134.0000000,     -12.0000000,    0.873642
 -134.0000000,      -8.0000001,    0.885793
 -134.0000000,      -4.0000000,    0.864865
 -134.0000000,       0.0000000,    0.805643
 -134.0000000,       4.0000000,    0.785443
 -134.0000000,       8.0000001,    0.775111
 -134.0000000,      12.0000000,    0.793283
 -134.0000000,      16.0000000,    0.783711
 -134.0000000,      20.0000000,    0.736294
 -134.0000000,      24.0000000,    0.677415
 -134.0000000,      28.0000000,    0.648808
 -134.0000000,      32.0000000,    0.697136
 -134.0000000,      36.0000000,    0.713377
 -134.0000000,      40.0000000,    0.713050
 -134.0000000,      44.0000010,    0.664521
 -134.0000000,      48.0000010,    0.649850
 -134.0000000,      52.0000010,    0.634970
 -134.0000000,      56.0000010,    0.585745
 -134.0000000,      60.0000010,    0.547382
 -134.0000000,      64.0000010,    0.510109
 -134.0000000,      68.0000010,    0.540189
 -134.0000000,      72.0000010,    0.567453
 -134.0000000,      76.0000010,    0.608090
 -134.0000000,      80.0000010,    0.626679
 -134.0000000,      84.0000010,    0.660595
 -134.0000000,      88.0000010,    0.689623
 -130.0000000,     -88.0000010,    0.592824
 -130.0000000,     -84.0000010,    0.619914
 -130.0000000,     -80.0000010,    0.645471
 -130.0000000,     -76.0000010,    0.661073
 -130.0000000,     -72.0000010,    0.638967
 -130.0000000,     -68.0000010,    0.633207
 -130.0000000,     -64.0000010,    0.692097
 -130.0000000,     -60.0000010,    0.781134
 -130.0000000,     -56.0000010,    0.841445
 -130.0000000,     -52.0000010,    0.883643
 -130.0000000,     -48.0000010,    0.837917
 -130.0000000,     -44.0000010,    0.854519
 -130.0000000,     -40.0000000,    0.828135
 -130.0000000,     -36.0000000,    0.842592
 -130.0000000,     -32.0000000,    0.808424
 -130.0000000,     -28.0000000,    0.818244
 -130.0000000,     -24.0000000,    0.812429
 -130.0000000,     -20.0000000,    0.793800
 -130.0000000,     -16.0000000,    0.810558
 -130.0000000,     -12.0000000,    0.862239
 -130.0000000,      -8.0000001,    0.894443
 -130.0000000,      -4.0000000,    0.880907
 -130.0000000,       0.0000000,    0.829207
 -130.0000000,       4.0000000,    0.814593
 -130.0000000,       8.0000001,    0.797201
 -130.0000000,      12.0000000,    0.823414
 -130.0000000,      16.0000000,    0.840442
 -130.0000000,      20.0000000,    0.795873
 -130.0000000,      24.0000000,    0.748053
 -130.0000000,      28.0000000,    0.664128
 -130.0000000,      32.0000000,    0.676580
 -130.0000000,      36.0000000,    0.692492
 -130.0000000,      40.0000000,    0.713053
 -130.0000000,      44.0000010,    0.694726
 -130.0000000,      48.0000010,    0.635027
 -130.0000000,      52.0000010,    0.615496
 -130.0000000,      56.0000010,    0.587618
 -130.0000000,      60.0000010,    0.575003
 -130.0000000,      64.0000010,    0.538818
 -130.0000000,      68.0000010,    0.544894
 -130.0000000,      72.0000010,    0.581619
 -130.0000000,      76.0000010,    0.625438
 -130.0000000,      80.0000010,    0.625839
 -130.0000000,      84.0000010,    0.641270
 -130.0000000,      88.0000010,    0.669064
 -126.0000000,     -88.0000010,    0.606104
 -126.0000000,     -84.0000010,    0.613523
 -126.0000000,     -80.0000010,    0.629817
 -126.0000000,     -76.0000010,    0.656416
 -126.0000000,     -72.0000010,    0.653137
 -126.0000000,     -68.0000010,    0.670225
 -126.0000000,     -64.0000010,    0.730958
 -126.0000000,     -60.0000010,    0.802288
 -126.0000000,     -56.0000010,    0.844738
 -126.0000000,     -52.0000010,    0.878384
 -126.0000000,     -48.0000010,    0.857216
 -126.0000000,     -44.0000010,    0.876119
 -126.0000000,     -40.0000000,    0.817584
 -126.0000000,     -36.0000000,    0.818675
 -126.0000000,     -32.0000000,    0.770295
 -126.0000000,     -28.0000000,    0.800805
 -126.0000000,     -24.0000000,    0.850157
 -126.0000000,     -20.0000000,    0.861873
 -126.0000000,     -16.0000000,    0.874686
 -126.0000000,     -12.0000000,    0.836490
 -126.0000000,      -8.0000001,    0.833000
 -126.0000000,      -4.0000000,    0.843229
 -126.0000000,       0.0000000,    0.833132
 -126.0000000,       4.0000000,    0.841622
 -126.0000000,       8.0000001,    0.825155
 -126.0000000,      12.0000000,    0.850034
 -126.0000000,      16.0000000,    0.885985
 -126.0000000,      20.0000000,    0.835566
 -126.0000000,      24.0000000,    0.809199
 -126.0000000,      28.0000000,    0.719729
 -126.0000000,      32.0000000,    0.728657
 -126.0000000,      36.0000000,    0.741331
 -126.0000000,      40.0000000,    0.741888
 -126.0000000,      44.0000010,    0.720438
 -126.0000000,      48.0000010,    0.635897
 -126.0000000,      52.0000010,    0.607971
 -126.0000000,      56.0000010,    0.562345
 -126.0000000,      60.0000010,    0.537035
 -126.0000000,      64.0000010,    0.515834
 -126.0000000,      68.0000010,    0.523705
 -126.0000000,      72.0000010,    0.597145
 -126.0000000,      76.0000010,    0.629385
 -126.0000000,      80.0000010,    0.628178
 -126.0000000,      84.0000010,    0.613194
 -126.0000000,      88.0000010,    0.636215
 -122.0000000,     -88.0000010,    0.583434
 -122.0000000,     -84.0000010,    0.588411
 -122.0000000,     -80.0000010,    0.593958
 -122.0000000,     -76.0000010,    0.647793
 -122.0000000,     -72.0000010,    0.674282
 -122.0000000,     -68.0000010,    0.705909
 -122.0000000,     -64.0000010,    0.725477
 -122.0000000,     -60.0000010,    0.762792
 -122.0000000,     -56.0000010,    0.809029
 -122.0000000,     -52.0000010,    0.885374
 -122.0000000,     -48.0000010,    0.916598
 -122.0000000,     -44.0000010,    0.934981
 -122.0000000,     -40.0000000,    0.856296
 -122.0000000,     -36.0000000,    0.852736
 -122.0000000,     -32.0000000,    0.830307
 -122.0000000,     -28.0000000,    0.853765
 -122.0000000,     -24.0000000,    0.872283
 -122.0000000,     -20.0000000,    0.873704
 -122.0000000,     -16.0000000,    0.915449
 -122.0000000,     -12.0000000,    0.891159
 -122.0000000,      -8.0000001,    0.880316
 -122.0000000,      -4.0000000,    0.857344
 -122.0000000,       0.0000000,    0.823768
 -122.0000000,       4.0000000,    0.840709
 -122.0000000,       8.0000001,    0.810668
 -122.0000000,      12.0000000,    0.818047
 -122.0000000,      16.0000000,    0.848353
 -122.0000000,      20.0000000,    0.828222
 -122.0000000,      24.0000000,    0.830545
 -122.0000000,      28.0000000,    0.725753
 -122.0000000,      32.0000000,    0.732757
 -122.0000000,      36.0000000,    0.743251
 -122.0000000,      40.0000000,    0.776792
 -122.0000000,      44.0000010,    0.751366
 -122.0000000,      48.0000010,    0.665764
 -122.0000000,      52.0000010,    0.642707
 -122.0000000,      56.0000010,    0.608146
 -122.0000000,      60.0000010,    0.595898
 -122.0000000,      64.0000010,    0.552502
 -122.0000000,      68.0000010,    0.517348
 -122.0000000,      72.0000010,    0.577497
 -122.0000000,      76.0000010,    0.613726
 -122.0000000,      80.0000010,    0.639059
 -122.0000000,      84.0000010,    0.620320
 -122.0000000,      88.0000010,    0.625459
 -118.0000000,     -88.0000010,    0.561067
 -118.0000000,     -84.0000010,    0.569143
 -118.0000000,     -80.0000010,    0.580641
 -118.0000000,     -76.0000010,    0.635370
 -118.0000000,     -72.0000010,    0.675641
 -118.0000000,     -68.0000010,    0.700903
 -118.0000000,     -64.0000010,    0.726683
 -118.0000000,     -60.0000010,    0.739405
 -118.0000000,     -56.0000010,    0.806299
 -118.0000000,     -52.0000010,    0.853547
 -118.0000000,     -48.0000010,    0.931413
 -118.0000000,     -44.0000010,    0.940153
 -118.0000000,     -40.0000000,    0.894480
 -118.0000000,     -36.0000000,    0.871045
 -118.0000000,     -32.0000000,    0.867477
 -118.0000000,     -28.0000000,    0.890447
 -118.0000000,     -24.0000000,    0.902659
 -118.0000000,     -20.0000000,    0.943420
 -118.0000000,     -16.0000000,    0.969710
 -118.0000000,     -12.0000000,    0.923358
 -118.0000000,      -8.0000001,    0.875138
 -118.0000000,      -4.0000000,    0.819449
 -118.0000000,       0.0000000,    0.832958
 -118.0000000,       4.0000000,    0.829517
 -118.0000000,       8.0000001,    0.830489
 -118.0000000,      12.0000000,    0.797936
 -118.0000000,      16.0000000,    0.825617
 -118.0000000,      20.0000000,    0.789834
 -118.0000000,      24.0000000,    0.814341
 -118.0000000,      28.0000000,    0.734666
 -118.0000000,      32.0000000,    0.759202
 -118.0000000,      36.0000000,    0.744207
 -118.0000000,      40.0000000,    0.739355
 -118.0000000,      44.0000010,    0.714872
 -118.0000000,      48.0000010,    0.676004
 -118.0000000,      52.0000010,    0.668918
 -118.0000000,      56.0000010,    0.633536
 -118.0000000,      60.0000010,    0.605724
 -118.0000000,      64.0000010,    0.578580
 -118.0000000,      68.0000010,    0.559009
 -118.0000000,      72.0000010,    0.579324
 -118.0000000,      76.0000010,    0.576843
 -118.0000000,      80.0000010,    0.594814
 -118.0000000,      84.0000010,    0.601519
 -118.0000000,      88.0000010,    0.629323
 -114.0000000,     -88.0000010,    0.530080
 -114.0000000,     -84.0000010,    0.550501
 -114.0000000,     -80.0000010,    0.561610
 -114.0000000,     -76.0000010,    0.611535
 -114.0000000,     -72.0000010,    0.640967
 -114.0000000,     -68.0000010,    0.691656
 -114.0000000,     -64.0000010,    0.728430
 -114.0000000,     -60.0000010,    0.767245
 -114.0000000,     -56.0000010,    0.832431
 -114.0000000,     -52.0000010,    0.864969
 -114.0000000,     -48.0000010,    0.918127
 -114.0000000,     -44.0000010,    0.903625
 -114.0000000,     -40.0000000,    0.885420
 -114.0000000,     -36.0000000,    0.881820
 -114.0000000,     -32.0000000,    0.887377
 -114.0000000,     -28.0000000,    0.911716
 -114.0000000,     -24.0000000,    0.872668
 -114.0000000,     -20.0000000,    0.911087
 -114.0000000,     -16.0000000,    0.928419
 -114.0000000,     -12.0000000,    0.945325
 -114.0000000,      -8.0000001,    0.937172
 -114.0000000,      -4.0000000,    0.856789
 -114.0000000,       0.0000000,    0.879641
 -114.0000000,       4.0000000,    0.847543
 -114.0000000,       8.0000001,    0.854479
 -114.0000000,      12.0000000,    0.797528
 -114.0000000,      16.0000000,    0.804149
 -114.0000000,      20.0000000,    0.799887
 -114.0000000,      24.0000000,    0.818654
 -114.0000000,      28.0000000,    0.774223
 -114.0000000,      32.0000000,    0.781948
 -114.0000000,      36.0000000,    0.765174
 -114.0000000,      40.0000000,    0.754122
 -114.0000000,      44.0000010,    0.726493
 -114.0000000,      48.0000010,    0.680988
 -114.0000000,      52.0000010,    0.666827
 -114.0000000,      56.0000010,    0.627309
 -114.0000000,      60.0000010,    0.614545
 -114.0000000,      64.0000010,    0.597950
 -114.0000000,      68.0000010,    0.605941
 -114.0000000,      72.0000010,    0.606953
 -114.0000000,      76.0000010,    0.576761
 -114.0000000,      80.0000010,    0.575677
 -114.0000000,      84.0000010,    0.596674
 -114.0000000,      88.0000010,    0.637992
 -110.0000000,     -88.0000010,    0.516336
 -110.0000000,     -84.0000010,    0.535508
 -110.0000000,     -80.0000010,    0.566606
 -110.0000000,     -76.0000010,    0.606667
 -110.0000000,     -72.0000010,    0.623444
 -110.0000000,     -68.0000010,    0.659560
 -110.0000000,     -64.0000010,    0.702364
 -110.0000000,     -60.0000010,    0.744584
 -110.0000000,     -56.0000010,    0.806175
 -110.0000000,     -52.0000010,    0.848465
 -110.0000000,     -48.0000010,    0.900325
 -110.0000000,     -44.0000010,    0.869491
 -110.0000000,     -40.0000000,    0.882746
 -110.0000000,     -36.0000000,    0.893284
 -110.0000000,     -32.0000000,    0.925236
 -110.0000000,     -28.0000000,    0.911529
 -110.0000000,     -24.0000000,    0.880074
 -110.0000000,     -20.0000000,    0.907631
 -110.0000000,     -16.0000000,    0.908806
 -110.0000000,     -12.0000000,    0.906646
 -110.0000000,      -8.0000001,    0.901569
 -110.0000000,      -4.0000000,    0.847885
 -110.0000000,       0.0000000,    0.899602
 -110.0000000,       4.0000000,    0.875506
 -110.0000000,       8.0000001,    0.889240
 -110.0000000,      12.0000000,    0.833540
 -110.0000000,      16.0000000,    0.853843
 -110.0000000,      20.0000000,    0.844663
 -110.0000000,      24.0000000,    0.836531
 -110.0000000,      28.0000000,    0.797886
 -110.0000000,      32.0000000,    0.795853
 -110.0000000,      36.0000000,    0.801243
 -110.0000000,      40.0000000,    0.743838
 -110.0000000,      44.0000010,    0.741676
 -110.0000000,      48.0000010,    0.673771
 -110.0000000,      52.0000010,    0.647534
 -110.0000000,      56.0000010,    0.591192
 -110.0000000,      60.0000010,    0.591730
 -110.0000000,      64.0000010,    0.595100
 -110.0000000,      68.0000010,    0.617570
 -110.0000000,      72.0000010,    0.623971
 -110.0000000,      76.0000010,    0.595705
 -110.0000000,      80.0000010,    0.583649
 -110.0000000,      84.0000010,    0.601458
 -110.0000000,      88.0000010,    0.657103
 -106.0000000,     -88.0000010,    0.531153
 -106.0000000,     -84.0000010,    0.553930
 -106.0000000,     -80.0000010,    0.576638
 -106.0000000,     -76.0000010,    0.591344
 -106.0000000,     -72.0000010,    0.619172
 -106.0000000,     -68.0000010,    0.666472
 -106.0000000,     -64.0000010,    0.719467
 -106.0000000,     -60.0000010,    0.757971
 -106.0000000,     -56.0000010,    0.809165
 -106.0000000,     -52.0000010,    0.851415
 -106.0000000,     -48.0000010,    0.889163
 -106.0000000,     -44.0000010,    0.833036
 -106.0000000,     -40.0000000,    0.832599
 -106.0000000,     -36.0000000,    0.849951
 -106.0000000,     -32.0000000,    0.929770
 -106.0000000,     -28.0000000,    0.948142
 -106.0000000,     -24.0000000,    0.934847
 -106.0000000,     -20.0000000,    0.901728
 -106.0000000,     -16.0000000,    0.907160
 -106.0000000,     -12.0000000,    0.900451
 -106.0000000,      -8.0000001,    0.948076
 -106.0000000,      -4.0000000,    0.928446
 -106.0000000,       0.0000000,    0.948658
 -106.0000000,       4.0000000,    0.934090
 -106.0000000,       8.0000001,    0.904165
 -106.0000000,      12.0000000,    0.864875
 -106.0000000,      16.0000000,    0.847490
 -106.0000000,      20.0000000,    0.831093
 -106.0000000,      24.0000000,    0.819935
 -106.0000000,      28.0000000,    0.805356
 -106.0000000,      32.0000000,    0.805858
 -106.0000000,      36.0000000,    0.833273
 -106.0000000,      40.0000000,    0.767589
 -106.0000000,      44.0000010,    0.772961
 -106.0000000,      48.0000010,    0.665110
 -106.0000000,      52.0000010,    0.655351
 -106.0000000,      56.0000010,    0.590158
 -106.0000000,      60.0000010,    0.611041
 -106.0000000,      64.0000010,    0.608841
 -106.0000000,      68.0000010,    0.605682
 -106.0000000,      72.0000010,    0.610729
 -106.0000000,      76.0000010,    0.590989
 -106.0000000,      80.0000010,    0.602804
 -106.0000000,      84.0000010,    0.625585
 -106.0000000,      88.0000010,    0.672342
 -102.0000000,     -88.0000010,    0.532795
 -102.0000000,     -84.0000010,    0.550957
 -102.0000000,     -80.0000010,    0.578891
 -102.0000000,     -76.0000010,    0.588407
 -102.0000000,     -72.0000010,    0.628346
 -102.0000000,     -68.0000010,    0.680042
 -102.0000000,     -64.0000010,    0.742921
 -102.0000000,     -60.0000010,    0.788118
 -102.0000000,     -56.0000010,    0.830583
 -102.0000000,     -52.0000010,    0.883769
 -102.0000000,     -48.0000010,    0.911310
 -102.0000000,     -44.0000010,    0.854213
 -102.0000000,     -40.0000000,    0.835049
 -102.0000000,     -36.0000000,    0.834912
 -102.0000000,     -32.0000000,    0.918367
 -102.0000000,     -28.0000000,    0.936264
 -102.0000000,     -24.0000000,    0.940851
 -102.0000000,     -20.0000000,    0.895268
 -102.0000000,     -16.0000000,    0.884290
 -102.0000000,     -12.0000000,    0.879780
 -102.0000000,      -8.0000001,    0.930330
 -102.0000000,      -4.0000000,    0.916542
 -102.0000000,       0.0000000,    0.905355
 -102.0000000,       4.0000000,    0.886210
 -102.0000000,       8.0000001,    0.883655
 -102.0000000,      12.0000000,    0.856154
 -102.0000000,      16.0000000,    0.852196
 -102.0000000,      20.0000000,    0.799243
 -102.0000000,      24.0000000,    0.808490
 -102.0000000,      28.0000000,    0.789931
 -102.0000000,      32.0000000,    0.802867
 -102.0000000,      36.0000000,    0.805694
 -102.0000000,      40.0000000,    0.747756
 -102.0000000,      44.0000010,    0.766037
 -102.0000000,      48.0000010,    0.700005
 -102.0000000,      52.0000010,    0.679557
 -102.0000000,      56.0000010,    0.613977
 -102.0000000,      60.0000010,    0.610418
 -102.0000000,      64.0000010,    0.593442
 -102.0000000,      68.0000010,    0.576972
 -102.0000000,      72.0000010,    0.569141
 -102.0000000,      76.0000010,    0.579806
 -102.0000000,      80.0000010,    0.600366
 -102.0000000,      84.0000010,    0.637340
 -102.0000000,      88.0000010,    0.673996
  -98.0000010,     -88.0000010,    0.538078
  -98.0000010,     -84.0000010,    0.549398
  -98.0000010,     -80.0000010,    0.567152
  -98.0000010,     -76.0000010,    0.566559
  -98.0000010,     -72.0000010,    0.620990
  -98.0000010,     -68.0000010,    0.694570
  -98.0000010,     -64.0000010,    0.754495
  -98.0000010,     -60.0000010,    0.782103
  -98.0000010,     -56.0000010,    0.819010
  -98.0000010,     -52.0000010,    0.856073
  -98.0000010,     -48.0000010,    0.895584
  -98.0000010,     -44.0000010,    0.858376
  -98.0000010,     -40.0000000,    0.837077
  -98.0000010,     -36.0000000,    0.808312
  -98.0000010,     -32.0000000,    0.870919
  -98.0000010,     -28.0000000,    0.936896
  -98.0000010,     -24.0000000,    0.981548
  -98.0000010,     -20.0000000,    0.946410
  -98.0000010,     -16.0000000,    0.891264
  -98.0000010,     -12.0000000,    0.872295
  -98.0000010,      -8.0000001,    0.887049
  -98.0000010,      -4.0000000,    0.906641
  -98.0000010,       0.0000000,    0.911323
  -98.0000010,       4.0000000,    0.914100
  -98.0000010,       8.0000001,    0.885062
  -98.0000010,      12.0000000,    0.876254
  -98.0000010,      16.0000000,    0.856222
  -98.0000010,      20.0000000,    0.820315
  -98.0000010,      24.0000000,    0.807460
  -98.0000010,      28.0000000,    0.788901
  -98.0000010,      32.0000000,    0.794024
  -98.0000010,      36.0000000,    0.771981
  -98.0000010,      40.0000000,    0.740613
  -98.0000010,      44.0000010,    0.753367
  -98.0000010,      48.0000010,    0.723080
  -98.0000010,      52.0000010,    0.683210
  -98.0000010,      56.0000010,    0.614297
  -98.0000010,      60.0000010,    0.572746
  -98.0000010,      64.0000010,    0.578851
  -98.0000010,      68.0000010,    0.564468
  -98.0000010,      72.0000010,    0.560188
  -98.0000010,      76.0000010,    0.558041
  -98.0000010,      80.0000010,    0.582572
  -98.0000010,      84.0000010,    0.636816
  -98.0000010,      88.0000010,    0.675542
  -94.0000010,     -88.0000010,    0.551202
  -94.0000010,     -84.0000010,    0.543222
  -94.0000010,     -80.0000010,    0.564539
  -94.0000010,     -76.0000010,    0.576957
  -94.0000010,     -72.0000010,    0.629840
  -94.0000010,     -68.0000010,    0.696781
  -94.0000010,     -64.0000010,    0.746535
  -94.0000010,     -60.0000010,    0.786013
  -94.0000010,     -56.0000010,    0.823913
  -94.0000010,     -52.0000010,    0.873989
  -94.0000010,     -48.0000010,    0.919689
  -94.0000010,     -44.0000010,    0.921812
  -94.0000010,     -40.0000000,    0.902178
  -94.0000010,     -36.0000000,    0.872211
  -94.0000010,     -32.0000000,    0.882261
  -94.0000010,     -28.0000000,    0.929774
  -94.0000010,     -24.0000000,    0.974537
  -94.0000010,     -20.0000000,    0.952304
  -94.0000010,     -16.0000000,    0.893529
  -94.0000010,     -12.0000000,    0.881275
  -94.0000010,      -8.0000001,    0.854925
  -94.0000010,      -4.0000000,    0.857734
  -94.0000010,       0.0000000,    0.844037
  -94.0000010,       4.0000000,    0.893868
  -94.0000010,       8.0000001,    0.877190
  -94.0000010,      12.0000000,    0.882789
  -94.0000010,      16.0000000,    0.837483
  -94.0000010,      20.0000000,    0.826495
  -94.0000010,      24.0000000,    0.807725
  -94.0000010,      28.0000000,    0.793091
  -94.0000010,      32.0000000,    0.780162
  -94.0000010,      36.0000000,    0.733198
  -94.0000010,      40.0000000,    0.722070
  -94.0000010,      44.0000010,    0.722532
  -94.0000010,      48.0000010,    0.713285
  -94.0000010,      52.0000010,    0.651309
  -94.0000010,      56.0000010,    0.605870
  -94.0000010,      60.0000010,    0.582593
  -94.0000010,      64.0000010,    0.607947
  -94.0000010,      68.0000010,    0.592616
  -94.0000010,      72.0000010,    0.569541
  -94.0000010,      76.0000010,    0.566946
  -94.0000010,      80.0000010,    0.575103
  -94.0000010,      84.0000010,    0.634019
  -94.0000010,      88.0000010,    0.666831
  -90.0000010,     -88.0000010,    0.562649
  -90.0000010,     -84.0000010,    0.535532
  -90.0000010,     -80.0000010,    0.536302
  -90.0000010,     -76.0000010,    0.568358
  -90.0000010,     -72.0000010,    0.620296
  -90.0000010,     -68.0000010,    0.674471
  -90.0000010,     -64.0000010,    0.685172
  -90.0000010,     -60.0000010,    0.721765
  -90.0000010,     -56.0000010,    0.771264
  -90.0000010,     -52.0000010,    0.841767
  -90.0000010,     -48.0000010,    0.928415
  -90.0000010,     -44.0000010,    0.949635
  -90.0000010,     -40.0000000,    0.926253
  -90.0000010,     -36.0000000,    0.884830
  -90.0000010,     -32.0000000,    0.907243
  -90.0000010,     -28.0000000,    0.958542
  -90.0000010,     -24.0000000,    1.000000
  -90.0000010,     -20.0000000,    0.950710
  -90.0000010,     -16.0000000,    0.901440
  -90.0000010,     -12.0000000,    0.868579
  -90.0000010,      -8.0000001,    0.832569
  -90.0000010,      -4.0000000,    0.819589
  -90.0000010,       0.0000000,    0.809902
  -90.0000010,       4.0000000,    0.861756
  -90.0000010,       8.0000001,    0.827458
  -90.0000010,      12.0000000,    0.855445
  -90.0000010,      16.0000000,    0.827704
  -90.0000010,      20.0000000,    0.860152
  -90.0000010,      24.0000000,    0.815772
  -90.0000010,      28.0000000,    0.790874
  -90.0000010,      32.0000000,    0.762116
  -90.0000010,      36.0000000,    0.744546
  -90.0000010,      40.0000000,    0.738381
  -90.0000010,      44.0000010,    0.735508
  -90.0000010,      48.0000010,    0.698244
  -90.0000010,      52.0000010,    0.662616
  -90.0000010,      56.0000010,    0.620153
  -90.0000010,      60.0000010,    0.602744
  -90.0000010,      64.0000010,    0.600353
  -90.0000010,      68.0000010,    0.588066
  -90.0000010,      72.0000010,    0.577925
  -90.0000010,      76.0000010,    0.564640
  -90.0000010,      80.0000010,    0.577047
  -90.0000010,      84.0000010,    0.620227
  -90.0000010,      88.0000010,    0.665656
  -86.0000010,     -88.0000010,    0.569375
  -86.0000010,     -84.0000010,    0.540377
  -86.0000010,     -80.0000010,    0.539713
  -86.0000010,     -76.0000010,    0.572754
  -86.0000010,     -72.0000010,    0.619135
  -86.0000010,     -68.0000010,    0.669994
  -86.0000010,     -64.0000010,    0.709182
  -86.0000010,     -60.0000010,    0.756093
  -86.0000010,     -56.0000010,    0.791634
  -86.0000010,     -52.0000010,    0.840088
  -86.0000010,     -48.0000010,    0.893905
  -86.0000010,     -44.0000010,    0.920476
  -86.0000010,     -40.0000000,    0.905549
  -86.0000010,     -36.0000000,    0.910217
  -86.0000010,     -32.0000000,    0.936781
  -86.0000010,     -28.0000000,    0.969051
  -86.0000010,     -24.0000000,    0.974429
  -86.0000010,     -20.0000000,    0.905316
  -86.0000010,     -16.0000000,    0.888829
  -86.0000010,     -12.0000000,    0.855109
  -86.0000010,      -8.0000001,    0.830457
  -86.0000010,      -4.0000000,    0.789726
  -86.0000010,       0.0000000,    0.777003
  -86.0000010,       4.0000000,    0.813839
  -86.0000010,       8.0000001,    0.821019
  -86.0000010,      12.0000000,    0.824463
  -86.0000010,      16.0000000,    0.830472
  -86.0000010,      20.0000000,    0.849883
  -86.0000010,      24.0000000,    0.865250
  -86.0000010,      28.0000000,    0.841848
  -86.0000010,      32.0000000,    0.798792
  -86.0000010,      36.0000000,    0.766237
  -86.0000010,      40.0000000,    0.761843
  -86.0000010,      44.0000010,    0.761686
  -86.0000010,      48.0000010,    0.720490
  -86.0000010,      52.0000010,    0.671033
  -86.0000010,      56.0000010,    0.631202
  -86.0000010,      60.0000010,    0.627621
  -86.0000010,      64.0000010,    0.648703
  -86.0000010,      68.0000010,    0.640999
  -86.0000010,      72.0000010,    0.635933
  -86.0000010,      76.0000010,    0.600501
  -86.0000010,      80.0000010,    0.590553
  -86.0000010,      84.0000010,    0.602317
  -86.0000010,      88.0000010,    0.635858
  -82.0000010,     -88.0000010,    0.571544
  -82.0000010,     -84.0000010,    0.546832
  -82.0000010,     -80.0000010,    0.517845
  -82.0000010,     -76.0000010,    0.553484
  -82.0000010,     -72.0000010,    0.579842
  -82.0000010,     -68.0000010,    0.655545
  -82.0000010,     -64.0000010,    0.694029
  -82.0000010,     -60.0000010,    0.752382
  -82.0000010,     -56.0000010,    0.798988
  -82.0000010,     -52.0000010,    0.851135
  -82.0000010,     -48.0000010,    0.899686
  -82.0000010,     -44.0000010,    0.901181
  -82.0000010,     -40.0000000,    0.878114
  -82.0000010,     -36.0000000,    0.858553
  -82.0000010,     -32.0000000,    0.875186
  -82.0000010,     -28.0000000,    0.912341
  -82.0000010,     -24.0000000,    0.917322
  -82.0000010,     -20.0000000,    0.882310
  -82.0000010,     -16.0000000,    0.856681
  -82.0000010,     -12.0000000,    0.811689
  -82.0000010,      -8.0000001,    0.796175
  -82.0000010,      -4.0000000,    0.769829
  -82.0000010,       0.0000000,    0.797094
  -82.0000010,       4.0000000,    0.777358
  -82.0000010,       8.0000001,    0.783825
  -82.0000010,      12.0000000,    0.787408
  -82.0000010,      16.0000000,    0.817729
  -82.0000010,      20.0000000,    0.832202
  -82.0000010,      24.0000000,    0.846467
  -82.0000010,      28.0000000,    0.828530
  -82.0000010,      32.0000000,    0.784309
  -82.0000010,      36.0000000,    0.758750
  -82.0000010,      40.0000000,    0.751833
  -82.0000010,      44.0000010,    0.758366
  -82.0000010,      48.0000010,    0.716958
  -82.0000010,      52.0000010,    0.685324
  -82.0000010,      56.0000010,    0.631016
  -82.0000010,      60.0000010,    0.621080
  -82.0000010,      64.0000010,    0.617825
  -82.0000010,      68.0000010,    0.623737
  -82.0000010,      72.0000010,    0.620286
  -82.0000010,      76.0000010,    0.572137
  -82.0000010,      80.0000010,    0.576662
  -82.0000010,      84.0000010,    0.573543
  -82.0000010,      88.0000010,    0.620546
  -78.0000010,     -88.0000010,    0.587666
  -78.0000010,     -84.0000010,    0.588601
  -78.0000010,     -80.0000010,    0.584735
  -78.0000010,     -76.0000010,    0.597448
  -78.0000010,     -72.0000010,    0.598637
  -78.0000010,     -68.0000010,    0.637573
  -78.0000010,     -64.0000010,    0.690190
  -78.0000010,     -60.0000010,    0.768175
  -78.0000010,     -56.0000010,    0.824763
  -78.0000010,     -52.0000010,    0.862376
  -78.0000010,     -48.0000010,    0.863607
  -78.0000010,     -44.0000010,    0.878411
  -78.0000010,     -40.0000000,    0.887820
  -78.0000010,     -36.0000000,    0.915090
  -78.0000010,     -32.0000000,    0.907234
  -78.0000010,     -28.0000000,    0.900867
  -78.0000010,     -24.0000000,    0.881998
  -78.0000010,     -20.0000000,    0.877726
  -78.0000010,     -16.0000000,    0.863833
  -78.0000010,     -12.0000000,    0.815068
  -78.0000010,      -8.0000001,    0.802143
  -78.0000010,      -4.0000000,    0.790721
  -78.0000010,       0.0000000,    0.826657
  -78.0000010,       4.0000000,    0.786466
  -78.0000010,       8.0000001,    0.803291
  -78.0000010,      12.0000000,    0.810816
  -78.0000010,      16.0000000,    0.846174
  -78.0000010,      20.0000000,    0.827653
  -78.0000010,      24.0000000,    0.823726
  -78.0000010,      28.0000000,    0.797231
  -78.0000010,      32.0000000,    0.776374
  -78.0000010,      36.0000000,    0.736216
  -78.0000010,      40.0000000,    0.747683
  -78.0000010,      44.0000010,    0.750725
  -78.0000010,      48.0000010,    0.746799
  -78.0000010,      52.0000010,    0.712071
  -78.0000010,      56.0000010,    0.641923
  -78.0000010,      60.0000010,    0.613634
  -78.0000010,      64.0000010,    0.605788
  -78.0000010,      68.0000010,    0.613422
  -78.0000010,      72.0000010,    0.619082
  -78.0000010,      76.0000010,    0.583897
  -78.0000010,      80.0000010,    0.588558
  -78.0000010,      84.0000010,    0.580613
  -78.0000010,      88.0000010,    0.602679
  -74.0000010,     -88.0000010,    0.601487
  -74.0000010,     -84.0000010,    0.604417
  -74.0000010,     -80.0000010,    0.596210
  -74.0000010,     -76.0000010,    0.600124
  -74.0000010,     -72.0000010,    0.587833
  -74.0000010,     -68.0000010,    0.626331
  -74.0000010,     -64.0000010,    0.683320
  -74.0000010,     -60.0000010,    0.759662
  -74.0000010,     -56.0000010,    0.806459
  -74.0000010,     -52.0000010,    0.845264
  -74.0000010,     -48.0000010,    0.874186
  -74.0000010,     -44.0000010,    0.903264
  -74.0000010,     -40.0000000,    0.906666
  -74.0000010,     -36.0000000,    0.898841
  -74.0000010,     -32.0000000,    0.877546
  -74.0000010,     -28.0000000,    0.879452
  -74.0000010,     -24.0000000,    0.882867
  -74.0000010,     -20.0000000,    0.882471
  -74.0000010,     -16.0000000,    0.847118
  -74.0000010,     -12.0000000,    0.802287
  -74.0000010,      -8.0000001,    0.798988
  -74.0000010,      -4.0000000,    0.788519
  -74.0000010,       0.0000000,    0.817426
  -74.0000010,       4.0000000,    0.795847
  -74.0000010,       8.0000001,    0.812231
  -74.0000010,      12.0000000,    0.822998
  -74.0000010,      16.0000000,    0.849376
  -74.0000010,      20.0000000,    0.838125
  -74.0000010,      24.0000000,    0.812657
  -74.0000010,      28.0000000,    0.767641
  -74.0000010,      32.0000000,    0.766838
  -74.0000010,      36.0000000,    0.720002
  -74.0000010,      40.0000000,    0.706583
  -74.0000010,      44.0000010,    0.695607
  -74.0000010,      48.0000010,    0.687776
  -74.0000010,      52.0000010,    0.689056
  -74.0000010,      56.0000010,    0.614849
  -74.0000010,      60.0000010,    0.594481
  -74.0000010,      64.0000010,    0.566171
  -74.0000010,      68.0000010,    0.581023
  -74.0000010,      72.0000010,    0.599771
  -74.0000010,      76.0000010,    0.589385
  -74.0000010,      80.0000010,    0.599834
  -74.0000010,      84.0000010,    0.590914
  -74.0000010,      88.0000010,    0.596451
  -70.0000010,     -88.0000010,    0.598856
  -70.0000010,     -84.0000010,    0.603935
  -70.0000010,     -80.0000010,    0.630811
  -70.0000010,     -76.0000010,    0.638165
  -70.0000010,     -72.0000010,    0.645423
  -70.0000010,     -68.0000010,    0.651384
  -70.0000010,     -64.0000010,    0.710728
  -70.0000010,     -60.0000010,    0.764141
  -70.0000010,     -56.0000010,    0.803274
  -70.0000010,     -52.0000010,    0.824108
  -70.0000010,     -48.0000010,    0.841209
  -70.0000010,     -44.0000010,    0.864310
  -70.0000010,     -40.0000000,    0.873964
  -70.0000010,     -36.0000000,    0.897977
  -70.0000010,     -32.0000000,    0.912370
  -70.0000010,     -28.0000000,    0.894309
  -70.0000010,     -24.0000000,    0.896555
  -70.0000010,     -20.0000000,    0.884342
  -70.0000010,     -16.0000000,    0.871665
  -70.0000010,     -12.0000000,    0.837993
  -70.0000010,      -8.0000001,    0.840253
  -70.0000010,      -4.0000000,    0.817186
  -70.0000010,       0.0000000,    0.819286
  -70.0000010,       4.0000000,    0.803544
  -70.0000010,       8.0000001,    0.837146
  -70.0000010,      12.0000000,    0.854287
  -70.0000010,      16.0000000,    0.895992
  -70.0000010,      20.0000000,    0.888789
  -70.0000010,      24.0000000,    0.851830
  -70.0000010,      28.0000000,    0.786632
  -70.0000010,      32.0000000,    0.806100
  -70.0000010,      36.0000000,    0.749995
  -70.0000010,      40.0000000,    0.728646
  -70.0000010,      44.0000010,    0.703251
  -70.0000010,      48.0000010,    0.721646
  -70.0000010,      52.0000010,    0.721231
  -70.0000010,      56.0000010,    0.622543
  -70.0000010,      60.0000010,    0.567239
  -70.0000010,      64.0000010,    0.546671
  -70.0000010,      68.0000010,    0.564806
  -70.0000010,      72.0000010,    0.583187
  -70.0000010,      76.0000010,    0.571824
  -70.0000010,      80.0000010,    0.594372
  -70.0000010,      84.0000010,    0.610705
  -70.0000010,      88.0000010,    0.603546
  -66.0000010,     -88.0000010,    0.593583
  -66.0000010,     -84.0000010,    0.595527
  -66.0000010,     -80.0000010,    0.610816
  -66.0000010,     -76.0000010,    0.626805
  -66.0000010,     -72.0000010,    0.629002
  -66.0000010,     -68.0000010,    0.646552
  -66.0000010,     -64.0000010,    0.693875
  -66.0000010,     -60.0000010,    0.732640
  -66.0000010,     -56.0000010,    0.760890
  -66.0000010,     -52.0000010,    0.778821
  -66.0000010,     -48.0000010,    0.813849
  -66.0000010,     -44.0000010,    0.841256
  -66.0000010,     -40.0000000,    0.820357
  -66.0000010,     -36.0000000,    0.833971
  -66.0000010,     -32.0000000,    0.850829
  -66.0000010,     -28.0000000,    0.885465
  -66.0000010,     -24.0000000,    0.880433
  -66.0000010,     -20.0000000,    0.876175
  -66.0000010,     -16.0000000,    0.857385
  -66.0000010,     -12.0000000,    0.860598
  -66.0000010,      -8.0000001,    0.859115
  -66.0000010,      -4.0000000,    0.848933
  -66.0000010,       0.0000000,    0.828897
  -66.0000010,       4.0000000,    0.832050
  -66.0000010,       8.0000001,    0.852196
  -66.0000010,      12.0000000,    0.846832
  -66.0000010,      16.0000000,    0.852057
  -66.0000010,      20.0000000,    0.834898
  -66.0000010,      24.0000000,    0.827658
  -66.0000010,      28.0000000,    0.778797
  -66.0000010,      32.0000000,    0.813694
  -66.0000010,      36.0000000,    0.756226
  -66.0000010,      40.0000000,    0.714421
  -66.0000010,      44.0000010,    0.683438
  -66.0000010,      48.0000010,    0.694554
  -66.0000010,      52.0000010,    0.684848
  -66.0000010,      56.0000010,    0.601257
  -66.0000010,      60.0000010,    0.567834
  -66.0000010,      64.0000010,    0.564331
  -66.0000010,      68.0000010,    0.566283
  -66.0000010,      72.0000010,    0.556871
  -66.0000010,      76.0000010,    0.554262
  -66.0000010,      80.0000010,    0.573434
  -66.0000010,      84.0000010,    0.599411
  -66.0000010,      88.0000010,    0.591785
  -62.0000010,     -88.0000010,    0.591704
  -62.0000010,     -84.0000010,    0.584380
  -62.0000010,     -80.0000010,    0.578057
  -62.0000010,     -76.0000010,    0.620924
  -62.0000010,     -72.0000010,    0.636633
  -62.0000010,     -68.0000010,    0.662994
  -62.0000010,     -64.0000010,    0.672695
  -62.0000010,     -60.0000010,    0.700267
  -62.0000010,     -56.0000010,    0.776238
  -62.0000010,     -52.0000010,    0.790375
  -62.0000010,     -48.0000010,    0.823583
  -62.0000010,     -44.0000010,    0.831346
  -62.0000010,     -40.0000000,    0.829650
  -62.0000010,     -36.0000000,    0.877760
  -62.0000010,     -32.0000000,    0.883321
  -62.0000010,     -28.0000000,    0.913368
  -62.0000010,     -24.0000000,    0.864026
  -62.0000010,     -20.0000000,    0.864027
  -62.0000010,     -16.0000000,    0.836027
  -62.0000010,     -12.0000000,    0.836789
  -62.0000010,      -8.0000001,    0.836403
  -62.0000010,      -4.0000000,    0.842520
  -62.0000010,       0.0000000,    0.835897
  -62.0000010,       4.0000000,    0.809951
  -62.0000010,       8.0000001,    0.848337
  -62.0000010,      12.0000000,    0.853660
  -62.0000010,      16.0000000,    0.833463
  -62.0000010,      20.0000000,    0.754171
  -62.0000010,      24.0000000,    0.724768
  -62.0000010,      28.0000000,    0.706846
  -62.0000010,      32.0000000,    0.746051
  -62.0000010,      36.0000000,    0.731964
  -62.0000010,      40.0000000,    0.719673
  -62.0000010,      44.0000010,    0.710888
  -62.0000010,      48.0000010,    0.706694
  -62.0000010,      52.0000010,    0.687328
  -62.0000010,      56.0000010,    0.627105
  -62.0000010,      60.0000010,    0.595126
  -62.0000010,      64.0000010,    0.585242
  -62.0000010,      68.0000010,    0.575125
  -62.0000010,      72.0000010,    0.547493
  -62.0000010,      76.0000010,    0.538122
  -62.0000010,      80.0000010,    0.553161
  -62.0000010,      84.0000010,    0.581483
  -62.0000010,      88.0000010,    0.575936
  -58.0000010,     -88.0000010,    0.588459
  -58.0000010,     -84.0000010,    0.565620
  -58.0000010,     -80.0000010,    0.562762
  -58.0000010,     -76.0000010,    0.590688
  -58.0000010,     -72.0000010,    0.632889
  -58.0000010,     -68.0000010,    0.644420
  -58.0000010,     -64.0000010,    0.643845
  -58.0000010,     -60.0000010,    0.665724
  -58.0000010,     -56.0000010,    0.761813
  -58.0000010,     -52.0000010,    0.778518
  -58.0000010,     -48.0000010,    0.815123
  -58.0000010,     -44.0000010,    0.833746
  -58.0000010,     -40.0000000,    0.836542
  -58.0000010,     -36.0000000,    0.874590
  -58.0000010,     -32.0000000,    0.850439
  -58.0000010,     -28.0000000,    0.886210
  -58.0000010,     -24.0000000,    0.836405
  -58.0000010,     -20.0000000,    0.836264
  -58.0000010,     -16.0000000,    0.833902
  -58.0000010,     -12.0000000,    0.840638
  -58.0000010,      -8.0000001,    0.853652
  -58.0000010,      -4.0000000,    0.853963
  -58.0000010,       0.0000000,    0.838239
  -58.0000010,       4.0000000,    0.791545
  -58.0000010,       8.0000001,    0.794448
  -58.0000010,      12.0000000,    0.808099
  -58.0000010,      16.0000000,    0.787451
  -58.0000010,      20.0000000,    0.719036
  -58.0000010,      24.0000000,    0.700355
  -58.0000010,      28.0000000,    0.701032
  -58.0000010,      32.0000000,    0.732238
  -58.0000010,      36.0000000,    0.712255
  -58.0000010,      40.0000000,    0.703824
  -58.0000010,      44.0000010,    0.703933
  -58.0000010,      48.0000010,    0.712960
  -58.0000010,      52.0000010,    0.682076
  -58.0000010,      56.0000010,    0.649507
  -58.0000010,      60.0000010,    0.608024
  -58.0000010,      64.0000010,    0.594838
  -58.0000010,      68.0000010,    0.582226
  -58.0000010,      72.0000010,    0.574242
  -58.0000010,      76.0000010,    0.584729
  -58.0000010,      80.0000010,    0.578454
  -58.0000010,      84.0000010,    0.571997
  -58.0000010,      88.0000010,    0.553761
  -54.0000010,     -88.0000010,    0.577494
  -54.0000010,     -84.0000010,    0.561273
  -54.0000010,     -80.0000010,    0.575877
  -54.0000010,     -76.0000010,    0.586391
  -54.0000010,     -72.0000010,    0.624792
  -54.0000010,     -68.0000010,    0.646734
  -54.0000010,     -64.0000010,    0.673199
  -54.0000010,     -60.0000010,    0.692421
  -54.0000010,     -56.0000010,    0.788490
  -54.0000010,     -52.0000010,    0.780236
  -54.0000010,     -48.0000010,    0.820471
  -54.0000010,     -44.0000010,    0.817847
  -54.0000010,     -40.0000000,    0.849910
  -54.0000010,     -36.0000000,    0.889628
  -54.0000010,     -32.0000000,    0.836887
  -54.0000010,     -28.0000000,    0.848661
  -54.0000010,     -24.0000000,    0.820308
  -54.0000010,     -20.0000000,    0.822437
  -54.0000010,     -16.0000000,    0.814139
  -54.0000010,     -12.0000000,    0.786272
  -54.0000010,      -8.0000001,    0.813705
  -54.0000010,      -4.0000000,    0.800910
  -54.0000010,       0.0000000,    0.812820
  -54.0000010,       4.0000000,    0.747092
  -54.0000010,       8.0000001,    0.756022
  -54.0000010,      12.0000000,    0.774839
  -54.0000010,      16.0000000,    0.805421
  -54.0000010,      20.0000000,    0.759886
  -54.0000010,      24.0000000,    0.716424
  -54.0000010,      28.0000000,    0.695696
  -54.0000010,      32.0000000,    0.703043
  -54.0000010,      36.0000000,    0.684164
  -54.0000010,      40.0000000,    0.663761
  -54.0000010,      44.0000010,    0.656843
  -54.0000010,      48.0000010,    0.671644
  -54.0000010,      52.0000010,    0.669593
  -54.0000010,      56.0000010,    0.663855
  -54.0000010,      60.0000010,    0.629761
  -54.0000010,      64.0000010,    0.599162
  -54.0000010,      68.0000010,    0.579426
  -54.0000010,      72.0000010,    0.575487
  -54.0000010,      76.0000010,    0.584484
  -54.0000010,      80.0000010,    0.588055
  -54.0000010,      84.0000010,    0.575174
  -54.0000010,      88.0000010,    0.565693
  -50.0000010,     -88.0000010,    0.564809
  -50.0000010,     -84.0000010,    0.542924
  -50.0000010,     -80.0000010,    0.582342
  -50.0000010,     -76.0000010,    0.578273
  -50.0000010,     -72.0000010,    0.620286
  -50.0000010,     -68.0000010,    0.623861
  -50.0000010,     -64.0000010,    0.658578
  -50.0000010,     -60.0000010,    0.688181
  -50.0000010,     -56.0000010,    0.743754
  -50.0000010,     -52.0000010,    0.752050
  -50.0000010,     -48.0000010,    0.762528
  -50.0000010,     -44.0000010,    0.769632
  -50.0000010,     -40.0000000,    0.783799
  -50.0000010,     -36.0000000,    0.841655
  -50.0000010,     -32.0000000,    0.807042
  -50.0000010,     -28.0000000,    0.848460
  -50.0000010,     -24.0000000,    0.834129
  -50.0000010,     -20.0000000,    0.846385
  -50.0000010,     -16.0000000,    0.824755
  -50.0000010,     -12.0000000,    0.815669
  -50.0000010,      -8.0000001,    0.858454
  -50.0000010,      -4.0000000,    0.833493
  -50.0000010,       0.0000000,    0.813164
  -50.0000010,       4.0000000,    0.743375
  -50.0000010,       8.0000001,    0.724428
  -50.0000010,      12.0000000,    0.711565
  -50.0000010,      16.0000000,    0.738235
  -50.0000010,      20.0000000,    0.727075
  -50.0000010,      24.0000000,    0.730319
  -50.0000010,      28.0000000,    0.724419
  -50.0000010,      32.0000000,    0.735934
  -50.0000010,      36.0000000,    0.679742
  -50.0000010,      40.0000000,    0.670495
  -50.0000010,      44.0000010,    0.667369
  -50.0000010,      48.0000010,    0.729824
  -50.0000010,      52.0000010,    0.686585
  -50.0000010,      56.0000010,    0.674328
  -50.0000010,      60.0000010,    0.611993
  -50.0000010,      64.0000010,    0.595124
  -50.0000010,      68.0000010,    0.572815
  -50.0000010,      72.0000010,    0.579819
  -50.0000010,      76.0000010,    0.583489
  -50.0000010,      80.0000010,    0.584182
  -50.0000010,      84.0000010,    0.581963
  -50.0000010,      88.0000010,    0.583980
  -46.0000010,     -88.0000010,    0.551051
  -46.0000010,     -84.0000010,    0.557693
  -46.0000010,     -80.0000010,    0.582584
  -46.0000010,     -76.0000010,    0.604079
  -46.0000010,     -72.0000010,    0.606313
  -46.0000010,     -68.0000010,    0.630687
  -46.0000010,     -64.0000010,    0.659207
  -46.0000010,     -60.0000010,    0.709901
  -46.0000010,     -56.0000010,    0.746562
  -46.0000010,     -52.0000010,    0.771086
  -46.0000010,     -48.0000010,    0.769342
  -46.0000010,     -44.0000010,    0.781723
  -46.0000010,     -40.0000000,    0.785977
  -46.0000010,     -36.0000000,    0.857699
  -46.0000010,     -32.0000000,    0.821662
  -46.0000010,     -28.0000000,    0.876224
  -46.0000010,     -24.0000000,    0.863674
  -46.0000010,     -20.0000000,    0.858124
  -46.0000010,     -16.0000000,    0.798690
  -46.0000010,     -12.0000000,    0.763448
  -46.0000010,      -8.0000001,    0.810396
  -46.0000010,      -4.0000000,    0.827978
  -46.0000010,       0.0000000,    0.828359
  -46.0000010,       4.0000000,    0.770311
  -46.0000010,       8.0000001,    0.736163
  -46.0000010,      12.0000000,    0.696273
  -46.0000010,      16.0000000,    0.728422
  -46.0000010,      20.0000000,    0.721856
  -46.0000010,      24.0000000,    0.713051
  -46.0000010,      28.0000000,    0.698224
  -46.0000010,      32.0000000,    0.691465
  -46.0000010,      36.0000000,    0.661672
  -46.0000010,      40.0000000,    0.675039
  -46.0000010,      44.0000010,    0.682591
  -46.0000010,      48.0000010,    0.728495
  -46.0000010,      52.0000010,    0.677117
  -46.0000010,      56.0000010,    0.639227
  -46.0000010,      60.0000010,    0.580213
  -46.0000010,      64.0000010,    0.557613
  -46.0000010,      68.0000010,    0.563035
  -46.0000010,      72.0000010,    0.596081
  -46.0000010,      76.0000010,    0.582462
  -46.0000010,      80.0000010,    0.571265
  -46.0000010,      84.0000010,    0.567332
  -46.0000010,      88.0000010,    0.598270
  -42.0000000,     -88.0000010,    0.544003
  -42.0000000,     -84.0000010,    0.573906
  -42.0000000,     -80.0000010,    0.590087
  -42.0000000,     -76.0000010,    0.634048
  -42.0000000,     -72.0000010,    0.632714
  -42.0000000,     -68.0000010,    0.659681
  -42.0000000,     -64.0000010,    0.669144
  -42.0000000,     -60.0000010,    0.689309
  -42.0000000,     -56.0000010,    0.724219
  -42.0000000,     -52.0000010,    0.788449
  -42.0000000,     -48.0000010,    0.816734
  -42.0000000,     -44.0000010,    0.818356
  -42.0000000,     -40.0000000,    0.788395
  -42.0000000,     -36.0000000,    0.820006
  -42.0000000,     -32.0000000,    0.830762
  -42.0000000,     -28.0000000,    0.893834
  -42.0000000,     -24.0000000,    0.906415
  -42.0000000,     -20.0000000,    0.884047
  -42.0000000,     -16.0000000,    0.827672
  -42.0000000,     -12.0000000,    0.781528
  -42.0000000,      -8.0000001,    0.814510
  -42.0000000,      -4.0000000,    0.831971
  -42.0000000,       0.0000000,    0.824616
  -42.0000000,       4.0000000,    0.785496
  -42.0000000,       8.0000001,    0.758625
  -42.0000000,      12.0000000,    0.723723
  -42.0000000,      16.0000000,    0.738913
  -42.0000000,      20.0000000,    0.723285
  -42.0000000,      24.0000000,    0.740491
  -42.0000000,      28.0000000,    0.714315
  -42.0000000,      32.0000000,    0.710163
  -42.0000000,      36.0000000,    0.698800
  -42.0000000,      40.0000000,    0.739947
  -42.0000000,      44.0000010,    0.761759
  -42.0000000,      48.0000010,    0.777204
  -42.0000000,      52.0000010,    0.705481
  -42.0000000,      56.0000010,    0.621599
  -42.0000000,      60.0000010,    0.550039
  -42.0000000,      64.0000010,    0.537061
  -42.0000000,      68.0000010,    0.577252
  -42.0000000,      72.0000010,    0.602671
  -42.0000000,      76.0000010,    0.572806
  -42.0000000,      80.0000010,    0.550780
  -42.0000000,      84.0000010,    0.563555
  -42.0000000,      88.0000010,    0.606761
  -38.0000000,     -88.0000010,    0.563586
  -38.0000000,     -84.0000010,    0.601275
  -38.0000000,     -80.0000010,    0.614668
  -38.0000000,     -76.0000010,    0.651373
  -38.0000000,     -72.0000010,    0.655252
  -38.0000000,     -68.0000010,    0.677391
  -38.0000000,     -64.0000010,    0.690076
  -38.0000000,     -60.0000010,    0.701640
  -38.0000000,     -56.0000010,    0.749101
  -38.0000000,     -52.0000010,    0.774957
  -38.0000000,     -48.0000010,    0.812925
  -38.0000000,     -44.0000010,    0.818884
  -38.0000000,     -40.0000000,    0.821424
  -38.0000000,     -36.0000000,    0.831321
  -38.0000000,     -32.0000000,    0.825027
  -38.0000000,     -28.0000000,    0.861295
  -38.0000000,     -24.0000000,    0.870382
  -38.0000000,     -20.0000000,    0.839363
  -38.0000000,     -16.0000000,    0.818778
  -38.0000000,     -12.0000000,    0.753702
  -38.0000000,      -8.0000001,    0.767713
  -38.0000000,      -4.0000000,    0.789621
  -38.0000000,       0.0000000,    0.794309
  -38.0000000,       4.0000000,    0.769693
  -38.0000000,       8.0000001,    0.737185
  -38.0000000,      12.0000000,    0.751208
  -38.0000000,      16.0000000,    0.795575
  -38.0000000,      20.0000000,    0.783374
  -38.0000000,      24.0000000,    0.762342
  -38.0000000,      28.0000000,    0.721925
  -38.0000000,      32.0000000,    0.722909
  -38.0000000,      36.0000000,    0.737548
  -38.0000000,      40.0000000,    0.737500
  -38.0000000,      44.0000010,    0.746441
  -38.0000000,      48.0000010,    0.727930
  -38.0000000,      52.0000010,    0.702803
  -38.0000000,      56.0000010,    0.622297
  -38.0000000,      60.0000010,    0.571067
  -38.0000000,      64.0000010,    0.545997
  -38.0000000,      68.0000010,    0.582589
  -38.0000000,      72.0000010,    0.598174
  -38.0000000,      76.0000010,    0.610063
  -38.0000000,      80.0000010,    0.581721
  -38.0000000,      84.0000010,    0.599198
  -38.0000000,      88.0000010,    0.613217
  -34.0000000,     -88.0000010,    0.585261
  -34.0000000,     -84.0000010,    0.586861
  -34.0000000,     -80.0000010,    0.591149
  -34.0000000,     -76.0000010,    0.612123
  -34.0000000,     -72.0000010,    0.650325
  -34.0000000,     -68.0000010,    0.676032
  -34.0000000,     -64.0000010,    0.719354
  -34.0000000,     -60.0000010,    0.733740
  -34.0000000,     -56.0000010,    0.743635
  -34.0000000,     -52.0000010,    0.733286
  -34.0000000,     -48.0000010,    0.762351
  -34.0000000,     -44.0000010,    0.800555
  -34.0000000,     -40.0000000,    0.822897
  -34.0000000,     -36.0000000,    0.830628
  -34.0000000,     -32.0000000,    0.814070
  -34.0000000,     -28.0000000,    0.853395
  -34.0000000,     -24.0000000,    0.865221
  -34.0000000,     -20.0000000,    0.846839
  -34.0000000,     -16.0000000,    0.828534
  -34.0000000,     -12.0000000,    0.767409
  -34.0000000,      -8.0000001,    0.787246
  -34.0000000,      -4.0000000,    0.765205
  -34.0000000,       0.0000000,    0.758371
  -34.0000000,       4.0000000,    0.730552
  -34.0000000,       8.0000001,    0.755068
  -34.0000000,      12.0000000,    0.773350
  -34.0000000,      16.0000000,    0.825187
  -34.0000000,      20.0000000,    0.794128
  -34.0000000,      24.0000000,    0.774154
  -34.0000000,      28.0000000,    0.726026
  -34.0000000,      32.0000000,    0.723510
  -34.0000000,      36.0000000,    0.763462
  -34.0000000,      40.0000000,    0.733286
  -34.0000000,      44.0000010,    0.712997
  -34.0000000,      48.0000010,    0.656235
  -34.0000000,      52.0000010,    0.663427
  -34.0000000,      56.0000010,    0.641630
  -34.0000000,      60.0000010,    0.627673
  -34.0000000,      64.0000010,    0.614350
  -34.0000000,      68.0000010,    0.608915
  -34.0000000,      72.0000010,    0.597067
  -34.0000000,      76.0000010,    0.638485
  -34.0000000,      80.0000010,    0.623993
  -34.0000000,      84.0000010,    0.647791
  -34.0000000,      88.0000010,    0.618142
  -30.0000000,     -88.0000010,    0.621406
  -30.0000000,     -84.0000010,    0.581425
  -30.0000000,     -80.0000010,    0.577921
  -30.0000000,     -76.0000010,    0.582833
  -30.0000000,     -72.0000010,    0.659569
  -30.0000000,     -68.0000010,    0.697092
  -30.0000000,     -64.0000010,    0.740989
  -30.0000000,     -60.0000010,    0.755391
  -30.0000000,     -56.0000010,    0.743368
  -30.0000000,     -52.0000010,    0.719480
  -30.0000000,     -48.0000010,    0.728898
  -30.0000000,     -44.0000010,    0.771350
  -30.0000000,     -40.0000000,    0.827864
  -30.0000000,     -36.0000000,    0.868907
  -30.0000000,     -32.0000000,    0.843970
  -30.0000000,     -28.0000000,    0.853070
  -30.0000000,     -24.0000000,    0.840772
  -30.0000000,     -20.0000000,    0.793504
  -30.0000000,     -16.0000000,    0.773800
  -30.0000000,     -12.0000000,    0.708620
  -30.0000000,      -8.0000001,    0.767866
  -30.0000000,      -4.0000000,    0.728387
  -30.0000000,       0.0000000,    0.723745
  -30.0000000,       4.0000000,    0.695850
  -30.0000000,       8.0000001,    0.750808
  -30.0000000,      12.0000000,    0.782195
  -30.0000000,      16.0000000,    0.806291
  -30.0000000,      20.0000000,    0.786207
  -30.0000000,      24.0000000,    0.745391
  -30.0000000,      28.0000000,    0.722315
  -30.0000000,      32.0000000,    0.710609
  -30.0000000,      36.0000000,    0.741334
  -30.0000000,      40.0000000,    0.715068
  -30.0000000,      44.0000010,    0.701966
  -30.0000000,      48.0000010,    0.681104
  -30.0000000,      52.0000010,    0.683409
  -30.0000000,      56.0000010,    0.672819
  -30.0000000,      60.0000010,    0.655167
  -30.0000000,      64.0000010,    0.642861
  -30.0000000,      68.0000010,    0.621281
  -30.0000000,      72.0000010,    0.612025
  -30.0000000,      76.0000010,    0.667723
  -30.0000000,      80.0000010,    0.647886
  -30.0000000,      84.0000010,    0.646873
  -30.0000000,      88.0000010,    0.594837
  -26.0000000,     -88.0000010,    0.625120
  -26.0000000,     -84.0000010,    0.592274
  -26.0000000,     -80.0000010,    0.603310
  -26.0000000,     -76.0000010,    0.618736
  -26.0000000,     -72.0000010,    0.669648
  -26.0000000,     -68.0000010,    0.688178
  -26.0000000,     -64.0000010,    0.737321
  -26.0000000,     -60.0000010,    0.758026
  -26.0000000,     -56.0000010,    0.756672
  -26.0000000,     -52.0000010,    0.779007
  -26.0000000,     -48.0000010,    0.784100
  -26.0000000,     -44.0000010,    0.800005
  -26.0000000,     -40.0000000,    0.803045
  -26.0000000,     -36.0000000,    0.821629
  -26.0000000,     -32.0000000,    0.801756
  -26.0000000,     -28.0000000,    0.792506
  -26.0000000,     -24.0000000,    0.809284
  -26.0000000,     -20.0000000,    0.770237
  -26.0000000,     -16.0000000,    0.776433
  -26.0000000,     -12.0000000,    0.744978
  -26.0000000,      -8.0000001,    0.825239
  -26.0000000,      -4.0000000,    0.774701
  -26.0000000,       0.0000000,    0.762016
  -26.0000000,       4.0000000,    0.734256
  -26.0000000,       8.0000001,    0.787857
  -26.0000000,      12.0000000,    0.784013
  -26.0000000,      16.0000000,    0.779522
  -26.0000000,      20.0000000,    0.757794
  -26.0000000,      24.0000000,    0.727713
  -26.0000000,      28.0000000,    0.701769
  -26.0000000,      32.0000000,    0.680336
  -26.0000000,      36.0000000,    0.709745
  -26.0000000,      40.0000000,    0.705612
  -26.0000000,      44.0000010,    0.684454
  -26.0000000,      48.0000010,    0.669347
  -26.0000000,      52.0000010,    0.675903
  -26.0000000,      56.0000010,    0.691706
  -26.0000000,      60.0000010,    0.672592
  -26.0000000,      64.0000010,    0.657221
  -26.0000000,      68.0000010,    0.635084
  -26.0000000,      72.0000010,    0.640463
  -26.0000000,      76.0000010,    0.662482
  -26.0000000,      80.0000010,    0.646459
  -26.0000000,      84.0000010,    0.615745
  -26.0000000,      88.0000010,    0.570424
  -22.0000000,     -88.0000010,    0.627722
  -22.0000000,     -84.0000010,    0.608404
  -22.0000000,     -80.0000010,    0.605728
  -22.0000000,     -76.0000010,    0.628851
  -22.0000000,     -72.0000010,    0.681745
  -22.0000000,     -68.0000010,    0.707971
  -22.0000000,     -64.0000010,    0.727123
  -22.0000000,     -60.0000010,    0.725632
  -22.0000000,     -56.0000010,    0.752410
  -22.0000000,     -52.0000010,    0.803120
  -22.0000000,     -48.0000010,    0.821084
  -22.0000000,     -44.0000010,    0.830558
  -22.0000000,     -40.0000000,    0.810965
  -22.0000000,     -36.0000000,    0.816363
  -22.0000000,     -32.0000000,    0.798564
  -22.0000000,     -28.0000000,    0.790727
  -22.0000000,     -24.0000000,    0.792421
  -22.0000000,     -20.0000000,    0.776179
  -22.0000000,     -16.0000000,    0.782766
  -22.0000000,     -12.0000000,    0.780108
  -22.0000000,      -8.0000001,    0.804888
  -22.0000000,      -4.0000000,    0.754487
  -22.0000000,       0.0000000,    0.751870
  -22.0000000,       4.0000000,    0.754270
  -22.0000000,       8.0000001,    0.795200
  -22.0000000,      12.0000000,    0.773112
  -22.0000000,      16.0000000,    0.744123
  -22.0000000,      20.0000000,    0.725657
  -22.0000000,      24.0000000,    0.717008
  -22.0000000,      28.0000000,    0.682316
  -22.0000000,      32.0000000,    0.684969
  -22.0000000,      36.0000000,    0.676638
  -22.0000000,      40.0000000,    0.711998
  -22.0000000,      44.0000010,    0.717007
  -22.0000000,      48.0000010,    0.712763
  -22.0000000,      52.0000010,    0.702989
  -22.0000000,      56.0000010,    0.687384
  -22.0000000,      60.0000010,    0.682430
  -22.0000000,      64.0000010,    0.648758
  -22.0000000,      68.0000010,    0.629040
  -22.0000000,      72.0000010,    0.612247
  -22.0000000,      76.0000010,    0.619514
  -22.0000000,      80.0000010,    0.605291
  -22.0000000,      84.0000010,    0.580908
  -22.0000000,      88.0000010,    0.554891
  -18.0000000,     -88.0000010,    0.579984
  -18.0000000,     -84.0000010,    0.579442
  -18.0000000,     -80.0000010,    0.593708
  -18.0000000,     -76.0000010,    0.652273
  -18.0000000,     -72.0000010,    0.690216
  -18.0000000,     -68.0000010,    0.687641
  -18.0000000,     -64.0000010,    0.697526
  -18.0000000,     -60.0000010,    0.702699
  -18.0000000,     -56.0000010,    0.758882
  -18.0000000,     -52.0000010,    0.810278
  -18.0000000,     -48.0000010,    0.852167
  -18.0000000,     -44.0000010,    0.866819
  -18.0000000,     -40.0000000,    0.830136
  -18.0000000,     -36.0000000,    0.802325
  -18.0000000,     -32.0000000,    0.795678
  -18.0000000,     -28.0000000,    0.796853
  -18.0000000,     -24.0000000,    0.789186
  -18.0000000,     -20.0000000,    0.802509
  -18.0000000,     -16.0000000,    0.820526
  -18.0000000,     -12.0000000,    0.843005
  -18.0000000,      -8.0000001,    0.807187
  -18.0000000,      -4.0000000,    0.755953
  -18.0000000,       0.0000000,    0.743808
  -18.0000000,       4.0000000,    0.762517
  -18.0000000,       8.0000001,    0.789021
  -18.0000000,      12.0000000,    0.766170
  -18.0000000,      16.0000000,    0.762642
  -18.0000000,      20.0000000,    0.734152
  -18.0000000,      24.0000000,    0.733757
  -18.0000000,      28.0000000,    0.688786
  -18.0000000,      32.0000000,    0.696848
  -18.0000000,      36.0000000,    0.680194
  -18.0000000,      40.0000000,    0.683879
  -18.0000000,      44.0000010,    0.669508
  -18.0000000,      48.0000010,    0.664466
  -18.0000000,      52.0000010,    0.668615
  -18.0000000,      56.0000010,    0.679443
  -18.0000000,      60.0000010,    0.680057
  -18.0000000,      64.0000010,    0.640911
  -18.0000000,      68.0000010,    0.626327
  -18.0000000,      72.0000010,    0.626751
  -18.0000000,      76.0000010,    0.631621
  -18.0000000,      80.0000010,    0.613037
  -18.0000000,      84.0000010,    0.579252
  -18.0000000,      88.0000010,    0.563729
  -14.0000000,     -88.0000010,    0.530644
  -14.0000000,     -84.0000010,    0.546834
  -14.0000000,     -80.0000010,    0.555294
  -14.0000000,     -76.0000010,    0.626810
  -14.0000000,     -72.0000010,    0.665718
  -14.0000000,     -68.0000010,    0.714059
  -14.0000000,     -64.0000010,    0.707487
  -14.0000000,     -60.0000010,    0.742700
  -14.0000000,     -56.0000010,    0.781476
  -14.0000000,     -52.0000010,    0.810142
  -14.0000000,     -48.0000010,    0.842008
  -14.0000000,     -44.0000010,    0.875019
  -14.0000000,     -40.0000000,    0.866455
  -14.0000000,     -36.0000000,    0.838208
  -14.0000000,     -32.0000000,    0.814973
  -14.0000000,     -28.0000000,    0.829535
  -14.0000000,     -24.0000000,    0.812037
  -14.0000000,     -20.0000000,    0.819353
  -14.0000000,     -16.0000000,    0.810814
  -14.0000000,     -12.0000000,    0.819259
  -14.0000000,      -8.0000001,    0.766214
  -14.0000000,      -4.0000000,    0.712675
  -14.0000000,       0.0000000,    0.684110
  -14.0000000,       4.0000000,    0.701385
  -14.0000000,       8.0000001,    0.754891
  -14.0000000,      12.0000000,    0.774304
  -14.0000000,      16.0000000,    0.802046
  -14.0000000,      20.0000000,    0.790852
  -14.0000000,      24.0000000,    0.792124
  -14.0000000,      28.0000000,    0.747083
  -14.0000000,      32.0000000,    0.736103
  -14.0000000,      36.0000000,    0.708447
  -14.0000000,      40.0000000,    0.706200
  -14.0000000,      44.0000010,    0.694695
  -14.0000000,      48.0000010,    0.696336
  -14.0000000,      52.0000010,    0.701212
  -14.0000000,      56.0000010,    0.682267
  -14.0000000,      60.0000010,    0.650435
  -14.0000000,      64.0000010,    0.585193
  -14.0000000,      68.0000010,    0.581274
  -14.0000000,      72.0000010,    0.589893
  -14.0000000,      76.0000010,    0.603396
  -14.0000000,      80.0000010,    0.604639
  -14.0000000,      84.0000010,    0.589872
  -14.0000000,      88.0000010,    0.592389
  -10.0000000,     -88.0000010,    0.506956
  -10.0000000,     -84.0000010,    0.522229
  -10.0000000,     -80.0000010,    0.567173
  -10.0000000,     -76.0000010,    0.639112
  -10.0000000,     -72.0000010,    0.687034
  -10.0000000,     -68.0000010,    0.733494
  -10.0000000,     -64.0000010,    0.739606
  -10.0000000,     -60.0000010,    0.793504
  -10.0000000,     -56.0000010,    0.802630
  -10.0000000,     -52.0000010,    0.810160
  -10.0000000,     -48.0000010,    0.836305
  -10.0000000,     -44.0000010,    0.868443
  -10.0000000,     -40.0000000,    0.888430
  -10.0000000,     -36.0000000,    0.860082
  -10.0000000,     -32.0000000,    0.854954
  -10.0000000,     -28.0000000,    0.830607
  -10.0000000,     -24.0000000,    0.812348
  -10.0000000,     -20.0000000,    0.764680
  -10.0000000,     -16.0000000,    0.762563
  -10.0000000,     -12.0000000,    0.746813
  -10.0000000,      -8.0000001,    0.734918
  -10.0000000,      -4.0000000,    0.701945
  -10.0000000,       0.0000000,    0.678477
  -10.0000000,       4.0000000,    0.685635
  -10.0000000,       8.0000001,    0.723357
  -10.0000000,      12.0000000,    0.784246
  -10.0000000,      16.0000000,    0.812954
  -10.0000000,      20.0000000,    0.797102
  -10.0000000,      24.0000000,    0.755361
  -10.0000000,      28.0000000,    0.759510
  -10.0000000,      32.0000000,    0.754782
  -10.0000000,      36.0000000,    0.746163
  -10.0000000,      40.0000000,    0.714075
  -10.0000000,      44.0000010,    0.702502
  -10.0000000,      48.0000010,    0.706641
  -10.0000000,      52.0000010,    0.702441
  -10.0000000,      56.0000010,    0.668755
  -10.0000000,      60.0000010,    0.619189
  -10.0000000,      64.0000010,    0.574910
  -10.0000000,      68.0000010,    0.569343
  -10.0000000,      72.0000010,    0.596370
  -10.0000000,      76.0000010,    0.592715
  -10.0000000,      80.0000010,    0.605480
  -10.0000000,      84.0000010,    0.594738
  -10.0000000,      88.0000010,    0.609765
   -6.0000001,     -88.0000010,    0.522891
   -6.0000001,     -84.0000010,    0.518504
   -6.0000001,     -80.0000010,    0.542586
   -6.0000001,     -76.0000010,    0.585796
   -6.0000001,     -72.0000010,    0.654078
   -6.0000001,     -68.0000010,    0.710721
   -6.0000001,     -64.0000010,    0.734484
   -6.0000001,     -60.0000010,    0.808770
   -6.0000001,     -56.0000010,    0.829311
   -6.0000001,     -52.0000010,    0.833394
   -6.0000001,     -48.0000010,    0.816578
   -6.0000001,     -44.0000010,    0.840780
   -6.0000001,     -40.0000000,    0.876368
   -6.0000001,     -36.0000000,    0.870754
   -6.0000001,     -32.0000000,    0.861787
   -6.0000001,     -28.0000000,    0.850796
   -6.0000001,     -24.0000000,    0.843440
   -6.0000001,     -20.0000000,    0.785558
   -6.0000001,     -16.0000000,    0.766189
   -6.0000001,     -12.0000000,    0.736743
   -6.0000001,      -8.0000001,    0.743471
   -6.0000001,      -4.0000000,    0.725224
   -6.0000001,       0.0000000,    0.710184
   -6.0000001,       4.0000000,    0.709937
   -6.0000001,       8.0000001,    0.708053
   -6.0000001,      12.0000000,    0.740948
   -6.0000001,      16.0000000,    0.750802
   -6.0000001,      20.0000000,    0.761354
   -6.0000001,      24.0000000,    0.718435
   -6.0000001,      28.0000000,    0.737073
   -6.0000001,      32.0000000,    0.722420
   -6.0000001,      36.0000000,    0.740221
   -6.0000001,      40.0000000,    0.717709
   -6.0000001,      44.0000010,    0.722231
   -6.0000001,      48.0000010,    0.710758
   -6.0000001,      52.0000010,    0.691851
   -6.0000001,      56.0000010,    0.658700
   -6.0000001,      60.0000010,    0.607263
   -6.0000001,      64.0000010,    0.585967
   -6.0000001,      68.0000010,    0.554608
   -6.0000001,      72.0000010,    0.590188
   -6.0000001,      76.0000010,    0.595853
   -6.0000001,      80.0000010,    0.625657
   -6.0000001,      84.0000010,    0.616245
   -6.0000001,      88.0000010,    0.614649
   -2.0000000,     -88.0000010,    0.570050
   -2.0000000,     -84.0000010,    0.553775
   -2.0000000,     -80.0000010,    0.569672
   -2.0000000,     -76.0000010,    0.576365
   -2.0000000,     -72.0000010,    0.675576
   -2.0000000,     -68.0000010,    0.714964
   -2.0000000,     -64.0000010,    0.778303
   -2.0000000,     -60.0000010,    0.818973
   -2.0000000,     -56.0000010,    0.857162
   -2.0000000,     -52.0000010,    0.848515
   -2.0000000,     -48.0000010,    0.819723
   -2.0000000,     -44.0000010,    0.797408
   -2.0000000,     -40.0000000,    0.832911
   -2.0000000,     -36.0000000,    0.834864
   -2.0000000,     -32.0000000,    0.872539
   -2.0000000,     -28.0000000,    0.856487
   -2.0000000,     -24.0000000,    0.854351
   -2.0000000,     -20.0000000,    0.799617
   -2.0000000,     -16.0000000,    0.772061
   -2.0000000,     -12.0000000,    0.733788
   -2.0000000,      -8.0000001,    0.719394
   -2.0000000,      -4.0000000,    0.702007
   -2.0000000,       0.0000000,    0.727033
   -2.0000000,       4.0000000,    0.720792
   -2.0000000,       8.0000001,    0.720880
   -2.0000000,      12.0000000,    0.720178
   -2.0000000,      16.0000000,    0.736369
   -2.0000000,      20.0000000,    0.747476
   -2.0000000,      24.0000000,    0.722703
   -2.0000000,      28.0000000,    0.742119
   -2.0000000,      32.0000000,    0.738083
   -2.0000000,      36.0000000,    0.716522
   -2.0000000,      40.0000000,    0.702494
   -2.0000000,      44.0000010,    0.692165
   -2.0000000,      48.0000010,    0.684012
   -2.0000000,      52.0000010,    0.634501
   -2.0000000,      56.0000010,    0.598644
   -2.0000000,      60.0000010,    0.580382
   -2.0000000,      64.0000010,    0.603500
   -2.0000000,      68.0000010,    0.579690
   -2.0000000,      72.0000010,    0.595031
   -2.0000000,      76.0000010,    0.581424
   -2.0000000,      80.0000010,    0.599236
   -2.0000000,      84.0000010,    0.588641
   -2.0000000,      88.0000010,    0.586277
    2.0000000,     -88.0000010,    0.609147
    2.0000000,     -84.0000010,    0.594630
    2.0000000,     -80.0000010,    0.590683
    2.0000000,     -76.0000010,    0.579199
    2.0000000,     -72.0000010,    0.640193
    2.0000000,     -68.0000010,    0.692082
    2.0000000,     -64.0000010,    0.775991
    2.0000000,     -60.0000010,    0.823486
    2.0000000,     -56.0000010,    0.853022
    2.0000000,     -52.0000010,    0.841750
    2.0000000,     -48.0000010,    0.805783
    2.0000000,     -44.0000010,    0.765260
    2.0000000,     -40.0000000,    0.794682
    2.0000000,     -36.0000000,    0.805798
    2.0000000,     -32.0000000,    0.838862
    2.0000000,     -28.0000000,    0.828583
    2.0000000,     -24.0000000,    0.825572
    2.0000000,     -20.0000000,    0.829196
    2.0000000,     -16.0000000,    0.806618
    2.0000000,     -12.0000000,    0.784736
    2.0000000,      -8.0000001,    0.735652
    2.0000000,      -4.0000000,    0.724546
    2.0000000,       0.0000000,    0.749137
    2.0000000,       4.0000000,    0.765379
    2.0000000,       8.0000001,    0.750397
    2.0000000,      12.0000000,    0.725677
    2.0000000,      16.0000000,    0.729311
    2.0000000,      20.0000000,    0.753280
    2.0000000,      24.0000000,    0.764037
    2.0000000,      28.0000000,    0.754211
    2.0000000,      32.0000000,    0.728929
    2.0000000,      36.0000000,    0.681006
    2.0000000,      40.0000000,    0.664134
    2.0000000,      44.0000010,    0.641251
    2.0000000,      48.0000010,    0.659727
    2.0000000,      52.0000010,    0.643646
    2.0000000,      56.0000010,    0.634187
    2.0000000,      60.0000010,    0.591869
    2.0000000,      64.0000010,    0.599508
    2.0000000,      68.0000010,    0.600631
    2.0000000,      72.0000010,    0.615934
    2.0000000,      76.0000010,    0.600993
    2.0000000,      80.0000010,    0.581643
    2.0000000,      84.0000010,    0.567156
    2.0000000,      88.0000010,    0.556708
    6.0000001,     -88.0000010,    0.632768
    6.0000001,     -84.0000010,    0.604120
    6.0000001,     -80.0000010,    0.586588
    6.0000001,     -76.0000010,    0.590847
    6.0000001,     -72.0000010,    0.643632
    6.0000001,     -68.0000010,    0.737968
    6.0000001,     -64.0000010,    0.817317
    6.0000001,     -60.0000010,    0.849292
    6.0000001,     -56.0000010,    0.807002
    6.0000001,     -52.0000010,    0.792908
    6.0000001,     -48.0000010,    0.771410
    6.0000001,     -44.0000010,    0.760807
    6.0000001,     -40.0000000,    0.776416
    6.0000001,     -36.0000000,    0.803339
    6.0000001,     -32.0000000,    0.825329
    6.0000001,     -28.0000000,    0.808546
    6.0000001,     -24.0000000,    0.801472
    6.0000001,     -20.0000000,    0.816952
    6.0000001,     -16.0000000,    0.800631
    6.0000001,     -12.0000000,    0.785384
    6.0000001,      -8.0000001,    0.737489
    6.0000001,      -4.0000000,    0.752312
    6.0000001,       0.0000000,    0.758864
    6.0000001,       4.0000000,    0.759180
    6.0000001,       8.0000001,    0.745589
    6.0000001,      12.0000000,    0.747948
    6.0000001,      16.0000000,    0.751306
    6.0000001,      20.0000000,    0.744651
    6.0000001,      24.0000000,    0.740132
    6.0000001,      28.0000000,    0.739858
    6.0000001,      32.0000000,    0.741308
    6.0000001,      36.0000000,    0.687782
    6.0000001,      40.0000000,    0.684809
    6.0000001,      44.0000010,    0.668242
    6.0000001,      48.0000010,    0.671172
    6.0000001,      52.0000010,    0.656347
    6.0000001,      56.0000010,    0.603981
    6.0000001,      60.0000010,    0.562739
    6.0000001,      64.0000010,    0.550476
    6.0000001,      68.0000010,    0.576954
    6.0000001,      72.0000010,    0.593820
    6.0000001,      76.0000010,    0.577005
    6.0000001,      80.0000010,    0.544781
    6.0000001,      84.0000010,    0.543087
    6.0000001,      88.0000010,    0.540021
   10.0000000,     -88.0000010,    0.627440
   10.0000000,     -84.0000010,    0.591894
   10.0000000,     -80.0000010,    0.579609
   10.0000000,     -76.0000010,    0.598158
   10.0000000,     -72.0000010,    0.637888
   10.0000000,     -68.0000010,    0.736996
   10.0000000,     -64.0000010,    0.786595
   10.0000000,     -60.0000010,    0.807989
   10.0000000,     -56.0000010,    0.727685
   10.0000000,     -52.0000010,    0.750982
   10.0000000,     -48.0000010,    0.792397
   10.0000000,     -44.0000010,    0.816538
   10.0000000,     -40.0000000,    0.804752
   10.0000000,     -36.0000000,    0.804828
   10.0000000,     -32.0000000,    0.819905
   10.0000000,     -28.0000000,    0.813089
   10.0000000,     -24.0000000,    0.789343
   10.0000000,     -20.0000000,    0.795985
   10.0000000,     -16.0000000,    0.796844
   10.0000000,     -12.0000000,    0.788621
   10.0000000,      -8.0000001,    0.766445
   10.0000000,      -4.0000000,    0.781942
   10.0000000,       0.0000000,    0.746352
   10.0000000,       4.0000000,    0.747557
   10.0000000,       8.0000001,    0.732173
   10.0000000,      12.0000000,    0.767302
   10.0000000,      16.0000000,    0.752226
   10.0000000,      20.0000000,    0.739606
   10.0000000,      24.0000000,    0.732019
   10.0000000,      28.0000000,    0.722573
   10.0000000,      32.0000000,    0.713671
   10.0000000,      36.0000000,    0.689144
   10.0000000,      40.0000000,    0.674853
   10.0000000,      44.0000010,    0.697575
   10.0000000,      48.0000010,    0.701279
   10.0000000,      52.0000010,    0.718627
   10.0000000,      56.0000010,    0.654846
   10.0000000,      60.0000010,    0.629734
   10.0000000,      64.0000010,    0.619243
   10.0000000,      68.0000010,    0.623507
   10.0000000,      72.0000010,    0.598276
   10.0000000,      76.0000010,    0.577578
   10.0000000,      80.0000010,    0.559291
   10.0000000,      84.0000010,    0.568337
   10.0000000,      88.0000010,    0.554512
   14.0000000,     -88.0000010,    0.596479
   14.0000000,     -84.0000010,    0.571767
   14.0000000,     -80.0000010,    0.569979
   14.0000000,     -76.0000010,    0.590112
   14.0000000,     -72.0000010,    0.631361
   14.0000000,     -68.0000010,    0.729058
   14.0000000,     -64.0000010,    0.786879
   14.0000000,     -60.0000010,    0.831149
   14.0000000,     -56.0000010,    0.764091
   14.0000000,     -52.0000010,    0.786872
   14.0000000,     -48.0000010,    0.812568
   14.0000000,     -44.0000010,    0.837568
   14.0000000,     -40.0000000,    0.818064
   14.0000000,     -36.0000000,    0.787874
   14.0000000,     -32.0000000,    0.808392
   14.0000000,     -28.0000000,    0.805586
   14.0000000,     -24.0000000,    0.813934
   14.0000000,     -20.0000000,    0.789245
   14.0000000,     -16.0000000,    0.793450
   14.0000000,     -12.0000000,    0.796562
   14.0000000,      -8.0000001,    0.785021
   14.0000000,      -4.0000000,    0.796811
   14.0000000,       0.0000000,    0.729097
   14.0000000,       4.0000000,    0.747802
   14.0000000,       8.0000001,    0.741049
   14.0000000,      12.0000000,    0.806458
   14.0000000,      16.0000000,    0.775843
   14.0000000,      20.0000000,    0.778861
   14.0000000,      24.0000000,    0.740802
   14.0000000,      28.0000000,    0.743805
   14.0000000,      32.0000000,    0.721870
   14.0000000,      36.0000000,    0.719987
   14.0000000,      40.0000000,    0.710920
   14.0000000,      44.0000010,    0.724480
   14.0000000,      48.0000010,    0.711244
   14.0000000,      52.0000010,    0.688068
   14.0000000,      56.0000010,    0.619532
   14.0000000,      60.0000010,    0.598173
   14.0000000,      64.0000010,    0.588404
   14.0000000,      68.0000010,    0.584711
   14.0000000,      72.0000010,    0.580522
   14.0000000,      76.0000010,    0.601550
   14.0000000,      80.0000010,    0.616119
   14.0000000,      84.0000010,    0.611110
   14.0000000,      88.0000010,    0.584595
   18.0000000,     -88.0000010,    0.569111
   18.0000000,     -84.0000010,    0.589356
   18.0000000,     -80.0000010,    0.608099
   18.0000000,     -76.0000010,    0.632037
   18.0000000,     -72.0000010,    0.651337
   18.0000000,     -68.0000010,    0.702147
   18.0000000,     -64.0000010,    0.725832
   18.0000000,     -60.0000010,    0.771033
   18.0000000,     -56.0000010,    0.767396
   18.0000000,     -52.0000010,    0.828185
   18.0000000,     -48.0000010,    0.860545
   18.0000000,     -44.0000010,    0.878352
   18.0000000,     -40.0000000,    0.855090
   18.0000000,     -36.0000000,    0.800558
   18.0000000,     -32.0000000,    0.812049
   18.0000000,     -28.0000000,    0.811629
   18.0000000,     -24.0000000,    0.827745
   18.0000000,     -20.0000000,    0.783825
   18.0000000,     -16.0000000,    0.778363
   18.0000000,     -12.0000000,    0.784746
   18.0000000,      -8.0000001,    0.797026
   18.0000000,      -4.0000000,    0.786480
   18.0000000,       0.0000000,    0.729898
   18.0000000,       4.0000000,    0.764605
   18.0000000,       8.0000001,    0.761932
   18.0000000,      12.0000000,    0.804058
   18.0000000,      16.0000000,    0.767791
   18.0000000,      20.0000000,    0.800092
   18.0000000,      24.0000000,    0.786796
   18.0000000,      28.0000000,    0.780346
   18.0000000,      32.0000000,    0.725439
   18.0000000,      36.0000000,    0.711722
   18.0000000,      40.0000000,    0.706134
   18.0000000,      44.0000010,    0.717611
   18.0000000,      48.0000010,    0.713866
   18.0000000,      52.0000010,    0.677521
   18.0000000,      56.0000010,    0.661563
   18.0000000,      60.0000010,    0.637873
   18.0000000,      64.0000010,    0.643896
   18.0000000,      68.0000010,    0.614336
   18.0000000,      72.0000010,    0.585342
   18.0000000,      76.0000010,    0.585793
   18.0000000,      80.0000010,    0.611590
   18.0000000,      84.0000010,    0.628335
   18.0000000,      88.0000010,    0.612148
   22.0000000,     -88.0000010,    0.541380
   22.0000000,     -84.0000010,    0.585649
   22.0000000,     -80.0000010,    0.620594
   22.0000000,     -76.0000010,    0.647981
   22.0000000,     -72.0000010,    0.655880
   22.0000000,     -68.0000010,    0.686588
   22.0000000,     -64.0000010,    0.716705
   22.0000000,     -60.0000010,    0.784827
   22.0000000,     -56.0000010,    0.815760
   22.0000000,     -52.0000010,    0.870437
   22.0000000,     -48.0000010,    0.859087
   22.0000000,     -44.0000010,    0.905379
   22.0000000,     -40.0000000,    0.888736
   22.0000000,     -36.0000000,    0.844926
   22.0000000,     -32.0000000,    0.819470
   22.0000000,     -28.0000000,    0.816541
   22.0000000,     -24.0000000,    0.848152
   22.0000000,     -20.0000000,    0.816136
   22.0000000,     -16.0000000,    0.800462
   22.0000000,     -12.0000000,    0.812527
   22.0000000,      -8.0000001,    0.796234
   22.0000000,      -4.0000000,    0.799138
   22.0000000,       0.0000000,    0.750826
   22.0000000,       4.0000000,    0.785032
   22.0000000,       8.0000001,    0.745686
   22.0000000,      12.0000000,    0.766982
   22.0000000,      16.0000000,    0.743381
   22.0000000,      20.0000000,    0.790973
   22.0000000,      24.0000000,    0.784353
   22.0000000,      28.0000000,    0.770401
   22.0000000,      32.0000000,    0.739627
   22.0000000,      36.0000000,    0.714098
   22.0000000,      40.0000000,    0.723025
   22.0000000,      44.0000010,    0.707312
   22.0000000,      48.0000010,    0.692576
   22.0000000,      52.0000010,    0.649863
   22.0000000,      56.0000010,    0.653046
   22.0000000,      60.0000010,    0.637998
   22.0000000,      64.0000010,    0.612948
   22.0000000,      68.0000010,    0.573249
   22.0000000,      72.0000010,    0.570945
   22.0000000,      76.0000010,    0.587386
   22.0000000,      80.0000010,    0.614020
   22.0000000,      84.0000010,    0.615097
   22.0000000,      88.0000010,    0.610352
   26.0000000,     -88.0000010,    0.522897
   26.0000000,     -84.0000010,    0.586264
   26.0000000,     -80.0000010,    0.622751
   26.0000000,     -76.0000010,    0.652574
   26.0000000,     -72.0000010,    0.638213
   26.0000000,     -68.0000010,    0.675236
   26.0000000,     -64.0000010,    0.684893
   26.0000000,     -60.0000010,    0.732774
   26.0000000,     -56.0000010,    0.767099
   26.0000000,     -52.0000010,    0.831496
   26.0000000,     -48.0000010,    0.853347
   26.0000000,     -44.0000010,    0.898208
   26.0000000,     -40.0000000,    0.890752
   26.0000000,     -36.0000000,    0.889946
   26.0000000,     -32.0000000,    0.864325
   26.0000000,     -28.0000000,    0.873860
   26.0000000,     -24.0000000,    0.874218
   26.0000000,     -20.0000000,    0.845674
   26.0000000,     -16.0000000,    0.826657
   26.0000000,     -12.0000000,    0.792775
   26.0000000,      -8.0000001,    0.794293
   26.0000000,      -4.0000000,    0.771457
   26.0000000,       0.0000000,    0.749141
   26.0000000,       4.0000000,    0.728990
   26.0000000,       8.0000001,    0.693154
   26.0000000,      12.0000000,    0.690477
   26.0000000,      16.0000000,    0.685381
   26.0000000,      20.0000000,    0.729714
   26.0000000,      24.0000000,    0.756040
   26.0000000,      28.0000000,    0.749240
   26.0000000,      32.0000000,    0.734435
   26.0000000,      36.0000000,    0.703374
   26.0000000,      40.0000000,    0.718271
   26.0000000,      44.0000010,    0.714466
   26.0000000,      48.0000010,    0.687048
   26.0000000,      52.0000010,    0.642874
   26.0000000,      56.0000010,    0.633043
   26.0000000,      60.0000010,    0.651481
   26.0000000,      64.0000010,    0.628837
   26.0000000,      68.0000010,    0.598800
   26.0000000,      72.0000010,    0.587804
   26.0000000,      76.0000010,    0.592148
   26.0000000,      80.0000010,    0.599511
   26.0000000,      84.0000010,    0.586855
   26.0000000,      88.0000010,    0.588477
   30.0000000,     -88.0000010,    0.516844
   30.0000000,     -84.0000010,    0.567259
   30.0000000,     -80.0000010,    0.615903
   30.0000000,     -76.0000010,    0.642296
   30.0000000,     -72.0000010,    0.617685
   30.0000000,     -68.0000010,    0.666378
   30.0000000,     -64.0000010,    0.710820
   30.0000000,     -60.0000010,    0.781128
   30.0000000,     -56.0000010,    0.794416
   30.0000000,     -52.0000010,    0.805461
   30.0000000,     -48.0000010,    0.827164
   30.0000000,     -44.0000010,    0.859392
   30.0000000,     -40.0000000,    0.861016
   30.0000000,     -36.0000000,    0.853412
   30.0000000,     -32.0000000,    0.835653
   30.0000000,     -28.0000000,    0.850791
   30.0000000,     -24.0000000,    0.863285
   30.0000000,     -20.0000000,    0.846750
   30.0000000,     -16.0000000,    0.828443
   30.0000000,     -12.0000000,    0.783534
   30.0000000,      -8.0000001,    0.775464
   30.0000000,      -4.0000000,    0.771610
   30.0000000,       0.0000000,    0.743636
   30.0000000,       4.0000000,    0.704858
   30.0000000,       8.0000001,    0.675475
   30.0000000,      12.0000000,    0.700369
   30.0000000,      16.0000000,    0.721848
   30.0000000,      20.0000000,    0.772342
   30.0000000,      24.0000000,    0.783164
   30.0000000,      28.0000000,    0.786438
   30.0000000,      32.0000000,    0.760759
   30.0000000,      36.0000000,    0.738866
   30.0000000,      40.0000000,    0.737489
   30.0000000,      44.0000010,    0.718345
   30.0000000,      48.0000010,    0.704627
   30.0000000,      52.0000010,    0.663794
   30.0000000,      56.0000010,    0.638223
   30.0000000,      60.0000010,    0.650803
   30.0000000,      64.0000010,    0.621073
   30.0000000,      68.0000010,    0.606281
   30.0000000,      72.0000010,    0.612590
   30.0000000,      76.0000010,    0.632017
   30.0000000,      80.0000010,    0.635228
   30.0000000,      84.0000010,    0.586203
   30.0000000,      88.0000010,    0.572042
   34.0000000,     -88.0000010,    0.545425
   34.0000000,     -84.0000010,    0.578405
   34.0000000,     -80.0000010,    0.609154
   34.0000000,     -76.0000010,    0.623602
   34.0000000,     -72.0000010,    0.600685
   34.0000000,     -68.0000010,    0.651438
   34.0000000,     -64.0000010,    0.697787
   34.0000000,     -60.0000010,    0.768611
   34.0000000,     -56.0000010,    0.788290
   34.0000000,     -52.0000010,    0.783100
   34.0000000,     -48.0000010,    0.809274
   34.0000000,     -44.0000010,    0.794230
   34.0000000,     -40.0000000,    0.826859
   34.0000000,     -36.0000000,    0.829388
   34.0000000,     -32.0000000,    0.840790
   34.0000000,     -28.0000000,    0.843076
   34.0000000,     -24.0000000,    0.868539
   34.0000000,     -20.0000000,    0.872719
   34.0000000,     -16.0000000,    0.868133
   34.0000000,     -12.0000000,    0.797991
   34.0000000,      -8.0000001,    0.801563
   34.0000000,      -4.0000000,    0.785411
   34.0000000,       0.0000000,    0.773406
   34.0000000,       4.0000000,    0.733144
   34.0000000,       8.0000001,    0.699777
   34.0000000,      12.0000000,    0.714422
   34.0000000,      16.0000000,    0.703445
   34.0000000,      20.0000000,    0.748795
   34.0000000,      24.0000000,    0.751384
   34.0000000,      28.0000000,    0.809497
   34.0000000,      32.0000000,    0.799528
   34.0000000,      36.0000000,    0.789911
   34.0000000,      40.0000000,    0.771587
   34.0000000,      44.0000010,    0.733949
   34.0000000,      48.0000010,    0.718154
   34.0000000,      52.0000010,    0.658682
   34.0000000,      56.0000010,    0.659653
   34.0000000,      60.0000010,    0.651870
   34.0000000,      64.0000010,    0.619364
   34.0000000,      68.0000010,    0.607665
   34.0000000,      72.0000010,    0.623935
   34.0000000,      76.0000010,    0.658844
   34.0000000,      80.0000010,    0.660738
   34.0000000,      84.0000010,    0.617709
   34.0000000,      88.0000010,    0.591125
   38.0000000,     -88.0000010,    0.588348
   38.0000000,     -84.0000010,    0.594007
   38.0000000,     -80.0000010,    0.605482
   38.0000000,     -76.0000010,    0.624620
   38.0000000,     -72.0000010,    0.631753
   38.0000000,     -68.0000010,    0.667132
   38.0000000,     -64.0000010,    0.707857
   38.0000000,     -60.0000010,    0.764001
   38.0000000,     -56.0000010,    0.791278
   38.0000000,     -52.0000010,    0.785929
   38.0000000,     -48.0000010,    0.774237
   38.0000000,     -44.0000010,    0.772582
   38.0000000,     -40.0000000,    0.806944
   38.0000000,     -36.0000000,    0.818769
   38.0000000,     -32.0000000,    0.819579
   38.0000000,     -28.0000000,    0.818290
   38.0000000,     -24.0000000,    0.853444
   38.0000000,     -20.0000000,    0.864999
   38.0000000,     -16.0000000,    0.849218
   38.0000000,     -12.0000000,    0.803049
   38.0000000,      -8.0000001,    0.818383
   38.0000000,      -4.0000000,    0.826591
   38.0000000,       0.0000000,    0.824552
   38.0000000,       4.0000000,    0.783207
   38.0000000,       8.0000001,    0.743625
   38.0000000,      12.0000000,    0.759196
   38.0000000,      16.0000000,    0.757010
   38.0000000,      20.0000000,    0.794736
   38.0000000,      24.0000000,    0.783510
   38.0000000,      28.0000000,    0.819103
   38.0000000,      32.0000000,    0.799326
   38.0000000,      36.0000000,    0.761694
   38.0000000,      40.0000000,    0.740093
   38.0000000,      44.0000010,    0.713126
   38.0000000,      48.0000010,    0.744005
   38.0000000,      52.0000010,    0.691510
   38.0000000,      56.0000010,    0.696620
   38.0000000,      60.0000010,    0.666546
   38.0000000,      64.0000010,    0.635662
   38.0000000,      68.0000010,    0.611577
   38.0000000,      72.0000010,    0.605036
   38.0000000,      76.0000010,    0.637411
   38.0000000,      80.0000010,    0.657256
   38.0000000,      84.0000010,    0.638483
   38.0000000,      88.0000010,    0.617072
   42.0000000,     -88.0000010,    0.618177
   42.0000000,     -84.0000010,    0.613814
   42.0000000,     -80.0000010,    0.612669
   42.0000000,     -76.0000010,    0.610775
   42.0000000,     -72.0000010,    0.653284
   42.0000000,     -68.0000010,    0.689650
   42.0000000,     -64.0000010,    0.721840
   42.0000000,     -60.0000010,    0.744930
   42.0000000,     -56.0000010,    0.768342
   42.0000000,     -52.0000010,    0.791232
   42.0000000,     -48.0000010,    0.775761
   42.0000000,     -44.0000010,    0.761496
   42.0000000,     -40.0000000,    0.781715
   42.0000000,     -36.0000000,    0.789364
   42.0000000,     -32.0000000,    0.815066
   42.0000000,     -28.0000000,    0.818356
   42.0000000,     -24.0000000,    0.846480
   42.0000000,     -20.0000000,    0.844270
   42.0000000,     -16.0000000,    0.841525
   42.0000000,     -12.0000000,    0.810577
   42.0000000,      -8.0000001,    0.835031
   42.0000000,      -4.0000000,    0.827287
   42.0000000,       0.0000000,    0.835220
   42.0000000,       4.0000000,    0.814432
   42.0000000,       8.0000001,    0.782280
   42.0000000,      12.0000000,    0.777093
   42.0000000,      16.0000000,    0.746261
   42.0000000,      20.0000000,    0.760726
   42.0000000,      24.0000000,    0.754735
   42.0000000,      28.0000000,    0.790484
   42.0000000,      32.0000000,    0.773853
   42.0000000,      36.0000000,    0.756364
   42.0000000,      40.0000000,    0.729323
   42.0000000,      44.0000010,    0.709971
   42.0000000,      48.0000010,    0.705692
   42.0000000,      52.0000010,    0.646465
   42.0000000,      56.0000010,    0.672830
   42.0000000,      60.0000010,    0.647737
   42.0000000,      64.0000010,    0.617226
   42.0000000,      68.0000010,    0.580352
   42.0000000,      72.0000010,    0.583530
   42.0000000,      76.0000010,    0.628353
   42.0000000,      80.0000010,    0.647550
   42.0000000,      84.0000010,    0.635559
   42.0000000,      88.0000010,    0.622747
   46.0000010,     -88.0000010,    0.644619
   46.0000010,     -84.0000010,    0.624951
   46.0000010,     -80.0000010,    0.610816
   46.0000010,     -76.0000010,    0.599934
   46.0000010,     -72.0000010,    0.652818
   46.0000010,     -68.0000010,    0.698968
   46.0000010,     -64.0000010,    0.755561
   46.0000010,     -60.0000010,    0.771209
   46.0000010,     -56.0000010,    0.759012
   46.0000010,     -52.0000010,    0.747414
   46.0000010,     -48.0000010,    0.712775
   46.0000010,     -44.0000010,    0.733804
   46.0000010,     -40.0000000,    0.747800
   46.0000010,     -36.0000000,    0.772526
   46.0000010,     -32.0000000,    0.793846
   46.0000010,     -28.0000000,    0.828670
   46.0000010,     -24.0000000,    0.840269
   46.0000010,     -20.0000000,    0.815875
   46.0000010,     -16.0000000,    0.787223
   46.0000010,     -12.0000000,    0.784254
   46.0000010,      -8.0000001,    0.824937
   46.0000010,      -4.0000000,    0.828999
   46.0000010,       0.0000000,    0.818106
   46.0000010,       4.0000000,    0.812835
   46.0000010,       8.0000001,    0.801762
   46.0000010,      12.0000000,    0.811002
   46.0000010,      16.0000000,    0.770381
   46.0000010,      20.0000000,    0.776302
   46.0000010,      24.0000000,    0.745809
   46.0000010,      28.0000000,    0.769101
   46.0000010,      32.0000000,    0.725854
   46.0000010,      36.0000000,    0.745482
   46.0000010,      40.0000000,    0.721240
   46.0000010,      44.0000010,    0.728372
   46.0000010,      48.0000010,    0.712987
   46.0000010,      52.0000010,    0.651174
   46.0000010,      56.0000010,    0.647470
   46.0000010,      60.0000010,    0.633967
   46.0000010,      64.0000010,    0.622418
   46.0000010,      68.0000010,    0.594147
   46.0000010,      72.0000010,    0.606655
   46.0000010,      76.0000010,    0.649204
   46.0000010,      80.0000010,    0.673530
   46.0000010,      84.0000010,    0.641055
   46.0000010,      88.0000010,    0.626463
   50.0000010,     -88.0000010,    0.668695
   50.0000010,     -84.0000010,    0.633187
   50.0000010,     -80.0000010,    0.614356
   50.0000010,     -76.0000010,    0.590438
   50.0000010,     -72.0000010,    0.635483
   50.0000010,     -68.0000010,    0.675397
   50.0000010,     -64.0000010,    0.730388
   50.0000010,     -60.0000010,    0.757603
   50.0000010,     -56.0000010,    0.749431
   50.0000010,     -52.0000010,    0.747720
   50.0000010,     -48.0000010,    0.736773
   50.0000010,     -44.0000010,    0.746957
   50.0000010,     -40.0000000,    0.721185
   50.0000010,     -36.0000000,    0.716981
   50.0000010,     -32.0000000,    0.738100
   50.0000010,     -28.0000000,    0.784291
   50.0000010,     -24.0000000,    0.800225
   50.0000010,     -20.0000000,    0.781120
   50.0000010,     -16.0000000,    0.777143
   50.0000010,     -12.0000000,    0.799261
   50.0000010,      -8.0000001,    0.840943
   50.0000010,      -4.0000000,    0.838967
   50.0000010,       0.0000000,    0.820014
   50.0000010,       4.0000000,    0.813401
   50.0000010,       8.0000001,    0.820265
   50.0000010,      12.0000000,    0.822529
   50.0000010,      16.0000000,    0.786114
   50.0000010,      20.0000000,    0.762403
   50.0000010,      24.0000000,    0.724134
   50.0000010,      28.0000000,    0.751569
   50.0000010,      32.0000000,    0.725871
   50.0000010,      36.0000000,    0.766993
   50.0000010,      40.0000000,    0.743798
   50.0000010,      44.0000010,    0.757570
   50.0000010,      48.0000010,    0.712319
   50.0000010,      52.0000010,    0.678329
   50.0000010,      56.0000010,    0.668984
   50.0000010,      60.0000010,    0.662145
   50.0000010,      64.0000010,    0.620942
   50.0000010,      68.0000010,    0.598015
   50.0000010,      72.0000010,    0.621176
   50.0000010,      76.0000010,    0.686459
   50.0000010,      80.0000010,    0.695694
   50.0000010,      84.0000010,    0.664354
   50.0000010,      88.0000010,    0.631807
   54.0000010,     -88.0000010,    0.675449
   54.0000010,     -84.0000010,    0.636378
   54.0000010,     -80.0000010,    0.613577
   54.0000010,     -76.0000010,    0.599080
   54.0000010,     -72.0000010,    0.640976
   54.0000010,     -68.0000010,    0.667707
   54.0000010,     -64.0000010,    0.719959
   54.0000010,     -60.0000010,    0.737785
   54.0000010,     -56.0000010,    0.726245
   54.0000010,     -52.0000010,    0.715411
   54.0000010,     -48.0000010,    0.700380
   54.0000010,     -44.0000010,    0.740840
   54.0000010,     -40.0000000,    0.716730
   54.0000010,     -36.0000000,    0.728260
   54.0000010,     -32.0000000,    0.709380
   54.0000010,     -28.0000000,    0.745655
   54.0000010,     -24.0000000,    0.764831
   54.0000010,     -20.0000000,    0.790601
   54.0000010,     -16.0000000,    0.789575
   54.0000010,     -12.0000000,    0.808435
   54.0000010,      -8.0000001,    0.848129
   54.0000010,      -4.0000000,    0.835019
   54.0000010,       0.0000000,    0.823834
   54.0000010,       4.0000000,    0.768536
   54.0000010,       8.0000001,    0.792568
   54.0000010,      12.0000000,    0.800611
   54.0000010,      16.0000000,    0.808234
   54.0000010,      20.0000000,    0.779051
   54.0000010,      24.0000000,    0.726926
   54.0000010,      28.0000000,    0.722379
   54.0000010,      32.0000000,    0.745369
   54.0000010,      36.0000000,    0.766342
   54.0000010,      40.0000000,    0.760263
   54.0000010,      44.0000010,    0.761172
   54.0000010,      48.0000010,    0.757189
   54.0000010,      52.0000010,    0.735767
   54.0000010,      56.0000010,    0.668370
   54.0000010,      60.0000010,    0.657177
   54.0000010,      64.0000010,    0.631848
   54.0000010,      68.0000010,    0.633380
   54.0000010,      72.0000010,    0.632730
   54.0000010,      76.0000010,    0.674396
   54.0000010,      80.0000010,    0.695997
   54.0000010,      84.0000010,    0.669089
   54.0000010,      88.0000010,    0.631199
   58.0000010,     -88.0000010,    0.642436
   58.0000010,     -84.0000010,    0.624261
   58.0000010,     -80.0000010,    0.597207
   58.0000010,     -76.0000010,    0.616060
   58.0000010,     -72.0000010,    0.636344
   58.0000010,     -68.0000010,    0.699419
   58.0000010,     -64.0000010,    0.716047
   58.0000010,     -60.0000010,    0.737167
   58.0000010,     -56.0000010,    0.711651
   58.0000010,     -52.0000010,    0.738018
   58.0000010,     -48.0000010,    0.754214
   58.0000010,     -44.0000010,    0.752225
   58.0000010,     -40.0000000,    0.696188
   58.0000010,     -36.0000000,    0.671058
   58.0000010,     -32.0000000,    0.667792
   58.0000010,     -28.0000000,    0.705521
   58.0000010,     -24.0000000,    0.737794
   58.0000010,     -20.0000000,    0.777751
   58.0000010,     -16.0000000,    0.789851
   58.0000010,     -12.0000000,    0.802260
   58.0000010,      -8.0000001,    0.837444
   58.0000010,      -4.0000000,    0.820786
   58.0000010,       0.0000000,    0.808689
   58.0000010,       4.0000000,    0.764558
   58.0000010,       8.0000001,    0.794022
   58.0000010,      12.0000000,    0.820627
   58.0000010,      16.0000000,    0.835701
   58.0000010,      20.0000000,    0.819115
   58.0000010,      24.0000000,    0.782635
   58.0000010,      28.0000000,    0.734024
   58.0000010,      32.0000000,    0.744949
   58.0000010,      36.0000000,    0.713757
   58.0000010,      40.0000000,    0.732454
   58.0000010,      44.0000010,    0.724400
   58.0000010,      48.0000010,    0.750297
   58.0000010,      52.0000010,    0.751711
   58.0000010,      56.0000010,    0.684887
   58.0000010,      60.0000010,    0.651317
   58.0000010,      64.0000010,    0.618162
   58.0000010,      68.0000010,    0.622625
   58.0000010,      72.0000010,    0.615141
   58.0000010,      76.0000010,    0.629568
   58.0000010,      80.0000010,    0.644346
   58.0000010,      84.0000010,    0.631099
   58.0000010,      88.0000010,    0.604402
   62.0000010,     -88.0000010,    0.591488
   62.0000010,     -84.0000010,    0.605302
   62.0000010,     -80.0000010,    0.597359
   62.0000010,     -76.0000010,    0.651769
   62.0000010,     -72.0000010,    0.650200
   62.0000010,     -68.0000010,    0.719956
   62.0000010,     -64.0000010,    0.715371
   62.0000010,     -60.0000010,    0.708512
   62.0000010,     -56.0000010,    0.666016
   62.0000010,     -52.0000010,    0.678811
   62.0000010,     -48.0000010,    0.746098
   62.0000010,     -44.0000010,    0.751786
   62.0000010,     -40.0000000,    0.737545
   62.0000010,     -36.0000000,    0.691581
   62.0000010,     -32.0000000,    0.691753
   62.0000010,     -28.0000000,    0.711091
   62.0000010,     -24.0000000,    0.733985
   62.0000010,     -20.0000000,    0.781559
   62.0000010,     -16.0000000,    0.773428
   62.0000010,     -12.0000000,    0.792149
   62.0000010,      -8.0000001,    0.798581
   62.0000010,      -4.0000000,    0.801100
   62.0000010,       0.0000000,    0.785810
   62.0000010,       4.0000000,    0.770730
   62.0000010,       8.0000001,    0.793536
   62.0000010,      12.0000000,    0.818963
   62.0000010,      16.0000000,    0.828079
   62.0000010,      20.0000000,    0.825847
   62.0000010,      24.0000000,    0.815307
   62.0000010,      28.0000000,    0.765506
   62.0000010,      32.0000000,    0.755367
   62.0000010,      36.0000000,    0.711661
   62.0000010,      40.0000000,    0.725252
   62.0000010,      44.0000010,    0.740398
   62.0000010,      48.0000010,    0.753862
   62.0000010,      52.0000010,    0.736555
   62.0000010,      56.0000010,    0.659958
   62.0000010,      60.0000010,    0.629568
   62.0000010,      64.0000010,    0.619821
   62.0000010,      68.0000010,    0.609458
   62.0000010,      72.0000010,    0.604289
   62.0000010,      76.0000010,    0.587251
   62.0000010,      80.0000010,    0.611785
   62.0000010,      84.0000010,    0.593367
   62.0000010,      88.0000010,    0.584155
   66.0000010,     -88.0000010,    0.571539
   66.0000010,     -84.0000010,    0.601115
   66.0000010,     -80.0000010,    0.595404
   66.0000010,     -76.0000010,    0.638332
   66.0000010,     -72.0000010,    0.608671
   66.0000010,     -68.0000010,    0.688679
   66.0000010,     -64.0000010,    0.689613
   66.0000010,     -60.0000010,    0.682973
   66.0000010,     -56.0000010,    0.656113
   66.0000010,     -52.0000010,    0.660834
   66.0000010,     -48.0000010,    0.747117
   66.0000010,     -44.0000010,    0.722006
   66.0000010,     -40.0000000,    0.716165
   66.0000010,     -36.0000000,    0.671712
   66.0000010,     -32.0000000,    0.713335
   66.0000010,     -28.0000000,    0.758679
   66.0000010,     -24.0000000,    0.796166
   66.0000010,     -20.0000000,    0.818985
   66.0000010,     -16.0000000,    0.809921
   66.0000010,     -12.0000000,    0.827815
   66.0000010,      -8.0000001,    0.818809
   66.0000010,      -4.0000000,    0.852857
   66.0000010,       0.0000000,    0.830602
   66.0000010,       4.0000000,    0.833434
   66.0000010,       8.0000001,    0.800002
   66.0000010,      12.0000000,    0.810604
   66.0000010,      16.0000000,    0.811433
   66.0000010,      20.0000000,    0.815420
   66.0000010,      24.0000000,    0.814143
   66.0000010,      28.0000000,    0.760802
   66.0000010,      32.0000000,    0.733810
   66.0000010,      36.0000000,    0.712638
   66.0000010,      40.0000000,    0.737831
   66.0000010,      44.0000010,    0.748167
   66.0000010,      48.0000010,    0.709786
   66.0000010,      52.0000010,    0.694241
   66.0000010,      56.0000010,    0.662529
   66.0000010,      60.0000010,    0.660772
   66.0000010,      64.0000010,    0.617143
   66.0000010,      68.0000010,    0.585158
   66.0000010,      72.0000010,    0.574429
   66.0000010,      76.0000010,    0.556849
   66.0000010,      80.0000010,    0.574637
   66.0000010,      84.0000010,    0.566399
   66.0000010,      88.0000010,    0.587157
   70.0000010,     -88.0000010,    0.566571
   70.0000010,     -84.0000010,    0.606787
   70.0000010,     -80.0000010,    0.630232
   70.0000010,     -76.0000010,    0.644930
   70.0000010,     -72.0000010,    0.595857
   70.0000010,     -68.0000010,    0.632077
   70.0000010,     -64.0000010,    0.647134
   70.0000010,     -60.0000010,    0.644699
   70.0000010,     -56.0000010,    0.652054
   70.0000010,     -52.0000010,    0.645014
   70.0000010,     -48.0000010,    0.726017
   70.0000010,     -44.0000010,    0.705752
   70.0000010,     -40.0000000,    0.713807
   70.0000010,     -36.0000000,    0.668284
   70.0000010,     -32.0000000,    0.693645
   70.0000010,     -28.0000000,    0.742022
   70.0000010,     -24.0000000,    0.803912
   70.0000010,     -20.0000000,    0.844289
   70.0000010,     -16.0000000,    0.834160
   70.0000010,     -12.0000000,    0.830896
   70.0000010,      -8.0000001,    0.803232
   70.0000010,      -4.0000000,    0.839222
   70.0000010,       0.0000000,    0.868550
   70.0000010,       4.0000000,    0.901466
   70.0000010,       8.0000001,    0.881231
   70.0000010,      12.0000000,    0.840236
   70.0000010,      16.0000000,    0.819573
   70.0000010,      20.0000000,    0.784227
   70.0000010,      24.0000000,    0.788880
   70.0000010,      28.0000000,    0.744911
   70.0000010,      32.0000000,    0.739700
   70.0000010,      36.0000000,    0.748934
   70.0000010,      40.0000000,    0.782784
   70.0000010,      44.0000010,    0.783447
   70.0000010,      48.0000010,    0.713912
   70.0000010,      52.0000010,    0.647141
   70.0000010,      56.0000010,    0.631057
   70.0000010,      60.0000010,    0.628923
   70.0000010,      64.0000010,    0.616247
   70.0000010,      68.0000010,    0.579574
   70.0000010,      72.0000010,    0.577501
   70.0000010,      76.0000010,    0.551302
   70.0000010,      80.0000010,    0.560521
   70.0000010,      84.0000010,    0.571213
   70.0000010,      88.0000010,    0.611882
   74.0000010,     -88.0000010,    0.567853
   74.0000010,     -84.0000010,    0.604210
   74.0000010,     -80.0000010,    0.634966
   74.0000010,     -76.0000010,    0.617016
   74.0000010,     -72.0000010,    0.586036
   74.0000010,     -68.0000010,    0.606504
   74.0000010,     -64.0000010,    0.639160
   74.0000010,     -60.0000010,    0.637289
   74.0000010,     -56.0000010,    0.659235
   74.0000010,     -52.0000010,    0.667691
   74.0000010,     -48.0000010,    0.724464
   74.0000010,     -44.0000010,    0.680010
   74.0000010,     -40.0000000,    0.650013
   74.0000010,     -36.0000000,    0.629746
   74.0000010,     -32.0000000,    0.676834
   74.0000010,     -28.0000000,    0.778307
   74.0000010,     -24.0000000,    0.828129
   74.0000010,     -20.0000000,    0.850734
   74.0000010,     -16.0000000,    0.834827
   74.0000010,     -12.0000000,    0.845819
   74.0000010,      -8.0000001,    0.845634
   74.0000010,      -4.0000000,    0.852842
   74.0000010,       0.0000000,    0.858316
   74.0000010,       4.0000000,    0.862805
   74.0000010,       8.0000001,    0.842022
   74.0000010,      12.0000000,    0.794718
   74.0000010,      16.0000000,    0.785200
   74.0000010,      20.0000000,    0.769861
   74.0000010,      24.0000000,    0.782872
   74.0000010,      28.0000000,    0.738460
   74.0000010,      32.0000000,    0.731533
   74.0000010,      36.0000000,    0.764810
   74.0000010,      40.0000000,    0.801971
   74.0000010,      44.0000010,    0.783357
   74.0000010,      48.0000010,    0.720518
   74.0000010,      52.0000010,    0.650776
   74.0000010,      56.0000010,    0.630454
   74.0000010,      60.0000010,    0.596201
   74.0000010,      64.0000010,    0.595040
   74.0000010,      68.0000010,    0.573044
   74.0000010,      72.0000010,    0.592586
   74.0000010,      76.0000010,    0.569182
   74.0000010,      80.0000010,    0.569312
   74.0000010,      84.0000010,    0.584502
   74.0000010,      88.0000010,    0.635786
   78.0000010,     -88.0000010,    0.564551
   78.0000010,     -84.0000010,    0.609509
   78.0000010,     -80.0000010,    0.668116
   78.0000010,     -76.0000010,    0.645499
   78.0000010,     -72.0000010,    0.617063
   78.0000010,     -68.0000010,    0.611903
   78.0000010,     -64.0000010,    0.629830
   78.0000010,     -60.0000010,    0.629947
   78.0000010,     -56.0000010,    0.635493
   78.0000010,     -52.0000010,    0.661729
   78.0000010,     -48.0000010,    0.711728
   78.0000010,     -44.0000010,    0.690046
   78.0000010,     -40.0000000,    0.665255
   78.0000010,     -36.0000000,    0.670284
   78.0000010,     -32.0000000,    0.711259
   78.0000010,     -28.0000000,    0.799336
   78.0000010,     -24.0000000,    0.810861
   78.0000010,     -20.0000000,    0.846008
   78.0000010,     -16.0000000,    0.822770
   78.0000010,     -12.0000000,    0.845846
   78.0000010,      -8.0000001,    0.830991
   78.0000010,      -4.0000000,    0.827239
   78.0000010,       0.0000000,    0.828119
   78.0000010,       4.0000000,    0.842829
   78.0000010,       8.0000001,    0.838725
   78.0000010,      12.0000000,    0.788304
   78.0000010,      16.0000000,    0.757093
   78.0000010,      20.0000000,    0.734286
   78.0000010,      24.0000000,    0.760224
   78.0000010,      28.0000000,    0.751892
   78.0000010,      32.0000000,    0.752496
   78.0000010,      36.0000000,    0.750235
   78.0000010,      40.0000000,    0.755260
   78.0000010,      44.0000010,    0.750985
   78.0000010,      48.0000010,    0.729476
   78.0000010,      52.0000010,    0.692360
   78.0000010,      56.0000010,    0.645585
   78.0000010,      60.0000010,    0.591636
   78.0000010,      64.0000010,    0.595540
   78.0000010,      68.0000010,    0.599968
   78.0000010,      72.0000010,    0.620081
   78.0000010,      76.0000010,    0.581136
   78.0000010,      80.0000010,    0.571949
   78.0000010,      84.0000010,    0.603960
   78.0000010,      88.0000010,    0.654413
   82.0000010,     -88.0000010,    0.550845
   82.0000010,     -84.0000010,    0.592245
   82.0000010,     -80.0000010,    0.654933
   82.0000010,     -76.0000010,    0.651849
   82.0000010,     -72.0000010,    0.649232
   82.0000010,     -68.0000010,    0.632319
   82.0000010,     -64.0000010,    0.628372
   82.0000010,     -60.0000010,    0.618656
   82.0000010,     -56.0000010,    0.620753
   82.0000010,     -52.0000010,    0.654258
   82.0000010,     -48.0000010,    0.715282
   82.0000010,     -44.0000010,    0.728355
   82.0000010,     -40.0000000,    0.728706
   82.0000010,     -36.0000000,    0.744290
   82.0000010,     -32.0000000,    0.789482
   82.0000010,     -28.0000000,    0.827753
   82.0000010,     -24.0000000,    0.801454
   82.0000010,     -20.0000000,    0.818124
   82.0000010,     -16.0000000,    0.816537
   82.0000010,     -12.0000000,    0.873728
   82.0000010,      -8.0000001,    0.869676
   82.0000010,      -4.0000000,    0.860658
   82.0000010,       0.0000000,    0.809457
   82.0000010,       4.0000000,    0.769969
   82.0000010,       8.0000001,    0.729565
   82.0000010,      12.0000000,    0.712882
   82.0000010,      16.0000000,    0.706745
   82.0000010,      20.0000000,    0.724512
   82.0000010,      24.0000000,    0.749669
   82.0000010,      28.0000000,    0.753847
   82.0000010,      32.0000000,    0.741120
   82.0000010,      36.0000000,    0.720593
   82.0000010,      40.0000000,    0.692730
   82.0000010,      44.0000010,    0.717448
   82.0000010,      48.0000010,    0.720552
   82.0000010,      52.0000010,    0.731292
   82.0000010,      56.0000010,    0.667125
   82.0000010,      60.0000010,    0.613617
   82.0000010,      64.0000010,    0.601868
   82.0000010,      68.0000010,    0.607201
   82.0000010,      72.0000010,    0.620872
   82.0000010,      76.0000010,    0.606656
   82.0000010,      80.0000010,    0.595861
   82.0000010,      84.0000010,    0.624650
   82.0000010,      88.0000010,    0.655798
   86.0000010,     -88.0000010,    0.541048
   86.0000010,     -84.0000010,    0.574115
   86.0000010,     -80.0000010,    0.645941
   86.0000010,     -76.0000010,    0.653001
   86.0000010,     -72.0000010,    0.655983
   86.0000010,     -68.0000010,    0.626262
   86.0000010,     -64.0000010,    0.613918
   86.0000010,     -60.0000010,    0.629646
   86.0000010,     -56.0000010,    0.638563
   86.0000010,     -52.0000010,    0.677502
   86.0000010,     -48.0000010,    0.704531
   86.0000010,     -44.0000010,    0.728866
   86.0000010,     -40.0000000,    0.743568
   86.0000010,     -36.0000000,    0.763622
   86.0000010,     -32.0000000,    0.810549
   86.0000010,     -28.0000000,    0.809988
   86.0000010,     -24.0000000,    0.788166
   86.0000010,     -20.0000000,    0.801823
   86.0000010,     -16.0000000,    0.819716
   86.0000010,     -12.0000000,    0.882473
   86.0000010,      -8.0000001,    0.877358
   86.0000010,      -4.0000000,    0.860091
   86.0000010,       0.0000000,    0.805019
   86.0000010,       4.0000000,    0.763857
   86.0000010,       8.0000001,    0.749346
   86.0000010,      12.0000000,    0.768156
   86.0000010,      16.0000000,    0.747807
   86.0000010,      20.0000000,    0.762848
   86.0000010,      24.0000000,    0.744146
   86.0000010,      28.0000000,    0.756572
   86.0000010,      32.0000000,    0.754030
   86.0000010,      36.0000000,    0.734427
   86.0000010,      40.0000000,    0.698052
   86.0000010,      44.0000010,    0.674897
   86.0000010,      48.0000010,    0.684624
   86.0000010,      52.0000010,    0.691589
   86.0000010,      56.0000010,    0.662369
   86.0000010,      60.0000010,    0.608990
   86.0000010,      64.0000010,    0.619433
   86.0000010,      68.0000010,    0.604754
   86.0000010,      72.0000010,    0.613524
   86.0000010,      76.0000010,    0.588746
   86.0000010,      80.0000010,    0.589493
   86.0000010,      84.0000010,    0.621037
   86.0000010,      88.0000010,    0.644930
   90.0000010,     -88.0000010,    0.534350
   90.0000010,     -84.0000010,    0.548855
   90.0000010,     -80.0000010,    0.599678
   90.0000010,     -76.0000010,    0.613021
   90.0000010,     -72.0000010,    0.612443
   90.0000010,     -68.0000010,    0.588797
   90.0000010,     -64.0000010,    0.587946
   90.0000010,     -60.0000010,    0.635109
   90.0000010,     -56.0000010,    0.658283
   90.0000010,     -52.0000010,    0.695173
   90.0000010,     -48.0000010,    0.705437
   90.0000010,     -44.0000010,    0.721709
   90.0000010,     -40.0000000,    0.742265
   90.0000010,     -36.0000000,    0.754202
   90.0000010,     -32.0000000,    0.793163
   90.0000010,     -28.0000000,    0.771777
   90.0000010,     -24.0000000,    0.770835
   90.0000010,     -20.0000000,    0.787699
   90.0000010,     -16.0000000,    0.833051
   90.0000010,     -12.0000000,    0.849659
   90.0000010,      -8.0000001,    0.859082
   90.0000010,      -4.0000000,    0.818158
   90.0000010,       0.0000000,    0.795144
   90.0000010,       4.0000000,    0.747332
   90.0000010,       8.0000001,    0.752480
   90.0000010,      12.0000000,    0.795228
   90.0000010,      16.0000000,    0.798149
   90.0000010,      20.0000000,    0.841177
   90.0000010,      24.0000000,    0.812484
   90.0000010,      28.0000000,    0.804551
   90.0000010,      32.0000000,    0.778786
   90.0000010,      36.0000000,    0.762672
   90.0000010,      40.0000000,    0.711823
   90.0000010,      44.0000010,    0.666908
   90.0000010,      48.0000010,    0.667626
   90.0000010,      52.0000010,    0.671932
   90.0000010,      56.0000010,    0.671542
   90.0000010,      60.0000010,    0.613749
   90.0000010,      64.0000010,    0.631502
   90.0000010,      68.0000010,    0.587659
   90.0000010,      72.0000010,    0.596302
   90.0000010,      76.0000010,    0.572927
   90.0000010,      80.0000010,    0.584805
   90.0000010,      84.0000010,    0.601344
   90.0000010,      88.0000010,    0.616452
   94.0000010,     -88.0000010,    0.556849
   94.0000010,     -84.0000010,    0.554700
   94.0000010,     -80.0000010,    0.603817
   94.0000010,     -76.0000010,    0.603403
   94.0000010,     -72.0000010,    0.589449
   94.0000010,     -68.0000010,    0.537063
   94.0000010,     -64.0000010,    0.556647
   94.0000010,     -60.0000010,    0.615312
   94.0000010,     -56.0000010,    0.660553
   94.0000010,     -52.0000010,    0.691685
   94.0000010,     -48.0000010,    0.700747
   94.0000010,     -44.0000010,    0.723202
   94.0000010,     -40.0000000,    0.742285
   94.0000010,     -36.0000000,    0.757874
   94.0000010,     -32.0000000,    0.775169
   94.0000010,     -28.0000000,    0.797767
   94.0000010,     -24.0000000,    0.808146
   94.0000010,     -20.0000000,    0.820266
   94.0000010,     -16.0000000,    0.848337
   94.0000010,     -12.0000000,    0.850086
   94.0000010,      -8.0000001,    0.833712
   94.0000010,      -4.0000000,    0.786366
   94.0000010,       0.0000000,    0.756354
   94.0000010,       4.0000000,    0.729183
   94.0000010,       8.0000001,    0.718427
   94.0000010,      12.0000000,    0.762115
   94.0000010,      16.0000000,    0.787213
   94.0000010,      20.0000000,    0.830959
   94.0000010,      24.0000000,    0.800229
   94.0000010,      28.0000000,    0.786256
   94.0000010,      32.0000000,    0.763338
   94.0000010,      36.0000000,    0.758104
   94.0000010,      40.0000000,    0.717228
   94.0000010,      44.0000010,    0.657093
   94.0000010,      48.0000010,    0.661690
   94.0000010,      52.0000010,    0.666066
   94.0000010,      56.0000010,    0.680559
   94.0000010,      60.0000010,    0.612216
   94.0000010,      64.0000010,    0.628135
   94.0000010,      68.0000010,    0.580067
   94.0000010,      72.0000010,    0.596600
   94.0000010,      76.0000010,    0.573785
   94.0000010,      80.0000010,    0.596828
   94.0000010,      84.0000010,    0.597415
   94.0000010,      88.0000010,    0.589820
   98.0000010,     -88.0000010,    0.592878
   98.0000010,     -84.0000010,    0.591349
   98.0000010,     -80.0000010,    0.608023
   98.0000010,     -76.0000010,    0.577544
   98.0000010,     -72.0000010,    0.556286
   98.0000010,     -68.0000010,    0.526873
   98.0000010,     -64.0000010,    0.559410
   98.0000010,     -60.0000010,    0.606974
   98.0000010,     -56.0000010,    0.639769
   98.0000010,     -52.0000010,    0.658574
   98.0000010,     -48.0000010,    0.683255
   98.0000010,     -44.0000010,    0.725754
   98.0000010,     -40.0000000,    0.759574
   98.0000010,     -36.0000000,    0.779146
   98.0000010,     -32.0000000,    0.787934
   98.0000010,     -28.0000000,    0.817787
   98.0000010,     -24.0000000,    0.816635
   98.0000010,     -20.0000000,    0.833146
   98.0000010,     -16.0000000,    0.849223
   98.0000010,     -12.0000000,    0.831342
   98.0000010,      -8.0000001,    0.787171
   98.0000010,      -4.0000000,    0.763158
   98.0000010,       0.0000000,    0.760592
   98.0000010,       4.0000000,    0.764994
   98.0000010,       8.0000001,    0.736007
   98.0000010,      12.0000000,    0.754394
   98.0000010,      16.0000000,    0.798114
   98.0000010,      20.0000000,    0.827488
   98.0000010,      24.0000000,    0.815947
   98.0000010,      28.0000000,    0.778281
   98.0000010,      32.0000000,    0.763291
   98.0000010,      36.0000000,    0.731165
   98.0000010,      40.0000000,    0.690250
   98.0000010,      44.0000010,    0.632595
   98.0000010,      48.0000010,    0.654289
   98.0000010,      52.0000010,    0.669075
   98.0000010,      56.0000010,    0.697026
   98.0000010,      60.0000010,    0.639253
   98.0000010,      64.0000010,    0.631951
   98.0000010,      68.0000010,    0.573674
   98.0000010,      72.0000010,    0.580205
   98.0000010,      76.0000010,    0.590453
   98.0000010,      80.0000010,    0.624671
   98.0000010,      84.0000010,    0.620031
   98.0000010,      88.0000010,    0.577038
  102.0000000,     -88.0000010,    0.607513
  102.0000000,     -84.0000010,    0.609092
  102.0000000,     -80.0000010,    0.621373
  102.0000000,     -76.0000010,    0.579831
  102.0000000,     -72.0000010,    0.580462
  102.0000000,     -68.0000010,    0.559153
  102.0000000,     -64.0000010,    0.598941
  102.0000000,     -60.0000010,    0.611611
  102.0000000,     -56.0000010,    0.660426
  102.0000000,     -52.0000010,    0.676063
  102.0000000,     -48.0000010,    0.719680
  102.0000000,     -44.0000010,    0.745348
  102.0000000,     -40.0000000,    0.771895
  102.0000000,     -36.0000000,    0.791470
  102.0000000,     -32.0000000,    0.823154
  102.0000000,     -28.0000000,    0.874043
  102.0000000,     -24.0000000,    0.847885
  102.0000000,     -20.0000000,    0.814722
  102.0000000,     -16.0000000,    0.798382
  102.0000000,     -12.0000000,    0.826246
  102.0000000,      -8.0000001,    0.803881
  102.0000000,      -4.0000000,    0.799875
  102.0000000,       0.0000000,    0.768893
  102.0000000,       4.0000000,    0.779823
  102.0000000,       8.0000001,    0.751554
  102.0000000,      12.0000000,    0.741029
  102.0000000,      16.0000000,    0.748865
  102.0000000,      20.0000000,    0.735040
  102.0000000,      24.0000000,    0.716313
  102.0000000,      28.0000000,    0.705774
  102.0000000,      32.0000000,    0.712985
  102.0000000,      36.0000000,    0.707551
  102.0000000,      40.0000000,    0.694039
  102.0000000,      44.0000010,    0.648192
  102.0000000,      48.0000010,    0.678600
  102.0000000,      52.0000010,    0.666215
  102.0000000,      56.0000010,    0.673918
  102.0000000,      60.0000010,    0.615364
  102.0000000,      64.0000010,    0.612257
  102.0000000,      68.0000010,    0.577862
  102.0000000,      72.0000010,    0.609914
  102.0000000,      76.0000010,    0.646486
  102.0000000,      80.0000010,    0.677865
  102.0000000,      84.0000010,    0.659187
  102.0000000,      88.0000010,    0.601113
  106.0000000,     -88.0000010,    0.600006
  106.0000000,     -84.0000010,    0.604176
  106.0000000,     -80.0000010,    0.612644
  106.0000000,     -76.0000010,    0.602713
  106.0000000,     -72.0000010,    0.612732
  106.0000000,     -68.0000010,    0.613477
  106.0000000,     -64.0000010,    0.601306
  106.0000000,     -60.0000010,    0.608077
  106.0000000,     -56.0000010,    0.645720
  106.0000000,     -52.0000010,    0.704614
  106.0000000,     -48.0000010,    0.758826
  106.0000000,     -44.0000010,    0.761753
  106.0000000,     -40.0000000,    0.772736
  106.0000000,     -36.0000000,    0.781614
  106.0000000,     -32.0000000,    0.839037
  106.0000000,     -28.0000000,    0.864216
  106.0000000,     -24.0000000,    0.818601
  106.0000000,     -20.0000000,    0.776572
  106.0000000,     -16.0000000,    0.752722
  106.0000000,     -12.0000000,    0.801239
  106.0000000,      -8.0000001,    0.803536
  106.0000000,      -4.0000000,    0.795310
  106.0000000,       0.0000000,    0.771243
  106.0000000,       4.0000000,    0.771227
  106.0000000,       8.0000001,    0.790229
  106.0000000,      12.0000000,    0.783006
  106.0000000,      16.0000000,    0.786269
  106.0000000,      20.0000000,    0.750381
  106.0000000,      24.0000000,    0.711311
  106.0000000,      28.0000000,    0.699469
  106.0000000,      32.0000000,    0.715070
  106.0000000,      36.0000000,    0.741491
  106.0000000,      40.0000000,    0.717840
  106.0000000,      44.0000010,    0.653634
  106.0000000,      48.0000010,    0.648278
  106.0000000,      52.0000010,    0.633001
  106.0000000,      56.0000010,    0.652189
  106.0000000,      60.0000010,    0.613783
  106.0000000,      64.0000010,    0.619671
  106.0000000,      68.0000010,    0.582684
  106.0000000,      72.0000010,    0.598457
  106.0000000,      76.0000010,    0.624497
  106.0000000,      80.0000010,    0.671276
  106.0000000,      84.0000010,    0.670318
  106.0000000,      88.0000010,    0.632507
  110.0000000,     -88.0000010,    0.576489
  110.0000000,     -84.0000010,    0.585645
  110.0000000,     -80.0000010,    0.606547
  110.0000000,     -76.0000010,    0.636225
  110.0000000,     -72.0000010,    0.639740
  110.0000000,     -68.0000010,    0.633759
  110.0000000,     -64.0000010,    0.595668
  110.0000000,     -60.0000010,    0.604579
  110.0000000,     -56.0000010,    0.661371
  110.0000000,     -52.0000010,    0.733931
  110.0000000,     -48.0000010,    0.798041
  110.0000000,     -44.0000010,    0.793537
  110.0000000,     -40.0000000,    0.818437
  110.0000000,     -36.0000000,    0.839745
  110.0000000,     -32.0000000,    0.885463
  110.0000000,     -28.0000000,    0.887988
  110.0000000,     -24.0000000,    0.847977
  110.0000000,     -20.0000000,    0.807701
  110.0000000,     -16.0000000,    0.802703
  110.0000000,     -12.0000000,    0.828174
  110.0000000,      -8.0000001,    0.826896
  110.0000000,      -4.0000000,    0.767992
  110.0000000,       0.0000000,    0.735144
  110.0000000,       4.0000000,    0.725286
  110.0000000,       8.0000001,    0.768737
  110.0000000,      12.0000000,    0.757573
  110.0000000,      16.0000000,    0.754951
  110.0000000,      20.0000000,    0.716490
  110.0000000,      24.0000000,    0.695626
  110.0000000,      28.0000000,    0.698486
  110.0000000,      32.0000000,    0.696489
  110.0000000,      36.0000000,    0.723407
  110.0000000,      40.0000000,    0.716414
  110.0000000,      44.0000010,    0.688467
  110.0000000,      48.0000010,    0.682243
  110.0000000,      52.0000010,    0.632338
  110.0000000,      56.0000010,    0.617295
  110.0000000,      60.0000010,    0.603423
  110.0000000,      64.0000010,    0.647648
  110.0000000,      68.0000010,    0.655983
  110.0000000,      72.0000010,    0.650370
  110.0000000,      76.0000010,    0.628104
  110.0000000,      80.0000010,    0.648094
  110.0000000,      84.0000010,    0.644833
  110.0000000,      88.0000010,    0.643548
  114.0000000,     -88.0000010,    0.567405
  114.0000000,     -84.0000010,    0.570574
  114.0000000,     -80.0000010,    0.601827
  114.0000000,     -76.0000010,    0.636106
  114.0000000,     -72.0000010,    0.636196
  114.0000000,     -68.0000010,    0.626925
  114.0000000,     -64.0000010,    0.593673
  114.0000000,     -60.0000010,    0.608281
  114.0000000,     -56.0000010,    0.640473
  114.0000000,     -52.0000010,    0.721375
  114.0000000,     -48.0000010,    0.801788
  114.0000000,     -44.0000010,    0.831606
  114.0000000,     -40.0000000,    0.845158
  114.0000000,     -36.0000000,    0.851699
  114.0000000,     -32.0000000,    0.858978
  114.0000000,     -28.0000000,    0.848534
  114.0000000,     -24.0000000,    0.821017
  114.0000000,     -20.0000000,    0.797173
  114.0000000,     -16.0000000,    0.818552
  114.0000000,     -12.0000000,    0.845974
  114.0000000,      -8.0000001,    0.842136
  114.0000000,      -4.0000000,    0.765280
  114.0000000,       0.0000000,    0.727007
  114.0000000,       4.0000000,    0.741075
  114.0000000,       8.0000001,    0.786728
  114.0000000,      12.0000000,    0.768395
  114.0000000,      16.0000000,    0.776698
  114.0000000,      20.0000000,    0.758584
  114.0000000,      24.0000000,    0.771266
  114.0000000,      28.0000000,    0.746678
  114.0000000,      32.0000000,    0.692453
  114.0000000,      36.0000000,    0.688665
  114.0000000,      40.0000000,    0.672606
  114.0000000,      44.0000010,    0.693841
  114.0000000,      48.0000010,    0.672361
  114.0000000,      52.0000010,    0.611034
  114.0000000,      56.0000010,    0.601792
  114.0000000,      60.0000010,    0.604544
  114.0000000,      64.0000010,    0.677631
  114.0000000,      68.0000010,    0.685557
  114.0000000,      72.0000010,    0.660144
  114.0000000,      76.0000010,    0.618798
  114.0000000,      80.0000010,    0.624855
  114.0000000,      84.0000010,    0.637867
  114.0000000,      88.0000010,    0.648028
  118.0000000,     -88.0000010,    0.571705
  118.0000000,     -84.0000010,    0.577384
  118.0000000,     -80.0000010,    0.605356
  118.0000000,     -76.0000010,    0.624214
  118.0000000,     -72.0000010,    0.611335
  118.0000000,     -68.0000010,    0.604307
  118.0000000,     -64.0000010,    0.599315
  118.0000000,     -60.0000010,    0.628875
  118.0000000,     -56.0000010,    0.642471
  118.0000000,     -52.0000010,    0.690177
  118.0000000,     -48.0000010,    0.738190
  118.0000000,     -44.0000010,    0.776584
  118.0000000,     -40.0000000,    0.809994
  118.0000000,     -36.0000000,    0.844056
  118.0000000,     -32.0000000,    0.856982
  118.0000000,     -28.0000000,    0.839045
  118.0000000,     -24.0000000,    0.838405
  118.0000000,     -20.0000000,    0.807580
  118.0000000,     -16.0000000,    0.832889
  118.0000000,     -12.0000000,    0.825170
  118.0000000,      -8.0000001,    0.835295
  118.0000000,      -4.0000000,    0.774641
  118.0000000,       0.0000000,    0.752177
  118.0000000,       4.0000000,    0.769810
  118.0000000,       8.0000001,    0.814792
  118.0000000,      12.0000000,    0.777192
  118.0000000,      16.0000000,    0.782887
  118.0000000,      20.0000000,    0.756735
  118.0000000,      24.0000000,    0.769003
  118.0000000,      28.0000000,    0.739818
  118.0000000,      32.0000000,    0.678919
  118.0000000,      36.0000000,    0.653108
  118.0000000,      40.0000000,    0.642999
  118.0000000,      44.0000010,    0.674937
  118.0000000,      48.0000010,    0.694611
  118.0000000,      52.0000010,    0.631230
  118.0000000,      56.0000010,    0.619598
  118.0000000,      60.0000010,    0.608502
  118.0000000,      64.0000010,    0.665946
  118.0000000,      68.0000010,    0.670819
  118.0000000,      72.0000010,    0.649584
  118.0000000,      76.0000010,    0.621152
  118.0000000,      80.0000010,    0.622177
  118.0000000,      84.0000010,    0.636750
  118.0000000,      88.0000010,    0.646312
  122.0000000,     -88.0000010,    0.576793
  122.0000000,     -84.0000010,    0.577981
  122.0000000,     -80.0000010,    0.617155
  122.0000000,     -76.0000010,    0.638127
  122.0000000,     -72.0000010,    0.624173
  122.0000000,     -68.0000010,    0.608983
  122.0000000,     -64.0000010,    0.607629
  122.0000000,     -60.0000010,    0.643380
  122.0000000,     -56.0000010,    0.647060
  122.0000000,     -52.0000010,    0.685208
  122.0000000,     -48.0000010,    0.756477
  122.0000000,     -44.0000010,    0.800101
  122.0000000,     -40.0000000,    0.837941
  122.0000000,     -36.0000000,    0.838771
  122.0000000,     -32.0000000,    0.854750
  122.0000000,     -28.0000000,    0.845396
  122.0000000,     -24.0000000,    0.860588
  122.0000000,     -20.0000000,    0.824031
  122.0000000,     -16.0000000,    0.825867
  122.0000000,     -12.0000000,    0.815223
  122.0000000,      -8.0000001,    0.820878
  122.0000000,      -4.0000000,    0.793864
  122.0000000,       0.0000000,    0.774255
  122.0000000,       4.0000000,    0.798646
  122.0000000,       8.0000001,    0.808442
  122.0000000,      12.0000000,    0.765311
  122.0000000,      16.0000000,    0.757633
  122.0000000,      20.0000000,    0.728534
  122.0000000,      24.0000000,    0.719549
  122.0000000,      28.0000000,    0.692907
  122.0000000,      32.0000000,    0.648472
  122.0000000,      36.0000000,    0.640579
  122.0000000,      40.0000000,    0.621093
  122.0000000,      44.0000010,    0.642372
  122.0000000,      48.0000010,    0.649591
  122.0000000,      52.0000010,    0.641927
  122.0000000,      56.0000010,    0.656370
  122.0000000,      60.0000010,    0.622322
  122.0000000,      64.0000010,    0.621646
  122.0000000,      68.0000010,    0.590480
  122.0000000,      72.0000010,    0.614070
  122.0000000,      76.0000010,    0.609554
  122.0000000,      80.0000010,    0.628369
  122.0000000,      84.0000010,    0.640763
  122.0000000,      88.0000010,    0.655838
  126.0000000,     -88.0000010,    0.569226
  126.0000000,     -84.0000010,    0.567270
  126.0000000,     -80.0000010,    0.612804
  126.0000000,     -76.0000010,    0.639579
  126.0000000,     -72.0000010,    0.630590
  126.0000000,     -68.0000010,    0.612835
  126.0000000,     -64.0000010,    0.609005
  126.0000000,     -60.0000010,    0.645799
  126.0000000,     -56.0000010,    0.654516
  126.0000000,     -52.0000010,    0.680308
  126.0000000,     -48.0000010,    0.737748
  126.0000000,     -44.0000010,    0.772591
  126.0000000,     -40.0000000,    0.838073
  126.0000000,     -36.0000000,    0.829721
  126.0000000,     -32.0000000,    0.848075
  126.0000000,     -28.0000000,    0.841873
  126.0000000,     -24.0000000,    0.872194
  126.0000000,     -20.0000000,    0.869997
  126.0000000,     -16.0000000,    0.860817
  126.0000000,     -12.0000000,    0.834820
  126.0000000,      -8.0000001,    0.813655
  126.0000000,      -4.0000000,    0.789168
  126.0000000,       0.0000000,    0.779002
  126.0000000,       4.0000000,    0.787855
  126.0000000,       8.0000001,    0.786323
  126.0000000,      12.0000000,    0.756042
  126.0000000,      16.0000000,    0.737964
  126.0000000,      20.0000000,    0.705159
  126.0000000,      24.0000000,    0.677062
  126.0000000,      28.0000000,    0.663582
  126.0000000,      32.0000000,    0.659656
  126.0000000,      36.0000000,    0.657753
  126.0000000,      40.0000000,    0.641750
  126.0000000,      44.0000010,    0.609789
  126.0000000,      48.0000010,    0.646754
  126.0000000,      52.0000010,    0.655558
  126.0000000,      56.0000010,    0.664428
  126.0000000,      60.0000010,    0.597392
  126.0000000,      64.0000010,    0.566252
  126.0000000,      68.0000010,    0.539074
  126.0000000,      72.0000010,    0.556045
  126.0000000,      76.0000010,    0.576217
  126.0000000,      80.0000010,    0.620005
  126.0000000,      84.0000010,    0.654071
  126.0000000,      88.0000010,    0.658389
  130.0000000,     -88.0000010,    0.546884
  130.0000000,     -84.0000010,    0.571989
  130.0000000,     -80.0000010,    0.630449
  130.0000000,     -76.0000010,    0.650156
  130.0000000,     -72.0000010,    0.638389
  130.0000000,     -68.0000010,    0.644467
  130.0000000,     -64.0000010,    0.665035
  130.0000000,     -60.0000010,    0.702595
  130.0000000,     -56.0000010,    0.711030
  130.0000000,     -52.0000010,    0.739718
  130.0000000,     -48.0000010,    0.781054
  130.0000000,     -44.0000010,    0.810982
  130.0000000,     -40.0000000,    0.840986
  130.0000000,     -36.0000000,    0.837969
  130.0000000,     -32.0000000,    0.823448
  130.0000000,     -28.0000000,    0.831925
  130.0000000,     -24.0000000,    0.828338
  130.0000000,     -20.0000000,    0.842498
  130.0000000,     -16.0000000,    0.843909
  130.0000000,     -12.0000000,    0.840301
  130.0000000,      -8.0000001,    0.818854
  130.0000000,      -4.0000000,    0.768942
  130.0000000,       0.0000000,    0.768179
  130.0000000,       4.0000000,    0.755639
  130.0000000,       8.0000001,    0.758674
  130.0000000,      12.0000000,    0.741636
  130.0000000,      16.0000000,    0.732140
  130.0000000,      20.0000000,    0.700942
  130.0000000,      24.0000000,    0.685768
  130.0000000,      28.0000000,    0.688162
  130.0000000,      32.0000000,    0.715086
  130.0000000,      36.0000000,    0.689426
  130.0000000,      40.0000000,    0.645016
  130.0000000,      44.0000010,    0.615225
  130.0000000,      48.0000010,    0.630293
  130.0000000,      52.0000010,    0.652800
  130.0000000,      56.0000010,    0.630700
  130.0000000,      60.0000010,    0.571627
  130.0000000,      64.0000010,    0.536848
  130.0000000,      68.0000010,    0.507338
  130.0000000,      72.0000010,    0.543224
  130.0000000,      76.0000010,    0.565969
  130.0000000,      80.0000010,    0.616891
  130.0000000,      84.0000010,    0.648628
  130.0000000,      88.0000010,    0.668120
  134.0000000,     -88.0000010,    0.520352
  134.0000000,     -84.0000010,    0.566762
  134.0000000,     -80.0000010,    0.624038
  134.0000000,     -76.0000010,    0.633015
  134.0000000,     -72.0000010,    0.610515
  134.0000000,     -68.0000010,    0.626042
  134.0000000,     -64.0000010,    0.658738
  134.0000000,     -60.0000010,    0.730198
  134.0000000,     -56.0000010,    0.759082
  134.0000000,     -52.0000010,    0.772389
  134.0000000,     -48.0000010,    0.760536
  134.0000000,     -44.0000010,    0.781139
  134.0000000,     -40.0000000,    0.797816
  134.0000000,     -36.0000000,    0.804275
  134.0000000,     -32.0000000,    0.775902
  134.0000000,     -28.0000000,    0.786252
  134.0000000,     -24.0000000,    0.782557
  134.0000000,     -20.0000000,    0.787696
  134.0000000,     -16.0000000,    0.796528
  134.0000000,     -12.0000000,    0.789276
  134.0000000,      -8.0000001,    0.801928
  134.0000000,      -4.0000000,    0.777411
  134.0000000,       0.0000000,    0.803831
  134.0000000,       4.0000000,    0.770778
  134.0000000,       8.0000001,    0.787423
  134.0000000,      12.0000000,    0.763959
  134.0000000,      16.0000000,    0.762677
  134.0000000,      20.0000000,    0.735590
  134.0000000,      24.0000000,    0.738456
  134.0000000,      28.0000000,    0.745292
  134.0000000,      32.0000000,    0.726383
  134.0000000,      36.0000000,    0.687084
  134.0000000,      40.0000000,    0.636513
  134.0000000,      44.0000010,    0.639888
  134.0000000,      48.0000010,    0.654696
  134.0000000,      52.0000010,    0.668739
  134.0000000,      56.0000010,    0.630820
  134.0000000,      60.0000010,    0.586906
  134.0000000,      64.0000010,    0.556856
  134.0000000,      68.0000010,    0.523901
  134.0000000,      72.0000010,    0.526328
  134.0000000,      76.0000010,    0.558492
  134.0000000,      80.0000010,    0.605299
  134.0000000,      84.0000010,    0.643850
  134.0000000,      88.0000010,    0.651482
  138.0000000,     -88.0000010,    0.510239
  138.0000000,     -84.0000010,    0.576896
  138.0000000,     -80.0000010,    0.637082
  138.0000000,     -76.0000010,    0.663191
  138.0000000,     -72.0000010,    0.628935
  138.0000000,     -68.0000010,    0.641452
  138.0000000,     -64.0000010,    0.651483
  138.0000000,     -60.0000010,    0.732778
  138.0000000,     -56.0000010,    0.770602
  138.0000000,     -52.0000010,    0.792719
  138.0000000,     -48.0000010,    0.775353
  138.0000000,     -44.0000010,    0.802646
  138.0000000,     -40.0000000,    0.809819
  138.0000000,     -36.0000000,    0.827439
  138.0000000,     -32.0000000,    0.794342
  138.0000000,     -28.0000000,    0.784817
  138.0000000,     -24.0000000,    0.771127
  138.0000000,     -20.0000000,    0.734729
  138.0000000,     -16.0000000,    0.747140
  138.0000000,     -12.0000000,    0.749096
  138.0000000,      -8.0000001,    0.790292
  138.0000000,      -4.0000000,    0.797730
  138.0000000,       0.0000000,    0.813504
  138.0000000,       4.0000000,    0.794145
  138.0000000,       8.0000001,    0.789731
  138.0000000,      12.0000000,    0.771009
  138.0000000,      16.0000000,    0.767281
  138.0000000,      20.0000000,    0.758543
  138.0000000,      24.0000000,    0.771016
  138.0000000,      28.0000000,    0.769542
  138.0000000,      32.0000000,    0.721079
  138.0000000,      36.0000000,    0.663352
  138.0000000,      40.0000000,    0.628692
  138.0000000,      44.0000010,    0.658705
  138.0000000,      48.0000010,    0.670943
  138.0000000,      52.0000010,    0.666034
  138.0000000,      56.0000010,    0.642856
  138.0000000,      60.0000010,    0.618431
  138.0000000,      64.0000010,    0.609272
  138.0000000,      68.0000010,    0.547191
  138.0000000,      72.0000010,    0.567797
  138.0000000,      76.0000010,    0.584119
  138.0000000,      80.0000010,    0.637031
  138.0000000,      84.0000010,    0.632251
  138.0000000,      88.0000010,    0.637352
  142.0000000,     -88.0000010,    0.513162
  142.0000000,     -84.0000010,    0.569205
  142.0000000,     -80.0000010,    0.606231
  142.0000000,     -76.0000010,    0.629074
  142.0000000,     -72.0000010,    0.608198
  142.0000000,     -68.0000010,    0.624216
  142.0000000,     -64.0000010,    0.641013
  142.0000000,     -60.0000010,    0.706959
  142.0000000,     -56.0000010,    0.748566
  142.0000000,     -52.0000010,    0.767951
  142.0000000,     -48.0000010,    0.773186
  142.0000000,     -44.0000010,    0.815377
  142.0000000,     -40.0000000,    0.835146
  142.0000000,     -36.0000000,    0.833451
  142.0000000,     -32.0000000,    0.807127
  142.0000000,     -28.0000000,    0.778588
  142.0000000,     -24.0000000,    0.771178
  142.0000000,     -20.0000000,    0.727223
  142.0000000,     -16.0000000,    0.737690
  142.0000000,     -12.0000000,    0.741322
  142.0000000,      -8.0000001,    0.789415
  142.0000000,      -4.0000000,    0.824769
  142.0000000,       0.0000000,    0.830122
  142.0000000,       4.0000000,    0.807828
  142.0000000,       8.0000001,    0.772081
  142.0000000,      12.0000000,    0.748096
  142.0000000,      16.0000000,    0.732089
  142.0000000,      20.0000000,    0.750656
  142.0000000,      24.0000000,    0.769465
  142.0000000,      28.0000000,    0.775605
  142.0000000,      32.0000000,    0.683831
  142.0000000,      36.0000000,    0.641484
  142.0000000,      40.0000000,    0.631679
  142.0000000,      44.0000010,    0.679333
  142.0000000,      48.0000010,    0.666885
  142.0000000,      52.0000010,    0.655061
  142.0000000,      56.0000010,    0.652104
  142.0000000,      60.0000010,    0.650659
  142.0000000,      64.0000010,    0.632557
  142.0000000,      68.0000010,    0.583319
  142.0000000,      72.0000010,    0.586896
  142.0000000,      76.0000010,    0.602841
  142.0000000,      80.0000010,    0.643140
  142.0000000,      84.0000010,    0.646885
  142.0000000,      88.0000010,    0.640306
  146.0000000,     -88.0000010,    0.521867
  146.0000000,     -84.0000010,    0.568101
  146.0000000,     -80.0000010,    0.601110
  146.0000000,     -76.0000010,    0.637127
  146.0000000,     -72.0000010,    0.645765
  146.0000000,     -68.0000010,    0.680049
  146.0000000,     -64.0000010,    0.671179
  146.0000000,     -60.0000010,    0.704722
  146.0000000,     -56.0000010,    0.739152
  146.0000000,     -52.0000010,    0.802940
  146.0000000,     -48.0000010,    0.810217
  146.0000000,     -44.0000010,    0.822479
  146.0000000,     -40.0000000,    0.800056
  146.0000000,     -36.0000000,    0.814350
  146.0000000,     -32.0000000,    0.796795
  146.0000000,     -28.0000000,    0.782613
  146.0000000,     -24.0000000,    0.750947
  146.0000000,     -20.0000000,    0.728111
  146.0000000,     -16.0000000,    0.737522
  146.0000000,     -12.0000000,    0.747445
  146.0000000,      -8.0000001,    0.778685
  146.0000000,      -4.0000000,    0.801044
  146.0000000,       0.0000000,    0.797593
  146.0000000,       4.0000000,    0.792474
  146.0000000,       8.0000001,    0.766785
  146.0000000,      12.0000000,    0.782424
  146.0000000,      16.0000000,    0.769477
  146.0000000,      20.0000000,    0.773371
  146.0000000,      24.0000000,    0.769639
  146.0000000,      28.0000000,    0.746182
  146.0000000,      32.0000000,    0.694810
  146.0000000,      36.0000000,    0.655037
  146.0000000,      40.0000000,    0.665533
  146.0000000,      44.0000010,    0.682090
  146.0000000,      48.0000010,    0.656992
  146.0000000,      52.0000010,    0.645257
  146.0000000,      56.0000010,    0.647102
  146.0000000,      60.0000010,    0.662390
  146.0000000,      64.0000010,    0.635563
  146.0000000,      68.0000010,    0.588757
  146.0000000,      72.0000010,    0.592648
  146.0000000,      76.0000010,    0.593169
  146.0000000,      80.0000010,    0.648931
  146.0000000,      84.0000010,    0.646996
  146.0000000,      88.0000010,    0.660302
  150.0000000,     -88.0000010,    0.535153
  150.0000000,     -84.0000010,    0.590070
  150.0000000,     -80.0000010,    0.619527
  150.0000000,     -76.0000010,    0.645957
  150.0000000,     -72.0000010,    0.653071
  150.0000000,     -68.0000010,    0.687586
  150.0000000,     -64.0000010,    0.670286
  150.0000000,     -60.0000010,    0.691069
  150.0000000,     -56.0000010,    0.728783
  150.0000000,     -52.0000010,    0.788032
  150.0000000,     -48.0000010,    0.825498
  150.0000000,     -44.0000010,    0.813450
  150.0000000,     -40.0000000,    0.800033
  150.0000000,     -36.0000000,    0.783903
  150.0000000,     -32.0000000,    0.807525
  150.0000000,     -28.0000000,    0.804452
  150.0000000,     -24.0000000,    0.767820
  150.0000000,     -20.0000000,    0.755762
  150.0000000,     -16.0000000,    0.763624
  150.0000000,     -12.0000000,    0.766345
  150.0000000,      -8.0000001,    0.769270
  150.0000000,      -4.0000000,    0.762749
  150.0000000,       0.0000000,    0.756702
  150.0000000,       4.0000000,    0.735620
  150.0000000,       8.0000001,    0.715924
  150.0000000,      12.0000000,    0.753505
  150.0000000,      16.0000000,    0.745599
  150.0000000,      20.0000000,    0.749051
  150.0000000,      24.0000000,    0.726308
  150.0000000,      28.0000000,    0.691620
  150.0000000,      32.0000000,    0.682795
  150.0000000,      36.0000000,    0.660418
  150.0000000,      40.0000000,    0.691045
  150.0000000,      44.0000010,    0.686428
  150.0000000,      48.0000010,    0.644972
  150.0000000,      52.0000010,    0.651191
  150.0000000,      56.0000010,    0.639823
  150.0000000,      60.0000010,    0.670727
  150.0000000,      64.0000010,    0.607424
  150.0000000,      68.0000010,    0.557982
  150.0000000,      72.0000010,    0.559111
  150.0000000,      76.0000010,    0.581558
  150.0000000,      80.0000010,    0.638146
  150.0000000,      84.0000010,    0.648841
  150.0000000,      88.0000010,    0.670321
  154.0000000,     -88.0000010,    0.534254
  154.0000000,     -84.0000010,    0.580246
  154.0000000,     -80.0000010,    0.616619
  154.0000000,     -76.0000010,    0.656114
  154.0000000,     -72.0000010,    0.689967
  154.0000000,     -68.0000010,    0.727189
  154.0000000,     -64.0000010,    0.670005
  154.0000000,     -60.0000010,    0.663624
  154.0000000,     -56.0000010,    0.703690
  154.0000000,     -52.0000010,    0.792433
  154.0000000,     -48.0000010,    0.847788
  154.0000000,     -44.0000010,    0.822931
  154.0000000,     -40.0000000,    0.815401
  154.0000000,     -36.0000000,    0.793068
  154.0000000,     -32.0000000,    0.816202
  154.0000000,     -28.0000000,    0.807594
  154.0000000,     -24.0000000,    0.780787
  154.0000000,     -20.0000000,    0.770741
  154.0000000,     -16.0000000,    0.773932
  154.0000000,     -12.0000000,    0.757527
  154.0000000,      -8.0000001,    0.742499
  154.0000000,      -4.0000000,    0.717768
  154.0000000,       0.0000000,    0.730490
  154.0000000,       4.0000000,    0.750275
  154.0000000,       8.0000001,    0.762724
  154.0000000,      12.0000000,    0.771401
  154.0000000,      16.0000000,    0.743193
  154.0000000,      20.0000000,    0.731704
  154.0000000,      24.0000000,    0.712824
  154.0000000,      28.0000000,    0.666568
  154.0000000,      32.0000000,    0.677440
  154.0000000,      36.0000000,    0.664281
  154.0000000,      40.0000000,    0.702554
  154.0000000,      44.0000010,    0.685885
  154.0000000,      48.0000010,    0.669943
  154.0000000,      52.0000010,    0.670015
  154.0000000,      56.0000010,    0.636537
  154.0000000,      60.0000010,    0.643247
  154.0000000,      64.0000010,    0.607875
  154.0000000,      68.0000010,    0.563952
  154.0000000,      72.0000010,    0.576655
  154.0000000,      76.0000010,    0.568655
  154.0000000,      80.0000010,    0.630739
  154.0000000,      84.0000010,    0.633616
  154.0000000,      88.0000010,    0.665440
  158.0000000,     -88.0000010,    0.532528
  158.0000000,     -84.0000010,    0.579237
  158.0000000,     -80.0000010,    0.618564
  158.0000000,     -76.0000010,    0.665509
  158.0000000,     -72.0000010,    0.720815
  158.0000000,     -68.0000010,    0.754614
  158.0000000,     -64.0000010,    0.713151
  158.0000000,     -60.0000010,    0.698567
  158.0000000,     -56.0000010,    0.712582
  158.0000000,     -52.0000010,    0.776720
  158.0000000,     -48.0000010,    0.809822
  158.0000000,     -44.0000010,    0.818805
  158.0000000,     -40.0000000,    0.822511
  158.0000000,     -36.0000000,    0.809914
  158.0000000,     -32.0000000,    0.836454
  158.0000000,     -28.0000000,    0.824057
  158.0000000,     -24.0000000,    0.779388
  158.0000000,     -20.0000000,    0.765988
  158.0000000,     -16.0000000,    0.748322
  158.0000000,     -12.0000000,    0.756322
  158.0000000,      -8.0000001,    0.717894
  158.0000000,      -4.0000000,    0.711188
  158.0000000,       0.0000000,    0.717457
  158.0000000,       4.0000000,    0.760042
  158.0000000,       8.0000001,    0.759765
  158.0000000,      12.0000000,    0.752371
  158.0000000,      16.0000000,    0.720177
  158.0000000,      20.0000000,    0.752280
  158.0000000,      24.0000000,    0.739347
  158.0000000,      28.0000000,    0.712871
  158.0000000,      32.0000000,    0.691195
  158.0000000,      36.0000000,    0.694031
  158.0000000,      40.0000000,    0.701713
  158.0000000,      44.0000010,    0.682145
  158.0000000,      48.0000010,    0.650143
  158.0000000,      52.0000010,    0.635045
  158.0000000,      56.0000010,    0.610430
  158.0000000,      60.0000010,    0.609602
  158.0000000,      64.0000010,    0.585353
  158.0000000,      68.0000010,    0.555044
  158.0000000,      72.0000010,    0.557594
  158.0000000,      76.0000010,    0.569378
  158.0000000,      80.0000010,    0.615581
  158.0000000,      84.0000010,    0.644791
  158.0000000,      88.0000010,    0.668892
  162.0000000,     -88.0000010,    0.533283
  162.0000000,     -84.0000010,    0.547906
  162.0000000,     -80.0000010,    0.580936
  162.0000000,     -76.0000010,    0.630644
  162.0000000,     -72.0000010,    0.721045
  162.0000000,     -68.0000010,    0.769802
  162.0000000,     -64.0000010,    0.772467
  162.0000000,     -60.0000010,    0.778727
  162.0000000,     -56.0000010,    0.777660
  162.0000000,     -52.0000010,    0.840374
  162.0000000,     -48.0000010,    0.815802
  162.0000000,     -44.0000010,    0.878116
  162.0000000,     -40.0000000,    0.850218
  162.0000000,     -36.0000000,    0.881539
  162.0000000,     -32.0000000,    0.845765
  162.0000000,     -28.0000000,    0.826726
  162.0000000,     -24.0000000,    0.772462
  162.0000000,     -20.0000000,    0.745527
  162.0000000,     -16.0000000,    0.717340
  162.0000000,     -12.0000000,    0.714433
  162.0000000,      -8.0000001,    0.693233
  162.0000000,      -4.0000000,    0.701036
  162.0000000,       0.0000000,    0.713336
  162.0000000,       4.0000000,    0.767365
  162.0000000,       8.0000001,    0.769327
  162.0000000,      12.0000000,    0.763084
  162.0000000,      16.0000000,    0.733643
  162.0000000,      20.0000000,    0.770744
  162.0000000,      24.0000000,    0.758424
  162.0000000,      28.0000000,    0.762973
  162.0000000,      32.0000000,    0.717734
  162.0000000,      36.0000000,    0.729917
  162.0000000,      40.0000000,    0.691438
  162.0000000,      44.0000010,    0.691926
  162.0000000,      48.0000010,    0.655508
  162.0000000,      52.0000010,    0.626484
  162.0000000,      56.0000010,    0.596713
  162.0000000,      60.0000010,    0.564154
  162.0000000,      64.0000010,    0.569380
  162.0000000,      68.0000010,    0.563784
  162.0000000,      72.0000010,    0.574390
  162.0000000,      76.0000010,    0.590981
  162.0000000,      80.0000010,    0.619960
  162.0000000,      84.0000010,    0.663314
  162.0000000,      88.0000010,    0.672503
  166.0000000,     -88.0000010,    0.547279
  166.0000000,     -84.0000010,    0.539379
  166.0000000,     -80.0000010,    0.576508
  166.0000000,     -76.0000010,    0.615729
  166.0000000,     -72.0000010,    0.704132
  166.0000000,     -68.0000010,    0.724546
  166.0000000,     -64.0000010,    0.753777
  166.0000000,     -60.0000010,    0.794560
  166.0000000,     -56.0000010,    0.830289
  166.0000000,     -52.0000010,    0.881427
  166.0000000,     -48.0000010,    0.848486
  166.0000000,     -44.0000010,    0.884020
  166.0000000,     -40.0000000,    0.840218
  166.0000000,     -36.0000000,    0.883276
  166.0000000,     -32.0000000,    0.873442
  166.0000000,     -28.0000000,    0.862042
  166.0000000,     -24.0000000,    0.785971
  166.0000000,     -20.0000000,    0.753514
  166.0000000,     -16.0000000,    0.745723
  166.0000000,     -12.0000000,    0.739260
  166.0000000,      -8.0000001,    0.702586
  166.0000000,      -4.0000000,    0.693968
  166.0000000,       0.0000000,    0.696213
  166.0000000,       4.0000000,    0.733878
  166.0000000,       8.0000001,    0.744965
  166.0000000,      12.0000000,    0.757600
  166.0000000,      16.0000000,    0.747161
  166.0000000,      20.0000000,    0.775948
  166.0000000,      24.0000000,    0.750506
  166.0000000,      28.0000000,    0.733609
  166.0000000,      32.0000000,    0.678370
  166.0000000,      36.0000000,    0.697312
  166.0000000,      40.0000000,    0.678227
  166.0000000,      44.0000010,    0.683136
  166.0000000,      48.0000010,    0.668808
  166.0000000,      52.0000010,    0.645765
  166.0000000,      56.0000010,    0.631621
  166.0000000,      60.0000010,    0.619908
  166.0000000,      64.0000010,    0.601678
  166.0000000,      68.0000010,    0.579634
  166.0000000,      72.0000010,    0.537467
  166.0000000,      76.0000010,    0.561876
  166.0000000,      80.0000010,    0.579696
  166.0000000,      84.0000010,    0.629365
  166.0000000,      88.0000010,    0.643860
  170.0000000,     -88.0000010,    0.567304
  170.0000000,     -84.0000010,    0.539852
  170.0000000,     -80.0000010,    0.582614
  170.0000000,     -76.0000010,    0.607975
  170.0000000,     -72.0000010,    0.670907
  170.0000000,     -68.0000010,    0.676478
  170.0000000,     -64.0000010,    0.698725
  170.0000000,     -60.0000010,    0.757245
  170.0000000,     -56.0000010,    0.807872
  170.0000000,     -52.0000010,    0.871771
  170.0000000,     -48.0000010,    0.883758
  170.0000000,     -44.0000010,    0.906623
  170.0000000,     -40.0000000,    0.883488
  170.0000000,     -36.0000000,    0.916610
  170.0000000,     -32.0000000,    0.896929
  170.0000000,     -28.0000000,    0.881628
  170.0000000,     -24.0000000,    0.820931
  170.0000000,     -20.0000000,    0.771630
  170.0000000,     -16.0000000,    0.771987
  170.0000000,     -12.0000000,    0.739189
  170.0000000,      -8.0000001,    0.739718
  170.0000000,      -4.0000000,    0.702722
  170.0000000,       0.0000000,    0.698084
  170.0000000,       4.0000000,    0.687067
  170.0000000,       8.0000001,    0.697694
  170.0000000,      12.0000000,    0.704817
  170.0000000,      16.0000000,    0.724238
  170.0000000,      20.0000000,    0.720108
  170.0000000,      24.0000000,    0.699339
  170.0000000,      28.0000000,    0.667045
  170.0000000,      32.0000000,    0.679118
  170.0000000,      36.0000000,    0.696547
  170.0000000,      40.0000000,    0.714426
  170.0000000,      44.0000010,    0.692715
  170.0000000,      48.0000010,    0.701021
  170.0000000,      52.0000010,    0.663141
  170.0000000,      56.0000010,    0.649609
  170.0000000,      60.0000010,    0.604365
  170.0000000,      64.0000010,    0.599804
  170.0000000,      68.0000010,    0.581706
  170.0000000,      72.0000010,    0.566635
  170.0000000,      76.0000010,    0.582945
  170.0000000,      80.0000010,    0.580379
  170.0000000,      84.0000010,    0.612664
  170.0000000,      88.0000010,    0.616466
  174.0000000,     -88.0000010,    0.578727
  174.0000000,     -84.0000010,    0.557178
  174.0000000,     -80.0000010,    0.568648
  174.0000000,     -76.0000010,    0.583647
  174.0000000,     -72.0000010,    0.615878
  174.0000000,     -68.0000010,    0.630446
  174.0000000,     -64.0000010,    0.664800
  174.0000000,     -60.0000010,    0.724515
  174.0000000,     -56.0000010,    0.796449
  174.0000000,     -52.0000010,    0.831565
  174.0000000,     -48.0000010,    0.870303
  174.0000000,     -44.0000010,    0.847319
  174.0000000,     -40.0000000,    0.866484
  174.0000000,     -36.0000000,    0.893453
  174.0000000,     -32.0000000,    0.913620
  174.0000000,     -28.0000000,    0.894086
  174.0000000,     -24.0000000,    0.813839
  174.0000000,     -20.0000000,    0.769931
  174.0000000,     -16.0000000,    0.765478
  174.0000000,     -12.0000000,    0.748698
  174.0000000,      -8.0000001,    0.758877
  174.0000000,      -4.0000000,    0.716156
  174.0000000,       0.0000000,    0.722387
  174.0000000,       4.0000000,    0.693543
  174.0000000,       8.0000001,    0.725585
  174.0000000,      12.0000000,    0.710290
  174.0000000,      16.0000000,    0.727380
  174.0000000,      20.0000000,    0.726016
  174.0000000,      24.0000000,    0.738789
  174.0000000,      28.0000000,    0.703191
  174.0000000,      32.0000000,    0.689668
  174.0000000,      36.0000000,    0.668335
  174.0000000,      40.0000000,    0.690405
  174.0000000,      44.0000010,    0.664813
  174.0000000,      48.0000010,    0.692414
  174.0000000,      52.0000010,    0.675613
  174.0000000,      56.0000010,    0.667583
  174.0000000,      60.0000010,    0.643997
  174.0000000,      64.0000010,    0.635835
  174.0000000,      68.0000010,    0.599386
  174.0000000,      72.0000010,    0.578036
  174.0000000,      76.0000010,    0.567435
  174.0000000,      80.0000010,    0.585342
  174.0000000,      84.0000010,    0.594523
  174.0000000,      88.0000010,    0.607238
  178.0000000,     -88.0000010,    0.586885
  178.0000000,     -84.0000010,    0.574285
  178.0000000,     -80.0000010,    0.552219
  178.0000000,     -76.0000010,    0.565684
  178.0000000,     -72.0000010,    0.579808
  178.0000000,     -68.0000010,    0.619769
  178.0000000,     -64.0000010,    0.680301
  178.0000000,     -60.0000010,    0.738566
  178.0000000,     -56.0000010,    0.796294
  178.0000000,     -52.0000010,    0.785837
  178.0000000,     -48.0000010,    0.822108
  178.0000000,     -44.0000010,    0.819302
  178.0000000,     -40.0000000,    0.884746
  178.0000000,     -36.0000000,    0.923555
  178.0000000,     -32.0000000,    0.939152
  178.0000000,     -28.0000000,    0.918042
  178.0000000,     -24.0000000,    0.821326
  178.0000000,     -20.0000000,    0.759021
  178.0000000,     -16.0000000,    0.722336
  178.0000000,     -12.0000000,    0.722702
  178.0000000,      -8.0000001,    0.773398
  178.0000000,      -4.0000000,    0.757034
  178.0000000,       0.0000000,    0.762732
  178.0000000,       4.0000000,    0.719788
  178.0000000,       8.0000001,    0.731095
  178.0000000,      12.0000000,    0.717891
  178.0000000,      16.0000000,    0.722031
  178.0000000,      20.0000000,    0.750101
  178.0000000,      24.0000000,    0.792906
  178.0000000,      28.0000000,    0.797029
  178.0000000,      32.0000000,    0.752244
  178.0000000,      36.0000000,    0.687295
  178.0000000,      40.0000000,    0.664331
  178.0000000,      44.0000010,    0.645022
  178.0000000,      48.0000010,    0.673667
  178.0000000,      52.0000010,    0.667958
  178.0000000,      56.0000010,    0.650298
  178.0000000,      60.0000010,    0.610619
  178.0000000,      64.0000010,    0.610987
  178.0000000,      68.0000010,    0.579721
  178.0000000,      72.0000010,    0.603438
  178.0000000,      76.0000010,    0.604736
  178.0000000,      80.0000010,    0.640701
  178.0000000,      84.0000010,    0.627581
  178.0000000,      88.0000010,    0.620890
